global_step,global_decision_step,approx_global_env_frame_step,episode,episode_decision_steps,episode_approx_env_frame_steps,episode_ext_reward,episode_int_reward,episode_total_reward,episode_final_x_pos,episode_max_x_pos,episode_mean_x_pos,visited_bins,episode_timeout,train_total_timesteps,train_max_episode_steps,frame_skip
197,197,788,0,197,788,569.0,0.0,569.0,665,665,437.6345177664975,14,0,1000000,3000,4
332,332,1328,1,135,540,586.0,0.0,586.0,670,670,317.6740740740741,14,0,1000000,3000,4
537,537,2148,2,205,820,742.0,0.0,742.0,838,838,518.9121951219512,17,0,1000000,3000,4
686,686,2744,3,149,596,633.0,0.0,633.0,717,722,506.6040268456376,15,0,1000000,3000,4
819,819,3276,4,133,532,588.0,0.0,588.0,670,670,363.16541353383457,14,0,1000000,3000,4
1214,1214,4856,5,395,1580,1806.0,0.0,1806.0,1941,1941,989.7012658227848,39,0,1000000,3000,4
1255,1255,5020,6,41,164,243.0,0.0,243.0,309,309,131.6341463414634,7,0,1000000,3000,4
1605,1605,6420,7,350,1400,1277.0,0.0,1277.0,1403,1403,772.1257142857143,29,0,1000000,3000,4
1771,1771,7084,8,166,664,608.0,0.0,608.0,698,698,430.3072289156627,14,0,1000000,3000,4
1812,1812,7248,9,41,164,231.0,0.0,231.0,296,296,159.21951219512195,6,0,1000000,3000,4
1912,1912,7648,10,100,400,603.0,0.0,603.0,680,680,285.68,14,0,1000000,3000,4
2040,2040,8160,11,128,512,589.0,0.0,589.0,671,671,373.828125,14,0,1000000,3000,4
2179,2179,8716,12,139,556,816.0,0.0,816.0,898,899,555.3812949640288,18,0,1000000,3000,4
2225,2225,8900,13,46,184,238.0,0.0,238.0,305,305,133.04347826086956,7,0,1000000,3000,4
2486,2486,9944,14,261,1044,1026.0,0.0,1026.0,1135,1135,668.8735632183908,23,0,1000000,3000,4
2626,2626,10504,15,140,560,639.0,0.0,639.0,721,723,525.6857142857143,15,0,1000000,3000,4
2796,2796,11184,16,170,680,633.0,0.0,633.0,721,722,465.2705882352941,15,0,1000000,3000,4
3062,3062,12248,17,266,1064,790.0,0.0,790.0,898,899,628.5075187969925,18,0,1000000,3000,4
3244,3244,12976,18,182,728,743.0,0.0,743.0,837,837,510.96153846153845,17,0,1000000,3000,4
3365,3365,13460,19,121,484,613.0,0.0,613.0,695,695,340.3388429752066,14,0,1000000,3000,4
3519,3519,14076,20,154,616,600.0,0.0,600.0,688,688,481.4415584415584,14,0,1000000,3000,4
4199,4199,16796,21,680,2720,1221.0,0.0,1221.0,1411,1411,794.4779411764706,29,0,1000000,3000,4
4671,4671,18684,22,472,1888,694.0,0.0,694.0,844,844,646.0677966101695,17,0,1000000,3000,4
5182,5182,20728,23,511,2044,974.0,0.0,974.0,1131,1131,719.160469667319,23,0,1000000,3000,4
5226,5226,20904,24,44,176,227.0,0.0,227.0,292,292,154.8181818181818,6,0,1000000,3000,4
5508,5508,22032,25,282,1128,1295.0,0.0,1295.0,1408,1408,732.7021276595744,29,0,1000000,3000,4
5538,5538,22152,26,30,120,246.0,0.0,246.0,309,309,160.83333333333334,7,0,1000000,3000,4
5884,5884,23536,27,346,1384,1313.0,0.0,1313.0,1440,1440,705.7543352601156,29,0,1000000,3000,4
7066,7066,28264,28,1182,4728,833.0,0.0,833.0,1124,1124,807.1006768189509,23,0,1000000,3000,4
7110,7110,28440,29,44,176,236.0,0.0,236.0,301,301,137.20454545454547,7,0,1000000,3000,4
7273,7273,29092,30,163,652,600.0,0.0,600.0,689,689,465.63803680981596,14,0,1000000,3000,4
7331,7331,29324,31,58,232,192.0,0.0,192.0,260,260,156.6206896551724,6,0,1000000,3000,4
7367,7367,29468,32,36,144,238.0,0.0,238.0,301,301,158.94444444444446,7,0,1000000,3000,4
8116,8116,32464,33,749,2996,1584.0,0.0,1584.0,1790,1790,869.9265687583445,36,0,1000000,3000,4
8322,8322,33288,34,206,824,760.0,0.0,760.0,859,859,532.4902912621359,18,0,1000000,3000,4
8550,8550,34200,35,228,912,712.0,0.0,712.0,813,813,567.5657894736842,17,0,1000000,3000,4
8669,8669,34676,36,119,476,592.0,0.0,592.0,673,673,371.33613445378154,14,0,1000000,3000,4
8818,8818,35272,37,149,596,638.0,0.0,638.0,722,723,496.496644295302,15,0,1000000,3000,4
8859,8859,35436,38,41,164,246.0,0.0,246.0,312,312,128.29268292682926,7,0,1000000,3000,4
9004,9004,36016,39,145,580,639.0,0.0,639.0,722,722,483.151724137931,15,0,1000000,3000,4
9043,9043,36172,40,39,156,228.0,0.0,228.0,292,292,166.92307692307693,6,0,1000000,3000,4
9192,9192,36768,41,149,596,638.0,0.0,638.0,722,722,510.496644295302,15,0,1000000,3000,4
9228,9228,36912,42,36,144,248.0,0.0,248.0,313,313,147.19444444444446,7,0,1000000,3000,4
9270,9270,37080,43,42,168,227.0,0.0,227.0,293,293,167.52380952380952,6,0,1000000,3000,4
9483,9483,37932,44,213,852,583.0,0.0,583.0,682,682,497.05164319248826,14,0,1000000,3000,4
9514,9514,38056,45,31,124,247.0,0.0,247.0,311,311,150.32258064516128,7,0,1000000,3000,4
9626,9626,38504,46,112,448,608.0,0.0,608.0,688,688,385.16964285714283,14,0,1000000,3000,4
9664,9664,38656,47,38,152,239.0,0.0,239.0,304,304,157.10526315789474,7,0,1000000,3000,4
9698,9698,38792,48,34,136,243.0,0.0,243.0,307,307,161.64705882352942,7,0,1000000,3000,4
9789,9789,39156,49,91,364,618.0,0.0,618.0,694,694,324.65934065934067,14,0,1000000,3000,4
9860,9860,39440,50,71,284,653.0,0.0,653.0,722,722,390.2957746478873,15,0,1000000,3000,4
9974,9974,39896,51,114,456,604.0,0.0,604.0,684,684,403.9561403508772,14,0,1000000,3000,4
10004,10004,40016,52,30,120,253.0,0.0,253.0,316,316,158.26666666666668,7,0,1000000,3000,4
10219,10219,40876,53,215,860,1333.0,0.0,1333.0,1433,1433,708.2511627906977,29,0,1000000,3000,4
10256,10256,41024,54,37,148,233.0,0.0,233.0,298,298,169.21621621621622,6,0,1000000,3000,4
10340,10340,41360,55,84,336,619.0,0.0,619.0,693,693,391.85714285714283,14,0,1000000,3000,4
10660,10660,42640,56,320,1280,1311.0,0.0,1311.0,1432,1432,761.79375,29,0,1000000,3000,4
10873,10873,43492,57,213,852,1055.0,0.0,1055.0,1155,1155,636.1784037558685,24,0,1000000,3000,4
10913,10913,43652,58,40,160,231.0,0.0,231.0,297,297,157.825,6,0,1000000,3000,4
11072,11072,44288,59,159,636,763.0,0.0,763.0,850,850,535.7924528301887,18,0,1000000,3000,4
11116,11116,44464,60,44,176,223.0,0.0,223.0,289,289,161.77272727272728,6,0,1000000,3000,4
11351,11351,45404,61,235,940,701.0,0.0,701.0,803,803,574.5872340425532,17,0,1000000,3000,4
11441,11441,45764,62,90,360,613.0,0.0,613.0,689,689,347.1222222222222,14,0,1000000,3000,4
11668,11668,46672,63,227,908,1024.0,0.0,1024.0,1124,1124,665.920704845815,23,0,1000000,3000,4
11758,11758,47032,64,90,360,630.0,0.0,630.0,706,706,373.9,15,0,1000000,3000,4
11789,11789,47156,65,31,124,250.0,0.0,250.0,314,314,156.32258064516128,7,0,1000000,3000,4
11822,11822,47288,66,33,132,246.0,0.0,246.0,310,310,148.06060606060606,7,0,1000000,3000,4
11910,11910,47640,67,88,352,636.0,0.0,636.0,710,710,357.9318181818182,15,0,1000000,3000,4
12136,12136,48544,68,226,904,1029.0,0.0,1029.0,1130,1130,658.4557522123894,23,0,1000000,3000,4
12307,12307,49228,69,171,684,709.0,0.0,709.0,800,800,504.280701754386,17,0,1000000,3000,4
12467,12467,49868,70,160,640,635.0,0.0,635.0,722,723,475.46875,15,0,1000000,3000,4
12727,12727,50908,71,260,1040,1308.0,0.0,1308.0,1414,1414,771.9346153846154,29,0,1000000,3000,4
13274,13274,53096,72,547,2188,647.0,0.0,647.0,812,812,646.2248628884827,17,0,1000000,3000,4
13312,13312,53248,73,38,152,234.0,0.0,234.0,299,299,158.55263157894737,6,0,1000000,3000,4
13342,13342,53368,74,30,120,247.0,0.0,247.0,311,311,155.76666666666668,7,0,1000000,3000,4
13382,13382,53528,75,40,160,237.0,0.0,237.0,302,302,145.05,7,0,1000000,3000,4
13420,13420,53680,76,38,152,247.0,0.0,247.0,312,312,141.6578947368421,7,0,1000000,3000,4
14152,14152,56608,77,732,2928,631.0,0.0,631.0,834,834,657.6489071038251,17,0,1000000,3000,4
14311,14311,57244,78,159,636,636.0,0.0,636.0,722,722,453.6477987421384,15,0,1000000,3000,4
14803,14803,59212,79,492,1968,745.0,0.0,745.0,898,898,632.339430894309,18,0,1000000,3000,4
14910,14910,59640,80,107,428,630.0,0.0,630.0,704,722,381.9906542056075,15,0,1000000,3000,4
15108,15108,60432,81,198,792,733.0,0.0,733.0,828,828,494.95959595959596,17,0,1000000,3000,4
15149,15149,60596,82,41,164,229.0,0.0,229.0,294,294,152.9512195121951,6,0,1000000,3000,4
15197,15197,60788,83,48,192,214.0,0.0,214.0,280,280,166.64583333333334,6,0,1000000,3000,4
15370,15370,61480,84,173,692,1036.0,0.0,1036.0,1126,1126,556.9421965317919,23,0,1000000,3000,4
15663,15663,62652,85,293,1172,1012.0,0.0,1012.0,1126,1126,651.5870307167236,23,0,1000000,3000,4
16018,16018,64072,86,355,1420,1299.0,0.0,1299.0,1427,1427,792.4929577464789,29,0,1000000,3000,4
16231,16231,64924,87,213,852,1335.0,0.0,1335.0,1435,1435,738.7746478873239,29,0,1000000,3000,4
16438,16438,65752,88,207,828,802.0,0.0,802.0,898,898,560.8792270531401,18,0,1000000,3000,4
16712,16712,66848,89,274,1096,1301.0,0.0,1301.0,1410,1410,720.8321167883212,29,0,1000000,3000,4
16754,16754,67016,90,42,168,245.0,0.0,245.0,311,311,128.0952380952381,7,0,1000000,3000,4
16889,16889,67556,91,135,540,560.0,0.0,560.0,642,642,392.0888888888889,13,0,1000000,3000,4
16944,16944,67776,92,55,220,224.0,0.0,224.0,291,291,142.07272727272726,6,0,1000000,3000,4
16991,16991,67964,93,47,188,217.0,0.0,217.0,283,283,170.17021276595744,6,0,1000000,3000,4
17045,17045,68180,94,54,216,203.0,0.0,203.0,270,270,167.12962962962962,6,0,1000000,3000,4
17482,17482,69928,95,437,1748,701.0,0.0,701.0,845,845,580.3066361556064,17,0,1000000,3000,4
17525,17525,70100,96,43,172,230.0,0.0,230.0,295,295,152.41860465116278,6,0,1000000,3000,4
17634,17634,70536,97,109,436,596.0,0.0,596.0,673,673,381.39449541284404,14,0,1000000,3000,4
17932,17932,71728,98,298,1192,784.0,0.0,784.0,898,898,588.8557046979865,18,0,1000000,3000,4
17974,17974,71896,99,42,168,241.0,0.0,241.0,306,306,141.11904761904762,7,0,1000000,3000,4
18015,18015,72060,100,41,164,231.0,0.0,231.0,295,295,157.34146341463415,6,0,1000000,3000,4
18182,18182,72728,101,167,668,634.0,0.0,634.0,722,723,481.62874251497004,15,0,1000000,3000,4
18883,18883,75532,102,701,2804,928.0,0.0,928.0,1123,1123,750.4293865905848,23,0,1000000,3000,4
18917,18917,75668,103,34,136,251.0,0.0,251.0,315,315,151.7058823529412,7,0,1000000,3000,4
19019,19019,76076,104,102,408,623.0,0.0,623.0,699,699,354.96078431372547,14,0,1000000,3000,4
19355,19355,77420,105,336,1344,1821.0,0.0,1821.0,1945,1945,938.7738095238095,39,0,1000000,3000,4
19712,19712,78848,106,357,1428,772.0,0.0,772.0,898,898,624.4117647058823,18,0,1000000,3000,4
19749,19749,78996,107,37,148,243.0,0.0,243.0,307,307,152.97297297297297,7,0,1000000,3000,4
19917,19917,79668,108,168,672,634.0,0.0,634.0,722,723,489.6666666666667,15,0,1000000,3000,4
20005,20005,80020,109,88,352,613.0,0.0,613.0,688,688,324.71590909090907,14,0,1000000,3000,4
20326,20326,81304,110,321,1284,745.0,0.0,745.0,866,866,602.8504672897196,18,0,1000000,3000,4
20432,20432,81728,111,106,424,635.0,0.0,635.0,714,714,353.33962264150944,15,0,1000000,3000,4
20473,20473,81892,112,41,164,231.0,0.0,231.0,296,296,160.70731707317074,6,0,1000000,3000,4
20629,20629,82516,113,156,624,636.0,0.0,636.0,722,722,478.6666666666667,15,0,1000000,3000,4
20737,20737,82948,114,108,432,596.0,0.0,596.0,674,674,388.287037037037,14,0,1000000,3000,4
20775,20775,83100,115,38,152,240.0,0.0,240.0,303,303,155.23684210526315,7,0,1000000,3000,4
20816,20816,83264,116,41,164,232.0,0.0,232.0,297,297,158.609756097561,6,0,1000000,3000,4
21256,21256,85024,117,440,1760,985.0,0.0,985.0,1127,1127,705.4886363636364,23,0,1000000,3000,4
21300,21300,85200,118,44,176,234.0,0.0,234.0,299,299,151.6590909090909,6,0,1000000,3000,4
21343,21343,85372,119,43,172,228.0,0.0,228.0,293,293,157.90697674418604,6,0,1000000,3000,4
21504,21504,86016,120,161,644,620.0,0.0,620.0,709,709,455.3478260869565,15,0,1000000,3000,4
21749,21749,86996,121,245,980,1033.0,0.0,1033.0,1138,1138,612.6244897959184,23,0,1000000,3000,4
21796,21796,87184,122,47,188,223.0,0.0,223.0,288,288,160.4468085106383,6,0,1000000,3000,4
21838,21838,87352,123,42,168,232.0,0.0,232.0,298,298,156.78571428571428,6,0,1000000,3000,4
22353,22353,89412,124,515,2060,1272.0,0.0,1272.0,1432,1432,776.0970873786408,29,0,1000000,3000,4
22570,22570,90280,125,217,868,1026.0,0.0,1026.0,1124,1124,639.852534562212,23,0,1000000,3000,4
22678,22678,90712,126,108,432,609.0,0.0,609.0,687,687,361.50925925925924,14,0,1000000,3000,4
22778,22778,91112,127,100,400,617.0,0.0,617.0,693,693,330.98,14,0,1000000,3000,4
22820,22820,91280,128,42,168,217.0,0.0,217.0,281,281,171.3095238095238,6,0,1000000,3000,4
22868,22868,91472,129,48,192,225.0,0.0,225.0,291,291,151.8125,6,0,1000000,3000,4
22903,22903,91612,130,35,140,246.0,0.0,246.0,309,309,146.0,7,0,1000000,3000,4
23220,23220,92880,131,317,1268,731.0,0.0,731.0,850,850,611.1640378548896,18,0,1000000,3000,4
23323,23323,93292,132,103,412,613.0,0.0,613.0,690,690,360.66990291262135,14,0,1000000,3000,4
23357,23357,93428,133,34,136,250.0,0.0,250.0,314,314,149.08823529411765,7,0,1000000,3000,4
23511,23511,94044,134,154,616,1042.0,0.0,1042.0,1128,1128,598.9025974025974,23,0,1000000,3000,4
23592,23592,94368,135,81,324,634.0,0.0,634.0,707,707,345.39506172839504,15,0,1000000,3000,4
23708,23708,94832,136,116,464,594.0,0.0,594.0,674,674,389.4051724137931,14,0,1000000,3000,4
23833,23833,95332,137,125,500,598.0,0.0,598.0,679,679,346.808,14,0,1000000,3000,4
23940,23940,95760,138,107,428,621.0,0.0,621.0,698,698,347.9252336448598,14,0,1000000,3000,4
24047,24047,96188,139,107,428,616.0,0.0,616.0,694,694,373.10280373831773,14,0,1000000,3000,4
24288,24288,97152,140,241,964,1025.0,0.0,1025.0,1129,1129,650.9087136929461,23,0,1000000,3000,4
24408,24408,97632,141,120,480,616.0,0.0,616.0,698,698,367.6333333333333,14,0,1000000,3000,4
24562,24562,98248,142,154,616,637.0,0.0,637.0,722,723,504.038961038961,15,0,1000000,3000,4
24603,24603,98412,143,41,164,229.0,0.0,229.0,294,294,160.14634146341464,6,0,1000000,3000,4
24713,24713,98852,144,110,440,615.0,0.0,615.0,693,693,394.74545454545455,14,0,1000000,3000,4
25107,25107,100428,145,394,1576,1287.0,0.0,1287.0,1422,1422,759.5989847715736,29,0,1000000,3000,4
25147,25147,100588,146,40,160,233.0,0.0,233.0,297,297,158.625,6,0,1000000,3000,4
25308,25308,101232,147,161,644,1036.0,0.0,1036.0,1124,1124,602.223602484472,23,0,1000000,3000,4
25341,25341,101364,148,33,132,250.0,0.0,250.0,313,313,148.8181818181818,7,0,1000000,3000,4
25382,25382,101528,149,41,164,223.0,0.0,223.0,288,288,163.17073170731706,6,0,1000000,3000,4
25476,25476,101904,150,94,376,617.0,0.0,617.0,692,692,340.47872340425533,14,0,1000000,3000,4
25563,25563,102252,151,87,348,625.0,0.0,625.0,699,699,376.4597701149425,14,0,1000000,3000,4
25659,25659,102636,152,96,384,608.0,0.0,608.0,685,685,343.25,14,0,1000000,3000,4
25848,25848,103392,153,189,756,1321.0,0.0,1321.0,1414,1414,746.7089947089947,29,0,1000000,3000,4
26211,26211,104844,154,363,1452,1000.0,0.0,1000.0,1129,1129,688.6997245179064,23,0,1000000,3000,4
26364,26364,105456,155,153,612,607.0,0.0,607.0,695,695,443.06535947712416,14,0,1000000,3000,4
26403,26403,105612,156,39,156,233.0,0.0,233.0,297,297,167.07692307692307,6,0,1000000,3000,4
26566,26566,106264,157,163,652,635.0,0.0,635.0,722,723,488.1411042944785,15,0,1000000,3000,4
26607,26607,106428,158,41,164,236.0,0.0,236.0,302,302,148.78048780487805,7,0,1000000,3000,4
26712,26712,106848,159,105,420,621.0,0.0,621.0,699,699,380.8666666666667,14,0,1000000,3000,4
26876,26876,107504,160,164,656,1318.0,0.0,1318.0,1407,1407,701.6341463414634,29,0,1000000,3000,4
27309,27309,109236,161,433,1732,1875.0,0.0,1875.0,2018,2018,902.7043879907621,41,0,1000000,3000,4
27419,27419,109676,162,110,440,594.0,0.0,594.0,672,672,396.06363636363636,14,0,1000000,3000,4
27457,27457,109828,163,38,152,236.0,0.0,236.0,301,301,158.55263157894737,7,0,1000000,3000,4
27562,27562,110248,164,105,420,606.0,0.0,606.0,684,684,372.5047619047619,14,0,1000000,3000,4
27598,27598,110392,165,36,144,243.0,0.0,243.0,307,307,156.44444444444446,7,0,1000000,3000,4
27868,27868,111472,166,270,1080,1303.0,0.0,1303.0,1413,1413,754.5851851851852,29,0,1000000,3000,4
27971,27971,111884,167,103,412,612.0,0.0,612.0,690,690,381.94174757281553,14,0,1000000,3000,4
28192,28192,112768,168,221,884,1416.0,0.0,1416.0,1518,1518,746.9819004524887,31,0,1000000,3000,4
28287,28287,113148,169,95,380,648.0,0.0,648.0,722,722,328.0842105263158,15,0,1000000,3000,4
28324,28324,113296,170,37,148,243.0,0.0,243.0,307,307,155.72972972972974,7,0,1000000,3000,4
28365,28365,113460,171,41,164,235.0,0.0,235.0,301,301,148.58536585365854,7,0,1000000,3000,4
28457,28457,113828,172,92,368,612.0,0.0,612.0,686,686,398.05434782608694,14,0,1000000,3000,4
28498,28498,113992,173,41,164,232.0,0.0,232.0,297,297,157.3170731707317,6,0,1000000,3000,4
28538,28538,114152,174,40,160,229.0,0.0,229.0,293,293,159.375,6,0,1000000,3000,4
28577,28577,114308,175,39,156,235.0,0.0,235.0,299,299,156.66666666666666,6,0,1000000,3000,4
28805,28805,115220,176,228,912,1036.0,0.0,1036.0,1138,1138,607.4429824561404,23,0,1000000,3000,4
28898,28898,115592,177,93,372,616.0,0.0,616.0,690,690,386.78494623655916,14,0,1000000,3000,4
28993,28993,115972,178,95,380,612.0,0.0,612.0,688,688,377.7263157894737,14,0,1000000,3000,4
29028,29028,116112,179,35,140,245.0,0.0,245.0,308,308,161.65714285714284,7,0,1000000,3000,4
29073,29073,116292,180,45,180,216.0,0.0,216.0,281,281,173.8,6,0,1000000,3000,4
29117,29117,116468,181,44,176,231.0,0.0,231.0,296,296,150.61363636363637,6,0,1000000,3000,4
29152,29152,116608,182,35,140,247.0,0.0,247.0,310,310,148.4,7,0,1000000,3000,4
29318,29318,117272,183,166,664,733.0,0.0,733.0,824,824,476.5,17,0,1000000,3000,4
29352,29352,117408,184,34,136,237.0,0.0,237.0,301,301,163.47058823529412,7,0,1000000,3000,4
29583,29583,118332,185,231,924,1021.0,0.0,1021.0,1123,1123,591.1341991341991,23,0,1000000,3000,4
29790,29790,119160,186,207,828,1029.0,0.0,1029.0,1126,1126,631.7729468599034,23,0,1000000,3000,4
29829,29829,119316,187,39,156,242.0,0.0,242.0,307,307,148.43589743589743,7,0,1000000,3000,4
29865,29865,119460,188,36,144,234.0,0.0,234.0,298,298,172.19444444444446,6,0,1000000,3000,4
29958,29958,119832,189,93,372,613.0,0.0,613.0,688,688,387.8279569892473,14,0,1000000,3000,4
29990,29990,119960,190,32,128,247.0,0.0,247.0,311,311,150.65625,7,0,1000000,3000,4
30020,30020,120080,191,30,120,251.0,0.0,251.0,313,313,157.53333333333333,7,0,1000000,3000,4
30051,30051,120204,192,31,124,248.0,0.0,248.0,312,312,156.4516129032258,7,0,1000000,3000,4
30137,30137,120548,193,86,344,607.0,0.0,607.0,682,682,338.5,14,0,1000000,3000,4
30307,30307,121228,194,170,680,810.0,0.0,810.0,898,898,589.6647058823529,18,0,1000000,3000,4
30345,30345,121380,195,38,152,235.0,0.0,235.0,300,300,156.92105263157896,7,0,1000000,3000,4
30579,30579,122316,196,234,936,797.0,0.0,797.0,898,899,668.5683760683761,18,0,1000000,3000,4
30667,30667,122668,197,88,352,630.0,0.0,630.0,705,705,378.5568181818182,15,0,1000000,3000,4
30698,30698,122792,198,31,124,247.0,0.0,247.0,311,311,152.03225806451613,7,0,1000000,3000,4
30910,30910,123640,199,212,848,1328.0,0.0,1328.0,1428,1428,708.8301886792453,29,0,1000000,3000,4
31155,31155,124620,200,245,980,1034.0,0.0,1034.0,1139,1139,646.3061224489796,23,0,1000000,3000,4
31187,31187,124748,201,32,128,248.0,0.0,248.0,312,312,148.0625,7,0,1000000,3000,4
31384,31384,125536,202,197,788,1132.0,0.0,1132.0,1228,1228,665.4467005076142,25,0,1000000,3000,4
31417,31417,125668,203,33,132,243.0,0.0,243.0,306,306,163.0909090909091,7,0,1000000,3000,4
31450,31450,125800,204,33,132,242.0,0.0,242.0,306,306,162.5151515151515,7,0,1000000,3000,4
31483,31483,125932,205,33,132,251.0,0.0,251.0,315,315,147.8181818181818,7,0,1000000,3000,4
31746,31746,126984,206,263,1052,1323.0,0.0,1323.0,1433,1433,715.2813688212927,29,0,1000000,3000,4
31792,31792,127168,207,46,184,222.0,0.0,222.0,288,288,166.19565217391303,6,0,1000000,3000,4
31901,31901,127604,208,109,436,601.0,0.0,601.0,679,679,389.39449541284404,14,0,1000000,3000,4
32155,32155,128620,209,254,1016,1558.0,0.0,1558.0,1665,1665,794.9566929133858,34,0,1000000,3000,4
32442,32442,129768,210,287,1148,1832.0,0.0,1832.0,1946,1946,957.0662020905924,39,0,1000000,3000,4
32498,32498,129992,211,56,224,219.0,0.0,219.0,287,287,145.01785714285714,6,0,1000000,3000,4
32698,32698,130792,212,200,800,1038.0,0.0,1038.0,1133,1133,593.105,23,0,1000000,3000,4
32730,32730,130920,213,32,128,238.0,0.0,238.0,302,302,167.34375,7,0,1000000,3000,4
32771,32771,131084,214,41,164,230.0,0.0,230.0,295,295,161.73170731707316,6,0,1000000,3000,4
32929,32929,131716,215,158,632,760.0,0.0,760.0,848,848,521.4050632911392,17,0,1000000,3000,4
33011,33011,132044,216,82,328,608.0,0.0,608.0,682,682,314.8170731707317,14,0,1000000,3000,4
33196,33196,132784,217,185,740,1340.0,0.0,1340.0,1434,1434,667.2810810810811,29,0,1000000,3000,4
33232,33232,132928,218,36,144,236.0,0.0,236.0,300,300,160.5,7,0,1000000,3000,4
33441,33441,133764,219,209,836,701.0,0.0,701.0,798,798,546.1818181818181,16,0,1000000,3000,4
33474,33474,133896,220,33,132,239.0,0.0,239.0,302,302,166.03030303030303,7,0,1000000,3000,4
33720,33720,134880,221,246,984,748.0,0.0,748.0,854,854,606.739837398374,18,0,1000000,3000,4
33831,33831,135324,222,111,444,608.0,0.0,608.0,687,687,403.6216216216216,14,0,1000000,3000,4
33872,33872,135488,223,41,164,234.0,0.0,234.0,299,299,157.1219512195122,6,0,1000000,3000,4
33954,33954,135816,224,82,328,624.0,0.0,624.0,696,696,349.5243902439024,14,0,1000000,3000,4
34141,34141,136564,225,187,748,1134.0,0.0,1134.0,1228,1228,704.3475935828877,25,0,1000000,3000,4
34317,34317,137268,226,176,704,732.0,0.0,732.0,824,824,494.375,17,0,1000000,3000,4
34351,34351,137404,227,34,136,244.0,0.0,244.0,308,308,162.73529411764707,7,0,1000000,3000,4
34615,34615,138460,228,264,1056,1017.0,0.0,1017.0,1125,1125,692.6628787878788,23,0,1000000,3000,4
34782,34782,139128,229,167,668,810.0,0.0,810.0,898,900,523.1077844311377,19,0,1000000,3000,4
34909,34909,139636,230,127,508,746.0,0.0,746.0,828,828,482.01574803149606,17,0,1000000,3000,4
35080,35080,140320,231,171,684,1036.0,0.0,1036.0,1126,1126,600.8713450292398,23,0,1000000,3000,4
35115,35115,140460,232,35,140,236.0,0.0,236.0,298,298,165.54285714285714,6,0,1000000,3000,4
35156,35156,140624,233,41,164,230.0,0.0,230.0,295,295,168.7560975609756,6,0,1000000,3000,4
35319,35319,141276,234,163,652,773.0,0.0,773.0,862,862,535.079754601227,18,0,1000000,3000,4
35518,35518,142072,235,199,796,1042.0,0.0,1042.0,1137,1137,639.9798994974874,23,0,1000000,3000,4
35614,35614,142456,236,96,384,610.0,0.0,610.0,687,687,384.2291666666667,14,0,1000000,3000,4
35874,35874,143496,237,260,1040,1310.0,0.0,1310.0,1417,1417,751.6,29,0,1000000,3000,4
36026,36026,144104,238,152,608,637.0,0.0,637.0,722,724,477.875,15,0,1000000,3000,4
36758,36758,147032,239,732,2928,921.0,0.0,921.0,1122,1122,742.9084699453551,23,0,1000000,3000,4
36863,36863,147452,240,105,420,622.0,0.0,622.0,698,698,394.32380952380953,14,0,1000000,3000,4
37188,37188,148752,241,325,1300,1003.0,0.0,1003.0,1123,1123,692.363076923077,23,0,1000000,3000,4
37297,37297,149188,242,109,436,603.0,0.0,603.0,680,680,382.54128440366975,14,0,1000000,3000,4
37339,37339,149356,243,42,168,231.0,0.0,231.0,295,295,162.1904761904762,6,0,1000000,3000,4
37611,37611,150444,244,272,1088,789.0,0.0,789.0,898,898,631.5772058823529,18,0,1000000,3000,4
38254,38254,153016,245,643,2572,952.0,0.0,952.0,1137,1137,708.2550544323484,23,0,1000000,3000,4
38302,38302,153208,246,48,192,229.0,0.0,229.0,295,295,147.89583333333334,6,0,1000000,3000,4
38824,38824,155296,247,522,2088,1083.0,0.0,1083.0,1244,1244,717.1053639846743,25,0,1000000,3000,4
38956,38956,155824,248,132,528,622.0,0.0,622.0,704,704,321.00757575757575,15,0,1000000,3000,4
39407,39407,157628,249,451,1804,753.0,0.0,753.0,898,898,660.849223946785,18,0,1000000,3000,4
39442,39442,157768,250,35,140,243.0,0.0,243.0,307,307,152.82857142857142,7,0,1000000,3000,4
39589,39589,158356,251,147,588,638.0,0.0,638.0,722,722,507.98639455782313,15,0,1000000,3000,4
39636,39636,158544,252,47,188,205.0,0.0,205.0,270,270,173.3404255319149,6,0,1000000,3000,4
39974,39974,159896,253,338,1352,1014.0,0.0,1014.0,1138,1138,705.6005917159763,23,0,1000000,3000,4
40015,40015,160060,254,41,164,232.0,0.0,232.0,296,296,157.1219512195122,6,0,1000000,3000,4
40122,40122,160488,255,107,428,617.0,0.0,617.0,695,695,366.29906542056074,14,0,1000000,3000,4
40473,40473,161892,256,351,1404,1884.0,0.0,1884.0,2010,2010,974.2478632478633,41,0,1000000,3000,4
40570,40570,162280,257,97,388,630.0,0.0,630.0,705,705,343.3917525773196,15,0,1000000,3000,4
40672,40672,162688,258,102,408,625.0,0.0,625.0,701,701,369.7843137254902,15,0,1000000,3000,4
40895,40895,163580,259,223,892,1026.0,0.0,1026.0,1126,1126,630.9865470852018,23,0,1000000,3000,4
40936,40936,163744,260,41,164,231.0,0.0,231.0,295,295,162.6829268292683,6,0,1000000,3000,4
41041,41041,164164,261,105,420,602.0,0.0,602.0,679,679,389.2857142857143,14,0,1000000,3000,4
41079,41079,164316,262,38,152,236.0,0.0,236.0,300,300,163.10526315789474,7,0,1000000,3000,4
41231,41231,164924,263,152,608,716.0,0.0,716.0,803,803,455.7236842105263,17,0,1000000,3000,4
41272,41272,165088,264,41,164,229.0,0.0,229.0,294,294,162.78048780487805,6,0,1000000,3000,4
41567,41567,166268,265,295,1180,1011.0,0.0,1011.0,1125,1125,636.2610169491526,23,0,1000000,3000,4
41676,41676,166704,266,109,436,598.0,0.0,598.0,676,676,377.56880733944956,14,0,1000000,3000,4
41717,41717,166868,267,41,164,234.0,0.0,234.0,300,300,147.09756097560975,7,0,1000000,3000,4
41868,41868,167472,268,151,604,716.0,0.0,716.0,804,804,449.4569536423841,17,0,1000000,3000,4
41900,41900,167600,269,32,128,247.0,0.0,247.0,310,310,146.15625,7,0,1000000,3000,4
41936,41936,167744,270,36,144,231.0,0.0,231.0,296,296,168.86111111111111,6,0,1000000,3000,4
41973,41973,167892,271,37,148,243.0,0.0,243.0,307,307,151.16216216216216,7,0,1000000,3000,4
42089,42089,168356,272,116,464,600.0,0.0,600.0,680,680,376.2931034482759,14,0,1000000,3000,4
42216,42216,168864,273,127,508,588.0,0.0,588.0,670,670,377.6456692913386,14,0,1000000,3000,4
42247,42247,168988,274,31,124,249.0,0.0,249.0,312,312,153.67741935483872,7,0,1000000,3000,4
42282,42282,169128,275,35,140,247.0,0.0,247.0,311,311,146.94285714285715,7,0,1000000,3000,4
42531,42531,170124,276,249,996,1320.0,0.0,1320.0,1427,1427,664.156626506024,29,0,1000000,3000,4
42889,42889,171556,277,358,1432,1528.0,0.0,1528.0,1656,1656,783.2067039106146,34,0,1000000,3000,4
42933,42933,171732,278,44,176,219.0,0.0,219.0,284,284,172.13636363636363,6,0,1000000,3000,4
42977,42977,171908,279,44,176,227.0,0.0,227.0,292,292,158.13636363636363,6,0,1000000,3000,4
43084,43084,172336,280,107,428,612.0,0.0,612.0,690,690,349.2803738317757,14,0,1000000,3000,4
43453,43453,173812,281,369,1476,2338.0,0.0,2338.0,2467,2467,1257.1869918699188,50,0,1000000,3000,4
43616,43616,174464,282,163,652,811.0,0.0,811.0,898,898,557.0,18,0,1000000,3000,4
43780,43780,175120,283,164,656,635.0,0.0,635.0,722,722,464.8414634146341,15,0,1000000,3000,4
44034,44034,176136,284,254,1016,1021.0,0.0,1021.0,1127,1127,668.2834645669292,23,0,1000000,3000,4
44076,44076,176304,285,42,168,232.0,0.0,232.0,297,297,153.02380952380952,6,0,1000000,3000,4
44306,44306,177224,286,230,920,726.0,0.0,726.0,828,828,597.0695652173913,17,0,1000000,3000,4
44876,44876,179504,287,570,2280,1502.0,0.0,1502.0,1674,1674,759.0526315789474,34,0,1000000,3000,4
45101,45101,180404,288,225,900,1038.0,0.0,1038.0,1139,1139,666.6488888888889,23,0,1000000,3000,4
45136,45136,180544,289,35,140,238.0,0.0,238.0,301,301,167.2,7,0,1000000,3000,4
45177,45177,180708,290,41,164,230.0,0.0,230.0,294,294,157.70731707317074,6,0,1000000,3000,4
45424,45424,181696,291,247,988,794.0,0.0,794.0,898,898,636.9473684210526,18,0,1000000,3000,4
45574,45574,182296,292,150,600,638.0,0.0,638.0,722,722,477.9,15,0,1000000,3000,4
45620,45620,182480,293,46,184,219.0,0.0,219.0,284,284,172.06521739130434,6,0,1000000,3000,4
45733,45733,182932,294,113,452,743.0,0.0,743.0,821,821,509.3008849557522,17,0,1000000,3000,4
45810,45810,183240,295,77,308,634.0,0.0,634.0,707,707,369.12987012987014,15,0,1000000,3000,4
45988,45988,183952,296,178,712,705.0,0.0,705.0,797,797,557.9157303370787,16,0,1000000,3000,4
46023,46023,184092,297,35,140,239.0,0.0,239.0,304,304,156.62857142857143,7,0,1000000,3000,4
46070,46070,184280,298,47,188,207.0,0.0,207.0,272,272,176.10638297872342,6,0,1000000,3000,4
46289,46289,185156,299,219,876,1317.0,0.0,1317.0,1416,1416,660.310502283105,29,0,1000000,3000,4
46382,46382,185528,300,93,372,605.0,0.0,605.0,680,680,337.1505376344086,14,0,1000000,3000,4
46462,46462,185848,301,80,320,607.0,0.0,607.0,681,681,325.625,14,0,1000000,3000,4
46504,46504,186016,302,42,168,239.0,0.0,239.0,304,304,145.95238095238096,7,0,1000000,3000,4
46597,46597,186388,303,93,372,632.0,0.0,632.0,708,708,354.80645161290323,15,0,1000000,3000,4
46823,46823,187292,304,226,904,1689.0,0.0,1689.0,1792,1792,899.141592920354,36,0,1000000,3000,4
47024,47024,188096,305,201,804,1041.0,0.0,1041.0,1138,1138,647.0995024875622,23,0,1000000,3000,4
47105,47105,188420,306,81,324,604.0,0.0,604.0,677,677,317.77777777777777,14,0,1000000,3000,4
47392,47392,189568,307,287,1148,1121.0,0.0,1121.0,1236,1236,700.1045296167248,25,0,1000000,3000,4
47500,47500,190000,308,108,432,602.0,0.0,602.0,679,679,383.1203703703704,14,0,1000000,3000,4
47542,47542,190168,309,42,168,236.0,0.0,236.0,302,302,156.47619047619048,7,0,1000000,3000,4
47651,47651,190604,310,109,436,608.0,0.0,608.0,686,686,389.45871559633025,14,0,1000000,3000,4
47905,47905,191620,311,254,1016,763.0,0.0,763.0,869,869,593.4212598425197,18,0,1000000,3000,4
48123,48123,192492,312,218,872,1051.0,0.0,1051.0,1152,1152,634.9174311926605,24,0,1000000,3000,4
48163,48163,192652,313,40,160,233.0,0.0,233.0,297,297,163.775,6,0,1000000,3000,4
48447,48447,193788,314,284,1136,701.0,0.0,701.0,813,813,612.0633802816901,17,0,1000000,3000,4
49064,49064,196256,315,617,2468,1828.0,0.0,1828.0,2008,2008,904.7714748784441,41,0,1000000,3000,4
49199,49199,196796,316,135,540,816.0,0.0,816.0,898,899,575.3851851851852,18,0,1000000,3000,4
49303,49303,197212,317,104,416,589.0,0.0,589.0,666,666,405.4326923076923,14,0,1000000,3000,4
49342,49342,197368,318,39,156,236.0,0.0,236.0,301,301,151.84615384615384,7,0,1000000,3000,4
49382,49382,197528,319,40,160,233.0,0.0,233.0,297,297,161.25,6,0,1000000,3000,4
49623,49623,198492,320,241,964,717.0,0.0,717.0,822,822,602.792531120332,17,0,1000000,3000,4
49927,49927,199708,321,304,1216,1318.0,0.0,1318.0,1436,1436,710.7730263157895,29,0,1000000,3000,4
50284,50284,201136,322,357,1428,999.0,0.0,999.0,1126,1126,649.5518207282913,23,0,1000000,3000,4
50321,50321,201284,323,37,148,240.0,0.0,240.0,304,304,153.21621621621622,7,0,1000000,3000,4
50523,50523,202092,324,202,808,1032.0,0.0,1032.0,1128,1128,648.3663366336634,23,0,1000000,3000,4
50610,50610,202440,325,87,348,619.0,0.0,619.0,693,693,389.5632183908046,14,0,1000000,3000,4
50760,50760,203040,326,150,600,725.0,0.0,725.0,812,812,487.12,17,0,1000000,3000,4
50895,50895,203580,327,135,540,719.0,0.0,719.0,802,802,527.4518518518519,17,0,1000000,3000,4
51051,51051,204204,328,156,624,812.0,0.0,812.0,898,898,562.5705128205128,18,0,1000000,3000,4
51320,51320,205280,329,269,1076,1675.0,0.0,1675.0,1785,1785,886.4386617100372,36,0,1000000,3000,4
51400,51400,205600,330,80,320,610.0,0.0,610.0,682,682,327.7625,14,0,1000000,3000,4
51430,51430,205720,331,30,120,249.0,0.0,249.0,312,312,155.36666666666667,7,0,1000000,3000,4
51579,51579,206316,332,149,596,1337.0,0.0,1337.0,1422,1422,706.0402684563759,29,0,1000000,3000,4
51842,51842,207368,333,263,1052,1328.0,0.0,1328.0,1438,1438,715.1216730038022,29,0,1000000,3000,4
51943,51943,207772,334,101,404,617.0,0.0,617.0,695,695,391.73267326732673,14,0,1000000,3000,4
51980,51980,207920,335,37,148,239.0,0.0,239.0,304,304,152.78378378378378,7,0,1000000,3000,4
52074,52074,208296,336,94,376,617.0,0.0,617.0,693,693,381.24468085106383,14,0,1000000,3000,4
52111,52111,208444,337,37,148,243.0,0.0,243.0,306,306,160.1081081081081,7,0,1000000,3000,4
52144,52144,208576,338,33,132,236.0,0.0,236.0,298,298,170.9090909090909,6,0,1000000,3000,4
52237,52237,208948,339,93,372,623.0,0.0,623.0,698,698,379.8494623655914,14,0,1000000,3000,4
52323,52323,209292,340,86,344,621.0,0.0,621.0,695,695,388.8488372093023,14,0,1000000,3000,4
52355,52355,209420,341,32,128,249.0,0.0,249.0,313,313,155.9375,7,0,1000000,3000,4
52511,52511,210044,342,156,624,812.0,0.0,812.0,898,898,556.724358974359,18,0,1000000,3000,4
52788,52788,211152,343,277,1108,1025.0,0.0,1025.0,1137,1137,720.3465703971119,23,0,1000000,3000,4
52892,52892,211568,344,104,416,604.0,0.0,604.0,680,680,395.90384615384613,14,0,1000000,3000,4
52926,52926,211704,345,34,136,249.0,0.0,249.0,312,312,151.97058823529412,7,0,1000000,3000,4
53117,53117,212468,346,191,764,1313.0,0.0,1313.0,1408,1408,737.6701570680628,29,0,1000000,3000,4
53157,53157,212628,347,40,160,240.0,0.0,240.0,304,304,153.35,7,0,1000000,3000,4
53398,53398,213592,348,241,964,1023.0,0.0,1023.0,1126,1126,655.6265560165975,23,0,1000000,3000,4
53432,53432,213728,349,34,136,249.0,0.0,249.0,312,312,144.85294117647058,7,0,1000000,3000,4
53586,53586,214344,350,154,616,637.0,0.0,637.0,722,722,477.9155844155844,15,0,1000000,3000,4
53625,53625,214500,351,39,156,231.0,0.0,231.0,295,295,163.71794871794873,6,0,1000000,3000,4
53768,53768,215072,352,143,572,585.0,0.0,585.0,670,670,455.3776223776224,14,0,1000000,3000,4
53881,53881,215524,353,113,452,604.0,0.0,604.0,682,682,401.86725663716817,14,0,1000000,3000,4
53922,53922,215688,354,41,164,231.0,0.0,231.0,295,295,157.58536585365854,6,0,1000000,3000,4
53963,53963,215852,355,41,164,231.0,0.0,231.0,297,297,155.5121951219512,6,0,1000000,3000,4
54222,54222,216888,356,259,1036,1022.0,0.0,1022.0,1130,1130,680.1660231660231,23,0,1000000,3000,4
54589,54589,218356,357,367,1468,1670.0,0.0,1670.0,1801,1801,820.3487738419618,37,0,1000000,3000,4
54622,54622,218488,358,33,132,249.0,0.0,249.0,313,313,152.93939393939394,7,0,1000000,3000,4
54662,54662,218648,359,40,160,230.0,0.0,230.0,295,295,158.875,6,0,1000000,3000,4
54834,54834,219336,360,172,688,1168.0,0.0,1168.0,1259,1259,653.5116279069767,26,0,1000000,3000,4
55037,55037,220148,361,203,812,1329.0,0.0,1329.0,1426,1426,676.9310344827586,29,0,1000000,3000,4
55290,55290,221160,362,253,1012,1024.0,0.0,1024.0,1130,1130,618.8221343873518,23,0,1000000,3000,4
55501,55501,222004,363,211,844,1339.0,0.0,1339.0,1439,1439,683.6824644549763,29,0,1000000,3000,4
55782,55782,223128,364,281,1124,1028.0,0.0,1028.0,1141,1141,685.3950177935943,23,0,1000000,3000,4
56037,56037,224148,365,255,1020,1018.0,0.0,1018.0,1124,1124,627.1686274509804,23,0,1000000,3000,4
56076,56076,224304,366,39,156,238.0,0.0,238.0,302,302,160.87179487179486,7,0,1000000,3000,4
56458,56458,225832,367,382,1528,1282.0,0.0,1282.0,1414,1414,754.3115183246073,29,0,1000000,3000,4
56503,56503,226012,368,45,180,222.0,0.0,222.0,288,288,166.9111111111111,6,0,1000000,3000,4
56613,56613,226452,369,110,440,593.0,0.0,593.0,672,672,406.04545454545456,14,0,1000000,3000,4
56647,56647,226588,370,34,136,239.0,0.0,239.0,302,302,162.58823529411765,7,0,1000000,3000,4
56682,56682,226728,371,35,140,236.0,0.0,236.0,300,300,168.94285714285715,7,0,1000000,3000,4
56776,56776,227104,372,94,376,611.0,0.0,611.0,686,686,340.5425531914894,14,0,1000000,3000,4
56942,56942,227768,373,166,664,634.0,0.0,634.0,722,722,499.63253012048193,15,0,1000000,3000,4
57038,57038,228152,374,96,384,618.0,0.0,618.0,694,694,380.84375,14,0,1000000,3000,4
57133,57133,228532,375,95,380,624.0,0.0,624.0,699,699,339.7157894736842,14,0,1000000,3000,4
57477,57477,229908,376,344,1376,1006.0,0.0,1006.0,1130,1130,698.1395348837209,23,0,1000000,3000,4
57516,57516,230064,377,39,156,233.0,0.0,233.0,298,298,156.69230769230768,6,0,1000000,3000,4
57555,57555,230220,378,39,156,229.0,0.0,229.0,293,293,168.92307692307693,6,0,1000000,3000,4
57592,57592,230368,379,37,148,235.0,0.0,235.0,298,298,159.97297297297297,6,0,1000000,3000,4
57704,57704,230816,380,112,448,617.0,0.0,617.0,696,696,380.39285714285717,14,0,1000000,3000,4
57733,57733,230932,381,29,116,252.0,0.0,252.0,314,314,155.93103448275863,7,0,1000000,3000,4
57765,57765,231060,382,32,128,243.0,0.0,243.0,305,305,158.34375,7,0,1000000,3000,4
57803,57803,231212,383,38,152,223.0,0.0,223.0,287,287,170.94736842105263,6,0,1000000,3000,4
57983,57983,231932,384,180,720,779.0,0.0,779.0,872,872,522.7444444444444,18,0,1000000,3000,4
58016,58016,232064,385,33,132,242.0,0.0,242.0,305,305,167.9090909090909,7,0,1000000,3000,4
58054,58054,232216,386,38,152,241.0,0.0,241.0,306,306,155.1578947368421,7,0,1000000,3000,4
58151,58151,232604,387,97,388,618.0,0.0,618.0,694,694,374.6701030927835,14,0,1000000,3000,4
58316,58316,233264,388,165,660,1059.0,0.0,1059.0,1150,1150,536.7333333333333,24,0,1000000,3000,4
58406,58406,233624,389,90,360,608.0,0.0,608.0,681,681,400.06666666666666,14,0,1000000,3000,4
58741,58741,234964,390,335,1340,1303.0,0.0,1303.0,1427,1427,733.6597014925374,29,0,1000000,3000,4
58781,58781,235124,391,40,160,233.0,0.0,233.0,297,297,159.775,6,0,1000000,3000,4
59015,59015,236060,392,234,936,1313.0,0.0,1313.0,1414,1414,722.1410256410256,29,0,1000000,3000,4
59286,59286,237144,393,271,1084,727.0,0.0,727.0,838,838,600.1328413284133,17,0,1000000,3000,4
59407,59407,237628,394,121,484,603.0,0.0,603.0,684,684,380.77685950413223,14,0,1000000,3000,4
59742,59742,238968,395,335,1340,1281.0,0.0,1281.0,1405,1405,760.2388059701492,29,0,1000000,3000,4
59781,59781,239124,396,39,156,238.0,0.0,238.0,302,302,158.07692307692307,7,0,1000000,3000,4
59823,59823,239292,397,42,168,230.0,0.0,230.0,294,294,162.0,6,0,1000000,3000,4
60000,60000,240000,398,177,708,808.0,0.0,808.0,898,898,531.0282485875706,18,0,1000000,3000,4
60124,60124,240496,399,124,496,720.0,0.0,720.0,801,801,421.0403225806452,17,0,1000000,3000,4
60234,60234,240936,400,110,440,616.0,0.0,616.0,694,694,371.3909090909091,14,0,1000000,3000,4
60344,60344,241376,401,110,440,609.0,0.0,609.0,686,686,392.91818181818184,14,0,1000000,3000,4
60378,60378,241512,402,34,136,236.0,0.0,236.0,299,299,162.97058823529412,6,0,1000000,3000,4
60420,60420,241680,403,42,168,233.0,0.0,233.0,299,299,159.04761904761904,6,0,1000000,3000,4
60510,60510,242040,404,90,360,607.0,0.0,607.0,682,682,323.7888888888889,14,0,1000000,3000,4
60547,60547,242188,405,37,148,229.0,0.0,229.0,293,293,168.72972972972974,6,0,1000000,3000,4
60716,60716,242864,406,169,676,1036.0,0.0,1036.0,1125,1125,632.6923076923077,23,0,1000000,3000,4
60752,60752,243008,407,36,144,232.0,0.0,232.0,297,297,165.41666666666666,6,0,1000000,3000,4
60872,60872,243488,408,120,480,597.0,0.0,597.0,676,676,384.525,14,0,1000000,3000,4
60917,60917,243668,409,45,180,216.0,0.0,216.0,281,281,171.2888888888889,6,0,1000000,3000,4
61099,61099,244396,410,182,728,1032.0,0.0,1032.0,1123,1123,638.4230769230769,23,0,1000000,3000,4
61186,61186,244744,411,87,348,650.0,0.0,650.0,722,722,354.0919540229885,15,0,1000000,3000,4
61345,61345,245380,412,159,636,762.0,0.0,762.0,849,849,506.29559748427675,17,0,1000000,3000,4
61387,61387,245548,413,42,168,230.0,0.0,230.0,295,295,159.1904761904762,6,0,1000000,3000,4
61667,61667,246668,414,280,1120,1015.0,0.0,1015.0,1126,1126,683.2428571428571,23,0,1000000,3000,4
61708,61708,246832,415,41,164,230.0,0.0,230.0,295,295,160.390243902439,6,0,1000000,3000,4
61992,61992,247968,416,284,1136,1025.0,0.0,1025.0,1138,1138,698.3697183098592,23,0,1000000,3000,4
62063,62063,248252,417,71,284,610.0,0.0,610.0,682,682,315.09859154929575,14,0,1000000,3000,4
62154,62154,248616,418,91,364,621.0,0.0,621.0,696,696,348.2307692307692,14,0,1000000,3000,4
62189,62189,248756,419,35,140,244.0,0.0,244.0,306,306,156.31428571428572,7,0,1000000,3000,4
62278,62278,249112,420,89,356,631.0,0.0,631.0,705,705,352.0112359550562,15,0,1000000,3000,4
62319,62319,249276,421,41,164,231.0,0.0,231.0,296,296,161.17073170731706,6,0,1000000,3000,4
62422,62422,249688,422,103,412,627.0,0.0,627.0,704,704,375.4660194174757,15,0,1000000,3000,4
62462,62462,249848,423,40,160,233.0,0.0,233.0,299,299,160.2,6,0,1000000,3000,4
62561,62561,250244,424,99,396,618.0,0.0,618.0,693,693,357.16161616161617,14,0,1000000,3000,4
62596,62596,250384,425,35,140,243.0,0.0,243.0,306,306,155.8,7,0,1000000,3000,4
62807,62807,251228,426,211,844,1427.0,0.0,1427.0,1527,1527,755.0379146919431,31,0,1000000,3000,4
62891,62891,251564,427,84,336,631.0,0.0,631.0,704,704,353.3452380952381,15,0,1000000,3000,4
63107,63107,252428,428,216,864,1031.0,0.0,1031.0,1131,1131,596.3333333333334,23,0,1000000,3000,4
63344,63344,253376,429,237,948,1331.0,0.0,1331.0,1436,1436,688.1561181434599,29,0,1000000,3000,4
63561,63561,254244,430,217,868,1315.0,0.0,1315.0,1414,1414,740.6866359447005,29,0,1000000,3000,4
63659,63659,254636,431,98,392,631.0,0.0,631.0,707,707,368.5408163265306,15,0,1000000,3000,4
63842,63842,255368,432,183,732,1035.0,0.0,1035.0,1127,1127,595.0710382513661,23,0,1000000,3000,4
63934,63934,255736,433,92,368,625.0,0.0,625.0,700,700,376.0869565217391,15,0,1000000,3000,4
64032,64032,256128,434,98,392,616.0,0.0,616.0,692,692,382.3265306122449,14,0,1000000,3000,4
64065,64065,256260,435,33,132,236.0,0.0,236.0,300,300,169.0,7,0,1000000,3000,4
64277,64277,257108,436,212,848,1029.0,0.0,1029.0,1127,1127,649.3867924528302,23,0,1000000,3000,4
64312,64312,257248,437,35,140,242.0,0.0,242.0,306,306,163.05714285714285,7,0,1000000,3000,4
64882,64882,259528,438,570,2280,1261.0,0.0,1261.0,1432,1432,704.8561403508772,29,0,1000000,3000,4
64924,64924,259696,439,42,168,235.0,0.0,235.0,301,301,156.04761904761904,7,0,1000000,3000,4
64955,64955,259820,440,31,124,244.0,0.0,244.0,307,307,157.41935483870967,7,0,1000000,3000,4
66180,66180,264720,441,1225,4900,1359.0,0.0,1359.0,1661,1661,751.6253061224489,34,0,1000000,3000,4
67122,67122,268488,442,942,3768,1161.0,0.0,1161.0,1406,1406,831.5541401273886,29,0,1000000,3000,4
67161,67161,268644,443,39,156,225.0,0.0,225.0,290,290,171.48717948717947,6,0,1000000,3000,4
68194,68194,272776,444,1033,4132,1154.0,0.0,1154.0,1416,1416,742.6282671829622,29,0,1000000,3000,4
68302,68302,273208,445,108,432,613.0,0.0,613.0,691,691,382.4537037037037,14,0,1000000,3000,4
68405,68405,273620,446,103,412,607.0,0.0,607.0,685,685,317.63106796116506,14,0,1000000,3000,4
68697,68697,274788,447,292,1168,1023.0,0.0,1023.0,1138,1138,624.3732876712329,23,0,1000000,3000,4
68742,68742,274968,448,45,180,228.0,0.0,228.0,294,294,150.9777777777778,6,0,1000000,3000,4
68968,68968,275872,449,226,904,798.0,0.0,798.0,898,898,585.362831858407,18,0,1000000,3000,4
69286,69286,277144,450,318,1272,1309.0,0.0,1309.0,1430,1430,726.503144654088,29,0,1000000,3000,4
69327,69327,277308,451,41,164,229.0,0.0,229.0,293,293,161.609756097561,6,0,1000000,3000,4
69363,69363,277452,452,36,144,230.0,0.0,230.0,295,295,164.91666666666666,6,0,1000000,3000,4
69396,69396,277584,453,33,132,241.0,0.0,241.0,305,305,156.21212121212122,7,0,1000000,3000,4
69490,69490,277960,454,94,376,614.0,0.0,614.0,689,689,399.3936170212766,14,0,1000000,3000,4
69705,69705,278820,455,215,860,1312.0,0.0,1312.0,1411,1411,770.4744186046512,29,0,1000000,3000,4
69854,69854,279416,456,149,596,1051.0,0.0,1051.0,1137,1137,626.7114093959732,23,0,1000000,3000,4
69925,69925,279700,457,71,284,611.0,0.0,611.0,682,682,329.4225352112676,14,0,1000000,3000,4
70251,70251,281004,458,326,1304,1017.0,0.0,1017.0,1139,1139,707.5,23,0,1000000,3000,4
70463,70463,281852,459,212,848,1123.0,0.0,1123.0,1221,1221,634.688679245283,25,0,1000000,3000,4
70577,70577,282308,460,114,456,605.0,0.0,605.0,685,685,401.2456140350877,14,0,1000000,3000,4
70650,70650,282600,461,73,292,612.0,0.0,612.0,683,683,319.0,14,0,1000000,3000,4
70696,70696,282784,462,46,184,222.0,0.0,222.0,288,288,162.80434782608697,6,0,1000000,3000,4
70802,70802,283208,463,106,424,617.0,0.0,617.0,695,695,353.3207547169811,14,0,1000000,3000,4
71134,71134,284536,464,332,1328,1829.0,0.0,1829.0,1951,1951,889.8644578313254,40,0,1000000,3000,4
71239,71239,284956,465,105,420,611.0,0.0,611.0,687,687,371.22857142857146,14,0,1000000,3000,4
71280,71280,285120,466,41,164,230.0,0.0,230.0,296,296,156.2439024390244,6,0,1000000,3000,4
71534,71534,286136,467,254,1016,1019.0,0.0,1019.0,1124,1124,657.8740157480315,23,0,1000000,3000,4
71660,71660,286640,468,126,504,741.0,0.0,741.0,823,823,490.96031746031747,17,0,1000000,3000,4
71752,71752,287008,469,92,368,606.0,0.0,606.0,682,682,306.42391304347825,14,0,1000000,3000,4
71844,71844,287376,470,92,368,617.0,0.0,617.0,692,692,356.79347826086956,14,0,1000000,3000,4
71887,71887,287548,471,43,172,228.0,0.0,228.0,293,293,157.32558139534885,6,0,1000000,3000,4
72001,72001,288004,472,114,456,591.0,0.0,591.0,670,670,382.64912280701753,14,0,1000000,3000,4
72186,72186,288744,473,185,740,755.0,0.0,755.0,849,849,523.7351351351351,17,0,1000000,3000,4
72226,72226,288904,474,40,160,237.0,0.0,237.0,302,302,150.95,7,0,1000000,3000,4
72316,72316,289264,475,90,360,633.0,0.0,633.0,707,707,352.5777777777778,15,0,1000000,3000,4
72407,72407,289628,476,91,364,622.0,0.0,622.0,698,698,383.7802197802198,14,0,1000000,3000,4
72442,72442,289768,477,35,140,245.0,0.0,245.0,307,307,164.31428571428572,7,0,1000000,3000,4
72544,72544,290176,478,102,408,617.0,0.0,617.0,694,694,366.7352941176471,14,0,1000000,3000,4
72719,72719,290876,479,175,700,632.0,0.0,632.0,722,722,490.50857142857143,15,0,1000000,3000,4
72760,72760,291040,480,41,164,232.0,0.0,232.0,297,297,160.7560975609756,6,0,1000000,3000,4
73043,73043,292172,481,283,1132,1319.0,0.0,1319.0,1433,1433,710.6572438162544,29,0,1000000,3000,4
73151,73151,292604,482,108,432,600.0,0.0,600.0,678,678,372.962962962963,14,0,1000000,3000,4
73189,73189,292756,483,38,152,238.0,0.0,238.0,302,302,154.0,7,0,1000000,3000,4
73621,73621,294484,484,432,1728,1266.0,0.0,1266.0,1409,1409,770.5601851851852,29,0,1000000,3000,4
73697,73697,294788,485,76,304,652.0,0.0,652.0,722,722,375.4078947368421,15,0,1000000,3000,4
73741,73741,294964,486,44,176,228.0,0.0,228.0,293,293,154.20454545454547,6,0,1000000,3000,4
73963,73963,295852,487,222,888,623.0,0.0,623.0,722,723,531.9054054054054,15,0,1000000,3000,4
73995,73995,295980,488,32,128,243.0,0.0,243.0,305,305,167.0625,7,0,1000000,3000,4
74101,74101,296404,489,106,424,603.0,0.0,603.0,680,680,400.3018867924528,14,0,1000000,3000,4
74138,74138,296552,490,37,148,248.0,0.0,248.0,313,313,139.59459459459458,7,0,1000000,3000,4
74761,74761,299044,491,623,2492,956.0,0.0,956.0,1137,1137,714.2857142857143,23,0,1000000,3000,4
74809,74809,299236,492,48,192,228.0,0.0,228.0,294,294,144.79166666666666,6,0,1000000,3000,4
74846,74846,299384,493,37,148,237.0,0.0,237.0,301,301,159.94594594594594,7,0,1000000,3000,4
75178,75178,300712,494,332,1328,1292.0,0.0,1292.0,1413,1413,690.710843373494,29,0,1000000,3000,4
75214,75214,300856,495,36,144,241.0,0.0,241.0,305,305,159.52777777777777,7,0,1000000,3000,4
75543,75543,302172,496,329,1316,1673.0,0.0,1673.0,1796,1796,854.4407294832827,36,0,1000000,3000,4
75610,75610,302440,497,67,268,606.0,0.0,606.0,677,677,333.53731343283584,14,0,1000000,3000,4
75639,75639,302556,498,29,116,251.0,0.0,251.0,314,314,160.9655172413793,7,0,1000000,3000,4
75812,75812,303248,499,173,692,752.0,0.0,752.0,843,843,535.7976878612717,17,0,1000000,3000,4
75909,75909,303636,500,97,388,607.0,0.0,607.0,683,683,390.96907216494844,14,0,1000000,3000,4
75948,75948,303792,501,39,156,230.0,0.0,230.0,295,295,165.43589743589743,6,0,1000000,3000,4
76091,76091,304364,502,143,572,815.0,0.0,815.0,898,898,570.3566433566433,18,0,1000000,3000,4
76133,76133,304532,503,42,168,234.0,0.0,234.0,300,300,152.78571428571428,7,0,1000000,3000,4
76168,76168,304672,504,35,140,244.0,0.0,244.0,308,308,151.25714285714287,7,0,1000000,3000,4
76317,76317,305268,505,149,596,764.0,0.0,764.0,851,851,533.1879194630873,18,0,1000000,3000,4
76352,76352,305408,506,35,140,237.0,0.0,237.0,300,300,164.77142857142857,7,0,1000000,3000,4
76448,76448,305792,507,96,384,635.0,0.0,635.0,712,712,372.71875,15,0,1000000,3000,4
76576,76576,306304,508,128,512,608.0,0.0,608.0,691,691,380.4375,14,0,1000000,3000,4
76620,76620,306480,509,44,176,228.0,0.0,228.0,294,294,154.6590909090909,6,0,1000000,3000,4
76657,76657,306628,510,37,148,239.0,0.0,239.0,303,303,156.1081081081081,7,0,1000000,3000,4
76812,76812,307248,511,155,620,1040.0,0.0,1040.0,1125,1125,613.7548387096774,23,0,1000000,3000,4
76843,76843,307372,512,31,124,247.0,0.0,247.0,311,311,148.6451612903226,7,0,1000000,3000,4
76968,76968,307872,513,125,500,589.0,0.0,589.0,670,670,378.632,14,0,1000000,3000,4
77001,77001,308004,514,33,132,239.0,0.0,239.0,302,302,164.03030303030303,7,0,1000000,3000,4
77137,77137,308548,515,136,544,1042.0,0.0,1042.0,1124,1124,573.0735294117648,23,0,1000000,3000,4
77176,77176,308704,516,39,156,236.0,0.0,236.0,301,301,155.4102564102564,7,0,1000000,3000,4
77207,77207,308828,517,31,124,250.0,0.0,250.0,314,314,148.0,7,0,1000000,3000,4
77290,77290,309160,518,83,332,626.0,0.0,626.0,700,700,361.0120481927711,15,0,1000000,3000,4
77333,77333,309332,519,43,172,236.0,0.0,236.0,302,302,141.30232558139534,7,0,1000000,3000,4
77556,77556,310224,520,223,892,799.0,0.0,799.0,898,898,617.0493273542601,18,0,1000000,3000,4
77834,77834,311336,521,278,1112,1015.0,0.0,1015.0,1126,1126,679.1942446043165,23,0,1000000,3000,4
77869,77869,311476,522,35,140,241.0,0.0,241.0,305,305,157.71428571428572,7,0,1000000,3000,4
78033,78033,312132,523,164,656,724.0,0.0,724.0,813,813,562.7134146341464,17,0,1000000,3000,4
78068,78068,312272,524,35,140,248.0,0.0,248.0,312,312,156.2,7,0,1000000,3000,4
78201,78201,312804,525,133,532,602.0,0.0,602.0,686,686,352.34586466165416,14,0,1000000,3000,4
78305,78305,313220,526,104,416,627.0,0.0,627.0,705,705,351.9519230769231,15,0,1000000,3000,4
78482,78482,313928,527,177,708,1343.0,0.0,1343.0,1436,1436,722.2372881355932,29,0,1000000,3000,4
78521,78521,314084,528,39,156,233.0,0.0,233.0,297,297,162.97435897435898,6,0,1000000,3000,4
78617,78617,314468,529,96,384,601.0,0.0,601.0,678,678,314.6354166666667,14,0,1000000,3000,4
78780,78780,315120,530,163,652,635.0,0.0,635.0,722,722,443.7484662576687,15,0,1000000,3000,4
78882,78882,315528,531,102,408,634.0,0.0,634.0,710,710,333.27450980392155,15,0,1000000,3000,4
78989,78989,315956,532,107,428,596.0,0.0,596.0,674,674,389.5514018691589,14,0,1000000,3000,4
79219,79219,316876,533,230,920,1420.0,0.0,1420.0,1523,1523,672.0260869565218,31,0,1000000,3000,4
79532,79532,318128,534,313,1252,781.0,0.0,781.0,898,899,582.7635782747603,18,0,1000000,3000,4
79565,79565,318260,535,33,132,251.0,0.0,251.0,315,315,146.5151515151515,7,0,1000000,3000,4
80318,80318,321272,536,753,3012,1207.0,0.0,1207.0,1412,1412,729.593625498008,29,0,1000000,3000,4
80514,80514,322056,537,196,784,775.0,0.0,775.0,871,871,524.5204081632653,18,0,1000000,3000,4
80562,80562,322248,538,48,192,212.0,0.0,212.0,278,278,174.64583333333334,6,0,1000000,3000,4
80621,80621,322484,539,59,236,206.0,0.0,206.0,273,273,153.94915254237287,6,0,1000000,3000,4
80665,80665,322660,540,44,176,226.0,0.0,226.0,290,290,156.4318181818182,6,0,1000000,3000,4
82043,82043,328172,541,1378,5512,819.0,0.0,819.0,1152,1152,864.4194484760523,24,0,1000000,3000,4
82090,82090,328360,542,47,188,229.0,0.0,229.0,296,296,146.08510638297872,6,0,1000000,3000,4
82325,82325,329300,543,235,940,626.0,0.0,626.0,722,722,470.7574468085106,15,0,1000000,3000,4
82719,82719,330876,544,394,1576,713.0,0.0,713.0,849,849,631.515228426396,17,0,1000000,3000,4
82887,82887,331548,545,168,672,634.0,0.0,634.0,722,723,457.2559523809524,15,0,1000000,3000,4
82925,82925,331700,546,38,152,249.0,0.0,249.0,314,314,140.21052631578948,7,0,1000000,3000,4
82963,82963,331852,547,38,152,245.0,0.0,245.0,310,310,146.0,7,0,1000000,3000,4
83008,83008,332032,548,45,180,220.0,0.0,220.0,284,284,170.4,6,0,1000000,3000,4
83115,83115,332460,549,107,428,599.0,0.0,599.0,677,677,394.5981308411215,14,0,1000000,3000,4
83270,83270,333080,550,155,620,739.0,0.0,739.0,827,827,511.0516129032258,17,0,1000000,3000,4
83319,83319,333276,551,49,196,225.0,0.0,225.0,291,291,143.9387755102041,6,0,1000000,3000,4
83957,83957,335828,552,638,2552,716.0,0.0,716.0,898,898,637.1473354231975,18,0,1000000,3000,4
84564,84564,338256,553,607,2428,956.0,0.0,956.0,1133,1133,791.0988467874794,23,0,1000000,3000,4
84949,84949,339796,554,385,1540,765.0,0.0,765.0,897,898,696.5792207792208,18,0,1000000,3000,4
85566,85566,342264,555,617,2468,1228.0,0.0,1228.0,1408,1408,764.0162074554295,29,0,1000000,3000,4
85613,85613,342452,556,47,188,224.0,0.0,224.0,290,290,158.82978723404256,6,0,1000000,3000,4
86146,86146,344584,557,533,2132,1258.0,0.0,1258.0,1421,1421,783.9362101313321,29,0,1000000,3000,4
86394,86394,345576,558,248,992,618.0,0.0,618.0,722,722,494.98790322580646,15,0,1000000,3000,4
86623,86623,346492,559,229,916,1548.0,0.0,1548.0,1649,1649,856.82096069869,33,0,1000000,3000,4
86655,86655,346620,560,32,128,244.0,0.0,244.0,308,308,167.96875,7,0,1000000,3000,4
86693,86693,346772,561,38,152,235.0,0.0,235.0,300,300,154.8684210526316,7,0,1000000,3000,4
86802,86802,347208,562,109,436,597.0,0.0,597.0,675,675,399.41284403669727,14,0,1000000,3000,4
86852,86852,347408,563,50,200,226.0,0.0,226.0,293,293,148.1,6,0,1000000,3000,4
86942,86942,347768,564,90,360,624.0,0.0,624.0,699,699,347.7888888888889,14,0,1000000,3000,4
87223,87223,348892,565,281,1124,1014.0,0.0,1014.0,1126,1126,742.7544483985765,23,0,1000000,3000,4
87398,87398,349592,566,175,700,632.0,0.0,632.0,722,723,473.45714285714286,15,0,1000000,3000,4
87773,87773,351092,567,375,1500,1007.0,0.0,1007.0,1138,1138,743.7173333333334,23,0,1000000,3000,4
87815,87815,351260,568,42,168,221.0,0.0,221.0,286,286,171.0,6,0,1000000,3000,4
87916,87916,351664,569,101,404,620.0,0.0,620.0,698,698,323.009900990099,14,0,1000000,3000,4
87970,87970,351880,570,54,216,217.0,0.0,217.0,284,284,141.92592592592592,6,0,1000000,3000,4
88104,88104,352416,571,134,536,600.0,0.0,600.0,683,683,338.6641791044776,14,0,1000000,3000,4
88147,88147,352588,572,43,172,232.0,0.0,232.0,297,297,153.95348837209303,6,0,1000000,3000,4
88390,88390,353560,573,243,972,1033.0,0.0,1033.0,1137,1137,639.641975308642,23,0,1000000,3000,4
88530,88530,354120,574,140,560,718.0,0.0,718.0,803,803,506.87142857142857,17,0,1000000,3000,4
88857,88857,355428,575,327,1308,1015.0,0.0,1015.0,1136,1136,704.8012232415903,23,0,1000000,3000,4
89112,89112,356448,576,255,1020,1128.0,0.0,1128.0,1236,1236,655.1843137254901,25,0,1000000,3000,4
89204,89204,356816,577,92,368,614.0,0.0,614.0,690,690,327.8478260869565,14,0,1000000,3000,4
89266,89266,357064,578,62,248,609.0,0.0,609.0,679,679,337.2741935483871,14,0,1000000,3000,4
89495,89495,357980,579,229,916,1921.0,0.0,1921.0,2023,2023,980.9519650655022,41,0,1000000,3000,4
89844,89844,359376,580,349,1396,728.0,0.0,728.0,854,854,594.269340974212,18,0,1000000,3000,4
89932,89932,359728,581,88,352,627.0,0.0,627.0,701,701,353.54545454545456,15,0,1000000,3000,4
90238,90238,360952,582,306,1224,1318.0,0.0,1318.0,1437,1437,734.5588235294117,29,0,1000000,3000,4
90402,90402,361608,583,164,656,609.0,0.0,609.0,698,698,460.5975609756098,14,0,1000000,3000,4
90584,90584,362336,584,182,728,773.0,0.0,773.0,866,866,493.8076923076923,18,0,1000000,3000,4
90738,90738,362952,585,154,616,763.0,0.0,763.0,849,849,512.9285714285714,17,0,1000000,3000,4
90780,90780,363120,586,42,168,219.0,0.0,219.0,284,284,173.66666666666666,6,0,1000000,3000,4
90813,90813,363252,587,33,132,249.0,0.0,249.0,313,313,154.03030303030303,7,0,1000000,3000,4
91141,91141,364564,588,328,1312,1388.0,0.0,1388.0,1510,1510,768.2378048780488,31,0,1000000,3000,4
91244,91244,364976,589,103,412,610.0,0.0,610.0,687,687,400.1067961165049,14,0,1000000,3000,4
91577,91577,366308,590,333,1332,1402.0,0.0,1402.0,1526,1526,717.966966966967,31,0,1000000,3000,4
91614,91614,366456,591,37,148,248.0,0.0,248.0,312,312,150.8918918918919,7,0,1000000,3000,4
91981,91981,367924,592,367,1468,1308.0,0.0,1308.0,1439,1439,668.5476839237057,29,0,1000000,3000,4
92192,92192,368768,593,211,844,1039.0,0.0,1039.0,1138,1138,621.3364928909953,23,0,1000000,3000,4
92233,92233,368932,594,41,164,240.0,0.0,240.0,306,306,145.14634146341464,7,0,1000000,3000,4
92377,92377,369508,595,144,576,639.0,0.0,639.0,722,722,488.5,15,0,1000000,3000,4
92476,92476,369904,596,99,396,617.0,0.0,617.0,694,694,382.5959595959596,14,0,1000000,3000,4
92858,92858,371432,597,382,1528,1297.0,0.0,1297.0,1431,1431,797.9764397905759,29,0,1000000,3000,4
93133,93133,372532,598,275,1100,1320.0,0.0,1320.0,1433,1433,762.3672727272727,29,0,1000000,3000,4
93433,93433,373732,599,300,1200,1310.0,0.0,1310.0,1427,1427,695.8133333333334,29,0,1000000,3000,4
93586,93586,374344,600,153,612,1040.0,0.0,1040.0,1126,1126,581.5816993464052,23,0,1000000,3000,4
93823,93823,375292,601,237,948,1417.0,0.0,1417.0,1521,1521,729.295358649789,31,0,1000000,3000,4
93997,93997,375988,602,174,696,731.0,0.0,731.0,821,821,490.7068965517241,17,0,1000000,3000,4
94168,94168,376672,603,171,684,809.0,0.0,809.0,898,900,550.7368421052631,19,0,1000000,3000,4
94202,94202,376808,604,34,136,250.0,0.0,250.0,314,314,144.94117647058823,7,0,1000000,3000,4
94266,94266,377064,605,64,256,610.0,0.0,610.0,680,680,341.25,14,0,1000000,3000,4
94456,94456,377824,606,190,760,1578.0,0.0,1578.0,1674,1674,792.9157894736842,34,0,1000000,3000,4
94643,94643,378572,607,187,748,1033.0,0.0,1033.0,1125,1125,668.9358288770053,23,0,1000000,3000,4
94955,94955,379820,608,312,1248,1012.0,0.0,1012.0,1130,1130,640.7051282051282,23,0,1000000,3000,4
95168,95168,380672,609,213,852,801.0,0.0,801.0,898,900,570.7511737089202,19,0,1000000,3000,4
95272,95272,381088,610,104,416,601.0,0.0,601.0,678,678,411.5480769230769,14,0,1000000,3000,4
95316,95316,381264,611,44,176,224.0,0.0,224.0,288,288,166.5,6,0,1000000,3000,4
95495,95495,381980,612,179,716,706.0,0.0,706.0,797,797,439.8435754189944,16,0,1000000,3000,4
95699,95699,382796,613,204,816,1335.0,0.0,1335.0,1433,1433,688.2303921568628,29,0,1000000,3000,4
95804,95804,383216,614,105,420,624.0,0.0,624.0,702,702,355.5809523809524,15,0,1000000,3000,4
95938,95938,383752,615,134,536,716.0,0.0,716.0,798,798,498.2761194029851,16,0,1000000,3000,4
96565,96565,386260,616,627,2508,1251.0,0.0,1251.0,1434,1434,727.7288676236045,29,0,1000000,3000,4
96603,96603,386412,617,38,152,232.0,0.0,232.0,297,297,165.57894736842104,6,0,1000000,3000,4
96859,96859,387436,618,256,1024,1302.0,0.0,1302.0,1410,1410,709.7890625,29,0,1000000,3000,4
96907,96907,387628,619,48,192,218.0,0.0,218.0,284,284,165.27083333333334,6,0,1000000,3000,4
97186,97186,388744,620,279,1116,1122.0,0.0,1122.0,1233,1233,741.5089605734767,25,0,1000000,3000,4
97452,97452,389808,621,266,1064,719.0,0.0,719.0,830,830,603.7406015037594,17,0,1000000,3000,4
97596,97596,390384,622,144,576,1040.0,0.0,1040.0,1123,1123,561.4930555555555,23,0,1000000,3000,4
97625,97625,390500,623,29,116,248.0,0.0,248.0,311,311,156.82758620689654,7,0,1000000,3000,4
97725,97725,390900,624,100,400,631.0,0.0,631.0,708,708,394.5,15,0,1000000,3000,4
97929,97929,391716,625,204,816,1306.0,0.0,1306.0,1403,1403,771.093137254902,29,0,1000000,3000,4
97962,97962,391848,626,33,132,244.0,0.0,244.0,307,307,164.96969696969697,7,0,1000000,3000,4
98043,98043,392172,627,81,324,628.0,0.0,628.0,701,701,374.25925925925924,15,0,1000000,3000,4
98174,98174,392696,628,131,524,1048.0,0.0,1048.0,1130,1130,580.2824427480916,23,0,1000000,3000,4
98273,98273,393092,629,99,396,610.0,0.0,610.0,687,687,405.47474747474746,14,0,1000000,3000,4
98309,98309,393236,630,36,144,245.0,0.0,245.0,310,310,157.33333333333334,7,0,1000000,3000,4
98344,98344,393376,631,35,140,244.0,0.0,244.0,308,308,155.68571428571428,7,0,1000000,3000,4
98419,98419,393676,632,75,300,637.0,0.0,637.0,709,709,383.49333333333334,15,0,1000000,3000,4
98517,98517,394068,633,98,392,617.0,0.0,617.0,693,693,395.2857142857143,14,0,1000000,3000,4
98549,98549,394196,634,32,128,252.0,0.0,252.0,316,316,153.34375,7,0,1000000,3000,4
98807,98807,395228,635,258,1032,1141.0,0.0,1141.0,1249,1249,735.6434108527131,25,0,1000000,3000,4
98839,98839,395356,636,32,128,241.0,0.0,241.0,304,304,165.9375,7,0,1000000,3000,4
98871,98871,395484,637,32,128,246.0,0.0,246.0,308,308,161.28125,7,0,1000000,3000,4
98909,98909,395636,638,38,152,243.0,0.0,243.0,307,307,152.1315789473684,7,0,1000000,3000,4
98997,98997,395988,639,88,352,625.0,0.0,625.0,699,699,374.60227272727275,14,0,1000000,3000,4
99083,99083,396332,640,86,344,636.0,0.0,636.0,709,709,370.6046511627907,15,0,1000000,3000,4
99244,99244,396976,641,161,644,1316.0,0.0,1316.0,1405,1405,691.0869565217391,29,0,1000000,3000,4
99285,99285,397140,642,41,164,239.0,0.0,239.0,304,304,151.17073170731706,7,0,1000000,3000,4
99323,99323,397292,643,38,152,248.0,0.0,248.0,312,312,149.26315789473685,7,0,1000000,3000,4
99536,99536,398144,644,213,852,1029.0,0.0,1029.0,1127,1127,604.5962441314554,23,0,1000000,3000,4
99887,99887,399548,645,351,1404,1302.0,0.0,1302.0,1430,1430,801.3504273504274,29,0,1000000,3000,4
100042,100042,400168,646,155,620,781.0,0.0,781.0,869,869,531.2322580645161,18,0,1000000,3000,4
100077,100077,400308,647,35,140,251.0,0.0,251.0,316,316,143.45714285714286,7,0,1000000,3000,4
100212,100212,400848,648,135,540,740.0,0.0,740.0,823,823,482.02962962962965,17,0,1000000,3000,4
100366,100366,401464,649,154,616,737.0,0.0,737.0,823,823,469.66883116883116,17,0,1000000,3000,4
100510,100510,402040,650,144,576,815.0,0.0,815.0,898,898,579.7152777777778,18,0,1000000,3000,4
100751,100751,403004,651,241,964,1032.0,0.0,1032.0,1136,1136,615.4564315352698,23,0,1000000,3000,4
100792,100792,403168,652,41,164,240.0,0.0,240.0,305,305,146.53658536585365,7,0,1000000,3000,4
100961,100961,403844,653,169,676,737.0,0.0,737.0,828,828,515.1775147928994,17,0,1000000,3000,4
101003,101003,404012,654,42,168,234.0,0.0,234.0,299,299,152.16666666666666,6,0,1000000,3000,4
101102,101102,404408,655,99,396,613.0,0.0,613.0,689,689,334.6868686868687,14,0,1000000,3000,4
101219,101219,404876,656,117,468,593.0,0.0,593.0,672,672,388.77777777777777,14,0,1000000,3000,4
101368,101368,405472,657,149,596,814.0,0.0,814.0,898,898,534.6711409395973,18,0,1000000,3000,4
101589,101589,406356,658,221,884,1420.0,0.0,1420.0,1521,1521,729.3800904977376,31,0,1000000,3000,4
101629,101629,406516,659,40,160,233.0,0.0,233.0,298,298,157.6,6,0,1000000,3000,4
101733,101733,406932,660,104,416,636.0,0.0,636.0,714,714,348.33653846153845,15,0,1000000,3000,4
101934,101934,407736,661,201,804,1033.0,0.0,1033.0,1129,1129,597.7213930348258,23,0,1000000,3000,4
102088,102088,408352,662,154,616,740.0,0.0,740.0,828,828,487.8181818181818,17,0,1000000,3000,4
102310,102310,409240,663,222,888,1027.0,0.0,1027.0,1126,1126,593.4774774774775,23,0,1000000,3000,4
102614,102614,410456,664,304,1216,1318.0,0.0,1318.0,1436,1436,725.8651315789474,29,0,1000000,3000,4
102721,102721,410884,665,107,428,611.0,0.0,611.0,689,689,400.4485981308411,14,0,1000000,3000,4
102810,102810,411240,666,89,356,632.0,0.0,632.0,707,707,369.03370786516854,15,0,1000000,3000,4
102953,102953,411812,667,143,572,735.0,0.0,735.0,819,819,476.72727272727275,17,0,1000000,3000,4
103130,103130,412520,668,177,708,1033.0,0.0,1033.0,1123,1123,620.0451977401129,23,0,1000000,3000,4
103162,103162,412648,669,32,128,250.0,0.0,250.0,314,314,150.28125,7,0,1000000,3000,4
103192,103192,412768,670,30,120,251.0,0.0,251.0,314,314,154.23333333333332,7,0,1000000,3000,4
103223,103223,412892,671,31,124,252.0,0.0,252.0,316,316,154.3548387096774,7,0,1000000,3000,4
103402,103402,413608,672,179,716,808.0,0.0,808.0,898,899,571.0837988826815,18,0,1000000,3000,4
103433,103433,413732,673,31,124,246.0,0.0,246.0,309,309,162.3548387096774,7,0,1000000,3000,4
103597,103597,414388,674,164,656,1039.0,0.0,1039.0,1127,1127,605.2378048780488,23,0,1000000,3000,4
103684,103684,414736,675,87,348,630.0,0.0,630.0,704,704,356.7586206896552,15,0,1000000,3000,4
103792,103792,415168,676,108,432,632.0,0.0,632.0,711,711,375.80555555555554,15,0,1000000,3000,4
103826,103826,415304,677,34,136,249.0,0.0,249.0,313,313,152.41176470588235,7,0,1000000,3000,4
104094,104094,416376,678,268,1072,1672.0,0.0,1672.0,1783,1783,856.7611940298508,36,0,1000000,3000,4
104173,104173,416692,679,79,316,635.0,0.0,635.0,708,708,383.53164556962025,15,0,1000000,3000,4
104235,104235,416940,680,62,248,609.0,0.0,609.0,679,679,328.43548387096774,14,0,1000000,3000,4
104374,104374,417496,681,139,556,772.0,0.0,772.0,857,857,514.8489208633093,18,0,1000000,3000,4
104407,104407,417628,682,33,132,249.0,0.0,249.0,312,312,146.3030303030303,7,0,1000000,3000,4
104443,104443,417772,683,36,144,235.0,0.0,235.0,300,300,160.44444444444446,7,0,1000000,3000,4
104670,104670,418680,684,227,908,1023.0,0.0,1023.0,1124,1124,648.3039647577092,23,0,1000000,3000,4
104760,104760,419040,685,90,360,610.0,0.0,610.0,685,685,396.5888888888889,14,0,1000000,3000,4
105016,105016,420064,686,256,1024,1020.0,0.0,1020.0,1127,1127,706.046875,23,0,1000000,3000,4
105098,105098,420392,687,82,328,631.0,0.0,631.0,705,705,393.7317073170732,15,0,1000000,3000,4
105183,105183,420732,688,85,340,617.0,0.0,617.0,692,692,368.83529411764704,14,0,1000000,3000,4
105316,105316,421264,689,133,532,1045.0,0.0,1045.0,1127,1127,627.8421052631579,23,0,1000000,3000,4
105582,105582,422328,690,266,1064,1328.0,0.0,1328.0,1439,1439,699.5563909774436,29,0,1000000,3000,4
105681,105681,422724,691,99,396,629.0,0.0,629.0,705,705,397.6969696969697,15,0,1000000,3000,4
105715,105715,422860,692,34,136,246.0,0.0,246.0,310,310,145.11764705882354,7,0,1000000,3000,4
105744,105744,422976,693,29,116,249.0,0.0,249.0,311,311,156.10344827586206,7,0,1000000,3000,4
105826,105826,423304,694,82,328,636.0,0.0,636.0,709,709,365.4756097560976,15,0,1000000,3000,4
105868,105868,423472,695,42,168,227.0,0.0,227.0,292,292,161.97619047619048,6,0,1000000,3000,4
105964,105964,423856,696,96,384,619.0,0.0,619.0,695,695,357.7916666666667,14,0,1000000,3000,4
106218,106218,424872,697,254,1016,1685.0,0.0,1685.0,1792,1792,862.9763779527559,36,0,1000000,3000,4
106317,106317,425268,698,99,396,634.0,0.0,634.0,711,711,371.6060606060606,15,0,1000000,3000,4
106349,106349,425396,699,32,128,250.0,0.0,250.0,314,314,147.1875,7,0,1000000,3000,4
106561,106561,426244,700,212,848,1132.0,0.0,1132.0,1230,1230,661.0990566037735,25,0,1000000,3000,4
106632,106632,426528,701,71,284,653.0,0.0,653.0,722,722,390.98591549295776,15,0,1000000,3000,4
106992,106992,427968,702,360,1440,1878.0,0.0,1878.0,2006,2006,934.2027777777778,41,0,1000000,3000,4
107219,107219,428876,703,227,908,1317.0,0.0,1317.0,1418,1418,680.6872246696036,29,0,1000000,3000,4
107401,107401,429604,704,182,728,1035.0,0.0,1035.0,1126,1126,580.7802197802198,23,0,1000000,3000,4
107440,107440,429760,705,39,156,244.0,0.0,244.0,308,308,149.56410256410257,7,0,1000000,3000,4
107517,107517,430068,706,77,308,617.0,0.0,617.0,690,690,350.987012987013,14,0,1000000,3000,4
107562,107562,430248,707,45,180,238.0,0.0,238.0,303,303,139.35555555555555,7,0,1000000,3000,4
107605,107605,430420,708,43,172,243.0,0.0,243.0,308,308,140.2093023255814,7,0,1000000,3000,4
107964,107964,431856,709,359,1436,1010.0,0.0,1010.0,1138,1138,700.91643454039,23,0,1000000,3000,4
108190,108190,432760,710,226,904,1049.0,0.0,1049.0,1152,1152,586.0530973451328,24,0,1000000,3000,4
108348,108348,433392,711,158,632,1039.0,0.0,1039.0,1126,1126,587.4810126582279,23,0,1000000,3000,4
108386,108386,433544,712,38,152,240.0,0.0,240.0,304,304,155.02631578947367,7,0,1000000,3000,4
108703,108703,434812,713,317,1268,1549.0,0.0,1549.0,1669,1669,800.615141955836,34,0,1000000,3000,4
108873,108873,435492,714,170,680,1060.0,0.0,1060.0,1151,1151,584.8176470588236,24,0,1000000,3000,4
108935,108935,435740,715,62,248,610.0,0.0,610.0,680,680,333.258064516129,14,0,1000000,3000,4
108968,108968,435872,716,33,132,251.0,0.0,251.0,315,315,151.84848484848484,7,0,1000000,3000,4
109012,109012,436048,717,44,176,223.0,0.0,223.0,288,288,165.45454545454547,6,0,1000000,3000,4
109087,109087,436348,718,75,300,625.0,0.0,625.0,698,698,353.44,14,0,1000000,3000,4
109118,109118,436472,719,31,124,242.0,0.0,242.0,305,305,160.80645161290323,7,0,1000000,3000,4
109200,109200,436800,720,82,328,622.0,0.0,622.0,696,696,399.4634146341463,14,0,1000000,3000,4
109401,109401,437604,721,201,804,1032.0,0.0,1032.0,1128,1128,581.0547263681592,23,0,1000000,3000,4
109637,109637,438548,722,236,944,1576.0,0.0,1576.0,1681,1681,802.3644067796611,34,0,1000000,3000,4
109780,109780,439120,723,143,572,1067.0,0.0,1067.0,1153,1153,618.5944055944055,24,0,1000000,3000,4
109810,109810,439240,724,30,120,248.0,0.0,248.0,312,312,153.0,7,0,1000000,3000,4
109892,109892,439568,725,82,328,622.0,0.0,622.0,696,696,366.3658536585366,14,0,1000000,3000,4
109921,109921,439684,726,29,116,248.0,0.0,248.0,311,311,157.0344827586207,7,0,1000000,3000,4
110070,110070,440280,727,149,596,1046.0,0.0,1046.0,1131,1131,600.3020134228188,23,0,1000000,3000,4
110137,110137,440548,728,67,268,608.0,0.0,608.0,679,679,338.74626865671644,14,0,1000000,3000,4
110217,110217,440868,729,80,320,637.0,0.0,637.0,710,710,394.8625,15,0,1000000,3000,4
110287,110287,441148,730,70,280,608.0,0.0,608.0,680,680,350.0,14,0,1000000,3000,4
110431,110431,441724,731,144,576,1045.0,0.0,1045.0,1129,1129,586.8958333333334,23,0,1000000,3000,4
110587,110587,442348,732,156,624,1346.0,0.0,1346.0,1435,1435,710.6474358974359,29,0,1000000,3000,4
110615,110615,442460,733,28,112,248.0,0.0,248.0,311,311,155.82142857142858,7,0,1000000,3000,4
110697,110697,442788,734,82,328,637.0,0.0,637.0,711,711,392.390243902439,15,0,1000000,3000,4
110768,110768,443072,735,71,284,607.0,0.0,607.0,679,679,348.09859154929575,14,0,1000000,3000,4
110981,110981,443924,736,213,852,1334.0,0.0,1334.0,1434,1434,727.1032863849765,29,0,1000000,3000,4
111147,111147,444588,737,166,664,1041.0,0.0,1041.0,1130,1130,649.4096385542168,23,0,1000000,3000,4
111223,111223,444892,738,76,304,626.0,0.0,626.0,699,699,368.0263157894737,14,0,1000000,3000,4
111366,111366,445464,739,143,572,1042.0,0.0,1042.0,1126,1126,632.1678321678322,23,0,1000000,3000,4
111459,111459,445836,740,93,372,599.0,0.0,599.0,674,674,421.2043010752688,14,0,1000000,3000,4
111494,111494,445976,741,35,140,237.0,0.0,237.0,301,301,163.65714285714284,7,0,1000000,3000,4
111523,111523,446092,742,29,116,248.0,0.0,248.0,311,311,156.0,7,0,1000000,3000,4
111553,111553,446212,743,30,120,250.0,0.0,250.0,313,313,155.6,7,0,1000000,3000,4
111883,111883,447532,744,330,1320,2350.0,0.0,2350.0,2472,2472,1404.2636363636364,50,0,1000000,3000,4
111961,111961,447844,745,78,312,634.0,0.0,634.0,707,707,386.85897435897436,15,0,1000000,3000,4
112046,112046,448184,746,85,340,627.0,0.0,627.0,702,702,388.6235294117647,15,0,1000000,3000,4
112242,112242,448968,747,196,784,1339.0,0.0,1339.0,1436,1436,756.1479591836735,29,0,1000000,3000,4
112325,112325,449300,748,83,332,651.0,0.0,651.0,722,722,386.27710843373495,15,0,1000000,3000,4
112418,112418,449672,749,93,372,630.0,0.0,630.0,706,706,396.7956989247312,15,0,1000000,3000,4
112504,112504,450016,750,86,344,623.0,0.0,623.0,698,698,397.8255813953488,14,0,1000000,3000,4
112631,112631,450524,751,127,508,1048.0,0.0,1048.0,1129,1129,568.0629921259842,23,0,1000000,3000,4
112667,112667,450668,752,36,144,248.0,0.0,248.0,312,312,145.86111111111111,7,0,1000000,3000,4
112893,112893,451572,753,226,904,1694.0,0.0,1694.0,1795,1795,906.1238938053098,36,0,1000000,3000,4
112992,112992,451968,754,99,396,597.0,0.0,597.0,673,673,403.3838383838384,14,0,1000000,3000,4
113143,113143,452572,755,151,604,764.0,0.0,764.0,851,851,529.6556291390729,18,0,1000000,3000,4
113223,113223,452892,756,80,320,620.0,0.0,620.0,692,692,410.9125,14,0,1000000,3000,4
113433,113433,453732,757,210,840,1575.0,0.0,1575.0,1674,1674,794.1238095238095,34,0,1000000,3000,4
113689,113689,454756,758,256,1024,1305.0,0.0,1305.0,1412,1412,775.0078125,29,0,1000000,3000,4
113778,113778,455112,759,89,356,629.0,0.0,629.0,703,703,366.17977528089887,15,0,1000000,3000,4
113956,113956,455824,760,178,712,1037.0,0.0,1037.0,1128,1128,633.9269662921348,23,0,1000000,3000,4
114202,114202,456808,761,246,984,1022.0,0.0,1022.0,1127,1127,615.8861788617886,23,0,1000000,3000,4
114236,114236,456944,762,34,136,243.0,0.0,243.0,306,306,164.58823529411765,7,0,1000000,3000,4
114273,114273,457092,763,37,148,236.0,0.0,236.0,301,301,155.56756756756758,7,0,1000000,3000,4
114537,114537,458148,764,264,1056,1301.0,0.0,1301.0,1410,1410,741.9734848484849,29,0,1000000,3000,4
114574,114574,458296,765,37,148,241.0,0.0,241.0,305,305,162.02702702702703,7,0,1000000,3000,4
114754,114754,459016,766,180,720,1037.0,0.0,1037.0,1128,1128,610.1277777777777,23,0,1000000,3000,4
115017,115017,460068,767,263,1052,1302.0,0.0,1302.0,1411,1411,743.5627376425856,29,0,1000000,3000,4
115184,115184,460736,768,167,668,1340.0,0.0,1340.0,1431,1431,671.5688622754491,29,0,1000000,3000,4
115263,115263,461052,769,79,316,636.0,0.0,636.0,709,709,375.49367088607596,15,0,1000000,3000,4
115296,115296,461184,770,33,132,240.0,0.0,240.0,303,303,161.0909090909091,7,0,1000000,3000,4
115394,115394,461576,771,98,392,621.0,0.0,621.0,698,698,373.2142857142857,14,0,1000000,3000,4
115474,115474,461896,772,80,320,612.0,0.0,612.0,685,685,353.5125,14,0,1000000,3000,4
115506,115506,462024,773,32,128,244.0,0.0,244.0,308,308,161.0,7,0,1000000,3000,4
115684,115684,462736,774,178,712,1036.0,0.0,1036.0,1127,1127,568.6741573033707,23,0,1000000,3000,4
115720,115720,462880,775,36,144,245.0,0.0,245.0,310,310,153.47222222222223,7,0,1000000,3000,4
115911,115911,463644,776,191,764,1044.0,0.0,1044.0,1138,1138,586.6387434554974,23,0,1000000,3000,4
116262,116262,465048,777,351,1404,1005.0,0.0,1005.0,1131,1131,632.5071225071225,23,0,1000000,3000,4
116452,116452,465808,778,190,760,1342.0,0.0,1342.0,1437,1437,702.9421052631579,29,0,1000000,3000,4
116611,116611,466444,779,159,636,708.0,0.0,708.0,796,796,440.9685534591195,16,0,1000000,3000,4
116863,116863,467452,780,252,1008,793.0,0.0,793.0,898,898,588.8214285714286,18,0,1000000,3000,4
117012,117012,468048,781,149,596,638.0,0.0,638.0,722,722,470.1677852348993,15,0,1000000,3000,4
117101,117101,468404,782,89,356,627.0,0.0,627.0,701,701,375.2134831460674,15,0,1000000,3000,4
117322,117322,469288,783,221,884,1024.0,0.0,1024.0,1123,1123,564.2398190045249,23,0,1000000,3000,4
117416,117416,469664,784,94,376,623.0,0.0,623.0,698,698,376.86170212765956,14,0,1000000,3000,4
117460,117460,469840,785,44,176,230.0,0.0,230.0,296,296,155.8181818181818,6,0,1000000,3000,4
117788,117788,471152,786,328,1312,1011.0,0.0,1011.0,1133,1133,645.984756097561,23,0,1000000,3000,4
117904,117904,471616,787,116,464,607.0,0.0,607.0,688,688,376.6810344827586,14,0,1000000,3000,4
118173,118173,472692,788,269,1076,1305.0,0.0,1305.0,1413,1413,708.2490706319703,29,0,1000000,3000,4
118306,118306,473224,789,133,532,739.0,0.0,739.0,823,823,473.42105263157896,17,0,1000000,3000,4
118406,118406,473624,790,100,400,635.0,0.0,635.0,710,710,342.36,15,0,1000000,3000,4
118493,118493,473972,791,87,348,609.0,0.0,609.0,683,683,412.264367816092,14,0,1000000,3000,4
118600,118600,474400,792,107,428,606.0,0.0,606.0,684,684,383.1121495327103,14,0,1000000,3000,4
118634,118634,474536,793,34,136,242.0,0.0,242.0,305,305,163.7058823529412,7,0,1000000,3000,4
118669,118669,474676,794,35,140,237.0,0.0,237.0,299,299,159.5142857142857,6,0,1000000,3000,4
118711,118711,474844,795,42,168,222.0,0.0,222.0,287,287,166.23809523809524,6,0,1000000,3000,4
118794,118794,475176,796,83,332,625.0,0.0,625.0,698,698,349.0120481927711,14,0,1000000,3000,4
118947,118947,475788,797,153,612,637.0,0.0,637.0,722,723,481.83660130718954,15,0,1000000,3000,4
118984,118984,475936,798,37,148,227.0,0.0,227.0,291,291,171.05405405405406,6,0,1000000,3000,4
119027,119027,476108,799,43,172,228.0,0.0,228.0,294,294,162.04651162790697,6,0,1000000,3000,4
119122,119122,476488,800,95,380,599.0,0.0,599.0,674,674,412.2842105263158,14,0,1000000,3000,4
119159,119159,476636,801,37,148,233.0,0.0,233.0,297,297,168.27027027027026,6,0,1000000,3000,4
119193,119193,476772,802,34,136,239.0,0.0,239.0,302,302,161.02941176470588,7,0,1000000,3000,4
119235,119235,476940,803,42,168,229.0,0.0,229.0,294,294,158.78571428571428,6,0,1000000,3000,4
119536,119536,478144,804,301,1204,2355.0,0.0,2355.0,2471,2471,1330.4451827242524,50,0,1000000,3000,4
119634,119634,478536,805,98,392,605.0,0.0,605.0,682,682,335.88775510204084,14,0,1000000,3000,4
119851,119851,479404,806,217,868,1030.0,0.0,1030.0,1130,1130,623.2165898617511,23,0,1000000,3000,4
119925,119925,479700,807,74,296,610.0,0.0,610.0,681,681,329.3243243243243,14,0,1000000,3000,4
119967,119967,479868,808,42,168,233.0,0.0,233.0,297,297,161.4047619047619,6,0,1000000,3000,4
120083,120083,480332,809,116,464,616.0,0.0,616.0,696,696,364.83620689655174,14,0,1000000,3000,4
120359,120359,481436,810,276,1104,1302.0,0.0,1302.0,1412,1412,733.1594202898551,29,0,1000000,3000,4
120393,120393,481572,811,34,136,246.0,0.0,246.0,307,307,157.58823529411765,7,0,1000000,3000,4
120481,120481,481924,812,88,352,626.0,0.0,626.0,701,701,374.10227272727275,15,0,1000000,3000,4
120522,120522,482088,813,41,164,222.0,0.0,222.0,287,287,171.8048780487805,6,0,1000000,3000,4
120560,120560,482240,814,38,152,237.0,0.0,237.0,301,301,152.23684210526315,7,0,1000000,3000,4
120866,120866,483464,815,306,1224,1298.0,0.0,1298.0,1414,1414,734.7287581699346,29,0,1000000,3000,4
120900,120900,483600,816,34,136,248.0,0.0,248.0,312,312,143.3235294117647,7,0,1000000,3000,4
120992,120992,483968,817,92,368,619.0,0.0,619.0,694,694,388.10869565217394,14,0,1000000,3000,4
121105,121105,484420,818,113,452,590.0,0.0,590.0,669,669,384.07964601769913,14,0,1000000,3000,4
121285,121285,485140,819,180,720,1047.0,0.0,1047.0,1139,1139,539.8222222222222,23,0,1000000,3000,4
121487,121487,485948,820,202,808,703.0,0.0,703.0,800,800,546.3415841584158,17,0,1000000,3000,4
121636,121636,486544,821,149,596,735.0,0.0,735.0,822,822,495.18120805369125,17,0,1000000,3000,4
121864,121864,487456,822,228,912,798.0,0.0,798.0,898,898,537.1754385964912,18,0,1000000,3000,4
121914,121914,487656,823,50,200,217.0,0.0,217.0,283,283,160.26,6,0,1000000,3000,4
122088,122088,488352,824,174,696,633.0,0.0,633.0,722,722,450.5574712643678,15,0,1000000,3000,4
122132,122132,488528,825,44,176,226.0,0.0,226.0,291,291,159.86363636363637,6,0,1000000,3000,4
122234,122234,488936,826,102,408,591.0,0.0,591.0,668,668,393.2450980392157,14,0,1000000,3000,4
122587,122587,490348,827,353,1412,773.0,0.0,773.0,898,898,592.9093484419263,18,0,1000000,3000,4
122783,122783,491132,828,196,784,762.0,0.0,762.0,859,859,552.1683673469388,18,0,1000000,3000,4
122825,122825,491300,829,42,168,231.0,0.0,231.0,296,296,158.11904761904762,6,0,1000000,3000,4
122920,122920,491680,830,95,380,649.0,0.0,649.0,722,722,364.86315789473684,15,0,1000000,3000,4
123184,123184,492736,831,264,1056,1021.0,0.0,1021.0,1129,1129,686.2083333333334,23,0,1000000,3000,4
123465,123465,493860,832,281,1124,1036.0,0.0,1036.0,1150,1150,689.2989323843416,24,0,1000000,3000,4
123570,123570,494280,833,105,420,594.0,0.0,594.0,671,671,413.06666666666666,14,0,1000000,3000,4
123925,123925,495700,834,355,1420,1674.0,0.0,1674.0,1802,1802,826.1943661971831,37,0,1000000,3000,4
124442,124442,497768,835,517,2068,1633.0,0.0,1633.0,1794,1794,873.9226305609284,36,0,1000000,3000,4
124486,124486,497944,836,44,176,223.0,0.0,223.0,288,288,163.20454545454547,6,0,1000000,3000,4
124651,124651,498604,837,165,660,774.0,0.0,774.0,863,863,509.3515151515152,18,0,1000000,3000,4
124935,124935,499740,838,284,1136,1294.0,0.0,1294.0,1407,1407,716.5035211267606,29,0,1000000,3000,4
125301,125301,501204,839,366,1464,1309.0,0.0,1309.0,1440,1440,677.068306010929,29,0,1000000,3000,4
125436,125436,501744,840,135,540,606.0,0.0,606.0,690,690,351.97037037037035,14,0,1000000,3000,4
126136,126136,504544,841,700,2800,1243.0,0.0,1243.0,1440,1440,734.6414285714286,29,0,1000000,3000,4
126261,126261,505044,842,125,500,602.0,0.0,602.0,682,682,362.944,14,0,1000000,3000,4
126853,126853,507412,843,592,2368,964.0,0.0,964.0,1139,1139,739.8429054054054,23,0,1000000,3000,4
126964,126964,507856,844,111,444,625.0,0.0,625.0,704,704,352.963963963964,15,0,1000000,3000,4
127342,127342,509368,845,378,1512,1009.0,0.0,1009.0,1141,1141,699.978835978836,23,0,1000000,3000,4
127637,127637,510548,846,295,1180,1294.0,0.0,1294.0,1408,1408,716.2305084745763,29,0,1000000,3000,4
127996,127996,511984,847,359,1436,1306.0,0.0,1306.0,1435,1435,776.5626740947075,29,0,1000000,3000,4
128057,128057,512228,848,61,244,202.0,0.0,202.0,271,271,131.8360655737705,6,0,1000000,3000,4
128158,128158,512632,849,101,404,634.0,0.0,634.0,710,710,341.009900990099,15,0,1000000,3000,4
128378,128378,513512,850,220,880,1312.0,0.0,1312.0,1410,1410,652.5909090909091,29,0,1000000,3000,4
128438,128438,513752,851,60,240,191.0,0.0,191.0,257,257,164.9,6,0,1000000,3000,4
128530,128530,514120,852,92,368,601.0,0.0,601.0,676,676,411.3152173913044,14,0,1000000,3000,4
129137,129137,516548,853,607,2428,947.0,0.0,947.0,1123,1123,782.4514003294893,23,0,1000000,3000,4
129305,129305,517220,854,168,672,748.0,0.0,748.0,838,838,468.98214285714283,17,0,1000000,3000,4
129351,129351,517404,855,46,184,224.0,0.0,224.0,289,289,162.58695652173913,6,0,1000000,3000,4
129619,129619,518476,856,268,1072,717.0,0.0,717.0,820,820,527.1529850746268,17,0,1000000,3000,4
129693,129693,518772,857,74,296,608.0,0.0,608.0,680,680,319.97297297297297,14,0,1000000,3000,4
129736,129736,518944,858,43,172,237.0,0.0,237.0,303,303,141.6046511627907,7,0,1000000,3000,4
129893,129893,519572,859,157,628,792.0,0.0,792.0,881,881,502.859872611465,18,0,1000000,3000,4
129946,129946,519784,860,53,212,215.0,0.0,215.0,281,281,151.11320754716982,6,0,1000000,3000,4
130046,130046,520184,861,100,400,581.0,0.0,581.0,657,657,419.33,14,0,1000000,3000,4
130299,130299,521196,862,253,1012,793.0,0.0,793.0,898,898,663.9604743083004,18,0,1000000,3000,4
130502,130502,522008,863,203,812,803.0,0.0,803.0,898,898,546.935960591133,18,0,1000000,3000,4
130724,130724,522896,864,222,888,1698.0,0.0,1698.0,1800,1800,833.1576576576576,37,0,1000000,3000,4
130759,130759,523036,865,35,140,252.0,0.0,252.0,316,316,144.88571428571427,7,0,1000000,3000,4
130788,130788,523152,866,29,116,249.0,0.0,249.0,312,312,154.06896551724137,7,0,1000000,3000,4
130970,130970,523880,867,182,728,807.0,0.0,807.0,898,898,607.2142857142857,18,0,1000000,3000,4
131118,131118,524472,868,148,592,770.0,0.0,770.0,857,857,522.5608108108108,18,0,1000000,3000,4
131235,131235,524940,869,117,468,625.0,0.0,625.0,705,705,338.1709401709402,15,0,1000000,3000,4
131289,131289,525156,870,54,216,229.0,0.0,229.0,296,296,122.38888888888889,6,0,1000000,3000,4
131500,131500,526000,871,211,844,1026.0,0.0,1026.0,1123,1123,526.8530805687204,23,0,1000000,3000,4
131537,131537,526148,872,37,148,248.0,0.0,248.0,312,312,144.83783783783784,7,0,1000000,3000,4
131589,131589,526356,873,52,208,228.0,0.0,228.0,295,295,136.21153846153845,6,0,1000000,3000,4
132076,132076,528304,874,487,1948,972.0,0.0,972.0,1125,1125,658.2443531827515,23,0,1000000,3000,4
132242,132242,528968,875,166,664,634.0,0.0,634.0,722,722,478.12048192771084,15,0,1000000,3000,4
132458,132458,529832,876,216,864,1132.0,0.0,1132.0,1233,1233,675.7685185185185,25,0,1000000,3000,4
132628,132628,530512,877,170,680,768.0,0.0,768.0,858,858,532.0176470588235,18,0,1000000,3000,4
132788,132788,531152,878,160,640,636.0,0.0,636.0,722,723,487.35,15,0,1000000,3000,4
132920,132920,531680,879,132,528,598.0,0.0,598.0,681,681,369.5530303030303,14,0,1000000,3000,4
133415,133415,533660,880,495,1980,1274.0,0.0,1274.0,1429,1429,788.9555555555555,29,0,1000000,3000,4
133643,133643,534572,881,228,912,798.0,0.0,798.0,898,898,539.4649122807018,18,0,1000000,3000,4
133700,133700,534800,882,57,228,212.0,0.0,212.0,279,279,148.12280701754386,6,0,1000000,3000,4
133853,133853,535412,883,153,612,813.0,0.0,813.0,898,898,554.2483660130719,18,0,1000000,3000,4
134121,134121,536484,884,268,1072,1306.0,0.0,1306.0,1415,1415,739.7574626865671,29,0,1000000,3000,4
134318,134318,537272,885,197,788,1338.0,0.0,1338.0,1435,1435,702.6852791878173,29,0,1000000,3000,4
134468,134468,537872,886,150,600,1067.0,0.0,1067.0,1154,1154,644.5866666666667,24,0,1000000,3000,4
134601,134601,538404,887,133,532,602.0,0.0,602.0,685,685,458.43609022556393,14,0,1000000,3000,4
134630,134630,538520,888,29,116,252.0,0.0,252.0,315,315,161.79310344827587,7,0,1000000,3000,4
134778,134778,539112,889,148,592,1042.0,0.0,1042.0,1127,1127,576.527027027027,23,0,1000000,3000,4
134971,134971,539884,890,193,772,1336.0,0.0,1336.0,1432,1432,769.901554404145,29,0,1000000,3000,4
135120,135120,540480,891,149,596,638.0,0.0,638.0,722,722,507.4161073825503,15,0,1000000,3000,4
135361,135361,541444,892,241,964,762.0,0.0,762.0,868,868,620.5477178423237,18,0,1000000,3000,4
135395,135395,541580,893,34,136,247.0,0.0,247.0,310,310,144.5,7,0,1000000,3000,4
135434,135434,541736,894,39,156,226.0,0.0,226.0,289,289,174.07692307692307,6,0,1000000,3000,4
135601,135601,542404,895,167,668,1049.0,0.0,1049.0,1139,1139,640.4550898203593,23,0,1000000,3000,4
135670,135670,542680,896,69,276,604.0,0.0,604.0,675,675,342.8550724637681,14,0,1000000,3000,4
135701,135701,542804,897,31,124,247.0,0.0,247.0,310,310,149.8709677419355,7,0,1000000,3000,4
135734,135734,542936,898,33,132,247.0,0.0,247.0,311,311,145.5151515151515,7,0,1000000,3000,4
135768,135768,543072,899,34,136,251.0,0.0,251.0,315,315,152.08823529411765,7,0,1000000,3000,4
136297,136297,545188,900,529,2116,3010.0,0.0,3010.0,3161,3161,1712.5255198487712,64,0,1000000,3000,4
136405,136405,545620,901,108,432,603.0,0.0,603.0,681,681,403.98148148148147,14,0,1000000,3000,4
136491,136491,545964,902,86,344,610.0,0.0,610.0,685,685,334.27906976744185,14,0,1000000,3000,4
136689,136689,546756,903,198,792,1331.0,0.0,1331.0,1428,1428,627.9444444444445,29,0,1000000,3000,4
136866,136866,547464,904,177,708,1036.0,0.0,1036.0,1126,1126,585.0790960451977,23,0,1000000,3000,4
137100,137100,548400,905,234,936,716.0,0.0,716.0,819,819,525.3974358974359,17,0,1000000,3000,4
137201,137201,548804,906,101,404,612.0,0.0,612.0,689,689,405.86138613861385,14,0,1000000,3000,4
137265,137265,549060,907,64,256,612.0,0.0,612.0,680,680,328.453125,14,0,1000000,3000,4
137366,137366,549464,908,101,404,604.0,0.0,604.0,682,682,387.05940594059405,14,0,1000000,3000,4
137642,137642,550568,909,276,1104,1311.0,0.0,1311.0,1424,1424,702.0579710144928,29,0,1000000,3000,4
137754,137754,551016,910,112,448,612.0,0.0,612.0,692,692,348.5625,14,0,1000000,3000,4
137946,137946,551784,911,192,768,702.0,0.0,702.0,797,797,465.2083333333333,16,0,1000000,3000,4
138077,138077,552308,912,131,524,735.0,0.0,735.0,818,818,421.19847328244276,17,0,1000000,3000,4
138116,138116,552464,913,39,156,250.0,0.0,250.0,315,315,143.89743589743588,7,0,1000000,3000,4
138159,138159,552636,914,43,172,232.0,0.0,232.0,296,296,149.67441860465115,6,0,1000000,3000,4
138342,138342,553368,915,183,732,767.0,0.0,767.0,861,861,502.4863387978142,18,0,1000000,3000,4
138380,138380,553520,916,38,152,247.0,0.0,247.0,312,312,134.94736842105263,7,0,1000000,3000,4
138469,138469,553876,917,89,356,613.0,0.0,613.0,687,687,322.8426966292135,14,0,1000000,3000,4
138525,138525,554100,918,56,224,221.0,0.0,221.0,289,289,131.625,6,0,1000000,3000,4
138557,138557,554228,919,32,128,246.0,0.0,246.0,310,310,152.9375,7,0,1000000,3000,4
138853,138853,555412,920,296,1184,1392.0,0.0,1392.0,1507,1507,761.3243243243244,31,0,1000000,3000,4
139033,139033,556132,921,180,720,594.0,0.0,594.0,686,686,344.8666666666667,14,0,1000000,3000,4
139160,139160,556640,922,127,508,612.0,0.0,612.0,695,695,337.244094488189,14,0,1000000,3000,4
139408,139408,557632,923,248,992,1311.0,0.0,1311.0,1417,1417,750.3629032258065,29,0,1000000,3000,4
139610,139610,558440,924,202,808,1320.0,0.0,1320.0,1416,1416,651.019801980198,29,0,1000000,3000,4
139884,139884,559536,925,274,1096,1016.0,0.0,1016.0,1126,1126,676.7992700729927,23,0,1000000,3000,4
140078,140078,560312,926,194,776,1333.0,0.0,1333.0,1428,1428,716.4329896907217,29,0,1000000,3000,4
140212,140212,560848,927,134,536,577.0,0.0,577.0,660,660,367.2238805970149,14,0,1000000,3000,4
140255,140255,561020,928,43,172,244.0,0.0,244.0,309,309,127.48837209302326,7,0,1000000,3000,4
140302,140302,561208,929,47,188,232.0,0.0,232.0,298,298,145.7659574468085,6,0,1000000,3000,4
140344,140344,561376,930,42,168,229.0,0.0,229.0,295,295,151.02380952380952,6,0,1000000,3000,4
140424,140424,561696,931,80,320,167.0,0.0,167.0,239,239,141.7375,5,0,1000000,3000,4
140456,140456,561824,932,32,128,248.0,0.0,248.0,310,310,163.96875,7,0,1000000,3000,4
140611,140611,562444,933,155,620,1043.0,0.0,1043.0,1130,1130,600.6064516129032,23,0,1000000,3000,4
140647,140647,562588,934,36,144,235.0,0.0,235.0,298,298,164.63888888888889,6,0,1000000,3000,4
140755,140755,563020,935,108,432,610.0,0.0,610.0,688,688,370.7037037037037,14,0,1000000,3000,4
140791,140791,563164,936,36,144,245.0,0.0,245.0,309,309,157.44444444444446,7,0,1000000,3000,4
140843,140843,563372,937,52,208,208.0,0.0,208.0,273,273,168.53846153846155,6,0,1000000,3000,4
141032,141032,564128,938,189,756,743.0,0.0,743.0,836,836,422.5026455026455,17,0,1000000,3000,4
141201,141201,564804,939,169,676,1039.0,0.0,1039.0,1128,1128,499.1360946745562,23,0,1000000,3000,4
141248,141248,564992,940,47,188,227.0,0.0,227.0,293,293,154.40425531914894,6,0,1000000,3000,4
141291,141291,565164,941,43,172,249.0,0.0,249.0,314,314,127.86046511627907,7,0,1000000,3000,4
141393,141393,565572,942,102,408,604.0,0.0,604.0,681,681,387.69607843137254,14,0,1000000,3000,4
141501,141501,566004,943,108,432,595.0,0.0,595.0,673,673,389.24074074074076,14,0,1000000,3000,4
141550,141550,566200,944,49,196,239.0,0.0,239.0,305,305,128.10204081632654,7,0,1000000,3000,4
141754,141754,567016,945,204,816,1039.0,0.0,1039.0,1135,1135,670.0735294117648,23,0,1000000,3000,4
141788,141788,567152,946,34,136,242.0,0.0,242.0,304,304,158.08823529411765,7,0,1000000,3000,4
142056,142056,568224,947,268,1072,1016.0,0.0,1016.0,1125,1125,687.1156716417911,23,0,1000000,3000,4
142169,142169,568676,948,113,452,597.0,0.0,597.0,676,676,396.9734513274336,14,0,1000000,3000,4
142360,142360,569440,949,191,764,730.0,0.0,730.0,825,825,509.16230366492147,17,0,1000000,3000,4
142655,142655,570620,950,295,1180,1317.0,0.0,1317.0,1433,1433,732.0406779661017,29,0,1000000,3000,4
142902,142902,571608,951,247,988,1022.0,0.0,1022.0,1127,1127,690.5425101214574,23,0,1000000,3000,4
143134,143134,572536,952,232,928,1563.0,0.0,1563.0,1666,1666,801.7112068965517,34,0,1000000,3000,4
143332,143332,573328,953,198,792,743.0,0.0,743.0,840,840,558.4747474747475,17,0,1000000,3000,4
143505,143505,574020,954,173,692,1037.0,0.0,1037.0,1127,1127,635.0751445086705,23,0,1000000,3000,4
143537,143537,574148,955,32,128,246.0,0.0,246.0,310,310,147.5,7,0,1000000,3000,4
143753,143753,575012,956,216,864,1307.0,0.0,1307.0,1407,1407,722.3101851851852,29,0,1000000,3000,4
143872,143872,575488,957,119,476,598.0,0.0,598.0,677,677,388.0420168067227,14,0,1000000,3000,4
144007,144007,576028,958,135,540,608.0,0.0,608.0,693,693,377.6666666666667,14,0,1000000,3000,4
144117,144117,576468,959,110,440,608.0,0.0,608.0,687,687,383.7090909090909,14,0,1000000,3000,4
144189,144189,576756,960,72,288,625.0,0.0,625.0,697,697,347.1111111111111,14,0,1000000,3000,4
144234,144234,576936,961,45,180,225.0,0.0,225.0,289,289,165.6888888888889,6,0,1000000,3000,4
144264,144264,577056,962,30,120,246.0,0.0,246.0,309,309,161.6,7,0,1000000,3000,4
144356,144356,577424,963,92,368,610.0,0.0,610.0,684,684,320.6195652173913,14,0,1000000,3000,4
144396,144396,577584,964,40,160,230.0,0.0,230.0,294,294,160.45,6,0,1000000,3000,4
144428,144428,577712,965,32,128,248.0,0.0,248.0,312,312,156.0,7,0,1000000,3000,4
144651,144651,578604,966,223,892,1419.0,0.0,1419.0,1519,1519,735.4439461883408,31,0,1000000,3000,4
144687,144687,578748,967,36,144,232.0,0.0,232.0,296,296,169.5,6,0,1000000,3000,4
144839,144839,579356,968,152,608,1038.0,0.0,1038.0,1124,1124,645.8618421052631,23,0,1000000,3000,4
144996,144996,579984,969,157,628,1042.0,0.0,1042.0,1128,1128,579.343949044586,23,0,1000000,3000,4
145288,145288,581152,970,292,1168,1292.0,0.0,1292.0,1406,1406,703.5034246575342,29,0,1000000,3000,4
145402,145402,581608,971,114,456,619.0,0.0,619.0,698,698,359.44736842105266,14,0,1000000,3000,4
145448,145448,581792,972,46,184,242.0,0.0,242.0,308,308,135.06521739130434,7,0,1000000,3000,4
145568,145568,582272,973,120,480,628.0,0.0,628.0,710,710,348.90833333333336,15,0,1000000,3000,4
145716,145716,582864,974,148,592,814.0,0.0,814.0,898,898,539.6351351351351,18,0,1000000,3000,4
145941,145941,583764,975,225,900,1398.0,0.0,1398.0,1499,1499,745.52,30,0,1000000,3000,4
146171,146171,584684,976,230,920,1417.0,0.0,1417.0,1520,1520,712.9869565217391,31,0,1000000,3000,4
146351,146351,585404,977,180,720,1035.0,0.0,1035.0,1125,1125,527.0555555555555,23,0,1000000,3000,4
146382,146382,585528,978,31,124,245.0,0.0,245.0,308,308,161.58064516129033,7,0,1000000,3000,4
146581,146581,586324,979,199,796,1030.0,0.0,1030.0,1125,1125,626.5125628140704,23,0,1000000,3000,4
146761,146761,587044,980,180,720,1044.0,0.0,1044.0,1136,1136,556.9611111111111,23,0,1000000,3000,4
146794,146794,587176,981,33,132,246.0,0.0,246.0,310,310,150.33333333333334,7,0,1000000,3000,4
146939,146939,587756,982,145,580,1340.0,0.0,1340.0,1426,1426,695.3655172413793,29,0,1000000,3000,4
147115,147115,588460,983,176,704,1035.0,0.0,1035.0,1125,1125,581.2840909090909,23,0,1000000,3000,4
147368,147368,589472,984,253,1012,1023.0,0.0,1023.0,1128,1128,673.1106719367589,23,0,1000000,3000,4
147572,147572,590288,985,204,816,1329.0,0.0,1329.0,1425,1425,686.5196078431372,29,0,1000000,3000,4
147612,147612,590448,986,40,160,231.0,0.0,231.0,295,295,158.75,6,0,1000000,3000,4
147755,147755,591020,987,143,572,639.0,0.0,639.0,722,722,489.9160839160839,15,0,1000000,3000,4
147848,147848,591392,988,93,372,616.0,0.0,616.0,692,692,342.78494623655916,14,0,1000000,3000,4
148147,148147,592588,989,299,1196,1313.0,0.0,1313.0,1430,1430,697.4548494983278,29,0,1000000,3000,4
148182,148182,592728,990,35,140,243.0,0.0,243.0,308,308,153.17142857142858,7,0,1000000,3000,4
148382,148382,593528,991,200,800,1039.0,0.0,1039.0,1136,1136,613.83,23,0,1000000,3000,4
148565,148565,594260,992,183,732,755.0,0.0,755.0,848,848,550.6994535519126,17,0,1000000,3000,4
148677,148677,594708,993,112,448,610.0,0.0,610.0,689,689,380.19642857142856,14,0,1000000,3000,4
148838,148838,595352,994,161,644,1043.0,0.0,1043.0,1131,1131,639.9378881987577,23,0,1000000,3000,4
148875,148875,595500,995,37,148,238.0,0.0,238.0,302,302,156.05405405405406,7,0,1000000,3000,4
149106,149106,596424,996,231,924,1333.0,0.0,1333.0,1437,1437,724.2943722943722,29,0,1000000,3000,4
149202,149202,596808,997,96,384,613.0,0.0,613.0,689,689,379.78125,14,0,1000000,3000,4
149238,149238,596952,998,36,144,240.0,0.0,240.0,304,304,157.66666666666666,7,0,1000000,3000,4
149348,149348,597392,999,110,440,605.0,0.0,605.0,684,684,404.8272727272727,14,0,1000000,3000,4
149414,149414,597656,1000,66,264,610.0,0.0,610.0,681,681,338.030303030303,14,0,1000000,3000,4
149449,149449,597796,1001,35,140,242.0,0.0,242.0,304,304,163.17142857142858,7,0,1000000,3000,4
149532,149532,598128,1002,83,332,610.0,0.0,610.0,684,684,332.2289156626506,14,0,1000000,3000,4
149641,149641,598564,1003,109,436,617.0,0.0,617.0,695,695,393.4036697247706,14,0,1000000,3000,4
149834,149834,599336,1004,193,772,782.0,0.0,782.0,878,878,517.7979274611399,18,0,1000000,3000,4
149873,149873,599492,1005,39,156,237.0,0.0,237.0,301,301,163.56410256410257,7,0,1000000,3000,4
149905,149905,599620,1006,32,128,249.0,0.0,249.0,312,312,156.53125,7,0,1000000,3000,4
150002,150002,600008,1007,97,388,614.0,0.0,614.0,690,690,397.45360824742266,14,0,1000000,3000,4
150039,150039,600156,1008,37,148,235.0,0.0,235.0,299,299,168.32432432432432,6,0,1000000,3000,4
150078,150078,600312,1009,39,156,237.0,0.0,237.0,301,301,164.94871794871796,7,0,1000000,3000,4
150258,150258,601032,1010,180,720,1036.0,0.0,1036.0,1127,1127,580.0111111111111,23,0,1000000,3000,4
150338,150338,601352,1011,80,320,608.0,0.0,608.0,681,681,329.125,14,0,1000000,3000,4
150537,150537,602148,1012,199,796,1327.0,0.0,1327.0,1423,1423,702.7035175879397,29,0,1000000,3000,4
150570,150570,602280,1013,33,132,251.0,0.0,251.0,315,315,148.66666666666666,7,0,1000000,3000,4
150709,150709,602836,1014,139,556,742.0,0.0,742.0,826,826,522.4820143884892,17,0,1000000,3000,4
150861,150861,603444,1015,152,608,1345.0,0.0,1345.0,1433,1433,669.1184210526316,29,0,1000000,3000,4
150944,150944,603776,1016,83,332,632.0,0.0,632.0,705,705,396.69879518072287,15,0,1000000,3000,4
150976,150976,603904,1017,32,128,248.0,0.0,248.0,312,312,155.8125,7,0,1000000,3000,4
151009,151009,604036,1018,33,132,245.0,0.0,245.0,309,309,154.33333333333334,7,0,1000000,3000,4
151092,151092,604368,1019,83,332,618.0,0.0,618.0,692,692,367.67469879518075,14,0,1000000,3000,4
151385,151385,605540,1020,293,1172,1302.0,0.0,1302.0,1416,1416,757.1058020477816,29,0,1000000,3000,4
151459,151459,605836,1021,74,296,615.0,0.0,615.0,687,687,348.9864864864865,14,0,1000000,3000,4
151543,151543,606172,1022,84,336,629.0,0.0,629.0,702,702,379.7261904761905,15,0,1000000,3000,4
151751,151751,607004,1023,208,832,1031.0,0.0,1031.0,1128,1128,579.3894230769231,23,0,1000000,3000,4
151959,151959,607836,1024,208,832,1029.0,0.0,1029.0,1125,1125,638.1346153846154,23,0,1000000,3000,4
151997,151997,607988,1025,38,152,243.0,0.0,243.0,307,307,150.68421052631578,7,0,1000000,3000,4
152068,152068,608272,1026,71,284,629.0,0.0,629.0,701,701,371.38028169014086,15,0,1000000,3000,4
152229,152229,608916,1027,161,644,811.0,0.0,811.0,898,899,566.472049689441,18,0,1000000,3000,4
152471,152471,609884,1028,242,968,1665.0,0.0,1665.0,1768,1768,887.50826446281,36,0,1000000,3000,4
152551,152551,610204,1029,80,320,611.0,0.0,611.0,685,685,325.7875,14,0,1000000,3000,4
152686,152686,610744,1030,135,540,731.0,0.0,731.0,815,815,519.762962962963,17,0,1000000,3000,4
152766,152766,611064,1031,80,320,628.0,0.0,628.0,701,701,378.4625,15,0,1000000,3000,4
153250,153250,613000,1032,484,1936,2315.0,0.0,2315.0,2467,2467,1175.5413223140497,50,0,1000000,3000,4
153516,153516,614064,1033,266,1064,1308.0,0.0,1308.0,1417,1417,730.172932330827,29,0,1000000,3000,4
153668,153668,614672,1034,152,608,637.0,0.0,637.0,722,722,508.9605263157895,15,0,1000000,3000,4
153872,153872,615488,1035,204,816,1415.0,0.0,1415.0,1512,1512,808.5588235294117,31,0,1000000,3000,4
153991,153991,615964,1036,119,476,758.0,0.0,758.0,839,839,514.8235294117648,17,0,1000000,3000,4
154023,154023,616092,1037,32,128,250.0,0.0,250.0,314,314,150.65625,7,0,1000000,3000,4
154285,154285,617140,1038,262,1048,1019.0,0.0,1019.0,1127,1127,632.4923664122138,23,0,1000000,3000,4
154619,154619,618476,1039,334,1336,1006.0,0.0,1006.0,1129,1129,776.9491017964071,23,0,1000000,3000,4
154890,154890,619560,1040,271,1084,789.0,0.0,789.0,898,898,649.4169741697417,18,0,1000000,3000,4
154974,154974,619896,1041,84,336,635.0,0.0,635.0,708,708,387.7738095238095,15,0,1000000,3000,4
155055,155055,620220,1042,81,324,625.0,0.0,625.0,698,698,396.1604938271605,14,0,1000000,3000,4
155165,155165,620660,1043,110,440,609.0,0.0,609.0,689,689,400.1545454545454,14,0,1000000,3000,4
155253,155253,621012,1044,88,352,635.0,0.0,635.0,709,709,406.1931818181818,15,0,1000000,3000,4
155489,155489,621956,1045,236,944,720.0,0.0,720.0,824,824,604.457627118644,17,0,1000000,3000,4
155811,155811,623244,1046,322,1288,1006.0,0.0,1006.0,1125,1125,701.1459627329192,23,0,1000000,3000,4
155855,155855,623420,1047,44,176,222.0,0.0,222.0,286,286,168.4318181818182,6,0,1000000,3000,4
155940,155940,623760,1048,85,340,607.0,0.0,607.0,680,680,315.43529411764706,14,0,1000000,3000,4
156033,156033,624132,1049,93,372,605.0,0.0,605.0,680,680,393.1720430107527,14,0,1000000,3000,4
156073,156073,624292,1050,40,160,228.0,0.0,228.0,292,292,172.3,6,0,1000000,3000,4
156163,156163,624652,1051,90,360,605.0,0.0,605.0,679,679,406.03333333333336,14,0,1000000,3000,4
156193,156193,624772,1052,30,120,249.0,0.0,249.0,313,313,154.3,7,0,1000000,3000,4
156422,156422,625688,1053,229,916,1312.0,0.0,1312.0,1413,1413,729.7860262008734,29,0,1000000,3000,4
156587,156587,626348,1054,165,660,811.0,0.0,811.0,898,898,526.9939393939394,18,0,1000000,3000,4
156712,156712,626848,1055,125,500,618.0,0.0,618.0,701,701,376.744,15,0,1000000,3000,4
156981,156981,627924,1056,269,1076,1673.0,0.0,1673.0,1781,1781,881.7026022304833,36,0,1000000,3000,4
157022,157022,628088,1057,41,164,242.0,0.0,242.0,307,307,142.5609756097561,7,0,1000000,3000,4
157114,157114,628456,1058,92,368,634.0,0.0,634.0,709,709,374.60869565217394,15,0,1000000,3000,4
157292,157292,629168,1059,178,712,1137.0,0.0,1137.0,1228,1228,598.6741573033707,25,0,1000000,3000,4
157475,157475,629900,1060,183,732,708.0,0.0,708.0,801,801,507.56284153005464,17,0,1000000,3000,4
157607,157607,630428,1061,132,528,739.0,0.0,739.0,823,823,495.7348484848485,17,0,1000000,3000,4
157717,157717,630868,1062,110,440,622.0,0.0,622.0,702,702,363.43636363636364,15,0,1000000,3000,4
157786,157786,631144,1063,69,276,627.0,0.0,627.0,697,697,360.3768115942029,14,0,1000000,3000,4
157963,157963,631852,1064,177,708,1036.0,0.0,1036.0,1127,1127,620.7796610169491,23,0,1000000,3000,4
158199,158199,632796,1065,236,944,1140.0,0.0,1140.0,1245,1245,673.6101694915254,25,0,1000000,3000,4
158379,158379,633516,1066,180,720,750.0,0.0,750.0,842,842,567.8444444444444,17,0,1000000,3000,4
158413,158413,633652,1067,34,136,249.0,0.0,249.0,311,311,147.47058823529412,7,0,1000000,3000,4
158549,158549,634196,1068,136,544,616.0,0.0,616.0,701,701,475.75735294117646,15,0,1000000,3000,4
158585,158585,634340,1069,36,144,248.0,0.0,248.0,312,312,148.61111111111111,7,0,1000000,3000,4
158619,158619,634476,1070,34,136,249.0,0.0,249.0,312,312,151.6764705882353,7,0,1000000,3000,4
158919,158919,635676,1071,300,1200,738.0,0.0,738.0,856,856,601.4466666666667,18,0,1000000,3000,4
159169,159169,636676,1072,250,1000,766.0,0.0,766.0,872,872,614.424,18,0,1000000,3000,4
159340,159340,637360,1073,171,684,753.0,0.0,753.0,845,845,552.0058479532164,17,0,1000000,3000,4
159683,159683,638732,1074,343,1372,1290.0,0.0,1290.0,1413,1413,728.5276967930029,29,0,1000000,3000,4
159829,159829,639316,1075,146,584,638.0,0.0,638.0,722,724,521.2123287671233,15,0,1000000,3000,4
160006,160006,640024,1076,177,708,1323.0,0.0,1323.0,1413,1413,724.9152542372881,29,0,1000000,3000,4
160073,160073,640292,1077,67,268,618.0,0.0,618.0,688,688,341.2835820895522,14,0,1000000,3000,4
160164,160164,640656,1078,91,364,622.0,0.0,622.0,697,697,377.74725274725273,14,0,1000000,3000,4
160199,160199,640796,1079,35,140,236.0,0.0,236.0,300,300,162.71428571428572,7,0,1000000,3000,4
160401,160401,641604,1080,202,808,1321.0,0.0,1321.0,1417,1417,701.8069306930693,29,0,1000000,3000,4
160578,160578,642312,1081,177,708,1036.0,0.0,1036.0,1127,1127,633.3954802259886,23,0,1000000,3000,4
160612,160612,642448,1082,34,136,241.0,0.0,241.0,305,305,156.91176470588235,7,0,1000000,3000,4
160844,160844,643376,1083,232,928,1421.0,0.0,1421.0,1525,1525,760.3103448275862,31,0,1000000,3000,4
160932,160932,643728,1084,88,352,618.0,0.0,618.0,692,692,367.03409090909093,14,0,1000000,3000,4
161068,161068,644272,1085,136,544,754.0,0.0,754.0,839,839,510.24264705882354,17,0,1000000,3000,4
161097,161097,644388,1086,29,116,251.0,0.0,251.0,314,314,159.89655172413794,7,0,1000000,3000,4
161163,161163,644652,1087,66,264,610.0,0.0,610.0,681,681,323.469696969697,14,0,1000000,3000,4
161429,161429,645716,1088,266,1064,1018.0,0.0,1018.0,1127,1127,640.6541353383459,23,0,1000000,3000,4
161705,161705,646820,1089,276,1104,788.0,0.0,788.0,898,899,647.5833333333334,18,0,1000000,3000,4
161794,161794,647176,1090,89,356,612.0,0.0,612.0,686,686,409.53932584269666,14,0,1000000,3000,4
161972,161972,647888,1091,178,712,727.0,0.0,727.0,820,820,557.061797752809,17,0,1000000,3000,4
162000,162000,648000,1092,28,112,251.0,0.0,251.0,312,312,158.0,7,0,1000000,3000,4
162147,162147,648588,1093,147,588,752.0,0.0,752.0,838,838,526.8231292517007,17,0,1000000,3000,4
162182,162182,648728,1094,35,140,243.0,0.0,243.0,306,306,158.77142857142857,7,0,1000000,3000,4
162352,162352,649408,1095,170,680,1341.0,0.0,1341.0,1433,1433,660.9058823529411,29,0,1000000,3000,4
162499,162499,649996,1096,147,588,1042.0,0.0,1042.0,1127,1127,630.5986394557823,23,0,1000000,3000,4
162730,162730,650920,1097,231,924,1699.0,0.0,1699.0,1803,1803,868.3463203463203,37,0,1000000,3000,4
162932,162932,651728,1098,202,808,1341.0,0.0,1341.0,1439,1439,715.0891089108911,29,0,1000000,3000,4
162966,162966,651864,1099,34,136,240.0,0.0,240.0,303,303,160.1764705882353,7,0,1000000,3000,4
163100,163100,652400,1100,134,536,803.0,0.0,803.0,887,887,535.3507462686567,18,0,1000000,3000,4
163132,163132,652528,1101,32,128,245.0,0.0,245.0,308,308,163.34375,7,0,1000000,3000,4
163163,163163,652652,1102,31,124,243.0,0.0,243.0,306,306,167.7741935483871,7,0,1000000,3000,4
163235,163235,652940,1103,72,288,608.0,0.0,608.0,680,680,315.7638888888889,14,0,1000000,3000,4
163353,163353,653412,1104,118,472,727.0,0.0,727.0,807,807,480.0593220338983,17,0,1000000,3000,4
163583,163583,654332,1105,230,920,1410.0,0.0,1410.0,1513,1513,723.7913043478261,31,0,1000000,3000,4
163791,163791,655164,1106,208,832,1325.0,0.0,1325.0,1424,1424,682.9278846153846,29,0,1000000,3000,4
163827,163827,655308,1107,36,144,232.0,0.0,232.0,296,296,169.91666666666666,6,0,1000000,3000,4
164002,164002,656008,1108,175,700,1153.0,0.0,1153.0,1245,1245,677.9371428571428,25,0,1000000,3000,4
164251,164251,657004,1109,249,996,1023.0,0.0,1023.0,1128,1128,715.6465863453815,23,0,1000000,3000,4
164349,164349,657396,1110,98,392,616.0,0.0,616.0,692,692,387.7857142857143,14,0,1000000,3000,4
164651,164651,658604,1111,302,1208,1402.0,0.0,1402.0,1520,1520,745.6390728476821,31,0,1000000,3000,4
164966,164966,659864,1112,315,1260,1289.0,0.0,1289.0,1408,1408,712.8888888888889,29,0,1000000,3000,4
165004,165004,660016,1113,38,152,241.0,0.0,241.0,305,305,154.07894736842104,7,0,1000000,3000,4
165076,165076,660304,1114,72,288,620.0,0.0,620.0,692,692,339.5416666666667,14,0,1000000,3000,4
165320,165320,661280,1115,244,976,1033.0,0.0,1033.0,1137,1137,659.4590163934427,23,0,1000000,3000,4
165468,165468,661872,1116,148,592,1044.0,0.0,1044.0,1129,1129,604.5135135135135,23,0,1000000,3000,4
165619,165619,662476,1117,151,604,1061.0,0.0,1061.0,1149,1149,572.8675496688742,23,0,1000000,3000,4
165657,165657,662628,1118,38,152,236.0,0.0,236.0,301,301,157.76315789473685,7,0,1000000,3000,4
165691,165691,662764,1119,34,136,240.0,0.0,240.0,303,303,157.64705882352942,7,0,1000000,3000,4
165783,165783,663132,1120,92,368,622.0,0.0,622.0,698,698,386.9347826086956,14,0,1000000,3000,4
165815,165815,663260,1121,32,128,244.0,0.0,244.0,307,307,155.4375,7,0,1000000,3000,4
166001,166001,664004,1122,186,744,1562.0,0.0,1562.0,1657,1657,898.8870967741935,34,0,1000000,3000,4
166032,166032,664128,1123,31,124,251.0,0.0,251.0,314,314,150.03225806451613,7,0,1000000,3000,4
166072,166072,664288,1124,40,160,245.0,0.0,245.0,310,310,144.425,7,0,1000000,3000,4
166111,166111,664444,1125,39,156,241.0,0.0,241.0,306,306,145.28205128205127,7,0,1000000,3000,4
166302,166302,665208,1126,191,764,1309.0,0.0,1309.0,1403,1403,718.7905759162304,29,0,1000000,3000,4
166341,166341,665364,1127,39,156,237.0,0.0,237.0,302,302,152.02564102564102,7,0,1000000,3000,4
166376,166376,665504,1128,35,140,243.0,0.0,243.0,306,306,158.71428571428572,7,0,1000000,3000,4
166611,166611,666444,1129,235,940,1311.0,0.0,1311.0,1412,1412,746.6680851063829,29,0,1000000,3000,4
166649,166649,666596,1130,38,152,245.0,0.0,245.0,310,310,145.0,7,0,1000000,3000,4
166748,166748,666992,1131,99,396,625.0,0.0,625.0,701,701,348.04040404040404,15,0,1000000,3000,4
166845,166845,667380,1132,97,388,632.0,0.0,632.0,708,708,367.22680412371136,15,0,1000000,3000,4
166885,166885,667540,1133,40,160,248.0,0.0,248.0,313,313,139.65,7,0,1000000,3000,4
166928,166928,667712,1134,43,172,228.0,0.0,228.0,294,294,158.6046511627907,6,0,1000000,3000,4
167112,167112,668448,1135,184,736,1057.0,0.0,1057.0,1151,1151,615.8315217391304,24,0,1000000,3000,4
167311,167311,669244,1136,199,796,1132.0,0.0,1132.0,1227,1227,633.9095477386935,25,0,1000000,3000,4
167364,167364,669456,1137,53,212,203.0,0.0,203.0,269,269,171.35849056603774,6,0,1000000,3000,4
167475,167475,669900,1138,111,444,621.0,0.0,621.0,699,699,352.1621621621622,14,0,1000000,3000,4
167637,167637,670548,1139,162,648,635.0,0.0,635.0,722,723,486.962962962963,15,0,1000000,3000,4
167833,167833,671332,1140,196,784,1031.0,0.0,1031.0,1126,1126,579.6836734693877,23,0,1000000,3000,4
168022,168022,672088,1141,189,756,724.0,0.0,724.0,818,818,476.22222222222223,17,0,1000000,3000,4
168069,168069,672276,1142,47,188,227.0,0.0,227.0,293,293,149.93617021276594,6,0,1000000,3000,4
168109,168109,672436,1143,40,160,222.0,0.0,222.0,286,286,177.15,6,0,1000000,3000,4
168326,168326,673304,1144,217,868,1310.0,0.0,1310.0,1410,1410,719.1290322580645,29,0,1000000,3000,4
168368,168368,673472,1145,42,168,223.0,0.0,223.0,288,288,169.1904761904762,6,0,1000000,3000,4
168472,168472,673888,1146,104,416,606.0,0.0,606.0,683,683,383.7307692307692,14,0,1000000,3000,4
168573,168573,674292,1147,101,404,620.0,0.0,620.0,697,697,374.91089108910893,14,0,1000000,3000,4
168614,168614,674456,1148,41,164,235.0,0.0,235.0,300,300,151.17073170731706,7,0,1000000,3000,4
168712,168712,674848,1149,98,392,610.0,0.0,610.0,687,687,389.8775510204082,14,0,1000000,3000,4
168983,168983,675932,1150,271,1084,1558.0,0.0,1558.0,1669,1669,751.8819188191882,34,0,1000000,3000,4
169128,169128,676512,1151,145,580,814.0,0.0,814.0,898,898,596.7655172413793,18,0,1000000,3000,4
169231,169231,676924,1152,103,412,588.0,0.0,588.0,665,665,414.3203883495146,14,0,1000000,3000,4
169423,169423,677692,1153,192,768,805.0,0.0,805.0,898,900,570.0833333333334,19,0,1000000,3000,4
169455,169455,677820,1154,32,128,246.0,0.0,246.0,310,310,153.3125,7,0,1000000,3000,4
169494,169494,677976,1155,39,156,234.0,0.0,234.0,298,298,163.92307692307693,6,0,1000000,3000,4
169596,169596,678384,1156,102,408,629.0,0.0,629.0,707,707,371.9313725490196,15,0,1000000,3000,4
169633,169633,678532,1157,37,148,241.0,0.0,241.0,305,305,158.45945945945945,7,0,1000000,3000,4
169883,169883,679532,1158,250,1000,1554.0,0.0,1554.0,1662,1662,780.44,34,0,1000000,3000,4
169922,169922,679688,1159,39,156,235.0,0.0,235.0,299,299,157.12820512820514,6,0,1000000,3000,4
170018,170018,680072,1160,96,384,635.0,0.0,635.0,712,712,374.46875,15,0,1000000,3000,4
170055,170055,680220,1161,37,148,238.0,0.0,238.0,302,302,164.16216216216216,7,0,1000000,3000,4
170089,170089,680356,1162,34,136,246.0,0.0,246.0,310,310,160.2058823529412,7,0,1000000,3000,4
170328,170328,681312,1163,239,956,1035.0,0.0,1035.0,1139,1139,570.1715481171548,23,0,1000000,3000,4
170432,170432,681728,1164,104,416,602.0,0.0,602.0,680,680,387.5576923076923,14,0,1000000,3000,4
170554,170554,682216,1165,122,488,614.0,0.0,614.0,696,696,372.22131147540983,14,0,1000000,3000,4
170761,170761,683044,1166,207,828,1054.0,0.0,1054.0,1153,1153,651.975845410628,24,0,1000000,3000,4
170963,170963,683852,1167,202,808,1039.0,0.0,1039.0,1136,1136,615.3910891089109,23,0,1000000,3000,4
171006,171006,684024,1168,43,172,233.0,0.0,233.0,298,298,156.88372093023256,6,0,1000000,3000,4
171046,171046,684184,1169,40,160,235.0,0.0,235.0,299,299,159.15,6,0,1000000,3000,4
171086,171086,684344,1170,40,160,232.0,0.0,232.0,297,297,158.25,6,0,1000000,3000,4
171202,171202,684808,1171,116,464,615.0,0.0,615.0,695,695,376.1465517241379,14,0,1000000,3000,4
171317,171317,685268,1172,115,460,620.0,0.0,620.0,700,700,385.37391304347824,15,0,1000000,3000,4
171392,171392,685568,1173,75,300,634.0,0.0,634.0,706,706,374.4,15,0,1000000,3000,4
171519,171519,686076,1174,127,508,609.0,0.0,609.0,692,692,404.503937007874,14,0,1000000,3000,4
171755,171755,687020,1175,236,944,1312.0,0.0,1312.0,1415,1415,712.521186440678,29,0,1000000,3000,4
171852,171852,687408,1176,97,388,615.0,0.0,615.0,690,690,374.0412371134021,14,0,1000000,3000,4
171945,171945,687780,1177,93,372,637.0,0.0,637.0,712,712,348.3333333333333,15,0,1000000,3000,4
171985,171985,687940,1178,40,160,234.0,0.0,234.0,300,300,152.55,7,0,1000000,3000,4
172021,172021,688084,1179,36,144,249.0,0.0,249.0,313,313,148.13888888888889,7,0,1000000,3000,4
172059,172059,688236,1180,38,152,242.0,0.0,242.0,307,307,145.02631578947367,7,0,1000000,3000,4
172291,172291,689164,1181,232,928,1332.0,0.0,1332.0,1436,1436,696.0172413793103,29,0,1000000,3000,4
172400,172400,689600,1182,109,436,624.0,0.0,624.0,703,703,368.95412844036696,15,0,1000000,3000,4
172508,172508,690032,1183,108,432,630.0,0.0,630.0,709,709,361.77777777777777,15,0,1000000,3000,4
172547,172547,690188,1184,39,156,239.0,0.0,239.0,303,303,152.02564102564102,7,0,1000000,3000,4
172643,172643,690572,1185,96,384,623.0,0.0,623.0,700,700,347.03125,15,0,1000000,3000,4
172676,172676,690704,1186,33,132,241.0,0.0,241.0,304,304,166.24242424242425,7,0,1000000,3000,4
172920,172920,691680,1187,244,976,1328.0,0.0,1328.0,1434,1434,691.5286885245902,29,0,1000000,3000,4
173114,173114,692456,1188,194,776,1312.0,0.0,1312.0,1407,1407,694.1237113402062,29,0,1000000,3000,4
173299,173299,693196,1189,185,740,1035.0,0.0,1035.0,1128,1128,635.9783783783784,23,0,1000000,3000,4
173461,173461,693844,1190,162,648,779.0,0.0,779.0,869,869,541.6666666666666,18,0,1000000,3000,4
173555,173555,694220,1191,94,376,623.0,0.0,623.0,698,698,384.48936170212767,14,0,1000000,3000,4
173671,173671,694684,1192,116,464,601.0,0.0,601.0,682,682,393.13793103448273,14,0,1000000,3000,4
173754,173754,695016,1193,83,332,630.0,0.0,630.0,703,703,393.9879518072289,15,0,1000000,3000,4
173845,173845,695380,1194,91,364,649.0,0.0,649.0,722,722,376.38461538461536,15,0,1000000,3000,4
173939,173939,695756,1195,94,376,631.0,0.0,631.0,706,706,365.1276595744681,15,0,1000000,3000,4
174032,174032,696128,1196,93,372,593.0,0.0,593.0,668,668,417.97849462365593,14,0,1000000,3000,4
174115,174115,696460,1197,83,332,635.0,0.0,635.0,708,708,363.06024096385545,15,0,1000000,3000,4
174277,174277,697108,1198,162,648,795.0,0.0,795.0,884,884,522.7654320987655,18,0,1000000,3000,4
174316,174316,697264,1199,39,156,233.0,0.0,233.0,298,298,163.66666666666666,6,0,1000000,3000,4
174350,174350,697400,1200,34,136,247.0,0.0,247.0,311,311,149.3235294117647,7,0,1000000,3000,4
174450,174450,697800,1201,100,400,620.0,0.0,620.0,698,698,374.56,14,0,1000000,3000,4
174630,174630,698520,1202,180,720,1035.0,0.0,1035.0,1126,1126,585.0388888888889,23,0,1000000,3000,4
174772,174772,699088,1203,142,568,776.0,0.0,776.0,862,862,500.40845070422534,18,0,1000000,3000,4
174971,174971,699884,1204,199,796,1031.0,0.0,1031.0,1126,1126,611.7688442211055,23,0,1000000,3000,4
175077,175077,700308,1205,106,424,594.0,0.0,594.0,673,673,409.3867924528302,14,0,1000000,3000,4
175142,175142,700568,1206,65,260,609.0,0.0,609.0,679,679,338.16923076923075,14,0,1000000,3000,4
175182,175182,700728,1207,40,160,236.0,0.0,236.0,299,299,154.55,6,0,1000000,3000,4
175269,175269,701076,1208,87,348,611.0,0.0,611.0,685,685,357.3333333333333,14,0,1000000,3000,4
175305,175305,701220,1209,36,144,240.0,0.0,240.0,304,304,155.58333333333334,7,0,1000000,3000,4
175340,175340,701360,1210,35,140,239.0,0.0,239.0,302,302,164.37142857142857,7,0,1000000,3000,4
175422,175422,701688,1211,82,328,651.0,0.0,651.0,722,723,353.0609756097561,15,0,1000000,3000,4
175511,175511,702044,1212,89,356,635.0,0.0,635.0,710,710,372.8426966292135,15,0,1000000,3000,4
175587,175587,702348,1213,76,304,612.0,0.0,612.0,685,685,337.07894736842104,14,0,1000000,3000,4
175680,175680,702720,1214,93,372,611.0,0.0,611.0,685,685,404.9462365591398,14,0,1000000,3000,4
175776,175776,703104,1215,96,384,606.0,0.0,606.0,683,683,410.7395833333333,14,0,1000000,3000,4
176069,176069,704276,1216,293,1172,1543.0,0.0,1543.0,1659,1659,805.2047781569966,34,0,1000000,3000,4
176103,176103,704412,1217,34,136,247.0,0.0,247.0,311,311,152.23529411764707,7,0,1000000,3000,4
176131,176131,704524,1218,28,112,251.0,0.0,251.0,314,314,158.96428571428572,7,0,1000000,3000,4
176215,176215,704860,1219,84,336,630.0,0.0,630.0,704,704,386.70238095238096,15,0,1000000,3000,4
176376,176376,705504,1220,161,644,811.0,0.0,811.0,898,899,567.1801242236024,18,0,1000000,3000,4
176554,176554,706216,1221,178,712,1585.0,0.0,1585.0,1678,1678,823.0730337078652,34,0,1000000,3000,4
176655,176655,706620,1222,101,404,633.0,0.0,633.0,711,711,383.4950495049505,15,0,1000000,3000,4
176746,176746,706984,1223,91,364,619.0,0.0,619.0,694,694,400.0659340659341,14,0,1000000,3000,4
176825,176825,707300,1224,79,316,636.0,0.0,636.0,709,709,375.6455696202532,15,0,1000000,3000,4
176855,176855,707420,1225,30,120,251.0,0.0,251.0,315,315,153.96666666666667,7,0,1000000,3000,4
176940,176940,707760,1226,85,340,636.0,0.0,636.0,711,711,382.11764705882354,15,0,1000000,3000,4
176970,176970,707880,1227,30,120,246.0,0.0,246.0,310,310,150.4,7,0,1000000,3000,4
177112,177112,708448,1228,142,568,1046.0,0.0,1046.0,1130,1130,615.3239436619718,23,0,1000000,3000,4
177194,177194,708776,1229,82,328,603.0,0.0,603.0,677,677,362.1951219512195,14,0,1000000,3000,4
177321,177321,709284,1230,127,508,818.0,0.0,818.0,898,898,589.0314960629921,18,0,1000000,3000,4
177351,177351,709404,1231,30,120,249.0,0.0,249.0,313,313,153.13333333333333,7,0,1000000,3000,4
177443,177443,709772,1232,92,368,607.0,0.0,607.0,683,683,408.4673913043478,14,0,1000000,3000,4
177631,177631,710524,1233,188,752,1430.0,0.0,1430.0,1525,1525,735.8085106382979,31,0,1000000,3000,4
177731,177731,710924,1234,100,400,623.0,0.0,623.0,700,700,378.6,15,0,1000000,3000,4
177760,177760,711040,1235,29,116,250.0,0.0,250.0,313,313,159.55172413793105,7,0,1000000,3000,4
177791,177791,711164,1236,31,124,249.0,0.0,249.0,313,313,154.06451612903226,7,0,1000000,3000,4
177823,177823,711292,1237,32,128,243.0,0.0,243.0,307,307,160.71875,7,0,1000000,3000,4
177852,177852,711408,1238,29,116,246.0,0.0,246.0,309,309,161.82758620689654,7,0,1000000,3000,4
177884,177884,711536,1239,32,128,248.0,0.0,248.0,312,312,155.0625,7,0,1000000,3000,4
177916,177916,711664,1240,32,128,250.0,0.0,250.0,314,314,149.75,7,0,1000000,3000,4
178148,178148,712592,1241,232,928,1422.0,0.0,1422.0,1526,1526,716.7801724137931,31,0,1000000,3000,4
178238,178238,712952,1242,90,360,636.0,0.0,636.0,712,712,387.94444444444446,15,0,1000000,3000,4
178274,178274,713096,1243,36,144,236.0,0.0,236.0,300,300,164.58333333333334,7,0,1000000,3000,4
178342,178342,713368,1244,68,272,620.0,0.0,620.0,691,691,357.05882352941177,14,0,1000000,3000,4
178371,178371,713484,1245,29,116,248.0,0.0,248.0,311,311,153.55172413793105,7,0,1000000,3000,4
178406,178406,713624,1246,35,140,242.0,0.0,242.0,307,307,158.0,7,0,1000000,3000,4
178437,178437,713748,1247,31,124,250.0,0.0,250.0,314,314,153.41935483870967,7,0,1000000,3000,4
178518,178518,714072,1248,81,324,620.0,0.0,620.0,694,694,398.2098765432099,14,0,1000000,3000,4
178548,178548,714192,1249,30,120,247.0,0.0,247.0,310,310,151.66666666666666,7,0,1000000,3000,4
178632,178632,714528,1250,84,336,641.0,0.0,641.0,715,715,386.5,15,0,1000000,3000,4
178662,178662,714648,1251,30,120,250.0,0.0,250.0,313,313,156.03333333333333,7,0,1000000,3000,4
178829,178829,715316,1252,167,668,1334.0,0.0,1334.0,1425,1425,735.0898203592815,29,0,1000000,3000,4
178920,178920,715680,1253,91,364,604.0,0.0,604.0,680,680,401.3076923076923,14,0,1000000,3000,4
178949,178949,715796,1254,29,116,249.0,0.0,249.0,312,312,153.9655172413793,7,0,1000000,3000,4
179055,179055,716220,1255,106,424,597.0,0.0,597.0,676,676,408.52830188679246,14,0,1000000,3000,4
179084,179084,716336,1256,29,116,250.0,0.0,250.0,313,313,153.24137931034483,7,0,1000000,3000,4
179257,179257,717028,1257,173,692,1038.0,0.0,1038.0,1128,1128,592.6878612716763,23,0,1000000,3000,4
179424,179424,717696,1258,167,668,1433.0,0.0,1433.0,1524,1524,756.1197604790419,31,0,1000000,3000,4
179452,179452,717808,1259,28,112,247.0,0.0,247.0,310,310,156.32142857142858,7,0,1000000,3000,4
179583,179583,718332,1260,131,524,713.0,0.0,713.0,796,796,495.01526717557255,16,0,1000000,3000,4
179659,179659,718636,1261,76,304,632.0,0.0,632.0,705,705,364.94736842105266,15,0,1000000,3000,4
179691,179691,718764,1262,32,128,250.0,0.0,250.0,314,314,151.34375,7,0,1000000,3000,4
179728,179728,718912,1263,37,148,236.0,0.0,236.0,299,299,160.2972972972973,6,0,1000000,3000,4
179765,179765,719060,1264,37,148,233.0,0.0,233.0,297,297,163.51351351351352,6,0,1000000,3000,4
179801,179801,719204,1265,36,144,240.0,0.0,240.0,304,304,155.02777777777777,7,0,1000000,3000,4
180049,180049,720196,1266,248,992,1023.0,0.0,1023.0,1128,1128,683.8709677419355,23,0,1000000,3000,4
180272,180272,721088,1267,223,892,1038.0,0.0,1038.0,1139,1139,668.5919282511211,23,0,1000000,3000,4
180491,180491,721964,1268,219,876,1028.0,0.0,1028.0,1127,1127,670.9817351598174,23,0,1000000,3000,4
180565,180565,722260,1269,74,296,624.0,0.0,624.0,696,696,344.6081081081081,14,0,1000000,3000,4
180774,180774,723096,1270,209,836,1031.0,0.0,1031.0,1128,1128,658.6459330143541,23,0,1000000,3000,4
180930,180930,723720,1271,156,624,1047.0,0.0,1047.0,1135,1135,588.5961538461538,23,0,1000000,3000,4
181021,181021,724084,1272,91,364,619.0,0.0,619.0,695,695,343.6703296703297,14,0,1000000,3000,4
181221,181221,724884,1273,200,800,1337.0,0.0,1337.0,1435,1435,679.655,29,0,1000000,3000,4
181257,181257,725028,1274,36,144,245.0,0.0,245.0,310,310,150.16666666666666,7,0,1000000,3000,4
181291,181291,725164,1275,34,136,244.0,0.0,244.0,307,307,160.41176470588235,7,0,1000000,3000,4
181324,181324,725296,1276,33,132,238.0,0.0,238.0,302,302,161.93939393939394,7,0,1000000,3000,4
181531,181531,726124,1277,207,828,1031.0,0.0,1031.0,1128,1128,662.1014492753624,23,0,1000000,3000,4
181776,181776,727104,1278,245,980,1330.0,0.0,1330.0,1437,1437,676.9795918367347,29,0,1000000,3000,4
181883,181883,727532,1279,107,428,609.0,0.0,609.0,688,688,361.10280373831773,14,0,1000000,3000,4
181917,181917,727668,1280,34,136,247.0,0.0,247.0,311,311,148.58823529411765,7,0,1000000,3000,4
182022,182022,728088,1281,105,420,601.0,0.0,601.0,680,680,396.3619047619048,14,0,1000000,3000,4
182053,182053,728212,1282,31,124,247.0,0.0,247.0,311,311,148.70967741935485,7,0,1000000,3000,4
182252,182252,729008,1283,199,796,1566.0,0.0,1566.0,1662,1662,815.6281407035176,34,0,1000000,3000,4
182290,182290,729160,1284,38,152,231.0,0.0,231.0,295,295,165.8684210526316,6,0,1000000,3000,4
182322,182322,729288,1285,32,128,243.0,0.0,243.0,307,307,160.75,7,0,1000000,3000,4
182352,182352,729408,1286,30,120,249.0,0.0,249.0,312,312,152.76666666666668,7,0,1000000,3000,4
182522,182522,730088,1287,170,680,1035.0,0.0,1035.0,1123,1123,621.8352941176471,23,0,1000000,3000,4
182617,182617,730468,1288,95,380,615.0,0.0,615.0,691,691,412.5578947368421,14,0,1000000,3000,4
182888,182888,731552,1289,271,1084,1016.0,0.0,1016.0,1125,1125,673.2214022140222,23,0,1000000,3000,4
182919,182919,731676,1290,31,124,250.0,0.0,250.0,314,314,155.29032258064515,7,0,1000000,3000,4
183039,183039,732156,1291,120,480,609.0,0.0,609.0,689,689,368.825,14,0,1000000,3000,4
183072,183072,732288,1292,33,132,242.0,0.0,242.0,306,306,156.93939393939394,7,0,1000000,3000,4
183112,183112,732448,1293,40,160,235.0,0.0,235.0,299,299,151.8,6,0,1000000,3000,4
183303,183303,733212,1294,191,764,1130.0,0.0,1130.0,1224,1224,664.4502617801047,25,0,1000000,3000,4
183458,183458,733832,1295,155,620,727.0,0.0,727.0,815,815,503.27096774193546,17,0,1000000,3000,4
183498,183498,733992,1296,40,160,230.0,0.0,230.0,295,295,161.625,6,0,1000000,3000,4
183544,183544,734176,1297,46,184,222.0,0.0,222.0,288,288,158.43478260869566,6,0,1000000,3000,4
183654,183654,734616,1298,110,440,614.0,0.0,614.0,693,693,373.5,14,0,1000000,3000,4
183693,183693,734772,1299,39,156,236.0,0.0,236.0,300,300,155.25641025641025,7,0,1000000,3000,4
183734,183734,734936,1300,41,164,235.0,0.0,235.0,299,299,160.0731707317073,6,0,1000000,3000,4
183859,183859,735436,1301,125,500,588.0,0.0,588.0,668,668,377.672,14,0,1000000,3000,4
183901,183901,735604,1302,42,168,235.0,0.0,235.0,300,300,156.54761904761904,7,0,1000000,3000,4
183999,183999,735996,1303,98,392,632.0,0.0,632.0,709,709,342.68367346938777,15,0,1000000,3000,4
184229,184229,736916,1304,230,920,1418.0,0.0,1418.0,1520,1520,762.1869565217391,31,0,1000000,3000,4
184405,184405,737620,1305,176,704,632.0,0.0,632.0,722,723,440.375,15,0,1000000,3000,4
184451,184451,737804,1306,46,184,224.0,0.0,224.0,290,290,154.47826086956522,6,0,1000000,3000,4
184496,184496,737984,1307,45,180,224.0,0.0,224.0,289,289,150.75555555555556,6,0,1000000,3000,4
184769,184769,739076,1308,273,1092,1119.0,0.0,1119.0,1230,1230,636.7069597069597,25,0,1000000,3000,4
184863,184863,739452,1309,94,376,612.0,0.0,612.0,687,687,295.32978723404256,14,0,1000000,3000,4
185014,185014,740056,1310,151,604,1045.0,0.0,1045.0,1132,1132,566.3377483443709,23,0,1000000,3000,4
185228,185228,740912,1311,214,856,1039.0,0.0,1039.0,1137,1137,630.6121495327103,23,0,1000000,3000,4
185382,185382,741528,1312,154,616,1039.0,0.0,1039.0,1124,1124,583.0649350649351,23,0,1000000,3000,4
185597,185597,742388,1313,215,860,1038.0,0.0,1038.0,1138,1138,643.2372093023256,23,0,1000000,3000,4
185739,185739,742956,1314,142,568,573.0,0.0,573.0,658,658,375.8380281690141,14,0,1000000,3000,4
185873,185873,743492,1315,134,536,588.0,0.0,588.0,670,670,393.06716417910445,14,0,1000000,3000,4
185920,185920,743680,1316,47,188,223.0,0.0,223.0,289,289,155.87234042553192,6,0,1000000,3000,4
185966,185966,743864,1317,46,184,230.0,0.0,230.0,295,295,149.47826086956522,6,0,1000000,3000,4
186006,186006,744024,1318,40,160,227.0,0.0,227.0,291,291,156.6,6,0,1000000,3000,4
186577,186577,746308,1319,571,2284,1261.0,0.0,1261.0,1433,1433,734.8161120840631,29,0,1000000,3000,4
186880,186880,747520,1320,303,1212,1293.0,0.0,1293.0,1409,1409,751.1881188118812,29,0,1000000,3000,4
187103,187103,748412,1321,223,892,1025.0,0.0,1025.0,1125,1125,655.2556053811659,23,0,1000000,3000,4
187229,187229,748916,1322,126,504,596.0,0.0,596.0,679,679,375.6825396825397,14,0,1000000,3000,4
187333,187333,749332,1323,104,416,628.0,0.0,628.0,705,705,365.7307692307692,15,0,1000000,3000,4
187379,187379,749516,1324,46,184,220.0,0.0,220.0,286,286,164.32608695652175,6,0,1000000,3000,4
187487,187487,749948,1325,108,432,620.0,0.0,620.0,698,698,368.97222222222223,14,0,1000000,3000,4
187528,187528,750112,1326,41,164,232.0,0.0,232.0,297,297,158.609756097561,6,0,1000000,3000,4
187952,187952,751808,1327,424,1696,995.0,0.0,995.0,1136,1136,670.1297169811321,23,0,1000000,3000,4
187992,187992,751968,1328,40,160,234.0,0.0,234.0,298,298,161.875,6,0,1000000,3000,4
188095,188095,752380,1329,103,412,599.0,0.0,599.0,677,677,379.3592233009709,14,0,1000000,3000,4
188293,188293,753172,1330,198,792,1031.0,0.0,1031.0,1126,1126,575.6919191919192,23,0,1000000,3000,4
188405,188405,753620,1331,112,448,614.0,0.0,614.0,693,693,374.88392857142856,14,0,1000000,3000,4
188537,188537,754148,1332,132,528,730.0,0.0,730.0,813,813,474.2651515151515,17,0,1000000,3000,4
188761,188761,755044,1333,224,896,1039.0,0.0,1039.0,1140,1140,643.9866071428571,23,0,1000000,3000,4
188794,188794,755176,1334,33,132,248.0,0.0,248.0,311,311,155.78787878787878,7,0,1000000,3000,4
188835,188835,755340,1335,41,164,230.0,0.0,230.0,295,295,159.02439024390245,6,0,1000000,3000,4
189008,189008,756032,1336,173,692,809.0,0.0,809.0,898,898,531.0173410404624,18,0,1000000,3000,4
189120,189120,756480,1337,112,448,718.0,0.0,718.0,797,797,440.0357142857143,16,0,1000000,3000,4
189223,189223,756892,1338,103,412,627.0,0.0,627.0,703,703,373.20388349514565,15,0,1000000,3000,4
189409,189409,757636,1339,186,744,1045.0,0.0,1045.0,1138,1138,630.505376344086,23,0,1000000,3000,4
189738,189738,758952,1340,329,1316,1018.0,0.0,1018.0,1140,1140,695.2188449848024,23,0,1000000,3000,4
190026,190026,760104,1341,288,1152,1553.0,0.0,1553.0,1666,1666,796.1458333333334,34,0,1000000,3000,4
190064,190064,760256,1342,38,152,231.0,0.0,231.0,295,295,162.18421052631578,6,0,1000000,3000,4
190222,190222,760888,1343,158,632,812.0,0.0,812.0,898,899,548.5443037974684,18,0,1000000,3000,4
190253,190253,761012,1344,31,124,244.0,0.0,244.0,308,308,154.09677419354838,7,0,1000000,3000,4
190436,190436,761744,1345,183,732,1044.0,0.0,1044.0,1137,1137,574.1530054644809,23,0,1000000,3000,4
190468,190468,761872,1346,32,128,249.0,0.0,249.0,313,313,154.375,7,0,1000000,3000,4
190506,190506,762024,1347,38,152,247.0,0.0,247.0,312,312,148.6315789473684,7,0,1000000,3000,4
190542,190542,762168,1348,36,144,232.0,0.0,232.0,297,297,168.91666666666666,6,0,1000000,3000,4
190755,190755,763020,1349,213,852,1428.0,0.0,1428.0,1528,1528,723.6056338028169,31,0,1000000,3000,4
190792,190792,763168,1350,37,148,239.0,0.0,239.0,304,304,150.13513513513513,7,0,1000000,3000,4
190946,190946,763784,1351,154,616,1044.0,0.0,1044.0,1130,1130,619.0324675324675,23,0,1000000,3000,4
190982,190982,763928,1352,36,144,234.0,0.0,234.0,298,298,162.19444444444446,6,0,1000000,3000,4
191178,191178,764712,1353,196,784,1333.0,0.0,1333.0,1430,1430,715.1428571428571,29,0,1000000,3000,4
191274,191274,765096,1354,96,384,616.0,0.0,616.0,692,692,382.375,14,0,1000000,3000,4
191315,191315,765260,1355,41,164,232.0,0.0,232.0,297,297,157.46341463414635,6,0,1000000,3000,4
191347,191347,765388,1356,32,128,252.0,0.0,252.0,316,316,154.96875,7,0,1000000,3000,4
191448,191448,765792,1357,101,404,605.0,0.0,605.0,682,682,388.7821782178218,14,0,1000000,3000,4
191478,191478,765912,1358,30,120,248.0,0.0,248.0,312,312,153.0,7,0,1000000,3000,4
191513,191513,766052,1359,35,140,242.0,0.0,242.0,306,306,156.74285714285713,7,0,1000000,3000,4
191663,191663,766652,1360,150,600,637.0,0.0,637.0,722,722,486.34,15,0,1000000,3000,4
191693,191693,766772,1361,30,120,250.0,0.0,250.0,314,314,153.26666666666668,7,0,1000000,3000,4
191790,191790,767160,1362,97,388,616.0,0.0,616.0,692,692,379.35051546391753,14,0,1000000,3000,4
191989,191989,767956,1363,199,796,1338.0,0.0,1338.0,1435,1435,718.4773869346734,29,0,1000000,3000,4
192142,192142,768568,1364,153,612,1042.0,0.0,1042.0,1127,1127,638.1437908496732,23,0,1000000,3000,4
192182,192182,768728,1365,40,160,235.0,0.0,235.0,298,298,165.75,6,0,1000000,3000,4
192328,192328,769312,1366,146,584,1043.0,0.0,1043.0,1128,1128,609.6095890410959,23,0,1000000,3000,4
192495,192495,769980,1367,167,668,634.0,0.0,634.0,722,723,472.1077844311377,15,0,1000000,3000,4
192706,192706,770824,1368,211,844,1571.0,0.0,1571.0,1671,1671,751.4786729857819,34,0,1000000,3000,4
192858,192858,771432,1369,152,608,771.0,0.0,771.0,859,859,562.6447368421053,18,0,1000000,3000,4
193009,193009,772036,1370,151,604,1346.0,0.0,1346.0,1434,1434,697.2781456953643,29,0,1000000,3000,4
193075,193075,772300,1371,66,264,611.0,0.0,611.0,682,682,323.92424242424244,14,0,1000000,3000,4
193161,193161,772644,1372,86,344,630.0,0.0,630.0,705,705,368.8139534883721,15,0,1000000,3000,4
193190,193190,772760,1373,29,116,252.0,0.0,252.0,315,315,159.93103448275863,7,0,1000000,3000,4
193265,193265,773060,1374,75,300,624.0,0.0,624.0,695,695,359.38666666666666,14,0,1000000,3000,4
193295,193295,773180,1375,30,120,246.0,0.0,246.0,310,310,152.86666666666667,7,0,1000000,3000,4
193544,193544,774176,1376,249,996,1326.0,0.0,1326.0,1433,1433,671.5261044176707,29,0,1000000,3000,4
193682,193682,774728,1377,138,552,726.0,0.0,726.0,811,811,512.5144927536232,17,0,1000000,3000,4
193936,193936,775744,1378,254,1016,793.0,0.0,793.0,898,899,724.4606299212599,18,0,1000000,3000,4
194134,194134,776536,1379,198,792,1434.0,0.0,1434.0,1529,1529,787.969696969697,31,0,1000000,3000,4
194174,194174,776696,1380,40,160,230.0,0.0,230.0,294,294,167.15,6,0,1000000,3000,4
194272,194272,777088,1381,98,392,619.0,0.0,619.0,695,695,371.05102040816325,14,0,1000000,3000,4
194426,194426,777704,1382,154,616,637.0,0.0,637.0,722,722,518.2272727272727,15,0,1000000,3000,4
194465,194465,777860,1383,39,156,236.0,0.0,236.0,301,301,156.2051282051282,7,0,1000000,3000,4
194501,194501,778004,1384,36,144,240.0,0.0,240.0,304,304,162.61111111111111,7,0,1000000,3000,4
194940,194940,779760,1385,439,1756,994.0,0.0,994.0,1137,1137,729.2801822323462,23,0,1000000,3000,4
194973,194973,779892,1386,33,132,246.0,0.0,246.0,310,310,152.1818181818182,7,0,1000000,3000,4
195077,195077,780308,1387,104,416,624.0,0.0,624.0,701,701,391.0673076923077,15,0,1000000,3000,4
195265,195265,781060,1388,188,752,767.0,0.0,767.0,861,861,514.9627659574468,18,0,1000000,3000,4
195306,195306,781224,1389,41,164,231.0,0.0,231.0,296,296,157.609756097561,6,0,1000000,3000,4
195694,195694,782776,1390,388,1552,1290.0,0.0,1290.0,1424,1424,694.5463917525773,29,0,1000000,3000,4
195729,195729,782916,1391,35,140,236.0,0.0,236.0,299,299,171.82857142857142,6,0,1000000,3000,4
196050,196050,784200,1392,321,1284,1016.0,0.0,1016.0,1136,1136,746.3489096573209,23,0,1000000,3000,4
196343,196343,785372,1393,293,1172,1553.0,0.0,1553.0,1669,1669,821.2354948805461,34,0,1000000,3000,4
196385,196385,785540,1394,42,168,226.0,0.0,226.0,292,292,162.95238095238096,6,0,1000000,3000,4
196423,196423,785692,1395,38,152,239.0,0.0,239.0,302,302,153.0,7,0,1000000,3000,4
196912,196912,787648,1396,489,1956,1355.0,0.0,1355.0,1509,1509,800.0306748466257,31,0,1000000,3000,4
197016,197016,788064,1397,104,416,605.0,0.0,605.0,682,682,403.72115384615387,14,0,1000000,3000,4
197046,197046,788184,1398,30,120,242.0,0.0,242.0,305,305,163.9,7,0,1000000,3000,4
197157,197157,788628,1399,111,444,608.0,0.0,608.0,686,686,390.1261261261261,14,0,1000000,3000,4
197377,197377,789508,1400,220,880,1030.0,0.0,1030.0,1129,1129,646.2363636363636,23,0,1000000,3000,4
197492,197492,789968,1401,115,460,625.0,0.0,625.0,703,703,373.2869565217391,15,0,1000000,3000,4
197528,197528,790112,1402,36,144,234.0,0.0,234.0,299,299,166.47222222222223,6,0,1000000,3000,4
197681,197681,790724,1403,153,612,813.0,0.0,813.0,898,898,537.9346405228758,18,0,1000000,3000,4
198003,198003,792012,1404,322,1288,1298.0,0.0,1298.0,1419,1419,750.7515527950311,29,0,1000000,3000,4
198111,198111,792444,1405,108,432,626.0,0.0,626.0,705,705,358.6111111111111,15,0,1000000,3000,4
198301,198301,793204,1406,190,760,1041.0,0.0,1041.0,1136,1136,623.6105263157895,23,0,1000000,3000,4
198430,198430,793720,1407,129,516,751.0,0.0,751.0,833,833,496.2170542635659,17,0,1000000,3000,4
198470,198470,793880,1408,40,160,231.0,0.0,231.0,296,296,160.55,6,0,1000000,3000,4
198500,198500,794000,1409,30,120,247.0,0.0,247.0,308,308,159.36666666666667,7,0,1000000,3000,4
198535,198535,794140,1410,35,140,230.0,0.0,230.0,294,294,164.85714285714286,6,0,1000000,3000,4
198634,198634,794536,1411,99,396,615.0,0.0,615.0,692,692,394.8787878787879,14,0,1000000,3000,4
198667,198667,794668,1412,33,132,246.0,0.0,246.0,310,310,155.4848484848485,7,0,1000000,3000,4
198757,198757,795028,1413,90,360,626.0,0.0,626.0,700,700,378.75555555555553,15,0,1000000,3000,4
198956,198956,795824,1414,199,796,1030.0,0.0,1030.0,1125,1125,639.6582914572864,23,0,1000000,3000,4
199132,199132,796528,1415,176,704,1146.0,0.0,1146.0,1239,1239,674.1193181818181,25,0,1000000,3000,4
199300,199300,797200,1416,168,672,634.0,0.0,634.0,722,722,470.86309523809524,15,0,1000000,3000,4
199624,199624,798496,1417,324,1296,1005.0,0.0,1005.0,1124,1124,663.9012345679013,23,0,1000000,3000,4
199658,199658,798632,1418,34,136,246.0,0.0,246.0,308,308,147.14705882352942,7,0,1000000,3000,4
199820,199820,799280,1419,162,648,1036.0,0.0,1036.0,1124,1124,580.5802469135803,23,0,1000000,3000,4
200012,200012,800048,1420,192,768,1429.0,0.0,1429.0,1524,1524,702.0729166666666,31,0,1000000,3000,4
200180,200180,800720,1421,168,672,601.0,0.0,601.0,692,692,449.04761904761904,14,0,1000000,3000,4
200534,200534,802136,1422,354,1416,1894.0,0.0,1894.0,2021,2021,916.7655367231638,41,0,1000000,3000,4
200685,200685,802740,1423,151,604,759.0,0.0,759.0,847,847,512.1986754966888,17,0,1000000,3000,4
200775,200775,803100,1424,90,360,624.0,0.0,624.0,698,698,382.5,14,0,1000000,3000,4
200855,200855,803420,1425,80,320,627.0,0.0,627.0,700,700,399.5875,15,0,1000000,3000,4
201079,201079,804316,1426,224,896,1336.0,0.0,1336.0,1438,1438,719.7410714285714,29,0,1000000,3000,4
201288,201288,805152,1427,209,836,1693.0,0.0,1693.0,1791,1791,857.1244019138755,36,0,1000000,3000,4
201326,201326,805304,1428,38,152,245.0,0.0,245.0,309,309,148.8421052631579,7,0,1000000,3000,4
201363,201363,805452,1429,37,148,233.0,0.0,233.0,297,297,164.86486486486487,6,0,1000000,3000,4
201454,201454,805816,1430,91,364,609.0,0.0,609.0,685,685,332.68131868131866,14,0,1000000,3000,4
201486,201486,805944,1431,32,128,250.0,0.0,250.0,314,314,150.0,7,0,1000000,3000,4
201516,201516,806064,1432,30,120,250.0,0.0,250.0,313,313,157.56666666666666,7,0,1000000,3000,4
201670,201670,806680,1433,154,616,637.0,0.0,637.0,722,722,503.46753246753246,15,0,1000000,3000,4
201700,201700,806800,1434,30,120,247.0,0.0,247.0,310,310,153.36666666666667,7,0,1000000,3000,4
201731,201731,806924,1435,31,124,250.0,0.0,250.0,313,313,153.48387096774192,7,0,1000000,3000,4
201764,201764,807056,1436,33,132,249.0,0.0,249.0,312,312,158.6969696969697,7,0,1000000,3000,4
201838,201838,807352,1437,74,296,610.0,0.0,610.0,682,682,318.35135135135135,14,0,1000000,3000,4
201941,201941,807764,1438,103,412,627.0,0.0,627.0,704,704,369.97087378640776,15,0,1000000,3000,4
201972,201972,807888,1439,31,124,247.0,0.0,247.0,311,311,149.16129032258064,7,0,1000000,3000,4
202048,202048,808192,1440,76,304,639.0,0.0,639.0,711,711,387.9342105263158,15,0,1000000,3000,4
202146,202146,808584,1441,98,392,629.0,0.0,629.0,706,706,373.5816326530612,15,0,1000000,3000,4
202182,202182,808728,1442,36,144,234.0,0.0,234.0,299,299,167.88888888888889,6,0,1000000,3000,4
202326,202326,809304,1443,144,576,724.0,0.0,724.0,809,809,506.4375,17,0,1000000,3000,4
202581,202581,810324,1444,255,1020,1417.0,0.0,1417.0,1525,1525,755.2509803921569,31,0,1000000,3000,4
202797,202797,811188,1445,216,864,1846.0,0.0,1846.0,1947,1947,944.1435185185185,39,0,1000000,3000,4
202872,202872,811488,1446,75,300,623.0,0.0,623.0,695,695,356.48,14,0,1000000,3000,4
202907,202907,811628,1447,35,140,248.0,0.0,248.0,312,312,154.4,7,0,1000000,3000,4
203082,203082,812328,1448,175,700,1037.0,0.0,1037.0,1128,1128,639.3542857142858,23,0,1000000,3000,4
203359,203359,813436,1449,277,1108,1683.0,0.0,1683.0,1796,1796,823.3249097472924,36,0,1000000,3000,4
203546,203546,814184,1450,187,748,806.0,0.0,806.0,898,898,562.6310160427807,18,0,1000000,3000,4
203584,203584,814336,1451,38,152,249.0,0.0,249.0,314,314,141.89473684210526,7,0,1000000,3000,4
203754,203754,815016,1452,170,680,1344.0,0.0,1344.0,1435,1435,739.7529411764706,29,0,1000000,3000,4
203854,203854,815416,1453,100,400,604.0,0.0,604.0,682,682,388.23,14,0,1000000,3000,4
204105,204105,816420,1454,251,1004,1327.0,0.0,1327.0,1435,1435,784.9003984063745,29,0,1000000,3000,4
204437,204437,817748,1455,332,1328,1016.0,0.0,1016.0,1138,1138,753.5331325301205,23,0,1000000,3000,4
204482,204482,817928,1456,45,180,232.0,0.0,232.0,297,297,151.8,6,0,1000000,3000,4
204600,204600,818400,1457,118,472,734.0,0.0,734.0,815,815,469.5169491525424,17,0,1000000,3000,4
204637,204637,818548,1458,37,148,240.0,0.0,240.0,305,305,147.83783783783784,7,0,1000000,3000,4
204671,204671,818684,1459,34,136,246.0,0.0,246.0,308,308,146.64705882352942,7,0,1000000,3000,4
204824,204824,819296,1460,153,612,813.0,0.0,813.0,898,899,567.4575163398692,18,0,1000000,3000,4
204967,204967,819868,1461,143,572,726.0,0.0,726.0,811,811,506.46853146853147,17,0,1000000,3000,4
205293,205293,821172,1462,326,1304,1391.0,0.0,1391.0,1513,1513,790.9785276073619,31,0,1000000,3000,4
205415,205415,821660,1463,122,488,592.0,0.0,592.0,673,673,382.0163934426229,14,0,1000000,3000,4
205516,205516,822064,1464,101,404,616.0,0.0,616.0,692,692,376.64356435643566,14,0,1000000,3000,4
205916,205916,823664,1465,400,1600,999.0,0.0,999.0,1136,1136,663.0575,23,0,1000000,3000,4
206036,206036,824144,1466,120,480,591.0,0.0,591.0,672,672,392.5416666666667,14,0,1000000,3000,4
206203,206203,824812,1467,167,668,634.0,0.0,634.0,722,723,486.45508982035926,15,0,1000000,3000,4
206236,206236,824944,1468,33,132,241.0,0.0,241.0,305,305,165.36363636363637,7,0,1000000,3000,4
206316,206316,825264,1469,80,320,651.0,0.0,651.0,722,722,361.2,15,0,1000000,3000,4
206677,206677,826708,1470,361,1444,995.0,0.0,995.0,1122,1122,744.2853185595568,23,0,1000000,3000,4
206722,206722,826888,1471,45,180,218.0,0.0,218.0,284,284,160.77777777777777,6,0,1000000,3000,4
207035,207035,828140,1472,313,1252,1394.0,0.0,1394.0,1513,1513,738.9201277955272,31,0,1000000,3000,4
207303,207303,829212,1473,268,1072,1017.0,0.0,1017.0,1126,1126,654.9925373134329,23,0,1000000,3000,4
207492,207492,829968,1474,189,756,1033.0,0.0,1033.0,1126,1126,622.8835978835979,23,0,1000000,3000,4
207523,207523,830092,1475,31,124,252.0,0.0,252.0,316,316,151.32258064516128,7,0,1000000,3000,4
207672,207672,830688,1476,149,596,638.0,0.0,638.0,722,722,480.9463087248322,15,0,1000000,3000,4
208008,208008,832032,1477,336,1344,1393.0,0.0,1393.0,1516,1516,806.9166666666666,31,0,1000000,3000,4
208151,208151,832604,1478,143,572,639.0,0.0,639.0,722,722,528.0909090909091,15,0,1000000,3000,4
208462,208462,833848,1479,311,1244,1005.0,0.0,1005.0,1123,1123,666.8456591639872,23,0,1000000,3000,4
208588,208588,834352,1480,126,504,592.0,0.0,592.0,675,675,378.25396825396825,14,0,1000000,3000,4
208949,208949,835796,1481,361,1444,1010.0,0.0,1010.0,1138,1138,686.595567867036,23,0,1000000,3000,4
208982,208982,835928,1482,33,132,244.0,0.0,244.0,307,307,160.33333333333334,7,0,1000000,3000,4
209289,209289,837156,1483,307,1228,1011.0,0.0,1011.0,1128,1128,643.4039087947883,23,0,1000000,3000,4
209402,209402,837608,1484,113,452,587.0,0.0,587.0,666,666,384.6106194690266,14,0,1000000,3000,4
209776,209776,839104,1485,374,1496,1302.0,0.0,1302.0,1434,1434,733.2513368983957,29,0,1000000,3000,4
209936,209936,839744,1486,160,640,609.0,0.0,609.0,698,698,463.50625,14,0,1000000,3000,4
209979,209979,839916,1487,43,172,238.0,0.0,238.0,302,302,146.06976744186048,7,0,1000000,3000,4
210204,210204,840816,1488,225,900,1027.0,0.0,1027.0,1126,1126,571.5511111111111,23,0,1000000,3000,4
210371,210371,841484,1489,167,668,618.0,0.0,618.0,708,708,455.7125748502994,15,0,1000000,3000,4
210417,210417,841668,1490,46,184,222.0,0.0,222.0,287,287,158.17391304347825,6,0,1000000,3000,4
210524,210524,842096,1491,107,428,623.0,0.0,623.0,700,700,376.5514018691589,15,0,1000000,3000,4
210834,210834,843336,1492,310,1240,1023.0,0.0,1023.0,1141,1141,694.2322580645161,23,0,1000000,3000,4
211063,211063,844252,1493,229,916,721.0,0.0,721.0,822,822,537.1965065502184,17,0,1000000,3000,4
211306,211306,845224,1494,243,972,1022.0,0.0,1022.0,1126,1126,618.5679012345679,23,0,1000000,3000,4
211439,211439,845756,1495,133,532,736.0,0.0,736.0,819,819,466.62406015037595,17,0,1000000,3000,4
211694,211694,846776,1496,255,1020,1017.0,0.0,1017.0,1124,1124,614.9921568627451,23,0,1000000,3000,4
211972,211972,847888,1497,278,1112,1015.0,0.0,1015.0,1125,1125,505.3848920863309,23,0,1000000,3000,4
212119,212119,848476,1498,147,588,625.0,0.0,625.0,710,710,357.7551020408163,15,0,1000000,3000,4
212164,212164,848656,1499,45,180,228.0,0.0,228.0,294,294,153.62222222222223,6,0,1000000,3000,4
212446,212446,849784,1500,282,1128,1020.0,0.0,1020.0,1133,1133,646.9007092198582,23,0,1000000,3000,4
212631,212631,850524,1501,185,740,807.0,0.0,807.0,898,898,542.8486486486487,18,0,1000000,3000,4
212806,212806,851224,1502,175,700,633.0,0.0,633.0,722,723,472.53714285714284,15,0,1000000,3000,4
213066,213066,852264,1503,260,1040,1321.0,0.0,1321.0,1431,1431,722.1923076923077,29,0,1000000,3000,4
213308,213308,853232,1504,242,968,1020.0,0.0,1020.0,1123,1123,616.3140495867768,23,0,1000000,3000,4
213354,213354,853416,1505,46,184,228.0,0.0,228.0,294,294,153.41304347826087,6,0,1000000,3000,4
213544,213544,854176,1506,190,760,1032.0,0.0,1032.0,1125,1125,582.4,23,0,1000000,3000,4
213596,213596,854384,1507,52,208,203.0,0.0,203.0,269,269,170.25,6,0,1000000,3000,4
213631,213631,854524,1508,35,140,247.0,0.0,247.0,311,311,142.68571428571428,7,0,1000000,3000,4
213681,213681,854724,1509,50,200,224.0,0.0,224.0,290,290,138.8,6,0,1000000,3000,4
213858,213858,855432,1510,177,708,1047.0,0.0,1047.0,1139,1139,600.7966101694915,23,0,1000000,3000,4
213973,213973,855892,1511,115,460,605.0,0.0,605.0,684,684,375.704347826087,14,0,1000000,3000,4
214019,214019,856076,1512,46,184,219.0,0.0,219.0,286,286,166.15217391304347,6,0,1000000,3000,4
214142,214142,856568,1513,123,492,613.0,0.0,613.0,695,695,367.7886178861789,14,0,1000000,3000,4
214419,214419,857676,1514,277,1108,1323.0,0.0,1323.0,1436,1436,768.4620938628159,29,0,1000000,3000,4
214494,214494,857976,1515,75,300,607.0,0.0,607.0,680,680,316.8666666666667,14,0,1000000,3000,4
214755,214755,859020,1516,261,1044,1308.0,0.0,1308.0,1416,1416,667.9770114942529,29,0,1000000,3000,4
214796,214796,859184,1517,41,164,235.0,0.0,235.0,301,301,148.21951219512195,7,0,1000000,3000,4
214962,214962,859848,1518,166,664,616.0,0.0,616.0,706,706,436.3734939759036,15,0,1000000,3000,4
214994,214994,859976,1519,32,128,251.0,0.0,251.0,315,315,152.5,7,0,1000000,3000,4
215029,215029,860116,1520,35,140,237.0,0.0,237.0,301,301,164.6,7,0,1000000,3000,4
215251,215251,861004,1521,222,888,1044.0,0.0,1044.0,1146,1146,581.4639639639639,23,0,1000000,3000,4
215281,215281,861124,1522,30,120,246.0,0.0,246.0,307,307,160.66666666666666,7,0,1000000,3000,4
215532,215532,862128,1523,251,1004,1125.0,0.0,1125.0,1232,1232,710.6175298804781,25,0,1000000,3000,4
215565,215565,862260,1524,33,132,242.0,0.0,242.0,306,306,168.6969696969697,7,0,1000000,3000,4
215729,215729,862916,1525,164,656,635.0,0.0,635.0,722,722,473.1158536585366,15,0,1000000,3000,4
215771,215771,863084,1526,42,168,232.0,0.0,232.0,297,297,157.35714285714286,6,0,1000000,3000,4
215811,215811,863244,1527,40,160,235.0,0.0,235.0,299,299,157.425,6,0,1000000,3000,4
215906,215906,863624,1528,95,380,622.0,0.0,622.0,697,697,365.2736842105263,14,0,1000000,3000,4
215990,215990,863960,1529,84,336,624.0,0.0,624.0,697,697,392.9761904761905,14,0,1000000,3000,4
216170,216170,864680,1530,180,720,722.0,0.0,722.0,814,814,493.1333333333333,17,0,1000000,3000,4
216416,216416,865664,1531,246,984,1032.0,0.0,1032.0,1138,1138,651.9959349593496,23,0,1000000,3000,4
216636,216636,866544,1532,220,880,1564.0,0.0,1564.0,1665,1665,798.5727272727273,34,0,1000000,3000,4
216846,216846,867384,1533,210,840,1028.0,0.0,1028.0,1124,1124,565.547619047619,23,0,1000000,3000,4
216944,216944,867776,1534,98,392,620.0,0.0,620.0,696,696,362.90816326530614,14,0,1000000,3000,4
217043,217043,868172,1535,99,396,609.0,0.0,609.0,685,685,374.2121212121212,14,0,1000000,3000,4
217272,217272,869088,1536,229,916,1323.0,0.0,1323.0,1424,1424,733.0873362445415,29,0,1000000,3000,4
217312,217312,869248,1537,40,160,237.0,0.0,237.0,303,303,154.3,7,0,1000000,3000,4
217413,217413,869652,1538,101,404,628.0,0.0,628.0,706,706,353.9504950495049,15,0,1000000,3000,4
217462,217462,869848,1539,49,196,213.0,0.0,213.0,278,278,165.3673469387755,6,0,1000000,3000,4
217504,217504,870016,1540,42,168,239.0,0.0,239.0,305,305,143.88095238095238,7,0,1000000,3000,4
217541,217541,870164,1541,37,148,248.0,0.0,248.0,313,313,137.21621621621622,7,0,1000000,3000,4
217584,217584,870336,1542,43,172,220.0,0.0,220.0,286,286,169.41860465116278,6,0,1000000,3000,4
217671,217671,870684,1543,87,348,630.0,0.0,630.0,704,704,376.0919540229885,15,0,1000000,3000,4
217767,217767,871068,1544,96,384,732.0,0.0,732.0,809,809,426.6979166666667,17,0,1000000,3000,4
217877,217877,871508,1545,110,440,608.0,0.0,608.0,686,686,381.05454545454546,14,0,1000000,3000,4
217962,217962,871848,1546,85,340,633.0,0.0,633.0,708,708,390.4117647058824,15,0,1000000,3000,4
217994,217994,871976,1547,32,128,247.0,0.0,247.0,311,311,154.15625,7,0,1000000,3000,4
218177,218177,872708,1548,183,732,1316.0,0.0,1316.0,1409,1409,729.103825136612,29,0,1000000,3000,4
218214,218214,872856,1549,37,148,245.0,0.0,245.0,310,310,146.8108108108108,7,0,1000000,3000,4
218246,218246,872984,1550,32,128,244.0,0.0,244.0,308,308,163.125,7,0,1000000,3000,4
218290,218290,873160,1551,44,176,235.0,0.0,235.0,301,301,152.22727272727272,7,0,1000000,3000,4
218329,218329,873316,1552,39,156,250.0,0.0,250.0,315,315,138.10256410256412,7,0,1000000,3000,4
218516,218516,874064,1553,187,748,754.0,0.0,754.0,848,848,536.9304812834224,17,0,1000000,3000,4
218559,218559,874236,1554,43,172,246.0,0.0,246.0,312,312,122.95348837209302,7,0,1000000,3000,4
218591,218591,874364,1555,32,128,244.0,0.0,244.0,308,308,152.125,7,0,1000000,3000,4
218682,218682,874728,1556,91,364,615.0,0.0,615.0,691,691,323.5054945054945,14,0,1000000,3000,4
218892,218892,875568,1557,210,840,1026.0,0.0,1026.0,1122,1123,619.3380952380952,23,0,1000000,3000,4
219007,219007,876028,1558,115,460,610.0,0.0,610.0,689,689,409.7913043478261,14,0,1000000,3000,4
219154,219154,876616,1559,147,588,760.0,0.0,760.0,845,845,497.34013605442175,17,0,1000000,3000,4
219325,219325,877300,1560,171,684,809.0,0.0,809.0,898,899,540.5029239766081,18,0,1000000,3000,4
219561,219561,878244,1561,236,944,1553.0,0.0,1553.0,1657,1657,768.2838983050848,34,0,1000000,3000,4
219670,219670,878680,1562,109,436,719.0,0.0,719.0,796,796,478.8440366972477,16,0,1000000,3000,4
219894,219894,879576,1563,224,896,1315.0,0.0,1315.0,1415,1415,710.0848214285714,29,0,1000000,3000,4
220136,220136,880544,1564,242,968,1034.0,0.0,1034.0,1139,1139,636.4710743801653,23,0,1000000,3000,4
220372,220372,881488,1565,236,944,1312.0,0.0,1312.0,1414,1414,729.9364406779661,29,0,1000000,3000,4
220587,220587,882348,1566,215,860,1334.0,0.0,1334.0,1434,1434,662.0930232558139,29,0,1000000,3000,4
220628,220628,882512,1567,41,164,235.0,0.0,235.0,300,300,145.58536585365854,7,0,1000000,3000,4
220904,220904,883616,1568,276,1104,1561.0,0.0,1561.0,1674,1674,822.0942028985507,34,0,1000000,3000,4
220948,220948,883792,1569,44,176,228.0,0.0,228.0,294,294,152.75,6,0,1000000,3000,4
220989,220989,883956,1570,41,164,230.0,0.0,230.0,295,295,157.8780487804878,6,0,1000000,3000,4
221080,221080,884320,1571,91,364,601.0,0.0,601.0,676,676,414.15384615384613,14,0,1000000,3000,4
221110,221110,884440,1572,30,120,250.0,0.0,250.0,311,311,157.83333333333334,7,0,1000000,3000,4
221149,221149,884596,1573,39,156,237.0,0.0,237.0,301,301,152.87179487179486,7,0,1000000,3000,4
221191,221191,884764,1574,42,168,242.0,0.0,242.0,307,307,136.35714285714286,7,0,1000000,3000,4
221224,221224,884896,1575,33,132,250.0,0.0,250.0,314,314,152.8181818181818,7,0,1000000,3000,4
221571,221571,886284,1576,347,1388,1309.0,0.0,1309.0,1436,1436,777.4553314121038,29,0,1000000,3000,4
221606,221606,886424,1577,35,140,233.0,0.0,233.0,296,296,169.17142857142858,6,0,1000000,3000,4
221719,221719,886876,1578,113,452,596.0,0.0,596.0,675,675,395.2566371681416,14,0,1000000,3000,4
221888,221888,887552,1579,169,676,778.0,0.0,778.0,869,869,514.4023668639053,18,0,1000000,3000,4
221922,221922,887688,1580,34,136,239.0,0.0,239.0,303,303,161.64705882352942,7,0,1000000,3000,4
222014,222014,888056,1581,92,368,719.0,0.0,719.0,793,793,467.8695652173913,16,0,1000000,3000,4
222083,222083,888332,1582,69,276,607.0,0.0,607.0,678,678,317.231884057971,14,0,1000000,3000,4
222114,222114,888456,1583,31,124,244.0,0.0,244.0,308,308,157.3548387096774,7,0,1000000,3000,4
222144,222144,888576,1584,30,120,248.0,0.0,248.0,311,311,154.56666666666666,7,0,1000000,3000,4
222321,222321,889284,1585,177,708,1035.0,0.0,1035.0,1125,1125,560.457627118644,23,0,1000000,3000,4
222643,222643,890572,1586,322,1288,1550.0,0.0,1550.0,1672,1672,760.335403726708,34,0,1000000,3000,4
222892,222892,891568,1587,249,996,1126.0,0.0,1126.0,1232,1232,654.3132530120482,25,0,1000000,3000,4
223070,223070,892280,1588,178,712,1039.0,0.0,1039.0,1130,1130,672.061797752809,23,0,1000000,3000,4
223153,223153,892612,1589,83,332,621.0,0.0,621.0,695,695,393.0120481927711,14,0,1000000,3000,4
223238,223238,892952,1590,85,340,611.0,0.0,611.0,685,685,356.3176470588235,14,0,1000000,3000,4
223274,223274,893096,1591,36,144,241.0,0.0,241.0,306,306,152.61111111111111,7,0,1000000,3000,4
223351,223351,893404,1592,77,308,639.0,0.0,639.0,710,710,381.8831168831169,15,0,1000000,3000,4
223484,223484,893936,1593,133,532,743.0,0.0,743.0,825,825,514.0902255639098,17,0,1000000,3000,4
223522,223522,894088,1594,38,152,240.0,0.0,240.0,304,304,154.1578947368421,7,0,1000000,3000,4
223721,223721,894884,1595,199,796,1035.0,0.0,1035.0,1131,1131,650.7688442211055,23,0,1000000,3000,4
223751,223751,895004,1596,30,120,249.0,0.0,249.0,313,313,152.63333333333333,7,0,1000000,3000,4
223989,223989,895956,1597,238,952,1563.0,0.0,1563.0,1668,1668,809.9453781512605,34,0,1000000,3000,4
224023,224023,896092,1598,34,136,241.0,0.0,241.0,304,304,163.97058823529412,7,0,1000000,3000,4
224184,224184,896736,1599,161,644,635.0,0.0,635.0,722,722,492.09316770186336,15,0,1000000,3000,4
224419,224419,897676,1600,235,940,1323.0,0.0,1323.0,1427,1427,714.2978723404256,29,0,1000000,3000,4
224544,224544,898176,1601,125,500,818.0,0.0,818.0,898,898,567.688,18,0,1000000,3000,4
224584,224584,898336,1602,40,160,235.0,0.0,235.0,298,298,165.9,6,0,1000000,3000,4
224762,224762,899048,1603,178,712,1036.0,0.0,1036.0,1126,1126,602.5393258426966,23,0,1000000,3000,4
224854,224854,899416,1604,92,368,617.0,0.0,617.0,693,693,370.5217391304348,14,0,1000000,3000,4
224938,224938,899752,1605,84,336,614.0,0.0,614.0,687,687,406.92857142857144,14,0,1000000,3000,4
225166,225166,900664,1606,228,912,1027.0,0.0,1027.0,1128,1128,646.561403508772,23,0,1000000,3000,4
225201,225201,900804,1607,35,140,237.0,0.0,237.0,302,302,158.11428571428573,7,0,1000000,3000,4
225233,225233,900932,1608,32,128,248.0,0.0,248.0,312,312,150.53125,7,0,1000000,3000,4
225447,225447,901788,1609,214,856,1032.0,0.0,1032.0,1130,1130,636.088785046729,23,0,1000000,3000,4
225771,225771,903084,1610,324,1296,2351.0,0.0,2351.0,2471,2471,1203.6327160493827,50,0,1000000,3000,4
225814,225814,903256,1611,43,172,222.0,0.0,222.0,288,288,163.88372093023256,6,0,1000000,3000,4
225905,225905,903620,1612,91,364,626.0,0.0,626.0,702,702,349.94505494505495,15,0,1000000,3000,4
226101,226101,904404,1613,196,784,1429.0,0.0,1429.0,1526,1526,728.8775510204082,31,0,1000000,3000,4
226244,226244,904976,1614,143,572,759.0,0.0,759.0,845,845,533.1328671328671,17,0,1000000,3000,4
226377,226377,905508,1615,133,532,1045.0,0.0,1045.0,1126,1126,614.8195488721805,23,0,1000000,3000,4
226558,226558,906232,1616,181,724,1340.0,0.0,1340.0,1434,1434,698.9116022099447,29,0,1000000,3000,4
226594,226594,906376,1617,36,144,246.0,0.0,246.0,311,311,156.52777777777777,7,0,1000000,3000,4
226629,226629,906516,1618,35,140,235.0,0.0,235.0,298,298,166.0857142857143,6,0,1000000,3000,4
226727,226727,906908,1619,98,392,614.0,0.0,614.0,690,690,407.31632653061223,14,0,1000000,3000,4
226758,226758,907032,1620,31,124,250.0,0.0,250.0,312,312,152.96774193548387,7,0,1000000,3000,4
226899,226899,907596,1621,141,564,815.0,0.0,815.0,898,898,533.9716312056737,18,0,1000000,3000,4
226928,226928,907712,1622,29,116,246.0,0.0,246.0,309,309,156.93103448275863,7,0,1000000,3000,4
226966,226966,907864,1623,38,152,238.0,0.0,238.0,303,303,152.23684210526315,7,0,1000000,3000,4
226998,226998,907992,1624,32,128,248.0,0.0,248.0,312,312,149.53125,7,0,1000000,3000,4
227113,227113,908452,1625,115,460,624.0,0.0,624.0,704,704,376.7826086956522,15,0,1000000,3000,4
227148,227148,908592,1626,35,140,243.0,0.0,243.0,307,307,158.5142857142857,7,0,1000000,3000,4
227323,227323,909292,1627,175,700,724.0,0.0,724.0,816,816,493.5314285714286,17,0,1000000,3000,4
227416,227416,909664,1628,93,372,611.0,0.0,611.0,687,687,346.68817204301075,14,0,1000000,3000,4
227704,227704,910816,1629,288,1152,1673.0,0.0,1673.0,1786,1786,872.3368055555555,36,0,1000000,3000,4
227775,227775,911100,1630,71,284,627.0,0.0,627.0,699,699,362.7323943661972,14,0,1000000,3000,4
227864,227864,911456,1631,89,356,619.0,0.0,619.0,693,693,402.86516853932585,14,0,1000000,3000,4
227894,227894,911576,1632,30,120,247.0,0.0,247.0,311,311,156.96666666666667,7,0,1000000,3000,4
227979,227979,911916,1633,85,340,619.0,0.0,619.0,694,694,359.3058823529412,14,0,1000000,3000,4
228051,228051,912204,1634,72,288,629.0,0.0,629.0,701,701,371.40277777777777,15,0,1000000,3000,4
228087,228087,912348,1635,36,144,247.0,0.0,247.0,311,311,148.97222222222223,7,0,1000000,3000,4
228279,228279,913116,1636,192,768,1033.0,0.0,1033.0,1126,1126,618.8072916666666,23,0,1000000,3000,4
228482,228482,913928,1637,203,812,1426.0,0.0,1426.0,1523,1523,798.1773399014778,31,0,1000000,3000,4
228511,228511,914044,1638,29,116,249.0,0.0,249.0,312,312,158.86206896551724,7,0,1000000,3000,4
228545,228545,914180,1639,34,136,237.0,0.0,237.0,300,300,171.8235294117647,7,0,1000000,3000,4
228583,228583,914332,1640,38,152,239.0,0.0,239.0,304,304,154.6578947368421,7,0,1000000,3000,4
228802,228802,915208,1641,219,876,1425.0,0.0,1425.0,1526,1526,782.4292237442922,31,0,1000000,3000,4
228879,228879,915516,1642,77,308,637.0,0.0,637.0,708,708,391.7142857142857,15,0,1000000,3000,4
229048,229048,916192,1643,169,676,1048.0,0.0,1048.0,1138,1138,627.9349112426036,23,0,1000000,3000,4
229136,229136,916544,1644,88,352,640.0,0.0,640.0,715,715,383.8181818181818,15,0,1000000,3000,4
229166,229166,916664,1645,30,120,249.0,0.0,249.0,312,312,152.66666666666666,7,0,1000000,3000,4
229355,229355,917420,1646,189,756,1057.0,0.0,1057.0,1152,1152,609.1216931216932,24,0,1000000,3000,4
229388,229388,917552,1647,33,132,239.0,0.0,239.0,303,303,161.33333333333334,7,0,1000000,3000,4
229421,229421,917684,1648,33,132,238.0,0.0,238.0,302,302,161.54545454545453,7,0,1000000,3000,4
229491,229491,917964,1649,70,280,629.0,0.0,629.0,700,700,377.77142857142854,15,0,1000000,3000,4
229531,229531,918124,1650,40,160,234.0,0.0,234.0,299,299,158.95,6,0,1000000,3000,4
229610,229610,918440,1651,79,316,640.0,0.0,640.0,712,712,384.1012658227848,15,0,1000000,3000,4
229649,229649,918596,1652,39,156,234.0,0.0,234.0,298,298,164.23076923076923,6,0,1000000,3000,4
229733,229733,918932,1653,84,336,625.0,0.0,625.0,699,699,400.1904761904762,14,0,1000000,3000,4
229810,229810,919240,1654,77,308,606.0,0.0,606.0,679,679,353.93506493506493,14,0,1000000,3000,4
229850,229850,919400,1655,40,160,235.0,0.0,235.0,300,300,158.725,7,0,1000000,3000,4
229882,229882,919528,1656,32,128,251.0,0.0,251.0,315,315,154.71875,7,0,1000000,3000,4
229983,229983,919932,1657,101,404,613.0,0.0,613.0,691,691,410.03960396039605,14,0,1000000,3000,4
230014,230014,920056,1658,31,124,246.0,0.0,246.0,309,309,156.09677419354838,7,0,1000000,3000,4
230044,230044,920176,1659,30,120,248.0,0.0,248.0,310,310,156.36666666666667,7,0,1000000,3000,4
230075,230075,920300,1660,31,124,246.0,0.0,246.0,310,310,152.38709677419354,7,0,1000000,3000,4
230235,230235,920940,1661,160,640,736.0,0.0,736.0,824,824,536.1375,17,0,1000000,3000,4
230270,230270,921080,1662,35,140,238.0,0.0,238.0,303,303,157.17142857142858,7,0,1000000,3000,4
230441,230441,921764,1663,171,684,1039.0,0.0,1039.0,1129,1129,575.9473684210526,23,0,1000000,3000,4
230639,230639,922556,1664,198,792,1034.0,0.0,1034.0,1129,1129,624.1717171717172,23,0,1000000,3000,4
230676,230676,922704,1665,37,148,238.0,0.0,238.0,302,302,154.75675675675674,7,0,1000000,3000,4
230839,230839,923356,1666,163,652,1049.0,0.0,1049.0,1138,1138,607.0,23,0,1000000,3000,4
230926,230926,923704,1667,87,348,613.0,0.0,613.0,687,687,325.8735632183908,14,0,1000000,3000,4
230959,230959,923836,1668,33,132,242.0,0.0,242.0,304,304,163.6060606060606,7,0,1000000,3000,4
231044,231044,924176,1669,85,340,636.0,0.0,636.0,709,709,377.22352941176473,15,0,1000000,3000,4
231082,231082,924328,1670,38,152,224.0,0.0,224.0,288,288,174.6578947368421,6,0,1000000,3000,4
231114,231114,924456,1671,32,128,248.0,0.0,248.0,312,312,159.0,7,0,1000000,3000,4
231144,231144,924576,1672,30,120,249.0,0.0,249.0,313,313,158.83333333333334,7,0,1000000,3000,4
231177,231177,924708,1673,33,132,246.0,0.0,246.0,309,309,158.9090909090909,7,0,1000000,3000,4
231215,231215,924860,1674,38,152,237.0,0.0,237.0,301,301,155.6315789473684,7,0,1000000,3000,4
231376,231376,925504,1675,161,644,1052.0,0.0,1052.0,1141,1141,643.2298136645962,23,0,1000000,3000,4
231416,231416,925664,1676,40,160,233.0,0.0,233.0,297,297,164.0,6,0,1000000,3000,4
231616,231616,926464,1677,200,800,1032.0,0.0,1032.0,1127,1127,650.055,23,0,1000000,3000,4
231722,231722,926888,1678,106,424,613.0,0.0,613.0,692,692,386.62264150943395,14,0,1000000,3000,4
231766,231766,927064,1679,44,176,226.0,0.0,226.0,291,291,165.95454545454547,6,0,1000000,3000,4
231807,231807,927228,1680,41,164,230.0,0.0,230.0,295,295,157.41463414634146,6,0,1000000,3000,4
231848,231848,927392,1681,41,164,232.0,0.0,232.0,298,298,162.70731707317074,6,0,1000000,3000,4
232080,232080,928320,1682,232,928,1331.0,0.0,1331.0,1435,1435,739.2327586206897,29,0,1000000,3000,4
232253,232253,929012,1683,173,692,809.0,0.0,809.0,898,898,575.4161849710982,18,0,1000000,3000,4
232292,232292,929168,1684,39,156,240.0,0.0,240.0,304,304,148.87179487179486,7,0,1000000,3000,4
232487,232487,929948,1685,195,780,1045.0,0.0,1045.0,1140,1140,593.6,23,0,1000000,3000,4
232526,232526,930104,1686,39,156,236.0,0.0,236.0,300,300,155.30769230769232,7,0,1000000,3000,4
232701,232701,930804,1687,175,700,758.0,0.0,758.0,849,849,529.7885714285715,17,0,1000000,3000,4
232743,232743,930972,1688,42,168,233.0,0.0,233.0,298,298,158.8095238095238,6,0,1000000,3000,4
232780,232780,931120,1689,37,148,243.0,0.0,243.0,308,308,153.1891891891892,7,0,1000000,3000,4
232952,232952,931808,1690,172,688,809.0,0.0,809.0,898,898,598.1337209302326,18,0,1000000,3000,4
232987,232987,931948,1691,35,140,242.0,0.0,242.0,306,306,155.88571428571427,7,0,1000000,3000,4
233070,233070,932280,1692,83,332,634.0,0.0,634.0,707,707,374.6265060240964,15,0,1000000,3000,4
233109,233109,932436,1693,39,156,230.0,0.0,230.0,293,293,168.94871794871796,6,0,1000000,3000,4
233201,233201,932804,1694,92,368,611.0,0.0,611.0,686,686,401.6195652173913,14,0,1000000,3000,4
233241,233241,932964,1695,40,160,231.0,0.0,231.0,297,297,159.45,6,0,1000000,3000,4
233364,233364,933456,1696,123,492,614.0,0.0,614.0,696,696,369.7723577235772,14,0,1000000,3000,4
233485,233485,933940,1697,121,484,604.0,0.0,604.0,685,685,377.92561983471074,14,0,1000000,3000,4
233682,233682,934728,1698,197,788,1328.0,0.0,1328.0,1425,1425,711.0253807106599,29,0,1000000,3000,4
233973,233973,935892,1699,291,1164,1124.0,0.0,1124.0,1240,1240,684.4261168384879,25,0,1000000,3000,4
234229,234229,936916,1700,256,1024,1023.0,0.0,1023.0,1131,1131,683.0703125,23,0,1000000,3000,4
234322,234322,937288,1701,93,372,636.0,0.0,636.0,710,710,361.18279569892474,15,0,1000000,3000,4
234534,234534,938136,1702,212,848,1332.0,0.0,1332.0,1432,1432,743.9198113207547,29,0,1000000,3000,4
234829,234829,939316,1703,295,1180,1314.0,0.0,1314.0,1430,1430,719.477966101695,29,0,1000000,3000,4
235043,235043,940172,1704,214,856,1029.0,0.0,1029.0,1127,1127,621.7803738317757,23,0,1000000,3000,4
235240,235240,940960,1705,197,788,1044.0,0.0,1044.0,1140,1140,649.5076142131979,23,0,1000000,3000,4
235423,235423,941692,1706,183,732,1318.0,0.0,1318.0,1411,1411,723.3661202185792,29,0,1000000,3000,4
235510,235510,942040,1707,87,348,622.0,0.0,622.0,696,696,368.8390804597701,14,0,1000000,3000,4
235549,235549,942196,1708,39,156,239.0,0.0,239.0,303,303,152.30769230769232,7,0,1000000,3000,4
235656,235656,942624,1709,107,428,595.0,0.0,595.0,673,673,399.0747663551402,14,0,1000000,3000,4
235921,235921,943684,1710,265,1060,1899.0,0.0,1899.0,2010,2010,984.0264150943397,41,0,1000000,3000,4
236125,236125,944500,1711,204,816,803.0,0.0,803.0,898,898,594.3774509803922,18,0,1000000,3000,4
236204,236204,944816,1712,79,316,620.0,0.0,620.0,693,693,353.0126582278481,14,0,1000000,3000,4
236364,236364,945456,1713,160,640,635.0,0.0,635.0,722,722,472.05,15,0,1000000,3000,4
236932,236932,947728,1714,568,2272,1239.0,0.0,1239.0,1409,1409,783.0580985915493,29,0,1000000,3000,4
237164,237164,948656,1715,232,928,1029.0,0.0,1029.0,1132,1132,683.8836206896551,23,0,1000000,3000,4
237207,237207,948828,1716,43,172,233.0,0.0,233.0,298,298,154.02325581395348,6,0,1000000,3000,4
237245,237245,948980,1717,38,152,239.0,0.0,239.0,304,304,151.6578947368421,7,0,1000000,3000,4
237425,237425,949700,1718,180,720,632.0,0.0,632.0,722,722,477.8388888888889,15,0,1000000,3000,4
237634,237634,950536,1719,209,836,1028.0,0.0,1028.0,1124,1124,658.1483253588517,23,0,1000000,3000,4
237900,237900,951600,1720,266,1064,1549.0,0.0,1549.0,1660,1660,806.6428571428571,34,0,1000000,3000,4
238107,238107,952428,1721,207,828,802.0,0.0,802.0,898,898,567.4830917874397,18,0,1000000,3000,4
238222,238222,952888,1722,115,460,598.0,0.0,598.0,677,677,374.39130434782606,14,0,1000000,3000,4
238408,238408,953632,1723,186,744,718.0,0.0,718.0,813,813,470.3440860215054,17,0,1000000,3000,4
238596,238596,954384,1724,188,752,1035.0,0.0,1035.0,1127,1127,614.1329787234042,23,0,1000000,3000,4
238770,238770,955080,1725,174,696,778.0,0.0,778.0,870,870,496.0919540229885,18,0,1000000,3000,4
238960,238960,955840,1726,190,760,755.0,0.0,755.0,849,849,503.16315789473686,17,0,1000000,3000,4
239205,239205,956820,1727,245,980,1032.0,0.0,1032.0,1138,1138,594.869387755102,23,0,1000000,3000,4
239416,239416,957664,1728,211,844,1027.0,0.0,1027.0,1125,1125,618.1895734597157,23,0,1000000,3000,4
239690,239690,958760,1729,274,1096,1558.0,0.0,1558.0,1670,1670,766.507299270073,34,0,1000000,3000,4
239945,239945,959780,1730,255,1020,1550.0,0.0,1550.0,1657,1657,729.8745098039216,34,0,1000000,3000,4
239980,239980,959920,1731,35,140,236.0,0.0,236.0,300,300,161.31428571428572,7,0,1000000,3000,4
240114,240114,960456,1732,134,536,1154.0,0.0,1154.0,1237,1237,627.3059701492538,25,0,1000000,3000,4
240150,240150,960600,1733,36,144,246.0,0.0,246.0,310,310,149.86111111111111,7,0,1000000,3000,4
240242,240242,960968,1734,92,368,619.0,0.0,619.0,695,695,380.1304347826087,14,0,1000000,3000,4
240472,240472,961888,1735,230,920,1334.0,0.0,1334.0,1438,1438,725.0217391304348,29,0,1000000,3000,4
240589,240589,962356,1736,117,468,585.0,0.0,585.0,665,665,380.7692307692308,14,0,1000000,3000,4
240628,240628,962512,1737,39,156,238.0,0.0,238.0,303,303,160.6153846153846,7,0,1000000,3000,4
240935,240935,963740,1738,307,1228,1665.0,0.0,1665.0,1782,1782,798.7068403908795,36,0,1000000,3000,4
241045,241045,964180,1739,110,440,608.0,0.0,608.0,686,686,365.3272727272727,14,0,1000000,3000,4
241249,241249,964996,1740,204,816,627.0,0.0,627.0,722,722,407.4313725490196,15,0,1000000,3000,4
241571,241571,966284,1741,322,1288,1005.0,0.0,1005.0,1125,1125,597.0590062111801,23,0,1000000,3000,4
241612,241612,966448,1742,41,164,229.0,0.0,229.0,295,295,161.8780487804878,6,0,1000000,3000,4
241655,241655,966620,1743,43,172,231.0,0.0,231.0,297,297,149.65116279069767,6,0,1000000,3000,4
241703,241703,966812,1744,48,192,218.0,0.0,218.0,283,283,153.72916666666666,6,0,1000000,3000,4
241908,241908,967632,1745,205,820,741.0,0.0,741.0,838,838,547.3853658536585,17,0,1000000,3000,4
242209,242209,968836,1746,301,1204,1312.0,0.0,1312.0,1428,1428,682.7308970099667,29,0,1000000,3000,4
242394,242394,969576,1747,185,740,806.0,0.0,806.0,898,898,537.172972972973,18,0,1000000,3000,4
242514,242514,970056,1748,120,480,612.0,0.0,612.0,693,693,326.7,14,0,1000000,3000,4
242750,242750,971000,1749,236,944,766.0,0.0,766.0,869,869,483.4279661016949,18,0,1000000,3000,4
242903,242903,971612,1750,153,612,637.0,0.0,637.0,722,722,459.797385620915,15,0,1000000,3000,4
243031,243031,972124,1751,128,512,627.0,0.0,627.0,709,709,327.015625,15,0,1000000,3000,4
243247,243247,972988,1752,216,864,1333.0,0.0,1333.0,1434,1434,664.2685185185185,29,0,1000000,3000,4
243430,243430,973720,1753,183,732,775.0,0.0,775.0,869,869,513.2459016393443,18,0,1000000,3000,4
243544,243544,974176,1754,114,456,628.0,0.0,628.0,708,708,360.0964912280702,15,0,1000000,3000,4
243632,243632,974528,1755,88,352,637.0,0.0,637.0,711,711,379.8863636363636,15,0,1000000,3000,4
243675,243675,974700,1756,43,172,229.0,0.0,229.0,293,293,162.86046511627907,6,0,1000000,3000,4
243836,243836,975344,1757,161,644,1038.0,0.0,1038.0,1125,1125,611.6708074534162,23,0,1000000,3000,4
243869,243869,975476,1758,33,132,237.0,0.0,237.0,300,300,171.78787878787878,7,0,1000000,3000,4
243912,243912,975648,1759,43,172,227.0,0.0,227.0,291,291,160.72093023255815,6,0,1000000,3000,4
243948,243948,975792,1760,36,144,238.0,0.0,238.0,302,302,161.47222222222223,7,0,1000000,3000,4
244099,244099,976396,1761,151,604,813.0,0.0,813.0,898,898,582.1192052980133,18,0,1000000,3000,4
244262,244262,977048,1762,163,652,1064.0,0.0,1064.0,1154,1154,610.7361963190184,24,0,1000000,3000,4
244348,244348,977392,1763,86,344,608.0,0.0,608.0,683,683,333.33720930232556,14,0,1000000,3000,4
244429,244429,977716,1764,81,324,627.0,0.0,627.0,700,700,389.25925925925924,15,0,1000000,3000,4
244569,244569,978276,1765,140,560,1066.0,0.0,1066.0,1151,1151,572.9214285714286,24,0,1000000,3000,4
244599,244599,978396,1766,30,120,251.0,0.0,251.0,313,313,157.33333333333334,7,0,1000000,3000,4
244630,244630,978520,1767,31,124,251.0,0.0,251.0,315,315,155.61290322580646,7,0,1000000,3000,4
244699,244699,978796,1768,69,276,605.0,0.0,605.0,675,675,334.6666666666667,14,0,1000000,3000,4
244730,244730,978920,1769,31,124,243.0,0.0,243.0,307,307,155.80645161290323,7,0,1000000,3000,4
244768,244768,979072,1770,38,152,241.0,0.0,241.0,306,306,148.07894736842104,7,0,1000000,3000,4
244953,244953,979812,1771,185,740,740.0,0.0,740.0,833,833,538.3513513513514,17,0,1000000,3000,4
245170,245170,980680,1772,217,868,1030.0,0.0,1030.0,1129,1129,592.9861751152074,23,0,1000000,3000,4
245332,245332,981328,1773,162,648,1038.0,0.0,1038.0,1126,1126,649.9444444444445,23,0,1000000,3000,4
245512,245512,982048,1774,180,720,807.0,0.0,807.0,898,898,535.0666666666667,18,0,1000000,3000,4
245671,245671,982684,1775,159,636,703.0,0.0,703.0,790,790,495.65408805031444,16,0,1000000,3000,4
245709,245709,982836,1776,38,152,238.0,0.0,238.0,301,301,163.8421052631579,7,0,1000000,3000,4
245887,245887,983548,1777,178,712,747.0,0.0,747.0,839,839,525.623595505618,17,0,1000000,3000,4
245920,245920,983680,1778,33,132,249.0,0.0,249.0,312,312,148.5151515151515,7,0,1000000,3000,4
245960,245960,983840,1779,40,160,232.0,0.0,232.0,296,296,160.7,6,0,1000000,3000,4
246002,246002,984008,1780,42,168,231.0,0.0,231.0,296,296,160.16666666666666,6,0,1000000,3000,4
246221,246221,984884,1781,219,876,1027.0,0.0,1027.0,1126,1126,652.5342465753424,23,0,1000000,3000,4
246314,246314,985256,1782,93,372,620.0,0.0,620.0,696,696,378.19354838709677,14,0,1000000,3000,4
246346,246346,985384,1783,32,128,248.0,0.0,248.0,311,311,150.21875,7,0,1000000,3000,4
246440,246440,985760,1784,94,376,636.0,0.0,636.0,712,712,364.5744680851064,15,0,1000000,3000,4
246528,246528,986112,1785,88,352,617.0,0.0,617.0,692,692,348.1931818181818,14,0,1000000,3000,4
246561,246561,986244,1786,33,132,241.0,0.0,241.0,304,304,164.93939393939394,7,0,1000000,3000,4
246699,246699,986796,1787,138,552,640.0,0.0,640.0,722,722,511.9130434782609,15,0,1000000,3000,4
246729,246729,986916,1788,30,120,251.0,0.0,251.0,315,315,155.53333333333333,7,0,1000000,3000,4
246944,246944,987776,1789,215,860,1029.0,0.0,1029.0,1128,1128,651.5488372093023,23,0,1000000,3000,4
246974,246974,987896,1790,30,120,248.0,0.0,248.0,310,310,153.63333333333333,7,0,1000000,3000,4
247149,247149,988596,1791,175,700,809.0,0.0,809.0,898,898,578.7714285714286,18,0,1000000,3000,4
247294,247294,989176,1792,145,580,1042.0,0.0,1042.0,1126,1126,601.3172413793103,23,0,1000000,3000,4
247324,247324,989296,1793,30,120,249.0,0.0,249.0,312,312,153.2,7,0,1000000,3000,4
247354,247354,989416,1794,30,120,248.0,0.0,248.0,312,312,151.56666666666666,7,0,1000000,3000,4
247434,247434,989736,1795,80,320,617.0,0.0,617.0,690,690,341.9625,14,0,1000000,3000,4
247546,247546,990184,1796,112,448,626.0,0.0,626.0,706,706,397.3125,15,0,1000000,3000,4
247643,247643,990572,1797,97,388,633.0,0.0,633.0,710,710,392.9381443298969,15,0,1000000,3000,4
247672,247672,990688,1798,29,116,247.0,0.0,247.0,310,310,152.3793103448276,7,0,1000000,3000,4
247705,247705,990820,1799,33,132,241.0,0.0,241.0,305,305,161.96969696969697,7,0,1000000,3000,4
247795,247795,991180,1800,90,360,614.0,0.0,614.0,689,689,406.7111111111111,14,0,1000000,3000,4
247824,247824,991296,1801,29,116,250.0,0.0,250.0,313,313,154.0344827586207,7,0,1000000,3000,4
247951,247951,991804,1802,127,508,626.0,0.0,626.0,709,709,390.18110236220474,15,0,1000000,3000,4
248054,248054,992216,1803,103,412,635.0,0.0,635.0,713,713,394.24271844660194,15,0,1000000,3000,4
248289,248289,993156,1804,235,940,1422.0,0.0,1422.0,1527,1527,705.2595744680851,31,0,1000000,3000,4
248325,248325,993300,1805,36,144,233.0,0.0,233.0,298,298,164.69444444444446,6,0,1000000,3000,4
248356,248356,993424,1806,31,124,252.0,0.0,252.0,316,316,155.4516129032258,7,0,1000000,3000,4
248392,248392,993568,1807,36,144,239.0,0.0,239.0,303,303,160.63888888888889,7,0,1000000,3000,4
248522,248522,994088,1808,130,520,607.0,0.0,607.0,691,691,470.74615384615385,14,0,1000000,3000,4
248614,248614,994456,1809,92,368,630.0,0.0,630.0,705,705,403.55434782608694,15,0,1000000,3000,4
248652,248652,994608,1810,38,152,237.0,0.0,237.0,301,301,156.68421052631578,7,0,1000000,3000,4
248682,248682,994728,1811,30,120,251.0,0.0,251.0,314,314,156.86666666666667,7,0,1000000,3000,4
248713,248713,994852,1812,31,124,248.0,0.0,248.0,312,312,153.03225806451613,7,0,1000000,3000,4
248933,248933,995732,1813,220,880,1027.0,0.0,1027.0,1126,1126,649.1863636363636,23,0,1000000,3000,4
248964,248964,995856,1814,31,124,247.0,0.0,247.0,311,311,152.06451612903226,7,0,1000000,3000,4
249143,249143,996572,1815,179,716,1035.0,0.0,1035.0,1126,1126,592.4078212290502,23,0,1000000,3000,4
249233,249233,996932,1816,90,360,627.0,0.0,627.0,701,701,372.8222222222222,15,0,1000000,3000,4
249268,249268,997072,1817,35,140,248.0,0.0,248.0,312,312,146.0857142857143,7,0,1000000,3000,4
249341,249341,997364,1818,73,292,617.0,0.0,617.0,689,689,332.8493150684931,14,0,1000000,3000,4
249373,249373,997492,1819,32,128,248.0,0.0,248.0,311,311,154.1875,7,0,1000000,3000,4
249477,249477,997908,1820,104,416,632.0,0.0,632.0,710,710,353.6923076923077,15,0,1000000,3000,4
249671,249671,998684,1821,194,776,1033.0,0.0,1033.0,1127,1127,588.6288659793814,23,0,1000000,3000,4
249797,249797,999188,1822,126,504,626.0,0.0,626.0,709,709,333.6984126984127,15,0,1000000,3000,4
249832,249832,999328,1823,35,140,248.0,0.0,248.0,313,313,149.57142857142858,7,0,1000000,3000,4
249864,249864,999456,1824,32,128,247.0,0.0,247.0,311,311,150.75,7,0,1000000,3000,4
250075,250075,1000300,1825,211,844,1312.0,0.0,1312.0,1411,1411,756.654028436019,29,0,1000000,3000,4
250269,250269,1001076,1826,194,776,1323.0,0.0,1323.0,1417,1417,751.8505154639175,29,0,1000000,3000,4
250437,250437,1001748,1827,168,672,764.0,0.0,764.0,854,854,533.9285714285714,18,0,1000000,3000,4
250540,250540,1002160,1828,103,412,625.0,0.0,625.0,702,702,372.75728155339806,15,0,1000000,3000,4
250651,250651,1002604,1829,111,444,581.0,0.0,581.0,659,659,397.8018018018018,14,0,1000000,3000,4
250814,250814,1003256,1830,163,652,724.0,0.0,724.0,813,813,493.99386503067484,17,0,1000000,3000,4
250952,250952,1003808,1831,138,552,745.0,0.0,745.0,830,830,509.9855072463768,17,0,1000000,3000,4
251082,251082,1004328,1832,130,520,758.0,0.0,758.0,840,840,507.4769230769231,17,0,1000000,3000,4
251189,251189,1004756,1833,107,428,618.0,0.0,618.0,697,697,389.8130841121495,14,0,1000000,3000,4
251439,251439,1005756,1834,250,1000,1021.0,0.0,1021.0,1127,1127,671.648,23,0,1000000,3000,4
251503,251503,1006012,1835,64,256,610.0,0.0,610.0,680,680,327.890625,14,0,1000000,3000,4
251710,251710,1006840,1836,207,828,1694.0,0.0,1694.0,1793,1793,851.9806763285025,36,0,1000000,3000,4
251949,251949,1007796,1837,239,956,1330.0,0.0,1330.0,1435,1435,746.2845188284518,29,0,1000000,3000,4
252242,252242,1008968,1838,293,1172,1294.0,0.0,1294.0,1409,1409,732.8805460750854,29,0,1000000,3000,4
252351,252351,1009404,1839,109,436,618.0,0.0,618.0,697,697,376.39449541284404,14,0,1000000,3000,4
252454,252454,1009816,1840,103,412,619.0,0.0,619.0,696,696,372.5242718446602,14,0,1000000,3000,4
252485,252485,1009940,1841,31,124,249.0,0.0,249.0,313,313,148.80645161290323,7,0,1000000,3000,4
252580,252580,1010320,1842,95,380,626.0,0.0,626.0,702,702,373.6842105263158,15,0,1000000,3000,4
252611,252611,1010444,1843,31,124,247.0,0.0,247.0,311,311,150.90322580645162,7,0,1000000,3000,4
252644,252644,1010576,1844,33,132,250.0,0.0,250.0,313,313,146.57575757575756,7,0,1000000,3000,4
252684,252684,1010736,1845,40,160,237.0,0.0,237.0,302,302,146.825,7,0,1000000,3000,4
252717,252717,1010868,1846,33,132,245.0,0.0,245.0,308,308,158.75757575757575,7,0,1000000,3000,4
252876,252876,1011504,1847,159,636,636.0,0.0,636.0,722,722,493.60377358490564,15,0,1000000,3000,4
252913,252913,1011652,1848,37,148,234.0,0.0,234.0,297,297,163.45945945945945,6,0,1000000,3000,4
253095,253095,1012380,1849,182,728,1033.0,0.0,1033.0,1125,1125,618.1758241758242,23,0,1000000,3000,4
253267,253267,1013068,1850,172,688,1041.0,0.0,1041.0,1132,1132,591.75,23,0,1000000,3000,4
253309,253309,1013236,1851,42,168,236.0,0.0,236.0,301,301,148.95238095238096,7,0,1000000,3000,4
253354,253354,1013416,1852,45,180,230.0,0.0,230.0,296,296,151.0888888888889,6,0,1000000,3000,4
253459,253459,1013836,1853,105,420,596.0,0.0,596.0,673,673,400.8,14,0,1000000,3000,4
253690,253690,1014760,1854,231,924,1032.0,0.0,1032.0,1135,1135,614.3766233766233,23,0,1000000,3000,4
253738,253738,1014952,1855,48,192,220.0,0.0,220.0,287,287,152.70833333333334,6,0,1000000,3000,4
253838,253838,1015352,1856,100,400,610.0,0.0,610.0,686,686,381.67,14,0,1000000,3000,4
253875,253875,1015500,1857,37,148,235.0,0.0,235.0,298,298,163.40540540540542,6,0,1000000,3000,4
253917,253917,1015668,1858,42,168,233.0,0.0,233.0,297,297,160.42857142857142,6,0,1000000,3000,4
253988,253988,1015952,1859,71,284,610.0,0.0,610.0,681,681,312.7042253521127,14,0,1000000,3000,4
254081,254081,1016324,1860,93,372,638.0,0.0,638.0,713,713,364.16129032258067,15,0,1000000,3000,4
254121,254121,1016484,1861,40,160,234.0,0.0,234.0,299,299,154.825,6,0,1000000,3000,4
254429,254429,1017716,1862,308,1232,1014.0,0.0,1014.0,1131,1131,684.7305194805194,23,0,1000000,3000,4
254469,254469,1017876,1863,40,160,232.0,0.0,232.0,296,296,166.325,6,0,1000000,3000,4
254509,254509,1018036,1864,40,160,232.0,0.0,232.0,296,296,157.175,6,0,1000000,3000,4
254760,254760,1019040,1865,251,1004,1321.0,0.0,1321.0,1428,1428,688.9601593625498,29,0,1000000,3000,4
254957,254957,1019828,1866,197,788,1033.0,0.0,1033.0,1127,1127,572.015228426396,23,0,1000000,3000,4
255170,255170,1020680,1867,213,852,801.0,0.0,801.0,898,898,533.586854460094,18,0,1000000,3000,4
255386,255386,1021544,1868,216,864,1416.0,0.0,1416.0,1516,1516,713.8564814814815,31,0,1000000,3000,4
255693,255693,1022772,1869,307,1228,1299.0,0.0,1299.0,1417,1417,713.1107491856677,29,0,1000000,3000,4
255955,255955,1023820,1870,262,1048,1019.0,0.0,1019.0,1126,1126,663.0610687022901,23,0,1000000,3000,4
256005,256005,1024020,1871,50,200,239.0,0.0,239.0,306,306,127.82,7,0,1000000,3000,4
256307,256307,1025228,1872,302,1208,1286.0,0.0,1286.0,1402,1402,781.4569536423841,29,0,1000000,3000,4
256557,256557,1026228,1873,250,1000,1550.0,0.0,1550.0,1657,1657,803.016,34,0,1000000,3000,4
256699,256699,1026796,1874,142,568,639.0,0.0,639.0,722,722,519.6971830985915,15,0,1000000,3000,4
256861,256861,1027444,1875,162,648,635.0,0.0,635.0,722,723,490.9382716049383,15,0,1000000,3000,4
256896,256896,1027584,1876,35,140,240.0,0.0,240.0,304,304,154.77142857142857,7,0,1000000,3000,4
256972,256972,1027888,1877,76,304,614.0,0.0,614.0,686,686,335.69736842105266,14,0,1000000,3000,4
257135,257135,1028540,1878,163,652,1040.0,0.0,1040.0,1128,1128,617.2638036809816,23,0,1000000,3000,4
257171,257171,1028684,1879,36,144,232.0,0.0,232.0,296,296,158.5,6,0,1000000,3000,4
257260,257260,1029040,1880,89,356,612.0,0.0,612.0,685,685,325.64044943820227,14,0,1000000,3000,4
257359,257359,1029436,1881,99,396,615.0,0.0,615.0,692,692,382.7979797979798,14,0,1000000,3000,4
257455,257455,1029820,1882,96,384,629.0,0.0,629.0,704,704,392.0208333333333,15,0,1000000,3000,4
257563,257563,1030252,1883,108,432,608.0,0.0,608.0,687,687,376.3425925925926,14,0,1000000,3000,4
257678,257678,1030712,1884,115,460,602.0,0.0,602.0,681,681,381.46086956521737,14,0,1000000,3000,4
257771,257771,1031084,1885,93,372,627.0,0.0,627.0,701,701,390.1290322580645,15,0,1000000,3000,4
257859,257859,1031436,1886,88,352,618.0,0.0,618.0,692,692,332.625,14,0,1000000,3000,4
257956,257956,1031824,1887,97,388,625.0,0.0,625.0,701,701,366.2783505154639,15,0,1000000,3000,4
258056,258056,1032224,1888,100,400,629.0,0.0,629.0,706,706,363.56,15,0,1000000,3000,4
258235,258235,1032940,1889,179,716,773.0,0.0,773.0,865,865,538.8212290502794,18,0,1000000,3000,4
258275,258275,1033100,1890,40,160,226.0,0.0,226.0,291,291,169.975,6,0,1000000,3000,4
258391,258391,1033564,1891,116,464,608.0,0.0,608.0,688,688,370.91379310344826,14,0,1000000,3000,4
258485,258485,1033940,1892,94,376,620.0,0.0,620.0,696,696,388.2340425531915,14,0,1000000,3000,4
258525,258525,1034100,1893,40,160,235.0,0.0,235.0,300,300,150.825,7,0,1000000,3000,4
258682,258682,1034728,1894,157,628,1040.0,0.0,1040.0,1127,1127,574.7707006369427,23,0,1000000,3000,4
258771,258771,1035084,1895,89,356,639.0,0.0,639.0,714,714,373.53932584269666,15,0,1000000,3000,4
258809,258809,1035236,1896,38,152,232.0,0.0,232.0,296,296,161.18421052631578,6,0,1000000,3000,4
258843,258843,1035372,1897,34,136,251.0,0.0,251.0,315,315,154.11764705882354,7,0,1000000,3000,4
258908,258908,1035632,1898,65,260,608.0,0.0,608.0,678,678,322.9384615384615,14,0,1000000,3000,4
259019,259019,1036076,1899,111,444,632.0,0.0,632.0,710,710,367.7027027027027,15,0,1000000,3000,4
259204,259204,1036816,1900,185,740,806.0,0.0,806.0,898,898,545.172972972973,18,0,1000000,3000,4
259545,259545,1038180,1901,341,1364,1005.0,0.0,1005.0,1129,1129,671.0,23,0,1000000,3000,4
259743,259743,1038972,1902,198,792,1032.0,0.0,1032.0,1127,1127,594.959595959596,23,0,1000000,3000,4
259777,259777,1039108,1903,34,136,238.0,0.0,238.0,302,302,163.55882352941177,7,0,1000000,3000,4
259869,259869,1039476,1904,92,368,630.0,0.0,630.0,705,705,390.2717391304348,15,0,1000000,3000,4
259946,259946,1039784,1905,77,308,623.0,0.0,623.0,696,696,370.2207792207792,14,0,1000000,3000,4
260031,260031,1040124,1906,85,340,616.0,0.0,616.0,690,690,329.3764705882353,14,0,1000000,3000,4
260241,260241,1040964,1907,210,840,698.0,0.0,698.0,796,796,560.3666666666667,16,0,1000000,3000,4
260418,260418,1041672,1908,177,708,765.0,0.0,765.0,857,857,532.8022598870057,18,0,1000000,3000,4
260457,260457,1041828,1909,39,156,231.0,0.0,231.0,295,295,163.25641025641025,6,0,1000000,3000,4
260497,260497,1041988,1910,40,160,232.0,0.0,232.0,297,297,160.575,6,0,1000000,3000,4
260651,260651,1042604,1911,154,616,637.0,0.0,637.0,722,722,480.88961038961037,15,0,1000000,3000,4
260885,260885,1043540,1912,234,936,1024.0,0.0,1024.0,1126,1126,707.4615384615385,23,0,1000000,3000,4
260927,260927,1043708,1913,42,168,228.0,0.0,228.0,293,293,164.0952380952381,6,0,1000000,3000,4
260966,260966,1043864,1914,39,156,239.0,0.0,239.0,303,303,158.15384615384616,7,0,1000000,3000,4
261006,261006,1044024,1915,40,160,233.0,0.0,233.0,298,298,161.225,6,0,1000000,3000,4
261285,261285,1045140,1916,279,1116,1324.0,0.0,1324.0,1437,1437,737.2258064516129,29,0,1000000,3000,4
261325,261325,1045300,1917,40,160,235.0,0.0,235.0,299,299,160.625,6,0,1000000,3000,4
261478,261478,1045912,1918,153,612,625.0,0.0,625.0,712,712,468.2483660130719,15,0,1000000,3000,4
261972,261972,1047888,1919,494,1976,2317.0,0.0,2317.0,2470,2470,1367.7044534412955,50,0,1000000,3000,4
262188,262188,1048752,1920,216,864,1330.0,0.0,1330.0,1430,1430,706.8703703703703,29,0,1000000,3000,4
262295,262295,1049180,1921,107,428,631.0,0.0,631.0,708,708,363.61682242990656,15,0,1000000,3000,4
262537,262537,1050148,1922,242,968,721.0,0.0,721.0,825,825,585.4380165289256,17,0,1000000,3000,4
262868,262868,1051472,1923,331,1324,1008.0,0.0,1008.0,1130,1130,722.6797583081571,23,0,1000000,3000,4
262976,262976,1051904,1924,108,432,598.0,0.0,598.0,676,676,393.73148148148147,14,0,1000000,3000,4
263096,263096,1052384,1925,120,480,581.0,0.0,581.0,662,662,398.80833333333334,14,0,1000000,3000,4
263320,263320,1053280,1926,224,896,1026.0,0.0,1026.0,1126,1126,616.0758928571429,23,0,1000000,3000,4
263467,263467,1053868,1927,147,588,730.0,0.0,730.0,815,815,489.4625850340136,17,0,1000000,3000,4
263744,263744,1054976,1928,277,1108,1319.0,0.0,1319.0,1432,1432,692.6281588447654,29,0,1000000,3000,4
263841,263841,1055364,1929,97,388,616.0,0.0,616.0,692,692,374.88659793814435,14,0,1000000,3000,4
263888,263888,1055552,1930,47,188,219.0,0.0,219.0,284,284,158.53191489361703,6,0,1000000,3000,4
264002,264002,1056008,1931,114,456,601.0,0.0,601.0,680,680,381.2456140350877,14,0,1000000,3000,4
264169,264169,1056676,1932,167,668,1037.0,0.0,1037.0,1126,1126,627.7664670658683,23,0,1000000,3000,4
264210,264210,1056840,1933,41,164,232.0,0.0,232.0,296,296,158.0,6,0,1000000,3000,4
264327,264327,1057308,1934,117,468,605.0,0.0,605.0,685,685,366.8974358974359,14,0,1000000,3000,4
264436,264436,1057744,1935,109,436,617.0,0.0,617.0,694,694,360.45871559633025,14,0,1000000,3000,4
264647,264647,1058588,1936,211,844,1036.0,0.0,1036.0,1135,1135,614.6587677725119,23,0,1000000,3000,4
264835,264835,1059340,1937,188,752,1033.0,0.0,1033.0,1126,1126,574.9840425531914,23,0,1000000,3000,4
265032,265032,1060128,1938,197,788,1130.0,0.0,1130.0,1226,1226,637.8223350253808,25,0,1000000,3000,4
265079,265079,1060316,1939,47,188,222.0,0.0,222.0,288,288,155.93617021276594,6,0,1000000,3000,4
265193,265193,1060772,1940,114,456,604.0,0.0,604.0,683,683,378.1140350877193,14,0,1000000,3000,4
265419,265419,1061676,1941,226,904,1037.0,0.0,1037.0,1138,1138,609.4823008849557,23,0,1000000,3000,4
265460,265460,1061840,1942,41,164,236.0,0.0,236.0,301,301,157.34146341463415,7,0,1000000,3000,4
265623,265623,1062492,1943,163,652,798.0,0.0,798.0,886,886,520.6687116564417,18,0,1000000,3000,4
265779,265779,1063116,1944,156,624,1049.0,0.0,1049.0,1136,1136,524.6474358974359,23,0,1000000,3000,4
266104,266104,1064416,1945,325,1300,1542.0,0.0,1542.0,1663,1663,836.4430769230769,34,0,1000000,3000,4
266174,266174,1064696,1946,70,280,607.0,0.0,607.0,679,679,301.48571428571427,14,0,1000000,3000,4
266316,266316,1065264,1947,142,568,612.0,0.0,612.0,696,696,381.7887323943662,14,0,1000000,3000,4
266457,266457,1065828,1948,141,564,1035.0,0.0,1035.0,1120,1120,594.3617021276596,23,0,1000000,3000,4
266666,266666,1066664,1949,209,836,1040.0,0.0,1040.0,1137,1137,614.8038277511962,23,0,1000000,3000,4
266975,266975,1067900,1950,309,1236,1398.0,0.0,1398.0,1516,1516,720.6084142394822,31,0,1000000,3000,4
267304,267304,1069216,1951,329,1316,1306.0,0.0,1306.0,1429,1429,690.4589665653496,29,0,1000000,3000,4
267355,267355,1069420,1952,51,204,218.0,0.0,218.0,285,285,153.52941176470588,6,0,1000000,3000,4
267546,267546,1070184,1953,191,764,805.0,0.0,805.0,898,898,509.82722513089004,18,0,1000000,3000,4
267590,267590,1070360,1954,44,176,231.0,0.0,231.0,295,295,156.5681818181818,6,0,1000000,3000,4
267885,267885,1071540,1955,295,1180,1021.0,0.0,1021.0,1136,1136,626.9288135593221,23,0,1000000,3000,4
267938,267938,1071752,1956,53,212,222.0,0.0,222.0,289,289,144.0188679245283,6,0,1000000,3000,4
268178,268178,1072712,1957,240,960,1026.0,0.0,1026.0,1130,1130,634.9291666666667,23,0,1000000,3000,4
268353,268353,1073412,1958,175,700,809.0,0.0,809.0,898,898,535.7028571428572,18,0,1000000,3000,4
268513,268513,1074052,1959,160,640,636.0,0.0,636.0,722,723,460.15625,15,0,1000000,3000,4
268616,268616,1074464,1960,103,412,627.0,0.0,627.0,703,703,351.3009708737864,15,0,1000000,3000,4
268732,268732,1074928,1961,116,464,620.0,0.0,620.0,699,699,358.9396551724138,14,0,1000000,3000,4
269153,269153,1076612,1962,421,1684,997.0,0.0,997.0,1138,1138,779.3372921615202,23,0,1000000,3000,4
269334,269334,1077336,1963,181,724,631.0,0.0,631.0,722,723,457.1546961325967,15,0,1000000,3000,4
269498,269498,1077992,1964,164,656,635.0,0.0,635.0,722,722,478.0853658536585,15,0,1000000,3000,4
269790,269790,1079160,1965,292,1168,1287.0,0.0,1287.0,1402,1402,716.0650684931506,29,0,1000000,3000,4
269986,269986,1079944,1966,196,784,736.0,0.0,736.0,832,832,527.969387755102,17,0,1000000,3000,4
270094,270094,1080376,1967,108,432,611.0,0.0,611.0,689,689,367.73148148148147,14,0,1000000,3000,4
270216,270216,1080864,1968,122,488,582.0,0.0,582.0,663,663,385.8606557377049,14,0,1000000,3000,4
270674,270674,1082696,1969,458,1832,1278.0,0.0,1278.0,1426,1426,715.9235807860262,29,0,1000000,3000,4
270815,270815,1083260,1970,141,564,591.0,0.0,591.0,675,675,456.07092198581563,14,0,1000000,3000,4
271243,271243,1084972,1971,428,1712,1375.0,0.0,1375.0,1517,1517,728.6051401869158,31,0,1000000,3000,4
271413,271413,1085652,1972,170,680,753.0,0.0,753.0,843,843,474.4235294117647,17,0,1000000,3000,4
271592,271592,1086368,1973,179,716,1045.0,0.0,1045.0,1137,1137,561.1843575418994,23,0,1000000,3000,4
271812,271812,1087248,1974,220,880,1037.0,0.0,1037.0,1138,1138,609.9090909090909,23,0,1000000,3000,4
271929,271929,1087716,1975,117,468,612.0,0.0,612.0,692,692,377.991452991453,14,0,1000000,3000,4
272307,272307,1089228,1976,378,1512,1006.0,0.0,1006.0,1138,1138,716.7989417989418,23,0,1000000,3000,4
272348,272348,1089392,1977,41,164,234.0,0.0,234.0,299,299,153.7560975609756,6,0,1000000,3000,4
272520,272520,1090080,1978,172,688,1035.0,0.0,1035.0,1125,1125,591.5,23,0,1000000,3000,4
272691,272691,1090764,1979,171,684,1047.0,0.0,1047.0,1137,1137,590.1052631578947,23,0,1000000,3000,4
272804,272804,1091216,1980,113,452,616.0,0.0,616.0,694,694,382.0619469026549,14,0,1000000,3000,4
273006,273006,1092024,1981,202,808,1034.0,0.0,1034.0,1130,1130,567.1980198019802,23,0,1000000,3000,4
273050,273050,1092200,1982,44,176,224.0,0.0,224.0,289,289,164.02272727272728,6,0,1000000,3000,4
273159,273159,1092636,1983,109,436,604.0,0.0,604.0,683,683,367.9816513761468,14,0,1000000,3000,4
273201,273201,1092804,1984,42,168,230.0,0.0,230.0,294,294,158.5952380952381,6,0,1000000,3000,4
273236,273236,1092944,1985,35,140,230.0,0.0,230.0,293,293,166.94285714285715,6,0,1000000,3000,4
273475,273475,1093900,1986,239,956,1023.0,0.0,1023.0,1126,1126,652.7573221757323,23,0,1000000,3000,4
273806,273806,1095224,1987,331,1324,1549.0,0.0,1549.0,1673,1673,765.5528700906344,34,0,1000000,3000,4
273889,273889,1095556,1988,83,332,600.0,0.0,600.0,673,673,309.6024096385542,14,0,1000000,3000,4
273926,273926,1095704,1989,37,148,240.0,0.0,240.0,304,304,153.21621621621622,7,0,1000000,3000,4
274103,274103,1096412,1990,177,708,1322.0,0.0,1322.0,1413,1413,715.4067796610169,29,0,1000000,3000,4
274285,274285,1097140,1991,182,728,1036.0,0.0,1036.0,1128,1128,615.5989010989011,23,0,1000000,3000,4
274322,274322,1097288,1992,37,148,242.0,0.0,242.0,306,306,158.45945945945945,7,0,1000000,3000,4
274352,274352,1097408,1993,30,120,247.0,0.0,247.0,310,310,157.7,7,0,1000000,3000,4
274557,274557,1098228,1994,205,820,1033.0,0.0,1033.0,1129,1129,612.6292682926829,23,0,1000000,3000,4
274601,274601,1098404,1995,44,176,224.0,0.0,224.0,289,289,166.5,6,0,1000000,3000,4
274781,274781,1099124,1996,180,720,1037.0,0.0,1037.0,1128,1128,574.4611111111111,23,0,1000000,3000,4
274992,274992,1099968,1997,211,844,1031.0,0.0,1031.0,1129,1129,634.4786729857819,23,0,1000000,3000,4
275109,275109,1100436,1998,117,468,586.0,0.0,586.0,666,666,402.1794871794872,14,0,1000000,3000,4
275309,275309,1101236,1999,200,800,1043.0,0.0,1043.0,1138,1138,648.895,23,0,1000000,3000,4
275391,275391,1101564,2000,82,328,618.0,0.0,618.0,691,691,348.1341463414634,14,0,1000000,3000,4
275618,275618,1102472,2001,227,908,1314.0,0.0,1314.0,1415,1415,761.7400881057268,29,0,1000000,3000,4
275772,275772,1103088,2002,154,616,797.0,0.0,797.0,884,884,532.1363636363636,18,0,1000000,3000,4
275925,275925,1103700,2003,153,612,1040.0,0.0,1040.0,1126,1126,572.8562091503268,23,0,1000000,3000,4
275964,275964,1103856,2004,39,156,234.0,0.0,234.0,299,299,156.92307692307693,6,0,1000000,3000,4
276151,276151,1104604,2005,187,748,1317.0,0.0,1317.0,1410,1410,709.1016042780749,29,0,1000000,3000,4
276347,276347,1105388,2006,196,784,1132.0,0.0,1132.0,1228,1228,661.9081632653061,25,0,1000000,3000,4
276454,276454,1105816,2007,107,428,611.0,0.0,611.0,689,689,393.89719626168227,14,0,1000000,3000,4
276594,276594,1106376,2008,140,560,1052.0,0.0,1052.0,1136,1136,557.8142857142857,23,0,1000000,3000,4
276759,276759,1107036,2009,165,660,635.0,0.0,635.0,722,723,504.72121212121215,15,0,1000000,3000,4
276873,276873,1107492,2010,114,456,618.0,0.0,618.0,698,698,368.1578947368421,14,0,1000000,3000,4
277043,277043,1108172,2011,170,680,634.0,0.0,634.0,722,724,465.84705882352944,15,0,1000000,3000,4
277233,277233,1108932,2012,190,760,1032.0,0.0,1032.0,1125,1125,609.0421052631579,23,0,1000000,3000,4
277274,277274,1109096,2013,41,164,231.0,0.0,231.0,295,295,159.78048780487805,6,0,1000000,3000,4
277357,277357,1109428,2014,83,332,633.0,0.0,633.0,706,706,373.30120481927713,15,0,1000000,3000,4
277393,277393,1109572,2015,36,144,240.0,0.0,240.0,303,303,159.05555555555554,7,0,1000000,3000,4
277475,277475,1109900,2016,82,328,623.0,0.0,623.0,697,697,354.1463414634146,14,0,1000000,3000,4
277628,277628,1110512,2017,153,612,637.0,0.0,637.0,722,722,503.359477124183,15,0,1000000,3000,4
277712,277712,1110848,2018,84,336,619.0,0.0,619.0,692,692,349.6547619047619,14,0,1000000,3000,4
277881,277881,1111524,2019,169,676,757.0,0.0,757.0,847,847,535.2781065088758,17,0,1000000,3000,4
277994,277994,1111976,2020,113,452,612.0,0.0,612.0,690,690,379.4424778761062,14,0,1000000,3000,4
278190,278190,1112760,2021,196,784,733.0,0.0,733.0,829,829,529.4081632653061,17,0,1000000,3000,4
278344,278344,1113376,2022,154,616,745.0,0.0,745.0,832,832,511.75324675324674,17,0,1000000,3000,4
278512,278512,1114048,2023,168,672,775.0,0.0,775.0,866,866,523.4880952380952,18,0,1000000,3000,4
278848,278848,1115392,2024,336,1344,1311.0,0.0,1311.0,1436,1436,762.1279761904761,29,0,1000000,3000,4
279064,279064,1116256,2025,216,864,1412.0,0.0,1412.0,1512,1512,777.699074074074,31,0,1000000,3000,4
279208,279208,1116832,2026,144,576,763.0,0.0,763.0,847,847,522.625,17,0,1000000,3000,4
279470,279470,1117880,2027,262,1048,1024.0,0.0,1024.0,1133,1133,687.2786259541984,23,0,1000000,3000,4
279500,279500,1118000,2028,30,120,248.0,0.0,248.0,310,310,160.93333333333334,7,0,1000000,3000,4
279642,279642,1118568,2029,142,568,1040.0,0.0,1040.0,1124,1124,623.9577464788732,23,0,1000000,3000,4
279678,279678,1118712,2030,36,144,238.0,0.0,238.0,302,302,156.19444444444446,7,0,1000000,3000,4
279836,279836,1119344,2031,158,632,595.0,0.0,595.0,683,683,450.3101265822785,14,0,1000000,3000,4
280077,280077,1120308,2032,241,964,1298.0,0.0,1298.0,1403,1403,777.3319502074689,29,0,1000000,3000,4
280111,280111,1120444,2033,34,136,238.0,0.0,238.0,302,302,164.2941176470588,7,0,1000000,3000,4
280410,280410,1121640,2034,299,1196,1015.0,0.0,1015.0,1131,1131,681.5484949832776,23,0,1000000,3000,4
280508,280508,1122032,2035,98,392,615.0,0.0,615.0,691,691,385.3673469387755,14,0,1000000,3000,4
280725,280725,1122900,2036,217,868,1039.0,0.0,1039.0,1139,1139,622.9400921658986,23,0,1000000,3000,4
280821,280821,1123284,2037,96,384,635.0,0.0,635.0,712,712,382.9270833333333,15,0,1000000,3000,4
281028,281028,1124112,2038,207,828,1031.0,0.0,1031.0,1129,1129,618.43961352657,23,0,1000000,3000,4
281064,281064,1124256,2039,36,144,241.0,0.0,241.0,305,305,155.47222222222223,7,0,1000000,3000,4
281275,281275,1125100,2040,211,844,729.0,0.0,729.0,829,829,544.8767772511849,17,0,1000000,3000,4
281434,281434,1125736,2041,159,636,812.0,0.0,812.0,898,898,550.9937106918239,18,0,1000000,3000,4
281970,281970,1127880,2042,536,2144,1353.0,0.0,1353.0,1518,1518,737.5932835820895,31,0,1000000,3000,4
282119,282119,1128476,2043,149,596,735.0,0.0,735.0,821,821,480.0268456375839,17,0,1000000,3000,4
282153,282153,1128612,2044,34,136,241.0,0.0,241.0,303,303,161.38235294117646,7,0,1000000,3000,4
282191,282191,1128764,2045,38,152,235.0,0.0,235.0,299,299,159.07894736842104,6,0,1000000,3000,4
282228,282228,1128912,2046,37,148,240.0,0.0,240.0,303,303,162.1081081081081,7,0,1000000,3000,4
282476,282476,1129904,2047,248,992,721.0,0.0,721.0,827,827,576.0806451612904,17,0,1000000,3000,4
282635,282635,1130540,2048,159,636,812.0,0.0,812.0,898,899,581.4905660377359,18,0,1000000,3000,4
282672,282672,1130688,2049,37,148,241.0,0.0,241.0,305,305,155.78378378378378,7,0,1000000,3000,4
282821,282821,1131284,2050,149,596,638.0,0.0,638.0,722,722,476.3422818791946,15,0,1000000,3000,4
282992,282992,1131968,2051,171,684,779.0,0.0,779.0,871,871,513.7894736842105,18,0,1000000,3000,4
283250,283250,1133000,2052,258,1032,756.0,0.0,756.0,864,864,590.9341085271318,18,0,1000000,3000,4
283364,283364,1133456,2053,114,456,604.0,0.0,604.0,684,684,383.37719298245617,14,0,1000000,3000,4
283460,283460,1133840,2054,96,384,616.0,0.0,616.0,692,692,387.53125,14,0,1000000,3000,4
283604,283604,1134416,2055,144,576,1042.0,0.0,1042.0,1125,1125,570.7152777777778,23,0,1000000,3000,4
283692,283692,1134768,2056,88,352,631.0,0.0,631.0,706,706,386.9431818181818,15,0,1000000,3000,4
283785,283785,1135140,2057,93,372,617.0,0.0,617.0,693,693,336.02150537634407,14,0,1000000,3000,4
284028,284028,1136112,2058,243,972,1330.0,0.0,1330.0,1436,1436,726.8888888888889,29,0,1000000,3000,4
284236,284236,1136944,2059,208,832,767.0,0.0,767.0,866,866,541.6490384615385,18,0,1000000,3000,4
284385,284385,1137540,2060,149,596,605.0,0.0,605.0,691,691,458.4563758389262,14,0,1000000,3000,4
284574,284574,1138296,2061,189,756,1339.0,0.0,1339.0,1434,1434,736.0899470899471,29,0,1000000,3000,4
284701,284701,1138804,2062,127,508,597.0,0.0,597.0,679,679,377.25984251968504,14,0,1000000,3000,4
284735,284735,1138940,2063,34,136,249.0,0.0,249.0,313,313,152.11764705882354,7,0,1000000,3000,4
284769,284769,1139076,2064,34,136,251.0,0.0,251.0,314,314,145.6764705882353,7,0,1000000,3000,4
284807,284807,1139228,2065,38,152,240.0,0.0,240.0,305,305,159.05263157894737,7,0,1000000,3000,4
284920,284920,1139680,2066,113,452,599.0,0.0,599.0,678,678,387.4778761061947,14,0,1000000,3000,4
285048,285048,1140192,2067,128,512,742.0,0.0,742.0,825,825,505.1796875,17,0,1000000,3000,4
285086,285086,1140344,2068,38,152,240.0,0.0,240.0,304,304,153.60526315789474,7,0,1000000,3000,4
285136,285136,1140544,2069,50,200,224.0,0.0,224.0,289,289,150.38,6,0,1000000,3000,4
285566,285566,1142264,2070,430,1720,2329.0,0.0,2329.0,2471,2471,1305.8093023255815,50,0,1000000,3000,4
285600,285600,1142400,2071,34,136,250.0,0.0,250.0,314,314,144.23529411764707,7,0,1000000,3000,4
285637,285637,1142548,2072,37,148,248.0,0.0,248.0,312,312,146.78378378378378,7,0,1000000,3000,4
285709,285709,1142836,2073,72,288,628.0,0.0,628.0,700,700,370.0416666666667,15,0,1000000,3000,4
285811,285811,1143244,2074,102,408,600.0,0.0,600.0,678,678,401.0098039215686,14,0,1000000,3000,4
285840,285840,1143360,2075,29,116,249.0,0.0,249.0,312,312,154.93103448275863,7,0,1000000,3000,4
285868,285868,1143472,2076,28,112,247.0,0.0,247.0,310,310,156.03571428571428,7,0,1000000,3000,4
286024,286024,1144096,2077,156,624,733.0,0.0,733.0,822,822,507.3333333333333,17,0,1000000,3000,4
286108,286108,1144432,2078,84,336,608.0,0.0,608.0,682,682,314.01190476190476,14,0,1000000,3000,4
286140,286140,1144560,2079,32,128,250.0,0.0,250.0,314,314,150.34375,7,0,1000000,3000,4
286303,286303,1145212,2080,163,652,1037.0,0.0,1037.0,1125,1125,599.9447852760736,23,0,1000000,3000,4
286339,286339,1145356,2081,36,144,238.0,0.0,238.0,302,302,155.61111111111111,7,0,1000000,3000,4
286509,286509,1146036,2082,170,680,770.0,0.0,770.0,861,861,509.6411764705882,18,0,1000000,3000,4
286684,286684,1146736,2083,175,700,1037.0,0.0,1037.0,1127,1127,615.1714285714286,23,0,1000000,3000,4
286972,286972,1147888,2084,288,1152,786.0,0.0,786.0,898,898,615.8506944444445,18,0,1000000,3000,4
287017,287017,1148068,2085,45,180,218.0,0.0,218.0,284,284,164.64444444444445,6,0,1000000,3000,4
287201,287201,1148804,2086,184,736,1321.0,0.0,1321.0,1413,1413,758.6032608695652,29,0,1000000,3000,4
287397,287397,1149588,2087,196,784,738.0,0.0,738.0,834,834,515.4897959183673,17,0,1000000,3000,4
287577,287577,1150308,2088,180,720,1320.0,0.0,1320.0,1411,1411,712.7166666666667,29,0,1000000,3000,4
287673,287673,1150692,2089,96,384,625.0,0.0,625.0,701,701,378.9166666666667,15,0,1000000,3000,4
287847,287847,1151388,2090,174,696,763.0,0.0,763.0,854,854,504.37931034482756,18,0,1000000,3000,4
287888,287888,1151552,2091,41,164,231.0,0.0,231.0,296,296,161.9512195121951,6,0,1000000,3000,4
287929,287929,1151716,2092,41,164,233.0,0.0,233.0,298,298,157.90243902439025,6,0,1000000,3000,4
288034,288034,1152136,2093,105,420,602.0,0.0,602.0,679,679,387.9714285714286,14,0,1000000,3000,4
288074,288074,1152296,2094,40,160,230.0,0.0,230.0,295,295,159.95,6,0,1000000,3000,4
288352,288352,1153408,2095,278,1112,1304.0,0.0,1304.0,1414,1414,740.4928057553957,29,0,1000000,3000,4
288628,288628,1154512,2096,276,1104,788.0,0.0,788.0,898,898,617.8478260869565,18,0,1000000,3000,4
289247,289247,1156988,2097,619,2476,949.0,0.0,949.0,1129,1129,709.7754442649434,23,0,1000000,3000,4
289362,289362,1157448,2098,115,460,597.0,0.0,597.0,676,676,382.4,14,0,1000000,3000,4
289476,289476,1157904,2099,114,456,718.0,0.0,718.0,797,797,464.0,16,0,1000000,3000,4
289695,289695,1158780,2100,219,876,1039.0,0.0,1039.0,1139,1139,622.5844748858448,23,0,1000000,3000,4
289738,289738,1158952,2101,43,172,230.0,0.0,230.0,296,296,150.3953488372093,6,0,1000000,3000,4
289841,289841,1159364,2102,103,412,631.0,0.0,631.0,708,708,354.33009708737865,15,0,1000000,3000,4
290086,290086,1160344,2103,245,980,1022.0,0.0,1022.0,1126,1126,642.9510204081632,23,0,1000000,3000,4
290121,290121,1160484,2104,35,140,247.0,0.0,247.0,311,311,152.6,7,0,1000000,3000,4
290603,290603,1162412,2105,482,1928,973.0,0.0,973.0,1125,1125,773.6908713692947,23,0,1000000,3000,4
290771,290771,1163084,2106,168,672,710.0,0.0,710.0,799,799,481.6904761904762,16,0,1000000,3000,4
290809,290809,1163236,2107,38,152,240.0,0.0,240.0,304,304,154.73684210526315,7,0,1000000,3000,4
291258,291258,1165032,2108,449,1796,1862.0,0.0,1862.0,2008,2008,935.3608017817372,41,0,1000000,3000,4
291300,291300,1165200,2109,42,168,219.0,0.0,219.0,283,283,166.76190476190476,6,0,1000000,3000,4
291406,291406,1165624,2110,106,424,630.0,0.0,630.0,708,708,362.3207547169811,15,0,1000000,3000,4
291569,291569,1166276,2111,163,652,761.0,0.0,761.0,850,850,476.60122699386505,18,0,1000000,3000,4
291615,291615,1166460,2112,46,184,232.0,0.0,232.0,297,297,150.67391304347825,6,0,1000000,3000,4
291772,291772,1167088,2113,157,628,812.0,0.0,812.0,898,898,533.1656050955414,18,0,1000000,3000,4
292158,292158,1168632,2114,386,1544,1004.0,0.0,1004.0,1138,1138,738.7046632124352,23,0,1000000,3000,4
292252,292252,1169008,2115,94,376,616.0,0.0,616.0,692,692,329.32978723404256,14,0,1000000,3000,4
292367,292367,1169468,2116,115,460,598.0,0.0,598.0,678,678,381.2173913043478,14,0,1000000,3000,4
292404,292404,1169616,2117,37,148,242.0,0.0,242.0,306,306,155.0810810810811,7,0,1000000,3000,4
292799,292799,1171196,2118,395,1580,1274.0,0.0,1274.0,1409,1409,714.8911392405063,29,0,1000000,3000,4
292912,292912,1171648,2119,113,452,596.0,0.0,596.0,675,675,378.7787610619469,14,0,1000000,3000,4
293024,293024,1172096,2120,112,448,591.0,0.0,591.0,670,670,377.5267857142857,14,0,1000000,3000,4
293545,293545,1174180,2121,521,2084,2589.0,0.0,2589.0,2751,2751,1303.548944337812,56,0,1000000,3000,4
293701,293701,1174804,2122,156,624,1039.0,0.0,1039.0,1126,1126,582.0897435897435,23,0,1000000,3000,4
293742,293742,1174968,2123,41,164,233.0,0.0,233.0,298,298,158.6341463414634,6,0,1000000,3000,4
293905,293905,1175620,2124,163,652,635.0,0.0,635.0,722,722,477.3558282208589,15,0,1000000,3000,4
293940,293940,1175760,2125,35,140,239.0,0.0,239.0,302,302,154.57142857142858,7,0,1000000,3000,4
293974,293974,1175896,2126,34,136,243.0,0.0,243.0,306,306,156.64705882352942,7,0,1000000,3000,4
294203,294203,1176812,2127,229,916,1027.0,0.0,1027.0,1128,1128,616.9082969432314,23,0,1000000,3000,4
294242,294242,1176968,2128,39,156,247.0,0.0,247.0,312,312,136.23076923076923,7,0,1000000,3000,4
294283,294283,1177132,2129,41,164,230.0,0.0,230.0,295,295,160.78048780487805,6,0,1000000,3000,4
294570,294570,1178280,2130,287,1148,1300.0,0.0,1300.0,1413,1413,747.7630662020906,29,0,1000000,3000,4
294689,294689,1178756,2131,119,476,587.0,0.0,587.0,667,667,400.781512605042,14,0,1000000,3000,4
294746,294746,1178984,2132,57,228,201.0,0.0,201.0,268,268,165.8421052631579,6,0,1000000,3000,4
294987,294987,1179948,2133,241,964,1296.0,0.0,1296.0,1401,1401,751.5643153526971,29,0,1000000,3000,4
295152,295152,1180608,2134,165,660,1040.0,0.0,1040.0,1129,1129,562.4060606060606,23,0,1000000,3000,4
295189,295189,1180756,2135,37,148,241.0,0.0,241.0,304,304,153.86486486486487,7,0,1000000,3000,4
295230,295230,1180920,2136,41,164,232.0,0.0,232.0,297,297,162.0,6,0,1000000,3000,4
295418,295418,1181672,2137,188,752,1036.0,0.0,1036.0,1129,1129,612.5851063829788,23,0,1000000,3000,4
295706,295706,1182824,2138,288,1152,1403.0,0.0,1403.0,1518,1518,698.0868055555555,31,0,1000000,3000,4
295850,295850,1183400,2139,144,576,744.0,0.0,744.0,829,829,485.5138888888889,17,0,1000000,3000,4
295884,295884,1183536,2140,34,136,245.0,0.0,245.0,309,309,152.8235294117647,7,0,1000000,3000,4
296037,296037,1184148,2141,153,612,744.0,0.0,744.0,831,831,507.16339869281046,17,0,1000000,3000,4
296334,296334,1185336,2142,297,1188,1308.0,0.0,1308.0,1424,1424,701.7306397306397,29,0,1000000,3000,4
296373,296373,1185492,2143,39,156,235.0,0.0,235.0,299,299,154.94871794871796,6,0,1000000,3000,4
296525,296525,1186100,2144,152,608,637.0,0.0,637.0,722,722,482.07894736842104,15,0,1000000,3000,4
296566,296566,1186264,2145,41,164,230.0,0.0,230.0,295,295,157.21951219512195,6,0,1000000,3000,4
296609,296609,1186436,2146,43,172,222.0,0.0,222.0,287,287,167.25581395348837,6,0,1000000,3000,4
296650,296650,1186600,2147,41,164,230.0,0.0,230.0,295,295,160.58536585365854,6,0,1000000,3000,4
296863,296863,1187452,2148,213,852,1025.0,0.0,1025.0,1122,1122,668.3568075117371,23,0,1000000,3000,4
296945,296945,1187780,2149,82,328,609.0,0.0,609.0,682,682,338.0,14,0,1000000,3000,4
297168,297168,1188672,2150,223,892,1330.0,0.0,1330.0,1432,1432,713.6008968609865,29,0,1000000,3000,4
297252,297252,1189008,2151,84,336,651.0,0.0,651.0,722,722,362.98809523809524,15,0,1000000,3000,4
297293,297293,1189172,2152,41,164,231.0,0.0,231.0,296,296,162.7560975609756,6,0,1000000,3000,4
297386,297386,1189544,2153,93,372,623.0,0.0,623.0,698,698,366.06451612903226,14,0,1000000,3000,4
297420,297420,1189680,2154,34,136,248.0,0.0,248.0,311,311,155.1764705882353,7,0,1000000,3000,4
297662,297662,1190648,2155,242,968,1030.0,0.0,1030.0,1135,1135,609.0909090909091,23,0,1000000,3000,4
297831,297831,1191324,2156,169,676,1046.0,0.0,1046.0,1136,1136,592.2011834319527,23,0,1000000,3000,4
298051,298051,1192204,2157,220,880,1051.0,0.0,1051.0,1152,1152,613.0181818181818,24,0,1000000,3000,4
298090,298090,1192360,2158,39,156,237.0,0.0,237.0,300,300,155.46153846153845,7,0,1000000,3000,4
298126,298126,1192504,2159,36,144,238.0,0.0,238.0,303,303,154.38888888888889,7,0,1000000,3000,4
298167,298167,1192668,2160,41,164,235.0,0.0,235.0,300,300,152.0731707317073,7,0,1000000,3000,4
298303,298303,1193212,2161,136,544,756.0,0.0,756.0,840,840,475.43382352941177,17,0,1000000,3000,4
298565,298565,1194260,2162,262,1048,1019.0,0.0,1019.0,1127,1127,606.3015267175573,23,0,1000000,3000,4
298594,298594,1194376,2163,29,116,249.0,0.0,249.0,312,312,157.9655172413793,7,0,1000000,3000,4
298700,298700,1194800,2164,106,424,599.0,0.0,599.0,677,677,406.8207547169811,14,0,1000000,3000,4
298805,298805,1195220,2165,105,420,603.0,0.0,603.0,681,681,345.3333333333333,14,0,1000000,3000,4
298995,298995,1195980,2166,190,760,774.0,0.0,774.0,869,869,500.0157894736842,18,0,1000000,3000,4
299263,299263,1197052,2167,268,1072,1116.0,0.0,1116.0,1225,1225,652.1194029850747,25,0,1000000,3000,4
299363,299363,1197452,2168,100,400,603.0,0.0,603.0,680,680,396.21,14,0,1000000,3000,4
299404,299404,1197616,2169,41,164,242.0,0.0,242.0,308,308,136.1219512195122,7,0,1000000,3000,4
299448,299448,1197792,2170,44,176,237.0,0.0,237.0,302,302,148.4318181818182,7,0,1000000,3000,4
299485,299485,1197940,2171,37,148,239.0,0.0,239.0,304,304,155.3783783783784,7,0,1000000,3000,4
299633,299633,1198532,2172,148,592,743.0,0.0,743.0,829,829,514.8040540540541,17,0,1000000,3000,4
299782,299782,1199128,2173,149,596,792.0,0.0,792.0,878,878,536.4228187919463,18,0,1000000,3000,4
299943,299943,1199772,2174,161,644,635.0,0.0,635.0,722,722,469.6273291925466,15,0,1000000,3000,4
300215,300215,1200860,2175,272,1088,1667.0,0.0,1667.0,1777,1777,836.5147058823529,36,0,1000000,3000,4
300382,300382,1201528,2176,167,668,810.0,0.0,810.0,898,898,591.1916167664671,18,0,1000000,3000,4
300423,300423,1201692,2177,41,164,230.0,0.0,230.0,295,295,158.1219512195122,6,0,1000000,3000,4
300468,300468,1201872,2178,45,180,227.0,0.0,227.0,292,292,156.57777777777778,6,0,1000000,3000,4
300507,300507,1202028,2179,39,156,242.0,0.0,242.0,307,307,148.17948717948718,7,0,1000000,3000,4
300553,300553,1202212,2180,46,184,229.0,0.0,229.0,295,295,138.82608695652175,6,0,1000000,3000,4
300594,300594,1202376,2181,41,164,229.0,0.0,229.0,294,294,162.0,6,0,1000000,3000,4
300649,300649,1202596,2182,55,220,214.0,0.0,214.0,280,280,142.47272727272727,6,0,1000000,3000,4
300836,300836,1203344,2183,187,748,1039.0,0.0,1039.0,1133,1133,572.9946524064171,23,0,1000000,3000,4
301111,301111,1204444,2184,275,1100,1018.0,0.0,1018.0,1127,1127,594.6727272727272,23,0,1000000,3000,4
301244,301244,1204976,2185,133,532,590.0,0.0,590.0,673,673,389.7368421052632,14,0,1000000,3000,4
301352,301352,1205408,2186,108,432,630.0,0.0,630.0,709,709,378.27777777777777,15,0,1000000,3000,4
301553,301553,1206212,2187,201,804,1030.0,0.0,1030.0,1125,1125,654.9751243781094,23,0,1000000,3000,4
301736,301736,1206944,2188,183,732,1042.0,0.0,1042.0,1135,1135,606.1803278688525,23,0,1000000,3000,4
301772,301772,1207088,2189,36,144,243.0,0.0,243.0,308,308,157.83333333333334,7,0,1000000,3000,4
301806,301806,1207224,2190,34,136,241.0,0.0,241.0,304,304,157.64705882352942,7,0,1000000,3000,4
301843,301843,1207372,2191,37,148,241.0,0.0,241.0,305,305,151.6216216216216,7,0,1000000,3000,4
301880,301880,1207520,2192,37,148,245.0,0.0,245.0,309,309,151.8108108108108,7,0,1000000,3000,4
301915,301915,1207660,2193,35,140,242.0,0.0,242.0,306,306,158.4857142857143,7,0,1000000,3000,4
301947,301947,1207788,2194,32,128,249.0,0.0,249.0,313,313,146.40625,7,0,1000000,3000,4
301995,301995,1207980,2195,48,192,217.0,0.0,217.0,283,283,153.6875,6,0,1000000,3000,4
302037,302037,1208148,2196,42,168,228.0,0.0,228.0,292,292,157.54761904761904,6,0,1000000,3000,4
302075,302075,1208300,2197,38,152,240.0,0.0,240.0,303,303,156.26315789473685,7,0,1000000,3000,4
302200,302200,1208800,2198,125,500,581.0,0.0,581.0,663,663,388.84,14,0,1000000,3000,4
302242,302242,1208968,2199,42,168,233.0,0.0,233.0,298,298,152.26190476190476,6,0,1000000,3000,4
302376,302376,1209504,2200,134,536,618.0,0.0,618.0,701,701,376.7985074626866,15,0,1000000,3000,4
302423,302423,1209692,2201,47,188,213.0,0.0,213.0,279,279,166.5531914893617,6,0,1000000,3000,4
302520,302520,1210080,2202,97,388,630.0,0.0,630.0,707,707,356.36082474226805,15,0,1000000,3000,4
302565,302565,1210260,2203,45,180,220.0,0.0,220.0,285,285,166.04444444444445,6,0,1000000,3000,4
302605,302605,1210420,2204,40,160,227.0,0.0,227.0,292,292,161.75,6,0,1000000,3000,4
302701,302701,1210804,2205,96,384,608.0,0.0,608.0,684,684,391.5833333333333,14,0,1000000,3000,4
302963,302963,1211852,2206,262,1048,1304.0,0.0,1304.0,1411,1411,640.3854961832061,29,0,1000000,3000,4
303127,303127,1212508,2207,164,656,811.0,0.0,811.0,898,898,539.1951219512196,18,0,1000000,3000,4
303300,303300,1213200,2208,173,692,777.0,0.0,777.0,867,867,489.73988439306356,18,0,1000000,3000,4
303340,303340,1213360,2209,40,160,238.0,0.0,238.0,301,301,160.725,7,0,1000000,3000,4
303374,303374,1213496,2210,34,136,241.0,0.0,241.0,304,304,156.94117647058823,7,0,1000000,3000,4
303599,303599,1214396,2211,225,900,757.0,0.0,757.0,859,859,487.3688888888889,18,0,1000000,3000,4
303782,303782,1215128,2212,183,732,761.0,0.0,761.0,855,855,487.8688524590164,18,0,1000000,3000,4
303868,303868,1215472,2213,86,344,626.0,0.0,626.0,701,701,355.66279069767444,15,0,1000000,3000,4
304041,304041,1216164,2214,173,692,763.0,0.0,763.0,855,855,494.76878612716763,18,0,1000000,3000,4
304165,304165,1216660,2215,124,496,604.0,0.0,604.0,685,685,392.38709677419354,14,0,1000000,3000,4
304258,304258,1217032,2216,93,372,611.0,0.0,611.0,686,686,331.35483870967744,14,0,1000000,3000,4
304290,304290,1217160,2217,32,128,248.0,0.0,248.0,312,312,148.8125,7,0,1000000,3000,4
304382,304382,1217528,2218,92,368,626.0,0.0,626.0,701,701,391.45652173913044,15,0,1000000,3000,4
304421,304421,1217684,2219,39,156,240.0,0.0,240.0,305,305,149.25641025641025,7,0,1000000,3000,4
304461,304461,1217844,2220,40,160,235.0,0.0,235.0,300,300,156.675,7,0,1000000,3000,4
304558,304558,1218232,2221,97,388,617.0,0.0,617.0,693,693,383.45360824742266,14,0,1000000,3000,4
304814,304814,1219256,2222,256,1024,1127.0,0.0,1127.0,1235,1235,696.89453125,25,0,1000000,3000,4
305069,305069,1220276,2223,255,1020,1017.0,0.0,1017.0,1123,1123,640.643137254902,23,0,1000000,3000,4
305176,305176,1220704,2224,107,428,625.0,0.0,625.0,703,703,355.0373831775701,15,0,1000000,3000,4
305218,305218,1220872,2225,42,168,232.0,0.0,232.0,297,297,158.26190476190476,6,0,1000000,3000,4
305324,305324,1221296,2226,106,424,616.0,0.0,616.0,694,694,371.27358490566036,14,0,1000000,3000,4
305420,305420,1221680,2227,96,384,620.0,0.0,620.0,695,695,373.125,14,0,1000000,3000,4
305608,305608,1222432,2228,188,752,751.0,0.0,751.0,845,845,528.468085106383,17,0,1000000,3000,4
305815,305815,1223260,2229,207,828,1308.0,0.0,1308.0,1406,1406,643.4589371980676,29,0,1000000,3000,4
305860,305860,1223440,2230,45,180,219.0,0.0,219.0,285,285,166.0222222222222,6,0,1000000,3000,4
305899,305899,1223596,2231,39,156,235.0,0.0,235.0,299,299,161.51282051282053,6,0,1000000,3000,4
305987,305987,1223948,2232,88,352,616.0,0.0,616.0,690,690,339.3636363636364,14,0,1000000,3000,4
306176,306176,1224704,2233,189,756,704.0,0.0,704.0,798,798,541.047619047619,16,0,1000000,3000,4
306265,306265,1225060,2234,89,356,634.0,0.0,634.0,707,707,365.0,15,0,1000000,3000,4
306477,306477,1225908,2235,212,848,1039.0,0.0,1039.0,1138,1138,575.7877358490566,23,0,1000000,3000,4
306681,306681,1226724,2236,204,816,1324.0,0.0,1324.0,1422,1422,704.2941176470588,29,0,1000000,3000,4
306897,306897,1227588,2237,216,864,1339.0,0.0,1339.0,1440,1440,729.0833333333334,29,0,1000000,3000,4
306972,306972,1227888,2238,75,300,615.0,0.0,615.0,687,687,335.74666666666667,14,0,1000000,3000,4
307232,307232,1228928,2239,260,1040,1018.0,0.0,1018.0,1125,1125,646.7,23,0,1000000,3000,4
307317,307317,1229268,2240,85,340,624.0,0.0,624.0,698,698,345.7647058823529,14,0,1000000,3000,4
307351,307351,1229404,2241,34,136,243.0,0.0,243.0,306,306,157.26470588235293,7,0,1000000,3000,4
307545,307545,1230180,2242,194,776,1331.0,0.0,1331.0,1426,1426,723.0927835051547,29,0,1000000,3000,4
307583,307583,1230332,2243,38,152,241.0,0.0,241.0,305,305,158.1315789473684,7,0,1000000,3000,4
307800,307800,1231200,2244,217,868,1314.0,0.0,1314.0,1413,1413,765.5115207373271,29,0,1000000,3000,4
307829,307829,1231316,2245,29,116,249.0,0.0,249.0,310,310,152.48275862068965,7,0,1000000,3000,4
307922,307922,1231688,2246,93,372,616.0,0.0,616.0,691,691,355.7956989247312,14,0,1000000,3000,4
308138,308138,1232552,2247,216,864,1125.0,0.0,1125.0,1224,1224,649.4120370370371,25,0,1000000,3000,4
308243,308243,1232972,2248,105,420,606.0,0.0,606.0,684,684,384.2857142857143,14,0,1000000,3000,4
308282,308282,1233128,2249,39,156,231.0,0.0,231.0,295,295,165.71794871794873,6,0,1000000,3000,4
308444,308444,1233776,2250,162,648,765.0,0.0,765.0,854,854,543.4382716049382,18,0,1000000,3000,4
308597,308597,1234388,2251,153,612,637.0,0.0,637.0,722,722,478.2352941176471,15,0,1000000,3000,4
308634,308634,1234536,2252,37,148,240.0,0.0,240.0,305,305,161.56756756756758,7,0,1000000,3000,4
308792,308792,1235168,2253,158,632,812.0,0.0,812.0,898,898,561.4177215189874,18,0,1000000,3000,4
309035,309035,1236140,2254,243,972,1328.0,0.0,1328.0,1434,1434,716.7407407407408,29,0,1000000,3000,4
309072,309072,1236288,2255,37,148,234.0,0.0,234.0,298,298,172.94594594594594,6,0,1000000,3000,4
309207,309207,1236828,2256,135,540,1044.0,0.0,1044.0,1126,1126,575.1333333333333,23,0,1000000,3000,4
309360,309360,1237440,2257,153,612,1152.0,0.0,1152.0,1240,1240,594.0261437908497,25,0,1000000,3000,4
309477,309477,1237908,2258,117,468,600.0,0.0,600.0,681,681,377.28205128205127,14,0,1000000,3000,4
309566,309566,1238264,2259,89,356,610.0,0.0,610.0,685,685,394.64044943820227,14,0,1000000,3000,4
309600,309600,1238400,2260,34,136,249.0,0.0,249.0,312,312,151.1764705882353,7,0,1000000,3000,4
309695,309695,1238780,2261,95,380,604.0,0.0,604.0,679,679,390.85263157894735,14,0,1000000,3000,4
309730,309730,1238920,2262,35,140,247.0,0.0,247.0,311,311,146.4857142857143,7,0,1000000,3000,4
309765,309765,1239060,2263,35,140,240.0,0.0,240.0,305,305,155.4,7,0,1000000,3000,4
309950,309950,1239800,2264,185,740,1338.0,0.0,1338.0,1433,1433,678.5837837837838,29,0,1000000,3000,4
310193,310193,1240772,2265,243,972,1918.0,0.0,1918.0,2023,2023,960.0205761316872,41,0,1000000,3000,4
310407,310407,1241628,2266,214,856,1427.0,0.0,1427.0,1527,1527,722.3971962616822,31,0,1000000,3000,4
310435,310435,1241740,2267,28,112,252.0,0.0,252.0,315,315,159.5,7,0,1000000,3000,4
310511,310511,1242044,2268,76,304,604.0,0.0,604.0,677,677,310.5394736842105,14,0,1000000,3000,4
310543,310543,1242172,2269,32,128,252.0,0.0,252.0,316,316,151.125,7,0,1000000,3000,4
310636,310636,1242544,2270,93,372,608.0,0.0,608.0,683,683,348.63440860215053,14,0,1000000,3000,4
310741,310741,1242964,2271,105,420,602.0,0.0,602.0,681,681,407.12380952380954,14,0,1000000,3000,4
310843,310843,1243372,2272,102,408,615.0,0.0,615.0,691,691,380.7450980392157,14,0,1000000,3000,4
311029,311029,1244116,2273,186,744,1043.0,0.0,1043.0,1137,1137,660.8118279569892,23,0,1000000,3000,4
311162,311162,1244648,2274,133,532,735.0,0.0,735.0,819,819,456.2481203007519,17,0,1000000,3000,4
311307,311307,1245228,2275,145,580,746.0,0.0,746.0,831,831,487.70344827586206,17,0,1000000,3000,4
311540,311540,1246160,2276,233,932,1033.0,0.0,1033.0,1136,1136,658.4334763948498,23,0,1000000,3000,4
311575,311575,1246300,2277,35,140,240.0,0.0,240.0,302,302,160.6,7,0,1000000,3000,4
311770,311770,1247080,2278,195,780,1042.0,0.0,1042.0,1137,1137,625.5333333333333,23,0,1000000,3000,4
311889,311889,1247556,2279,119,476,759.0,0.0,759.0,839,839,518.890756302521,17,0,1000000,3000,4
311977,311977,1247908,2280,88,352,632.0,0.0,632.0,705,705,385.89772727272725,15,0,1000000,3000,4
312189,312189,1248756,2281,212,848,1303.0,0.0,1303.0,1402,1402,705.0566037735849,29,0,1000000,3000,4
312289,312289,1249156,2282,100,400,605.0,0.0,605.0,682,682,381.68,14,0,1000000,3000,4
312324,312324,1249296,2283,35,140,249.0,0.0,249.0,313,313,146.74285714285713,7,0,1000000,3000,4
312357,312357,1249428,2284,33,132,244.0,0.0,244.0,308,308,146.96969696969697,7,0,1000000,3000,4
312535,312535,1250140,2285,178,712,1035.0,0.0,1035.0,1126,1126,607.1179775280899,23,0,1000000,3000,4
312754,312754,1251016,2286,219,876,1041.0,0.0,1041.0,1140,1140,618.3972602739726,23,0,1000000,3000,4
312845,312845,1251380,2287,91,364,624.0,0.0,624.0,700,700,382.14285714285717,15,0,1000000,3000,4
313043,313043,1252172,2288,198,792,1037.0,0.0,1037.0,1133,1133,654.8686868686868,23,0,1000000,3000,4
313135,313135,1252540,2289,92,368,611.0,0.0,611.0,687,687,407.80434782608694,14,0,1000000,3000,4
313166,313166,1252664,2290,31,124,249.0,0.0,249.0,313,313,149.0,7,0,1000000,3000,4
313197,313197,1252788,2291,31,124,244.0,0.0,244.0,308,308,162.83870967741936,7,0,1000000,3000,4
313232,313232,1252928,2292,35,140,246.0,0.0,246.0,310,310,153.02857142857144,7,0,1000000,3000,4
313385,313385,1253540,2293,153,612,1148.0,0.0,1148.0,1235,1235,622.8888888888889,25,0,1000000,3000,4
313420,313420,1253680,2294,35,140,234.0,0.0,234.0,298,298,166.74285714285713,6,0,1000000,3000,4
313456,313456,1253824,2295,36,144,243.0,0.0,243.0,306,306,161.16666666666666,7,0,1000000,3000,4
313534,313534,1254136,2296,78,312,629.0,0.0,629.0,702,702,364.70512820512823,15,0,1000000,3000,4
313572,313572,1254288,2297,38,152,241.0,0.0,241.0,306,306,157.1578947368421,7,0,1000000,3000,4
313603,313603,1254412,2298,31,124,247.0,0.0,247.0,311,311,163.8709677419355,7,0,1000000,3000,4
313635,313635,1254540,2299,32,128,249.0,0.0,249.0,313,313,157.03125,7,0,1000000,3000,4
313717,313717,1254868,2300,82,328,627.0,0.0,627.0,701,701,348.8536585365854,15,0,1000000,3000,4
313746,313746,1254984,2301,29,116,244.0,0.0,244.0,307,307,159.17241379310346,7,0,1000000,3000,4
313923,313923,1255692,2302,177,708,744.0,0.0,744.0,835,835,551.8248587570622,17,0,1000000,3000,4
313955,313955,1255820,2303,32,128,247.0,0.0,247.0,311,311,155.375,7,0,1000000,3000,4
314138,314138,1256552,2304,183,732,1035.0,0.0,1035.0,1127,1127,635.3224043715848,23,0,1000000,3000,4
314292,314292,1257168,2305,154,616,779.0,0.0,779.0,867,867,542.9675324675325,18,0,1000000,3000,4
314376,314376,1257504,2306,84,336,633.0,0.0,633.0,707,707,391.2142857142857,15,0,1000000,3000,4
314446,314446,1257784,2307,70,280,621.0,0.0,621.0,692,692,360.4428571428571,14,0,1000000,3000,4
314534,314534,1258136,2308,88,352,634.0,0.0,634.0,708,708,393.78409090909093,15,0,1000000,3000,4
314733,314733,1258932,2309,199,796,1329.0,0.0,1329.0,1426,1426,741.1959798994975,29,0,1000000,3000,4
314921,314921,1259684,2310,188,752,1325.0,0.0,1325.0,1418,1418,724.6117021276596,29,0,1000000,3000,4
315203,315203,1260812,2311,282,1128,1323.0,0.0,1323.0,1437,1437,757.9042553191489,29,0,1000000,3000,4
315419,315419,1261676,2312,216,864,1028.0,0.0,1028.0,1127,1127,662.2314814814815,23,0,1000000,3000,4
315450,315450,1261800,2313,31,124,247.0,0.0,247.0,310,310,149.8709677419355,7,0,1000000,3000,4
315482,315482,1261928,2314,32,128,244.0,0.0,244.0,307,307,168.4375,7,0,1000000,3000,4
315632,315632,1262528,2315,150,600,813.0,0.0,813.0,898,898,560.0933333333334,18,0,1000000,3000,4
315664,315664,1262656,2316,32,128,246.0,0.0,246.0,309,309,160.125,7,0,1000000,3000,4
315698,315698,1262792,2317,34,136,239.0,0.0,239.0,302,302,155.52941176470588,7,0,1000000,3000,4
315796,315796,1263184,2318,98,392,648.0,0.0,648.0,722,722,356.1938775510204,15,0,1000000,3000,4
316051,316051,1264204,2319,255,1020,1295.0,0.0,1295.0,1403,1403,703.8117647058823,29,0,1000000,3000,4
316126,316126,1264504,2320,75,300,623.0,0.0,623.0,694,694,369.2133333333333,14,0,1000000,3000,4
316157,316157,1264628,2321,31,124,246.0,0.0,246.0,310,310,157.7741935483871,7,0,1000000,3000,4
316335,316335,1265340,2322,178,712,1045.0,0.0,1045.0,1137,1137,666.2865168539325,23,0,1000000,3000,4
316444,316444,1265776,2323,109,436,623.0,0.0,623.0,700,700,380.20183486238534,15,0,1000000,3000,4
316688,316688,1266752,2324,244,976,766.0,0.0,766.0,870,870,604.7622950819672,18,0,1000000,3000,4
316724,316724,1266896,2325,36,144,249.0,0.0,249.0,314,314,149.86111111111111,7,0,1000000,3000,4
316819,316819,1267276,2326,95,380,630.0,0.0,630.0,706,706,367.85263157894735,15,0,1000000,3000,4
316848,316848,1267392,2327,29,116,249.0,0.0,249.0,312,312,154.68965517241378,7,0,1000000,3000,4
317034,317034,1268136,2328,186,744,1322.0,0.0,1322.0,1415,1415,716.1720430107526,29,0,1000000,3000,4
317188,317188,1268752,2329,154,616,774.0,0.0,774.0,861,861,546.0714285714286,18,0,1000000,3000,4
317220,317220,1268880,2330,32,128,252.0,0.0,252.0,316,316,149.0,7,0,1000000,3000,4
317255,317255,1269020,2331,35,140,250.0,0.0,250.0,315,315,151.71428571428572,7,0,1000000,3000,4
317664,317664,1270656,2332,409,1636,1270.0,0.0,1270.0,1408,1408,703.1882640586797,29,0,1000000,3000,4
317746,317746,1270984,2333,82,328,599.0,0.0,599.0,673,673,299.5243902439024,14,0,1000000,3000,4
317775,317775,1271100,2334,29,116,251.0,0.0,251.0,313,313,157.6551724137931,7,0,1000000,3000,4
317956,317956,1271824,2335,181,724,1033.0,0.0,1033.0,1124,1124,571.9337016574585,23,0,1000000,3000,4
317990,317990,1271960,2336,34,136,249.0,0.0,249.0,313,313,146.14705882352942,7,0,1000000,3000,4
318102,318102,1272408,2337,112,448,605.0,0.0,605.0,683,683,380.4107142857143,14,0,1000000,3000,4
318279,318279,1273116,2338,177,708,1035.0,0.0,1035.0,1125,1125,582.4406779661017,23,0,1000000,3000,4
318363,318363,1273452,2339,84,336,619.0,0.0,619.0,692,692,347.64285714285717,14,0,1000000,3000,4
318399,318399,1273596,2340,36,144,239.0,0.0,239.0,303,303,162.0,7,0,1000000,3000,4
318489,318489,1273956,2341,90,360,611.0,0.0,611.0,686,686,336.68888888888887,14,0,1000000,3000,4
318605,318605,1274420,2342,116,464,603.0,0.0,603.0,683,683,368.1034482758621,14,0,1000000,3000,4
318714,318714,1274856,2343,109,436,600.0,0.0,600.0,679,679,370.5045871559633,14,0,1000000,3000,4
318748,318748,1274992,2344,34,136,247.0,0.0,247.0,310,310,155.02941176470588,7,0,1000000,3000,4
318873,318873,1275492,2345,125,500,818.0,0.0,818.0,898,898,574.712,18,0,1000000,3000,4
318909,318909,1275636,2346,36,144,247.0,0.0,247.0,310,310,149.88888888888889,7,0,1000000,3000,4
318998,318998,1275992,2347,89,356,636.0,0.0,636.0,710,710,362.7865168539326,15,0,1000000,3000,4
319038,319038,1276152,2348,40,160,226.0,0.0,226.0,291,291,166.475,6,0,1000000,3000,4
319298,319298,1277192,2349,260,1040,1017.0,0.0,1017.0,1125,1125,662.1961538461538,23,0,1000000,3000,4
319419,319419,1277676,2350,121,484,1046.0,0.0,1046.0,1125,1125,594.1900826446281,23,0,1000000,3000,4
319598,319598,1278392,2351,179,716,1428.0,0.0,1428.0,1521,1521,696.2793296089385,31,0,1000000,3000,4
319636,319636,1278544,2352,38,152,239.0,0.0,239.0,302,302,156.97368421052633,7,0,1000000,3000,4
319858,319858,1279432,2353,222,888,1312.0,0.0,1312.0,1413,1413,745.4054054054054,29,0,1000000,3000,4
319895,319895,1279580,2354,37,148,251.0,0.0,251.0,315,315,147.64864864864865,7,0,1000000,3000,4
319985,319985,1279940,2355,90,360,601.0,0.0,601.0,676,676,416.4555555555556,14,0,1000000,3000,4
320160,320160,1280640,2356,175,700,1709.0,0.0,1709.0,1801,1801,870.0057142857142,37,0,1000000,3000,4
320193,320193,1280772,2357,33,132,239.0,0.0,239.0,302,302,163.45454545454547,7,0,1000000,3000,4
320226,320226,1280904,2358,33,132,250.0,0.0,250.0,314,314,153.3939393939394,7,0,1000000,3000,4
320262,320262,1281048,2359,36,144,248.0,0.0,248.0,313,313,144.88888888888889,7,0,1000000,3000,4
320359,320359,1281436,2360,97,388,632.0,0.0,632.0,707,707,368.9587628865979,15,0,1000000,3000,4
320467,320467,1281868,2361,108,432,606.0,0.0,606.0,684,684,383.9166666666667,14,0,1000000,3000,4
320545,320545,1282180,2362,78,312,619.0,0.0,619.0,692,692,346.5,14,0,1000000,3000,4
320576,320576,1282304,2363,31,124,243.0,0.0,243.0,305,305,163.09677419354838,7,0,1000000,3000,4
320619,320619,1282476,2364,43,172,235.0,0.0,235.0,301,301,140.09302325581396,7,0,1000000,3000,4
320658,320658,1282632,2365,39,156,225.0,0.0,225.0,288,288,165.2051282051282,6,0,1000000,3000,4
320702,320702,1282808,2366,44,176,231.0,0.0,231.0,294,294,156.75,6,0,1000000,3000,4
320903,320903,1283612,2367,201,804,1041.0,0.0,1041.0,1137,1137,554.8805970149253,23,0,1000000,3000,4
321078,321078,1284312,2368,175,700,1058.0,0.0,1058.0,1150,1150,519.6,24,0,1000000,3000,4
321115,321115,1284460,2369,37,148,239.0,0.0,239.0,304,304,153.1891891891892,7,0,1000000,3000,4
321159,321159,1284636,2370,44,176,229.0,0.0,229.0,295,295,152.1590909090909,6,0,1000000,3000,4
321406,321406,1285624,2371,247,988,1681.0,0.0,1681.0,1786,1786,833.5263157894736,36,0,1000000,3000,4
321442,321442,1285768,2372,36,144,243.0,0.0,243.0,307,307,151.33333333333334,7,0,1000000,3000,4
321620,321620,1286480,2373,178,712,1141.0,0.0,1141.0,1233,1233,661.7078651685393,25,0,1000000,3000,4
321756,321756,1287024,2374,136,544,579.0,0.0,579.0,663,663,416.9779411764706,14,0,1000000,3000,4
322010,322010,1288040,2375,254,1016,1307.0,0.0,1307.0,1412,1412,728.7952755905512,29,0,1000000,3000,4
322251,322251,1289004,2376,241,964,1680.0,0.0,1680.0,1784,1784,844.5684647302904,36,0,1000000,3000,4
322333,322333,1289332,2377,82,328,610.0,0.0,610.0,683,683,310.9024390243902,14,0,1000000,3000,4
322550,322550,1290200,2378,217,868,1408.0,0.0,1408.0,1508,1508,722.2073732718894,31,0,1000000,3000,4
322592,322592,1290368,2379,42,168,229.0,0.0,229.0,294,294,163.3095238095238,6,0,1000000,3000,4
322745,322745,1290980,2380,153,612,637.0,0.0,637.0,722,723,495.54901960784315,15,0,1000000,3000,4
322779,322779,1291116,2381,34,136,239.0,0.0,239.0,303,303,160.35294117647058,7,0,1000000,3000,4
322889,322889,1291556,2382,110,440,610.0,0.0,610.0,688,688,371.8636363636364,14,0,1000000,3000,4
322926,322926,1291704,2383,37,148,241.0,0.0,241.0,306,306,159.51351351351352,7,0,1000000,3000,4
323073,323073,1292292,2384,147,588,638.0,0.0,638.0,722,723,516.5578231292517,15,0,1000000,3000,4
323259,323259,1293036,2385,186,744,1339.0,0.0,1339.0,1434,1434,700.247311827957,29,0,1000000,3000,4
323293,323293,1293172,2386,34,136,243.0,0.0,243.0,306,306,159.2941176470588,7,0,1000000,3000,4
323436,323436,1293744,2387,143,572,815.0,0.0,815.0,898,898,575.6923076923077,18,0,1000000,3000,4
323536,323536,1294144,2388,100,400,626.0,0.0,626.0,702,702,377.94,15,0,1000000,3000,4
323567,323567,1294268,2389,31,124,246.0,0.0,246.0,309,309,158.67741935483872,7,0,1000000,3000,4
323707,323707,1294828,2390,140,560,779.0,0.0,779.0,863,863,519.6071428571429,18,0,1000000,3000,4
323810,323810,1295240,2391,103,412,633.0,0.0,633.0,711,711,363.8932038834951,15,0,1000000,3000,4
323968,323968,1295872,2392,158,632,1341.0,0.0,1341.0,1430,1430,648.9556962025316,29,0,1000000,3000,4
324003,324003,1296012,2393,35,140,247.0,0.0,247.0,312,312,145.9142857142857,7,0,1000000,3000,4
324146,324146,1296584,2394,143,572,726.0,0.0,726.0,812,812,460.26573426573424,17,0,1000000,3000,4
324421,324421,1297684,2395,275,1100,788.0,0.0,788.0,898,899,683.7418181818182,18,0,1000000,3000,4
324784,324784,1299136,2396,363,1452,998.0,0.0,998.0,1126,1126,734.374655647383,23,0,1000000,3000,4
324950,324950,1299800,2397,166,664,634.0,0.0,634.0,722,724,476.6144578313253,15,0,1000000,3000,4
324987,324987,1299948,2398,37,148,246.0,0.0,246.0,311,311,146.67567567567568,7,0,1000000,3000,4
325019,325019,1300076,2399,32,128,250.0,0.0,250.0,314,314,152.78125,7,0,1000000,3000,4
325205,325205,1300820,2400,186,744,1034.0,0.0,1034.0,1126,1126,586.1344086021505,23,0,1000000,3000,4
325242,325242,1300968,2401,37,148,237.0,0.0,237.0,302,302,155.64864864864865,7,0,1000000,3000,4
325351,325351,1301404,2402,109,436,592.0,0.0,592.0,670,670,401.25688073394497,14,0,1000000,3000,4
325514,325514,1302056,2403,163,652,774.0,0.0,774.0,864,864,523.3128834355829,18,0,1000000,3000,4
325684,325684,1302736,2404,170,680,707.0,0.0,707.0,798,798,489.6823529411765,16,0,1000000,3000,4
325856,325856,1303424,2405,172,688,809.0,0.0,809.0,898,898,576.0988372093024,18,0,1000000,3000,4
325960,325960,1303840,2406,104,416,616.0,0.0,616.0,692,692,320.0192307692308,14,0,1000000,3000,4
326070,326070,1304280,2407,110,440,627.0,0.0,627.0,707,707,356.2,15,0,1000000,3000,4
326249,326249,1304996,2408,179,716,724.0,0.0,724.0,817,817,482.9888268156425,17,0,1000000,3000,4
326285,326285,1305140,2409,36,144,246.0,0.0,246.0,310,310,154.19444444444446,7,0,1000000,3000,4
326510,326510,1306040,2410,225,900,1029.0,0.0,1029.0,1129,1129,618.8844444444444,23,0,1000000,3000,4
326767,326767,1307068,2411,257,1028,1549.0,0.0,1549.0,1657,1657,806.7976653696498,34,0,1000000,3000,4
326848,326848,1307392,2412,81,324,637.0,0.0,637.0,711,711,361.5925925925926,15,0,1000000,3000,4
327068,327068,1308272,2413,220,880,1031.0,0.0,1031.0,1129,1129,637.1136363636364,23,0,1000000,3000,4
327100,327100,1308400,2414,32,128,248.0,0.0,248.0,312,312,146.84375,7,0,1000000,3000,4
327245,327245,1308980,2415,145,580,797.0,0.0,797.0,883,883,525.2827586206896,18,0,1000000,3000,4
327350,327350,1309400,2416,105,420,616.0,0.0,616.0,693,693,344.5238095238095,14,0,1000000,3000,4
327508,327508,1310032,2417,158,632,812.0,0.0,812.0,898,898,544.8924050632911,18,0,1000000,3000,4
327548,327548,1310192,2418,40,160,230.0,0.0,230.0,295,295,156.35,6,0,1000000,3000,4
327582,327582,1310328,2419,34,136,242.0,0.0,242.0,304,304,164.08823529411765,7,0,1000000,3000,4
327623,327623,1310492,2420,41,164,233.0,0.0,233.0,298,298,158.85365853658536,6,0,1000000,3000,4
327663,327663,1310652,2421,40,160,231.0,0.0,231.0,296,296,157.4,6,0,1000000,3000,4
327772,327772,1311088,2422,109,436,578.0,0.0,578.0,656,656,400.908256880734,14,0,1000000,3000,4
327874,327874,1311496,2423,102,408,604.0,0.0,604.0,682,682,376.04901960784315,14,0,1000000,3000,4
327964,327964,1311856,2424,90,360,620.0,0.0,620.0,695,695,349.68888888888887,14,0,1000000,3000,4
328004,328004,1312016,2425,40,160,234.0,0.0,234.0,298,298,156.275,6,0,1000000,3000,4
328047,328047,1312188,2426,43,172,230.0,0.0,230.0,294,294,156.1860465116279,6,0,1000000,3000,4
328152,328152,1312608,2427,105,420,626.0,0.0,626.0,702,702,375.34285714285716,15,0,1000000,3000,4
328547,328547,1314188,2428,395,1580,1003.0,0.0,1003.0,1138,1138,662.8354430379746,23,0,1000000,3000,4
328658,328658,1314632,2429,111,444,614.0,0.0,614.0,692,692,374.8288288288288,14,0,1000000,3000,4
328897,328897,1315588,2430,239,956,1327.0,0.0,1327.0,1432,1432,690.5690376569038,29,0,1000000,3000,4
329067,329067,1316268,2431,170,680,1037.0,0.0,1037.0,1126,1126,571.5470588235294,23,0,1000000,3000,4
329309,329309,1317236,2432,242,968,716.0,0.0,716.0,820,820,587.5909090909091,17,0,1000000,3000,4
329391,329391,1317564,2433,82,328,618.0,0.0,618.0,691,691,335.8414634146341,14,0,1000000,3000,4
329583,329583,1318332,2434,192,768,1041.0,0.0,1041.0,1136,1136,597.6145833333334,23,0,1000000,3000,4
329624,329624,1318496,2435,41,164,234.0,0.0,234.0,299,299,155.17073170731706,6,0,1000000,3000,4
329662,329662,1318648,2436,38,152,238.0,0.0,238.0,301,301,157.3684210526316,7,0,1000000,3000,4
329864,329864,1319456,2437,202,808,1312.0,0.0,1312.0,1408,1408,682.7029702970297,29,0,1000000,3000,4
329909,329909,1319636,2438,45,180,221.0,0.0,221.0,287,287,161.15555555555557,6,0,1000000,3000,4
330025,330025,1320100,2439,116,464,602.0,0.0,602.0,682,682,392.5,14,0,1000000,3000,4
330213,330213,1320852,2440,188,752,1044.0,0.0,1044.0,1138,1138,609.9521276595744,23,0,1000000,3000,4
330392,330392,1321568,2441,179,716,748.0,0.0,748.0,840,840,566.340782122905,17,0,1000000,3000,4
330587,330587,1322348,2442,195,780,1424.0,0.0,1424.0,1520,1520,726.0461538461539,31,0,1000000,3000,4
330705,330705,1322820,2443,118,472,587.0,0.0,587.0,667,667,383.91525423728814,14,0,1000000,3000,4
330838,330838,1323352,2444,133,532,577.0,0.0,577.0,660,660,391.54135338345867,14,0,1000000,3000,4
331095,331095,1324380,2445,257,1028,1135.0,0.0,1135.0,1244,1244,705.1128404669261,25,0,1000000,3000,4
331344,331344,1325376,2446,249,996,759.0,0.0,759.0,865,865,534.6024096385543,18,0,1000000,3000,4
331385,331385,1325540,2447,41,164,231.0,0.0,231.0,296,296,160.8780487804878,6,0,1000000,3000,4
331532,331532,1326128,2448,147,588,778.0,0.0,778.0,865,865,496.98639455782313,18,0,1000000,3000,4
331625,331625,1326500,2449,93,372,622.0,0.0,622.0,697,697,340.96774193548384,14,0,1000000,3000,4
331662,331662,1326648,2450,37,148,246.0,0.0,246.0,311,311,138.8918918918919,7,0,1000000,3000,4
331696,331696,1326784,2451,34,136,244.0,0.0,244.0,307,307,161.47058823529412,7,0,1000000,3000,4
331738,331738,1326952,2452,42,168,231.0,0.0,231.0,296,296,155.92857142857142,6,0,1000000,3000,4
331774,331774,1327096,2453,36,144,251.0,0.0,251.0,316,316,144.88888888888889,7,0,1000000,3000,4
331803,331803,1327212,2454,29,116,250.0,0.0,250.0,313,313,157.13793103448276,7,0,1000000,3000,4
331989,331989,1327956,2455,186,744,1035.0,0.0,1035.0,1128,1128,652.5268817204301,23,0,1000000,3000,4
332040,332040,1328160,2456,51,204,214.0,0.0,214.0,281,281,162.3921568627451,6,0,1000000,3000,4
332189,332189,1328756,2457,149,596,724.0,0.0,724.0,810,810,493.2684563758389,17,0,1000000,3000,4
332228,332228,1328912,2458,39,156,236.0,0.0,236.0,301,301,155.64102564102564,7,0,1000000,3000,4
332389,332389,1329556,2459,161,644,744.0,0.0,744.0,832,832,507.6273291925466,17,0,1000000,3000,4
332601,332601,1330404,2460,212,848,1921.0,0.0,1921.0,2020,2020,976.566037735849,41,0,1000000,3000,4
332696,332696,1330784,2461,95,380,620.0,0.0,620.0,697,697,393.7684210526316,14,0,1000000,3000,4
332731,332731,1330924,2462,35,140,245.0,0.0,245.0,310,310,139.2,7,0,1000000,3000,4
332968,332968,1331872,2463,237,948,1333.0,0.0,1333.0,1438,1438,687.4261603375527,29,0,1000000,3000,4
333227,333227,1332908,2464,259,1036,1323.0,0.0,1323.0,1432,1432,740.4401544401544,29,0,1000000,3000,4
333263,333263,1333052,2465,36,144,246.0,0.0,246.0,311,311,140.33333333333334,7,0,1000000,3000,4
333387,333387,1333548,2466,124,496,707.0,0.0,707.0,787,787,507.491935483871,16,0,1000000,3000,4
333686,333686,1334744,2467,299,1196,1407.0,0.0,1407.0,1524,1524,690.1070234113712,31,0,1000000,3000,4
333951,333951,1335804,2468,265,1060,1293.0,0.0,1293.0,1402,1402,713.2867924528302,29,0,1000000,3000,4
334147,334147,1336588,2469,196,784,1029.0,0.0,1029.0,1123,1123,602.0663265306123,23,0,1000000,3000,4
334380,334380,1337520,2470,233,932,720.0,0.0,720.0,823,823,526.7510729613734,17,0,1000000,3000,4
334763,334763,1339052,2471,383,1532,1893.0,0.0,1893.0,2027,2027,881.5665796344648,41,0,1000000,3000,4
334810,334810,1339240,2472,47,188,236.0,0.0,236.0,303,303,137.40425531914894,7,0,1000000,3000,4
334849,334849,1339396,2473,39,156,247.0,0.0,247.0,311,311,140.0,7,0,1000000,3000,4
334885,334885,1339540,2474,36,144,238.0,0.0,238.0,301,301,160.36111111111111,7,0,1000000,3000,4
334921,334921,1339684,2475,36,144,251.0,0.0,251.0,316,316,145.72222222222223,7,0,1000000,3000,4
335173,335173,1340692,2476,252,1008,1914.0,0.0,1914.0,2022,2022,962.9960317460317,41,0,1000000,3000,4
335356,335356,1341424,2477,183,732,725.0,0.0,725.0,819,819,470.6502732240437,17,0,1000000,3000,4
335669,335669,1342676,2478,313,1252,1010.0,0.0,1010.0,1128,1128,614.9936102236421,23,0,1000000,3000,4
335966,335966,1343864,2479,297,1188,1394.0,0.0,1394.0,1509,1509,722.956228956229,31,0,1000000,3000,4
336210,336210,1344840,2480,244,976,1305.0,0.0,1305.0,1410,1410,677.2745901639345,29,0,1000000,3000,4
336389,336389,1345556,2481,179,716,1037.0,0.0,1037.0,1128,1128,648.3072625698323,23,0,1000000,3000,4
336421,336421,1345684,2482,32,128,249.0,0.0,249.0,313,313,145.0,7,0,1000000,3000,4
336678,336678,1346712,2483,257,1028,1017.0,0.0,1017.0,1124,1124,644.9377431906614,23,0,1000000,3000,4
336884,336884,1347536,2484,206,824,1031.0,0.0,1031.0,1128,1128,610.6504854368932,23,0,1000000,3000,4
336985,336985,1347940,2485,101,404,606.0,0.0,606.0,683,683,389.38613861386136,14,0,1000000,3000,4
337115,337115,1348460,2486,130,520,746.0,0.0,746.0,829,829,498.84615384615387,17,0,1000000,3000,4
337288,337288,1349152,2487,173,692,720.0,0.0,720.0,811,811,561.6300578034682,17,0,1000000,3000,4
337378,337378,1349512,2488,90,360,607.0,0.0,607.0,681,681,359.96666666666664,14,0,1000000,3000,4
337416,337416,1349664,2489,38,152,241.0,0.0,241.0,306,306,150.6315789473684,7,0,1000000,3000,4
337511,337511,1350044,2490,95,380,612.0,0.0,612.0,689,689,401.87368421052633,14,0,1000000,3000,4
337540,337540,1350160,2491,29,116,247.0,0.0,247.0,310,310,157.72413793103448,7,0,1000000,3000,4
337613,337613,1350452,2492,73,292,618.0,0.0,618.0,690,690,361.6849315068493,14,0,1000000,3000,4
337905,337905,1351620,2493,292,1168,1010.0,0.0,1010.0,1123,1123,644.3561643835617,23,0,1000000,3000,4
338314,338314,1353256,2494,409,1636,994.0,0.0,994.0,1132,1132,713.4523227383863,23,0,1000000,3000,4
338345,338345,1353380,2495,31,124,248.0,0.0,248.0,312,312,157.5483870967742,7,0,1000000,3000,4
338443,338443,1353772,2496,98,392,605.0,0.0,605.0,682,682,324.234693877551,14,0,1000000,3000,4
338478,338478,1353912,2497,35,140,245.0,0.0,245.0,308,308,153.0857142857143,7,0,1000000,3000,4
338630,338630,1354520,2498,152,608,1042.0,0.0,1042.0,1127,1127,599.953947368421,23,0,1000000,3000,4
338731,338731,1354924,2499,101,404,611.0,0.0,611.0,689,689,396.0792079207921,14,0,1000000,3000,4
338827,338827,1355308,2500,96,384,616.0,0.0,616.0,692,692,337.6666666666667,14,0,1000000,3000,4
339136,339136,1356544,2501,309,1236,1314.0,0.0,1314.0,1433,1433,679.4498381877023,29,0,1000000,3000,4
339232,339232,1356928,2502,96,384,629.0,0.0,629.0,705,705,388.21875,15,0,1000000,3000,4
339337,339337,1357348,2503,105,420,635.0,0.0,635.0,712,712,365.0952380952381,15,0,1000000,3000,4
339521,339521,1358084,2504,184,736,1425.0,0.0,1425.0,1519,1519,778.8913043478261,31,0,1000000,3000,4
339557,339557,1358228,2505,36,144,245.0,0.0,245.0,310,310,147.94444444444446,7,0,1000000,3000,4
339657,339657,1358628,2506,100,400,624.0,0.0,624.0,702,702,392.08,15,0,1000000,3000,4
339782,339782,1359128,2507,125,500,771.0,0.0,771.0,852,852,524.152,18,0,1000000,3000,4
339930,339930,1359720,2508,148,592,1042.0,0.0,1042.0,1127,1127,631.1148648648649,23,0,1000000,3000,4
340003,340003,1360012,2509,73,292,612.0,0.0,612.0,684,684,348.027397260274,14,0,1000000,3000,4
340147,340147,1360588,2510,144,576,1053.0,0.0,1053.0,1138,1138,593.6875,23,0,1000000,3000,4
340180,340180,1360720,2511,33,132,242.0,0.0,242.0,305,305,154.0909090909091,7,0,1000000,3000,4
340274,340274,1361096,2512,94,376,626.0,0.0,626.0,702,702,379.5744680851064,15,0,1000000,3000,4
340308,340308,1361232,2513,34,136,247.0,0.0,247.0,311,311,146.44117647058823,7,0,1000000,3000,4
340339,340339,1361356,2514,31,124,248.0,0.0,248.0,311,311,153.96774193548387,7,0,1000000,3000,4
340494,340494,1361976,2515,155,620,1040.0,0.0,1040.0,1127,1127,553.8064516129032,23,0,1000000,3000,4
340529,340529,1362116,2516,35,140,244.0,0.0,244.0,309,309,150.74285714285713,7,0,1000000,3000,4
340559,340559,1362236,2517,30,120,250.0,0.0,250.0,313,313,157.33333333333334,7,0,1000000,3000,4
340598,340598,1362392,2518,39,156,235.0,0.0,235.0,300,300,157.35897435897436,7,0,1000000,3000,4
340629,340629,1362516,2519,31,124,252.0,0.0,252.0,315,315,153.5483870967742,7,0,1000000,3000,4
340659,340659,1362636,2520,30,120,251.0,0.0,251.0,313,313,158.4,7,0,1000000,3000,4
340689,340689,1362756,2521,30,120,247.0,0.0,247.0,311,311,149.8,7,0,1000000,3000,4
340770,340770,1363080,2522,81,324,619.0,0.0,619.0,693,693,354.1604938271605,14,0,1000000,3000,4
340905,340905,1363620,2523,135,540,640.0,0.0,640.0,722,723,536.9777777777778,15,0,1000000,3000,4
340937,340937,1363748,2524,32,128,250.0,0.0,250.0,314,314,156.03125,7,0,1000000,3000,4
340973,340973,1363892,2525,36,144,243.0,0.0,243.0,308,308,152.08333333333334,7,0,1000000,3000,4
341057,341057,1364228,2526,84,336,625.0,0.0,625.0,699,699,363.8333333333333,14,0,1000000,3000,4
341154,341154,1364616,2527,97,388,608.0,0.0,608.0,685,685,401.88659793814435,14,0,1000000,3000,4
341334,341334,1365336,2528,180,720,1139.0,0.0,1139.0,1230,1230,650.4111111111112,25,0,1000000,3000,4
341374,341374,1365496,2529,40,160,238.0,0.0,238.0,303,303,159.175,7,0,1000000,3000,4
341502,341502,1366008,2530,128,512,1068.0,0.0,1068.0,1151,1151,586.515625,24,0,1000000,3000,4
341532,341532,1366128,2531,30,120,245.0,0.0,245.0,309,309,150.73333333333332,7,0,1000000,3000,4
341568,341568,1366272,2532,36,144,237.0,0.0,237.0,302,302,157.75,7,0,1000000,3000,4
341654,341654,1366616,2533,86,344,621.0,0.0,621.0,696,696,353.95348837209303,14,0,1000000,3000,4
341830,341830,1367320,2534,176,704,808.0,0.0,808.0,898,898,564.5170454545455,18,0,1000000,3000,4
342052,342052,1368208,2535,222,888,1333.0,0.0,1333.0,1435,1435,728.027027027027,29,0,1000000,3000,4
342083,342083,1368332,2536,31,124,251.0,0.0,251.0,315,315,149.4516129032258,7,0,1000000,3000,4
342163,342163,1368652,2537,80,320,613.0,0.0,613.0,686,686,351.4875,14,0,1000000,3000,4
342254,342254,1369016,2538,91,364,627.0,0.0,627.0,702,702,376.68131868131866,15,0,1000000,3000,4
342431,342431,1369724,2539,177,708,1341.0,0.0,1341.0,1434,1434,690.2485875706215,29,0,1000000,3000,4
342596,342596,1370384,2540,165,660,1037.0,0.0,1037.0,1125,1125,597.1757575757575,23,0,1000000,3000,4
342986,342986,1371944,2541,390,1560,1888.0,0.0,1888.0,2023,2023,940.4512820512821,41,0,1000000,3000,4
343024,343024,1372096,2542,38,152,237.0,0.0,237.0,301,301,165.26315789473685,7,0,1000000,3000,4
343315,343315,1373260,2543,291,1164,1293.0,0.0,1293.0,1408,1408,709.3333333333334,29,0,1000000,3000,4
343391,343391,1373564,2544,76,304,606.0,0.0,606.0,679,679,306.9605263157895,14,0,1000000,3000,4
343538,343538,1374152,2545,147,588,1331.0,0.0,1331.0,1415,1415,713.421768707483,29,0,1000000,3000,4
343636,343636,1374544,2546,98,392,615.0,0.0,615.0,690,690,390.8979591836735,14,0,1000000,3000,4
343725,343725,1374900,2547,89,356,611.0,0.0,611.0,686,686,351.55056179775283,14,0,1000000,3000,4
343765,343765,1375060,2548,40,160,239.0,0.0,239.0,304,304,151.65,7,0,1000000,3000,4
343858,343858,1375432,2549,93,372,624.0,0.0,624.0,700,700,393.1290322580645,15,0,1000000,3000,4
344021,344021,1376084,2550,163,652,779.0,0.0,779.0,869,869,516.4294478527607,18,0,1000000,3000,4
344135,344135,1376540,2551,114,456,738.0,0.0,738.0,816,816,478.0263157894737,17,0,1000000,3000,4
344301,344301,1377204,2552,166,664,731.0,0.0,731.0,821,821,567.6265060240963,17,0,1000000,3000,4
344342,344342,1377368,2553,41,164,239.0,0.0,239.0,303,303,142.17073170731706,7,0,1000000,3000,4
344522,344522,1378088,2554,180,720,1151.0,0.0,1151.0,1244,1244,593.2722222222222,25,0,1000000,3000,4
344850,344850,1379400,2555,328,1312,1017.0,0.0,1017.0,1139,1139,721.0091463414634,23,0,1000000,3000,4
344890,344890,1379560,2556,40,160,246.0,0.0,246.0,311,311,135.925,7,0,1000000,3000,4
344926,344926,1379704,2557,36,144,246.0,0.0,246.0,311,311,138.63888888888889,7,0,1000000,3000,4
345074,345074,1380296,2558,148,592,638.0,0.0,638.0,722,723,517.9256756756756,15,0,1000000,3000,4
345250,345250,1381000,2559,176,704,632.0,0.0,632.0,722,723,461.3636363636364,15,0,1000000,3000,4
345519,345519,1382076,2560,269,1076,1678.0,0.0,1678.0,1787,1787,805.2453531598513,36,0,1000000,3000,4
345824,345824,1383296,2561,305,1220,1666.0,0.0,1666.0,1783,1783,820.0983606557377,36,0,1000000,3000,4
345856,345856,1383424,2562,32,128,242.0,0.0,242.0,305,305,163.15625,7,0,1000000,3000,4
345949,345949,1383796,2563,93,372,632.0,0.0,632.0,708,708,359.35483870967744,15,0,1000000,3000,4
345989,345989,1383956,2564,40,160,234.0,0.0,234.0,300,300,150.6,7,0,1000000,3000,4
346028,346028,1384112,2565,39,156,226.0,0.0,226.0,291,291,166.84615384615384,6,0,1000000,3000,4
346272,346272,1385088,2566,244,976,1022.0,0.0,1022.0,1126,1126,655.3647540983607,23,0,1000000,3000,4
346310,346310,1385240,2567,38,152,222.0,0.0,222.0,286,286,177.23684210526315,6,0,1000000,3000,4
346405,346405,1385620,2568,95,380,622.0,0.0,622.0,697,697,384.1578947368421,14,0,1000000,3000,4
346566,346566,1386264,2569,161,644,635.0,0.0,635.0,722,723,490.11801242236027,15,0,1000000,3000,4
346606,346606,1386424,2570,40,160,237.0,0.0,237.0,301,301,160.35,7,0,1000000,3000,4
346707,346707,1386828,2571,101,404,617.0,0.0,617.0,694,694,361.8019801980198,14,0,1000000,3000,4
346742,346742,1386968,2572,35,140,244.0,0.0,244.0,307,307,160.02857142857144,7,0,1000000,3000,4
346776,346776,1387104,2573,34,136,242.0,0.0,242.0,306,306,151.11764705882354,7,0,1000000,3000,4
347006,347006,1388024,2574,230,920,1419.0,0.0,1419.0,1522,1522,693.6782608695652,31,0,1000000,3000,4
347130,347130,1388520,2575,124,496,595.0,0.0,595.0,676,676,383.4758064516129,14,0,1000000,3000,4
347383,347383,1389532,2576,253,1012,1024.0,0.0,1024.0,1131,1131,636.1343873517786,23,0,1000000,3000,4
347500,347500,1390000,2577,117,468,613.0,0.0,613.0,693,693,394.20512820512823,14,0,1000000,3000,4
347532,347532,1390128,2578,32,128,248.0,0.0,248.0,310,310,145.75,7,0,1000000,3000,4
347660,347660,1390640,2579,128,512,588.0,0.0,588.0,670,670,388.8984375,14,0,1000000,3000,4
347697,347697,1390788,2580,37,148,235.0,0.0,235.0,299,299,160.35135135135135,6,0,1000000,3000,4
347885,347885,1391540,2581,188,752,1033.0,0.0,1033.0,1125,1125,613.9574468085107,23,0,1000000,3000,4
348075,348075,1392300,2582,190,760,765.0,0.0,765.0,859,859,540.9947368421052,18,0,1000000,3000,4
348294,348294,1393176,2583,219,876,800.0,0.0,800.0,898,898,607.2648401826484,18,0,1000000,3000,4
348411,348411,1393644,2584,117,468,617.0,0.0,617.0,698,698,379.4957264957265,14,0,1000000,3000,4
348449,348449,1393796,2585,38,152,244.0,0.0,244.0,308,308,154.05263157894737,7,0,1000000,3000,4
348529,348529,1394116,2586,80,320,635.0,0.0,635.0,707,707,382.8875,15,0,1000000,3000,4
348685,348685,1394740,2587,156,624,1051.0,0.0,1051.0,1138,1138,590.6538461538462,23,0,1000000,3000,4
348726,348726,1394904,2588,41,164,228.0,0.0,228.0,293,293,160.17073170731706,6,0,1000000,3000,4
348833,348833,1395332,2589,107,428,605.0,0.0,605.0,682,682,391.9252336448598,14,0,1000000,3000,4
349014,349014,1396056,2590,181,724,733.0,0.0,733.0,826,826,538.0718232044198,17,0,1000000,3000,4
349162,349162,1396648,2591,148,592,638.0,0.0,638.0,722,723,482.9256756756757,15,0,1000000,3000,4
349206,349206,1396824,2592,44,176,228.0,0.0,228.0,293,293,158.6590909090909,6,0,1000000,3000,4
349311,349311,1397244,2593,105,420,617.0,0.0,617.0,693,693,366.74285714285713,14,0,1000000,3000,4
349361,349361,1397444,2594,50,200,226.0,0.0,226.0,293,293,139.32,6,0,1000000,3000,4
349625,349625,1398500,2595,264,1056,1299.0,0.0,1299.0,1408,1408,641.405303030303,29,0,1000000,3000,4
349839,349839,1399356,2596,214,856,801.0,0.0,801.0,898,899,569.9018691588785,18,0,1000000,3000,4
349925,349925,1399700,2597,86,344,618.0,0.0,618.0,692,692,309.95348837209303,14,0,1000000,3000,4
350178,350178,1400712,2598,253,1012,716.0,0.0,716.0,824,824,536.498023715415,17,0,1000000,3000,4
350374,350374,1401496,2599,196,784,737.0,0.0,737.0,833,833,515.3112244897959,17,0,1000000,3000,4
350484,350484,1401936,2600,110,440,631.0,0.0,631.0,711,711,343.7090909090909,15,0,1000000,3000,4
350524,350524,1402096,2601,40,160,236.0,0.0,236.0,301,301,152.7,7,0,1000000,3000,4
350638,350638,1402552,2602,114,456,607.0,0.0,607.0,686,686,383.05263157894734,14,0,1000000,3000,4
350677,350677,1402708,2603,39,156,240.0,0.0,240.0,304,304,156.35897435897436,7,0,1000000,3000,4
350828,350828,1403312,2604,151,604,1345.0,0.0,1345.0,1433,1433,673.523178807947,29,0,1000000,3000,4
351057,351057,1404228,2605,229,916,1051.0,0.0,1051.0,1154,1154,573.1004366812227,24,0,1000000,3000,4
351134,351134,1404536,2606,77,308,605.0,0.0,605.0,678,678,311.24675324675326,14,0,1000000,3000,4
351174,351174,1404696,2607,40,160,233.0,0.0,233.0,298,298,153.175,6,0,1000000,3000,4
351206,351206,1404824,2608,32,128,245.0,0.0,245.0,309,309,161.53125,7,0,1000000,3000,4
351249,351249,1404996,2609,43,172,227.0,0.0,227.0,292,292,161.1627906976744,6,0,1000000,3000,4
351506,351506,1406024,2610,257,1028,1020.0,0.0,1020.0,1127,1127,644.8793774319066,23,0,1000000,3000,4
351607,351607,1406428,2611,101,404,647.0,0.0,647.0,722,723,350.019801980198,15,0,1000000,3000,4
351706,351706,1406824,2612,99,396,630.0,0.0,630.0,707,707,374.3030303030303,15,0,1000000,3000,4
351948,351948,1407792,2613,242,968,1547.0,0.0,1547.0,1653,1653,845.0123966942149,34,0,1000000,3000,4
351987,351987,1407948,2614,39,156,245.0,0.0,245.0,310,310,141.2051282051282,7,0,1000000,3000,4
352137,352137,1408548,2615,150,600,751.0,0.0,751.0,838,838,510.6066666666667,17,0,1000000,3000,4
352228,352228,1408912,2616,91,364,624.0,0.0,624.0,700,700,397.53846153846155,15,0,1000000,3000,4
352260,352260,1409040,2617,32,128,245.0,0.0,245.0,308,308,160.21875,7,0,1000000,3000,4
352300,352300,1409200,2618,40,160,234.0,0.0,234.0,299,299,158.525,6,0,1000000,3000,4
352340,352340,1409360,2619,40,160,237.0,0.0,237.0,300,300,161.675,7,0,1000000,3000,4
352566,352566,1410264,2620,226,904,1308.0,0.0,1308.0,1410,1410,698.0353982300885,29,0,1000000,3000,4
352604,352604,1410416,2621,38,152,240.0,0.0,240.0,305,305,156.31578947368422,7,0,1000000,3000,4
352756,352756,1411024,2622,152,608,1038.0,0.0,1038.0,1124,1124,614.6973684210526,23,0,1000000,3000,4
352798,352798,1411192,2623,42,168,231.0,0.0,231.0,296,296,154.38095238095238,6,0,1000000,3000,4
352898,352898,1411592,2624,100,400,633.0,0.0,633.0,709,709,363.86,15,0,1000000,3000,4
352936,352936,1411744,2625,38,152,235.0,0.0,235.0,299,299,161.6578947368421,6,0,1000000,3000,4
352974,352974,1411896,2626,38,152,237.0,0.0,237.0,302,302,152.10526315789474,7,0,1000000,3000,4
353013,353013,1412052,2627,39,156,239.0,0.0,239.0,303,303,158.71794871794873,7,0,1000000,3000,4
353179,353179,1412716,2628,166,664,613.0,0.0,613.0,703,703,390.23493975903614,15,0,1000000,3000,4
353218,353218,1412872,2629,39,156,235.0,0.0,235.0,300,300,162.3846153846154,7,0,1000000,3000,4
353253,353253,1413012,2630,35,140,246.0,0.0,246.0,308,308,157.4,7,0,1000000,3000,4
353291,353291,1413164,2631,38,152,237.0,0.0,237.0,300,300,157.02631578947367,7,0,1000000,3000,4
353326,353326,1413304,2632,35,140,247.0,0.0,247.0,311,311,153.57142857142858,7,0,1000000,3000,4
353361,353361,1413444,2633,35,140,243.0,0.0,243.0,306,306,157.28571428571428,7,0,1000000,3000,4
353396,353396,1413584,2634,35,140,241.0,0.0,241.0,306,306,154.31428571428572,7,0,1000000,3000,4
353617,353617,1414468,2635,221,884,1038.0,0.0,1038.0,1139,1139,601.4977375565611,23,0,1000000,3000,4
353656,353656,1414624,2636,39,156,234.0,0.0,234.0,297,297,161.51282051282053,6,0,1000000,3000,4
353973,353973,1415892,2637,317,1268,1289.0,0.0,1289.0,1409,1409,713.8738170347003,29,0,1000000,3000,4
354076,354076,1416304,2638,103,412,627.0,0.0,627.0,704,704,367.2718446601942,15,0,1000000,3000,4
354110,354110,1416440,2639,34,136,246.0,0.0,246.0,309,309,162.2058823529412,7,0,1000000,3000,4
354146,354146,1416584,2640,36,144,239.0,0.0,239.0,304,304,161.13888888888889,7,0,1000000,3000,4
354184,354184,1416736,2641,38,152,233.0,0.0,233.0,297,297,157.76315789473685,6,0,1000000,3000,4
354224,354224,1416896,2642,40,160,230.0,0.0,230.0,295,295,159.825,6,0,1000000,3000,4
354549,354549,1418196,2643,325,1300,1017.0,0.0,1017.0,1138,1138,599.6953846153846,23,0,1000000,3000,4
354588,354588,1418352,2644,39,156,232.0,0.0,232.0,297,297,161.02564102564102,6,0,1000000,3000,4
354626,354626,1418504,2645,38,152,234.0,0.0,234.0,299,299,160.57894736842104,6,0,1000000,3000,4
354828,354828,1419312,2646,202,808,605.0,0.0,605.0,702,702,400.3514851485148,15,0,1000000,3000,4
354865,354865,1419460,2647,37,148,239.0,0.0,239.0,302,302,158.67567567567568,7,0,1000000,3000,4
354905,354905,1419620,2648,40,160,230.0,0.0,230.0,295,295,160.35,6,0,1000000,3000,4
354944,354944,1419776,2649,39,156,235.0,0.0,235.0,298,298,159.64102564102564,6,0,1000000,3000,4
354983,354983,1419932,2650,39,156,234.0,0.0,234.0,297,297,158.23076923076923,6,0,1000000,3000,4
355023,355023,1420092,2651,40,160,230.0,0.0,230.0,295,295,160.225,6,0,1000000,3000,4
355064,355064,1420256,2652,41,164,231.0,0.0,231.0,295,295,162.21951219512195,6,0,1000000,3000,4
355100,355100,1420400,2653,36,144,239.0,0.0,239.0,304,304,160.0,7,0,1000000,3000,4
355359,355359,1421436,2654,259,1036,740.0,0.0,740.0,849,849,517.7181467181467,17,0,1000000,3000,4
355462,355462,1421848,2655,103,412,593.0,0.0,593.0,670,670,398.79611650485435,14,0,1000000,3000,4
355651,355651,1422604,2656,189,756,1036.0,0.0,1036.0,1129,1129,573.2380952380952,23,0,1000000,3000,4
355766,355766,1423064,2657,115,460,619.0,0.0,619.0,698,698,373.9304347826087,14,0,1000000,3000,4
355798,355798,1423192,2658,32,128,247.0,0.0,247.0,311,311,158.09375,7,0,1000000,3000,4
355831,355831,1423324,2659,33,132,245.0,0.0,245.0,308,308,159.9090909090909,7,0,1000000,3000,4
355932,355932,1423728,2660,101,404,623.0,0.0,623.0,700,700,383.05940594059405,15,0,1000000,3000,4
356139,356139,1424556,2661,207,828,626.0,0.0,626.0,722,722,542.1545893719807,15,0,1000000,3000,4
356279,356279,1425116,2662,140,560,1044.0,0.0,1044.0,1128,1128,554.2357142857143,23,0,1000000,3000,4
356316,356316,1425264,2663,37,148,238.0,0.0,238.0,303,303,163.21621621621622,7,0,1000000,3000,4
356465,356465,1425860,2664,149,596,727.0,0.0,727.0,812,812,482.63758389261744,17,0,1000000,3000,4
356502,356502,1426008,2665,37,148,238.0,0.0,238.0,303,303,164.8918918918919,7,0,1000000,3000,4
356591,356591,1426364,2666,89,356,605.0,0.0,605.0,679,679,409.4831460674157,14,0,1000000,3000,4
356660,356660,1426640,2667,69,276,612.0,0.0,612.0,682,682,337.0,14,0,1000000,3000,4
356698,356698,1426792,2668,38,152,233.0,0.0,233.0,298,298,167.60526315789474,6,0,1000000,3000,4
356826,356826,1427304,2669,128,512,749.0,0.0,749.0,832,832,494.1484375,17,0,1000000,3000,4
356927,356927,1427708,2670,101,404,613.0,0.0,613.0,690,690,386.0990099009901,14,0,1000000,3000,4
357156,357156,1428624,2671,229,916,1412.0,0.0,1412.0,1514,1514,778.5502183406113,31,0,1000000,3000,4
357193,357193,1428772,2672,37,148,250.0,0.0,250.0,315,315,148.2972972972973,7,0,1000000,3000,4
357324,357324,1429296,2673,131,524,738.0,0.0,738.0,821,821,465.98473282442745,17,0,1000000,3000,4
357365,357365,1429460,2674,41,164,232.0,0.0,232.0,297,297,156.6829268292683,6,0,1000000,3000,4
357513,357513,1430052,2675,148,592,1042.0,0.0,1042.0,1127,1127,557.5405405405405,23,0,1000000,3000,4
357686,357686,1430744,2676,173,692,1430.0,0.0,1430.0,1522,1522,727.393063583815,31,0,1000000,3000,4
357716,357716,1430864,2677,30,120,248.0,0.0,248.0,311,311,154.8,7,0,1000000,3000,4
357748,357748,1430992,2678,32,128,248.0,0.0,248.0,312,312,152.09375,7,0,1000000,3000,4
357839,357839,1431356,2679,91,364,649.0,0.0,649.0,722,722,363.1978021978022,15,0,1000000,3000,4
357874,357874,1431496,2680,35,140,249.0,0.0,249.0,312,312,152.5142857142857,7,0,1000000,3000,4
357908,357908,1431632,2681,34,136,248.0,0.0,248.0,311,311,150.97058823529412,7,0,1000000,3000,4
357941,357941,1431764,2682,33,132,244.0,0.0,244.0,307,307,157.42424242424244,7,0,1000000,3000,4
358073,358073,1432292,2683,132,528,1056.0,0.0,1056.0,1139,1139,616.5984848484849,23,0,1000000,3000,4
358103,358103,1432412,2684,30,120,249.0,0.0,249.0,312,312,152.6,7,0,1000000,3000,4
358355,358355,1433420,2685,252,1008,1420.0,0.0,1420.0,1527,1527,707.3015873015873,31,0,1000000,3000,4
358434,358434,1433736,2686,79,316,634.0,0.0,634.0,705,705,393.7721518987342,15,0,1000000,3000,4
358467,358467,1433868,2687,33,132,247.0,0.0,247.0,311,311,156.57575757575756,7,0,1000000,3000,4
358549,358549,1434196,2688,82,328,651.0,0.0,651.0,722,722,372.7560975609756,15,0,1000000,3000,4
358650,358650,1434600,2689,101,404,627.0,0.0,627.0,704,704,373.86138613861385,15,0,1000000,3000,4
358740,358740,1434960,2690,90,360,630.0,0.0,630.0,704,704,379.84444444444443,15,0,1000000,3000,4
358914,358914,1435656,2691,174,696,633.0,0.0,633.0,722,722,471.5,15,0,1000000,3000,4
359207,359207,1436828,2692,293,1172,1300.0,0.0,1300.0,1415,1415,724.1365187713311,29,0,1000000,3000,4
359242,359242,1436968,2693,35,140,249.0,0.0,249.0,313,313,151.5142857142857,7,0,1000000,3000,4
359290,359290,1437160,2694,48,192,226.0,0.0,226.0,291,291,148.04166666666666,6,0,1000000,3000,4
359328,359328,1437312,2695,38,152,237.0,0.0,237.0,301,301,158.78947368421052,7,0,1000000,3000,4
359535,359535,1438140,2696,207,828,1323.0,0.0,1323.0,1422,1422,644.0531400966183,29,0,1000000,3000,4
359624,359624,1438496,2697,89,356,637.0,0.0,637.0,712,712,371.8314606741573,15,0,1000000,3000,4
359658,359658,1438632,2698,34,136,249.0,0.0,249.0,312,312,147.61764705882354,7,0,1000000,3000,4
359885,359885,1439540,2699,227,908,1321.0,0.0,1321.0,1423,1423,712.1894273127754,29,0,1000000,3000,4
359989,359989,1439956,2700,104,416,624.0,0.0,624.0,701,701,384.66346153846155,15,0,1000000,3000,4
360269,360269,1441076,2701,280,1120,1827.0,0.0,1827.0,1939,1939,889.9214285714286,39,0,1000000,3000,4
360300,360300,1441200,2702,31,124,251.0,0.0,251.0,315,315,153.2258064516129,7,0,1000000,3000,4
360331,360331,1441324,2703,31,124,247.0,0.0,247.0,311,311,160.06451612903226,7,0,1000000,3000,4
360422,360422,1441688,2704,91,364,616.0,0.0,616.0,691,691,381.68131868131866,14,0,1000000,3000,4
360593,360593,1442372,2705,171,684,1156.0,0.0,1156.0,1247,1247,583.8245614035088,25,0,1000000,3000,4
360629,360629,1442516,2706,36,144,236.0,0.0,236.0,300,300,167.72222222222223,7,0,1000000,3000,4
360664,360664,1442656,2707,35,140,242.0,0.0,242.0,306,306,165.0,7,0,1000000,3000,4
360698,360698,1442792,2708,34,136,243.0,0.0,243.0,307,307,154.5,7,0,1000000,3000,4
360791,360791,1443164,2709,93,372,619.0,0.0,619.0,693,693,387.97849462365593,14,0,1000000,3000,4
360865,360865,1443460,2710,74,296,608.0,0.0,608.0,680,680,333.4054054054054,14,0,1000000,3000,4
360897,360897,1443588,2711,32,128,242.0,0.0,242.0,305,305,161.78125,7,0,1000000,3000,4
361035,361035,1444140,2712,138,552,1045.0,0.0,1045.0,1128,1128,583.1884057971015,23,0,1000000,3000,4
361076,361076,1444304,2713,41,164,225.0,0.0,225.0,291,291,170.8048780487805,6,0,1000000,3000,4
361276,361276,1445104,2714,200,800,1033.0,0.0,1033.0,1128,1128,557.1,23,0,1000000,3000,4
361468,361468,1445872,2715,192,768,1568.0,0.0,1568.0,1663,1663,839.8645833333334,34,0,1000000,3000,4
361553,361553,1446212,2716,85,340,628.0,0.0,628.0,701,701,357.2823529411765,15,0,1000000,3000,4
361586,361586,1446344,2717,33,132,244.0,0.0,244.0,307,307,152.84848484848484,7,0,1000000,3000,4
361655,361655,1446620,2718,69,276,623.0,0.0,623.0,694,694,355.60869565217394,14,0,1000000,3000,4
361737,361737,1446948,2719,82,328,625.0,0.0,625.0,697,697,395.890243902439,14,0,1000000,3000,4
361897,361897,1447588,2720,160,640,1321.0,0.0,1321.0,1408,1408,706.9375,29,0,1000000,3000,4
361927,361927,1447708,2721,30,120,246.0,0.0,246.0,310,310,148.73333333333332,7,0,1000000,3000,4
362013,362013,1448052,2722,86,344,629.0,0.0,629.0,703,703,389.1279069767442,15,0,1000000,3000,4
362052,362052,1448208,2723,39,156,226.0,0.0,226.0,291,291,175.12820512820514,6,0,1000000,3000,4
362085,362085,1448340,2724,33,132,246.0,0.0,246.0,309,309,161.12121212121212,7,0,1000000,3000,4
362248,362248,1448992,2725,163,652,1047.0,0.0,1047.0,1136,1136,606.4907975460122,23,0,1000000,3000,4
362283,362283,1449132,2726,35,140,247.0,0.0,247.0,311,311,149.42857142857142,7,0,1000000,3000,4
362315,362315,1449260,2727,32,128,246.0,0.0,246.0,310,310,154.59375,7,0,1000000,3000,4
362409,362409,1449636,2728,94,376,609.0,0.0,609.0,683,683,400.59574468085106,14,0,1000000,3000,4
362507,362507,1450028,2729,98,392,604.0,0.0,604.0,681,681,345.68367346938777,14,0,1000000,3000,4
362604,362604,1450416,2730,97,388,604.0,0.0,604.0,681,681,398.659793814433,14,0,1000000,3000,4
362737,362737,1450948,2731,133,532,717.0,0.0,717.0,800,800,490.29323308270676,17,0,1000000,3000,4
362914,362914,1451656,2732,177,708,1037.0,0.0,1037.0,1128,1128,574.5988700564972,23,0,1000000,3000,4
362944,362944,1451776,2733,30,120,250.0,0.0,250.0,313,313,155.63333333333333,7,0,1000000,3000,4
362975,362975,1451900,2734,31,124,243.0,0.0,243.0,307,307,160.90322580645162,7,0,1000000,3000,4
363047,363047,1452188,2735,72,288,630.0,0.0,630.0,702,702,369.52777777777777,15,0,1000000,3000,4
363081,363081,1452324,2736,34,136,236.0,0.0,236.0,300,300,167.38235294117646,7,0,1000000,3000,4
363197,363197,1452788,2737,116,464,759.0,0.0,759.0,839,839,507.9310344827586,17,0,1000000,3000,4
363227,363227,1452908,2738,30,120,251.0,0.0,251.0,315,315,153.86666666666667,7,0,1000000,3000,4
363300,363300,1453200,2739,73,292,630.0,0.0,630.0,702,702,376.4931506849315,15,0,1000000,3000,4
363368,363368,1453472,2740,68,272,603.0,0.0,603.0,674,674,334.52941176470586,14,0,1000000,3000,4
363459,363459,1453836,2741,91,364,612.0,0.0,612.0,688,688,395.1098901098901,14,0,1000000,3000,4
363598,363598,1454392,2742,139,556,1052.0,0.0,1052.0,1136,1136,539.431654676259,23,0,1000000,3000,4
363783,363783,1455132,2743,185,740,1315.0,0.0,1315.0,1408,1408,744.1513513513513,29,0,1000000,3000,4
363822,363822,1455288,2744,39,156,234.0,0.0,234.0,297,297,158.10256410256412,6,0,1000000,3000,4
363908,363908,1455632,2745,86,344,628.0,0.0,628.0,702,702,384.13953488372096,15,0,1000000,3000,4
363941,363941,1455764,2746,33,132,241.0,0.0,241.0,304,304,159.6969696969697,7,0,1000000,3000,4
363975,363975,1455900,2747,34,136,245.0,0.0,245.0,309,309,151.88235294117646,7,0,1000000,3000,4
364070,364070,1456280,2748,95,380,623.0,0.0,623.0,699,699,392.87368421052633,14,0,1000000,3000,4
364100,364100,1456400,2749,30,120,245.0,0.0,245.0,308,308,162.86666666666667,7,0,1000000,3000,4
364132,364132,1456528,2750,32,128,250.0,0.0,250.0,314,314,156.875,7,0,1000000,3000,4
364353,364353,1457412,2751,221,884,1572.0,0.0,1572.0,1673,1673,750.3800904977376,34,0,1000000,3000,4
364387,364387,1457548,2752,34,136,244.0,0.0,244.0,308,308,162.2941176470588,7,0,1000000,3000,4
364462,364462,1457848,2753,75,300,616.0,0.0,616.0,688,688,350.5733333333333,14,0,1000000,3000,4
364492,364492,1457968,2754,30,120,250.0,0.0,250.0,313,313,156.03333333333333,7,0,1000000,3000,4
364523,364523,1458092,2755,31,124,245.0,0.0,245.0,307,307,164.51612903225808,7,0,1000000,3000,4
364613,364613,1458452,2756,90,360,627.0,0.0,627.0,702,702,379.4,15,0,1000000,3000,4
364642,364642,1458568,2757,29,116,248.0,0.0,248.0,310,310,154.13793103448276,7,0,1000000,3000,4
364718,364718,1458872,2758,76,304,610.0,0.0,610.0,682,682,350.2631578947368,14,0,1000000,3000,4
364751,364751,1459004,2759,33,132,246.0,0.0,246.0,309,309,156.96969696969697,7,0,1000000,3000,4
364833,364833,1459332,2760,82,328,634.0,0.0,634.0,707,707,387.9390243902439,15,0,1000000,3000,4
364863,364863,1459452,2761,30,120,248.0,0.0,248.0,312,312,152.03333333333333,7,0,1000000,3000,4
364927,364927,1459708,2762,64,256,607.0,0.0,607.0,676,676,326.046875,14,0,1000000,3000,4
364958,364958,1459832,2763,31,124,248.0,0.0,248.0,311,311,157.70967741935485,7,0,1000000,3000,4
364992,364992,1459968,2764,34,136,236.0,0.0,236.0,300,300,164.11764705882354,7,0,1000000,3000,4
365166,365166,1460664,2765,174,696,1037.0,0.0,1037.0,1127,1127,608.471264367816,23,0,1000000,3000,4
365197,365197,1460788,2766,31,124,249.0,0.0,249.0,313,313,149.48387096774192,7,0,1000000,3000,4
365228,365228,1460912,2767,31,124,240.0,0.0,240.0,303,303,163.8709677419355,7,0,1000000,3000,4
365260,365260,1461040,2768,32,128,250.0,0.0,250.0,314,314,150.59375,7,0,1000000,3000,4
365352,365352,1461408,2769,92,368,611.0,0.0,611.0,686,686,405.57608695652175,14,0,1000000,3000,4
365429,365429,1461716,2770,77,308,630.0,0.0,630.0,702,702,401.84415584415586,15,0,1000000,3000,4
365459,365459,1461836,2771,30,120,252.0,0.0,252.0,315,315,157.16666666666666,7,0,1000000,3000,4
365677,365677,1462708,2772,218,872,1048.0,0.0,1048.0,1149,1149,662.3899082568807,23,0,1000000,3000,4
365750,365750,1463000,2773,73,292,606.0,0.0,606.0,678,678,331.32876712328766,14,0,1000000,3000,4
365829,365829,1463316,2774,79,316,613.0,0.0,613.0,685,685,359.9873417721519,14,0,1000000,3000,4
365896,365896,1463584,2775,67,268,612.0,0.0,612.0,683,683,344.14925373134326,14,0,1000000,3000,4
365972,365972,1463888,2776,76,304,624.0,0.0,624.0,697,697,361.2368421052632,14,0,1000000,3000,4
366162,366162,1464648,2777,190,760,805.0,0.0,805.0,898,898,617.3947368421053,18,0,1000000,3000,4
366305,366305,1465220,2778,143,572,1043.0,0.0,1043.0,1127,1127,612.6223776223776,23,0,1000000,3000,4
366480,366480,1465920,2779,175,700,1351.0,0.0,1351.0,1443,1443,744.3714285714286,29,0,1000000,3000,4
366556,366556,1466224,2780,76,304,612.0,0.0,612.0,685,685,339.5394736842105,14,0,1000000,3000,4
366778,366778,1467112,2781,222,888,1415.0,0.0,1415.0,1516,1516,736.436936936937,31,0,1000000,3000,4
367029,367029,1468116,2782,251,1004,1566.0,0.0,1566.0,1674,1674,739.1593625498008,34,0,1000000,3000,4
367227,367227,1468908,2783,198,792,1034.0,0.0,1034.0,1129,1129,635.3181818181819,23,0,1000000,3000,4
367261,367261,1469044,2784,34,136,249.0,0.0,249.0,313,313,150.0,7,0,1000000,3000,4
367436,367436,1469744,2785,175,700,1035.0,0.0,1035.0,1125,1125,586.04,23,0,1000000,3000,4
367600,367600,1470400,2786,164,656,1147.0,0.0,1147.0,1237,1237,597.2134146341464,25,0,1000000,3000,4
367634,367634,1470536,2787,34,136,244.0,0.0,244.0,306,306,154.47058823529412,7,0,1000000,3000,4
367799,367799,1471196,2788,165,660,737.0,0.0,737.0,827,827,508.2909090909091,17,0,1000000,3000,4
367831,367831,1471324,2789,32,128,248.0,0.0,248.0,312,312,154.53125,7,0,1000000,3000,4
367865,367865,1471460,2790,34,136,245.0,0.0,245.0,309,309,158.52941176470588,7,0,1000000,3000,4
367946,367946,1471784,2791,81,324,611.0,0.0,611.0,685,685,329.75308641975306,14,0,1000000,3000,4
368047,368047,1472188,2792,101,404,615.0,0.0,615.0,692,692,381.0792079207921,14,0,1000000,3000,4
368218,368218,1472872,2793,171,684,1327.0,0.0,1327.0,1417,1417,726.4736842105264,29,0,1000000,3000,4
368399,368399,1473596,2794,181,724,1337.0,0.0,1337.0,1429,1429,738.6298342541437,29,0,1000000,3000,4
368483,368483,1473932,2795,84,336,623.0,0.0,623.0,696,696,393.0357142857143,14,0,1000000,3000,4
368520,368520,1474080,2796,37,148,240.0,0.0,240.0,304,304,161.9189189189189,7,0,1000000,3000,4
368658,368658,1474632,2797,138,552,1054.0,0.0,1054.0,1138,1138,584.5,23,0,1000000,3000,4
368694,368694,1474776,2798,36,144,243.0,0.0,243.0,307,307,159.58333333333334,7,0,1000000,3000,4
368891,368891,1475564,2799,197,788,1337.0,0.0,1337.0,1434,1434,749.4162436548223,29,0,1000000,3000,4
368936,368936,1475744,2800,45,180,223.0,0.0,223.0,288,288,159.2888888888889,6,0,1000000,3000,4
369021,369021,1476084,2801,85,340,632.0,0.0,632.0,705,705,385.3764705882353,15,0,1000000,3000,4
369210,369210,1476840,2802,189,756,1045.0,0.0,1045.0,1139,1139,605.5185185185185,23,0,1000000,3000,4
369241,369241,1476964,2803,31,124,241.0,0.0,241.0,305,305,158.58064516129033,7,0,1000000,3000,4
369279,369279,1477116,2804,38,152,234.0,0.0,234.0,298,298,166.0,6,0,1000000,3000,4
369317,369317,1477268,2805,38,152,234.0,0.0,234.0,299,299,160.1578947368421,6,0,1000000,3000,4
369349,369349,1477396,2806,32,128,245.0,0.0,245.0,307,307,155.5,7,0,1000000,3000,4
369385,369385,1477540,2807,36,144,241.0,0.0,241.0,306,306,150.94444444444446,7,0,1000000,3000,4
369418,369418,1477672,2808,33,132,248.0,0.0,248.0,311,311,152.42424242424244,7,0,1000000,3000,4
369506,369506,1478024,2809,88,352,615.0,0.0,615.0,689,689,402.22727272727275,14,0,1000000,3000,4
369538,369538,1478152,2810,32,128,241.0,0.0,241.0,304,304,161.25,7,0,1000000,3000,4
369578,369578,1478312,2811,40,160,232.0,0.0,232.0,296,296,160.775,6,0,1000000,3000,4
369616,369616,1478464,2812,38,152,239.0,0.0,239.0,302,302,156.3421052631579,7,0,1000000,3000,4
369830,369830,1479320,2813,214,856,1029.0,0.0,1029.0,1126,1126,631.6682242990654,23,0,1000000,3000,4
369925,369925,1479700,2814,95,380,624.0,0.0,624.0,700,700,394.10526315789474,15,0,1000000,3000,4
369957,369957,1479828,2815,32,128,244.0,0.0,244.0,308,308,156.15625,7,0,1000000,3000,4
370102,370102,1480408,2816,145,580,1455.0,0.0,1455.0,1541,1541,755.8896551724138,31,0,1000000,3000,4
370310,370310,1481240,2817,208,832,1319.0,0.0,1319.0,1416,1416,701.5913461538462,29,0,1000000,3000,4
370441,370441,1481764,2818,131,524,740.0,0.0,740.0,824,824,501.9541984732824,17,0,1000000,3000,4
370474,370474,1481896,2819,33,132,245.0,0.0,245.0,308,308,159.15151515151516,7,0,1000000,3000,4
370561,370561,1482244,2820,87,348,633.0,0.0,633.0,708,708,361.62068965517244,15,0,1000000,3000,4
370749,370749,1482996,2821,188,752,1057.0,0.0,1057.0,1152,1152,620.1329787234042,24,0,1000000,3000,4
370932,370932,1483728,2822,183,732,1035.0,0.0,1035.0,1127,1127,617.3169398907104,23,0,1000000,3000,4
371147,371147,1484588,2823,215,860,1917.0,0.0,1917.0,2017,2017,1004.7255813953489,41,0,1000000,3000,4
371241,371241,1484964,2824,94,376,622.0,0.0,622.0,698,698,338.72340425531917,14,0,1000000,3000,4
371287,371287,1485148,2825,46,184,220.0,0.0,220.0,285,285,167.32608695652175,6,0,1000000,3000,4
371328,371328,1485312,2826,41,164,232.0,0.0,232.0,297,297,149.58536585365854,6,0,1000000,3000,4
371359,371359,1485436,2827,31,124,245.0,0.0,245.0,308,308,160.32258064516128,7,0,1000000,3000,4
371390,371390,1485560,2828,31,124,248.0,0.0,248.0,310,310,159.83870967741936,7,0,1000000,3000,4
371503,371503,1486012,2829,113,452,724.0,0.0,724.0,804,804,468.88495575221236,17,0,1000000,3000,4
371628,371628,1486512,2830,125,500,819.0,0.0,819.0,898,898,590.024,18,0,1000000,3000,4
371802,371802,1487208,2831,174,696,1144.0,0.0,1144.0,1235,1235,637.1436781609195,25,0,1000000,3000,4
372107,372107,1488428,2832,305,1220,1012.0,0.0,1012.0,1128,1128,727.983606557377,23,0,1000000,3000,4
372138,372138,1488552,2833,31,124,247.0,0.0,247.0,311,311,145.90322580645162,7,0,1000000,3000,4
372167,372167,1488668,2834,29,116,252.0,0.0,252.0,315,315,161.27586206896552,7,0,1000000,3000,4
372262,372262,1489048,2835,95,380,600.0,0.0,600.0,676,676,409.2736842105263,14,0,1000000,3000,4
372299,372299,1489196,2836,37,148,231.0,0.0,231.0,295,295,161.21621621621622,6,0,1000000,3000,4
372329,372329,1489316,2837,30,120,251.0,0.0,251.0,315,315,154.83333333333334,7,0,1000000,3000,4
372497,372497,1489988,2838,168,672,1583.0,0.0,1583.0,1674,1674,834.5238095238095,34,0,1000000,3000,4
372579,372579,1490316,2839,82,328,606.0,0.0,606.0,680,680,343.5365853658537,14,0,1000000,3000,4
372655,372655,1490620,2840,76,304,605.0,0.0,605.0,678,678,328.35526315789474,14,0,1000000,3000,4
372690,372690,1490760,2841,35,140,229.0,0.0,229.0,294,294,171.2,6,0,1000000,3000,4
372766,372766,1491064,2842,76,304,640.0,0.0,640.0,713,713,380.0,15,0,1000000,3000,4
372800,372800,1491200,2843,34,136,251.0,0.0,251.0,313,313,149.6764705882353,7,0,1000000,3000,4
372829,372829,1491316,2844,29,116,247.0,0.0,247.0,310,310,158.86206896551724,7,0,1000000,3000,4
372965,372965,1491860,2845,136,544,1162.0,0.0,1162.0,1247,1247,667.5294117647059,25,0,1000000,3000,4
373049,373049,1492196,2846,84,336,606.0,0.0,606.0,680,680,416.42857142857144,14,0,1000000,3000,4
373282,373282,1493128,2847,233,932,740.0,0.0,740.0,844,844,556.7639484978541,17,0,1000000,3000,4
373348,373348,1493392,2848,66,264,608.0,0.0,608.0,679,679,309.40909090909093,14,0,1000000,3000,4
373437,373437,1493748,2849,89,356,616.0,0.0,616.0,691,691,355.65168539325845,14,0,1000000,3000,4
373703,373703,1494812,2850,266,1064,1304.0,0.0,1304.0,1413,1413,731.609022556391,29,0,1000000,3000,4
373734,373734,1494936,2851,31,124,247.0,0.0,247.0,311,311,152.90322580645162,7,0,1000000,3000,4
373882,373882,1495528,2852,148,592,1346.0,0.0,1346.0,1433,1433,673.9662162162163,29,0,1000000,3000,4
373977,373977,1495908,2853,95,380,606.0,0.0,606.0,682,682,386.4842105263158,14,0,1000000,3000,4
374367,374367,1497468,2854,390,1560,1089.0,0.0,1089.0,1222,1222,677.4897435897436,25,0,1000000,3000,4
374497,374497,1497988,2855,130,520,610.0,0.0,610.0,692,692,393.2846153846154,14,0,1000000,3000,4
374537,374537,1498148,2856,40,160,226.0,0.0,226.0,290,290,162.625,6,0,1000000,3000,4
374583,374583,1498332,2857,46,184,220.0,0.0,220.0,286,286,161.19565217391303,6,0,1000000,3000,4
374749,374749,1498996,2858,166,664,775.0,0.0,775.0,865,865,486.33734939759034,18,0,1000000,3000,4
374980,374980,1499920,2859,231,924,1683.0,0.0,1683.0,1786,1786,822.6580086580086,36,0,1000000,3000,4
375081,375081,1500324,2860,101,404,599.0,0.0,599.0,675,675,390.6930693069307,14,0,1000000,3000,4
375165,375165,1500660,2861,84,336,615.0,0.0,615.0,689,689,352.4404761904762,14,0,1000000,3000,4
375211,375211,1500844,2862,46,184,229.0,0.0,229.0,295,295,146.02173913043478,6,0,1000000,3000,4
375322,375322,1501288,2863,111,444,630.0,0.0,630.0,710,710,367.8018018018018,15,0,1000000,3000,4
375407,375407,1501628,2864,85,340,650.0,0.0,650.0,722,722,364.6235294117647,15,0,1000000,3000,4
375679,375679,1502716,2865,272,1088,1128.0,0.0,1128.0,1239,1239,701.2977941176471,25,0,1000000,3000,4
375726,375726,1502904,2866,47,188,219.0,0.0,219.0,285,285,157.0212765957447,6,0,1000000,3000,4
375899,375899,1503596,2867,173,692,1344.0,0.0,1344.0,1436,1436,680.849710982659,29,0,1000000,3000,4
375945,375945,1503780,2868,46,184,233.0,0.0,233.0,299,299,143.58695652173913,6,0,1000000,3000,4
376188,376188,1504752,2869,243,972,1309.0,0.0,1309.0,1412,1412,677.3827160493827,29,0,1000000,3000,4
376223,376223,1504892,2870,35,140,247.0,0.0,247.0,312,312,146.2,7,0,1000000,3000,4
376323,376323,1505292,2871,100,400,631.0,0.0,631.0,708,708,349.86,15,0,1000000,3000,4
376431,376431,1505724,2872,108,432,610.0,0.0,610.0,688,688,380.44444444444446,14,0,1000000,3000,4
376486,376486,1505944,2873,55,220,220.0,0.0,220.0,286,286,134.87272727272727,6,0,1000000,3000,4
376716,376716,1506864,2874,230,920,1322.0,0.0,1322.0,1424,1424,692.3695652173913,29,0,1000000,3000,4
376756,376756,1507024,2875,40,160,232.0,0.0,232.0,298,298,148.0,6,0,1000000,3000,4
376798,376798,1507192,2876,42,168,232.0,0.0,232.0,297,297,152.11904761904762,6,0,1000000,3000,4
376908,376908,1507632,2877,110,440,578.0,0.0,578.0,656,656,411.1636363636364,14,0,1000000,3000,4
377093,377093,1508372,2878,185,740,1042.0,0.0,1042.0,1136,1136,538.3513513513514,23,0,1000000,3000,4
377137,377137,1508548,2879,44,176,219.0,0.0,219.0,283,283,177.0,6,0,1000000,3000,4
377335,377335,1509340,2880,198,792,729.0,0.0,729.0,825,825,527.8181818181819,17,0,1000000,3000,4
377436,377436,1509744,2881,101,404,601.0,0.0,601.0,679,679,391.9009900990099,14,0,1000000,3000,4
377558,377558,1510232,2882,122,488,1064.0,0.0,1064.0,1146,1146,538.172131147541,23,0,1000000,3000,4
377589,377589,1510356,2883,31,124,246.0,0.0,246.0,310,310,146.19354838709677,7,0,1000000,3000,4
377711,377711,1510844,2884,122,488,1045.0,0.0,1045.0,1124,1124,580.4508196721312,23,0,1000000,3000,4
377748,377748,1510992,2885,37,148,235.0,0.0,235.0,300,300,153.97297297297297,7,0,1000000,3000,4
377784,377784,1511136,2886,36,144,249.0,0.0,249.0,314,314,148.02777777777777,7,0,1000000,3000,4
377815,377815,1511260,2887,31,124,252.0,0.0,252.0,316,316,156.25806451612902,7,0,1000000,3000,4
378017,378017,1512068,2888,202,808,1033.0,0.0,1033.0,1130,1130,645.9851485148515,23,0,1000000,3000,4
378096,378096,1512384,2889,79,316,637.0,0.0,637.0,710,710,363.2911392405063,15,0,1000000,3000,4
378306,378306,1513224,2890,210,840,1334.0,0.0,1334.0,1433,1433,738.1857142857143,29,0,1000000,3000,4
378378,378378,1513512,2891,72,288,629.0,0.0,629.0,701,701,370.97222222222223,15,0,1000000,3000,4
378483,378483,1513932,2892,105,420,601.0,0.0,601.0,679,679,317.83809523809526,14,0,1000000,3000,4
378582,378582,1514328,2893,99,396,619.0,0.0,619.0,696,696,372.27272727272725,14,0,1000000,3000,4
378621,378621,1514484,2894,39,156,240.0,0.0,240.0,304,304,150.48717948717947,7,0,1000000,3000,4
378656,378656,1514624,2895,35,140,242.0,0.0,242.0,307,307,144.62857142857143,7,0,1000000,3000,4
378693,378693,1514772,2896,37,148,242.0,0.0,242.0,306,306,152.1081081081081,7,0,1000000,3000,4
378733,378733,1514932,2897,40,160,243.0,0.0,243.0,308,308,149.225,7,0,1000000,3000,4
378774,378774,1515096,2898,41,164,232.0,0.0,232.0,297,297,161.5121951219512,6,0,1000000,3000,4
378811,378811,1515244,2899,37,148,241.0,0.0,241.0,305,305,153.86486486486487,7,0,1000000,3000,4
379013,379013,1516052,2900,202,808,1332.0,0.0,1332.0,1430,1430,720.7475247524752,29,0,1000000,3000,4
379179,379179,1516716,2901,166,664,1037.0,0.0,1037.0,1126,1126,608.7409638554217,23,0,1000000,3000,4
379315,379315,1517260,2902,136,544,640.0,0.0,640.0,722,723,530.5220588235294,15,0,1000000,3000,4
379398,379398,1517592,2903,83,332,634.0,0.0,634.0,708,708,382.95180722891564,15,0,1000000,3000,4
379497,379497,1517988,2904,99,396,636.0,0.0,636.0,713,713,385.050505050505,15,0,1000000,3000,4
379580,379580,1518320,2905,83,332,621.0,0.0,621.0,695,695,394.06024096385545,14,0,1000000,3000,4
379651,379651,1518604,2906,71,284,611.0,0.0,611.0,683,683,336.0281690140845,14,0,1000000,3000,4
379725,379725,1518900,2907,74,296,611.0,0.0,611.0,683,683,342.0405405405405,14,0,1000000,3000,4
379754,379754,1519016,2908,29,116,250.0,0.0,250.0,313,313,155.0,7,0,1000000,3000,4
379821,379821,1519284,2909,67,268,602.0,0.0,602.0,673,673,318.3880597014925,14,0,1000000,3000,4
379948,379948,1519792,2910,127,508,734.0,0.0,734.0,816,816,472.496062992126,17,0,1000000,3000,4
380071,380071,1520284,2911,123,492,623.0,0.0,623.0,705,705,389.8130081300813,15,0,1000000,3000,4
380230,380230,1520920,2912,159,636,1153.0,0.0,1153.0,1241,1241,573.4842767295597,25,0,1000000,3000,4
380393,380393,1521572,2913,163,652,1043.0,0.0,1043.0,1131,1131,575.398773006135,23,0,1000000,3000,4
380426,380426,1521704,2914,33,132,250.0,0.0,250.0,314,314,150.57575757575756,7,0,1000000,3000,4
380525,380525,1522100,2915,99,396,623.0,0.0,623.0,700,700,378.6969696969697,15,0,1000000,3000,4
380555,380555,1522220,2916,30,120,247.0,0.0,247.0,309,309,155.13333333333333,7,0,1000000,3000,4
380762,380762,1523048,2917,207,828,1032.0,0.0,1032.0,1129,1129,612.9613526570048,23,0,1000000,3000,4
380962,380962,1523848,2918,200,800,1317.0,0.0,1317.0,1411,1412,692.4,29,0,1000000,3000,4
381203,381203,1524812,2919,241,964,1312.0,0.0,1312.0,1416,1416,723.7551867219917,29,0,1000000,3000,4
381293,381293,1525172,2920,90,360,624.0,0.0,624.0,699,699,375.35555555555555,14,0,1000000,3000,4
381556,381556,1526224,2921,263,1052,1305.0,0.0,1305.0,1412,1412,733.4182509505704,29,0,1000000,3000,4
381591,381591,1526364,2922,35,140,244.0,0.0,244.0,308,308,142.5142857142857,7,0,1000000,3000,4
381690,381690,1526760,2923,99,396,619.0,0.0,619.0,696,696,349.8686868686869,14,0,1000000,3000,4
381834,381834,1527336,2924,144,576,1042.0,0.0,1042.0,1126,1126,596.6666666666666,23,0,1000000,3000,4
381924,381924,1527696,2925,90,360,614.0,0.0,614.0,690,690,400.8888888888889,14,0,1000000,3000,4
382007,382007,1528028,2926,83,332,612.0,0.0,612.0,686,686,336.6265060240964,14,0,1000000,3000,4
382046,382046,1528184,2927,39,156,234.0,0.0,234.0,298,298,165.51282051282053,6,0,1000000,3000,4
382076,382076,1528304,2928,30,120,249.0,0.0,249.0,313,313,153.4,7,0,1000000,3000,4
382243,382243,1528972,2929,167,668,1344.0,0.0,1344.0,1435,1435,706.2694610778443,29,0,1000000,3000,4
382385,382385,1529540,2930,142,568,729.0,0.0,729.0,813,813,469.9507042253521,17,0,1000000,3000,4
382491,382491,1529964,2931,106,424,614.0,0.0,614.0,693,693,375.27358490566036,14,0,1000000,3000,4
382583,382583,1530332,2932,92,368,603.0,0.0,603.0,678,678,397.8695652173913,14,0,1000000,3000,4
382685,382685,1530740,2933,102,408,595.0,0.0,595.0,673,673,269.47058823529414,14,0,1000000,3000,4
382768,382768,1531072,2934,83,332,624.0,0.0,624.0,697,697,385.04819277108436,14,0,1000000,3000,4
382989,382989,1531956,2935,221,884,1420.0,0.0,1420.0,1522,1522,757.0769230769231,31,0,1000000,3000,4
383149,383149,1532596,2936,160,640,1343.0,0.0,1343.0,1433,1433,688.6875,29,0,1000000,3000,4
383228,383228,1532912,2937,79,316,628.0,0.0,628.0,701,701,339.4810126582278,15,0,1000000,3000,4
383357,383357,1533428,2938,129,516,1048.0,0.0,1048.0,1129,1129,575.5271317829457,23,0,1000000,3000,4
383398,383398,1533592,2939,41,164,230.0,0.0,230.0,294,294,165.1951219512195,6,0,1000000,3000,4
383580,383580,1534320,2940,182,728,778.0,0.0,778.0,871,871,520.3901098901099,18,0,1000000,3000,4
383614,383614,1534456,2941,34,136,246.0,0.0,246.0,309,309,153.55882352941177,7,0,1000000,3000,4
383707,383707,1534828,2942,93,372,632.0,0.0,632.0,707,707,358.73118279569894,15,0,1000000,3000,4
383789,383789,1535156,2943,82,328,635.0,0.0,635.0,708,708,369.6463414634146,15,0,1000000,3000,4
383824,383824,1535296,2944,35,140,247.0,0.0,247.0,311,311,143.4857142857143,7,0,1000000,3000,4
383861,383861,1535444,2945,37,148,235.0,0.0,235.0,300,300,164.59459459459458,7,0,1000000,3000,4
384185,384185,1536740,2946,324,1296,1291.0,0.0,1291.0,1410,1410,733.1388888888889,29,0,1000000,3000,4
384323,384323,1537292,2947,138,552,1044.0,0.0,1044.0,1127,1127,576.1231884057971,23,0,1000000,3000,4
384364,384364,1537456,2948,41,164,238.0,0.0,238.0,304,304,143.6341463414634,7,0,1000000,3000,4
384447,384447,1537788,2949,83,332,635.0,0.0,635.0,709,709,349.6385542168675,15,0,1000000,3000,4
384553,384553,1538212,2950,106,424,604.0,0.0,604.0,682,682,395.8018867924528,14,0,1000000,3000,4
384782,384782,1539128,2951,229,916,1314.0,0.0,1314.0,1414,1414,689.646288209607,29,0,1000000,3000,4
384816,384816,1539264,2952,34,136,247.0,0.0,247.0,310,310,153.76470588235293,7,0,1000000,3000,4
384847,384847,1539388,2953,31,124,246.0,0.0,246.0,309,309,157.41935483870967,7,0,1000000,3000,4
385058,385058,1540232,2954,211,844,1339.0,0.0,1339.0,1439,1439,671.5071090047394,29,0,1000000,3000,4
385256,385256,1541024,2955,198,792,804.0,0.0,804.0,898,898,615.4747474747475,18,0,1000000,3000,4
385435,385435,1541740,2956,179,716,1325.0,0.0,1325.0,1416,1416,738.2234636871508,29,0,1000000,3000,4
385529,385529,1542116,2957,94,376,639.0,0.0,639.0,715,715,358.031914893617,15,0,1000000,3000,4
385697,385697,1542788,2958,168,672,776.0,0.0,776.0,865,865,519.0238095238095,18,0,1000000,3000,4
385903,385903,1543612,2959,206,824,1031.0,0.0,1031.0,1128,1128,611.2766990291262,23,0,1000000,3000,4
386148,386148,1544592,2960,245,980,1324.0,0.0,1324.0,1430,1430,700.4040816326531,29,0,1000000,3000,4
386359,386359,1545436,2961,211,844,1145.0,0.0,1145.0,1243,1243,595.6919431279621,25,0,1000000,3000,4
386552,386552,1546208,2962,193,772,728.0,0.0,728.0,823,823,546.2435233160621,17,0,1000000,3000,4
386591,386591,1546364,2963,39,156,233.0,0.0,233.0,297,297,164.97435897435898,6,0,1000000,3000,4
386840,386840,1547360,2964,249,996,1326.0,0.0,1326.0,1433,1433,714.566265060241,29,0,1000000,3000,4
387018,387018,1548072,2965,178,712,1056.0,0.0,1056.0,1149,1149,563.3258426966293,23,0,1000000,3000,4
387122,387122,1548488,2966,104,416,647.0,0.0,647.0,722,722,349.41346153846155,15,0,1000000,3000,4
387228,387228,1548912,2967,106,424,623.0,0.0,623.0,702,702,405.9056603773585,15,0,1000000,3000,4
387421,387421,1549684,2968,193,772,767.0,0.0,767.0,862,862,510.9222797927461,18,0,1000000,3000,4
387625,387625,1550500,2969,204,816,1032.0,0.0,1032.0,1127,1127,649.7794117647059,23,0,1000000,3000,4
387761,387761,1551044,2970,136,544,737.0,0.0,737.0,820,820,480.7867647058824,17,0,1000000,3000,4
387864,387864,1551456,2971,103,412,627.0,0.0,627.0,705,705,360.56310679611653,15,0,1000000,3000,4
387985,387985,1551940,2972,121,484,1046.0,0.0,1046.0,1126,1126,549.2561983471074,23,0,1000000,3000,4
388153,388153,1552612,2973,168,672,1342.0,0.0,1342.0,1433,1433,704.6785714285714,29,0,1000000,3000,4
388251,388251,1553004,2974,98,392,629.0,0.0,629.0,705,705,372.46938775510205,15,0,1000000,3000,4
388442,388442,1553768,2975,191,764,744.0,0.0,744.0,839,839,557.2303664921466,17,0,1000000,3000,4
388475,388475,1553900,2976,33,132,249.0,0.0,249.0,313,313,148.3939393939394,7,0,1000000,3000,4
388637,388637,1554548,2977,162,648,1038.0,0.0,1038.0,1126,1126,553.3395061728395,23,0,1000000,3000,4
388872,388872,1555488,2978,235,940,1150.0,0.0,1150.0,1253,1253,647.9617021276596,26,0,1000000,3000,4
388908,388908,1555632,2979,36,144,236.0,0.0,236.0,300,300,169.63888888888889,7,0,1000000,3000,4
389172,389172,1556688,2980,264,1056,1417.0,0.0,1417.0,1526,1526,691.935606060606,31,0,1000000,3000,4
389408,389408,1557632,2981,236,944,1023.0,0.0,1023.0,1125,1125,675.3305084745763,23,0,1000000,3000,4
389598,389598,1558392,2982,190,760,1032.0,0.0,1032.0,1124,1124,589.8947368421053,23,0,1000000,3000,4
389661,389661,1558644,2983,63,252,614.0,0.0,614.0,684,684,337.6190476190476,14,0,1000000,3000,4
389804,389804,1559216,2984,143,572,1185.0,0.0,1185.0,1271,1271,673.5734265734266,26,0,1000000,3000,4
389926,389926,1559704,2985,122,488,597.0,0.0,597.0,679,679,415.42622950819674,14,0,1000000,3000,4
389966,389966,1559864,2986,40,160,226.0,0.0,226.0,291,291,168.125,6,0,1000000,3000,4
390006,390006,1560024,2987,40,160,232.0,0.0,232.0,296,296,169.275,6,0,1000000,3000,4
390258,390258,1561032,2988,252,1008,1683.0,0.0,1683.0,1789,1789,772.4206349206349,36,0,1000000,3000,4
390495,390495,1561980,2989,237,948,1419.0,0.0,1419.0,1524,1524,733.2911392405064,31,0,1000000,3000,4
390528,390528,1562112,2990,33,132,251.0,0.0,251.0,315,315,154.8181818181818,7,0,1000000,3000,4
390563,390563,1562252,2991,35,140,245.0,0.0,245.0,307,307,159.54285714285714,7,0,1000000,3000,4
390598,390598,1562392,2992,35,140,245.0,0.0,245.0,309,309,156.5142857142857,7,0,1000000,3000,4
390628,390628,1562512,2993,30,120,248.0,0.0,248.0,312,312,150.53333333333333,7,0,1000000,3000,4
390666,390666,1562664,2994,38,152,236.0,0.0,236.0,300,300,156.02631578947367,7,0,1000000,3000,4
390697,390697,1562788,2995,31,124,244.0,0.0,244.0,308,308,152.4516129032258,7,0,1000000,3000,4
390890,390890,1563560,2996,193,772,1033.0,0.0,1033.0,1127,1127,581.0,23,0,1000000,3000,4
390925,390925,1563700,2997,35,140,240.0,0.0,240.0,305,305,163.42857142857142,7,0,1000000,3000,4
390957,390957,1563828,2998,32,128,244.0,0.0,244.0,307,307,163.0625,7,0,1000000,3000,4
390995,390995,1563980,2999,38,152,233.0,0.0,233.0,298,298,157.39473684210526,6,0,1000000,3000,4
391087,391087,1564348,3000,92,368,595.0,0.0,595.0,670,670,413.0978260869565,14,0,1000000,3000,4
391157,391157,1564628,3001,70,280,610.0,0.0,610.0,681,681,314.74285714285713,14,0,1000000,3000,4
391258,391258,1565032,3002,101,404,604.0,0.0,604.0,680,680,403.7722772277228,14,0,1000000,3000,4
391292,391292,1565168,3003,34,136,249.0,0.0,249.0,313,313,152.91176470588235,7,0,1000000,3000,4
391443,391443,1565772,3004,151,604,813.0,0.0,813.0,898,899,585.2185430463576,18,0,1000000,3000,4
391481,391481,1565924,3005,38,152,239.0,0.0,239.0,304,304,155.3684210526316,7,0,1000000,3000,4
391566,391566,1566264,3006,85,340,632.0,0.0,632.0,704,704,384.0235294117647,15,0,1000000,3000,4
391598,391598,1566392,3007,32,128,246.0,0.0,246.0,309,309,160.71875,7,0,1000000,3000,4
391632,391632,1566528,3008,34,136,236.0,0.0,236.0,299,299,169.61764705882354,6,0,1000000,3000,4
391669,391669,1566676,3009,37,148,235.0,0.0,235.0,298,298,168.2972972972973,6,0,1000000,3000,4
391788,391788,1567152,3010,119,476,608.0,0.0,608.0,687,687,378.5966386554622,14,0,1000000,3000,4
392013,392013,1568052,3011,225,900,1026.0,0.0,1026.0,1126,1126,620.0,23,0,1000000,3000,4
392157,392157,1568628,3012,144,576,790.0,0.0,790.0,874,874,502.9236111111111,18,0,1000000,3000,4
392196,392196,1568784,3013,39,156,239.0,0.0,239.0,302,302,155.30769230769232,7,0,1000000,3000,4
392432,392432,1569728,3014,236,944,1314.0,0.0,1314.0,1417,1417,724.3644067796611,29,0,1000000,3000,4
392467,392467,1569868,3015,35,140,242.0,0.0,242.0,305,305,157.88571428571427,7,0,1000000,3000,4
392508,392508,1570032,3016,41,164,232.0,0.0,232.0,297,297,162.29268292682926,6,0,1000000,3000,4
392624,392624,1570496,3017,116,464,608.0,0.0,608.0,687,687,397.82758620689657,14,0,1000000,3000,4
392773,392773,1571092,3018,149,596,721.0,0.0,721.0,807,807,517.2751677852349,17,0,1000000,3000,4
392804,392804,1571216,3019,31,124,246.0,0.0,246.0,310,310,154.3548387096774,7,0,1000000,3000,4
392979,392979,1571916,3020,175,700,726.0,0.0,726.0,818,818,511.65714285714284,17,0,1000000,3000,4
393062,393062,1572248,3021,83,332,636.0,0.0,636.0,709,709,377.7710843373494,15,0,1000000,3000,4
393263,393263,1573052,3022,201,804,1334.0,0.0,1334.0,1432,1432,728.7512437810946,29,0,1000000,3000,4
393302,393302,1573208,3023,39,156,237.0,0.0,237.0,301,301,161.94871794871796,7,0,1000000,3000,4
393527,393527,1574108,3024,225,900,1026.0,0.0,1026.0,1125,1125,670.1066666666667,23,0,1000000,3000,4
393558,393558,1574232,3025,31,124,242.0,0.0,242.0,305,305,163.61290322580646,7,0,1000000,3000,4
393589,393589,1574356,3026,31,124,246.0,0.0,246.0,310,310,154.80645161290323,7,0,1000000,3000,4
393671,393671,1574684,3027,82,328,632.0,0.0,632.0,706,706,391.1585365853659,15,0,1000000,3000,4
393814,393814,1575256,3028,143,572,815.0,0.0,815.0,898,899,596.9090909090909,18,0,1000000,3000,4
393995,393995,1575980,3029,181,724,753.0,0.0,753.0,847,847,526.1933701657458,17,0,1000000,3000,4
394084,394084,1576336,3030,89,356,617.0,0.0,617.0,692,692,355.9438202247191,14,0,1000000,3000,4
394354,394354,1577416,3031,270,1080,1309.0,0.0,1309.0,1418,1418,770.5777777777778,29,0,1000000,3000,4
394451,394451,1577804,3032,97,388,608.0,0.0,608.0,684,684,385.340206185567,14,0,1000000,3000,4
394525,394525,1578100,3033,74,296,614.0,0.0,614.0,685,685,344.6216216216216,14,0,1000000,3000,4
394622,394622,1578488,3034,97,388,610.0,0.0,610.0,686,686,404.9381443298969,14,0,1000000,3000,4
394705,394705,1578820,3035,83,332,620.0,0.0,620.0,693,693,350.8192771084337,14,0,1000000,3000,4
394778,394778,1579112,3036,73,292,653.0,0.0,653.0,722,722,384.7808219178082,15,0,1000000,3000,4
394958,394958,1579832,3037,180,720,1036.0,0.0,1036.0,1127,1127,578.4166666666666,23,0,1000000,3000,4
395046,395046,1580184,3038,88,352,626.0,0.0,626.0,701,701,378.32954545454544,15,0,1000000,3000,4
395240,395240,1580960,3039,194,776,1320.0,0.0,1320.0,1414,1414,730.7886597938144,29,0,1000000,3000,4
395399,395399,1581596,3040,159,636,1040.0,0.0,1040.0,1127,1127,567.5408805031446,23,0,1000000,3000,4
395429,395429,1581716,3041,30,120,245.0,0.0,245.0,309,309,153.46666666666667,7,0,1000000,3000,4
395460,395460,1581840,3042,31,124,250.0,0.0,250.0,313,313,151.83870967741936,7,0,1000000,3000,4
395565,395565,1582260,3043,105,420,599.0,0.0,599.0,677,677,410.3619047619048,14,0,1000000,3000,4
395739,395739,1582956,3044,174,696,1344.0,0.0,1344.0,1436,1436,757.0,29,0,1000000,3000,4
395828,395828,1583312,3045,89,356,630.0,0.0,630.0,705,705,355.02247191011236,15,0,1000000,3000,4
396130,396130,1584520,3046,302,1208,1558.0,0.0,1558.0,1676,1676,788.6721854304636,34,0,1000000,3000,4
396218,396218,1584872,3047,88,352,634.0,0.0,634.0,709,709,391.20454545454544,15,0,1000000,3000,4
396460,396460,1585840,3048,242,968,1309.0,0.0,1309.0,1412,1412,670.9256198347107,29,0,1000000,3000,4
396541,396541,1586164,3049,81,324,632.0,0.0,632.0,705,705,375.95061728395063,15,0,1000000,3000,4
396722,396722,1586888,3050,181,724,1432.0,0.0,1432.0,1526,1526,746.9723756906077,31,0,1000000,3000,4
396756,396756,1587024,3051,34,136,250.0,0.0,250.0,314,314,153.35294117647058,7,0,1000000,3000,4
396990,396990,1587960,3052,234,936,1026.0,0.0,1026.0,1128,1128,646.6025641025641,23,0,1000000,3000,4
397065,397065,1588260,3053,75,300,637.0,0.0,637.0,708,708,403.48,15,0,1000000,3000,4
397317,397317,1589268,3054,252,1008,1862.0,0.0,1862.0,1970,1970,947.0833333333334,40,0,1000000,3000,4
397506,397506,1590024,3055,189,756,730.0,0.0,730.0,825,825,548.4550264550264,17,0,1000000,3000,4
397689,397689,1590756,3056,183,732,1035.0,0.0,1035.0,1126,1126,653.3387978142076,23,0,1000000,3000,4
397880,397880,1591520,3057,191,764,1335.0,0.0,1335.0,1431,1431,727.8219895287958,29,0,1000000,3000,4
397921,397921,1591684,3058,41,164,224.0,0.0,224.0,289,289,164.02439024390245,6,0,1000000,3000,4
398004,398004,1592016,3059,83,332,627.0,0.0,627.0,701,701,392.48192771084337,15,0,1000000,3000,4
398201,398201,1592804,3060,197,788,1032.0,0.0,1032.0,1127,1127,611.0812182741116,23,0,1000000,3000,4
398424,398424,1593696,3061,223,892,1419.0,0.0,1419.0,1521,1521,728.8744394618834,31,0,1000000,3000,4
398452,398452,1593808,3062,28,112,248.0,0.0,248.0,311,311,155.82142857142858,7,0,1000000,3000,4
398613,398613,1594452,3063,161,644,714.0,0.0,714.0,804,804,508.832298136646,17,0,1000000,3000,4
398710,398710,1594840,3064,97,388,636.0,0.0,636.0,713,713,384.4639175257732,15,0,1000000,3000,4
398746,398746,1594984,3065,36,144,242.0,0.0,242.0,307,307,149.13888888888889,7,0,1000000,3000,4
398780,398780,1595120,3066,34,136,247.0,0.0,247.0,311,311,143.73529411764707,7,0,1000000,3000,4
398868,398868,1595472,3067,88,352,634.0,0.0,634.0,709,709,389.9886363636364,15,0,1000000,3000,4
398898,398898,1595592,3068,30,120,249.0,0.0,249.0,313,313,152.3,7,0,1000000,3000,4
398933,398933,1595732,3069,35,140,250.0,0.0,250.0,314,314,152.17142857142858,7,0,1000000,3000,4
399022,399022,1596088,3070,89,356,622.0,0.0,622.0,697,697,399.14606741573033,14,0,1000000,3000,4
399097,399097,1596388,3071,75,300,617.0,0.0,617.0,689,689,349.3066666666667,14,0,1000000,3000,4
399175,399175,1596700,3072,78,312,611.0,0.0,611.0,684,684,325.5897435897436,14,0,1000000,3000,4
399208,399208,1596832,3073,33,132,248.0,0.0,248.0,312,312,144.87878787878788,7,0,1000000,3000,4
399304,399304,1597216,3074,96,384,595.0,0.0,595.0,672,672,412.21875,14,0,1000000,3000,4
399342,399342,1597368,3075,38,152,247.0,0.0,247.0,312,312,149.60526315789474,7,0,1000000,3000,4
399377,399377,1597508,3076,35,140,249.0,0.0,249.0,313,313,148.57142857142858,7,0,1000000,3000,4
399412,399412,1597648,3077,35,140,250.0,0.0,250.0,314,314,146.4,7,0,1000000,3000,4
399570,399570,1598280,3078,158,632,1038.0,0.0,1038.0,1125,1125,595.246835443038,23,0,1000000,3000,4
399662,399662,1598648,3079,92,368,622.0,0.0,622.0,698,698,350.0108695652174,14,0,1000000,3000,4
399734,399734,1598936,3080,72,288,635.0,0.0,635.0,707,707,385.4166666666667,15,0,1000000,3000,4
399772,399772,1599088,3081,38,152,239.0,0.0,239.0,304,304,155.21052631578948,7,0,1000000,3000,4
399922,399922,1599688,3082,150,600,1044.0,0.0,1044.0,1129,1129,581.44,23,0,1000000,3000,4
400073,400073,1600292,3083,151,604,813.0,0.0,813.0,898,898,584.0927152317881,18,0,1000000,3000,4
400176,400176,1600704,3084,103,412,607.0,0.0,607.0,684,684,385.24271844660194,14,0,1000000,3000,4
400283,400283,1601132,3085,107,428,625.0,0.0,625.0,704,704,375.97196261682245,15,0,1000000,3000,4
400478,400478,1601912,3086,195,780,701.0,0.0,701.0,796,796,566.8,16,0,1000000,3000,4
400707,400707,1602828,3087,229,916,1027.0,0.0,1027.0,1128,1128,638.9825327510918,23,0,1000000,3000,4
400805,400805,1603220,3088,98,392,630.0,0.0,630.0,706,706,370.2040816326531,15,0,1000000,3000,4
401009,401009,1604036,3089,204,816,1032.0,0.0,1032.0,1128,1128,565.1715686274509,23,0,1000000,3000,4
401039,401039,1604156,3090,30,120,248.0,0.0,248.0,312,312,154.96666666666667,7,0,1000000,3000,4
401124,401124,1604496,3091,85,340,632.0,0.0,632.0,706,706,386.5764705882353,15,0,1000000,3000,4
401423,401423,1605692,3092,299,1196,1010.0,0.0,1010.0,1125,1125,733.7257525083612,23,0,1000000,3000,4
401458,401458,1605832,3093,35,140,235.0,0.0,235.0,299,299,163.68571428571428,6,0,1000000,3000,4
401570,401570,1606280,3094,112,448,626.0,0.0,626.0,705,705,366.13392857142856,15,0,1000000,3000,4
401717,401717,1606868,3095,147,588,750.0,0.0,750.0,835,835,489.16326530612247,17,0,1000000,3000,4
401946,401946,1607784,3096,229,916,1334.0,0.0,1334.0,1437,1437,701.4803493449782,29,0,1000000,3000,4
401977,401977,1607908,3097,31,124,250.0,0.0,250.0,314,314,152.06451612903226,7,0,1000000,3000,4
402058,402058,1608232,3098,81,324,637.0,0.0,637.0,710,710,367.55555555555554,15,0,1000000,3000,4
402205,402205,1608820,3099,147,588,733.0,0.0,733.0,819,819,480.7959183673469,17,0,1000000,3000,4
402276,402276,1609104,3100,71,284,653.0,0.0,653.0,722,722,390.09859154929575,15,0,1000000,3000,4
402445,402445,1609780,3101,169,676,1037.0,0.0,1037.0,1125,1125,555.0118343195267,23,0,1000000,3000,4
402525,402525,1610100,3102,80,320,636.0,0.0,636.0,709,709,375.5625,15,0,1000000,3000,4
402568,402568,1610272,3103,43,172,231.0,0.0,231.0,296,296,157.65116279069767,6,0,1000000,3000,4
402655,402655,1610620,3104,87,348,602.0,0.0,602.0,677,677,342.57471264367814,14,0,1000000,3000,4
402889,402889,1611556,3105,234,936,1412.0,0.0,1412.0,1515,1515,726.525641025641,31,0,1000000,3000,4
402980,402980,1611920,3106,91,364,618.0,0.0,618.0,694,694,391.13186813186815,14,0,1000000,3000,4
403042,403042,1612168,3107,62,248,611.0,0.0,611.0,681,681,329.56451612903226,14,0,1000000,3000,4
403127,403127,1612508,3108,85,340,629.0,0.0,629.0,703,703,393.0470588235294,15,0,1000000,3000,4
403295,403295,1613180,3109,168,672,1343.0,0.0,1343.0,1434,1434,754.1428571428571,29,0,1000000,3000,4
403445,403445,1613780,3110,150,600,1068.0,0.0,1068.0,1155,1155,558.86,24,0,1000000,3000,4
403523,403523,1614092,3111,78,312,610.0,0.0,610.0,682,682,351.0,14,0,1000000,3000,4
403553,403553,1614212,3112,30,120,251.0,0.0,251.0,315,315,152.7,7,0,1000000,3000,4
403586,403586,1614344,3113,33,132,252.0,0.0,252.0,316,316,154.0,7,0,1000000,3000,4
403784,403784,1615136,3114,198,792,1320.0,0.0,1320.0,1415,1415,661.3131313131313,29,0,1000000,3000,4
403867,403867,1615468,3115,83,332,628.0,0.0,628.0,702,702,380.6144578313253,15,0,1000000,3000,4
403905,403905,1615620,3116,38,152,222.0,0.0,222.0,286,286,173.1315789473684,6,0,1000000,3000,4
404170,404170,1616680,3117,265,1060,1133.0,0.0,1133.0,1243,1243,671.0905660377358,25,0,1000000,3000,4
404263,404263,1617052,3118,93,372,616.0,0.0,616.0,692,692,333.505376344086,14,0,1000000,3000,4
404358,404358,1617432,3119,95,380,622.0,0.0,622.0,698,698,375.8,14,0,1000000,3000,4
404523,404523,1618092,3120,165,660,1038.0,0.0,1038.0,1127,1127,577.8,23,0,1000000,3000,4
404600,404600,1618400,3121,77,308,618.0,0.0,618.0,689,689,359.1038961038961,14,0,1000000,3000,4
404751,404751,1619004,3122,151,604,744.0,0.0,744.0,832,832,533.4304635761589,17,0,1000000,3000,4
404821,404821,1619284,3123,70,280,612.0,0.0,612.0,682,682,333.34285714285716,14,0,1000000,3000,4
404989,404989,1619956,3124,168,672,810.0,0.0,810.0,898,898,586.077380952381,18,0,1000000,3000,4
405059,405059,1620236,3125,70,280,633.0,0.0,633.0,705,705,375.84285714285716,15,0,1000000,3000,4
405219,405219,1620876,3126,160,640,777.0,0.0,777.0,866,866,547.24375,18,0,1000000,3000,4
405254,405254,1621016,3127,35,140,237.0,0.0,237.0,299,299,169.94285714285715,6,0,1000000,3000,4
405328,405328,1621312,3128,74,296,641.0,0.0,641.0,713,713,384.2972972972973,15,0,1000000,3000,4
405362,405362,1621448,3129,34,136,239.0,0.0,239.0,303,303,165.5,7,0,1000000,3000,4
405524,405524,1622096,3130,162,648,1147.0,0.0,1147.0,1236,1236,665.3456790123457,25,0,1000000,3000,4
405612,405612,1622448,3131,88,352,615.0,0.0,615.0,689,689,340.78409090909093,14,0,1000000,3000,4
405849,405849,1623396,3132,237,948,1315.0,0.0,1315.0,1418,1418,719.3417721518987,29,0,1000000,3000,4
405928,405928,1623712,3133,79,316,620.0,0.0,620.0,693,693,358.126582278481,14,0,1000000,3000,4
406009,406009,1624036,3134,81,324,614.0,0.0,614.0,688,688,367.9753086419753,14,0,1000000,3000,4
406045,406045,1624180,3135,36,144,235.0,0.0,235.0,299,299,163.25,6,0,1000000,3000,4
406124,406124,1624496,3136,79,316,640.0,0.0,640.0,713,713,375.59493670886076,15,0,1000000,3000,4
406335,406335,1625340,3137,211,844,1028.0,0.0,1028.0,1126,1126,635.1327014218009,23,0,1000000,3000,4
406488,406488,1625952,3138,153,612,1043.0,0.0,1043.0,1129,1129,570.4183006535948,23,0,1000000,3000,4
406678,406678,1626712,3139,190,760,1322.0,0.0,1322.0,1415,1415,667.4842105263158,29,0,1000000,3000,4
406762,406762,1627048,3140,84,336,636.0,0.0,636.0,710,710,395.2261904761905,15,0,1000000,3000,4
406842,406842,1627368,3141,80,320,651.0,0.0,651.0,722,723,383.0375,15,0,1000000,3000,4
406882,406882,1627528,3142,40,160,232.0,0.0,232.0,297,297,165.625,6,0,1000000,3000,4
406919,406919,1627676,3143,37,148,232.0,0.0,232.0,296,296,168.59459459459458,6,0,1000000,3000,4
406948,406948,1627792,3144,29,116,252.0,0.0,252.0,314,314,156.17241379310346,7,0,1000000,3000,4
407023,407023,1628092,3145,75,300,624.0,0.0,624.0,697,697,370.0933333333333,14,0,1000000,3000,4
407200,407200,1628800,3146,177,708,1340.0,0.0,1340.0,1433,1433,748.0282485875706,29,0,1000000,3000,4
407436,407436,1629744,3147,236,944,1136.0,0.0,1136.0,1241,1241,712.6398305084746,25,0,1000000,3000,4
407517,407517,1630068,3148,81,324,651.0,0.0,651.0,722,722,375.81481481481484,15,0,1000000,3000,4
407549,407549,1630196,3149,32,128,246.0,0.0,246.0,310,310,149.59375,7,0,1000000,3000,4
407837,407837,1631348,3150,288,1152,1012.0,0.0,1012.0,1125,1125,691.0694444444445,23,0,1000000,3000,4
408179,408179,1632716,3151,342,1368,1026.0,0.0,1026.0,1152,1152,737.3976608187135,24,0,1000000,3000,4
408209,408209,1632836,3152,30,120,247.0,0.0,247.0,311,311,152.96666666666667,7,0,1000000,3000,4
408379,408379,1633516,3153,170,680,809.0,0.0,809.0,898,898,558.2352941176471,18,0,1000000,3000,4
408458,408458,1633832,3154,79,316,622.0,0.0,622.0,694,694,373.34177215189874,14,0,1000000,3000,4
408553,408553,1634212,3155,95,380,627.0,0.0,627.0,703,703,383.87368421052633,15,0,1000000,3000,4
408775,408775,1635100,3156,222,888,1316.0,0.0,1316.0,1416,1416,727.5945945945946,29,0,1000000,3000,4
408941,408941,1635764,3157,166,664,1339.0,0.0,1339.0,1430,1430,712.1506024096385,29,0,1000000,3000,4
408971,408971,1635884,3158,30,120,250.0,0.0,250.0,314,314,153.26666666666668,7,0,1000000,3000,4
409054,409054,1636216,3159,83,332,615.0,0.0,615.0,689,689,334.5542168674699,14,0,1000000,3000,4
409126,409126,1636504,3160,72,288,613.0,0.0,613.0,685,685,348.9583333333333,14,0,1000000,3000,4
409154,409154,1636616,3161,28,112,249.0,0.0,249.0,312,312,157.03571428571428,7,0,1000000,3000,4
409369,409369,1637476,3162,215,860,1029.0,0.0,1029.0,1127,1127,634.4186046511628,23,0,1000000,3000,4
409400,409400,1637600,3163,31,124,248.0,0.0,248.0,312,312,154.8709677419355,7,0,1000000,3000,4
409435,409435,1637740,3164,35,140,236.0,0.0,236.0,299,299,167.42857142857142,6,0,1000000,3000,4
409629,409629,1638516,3165,194,776,1034.0,0.0,1034.0,1128,1128,678.4175257731958,23,0,1000000,3000,4
409786,409786,1639144,3166,157,628,1064.0,0.0,1064.0,1153,1153,617.687898089172,24,0,1000000,3000,4
409819,409819,1639276,3167,33,132,243.0,0.0,243.0,306,306,164.1818181818182,7,0,1000000,3000,4
409983,409983,1639932,3168,164,656,732.0,0.0,732.0,821,821,514.2378048780488,17,0,1000000,3000,4
410013,410013,1640052,3169,30,120,248.0,0.0,248.0,311,311,154.56666666666666,7,0,1000000,3000,4
410148,410148,1640592,3170,135,540,746.0,0.0,746.0,830,830,511.72592592592594,17,0,1000000,3000,4
410243,410243,1640972,3171,95,380,592.0,0.0,592.0,668,668,414.5473684210526,14,0,1000000,3000,4
410277,410277,1641108,3172,34,136,238.0,0.0,238.0,301,301,165.08823529411765,7,0,1000000,3000,4
410314,410314,1641256,3173,37,148,232.0,0.0,232.0,296,296,164.97297297297297,6,0,1000000,3000,4
410347,410347,1641388,3174,33,132,247.0,0.0,247.0,310,310,151.12121212121212,7,0,1000000,3000,4
410527,410527,1642108,3175,180,720,1432.0,0.0,1432.0,1526,1526,742.8388888888888,31,0,1000000,3000,4
410676,410676,1642704,3176,149,596,1053.0,0.0,1053.0,1138,1138,616.7852348993289,23,0,1000000,3000,4
410857,410857,1643428,3177,181,724,631.0,0.0,631.0,722,723,465.76795580110496,15,0,1000000,3000,4
410972,410972,1643888,3178,115,460,716.0,0.0,716.0,795,795,487.24347826086955,16,0,1000000,3000,4
411232,411232,1644928,3179,260,1040,1424.0,0.0,1424.0,1532,1532,757.1576923076923,31,0,1000000,3000,4
411485,411485,1645940,3180,253,1012,1308.0,0.0,1308.0,1414,1414,773.8221343873518,29,0,1000000,3000,4
411561,411561,1646244,3181,76,304,632.0,0.0,632.0,704,704,367.9736842105263,15,0,1000000,3000,4
411597,411597,1646388,3182,36,144,238.0,0.0,238.0,303,303,165.97222222222223,7,0,1000000,3000,4
411632,411632,1646528,3183,35,140,239.0,0.0,239.0,303,303,159.57142857142858,7,0,1000000,3000,4
411664,411664,1646656,3184,32,128,243.0,0.0,243.0,307,307,157.53125,7,0,1000000,3000,4
411705,411705,1646820,3185,41,164,228.0,0.0,228.0,294,294,168.21951219512195,6,0,1000000,3000,4
411737,411737,1646948,3186,32,128,247.0,0.0,247.0,311,311,154.375,7,0,1000000,3000,4
411770,411770,1647080,3187,33,132,245.0,0.0,245.0,309,309,160.8181818181818,7,0,1000000,3000,4
411882,411882,1647528,3188,112,448,598.0,0.0,598.0,678,678,403.0357142857143,14,0,1000000,3000,4
412069,412069,1648276,3189,187,748,1698.0,0.0,1698.0,1791,1791,884.7700534759358,36,0,1000000,3000,4
412355,412355,1649420,3190,286,1144,1014.0,0.0,1014.0,1126,1126,717.1328671328671,23,0,1000000,3000,4
412396,412396,1649584,3191,41,164,234.0,0.0,234.0,299,299,161.1219512195122,6,0,1000000,3000,4
412547,412547,1650188,3192,151,604,714.0,0.0,714.0,801,801,472.2450331125828,17,0,1000000,3000,4
412766,412766,1651064,3193,219,876,1028.0,0.0,1028.0,1127,1127,621.8538812785388,23,0,1000000,3000,4
412834,412834,1651336,3194,68,272,608.0,0.0,608.0,679,679,330.47058823529414,14,0,1000000,3000,4
413133,413133,1652532,3195,299,1196,1910.0,0.0,1910.0,2026,2026,930.8829431438127,41,0,1000000,3000,4
413308,413308,1653232,3196,175,700,1326.0,0.0,1326.0,1416,1416,688.0457142857143,29,0,1000000,3000,4
413344,413344,1653376,3197,36,144,240.0,0.0,240.0,304,304,156.13888888888889,7,0,1000000,3000,4
413430,413430,1653720,3198,86,344,620.0,0.0,620.0,694,694,381.30232558139534,14,0,1000000,3000,4
413462,413462,1653848,3199,32,128,249.0,0.0,249.0,313,313,150.3125,7,0,1000000,3000,4
413498,413498,1653992,3200,36,144,234.0,0.0,234.0,298,298,168.58333333333334,6,0,1000000,3000,4
413578,413578,1654312,3201,80,320,626.0,0.0,626.0,698,698,394.5875,14,0,1000000,3000,4
413737,413737,1654948,3202,159,636,734.0,0.0,734.0,823,823,478.75471698113205,17,0,1000000,3000,4
413770,413770,1655080,3203,33,132,245.0,0.0,245.0,309,309,161.33333333333334,7,0,1000000,3000,4
413951,413951,1655804,3204,181,724,1136.0,0.0,1136.0,1228,1228,599.7403314917127,25,0,1000000,3000,4
414060,414060,1656240,3205,109,436,598.0,0.0,598.0,677,677,403.8256880733945,14,0,1000000,3000,4
414147,414147,1656588,3206,87,348,638.0,0.0,638.0,713,713,383.08045977011494,15,0,1000000,3000,4
414183,414183,1656732,3207,36,144,245.0,0.0,245.0,310,310,152.97222222222223,7,0,1000000,3000,4
414343,414343,1657372,3208,160,640,811.0,0.0,811.0,898,900,538.075,19,0,1000000,3000,4
414378,414378,1657512,3209,35,140,245.0,0.0,245.0,310,310,152.45714285714286,7,0,1000000,3000,4
414454,414454,1657816,3210,76,304,624.0,0.0,624.0,697,697,361.35526315789474,14,0,1000000,3000,4
414554,414554,1658216,3211,100,400,603.0,0.0,603.0,680,680,400.57,14,0,1000000,3000,4
414585,414585,1658340,3212,31,124,251.0,0.0,251.0,315,315,149.80645161290323,7,0,1000000,3000,4
414754,414754,1659016,3213,169,676,1344.0,0.0,1344.0,1435,1435,700.810650887574,29,0,1000000,3000,4
414786,414786,1659144,3214,32,128,247.0,0.0,247.0,311,311,154.78125,7,0,1000000,3000,4
414983,414983,1659932,3215,197,788,1337.0,0.0,1337.0,1434,1434,707.7106598984772,29,0,1000000,3000,4
415013,415013,1660052,3216,30,120,250.0,0.0,250.0,314,314,153.26666666666668,7,0,1000000,3000,4
415042,415042,1660168,3217,29,116,247.0,0.0,247.0,310,310,156.68965517241378,7,0,1000000,3000,4
415117,415117,1660468,3218,75,300,614.0,0.0,614.0,687,687,357.06666666666666,14,0,1000000,3000,4
415147,415147,1660588,3219,30,120,249.0,0.0,249.0,312,312,155.36666666666667,7,0,1000000,3000,4
415178,415178,1660712,3220,31,124,249.0,0.0,249.0,313,313,154.6451612903226,7,0,1000000,3000,4
415207,415207,1660828,3221,29,116,249.0,0.0,249.0,312,312,153.9655172413793,7,0,1000000,3000,4
415243,415243,1660972,3222,36,144,245.0,0.0,245.0,310,310,153.19444444444446,7,0,1000000,3000,4
415386,415386,1661544,3223,143,572,1436.0,0.0,1436.0,1522,1522,737.1188811188811,31,0,1000000,3000,4
415416,415416,1661664,3224,30,120,248.0,0.0,248.0,312,312,153.0,7,0,1000000,3000,4
415450,415450,1661800,3225,34,136,252.0,0.0,252.0,316,316,149.6764705882353,7,0,1000000,3000,4
415587,415587,1662348,3226,137,548,640.0,0.0,640.0,722,722,508.54744525547443,15,0,1000000,3000,4
415725,415725,1662900,3227,138,552,1046.0,0.0,1046.0,1129,1129,622.2971014492754,23,0,1000000,3000,4
415800,415800,1663200,3228,75,300,630.0,0.0,630.0,702,702,360.05333333333334,15,0,1000000,3000,4
416008,416008,1664032,3229,208,832,1031.0,0.0,1031.0,1128,1128,636.0865384615385,23,0,1000000,3000,4
416185,416185,1664740,3230,177,708,1341.0,0.0,1341.0,1434,1434,712.0338983050848,29,0,1000000,3000,4
416216,416216,1664864,3231,31,124,251.0,0.0,251.0,315,315,150.29032258064515,7,0,1000000,3000,4
416292,416292,1665168,3232,76,304,609.0,0.0,609.0,682,682,343.63157894736844,14,0,1000000,3000,4
416323,416323,1665292,3233,31,124,249.0,0.0,249.0,313,313,149.3548387096774,7,0,1000000,3000,4
416352,416352,1665408,3234,29,116,247.0,0.0,247.0,310,310,156.3448275862069,7,0,1000000,3000,4
416564,416564,1666256,3235,212,848,1030.0,0.0,1030.0,1128,1128,611.183962264151,23,0,1000000,3000,4
416675,416675,1666700,3236,111,444,615.0,0.0,615.0,694,694,405.23423423423424,14,0,1000000,3000,4
416705,416705,1666820,3237,30,120,250.0,0.0,250.0,314,314,153.6,7,0,1000000,3000,4
416793,416793,1667172,3238,88,352,629.0,0.0,629.0,703,703,397.79545454545456,15,0,1000000,3000,4
416822,416822,1667288,3239,29,116,247.0,0.0,247.0,310,310,156.48275862068965,7,0,1000000,3000,4
416905,416905,1667620,3240,83,332,623.0,0.0,623.0,697,697,372.8433734939759,14,0,1000000,3000,4
416990,416990,1667960,3241,85,340,634.0,0.0,634.0,708,708,388.2705882352941,15,0,1000000,3000,4
417212,417212,1668848,3242,222,888,1414.0,0.0,1414.0,1516,1516,720.2117117117117,31,0,1000000,3000,4
417383,417383,1669532,3243,171,684,730.0,0.0,730.0,821,821,519.5906432748538,17,0,1000000,3000,4
417553,417553,1670212,3244,170,680,769.0,0.0,769.0,860,860,544.864705882353,18,0,1000000,3000,4
417695,417695,1670780,3245,142,568,771.0,0.0,771.0,856,856,501.03521126760563,18,0,1000000,3000,4
417787,417787,1671148,3246,92,368,635.0,0.0,635.0,710,710,373.6304347826087,15,0,1000000,3000,4
417928,417928,1671712,3247,141,564,815.0,0.0,815.0,898,898,602.3191489361702,18,0,1000000,3000,4
417969,417969,1671876,3248,41,164,237.0,0.0,237.0,303,303,156.4878048780488,7,0,1000000,3000,4
418113,418113,1672452,3249,144,576,1041.0,0.0,1041.0,1125,1125,594.4375,23,0,1000000,3000,4
418143,418143,1672572,3250,30,120,247.0,0.0,247.0,311,311,150.23333333333332,7,0,1000000,3000,4
418177,418177,1672708,3251,34,136,232.0,0.0,232.0,296,296,166.2941176470588,6,0,1000000,3000,4
418308,418308,1673232,3252,131,524,1045.0,0.0,1045.0,1127,1127,625.9847328244275,23,0,1000000,3000,4
418345,418345,1673380,3253,37,148,233.0,0.0,233.0,297,297,166.13513513513513,6,0,1000000,3000,4
418500,418500,1674000,3254,155,620,1042.0,0.0,1042.0,1128,1128,645.4193548387096,23,0,1000000,3000,4
418591,418591,1674364,3255,91,364,615.0,0.0,615.0,690,690,353.7032967032967,14,0,1000000,3000,4
418766,418766,1675064,3256,175,700,745.0,0.0,745.0,837,837,561.2457142857143,17,0,1000000,3000,4
418871,418871,1675484,3257,105,420,600.0,0.0,600.0,678,678,410.7238095238095,14,0,1000000,3000,4
418954,418954,1675816,3258,83,332,617.0,0.0,617.0,690,690,406.95180722891564,14,0,1000000,3000,4
419105,419105,1676420,3259,151,604,1062.0,0.0,1062.0,1150,1150,579.4701986754967,24,0,1000000,3000,4
419135,419135,1676540,3260,30,120,248.0,0.0,248.0,312,312,151.66666666666666,7,0,1000000,3000,4
419208,419208,1676832,3261,73,292,612.0,0.0,612.0,683,683,348.9178082191781,14,0,1000000,3000,4
419283,419283,1677132,3262,75,300,653.0,0.0,653.0,722,722,380.41333333333336,15,0,1000000,3000,4
419429,419429,1677716,3263,146,584,1347.0,0.0,1347.0,1434,1434,726.2739726027397,29,0,1000000,3000,4
419692,419692,1678768,3264,263,1052,1042.0,0.0,1042.0,1152,1152,710.5361216730038,24,0,1000000,3000,4
419999,419999,1679996,3265,307,1228,1403.0,0.0,1403.0,1522,1522,784.0228013029316,31,0,1000000,3000,4
420032,420032,1680128,3266,33,132,250.0,0.0,250.0,314,314,154.21212121212122,7,0,1000000,3000,4
420130,420130,1680520,3267,98,392,625.0,0.0,625.0,701,701,375.1734693877551,15,0,1000000,3000,4
420167,420167,1680668,3268,37,148,249.0,0.0,249.0,314,314,143.43243243243242,7,0,1000000,3000,4
420320,420320,1681280,3269,153,612,1040.0,0.0,1040.0,1126,1126,624.6209150326797,23,0,1000000,3000,4
420425,420425,1681700,3270,105,420,731.0,0.0,731.0,810,810,395.65714285714284,17,0,1000000,3000,4
420613,420613,1682452,3271,188,752,1338.0,0.0,1338.0,1433,1433,717.0159574468086,29,0,1000000,3000,4
420876,420876,1683504,3272,263,1052,1416.0,0.0,1416.0,1526,1526,777.5969581749049,31,0,1000000,3000,4
420907,420907,1683628,3273,31,124,246.0,0.0,246.0,310,310,151.3548387096774,7,0,1000000,3000,4
421152,421152,1684608,3274,245,980,1023.0,0.0,1023.0,1126,1126,652.869387755102,23,0,1000000,3000,4
421228,421228,1684912,3275,76,304,602.0,0.0,602.0,675,675,334.11842105263156,14,0,1000000,3000,4
421348,421348,1685392,3276,120,480,1155.0,0.0,1155.0,1235,1235,613.3416666666667,25,0,1000000,3000,4
421425,421425,1685700,3277,77,308,619.0,0.0,619.0,692,692,359.1038961038961,14,0,1000000,3000,4
421533,421533,1686132,3278,108,432,749.0,0.0,749.0,826,826,489.68518518518516,17,0,1000000,3000,4
421695,421695,1686780,3279,162,648,1038.0,0.0,1038.0,1126,1126,633.4753086419753,23,0,1000000,3000,4
421869,421869,1687476,3280,174,696,1036.0,0.0,1036.0,1126,1126,632.4137931034483,23,0,1000000,3000,4
421906,421906,1687624,3281,37,148,247.0,0.0,247.0,312,312,140.3783783783784,7,0,1000000,3000,4
422028,422028,1688112,3282,122,488,1055.0,0.0,1055.0,1136,1136,580.8852459016393,23,0,1000000,3000,4
422060,422060,1688240,3283,32,128,244.0,0.0,244.0,307,307,160.0,7,0,1000000,3000,4
422214,422214,1688856,3284,154,616,1041.0,0.0,1041.0,1127,1127,631.2402597402597,23,0,1000000,3000,4
422419,422419,1689676,3285,205,820,1033.0,0.0,1033.0,1129,1129,618.1609756097561,23,0,1000000,3000,4
422603,422603,1690412,3286,184,736,1038.0,0.0,1038.0,1131,1131,620.7880434782609,23,0,1000000,3000,4
422688,422688,1690752,3287,85,340,614.0,0.0,614.0,688,688,365.01176470588234,14,0,1000000,3000,4
422779,422779,1691116,3288,91,364,611.0,0.0,611.0,687,687,360.94505494505495,14,0,1000000,3000,4
422811,422811,1691244,3289,32,128,247.0,0.0,247.0,311,311,147.5,7,0,1000000,3000,4
423023,423023,1692092,3290,212,848,1028.0,0.0,1028.0,1125,1125,634.9433962264151,23,0,1000000,3000,4
423216,423216,1692864,3291,193,772,1427.0,0.0,1427.0,1523,1523,704.119170984456,31,0,1000000,3000,4
423248,423248,1692992,3292,32,128,250.0,0.0,250.0,314,314,147.46875,7,0,1000000,3000,4
423313,423313,1693252,3293,65,260,615.0,0.0,615.0,685,685,342.2,14,0,1000000,3000,4
423343,423343,1693372,3294,30,120,249.0,0.0,249.0,313,313,153.13333333333333,7,0,1000000,3000,4
423468,423468,1693872,3295,125,500,1047.0,0.0,1047.0,1127,1127,600.984,23,0,1000000,3000,4
423690,423690,1694760,3296,222,888,1326.0,0.0,1326.0,1428,1428,706.7342342342342,29,0,1000000,3000,4
423846,423846,1695384,3297,156,624,812.0,0.0,812.0,898,898,615.9487179487179,18,0,1000000,3000,4
423887,423887,1695548,3298,41,164,231.0,0.0,231.0,296,296,159.4390243902439,6,0,1000000,3000,4
424087,424087,1696348,3299,200,800,1421.0,0.0,1421.0,1519,1519,802.03,31,0,1000000,3000,4
424122,424122,1696488,3300,35,140,241.0,0.0,241.0,304,304,150.9142857142857,7,0,1000000,3000,4
424154,424154,1696616,3301,32,128,243.0,0.0,243.0,306,306,154.875,7,0,1000000,3000,4
424322,424322,1697288,3302,168,672,1038.0,0.0,1038.0,1126,1126,583.2916666666666,23,0,1000000,3000,4
424367,424367,1697468,3303,45,180,220.0,0.0,220.0,286,286,165.62222222222223,6,0,1000000,3000,4
424404,424404,1697616,3304,37,148,244.0,0.0,244.0,308,308,149.48648648648648,7,0,1000000,3000,4
424640,424640,1698560,3305,236,944,1021.0,0.0,1021.0,1123,1123,601.5805084745763,23,0,1000000,3000,4
424708,424708,1698832,3306,68,272,607.0,0.0,607.0,677,677,318.7647058823529,14,0,1000000,3000,4
424746,424746,1698984,3307,38,152,247.0,0.0,247.0,311,311,149.26315789473685,7,0,1000000,3000,4
424840,424840,1699360,3308,94,376,623.0,0.0,623.0,699,699,379.6276595744681,14,0,1000000,3000,4
424879,424879,1699516,3309,39,156,235.0,0.0,235.0,299,299,159.84615384615384,6,0,1000000,3000,4
424996,424996,1699984,3310,117,468,609.0,0.0,609.0,690,690,363.7435897435897,14,0,1000000,3000,4
425104,425104,1700416,3311,108,432,619.0,0.0,619.0,698,698,367.35185185185185,14,0,1000000,3000,4
425290,425290,1701160,3312,186,744,806.0,0.0,806.0,898,898,556.3709677419355,18,0,1000000,3000,4
425343,425343,1701372,3313,53,212,210.0,0.0,210.0,277,277,160.0566037735849,6,0,1000000,3000,4
425384,425384,1701536,3314,41,164,239.0,0.0,239.0,304,304,153.1951219512195,7,0,1000000,3000,4
425510,425510,1702040,3315,126,504,601.0,0.0,601.0,684,684,358.0079365079365,14,0,1000000,3000,4
425715,425715,1702860,3316,205,820,803.0,0.0,803.0,898,898,548.1121951219512,18,0,1000000,3000,4
426022,426022,1704088,3317,307,1228,1555.0,0.0,1555.0,1674,1674,735.9869706840391,34,0,1000000,3000,4
426187,426187,1704748,3318,165,660,1040.0,0.0,1040.0,1128,1128,666.7333333333333,23,0,1000000,3000,4
426388,426388,1705552,3319,201,804,1031.0,0.0,1031.0,1126,1126,693.1741293532339,23,0,1000000,3000,4
426611,426611,1706444,3320,223,892,1308.0,0.0,1308.0,1408,1408,695.4304932735427,29,0,1000000,3000,4
426774,426774,1707096,3321,163,652,635.0,0.0,635.0,722,723,480.23926380368096,15,0,1000000,3000,4
426901,426901,1707604,3322,127,508,739.0,0.0,739.0,822,822,480.4803149606299,17,0,1000000,3000,4
426935,426935,1707740,3323,34,136,249.0,0.0,249.0,313,313,147.0,7,0,1000000,3000,4
427037,427037,1708148,3324,102,408,601.0,0.0,601.0,679,679,403.05882352941177,14,0,1000000,3000,4
427068,427068,1708272,3325,31,124,245.0,0.0,245.0,308,308,156.32258064516128,7,0,1000000,3000,4
427103,427103,1708412,3326,35,140,234.0,0.0,234.0,298,298,164.4857142857143,6,0,1000000,3000,4
427202,427202,1708808,3327,99,396,612.0,0.0,612.0,689,689,377.85858585858585,14,0,1000000,3000,4
427241,427241,1708964,3328,39,156,236.0,0.0,236.0,299,299,159.05128205128204,6,0,1000000,3000,4
427279,427279,1709116,3329,38,152,241.0,0.0,241.0,305,305,161.1578947368421,7,0,1000000,3000,4
427624,427624,1710496,3330,345,1380,1897.0,0.0,1897.0,2023,2023,883.6434782608695,41,0,1000000,3000,4
427667,427667,1710668,3331,43,172,226.0,0.0,226.0,291,291,162.0,6,0,1000000,3000,4
427706,427706,1710824,3332,39,156,235.0,0.0,235.0,299,299,155.28205128205127,6,0,1000000,3000,4
428007,428007,1712028,3333,301,1204,1837.0,0.0,1837.0,1954,1954,928.7275747508305,40,0,1000000,3000,4
428042,428042,1712168,3334,35,140,238.0,0.0,238.0,302,302,164.45714285714286,7,0,1000000,3000,4
428232,428232,1712928,3335,190,760,1323.0,0.0,1323.0,1416,1416,741.2,29,0,1000000,3000,4
428306,428306,1713224,3336,74,296,621.0,0.0,621.0,693,693,363.02702702702703,14,0,1000000,3000,4
428335,428335,1713340,3337,29,116,246.0,0.0,246.0,309,309,161.44827586206895,7,0,1000000,3000,4
428410,428410,1713640,3338,75,300,640.0,0.0,640.0,710,710,385.53333333333336,15,0,1000000,3000,4
428523,428523,1714092,3339,113,452,605.0,0.0,605.0,685,685,407.5575221238938,14,0,1000000,3000,4
428656,428656,1714624,3340,133,532,1054.0,0.0,1054.0,1137,1137,540.9248120300751,23,0,1000000,3000,4
428731,428731,1714924,3341,75,300,608.0,0.0,608.0,680,680,314.3466666666667,14,0,1000000,3000,4
428819,428819,1715276,3342,88,352,625.0,0.0,625.0,700,700,392.0681818181818,15,0,1000000,3000,4
429022,429022,1716088,3343,203,812,1418.0,0.0,1418.0,1515,1515,782.0935960591133,31,0,1000000,3000,4
429097,429097,1716388,3344,75,300,604.0,0.0,604.0,676,676,323.04,14,0,1000000,3000,4
429257,429257,1717028,3345,160,640,1040.0,0.0,1040.0,1128,1128,562.56875,23,0,1000000,3000,4
429290,429290,1717160,3346,33,132,249.0,0.0,249.0,312,312,159.3939393939394,7,0,1000000,3000,4
429498,429498,1717992,3347,208,832,1333.0,0.0,1333.0,1432,1432,723.5480769230769,29,0,1000000,3000,4
429597,429597,1718388,3348,99,396,608.0,0.0,608.0,685,685,365.65656565656565,14,0,1000000,3000,4
429740,429740,1718960,3349,143,572,1043.0,0.0,1043.0,1127,1127,576.5314685314685,23,0,1000000,3000,4
429933,429933,1719732,3350,193,772,1429.0,0.0,1429.0,1525,1525,744.3316062176166,31,0,1000000,3000,4
430016,430016,1720064,3351,83,332,651.0,0.0,651.0,722,722,368.9879518072289,15,0,1000000,3000,4
430106,430106,1720424,3352,90,360,608.0,0.0,608.0,683,683,400.5444444444444,14,0,1000000,3000,4
430186,430186,1720744,3353,80,320,608.0,0.0,608.0,681,681,331.0375,14,0,1000000,3000,4
430274,430274,1721096,3354,88,352,610.0,0.0,610.0,683,683,397.78409090909093,14,0,1000000,3000,4
430303,430303,1721212,3355,29,116,251.0,0.0,251.0,314,314,155.93103448275863,7,0,1000000,3000,4
430371,430371,1721484,3356,68,272,610.0,0.0,610.0,681,681,343.29411764705884,14,0,1000000,3000,4
430483,430483,1721932,3357,112,448,741.0,0.0,741.0,820,820,515.4196428571429,17,0,1000000,3000,4
430731,430731,1722924,3358,248,992,1567.0,0.0,1567.0,1674,1674,822.633064516129,34,0,1000000,3000,4
430760,430760,1723040,3359,29,116,249.0,0.0,249.0,312,312,161.75862068965517,7,0,1000000,3000,4
430836,430836,1723344,3360,76,304,610.0,0.0,610.0,682,682,334.8421052631579,14,0,1000000,3000,4
431174,431174,1724696,3361,338,1352,2345.0,0.0,2345.0,2468,2468,1317.48224852071,50,0,1000000,3000,4
431244,431244,1724976,3362,70,280,607.0,0.0,607.0,679,679,333.45714285714286,14,0,1000000,3000,4
431318,431318,1725272,3363,74,296,653.0,0.0,653.0,722,722,379.2567567567568,15,0,1000000,3000,4
431445,431445,1725780,3364,127,508,1159.0,0.0,1159.0,1242,1242,581.0551181102362,25,0,1000000,3000,4
431711,431711,1726844,3365,266,1064,1126.0,0.0,1126.0,1236,1236,695.2218045112782,25,0,1000000,3000,4
431910,431910,1727640,3366,199,796,736.0,0.0,736.0,833,833,571.6532663316583,17,0,1000000,3000,4
432080,432080,1728320,3367,170,680,1061.0,0.0,1061.0,1152,1152,634.7176470588236,24,0,1000000,3000,4
432321,432321,1729284,3368,241,964,1568.0,0.0,1568.0,1673,1673,776.3692946058092,34,0,1000000,3000,4
432509,432509,1730036,3369,188,752,1148.0,0.0,1148.0,1242,1242,664.8829787234042,25,0,1000000,3000,4
432610,432610,1730440,3370,101,404,632.0,0.0,632.0,708,708,374.2970297029703,15,0,1000000,3000,4
432796,432796,1731184,3371,186,744,735.0,0.0,735.0,829,829,543.8763440860215,17,0,1000000,3000,4
432903,432903,1731612,3372,107,428,731.0,0.0,731.0,810,810,396.76635514018693,17,0,1000000,3000,4
432994,432994,1731976,3373,91,364,614.0,0.0,614.0,689,689,323.5934065934066,14,0,1000000,3000,4
433122,433122,1732488,3374,128,512,818.0,0.0,818.0,898,898,587.4140625,18,0,1000000,3000,4
433164,433164,1732656,3375,42,168,237.0,0.0,237.0,301,301,148.6904761904762,7,0,1000000,3000,4
433330,433330,1733320,3376,166,664,709.0,0.0,709.0,799,799,499.2168674698795,16,0,1000000,3000,4
433522,433522,1734088,3377,192,768,1044.0,0.0,1044.0,1138,1138,636.921875,23,0,1000000,3000,4
433557,433557,1734228,3378,35,140,241.0,0.0,241.0,304,304,157.22857142857143,7,0,1000000,3000,4
433596,433596,1734384,3379,39,156,229.0,0.0,229.0,293,293,162.0,6,0,1000000,3000,4
433811,433811,1735244,3380,215,860,1423.0,0.0,1423.0,1524,1524,720.5116279069767,31,0,1000000,3000,4
433974,433974,1735896,3381,163,652,811.0,0.0,811.0,898,898,555.2147239263803,18,0,1000000,3000,4
434235,434235,1736940,3382,261,1044,1545.0,0.0,1545.0,1654,1654,818.6551724137931,34,0,1000000,3000,4
434287,434287,1737148,3383,52,208,229.0,0.0,229.0,296,296,140.76923076923077,6,0,1000000,3000,4
434458,434458,1737832,3384,171,684,633.0,0.0,633.0,722,722,437.46198830409355,15,0,1000000,3000,4
434619,434619,1738476,3385,161,644,585.0,0.0,585.0,674,674,409.6645962732919,14,0,1000000,3000,4
434671,434671,1738684,3386,52,208,203.0,0.0,203.0,269,269,173.51923076923077,6,0,1000000,3000,4
434874,434874,1739496,3387,203,812,1052.0,0.0,1052.0,1150,1150,646.5418719211823,24,0,1000000,3000,4
434910,434910,1739640,3388,36,144,240.0,0.0,240.0,304,304,158.25,7,0,1000000,3000,4
434952,434952,1739808,3389,42,168,234.0,0.0,234.0,299,299,144.0,6,0,1000000,3000,4
435072,435072,1740288,3390,120,480,585.0,0.0,585.0,665,665,418.56666666666666,14,0,1000000,3000,4
435111,435111,1740444,3391,39,156,238.0,0.0,238.0,302,302,156.33333333333334,7,0,1000000,3000,4
435223,435223,1740892,3392,112,448,600.0,0.0,600.0,679,679,368.1875,14,0,1000000,3000,4
435258,435258,1741032,3393,35,140,250.0,0.0,250.0,314,314,148.71428571428572,7,0,1000000,3000,4
435294,435294,1741176,3394,36,144,246.0,0.0,246.0,311,311,155.36111111111111,7,0,1000000,3000,4
435525,435525,1742100,3395,231,924,1409.0,0.0,1409.0,1512,1512,715.943722943723,31,0,1000000,3000,4
435560,435560,1742240,3396,35,140,242.0,0.0,242.0,305,305,159.0857142857143,7,0,1000000,3000,4
435642,435642,1742568,3397,82,328,612.0,0.0,612.0,685,685,330.280487804878,14,0,1000000,3000,4
435794,435794,1743176,3398,152,608,1049.0,0.0,1049.0,1136,1136,605.2236842105264,23,0,1000000,3000,4
435867,435867,1743468,3399,73,292,607.0,0.0,607.0,678,678,338.0821917808219,14,0,1000000,3000,4
436103,436103,1744412,3400,236,944,1569.0,0.0,1569.0,1673,1673,806.6483050847457,34,0,1000000,3000,4
436194,436194,1744776,3401,91,364,622.0,0.0,622.0,697,697,391.989010989011,14,0,1000000,3000,4
436234,436234,1744936,3402,40,160,232.0,0.0,232.0,296,296,163.15,6,0,1000000,3000,4
436428,436428,1745712,3403,194,776,1314.0,0.0,1314.0,1408,1408,697.840206185567,29,0,1000000,3000,4
436463,436463,1745852,3404,35,140,246.0,0.0,246.0,310,310,151.17142857142858,7,0,1000000,3000,4
436635,436635,1746540,3405,172,688,1342.0,0.0,1342.0,1434,1434,732.0813953488372,29,0,1000000,3000,4
436670,436670,1746680,3406,35,140,234.0,0.0,234.0,299,299,159.9142857142857,6,0,1000000,3000,4
436708,436708,1746832,3407,38,152,239.0,0.0,239.0,303,303,159.89473684210526,7,0,1000000,3000,4
436788,436788,1747152,3408,80,320,620.0,0.0,620.0,693,693,353.625,14,0,1000000,3000,4
436878,436878,1747512,3409,90,360,614.0,0.0,614.0,688,688,392.7888888888889,14,0,1000000,3000,4
436973,436973,1747892,3410,95,380,603.0,0.0,603.0,679,679,407.70526315789476,14,0,1000000,3000,4
437004,437004,1748016,3411,31,124,246.0,0.0,246.0,310,310,162.51612903225808,7,0,1000000,3000,4
437037,437037,1748148,3412,33,132,249.0,0.0,249.0,313,313,149.6060606060606,7,0,1000000,3000,4
437248,437248,1748992,3413,211,844,1404.0,0.0,1404.0,1502,1502,762.3270142180095,31,0,1000000,3000,4
437440,437440,1749760,3414,192,768,1033.0,0.0,1033.0,1126,1126,564.9114583333334,23,0,1000000,3000,4
437475,437475,1749900,3415,35,140,237.0,0.0,237.0,300,300,160.05714285714285,7,0,1000000,3000,4
437509,437509,1750036,3416,34,136,244.0,0.0,244.0,308,308,158.58823529411765,7,0,1000000,3000,4
437598,437598,1750392,3417,89,356,611.0,0.0,611.0,685,685,391.0449438202247,14,0,1000000,3000,4
437632,437632,1750528,3418,34,136,249.0,0.0,249.0,313,313,154.14705882352942,7,0,1000000,3000,4
437858,437858,1751432,3419,226,904,1138.0,0.0,1138.0,1241,1241,682.2654867256637,25,0,1000000,3000,4
438027,438027,1752108,3420,169,676,1039.0,0.0,1039.0,1128,1128,580.5384615384615,23,0,1000000,3000,4
438173,438173,1752692,3421,146,584,638.0,0.0,638.0,722,723,477.041095890411,15,0,1000000,3000,4
438261,438261,1753044,3422,88,352,637.0,0.0,637.0,712,712,354.35227272727275,15,0,1000000,3000,4
438434,438434,1753736,3423,173,692,1037.0,0.0,1037.0,1127,1127,600.6994219653179,23,0,1000000,3000,4
438576,438576,1754304,3424,142,568,1043.0,0.0,1043.0,1127,1127,604.443661971831,23,0,1000000,3000,4
438727,438727,1754908,3425,151,604,743.0,0.0,743.0,831,831,485.1655629139073,17,0,1000000,3000,4
438793,438793,1755172,3426,66,264,611.0,0.0,611.0,681,681,339.42424242424244,14,0,1000000,3000,4
439012,439012,1756048,3427,219,876,1316.0,0.0,1316.0,1416,1416,711.3196347031964,29,0,1000000,3000,4
439046,439046,1756184,3428,34,136,248.0,0.0,248.0,311,311,151.6764705882353,7,0,1000000,3000,4
439305,439305,1757220,3429,259,1036,1324.0,0.0,1324.0,1433,1433,729.988416988417,29,0,1000000,3000,4
439477,439477,1757908,3430,172,688,1036.0,0.0,1036.0,1126,1126,570.3255813953489,23,0,1000000,3000,4
439645,439645,1758580,3431,168,672,810.0,0.0,810.0,898,898,535.202380952381,18,0,1000000,3000,4
439812,439812,1759248,3432,167,668,634.0,0.0,634.0,722,722,473.0,15,0,1000000,3000,4
439912,439912,1759648,3433,100,400,594.0,0.0,594.0,670,670,400.12,14,0,1000000,3000,4
439955,439955,1759820,3434,43,172,229.0,0.0,229.0,294,294,158.74418604651163,6,0,1000000,3000,4
439990,439990,1759960,3435,35,140,233.0,0.0,233.0,297,297,168.8,6,0,1000000,3000,4
440087,440087,1760348,3436,97,388,618.0,0.0,618.0,694,694,337.55670103092785,14,0,1000000,3000,4
440124,440124,1760496,3437,37,148,244.0,0.0,244.0,308,308,155.64864864864865,7,0,1000000,3000,4
440221,440221,1760884,3438,97,388,628.0,0.0,628.0,704,704,381.2371134020619,15,0,1000000,3000,4
440374,440374,1761496,3439,153,612,739.0,0.0,739.0,827,827,487.98039215686276,17,0,1000000,3000,4
440408,440408,1761632,3440,34,136,243.0,0.0,243.0,305,305,160.73529411764707,7,0,1000000,3000,4
440454,440454,1761816,3441,46,184,213.0,0.0,213.0,278,278,175.2826086956522,6,0,1000000,3000,4
440562,440562,1762248,3442,108,432,606.0,0.0,606.0,685,685,406.0462962962963,14,0,1000000,3000,4
440681,440681,1762724,3443,119,476,594.0,0.0,594.0,674,674,397.2352941176471,14,0,1000000,3000,4
440757,440757,1763028,3444,76,304,606.0,0.0,606.0,679,679,351.36842105263156,14,0,1000000,3000,4
440839,440839,1763356,3445,82,328,624.0,0.0,624.0,697,697,359.4756097560976,14,0,1000000,3000,4
440922,440922,1763688,3446,83,332,619.0,0.0,619.0,693,693,397.8192771084337,14,0,1000000,3000,4
440954,440954,1763816,3447,32,128,236.0,0.0,236.0,300,300,161.6875,7,0,1000000,3000,4
441140,441140,1764560,3448,186,744,1044.0,0.0,1044.0,1138,1138,663.7956989247311,23,0,1000000,3000,4
441281,441281,1765124,3449,141,564,1044.0,0.0,1044.0,1128,1128,543.113475177305,23,0,1000000,3000,4
441446,441446,1765784,3450,165,660,1335.0,0.0,1335.0,1425,1425,687.8121212121212,29,0,1000000,3000,4
441590,441590,1766360,3451,144,576,1150.0,0.0,1150.0,1235,1235,603.9722222222222,25,0,1000000,3000,4
441675,441675,1766700,3452,85,340,634.0,0.0,634.0,706,706,378.5882352941176,15,0,1000000,3000,4
441890,441890,1767560,3453,215,860,1566.0,0.0,1566.0,1665,1665,829.9441860465116,34,0,1000000,3000,4
442049,442049,1768196,3454,159,636,1344.0,0.0,1344.0,1433,1433,732.433962264151,29,0,1000000,3000,4
442197,442197,1768788,3455,148,592,1041.0,0.0,1041.0,1126,1126,633.2027027027027,23,0,1000000,3000,4
442276,442276,1769104,3456,79,316,631.0,0.0,631.0,704,704,389.26582278481015,15,0,1000000,3000,4
442352,442352,1769408,3457,76,304,633.0,0.0,633.0,706,706,394.92105263157896,15,0,1000000,3000,4
442387,442387,1769548,3458,35,140,237.0,0.0,237.0,300,300,170.17142857142858,7,0,1000000,3000,4
442416,442416,1769664,3459,29,116,253.0,0.0,253.0,316,316,156.86206896551724,7,0,1000000,3000,4
442446,442446,1769784,3460,30,120,250.0,0.0,250.0,313,313,157.0,7,0,1000000,3000,4
442536,442536,1770144,3461,90,360,629.0,0.0,629.0,705,705,397.15555555555557,15,0,1000000,3000,4
442569,442569,1770276,3462,33,132,235.0,0.0,235.0,299,299,167.42424242424244,6,0,1000000,3000,4
442604,442604,1770416,3463,35,140,250.0,0.0,250.0,313,313,151.65714285714284,7,0,1000000,3000,4
442897,442897,1771588,3464,293,1172,1014.0,0.0,1014.0,1128,1128,711.7064846416382,23,0,1000000,3000,4
442929,442929,1771716,3465,32,128,251.0,0.0,251.0,315,315,149.28125,7,0,1000000,3000,4
443266,443266,1773064,3466,337,1348,1291.0,0.0,1291.0,1413,1413,726.8575667655787,29,0,1000000,3000,4
443370,443370,1773480,3467,104,416,618.0,0.0,618.0,694,694,384.09615384615387,14,0,1000000,3000,4
443520,443520,1774080,3468,150,600,1041.0,0.0,1041.0,1126,1126,565.8933333333333,23,0,1000000,3000,4
443643,443643,1774572,3469,123,492,1047.0,0.0,1047.0,1127,1127,611.3170731707318,23,0,1000000,3000,4
443774,443774,1775096,3470,131,524,1068.0,0.0,1068.0,1152,1152,579.4885496183206,24,0,1000000,3000,4
443895,443895,1775580,3471,121,484,742.0,0.0,742.0,823,823,484.702479338843,17,0,1000000,3000,4
443991,443991,1775964,3472,96,384,629.0,0.0,629.0,705,705,378.84375,15,0,1000000,3000,4
444185,444185,1776740,3473,194,776,1419.0,0.0,1419.0,1515,1515,792.0876288659794,31,0,1000000,3000,4
444327,444327,1777308,3474,142,568,1040.0,0.0,1040.0,1123,1123,615.1830985915493,23,0,1000000,3000,4
444648,444648,1778592,3475,321,1284,1123.0,0.0,1123.0,1245,1245,710.563862928349,25,0,1000000,3000,4
444676,444676,1778704,3476,28,112,247.0,0.0,247.0,310,310,156.0,7,0,1000000,3000,4
444710,444710,1778840,3477,34,136,249.0,0.0,249.0,313,313,143.76470588235293,7,0,1000000,3000,4
444806,444806,1779224,3478,96,384,635.0,0.0,635.0,712,712,376.8958333333333,15,0,1000000,3000,4
445035,445035,1780140,3479,229,916,798.0,0.0,798.0,898,899,598.9781659388647,18,0,1000000,3000,4
445069,445069,1780276,3480,34,136,250.0,0.0,250.0,313,313,145.5,7,0,1000000,3000,4
445215,445215,1780860,3481,146,584,762.0,0.0,762.0,849,849,512.5,17,0,1000000,3000,4
445468,445468,1781872,3482,253,1012,1301.0,0.0,1301.0,1407,1407,720.4071146245059,29,0,1000000,3000,4
445510,445510,1782040,3483,42,168,228.0,0.0,228.0,293,293,163.76190476190476,6,0,1000000,3000,4
445597,445597,1782388,3484,87,348,612.0,0.0,612.0,686,686,408.42528735632186,14,0,1000000,3000,4
445651,445651,1782604,3485,54,216,215.0,0.0,215.0,282,282,150.44444444444446,6,0,1000000,3000,4
445682,445682,1782728,3486,31,124,248.0,0.0,248.0,311,311,159.06451612903226,7,0,1000000,3000,4
445801,445801,1783204,3487,119,476,755.0,0.0,755.0,834,834,527.5210084033613,17,0,1000000,3000,4
445849,445849,1783396,3488,48,192,221.0,0.0,221.0,286,286,162.10416666666666,6,0,1000000,3000,4
446190,446190,1784760,3489,341,1364,1011.0,0.0,1011.0,1136,1136,641.9266862170088,23,0,1000000,3000,4
446434,446434,1785736,3490,244,976,1123.0,0.0,1123.0,1226,1226,640.6188524590164,25,0,1000000,3000,4
446755,446755,1787020,3491,321,1284,1293.0,0.0,1293.0,1413,1413,704.5202492211838,29,0,1000000,3000,4
446786,446786,1787144,3492,31,124,246.0,0.0,246.0,310,310,151.93548387096774,7,0,1000000,3000,4
446821,446821,1787284,3493,35,140,249.0,0.0,249.0,312,312,150.34285714285716,7,0,1000000,3000,4
446862,446862,1787448,3494,41,164,244.0,0.0,244.0,309,309,132.09756097560975,7,0,1000000,3000,4
446892,446892,1787568,3495,30,120,245.0,0.0,245.0,308,308,153.7,7,0,1000000,3000,4
447065,447065,1788260,3496,173,692,1040.0,0.0,1040.0,1130,1130,593.2774566473988,23,0,1000000,3000,4
447096,447096,1788384,3497,31,124,247.0,0.0,247.0,311,311,158.29032258064515,7,0,1000000,3000,4
447313,447313,1789252,3498,217,868,1309.0,0.0,1309.0,1408,1408,737.8387096774194,29,0,1000000,3000,4
447596,447596,1790384,3499,283,1132,1410.0,0.0,1410.0,1524,1524,767.0141342756184,31,0,1000000,3000,4
447732,447732,1790928,3500,136,544,640.0,0.0,640.0,722,722,531.7058823529412,15,0,1000000,3000,4
447835,447835,1791340,3501,103,412,599.0,0.0,599.0,677,677,397.9611650485437,14,0,1000000,3000,4
448035,448035,1792140,3502,200,800,1704.0,0.0,1704.0,1802,1802,873.425,37,0,1000000,3000,4
448223,448223,1792892,3503,188,752,1042.0,0.0,1042.0,1136,1136,622.3297872340426,23,0,1000000,3000,4
448550,448550,1794200,3504,327,1308,1295.0,0.0,1295.0,1416,1416,771.5565749235474,29,0,1000000,3000,4
448903,448903,1795612,3505,353,1412,1012.0,0.0,1012.0,1139,1139,678.7138810198301,23,0,1000000,3000,4
449027,449027,1796108,3506,124,496,714.0,0.0,714.0,795,795,468.39516129032256,16,0,1000000,3000,4
449113,449113,1796452,3507,86,344,614.0,0.0,614.0,688,688,333.43023255813955,14,0,1000000,3000,4
449151,449151,1796604,3508,38,152,246.0,0.0,246.0,311,311,148.47368421052633,7,0,1000000,3000,4
449328,449328,1797312,3509,177,708,1152.0,0.0,1152.0,1245,1245,620.4406779661017,25,0,1000000,3000,4
449391,449391,1797564,3510,63,252,607.0,0.0,607.0,676,676,323.58730158730157,14,0,1000000,3000,4
449425,449425,1797700,3511,34,136,248.0,0.0,248.0,311,311,145.0,7,0,1000000,3000,4
449456,449456,1797824,3512,31,124,246.0,0.0,246.0,309,309,158.74193548387098,7,0,1000000,3000,4
449638,449638,1798552,3513,182,728,1035.0,0.0,1035.0,1127,1127,610.0824175824176,23,0,1000000,3000,4
449779,449779,1799116,3514,141,564,770.0,0.0,770.0,856,856,536.7021276595744,18,0,1000000,3000,4
449812,449812,1799248,3515,33,132,250.0,0.0,250.0,314,314,155.27272727272728,7,0,1000000,3000,4
450057,450057,1800228,3516,245,980,1923.0,0.0,1923.0,2030,2030,916.6367346938775,41,0,1000000,3000,4
450239,450239,1800956,3517,182,728,1433.0,0.0,1433.0,1527,1527,753.6263736263736,31,0,1000000,3000,4
450326,450326,1801304,3518,87,348,630.0,0.0,630.0,705,705,383.95402298850576,15,0,1000000,3000,4
450506,450506,1802024,3519,180,720,1038.0,0.0,1038.0,1129,1129,632.4277777777778,23,0,1000000,3000,4
450612,450612,1802448,3520,106,424,615.0,0.0,615.0,693,693,397.0660377358491,14,0,1000000,3000,4
450733,450733,1802932,3521,121,484,624.0,0.0,624.0,706,706,402.05785123966945,15,0,1000000,3000,4
450766,450766,1803064,3522,33,132,240.0,0.0,240.0,304,304,158.63636363636363,7,0,1000000,3000,4
450889,450889,1803556,3523,123,492,1068.0,0.0,1068.0,1150,1150,577.829268292683,24,0,1000000,3000,4
450982,450982,1803928,3524,93,372,616.0,0.0,616.0,692,692,351.505376344086,14,0,1000000,3000,4
451013,451013,1804052,3525,31,124,247.0,0.0,247.0,311,311,147.67741935483872,7,0,1000000,3000,4
451151,451151,1804604,3526,138,552,640.0,0.0,640.0,722,722,493.6376811594203,15,0,1000000,3000,4
451308,451308,1805232,3527,157,628,1041.0,0.0,1041.0,1128,1128,587.7324840764331,23,0,1000000,3000,4
451460,451460,1805840,3528,152,608,795.0,0.0,795.0,883,883,534.078947368421,18,0,1000000,3000,4
451492,451492,1805968,3529,32,128,250.0,0.0,250.0,314,314,160.40625,7,0,1000000,3000,4
451632,451632,1806528,3530,140,560,1047.0,0.0,1047.0,1131,1131,642.3571428571429,23,0,1000000,3000,4
451855,451855,1807420,3531,223,892,1029.0,0.0,1029.0,1129,1129,649.286995515695,23,0,1000000,3000,4
451991,451991,1807964,3532,136,544,1046.0,0.0,1046.0,1129,1129,543.6323529411765,23,0,1000000,3000,4
452160,452160,1808640,3533,169,676,1041.0,0.0,1041.0,1130,1130,583.0650887573964,23,0,1000000,3000,4
452312,452312,1809248,3534,152,608,750.0,0.0,750.0,837,837,518.7697368421053,17,0,1000000,3000,4
452474,452474,1809896,3535,162,648,1585.0,0.0,1585.0,1675,1675,814.7345679012345,34,0,1000000,3000,4
452716,452716,1810864,3536,242,968,1026.0,0.0,1026.0,1130,1130,691.5578512396694,23,0,1000000,3000,4
452907,452907,1811628,3537,191,764,1429.0,0.0,1429.0,1524,1524,732.8376963350786,31,0,1000000,3000,4
453083,453083,1812332,3538,176,704,1340.0,0.0,1340.0,1433,1433,736.8806818181819,29,0,1000000,3000,4
453163,453163,1812652,3539,80,320,607.0,0.0,607.0,681,681,336.9375,14,0,1000000,3000,4
453300,453300,1813200,3540,137,548,640.0,0.0,640.0,722,722,514.4744525547445,15,0,1000000,3000,4
453447,453447,1813788,3541,147,588,1147.0,0.0,1147.0,1232,1232,653.156462585034,25,0,1000000,3000,4
453552,453552,1814208,3542,105,420,1053.0,0.0,1053.0,1129,1129,568.9238095238095,23,0,1000000,3000,4
453755,453755,1815020,3543,203,812,1139.0,0.0,1139.0,1235,1235,681.4285714285714,25,0,1000000,3000,4
453848,453848,1815392,3544,93,372,627.0,0.0,627.0,703,703,383.68817204301075,15,0,1000000,3000,4
454020,454020,1816080,3545,172,688,1343.0,0.0,1343.0,1435,1435,765.1802325581396,29,0,1000000,3000,4
454056,454056,1816224,3546,36,144,236.0,0.0,236.0,300,300,164.47222222222223,7,0,1000000,3000,4
454192,454192,1816768,3547,136,544,1155.0,0.0,1155.0,1240,1240,610.4779411764706,25,0,1000000,3000,4
454253,454253,1817012,3548,61,244,607.0,0.0,607.0,677,677,332.9016393442623,14,0,1000000,3000,4
454466,454466,1817864,3549,213,852,1426.0,0.0,1426.0,1526,1526,712.6384976525821,31,0,1000000,3000,4
454597,454597,1818388,3550,131,524,1069.0,0.0,1069.0,1153,1153,615.2137404580153,24,0,1000000,3000,4
454744,454744,1818976,3551,147,588,1044.0,0.0,1044.0,1129,1129,617.9387755102041,23,0,1000000,3000,4
454776,454776,1819104,3552,32,128,244.0,0.0,244.0,308,308,154.5625,7,0,1000000,3000,4
454953,454953,1819812,3553,177,708,1431.0,0.0,1431.0,1524,1524,734.3163841807909,31,0,1000000,3000,4
455023,455023,1820092,3554,70,280,607.0,0.0,607.0,678,678,323.84285714285716,14,0,1000000,3000,4
455098,455098,1820392,3555,75,300,613.0,0.0,613.0,685,685,343.5733333333333,14,0,1000000,3000,4
455127,455127,1820508,3556,29,116,249.0,0.0,249.0,312,312,153.9655172413793,7,0,1000000,3000,4
455163,455163,1820652,3557,36,144,234.0,0.0,234.0,298,298,167.05555555555554,6,0,1000000,3000,4
455193,455193,1820772,3558,30,120,252.0,0.0,252.0,315,315,157.16666666666666,7,0,1000000,3000,4
455224,455224,1820896,3559,31,124,245.0,0.0,245.0,309,309,154.03225806451613,7,0,1000000,3000,4
455255,455255,1821020,3560,31,124,248.0,0.0,248.0,312,312,149.93548387096774,7,0,1000000,3000,4
455285,455285,1821140,3561,30,120,246.0,0.0,246.0,310,310,153.53333333333333,7,0,1000000,3000,4
455317,455317,1821268,3562,32,128,245.0,0.0,245.0,309,309,150.9375,7,0,1000000,3000,4
455513,455513,1822052,3563,196,784,1032.0,0.0,1032.0,1127,1127,593.6071428571429,23,0,1000000,3000,4
455585,455585,1822340,3564,72,288,620.0,0.0,620.0,692,692,352.06944444444446,14,0,1000000,3000,4
455668,455668,1822672,3565,83,332,617.0,0.0,617.0,691,691,397.69879518072287,14,0,1000000,3000,4
455761,455761,1823044,3566,93,372,625.0,0.0,625.0,701,701,375.3333333333333,15,0,1000000,3000,4
455863,455863,1823452,3567,102,408,624.0,0.0,624.0,702,702,384.51960784313724,15,0,1000000,3000,4
455896,455896,1823584,3568,33,132,239.0,0.0,239.0,303,303,159.93939393939394,7,0,1000000,3000,4
455927,455927,1823708,3569,31,124,246.0,0.0,246.0,310,310,148.09677419354838,7,0,1000000,3000,4
455959,455959,1823836,3570,32,128,247.0,0.0,247.0,311,311,152.875,7,0,1000000,3000,4
455990,455990,1823960,3571,31,124,245.0,0.0,245.0,309,309,154.1290322580645,7,0,1000000,3000,4
456146,456146,1824584,3572,156,624,1041.0,0.0,1041.0,1128,1128,615.1858974358975,23,0,1000000,3000,4
456296,456296,1825184,3573,150,600,749.0,0.0,749.0,835,835,566.94,17,0,1000000,3000,4
456370,456370,1825480,3574,74,296,635.0,0.0,635.0,706,706,378.18918918918916,15,0,1000000,3000,4
456403,456403,1825612,3575,33,132,247.0,0.0,247.0,310,310,156.6060606060606,7,0,1000000,3000,4
456435,456435,1825740,3576,32,128,251.0,0.0,251.0,315,315,150.09375,7,0,1000000,3000,4
456474,456474,1825896,3577,39,156,231.0,0.0,231.0,295,295,170.23076923076923,6,0,1000000,3000,4
456616,456616,1826464,3578,142,568,815.0,0.0,815.0,898,898,569.0422535211268,18,0,1000000,3000,4
456691,456691,1826764,3579,75,300,607.0,0.0,607.0,679,679,330.6,14,0,1000000,3000,4
456731,456731,1826924,3580,40,160,234.0,0.0,234.0,298,298,167.525,6,0,1000000,3000,4
456765,456765,1827060,3581,34,136,245.0,0.0,245.0,308,308,153.64705882352942,7,0,1000000,3000,4
456798,456798,1827192,3582,33,132,240.0,0.0,240.0,304,304,161.72727272727272,7,0,1000000,3000,4
456999,456999,1827996,3583,201,804,1335.0,0.0,1335.0,1433,1433,696.0895522388059,29,0,1000000,3000,4
457097,457097,1828388,3584,98,392,609.0,0.0,609.0,686,686,403.5204081632653,14,0,1000000,3000,4
457185,457185,1828740,3585,88,352,606.0,0.0,606.0,681,681,330.60227272727275,14,0,1000000,3000,4
457229,457229,1828916,3586,44,176,239.0,0.0,239.0,305,305,145.9090909090909,7,0,1000000,3000,4
457372,457372,1829488,3587,143,572,759.0,0.0,759.0,845,845,534.027972027972,17,0,1000000,3000,4
457416,457416,1829664,3588,44,176,229.0,0.0,229.0,293,293,151.6818181818182,6,0,1000000,3000,4
457452,457452,1829808,3589,36,144,245.0,0.0,245.0,310,310,146.08333333333334,7,0,1000000,3000,4
457487,457487,1829948,3590,35,140,246.0,0.0,246.0,311,311,149.5142857142857,7,0,1000000,3000,4
457523,457523,1830092,3591,36,144,247.0,0.0,247.0,312,312,142.30555555555554,7,0,1000000,3000,4
457750,457750,1831000,3592,227,908,1331.0,0.0,1331.0,1434,1434,645.7136563876652,29,0,1000000,3000,4
457903,457903,1831612,3593,153,612,637.0,0.0,637.0,722,722,472.5424836601307,15,0,1000000,3000,4
458054,458054,1832216,3594,151,604,1039.0,0.0,1039.0,1125,1125,617.9403973509934,23,0,1000000,3000,4
458088,458088,1832352,3595,34,136,244.0,0.0,244.0,307,307,156.6764705882353,7,0,1000000,3000,4
458252,458252,1833008,3596,164,656,635.0,0.0,635.0,722,722,453.0121951219512,15,0,1000000,3000,4
458500,458500,1834000,3597,248,992,1288.0,0.0,1288.0,1393,1393,769.0241935483871,28,0,1000000,3000,4
458632,458632,1834528,3598,132,528,620.0,0.0,620.0,703,703,359.1363636363636,15,0,1000000,3000,4
458676,458676,1834704,3599,44,176,234.0,0.0,234.0,298,298,144.04545454545453,6,0,1000000,3000,4
458712,458712,1834848,3600,36,144,243.0,0.0,243.0,308,308,150.77777777777777,7,0,1000000,3000,4
458813,458813,1835252,3601,101,404,589.0,0.0,589.0,666,666,411.1089108910891,14,0,1000000,3000,4
458849,458849,1835396,3602,36,144,235.0,0.0,235.0,299,299,164.38888888888889,6,0,1000000,3000,4
458884,458884,1835536,3603,35,140,235.0,0.0,235.0,299,299,159.85714285714286,6,0,1000000,3000,4
459037,459037,1836148,3604,153,612,637.0,0.0,637.0,722,722,488.2483660130719,15,0,1000000,3000,4
459075,459075,1836300,3605,38,152,242.0,0.0,242.0,305,305,151.71052631578948,7,0,1000000,3000,4
459115,459115,1836460,3606,40,160,236.0,0.0,236.0,300,300,146.65,7,0,1000000,3000,4
459315,459315,1837260,3607,200,800,1046.0,0.0,1046.0,1141,1141,573.07,23,0,1000000,3000,4
459361,459361,1837444,3608,46,184,219.0,0.0,219.0,284,284,163.6304347826087,6,0,1000000,3000,4
459586,459586,1838344,3609,225,900,1036.0,0.0,1036.0,1137,1137,562.8044444444445,23,0,1000000,3000,4
459806,459806,1839224,3610,220,880,1318.0,0.0,1318.0,1417,1417,696.4727272727273,29,0,1000000,3000,4
460032,460032,1840128,3611,226,904,1306.0,0.0,1306.0,1407,1407,683.8672566371681,29,0,1000000,3000,4
460069,460069,1840276,3612,37,148,244.0,0.0,244.0,308,308,147.3783783783784,7,0,1000000,3000,4
460229,460229,1840916,3613,160,640,1049.0,0.0,1049.0,1138,1138,605.35625,23,0,1000000,3000,4
460563,460563,1842252,3614,334,1336,1546.0,0.0,1546.0,1669,1669,750.3233532934132,34,0,1000000,3000,4
460844,460844,1843376,3615,281,1124,1687.0,0.0,1687.0,1799,1799,913.5231316725979,36,0,1000000,3000,4
461052,461052,1844208,3616,208,832,1336.0,0.0,1336.0,1435,1435,658.3269230769231,29,0,1000000,3000,4
461095,461095,1844380,3617,43,172,232.0,0.0,232.0,297,297,156.0,6,0,1000000,3000,4
461358,461358,1845432,3618,263,1052,1561.0,0.0,1561.0,1671,1671,827.212927756654,34,0,1000000,3000,4
461472,461472,1845888,3619,114,456,599.0,0.0,599.0,679,679,406.9824561403509,14,0,1000000,3000,4
461566,461566,1846264,3620,94,376,609.0,0.0,609.0,684,684,409.32978723404256,14,0,1000000,3000,4
461636,461636,1846544,3621,70,280,607.0,0.0,607.0,678,678,323.0857142857143,14,0,1000000,3000,4
461878,461878,1847512,3622,242,968,1569.0,0.0,1569.0,1674,1674,798.2190082644628,34,0,1000000,3000,4
461911,461911,1847644,3623,33,132,251.0,0.0,251.0,314,314,148.27272727272728,7,0,1000000,3000,4
461949,461949,1847796,3624,38,152,237.0,0.0,237.0,301,301,158.10526315789474,7,0,1000000,3000,4
462113,462113,1848452,3625,164,656,1327.0,0.0,1327.0,1415,1415,681.5975609756098,29,0,1000000,3000,4
462202,462202,1848808,3626,89,356,626.0,0.0,626.0,700,700,392.4943820224719,15,0,1000000,3000,4
462311,462311,1849244,3627,109,436,607.0,0.0,607.0,685,685,389.89908256880733,14,0,1000000,3000,4
462346,462346,1849384,3628,35,140,241.0,0.0,241.0,303,303,158.4857142857143,7,0,1000000,3000,4
462461,462461,1849844,3629,115,460,598.0,0.0,598.0,679,679,392.0173913043478,14,0,1000000,3000,4
462598,462598,1850392,3630,137,548,816.0,0.0,816.0,898,898,544.014598540146,18,0,1000000,3000,4
462698,462698,1850792,3631,100,400,629.0,0.0,629.0,706,706,360.51,15,0,1000000,3000,4
462841,462841,1851364,3632,143,572,743.0,0.0,743.0,828,828,508.2867132867133,17,0,1000000,3000,4
463039,463039,1852156,3633,198,792,1418.0,0.0,1418.0,1513,1513,712.7727272727273,31,0,1000000,3000,4
463071,463071,1852284,3634,32,128,243.0,0.0,243.0,305,305,161.375,7,0,1000000,3000,4
463105,463105,1852420,3635,34,136,247.0,0.0,247.0,310,310,155.61764705882354,7,0,1000000,3000,4
463151,463151,1852604,3636,46,184,234.0,0.0,234.0,301,301,140.1304347826087,7,0,1000000,3000,4
463348,463348,1853392,3637,197,788,717.0,0.0,717.0,814,814,552.7157360406092,17,0,1000000,3000,4
463451,463451,1853804,3638,103,412,624.0,0.0,624.0,702,702,369.9126213592233,15,0,1000000,3000,4
463644,463644,1854576,3639,193,772,1326.0,0.0,1326.0,1422,1422,678.8704663212435,29,0,1000000,3000,4
463727,463727,1854908,3640,83,332,619.0,0.0,619.0,692,692,395.578313253012,14,0,1000000,3000,4
463928,463928,1855712,3641,201,804,1336.0,0.0,1336.0,1434,1434,660.8159203980099,29,0,1000000,3000,4
463959,463959,1855836,3642,31,124,244.0,0.0,244.0,308,308,149.06451612903226,7,0,1000000,3000,4
464116,464116,1856464,3643,157,628,812.0,0.0,812.0,898,898,557.1910828025477,18,0,1000000,3000,4
464284,464284,1857136,3644,168,672,619.0,0.0,619.0,710,710,463.3333333333333,15,0,1000000,3000,4
464316,464316,1857264,3645,32,128,249.0,0.0,249.0,313,313,149.78125,7,0,1000000,3000,4
464351,464351,1857404,3646,35,140,243.0,0.0,243.0,308,308,147.94285714285715,7,0,1000000,3000,4
464385,464385,1857540,3647,34,136,236.0,0.0,236.0,300,300,157.02941176470588,7,0,1000000,3000,4
464472,464472,1857888,3648,87,348,629.0,0.0,629.0,704,704,375.98850574712645,15,0,1000000,3000,4
464501,464501,1858004,3649,29,116,249.0,0.0,249.0,312,312,153.58620689655172,7,0,1000000,3000,4
464690,464690,1858760,3650,189,756,1041.0,0.0,1041.0,1135,1135,612.7566137566138,23,0,1000000,3000,4
464719,464719,1858876,3651,29,116,247.0,0.0,247.0,308,308,159.31034482758622,7,0,1000000,3000,4
464749,464749,1858996,3652,30,120,249.0,0.0,249.0,313,313,153.2,7,0,1000000,3000,4
464782,464782,1859128,3653,33,132,248.0,0.0,248.0,311,311,152.45454545454547,7,0,1000000,3000,4
464904,464904,1859616,3654,122,488,599.0,0.0,599.0,681,681,385.3524590163934,14,0,1000000,3000,4
464994,464994,1859976,3655,90,360,629.0,0.0,629.0,704,704,390.2,15,0,1000000,3000,4
465024,465024,1860096,3656,30,120,249.0,0.0,249.0,313,313,152.76666666666668,7,0,1000000,3000,4
465054,465054,1860216,3657,30,120,249.0,0.0,249.0,312,312,155.5,7,0,1000000,3000,4
465201,465201,1860804,3658,147,588,1044.0,0.0,1044.0,1129,1129,639.1496598639455,23,0,1000000,3000,4
465232,465232,1860928,3659,31,124,245.0,0.0,245.0,309,309,151.4516129032258,7,0,1000000,3000,4
465262,465262,1861048,3660,30,120,250.0,0.0,250.0,314,314,153.26666666666668,7,0,1000000,3000,4
465361,465361,1861444,3661,99,396,610.0,0.0,610.0,687,687,405.4141414141414,14,0,1000000,3000,4
465553,465553,1862212,3662,192,768,765.0,0.0,765.0,861,861,522.6927083333334,18,0,1000000,3000,4
465585,465585,1862340,3663,32,128,243.0,0.0,243.0,306,306,163.40625,7,0,1000000,3000,4
465766,465766,1863064,3664,181,724,1037.0,0.0,1037.0,1129,1129,605.171270718232,23,0,1000000,3000,4
465796,465796,1863184,3665,30,120,249.0,0.0,249.0,312,312,152.76666666666668,7,0,1000000,3000,4
465828,465828,1863312,3666,32,128,247.0,0.0,247.0,311,311,159.71875,7,0,1000000,3000,4
465860,465860,1863440,3667,32,128,245.0,0.0,245.0,309,309,157.625,7,0,1000000,3000,4
466015,466015,1864060,3668,155,620,605.0,0.0,605.0,694,694,481.3483870967742,14,0,1000000,3000,4
466047,466047,1864188,3669,32,128,246.0,0.0,246.0,309,309,156.28125,7,0,1000000,3000,4
466129,466129,1864516,3670,82,328,617.0,0.0,617.0,691,691,400.0487804878049,14,0,1000000,3000,4
466210,466210,1864840,3671,81,324,614.0,0.0,614.0,688,688,367.962962962963,14,0,1000000,3000,4
466375,466375,1865500,3672,165,660,1042.0,0.0,1042.0,1130,1130,598.739393939394,23,0,1000000,3000,4
466524,466524,1866096,3673,149,596,1436.0,0.0,1436.0,1523,1523,739.7583892617449,31,0,1000000,3000,4
466601,466601,1866404,3674,77,308,627.0,0.0,627.0,700,700,370.87012987012986,15,0,1000000,3000,4
466716,466716,1866864,3675,115,460,733.0,0.0,733.0,812,812,524.4956521739131,17,0,1000000,3000,4
466859,466859,1867436,3676,143,572,1041.0,0.0,1041.0,1125,1125,618.3356643356643,23,0,1000000,3000,4
466893,466893,1867572,3677,34,136,248.0,0.0,248.0,311,311,150.91176470588235,7,0,1000000,3000,4
467028,467028,1868112,3678,135,540,1043.0,0.0,1043.0,1125,1125,595.0444444444445,23,0,1000000,3000,4
467110,467110,1868440,3679,82,328,633.0,0.0,633.0,707,707,374.5487804878049,15,0,1000000,3000,4
467354,467354,1869416,3680,244,976,1690.0,0.0,1690.0,1795,1795,833.4467213114754,36,0,1000000,3000,4
467384,467384,1869536,3681,30,120,250.0,0.0,250.0,314,314,153.26666666666668,7,0,1000000,3000,4
467420,467420,1869680,3682,36,144,238.0,0.0,238.0,301,301,168.41666666666666,7,0,1000000,3000,4
467458,467458,1869832,3683,38,152,234.0,0.0,234.0,299,299,154.31578947368422,6,0,1000000,3000,4
467491,467491,1869964,3684,33,132,238.0,0.0,238.0,302,302,165.6969696969697,7,0,1000000,3000,4
467559,467559,1870236,3685,68,272,608.0,0.0,608.0,678,678,349.2352941176471,14,0,1000000,3000,4
467726,467726,1870904,3686,167,668,1328.0,0.0,1328.0,1417,1417,730.2634730538922,29,0,1000000,3000,4
467758,467758,1871032,3687,32,128,247.0,0.0,247.0,310,310,152.15625,7,0,1000000,3000,4
467793,467793,1871172,3688,35,140,233.0,0.0,233.0,298,298,165.31428571428572,6,0,1000000,3000,4
467823,467823,1871292,3689,30,120,246.0,0.0,246.0,309,309,157.43333333333334,7,0,1000000,3000,4
467854,467854,1871416,3690,31,124,247.0,0.0,247.0,311,311,162.06451612903226,7,0,1000000,3000,4
467959,467959,1871836,3691,105,420,603.0,0.0,603.0,681,681,411.37142857142857,14,0,1000000,3000,4
467991,467991,1871964,3692,32,128,249.0,0.0,249.0,313,313,155.40625,7,0,1000000,3000,4
468022,468022,1872088,3693,31,124,251.0,0.0,251.0,315,315,154.38709677419354,7,0,1000000,3000,4
468055,468055,1872220,3694,33,132,240.0,0.0,240.0,304,304,163.27272727272728,7,0,1000000,3000,4
468087,468087,1872348,3695,32,128,248.0,0.0,248.0,311,311,157.625,7,0,1000000,3000,4
468118,468118,1872472,3696,31,124,248.0,0.0,248.0,312,312,157.29032258064515,7,0,1000000,3000,4
468200,468200,1872800,3697,82,328,618.0,0.0,618.0,692,692,363.1463414634146,14,0,1000000,3000,4
468261,468261,1873044,3698,61,244,610.0,0.0,610.0,680,680,333.7049180327869,14,0,1000000,3000,4
468365,468365,1873460,3699,104,416,623.0,0.0,623.0,701,701,401.25,15,0,1000000,3000,4
468400,468400,1873600,3700,35,140,250.0,0.0,250.0,314,314,153.94285714285715,7,0,1000000,3000,4
468430,468430,1873720,3701,30,120,249.0,0.0,249.0,312,312,152.83333333333334,7,0,1000000,3000,4
468603,468603,1874412,3702,173,692,809.0,0.0,809.0,898,898,580.0173410404624,18,0,1000000,3000,4
468634,468634,1874536,3703,31,124,246.0,0.0,246.0,309,309,156.32258064516128,7,0,1000000,3000,4
468666,468666,1874664,3704,32,128,238.0,0.0,238.0,302,302,167.53125,7,0,1000000,3000,4
468703,468703,1874812,3705,37,148,245.0,0.0,245.0,310,310,155.83783783783784,7,0,1000000,3000,4
468735,468735,1874940,3706,32,128,245.0,0.0,245.0,309,309,158.84375,7,0,1000000,3000,4
468771,468771,1875084,3707,36,144,246.0,0.0,246.0,311,311,153.27777777777777,7,0,1000000,3000,4
468803,468803,1875212,3708,32,128,249.0,0.0,249.0,313,313,155.84375,7,0,1000000,3000,4
468838,468838,1875352,3709,35,140,251.0,0.0,251.0,315,315,153.74285714285713,7,0,1000000,3000,4
468869,468869,1875476,3710,31,124,250.0,0.0,250.0,314,314,155.38709677419354,7,0,1000000,3000,4
468900,468900,1875600,3711,31,124,246.0,0.0,246.0,308,308,153.74193548387098,7,0,1000000,3000,4
468933,468933,1875732,3712,33,132,249.0,0.0,249.0,313,313,148.27272727272728,7,0,1000000,3000,4
468964,468964,1875856,3713,31,124,244.0,0.0,244.0,308,308,156.80645161290323,7,0,1000000,3000,4
468997,468997,1875988,3714,33,132,244.0,0.0,244.0,308,308,152.93939393939394,7,0,1000000,3000,4
469072,469072,1876288,3715,75,300,611.0,0.0,611.0,684,684,341.32,14,0,1000000,3000,4
469103,469103,1876412,3716,31,124,249.0,0.0,249.0,312,312,150.96774193548387,7,0,1000000,3000,4
469175,469175,1876700,3717,72,288,631.0,0.0,631.0,703,703,368.5,15,0,1000000,3000,4
469204,469204,1876816,3718,29,116,248.0,0.0,248.0,311,311,153.51724137931035,7,0,1000000,3000,4
469235,469235,1876940,3719,31,124,251.0,0.0,251.0,315,315,154.90322580645162,7,0,1000000,3000,4
469267,469267,1877068,3720,32,128,246.0,0.0,246.0,309,309,160.1875,7,0,1000000,3000,4
469367,469367,1877468,3721,100,400,605.0,0.0,605.0,682,682,403.25,14,0,1000000,3000,4
469399,469399,1877596,3722,32,128,244.0,0.0,244.0,308,308,160.34375,7,0,1000000,3000,4
469433,469433,1877732,3723,34,136,243.0,0.0,243.0,305,305,161.88235294117646,7,0,1000000,3000,4
469465,469465,1877860,3724,32,128,242.0,0.0,242.0,305,305,166.78125,7,0,1000000,3000,4
469497,469497,1877988,3725,32,128,245.0,0.0,245.0,309,309,161.28125,7,0,1000000,3000,4
469578,469578,1878312,3726,81,324,635.0,0.0,635.0,709,709,384.0246913580247,15,0,1000000,3000,4
469667,469667,1878668,3727,89,356,637.0,0.0,637.0,712,712,391.2584269662921,15,0,1000000,3000,4
469763,469763,1879052,3728,96,384,609.0,0.0,609.0,685,685,402.0833333333333,14,0,1000000,3000,4
469869,469869,1879476,3729,106,424,617.0,0.0,617.0,695,695,401.5188679245283,14,0,1000000,3000,4
469903,469903,1879612,3730,34,136,242.0,0.0,242.0,306,306,153.58823529411765,7,0,1000000,3000,4
469937,469937,1879748,3731,34,136,246.0,0.0,246.0,309,309,159.02941176470588,7,0,1000000,3000,4
469974,469974,1879896,3732,37,148,240.0,0.0,240.0,305,305,151.0810810810811,7,0,1000000,3000,4
470014,470014,1880056,3733,40,160,231.0,0.0,231.0,295,295,165.1,6,0,1000000,3000,4
470097,470097,1880388,3734,83,332,617.0,0.0,617.0,691,691,398.67469879518075,14,0,1000000,3000,4
470257,470257,1881028,3735,160,640,709.0,0.0,709.0,797,797,456.59375,16,0,1000000,3000,4
470292,470292,1881168,3736,35,140,241.0,0.0,241.0,306,306,162.42857142857142,7,0,1000000,3000,4
470331,470331,1881324,3737,39,156,236.0,0.0,236.0,300,300,153.12820512820514,7,0,1000000,3000,4
470363,470363,1881452,3738,32,128,251.0,0.0,251.0,315,315,156.59375,7,0,1000000,3000,4
470394,470394,1881576,3739,31,124,250.0,0.0,250.0,313,313,150.0,7,0,1000000,3000,4
470540,470540,1882160,3740,146,584,1348.0,0.0,1348.0,1435,1435,716.1780821917808,29,0,1000000,3000,4
470691,470691,1882764,3741,151,604,753.0,0.0,753.0,841,841,529.5562913907285,17,0,1000000,3000,4
470819,470819,1883276,3742,128,512,1056.0,0.0,1056.0,1137,1137,584.75,23,0,1000000,3000,4
470853,470853,1883412,3743,34,136,244.0,0.0,244.0,308,308,156.0,7,0,1000000,3000,4
471048,471048,1884192,3744,195,780,1571.0,0.0,1571.0,1667,1667,850.7538461538461,34,0,1000000,3000,4
471185,471185,1884740,3745,137,548,755.0,0.0,755.0,839,839,498.55474452554745,17,0,1000000,3000,4
471340,471340,1885360,3746,155,620,1042.0,0.0,1042.0,1128,1128,610.8322580645162,23,0,1000000,3000,4
471490,471490,1885960,3747,150,600,738.0,0.0,738.0,824,824,479.55333333333334,17,0,1000000,3000,4
471663,471663,1886652,3748,173,692,809.0,0.0,809.0,898,898,549.0115606936416,18,0,1000000,3000,4
471831,471831,1887324,3749,168,672,1037.0,0.0,1037.0,1126,1126,636.2916666666666,23,0,1000000,3000,4
471863,471863,1887452,3750,32,128,249.0,0.0,249.0,313,313,150.46875,7,0,1000000,3000,4
471899,471899,1887596,3751,36,144,243.0,0.0,243.0,307,307,148.72222222222223,7,0,1000000,3000,4
472069,472069,1888276,3752,170,680,809.0,0.0,809.0,898,898,547.964705882353,18,0,1000000,3000,4
472338,472338,1889352,3753,269,1076,1686.0,0.0,1686.0,1796,1796,802.0780669144981,36,0,1000000,3000,4
472373,472373,1889492,3754,35,140,238.0,0.0,238.0,302,302,154.85714285714286,7,0,1000000,3000,4
472406,472406,1889624,3755,33,132,244.0,0.0,244.0,307,307,155.9090909090909,7,0,1000000,3000,4
472439,472439,1889756,3756,33,132,242.0,0.0,242.0,305,305,162.6060606060606,7,0,1000000,3000,4
472526,472526,1890104,3757,87,348,631.0,0.0,631.0,706,706,391.3448275862069,15,0,1000000,3000,4
472610,472610,1890440,3758,84,336,616.0,0.0,616.0,690,690,343.7857142857143,14,0,1000000,3000,4
472649,472649,1890596,3759,39,156,234.0,0.0,234.0,298,298,160.84615384615384,6,0,1000000,3000,4
472738,472738,1890952,3760,89,356,622.0,0.0,622.0,697,697,403.08988764044943,14,0,1000000,3000,4
472771,472771,1891084,3761,33,132,243.0,0.0,243.0,307,307,160.75757575757575,7,0,1000000,3000,4
472804,472804,1891216,3762,33,132,244.0,0.0,244.0,307,307,159.0,7,0,1000000,3000,4
473055,473055,1892220,3763,251,1004,1557.0,0.0,1557.0,1665,1665,770.2310756972112,34,0,1000000,3000,4
473312,473312,1893248,3764,257,1028,1419.0,0.0,1419.0,1527,1527,740.8871595330739,31,0,1000000,3000,4
473345,473345,1893380,3765,33,132,246.0,0.0,246.0,309,309,158.96969696969697,7,0,1000000,3000,4
473567,473567,1894268,3766,222,888,1419.0,0.0,1419.0,1520,1520,752.2657657657658,31,0,1000000,3000,4
473673,473673,1894692,3767,106,424,616.0,0.0,616.0,694,694,384.62264150943395,14,0,1000000,3000,4
473764,473764,1895056,3768,91,364,632.0,0.0,632.0,708,708,356.010989010989,15,0,1000000,3000,4
473798,473798,1895192,3769,34,136,240.0,0.0,240.0,303,303,162.2941176470588,7,0,1000000,3000,4
473839,473839,1895356,3770,41,164,235.0,0.0,235.0,301,301,149.21951219512195,7,0,1000000,3000,4
474010,474010,1896040,3771,171,684,1038.0,0.0,1038.0,1127,1127,581.0233918128655,23,0,1000000,3000,4
474238,474238,1896952,3772,228,912,1325.0,0.0,1325.0,1428,1428,675.1535087719299,29,0,1000000,3000,4
474269,474269,1897076,3773,31,124,250.0,0.0,250.0,314,314,156.51612903225808,7,0,1000000,3000,4
474437,474437,1897748,3774,168,672,754.0,0.0,754.0,845,845,494.7916666666667,17,0,1000000,3000,4
474588,474588,1898352,3775,151,604,636.0,0.0,636.0,720,722,483.5960264900662,15,0,1000000,3000,4
474806,474806,1899224,3776,218,872,1576.0,0.0,1576.0,1677,1677,745.5733944954128,34,0,1000000,3000,4
474884,474884,1899536,3777,78,312,629.0,0.0,629.0,701,701,354.64102564102564,15,0,1000000,3000,4
475031,475031,1900124,3778,147,588,1036.0,0.0,1036.0,1121,1121,581.2108843537414,23,0,1000000,3000,4
475083,475083,1900332,3779,52,208,203.0,0.0,203.0,269,269,173.0,6,0,1000000,3000,4
475208,475208,1900832,3780,125,500,762.0,0.0,762.0,844,844,523.52,17,0,1000000,3000,4
475240,475240,1900960,3781,32,128,248.0,0.0,248.0,312,312,155.25,7,0,1000000,3000,4
475446,475446,1901784,3782,206,824,1039.0,0.0,1039.0,1137,1137,665.3446601941747,23,0,1000000,3000,4
475487,475487,1901948,3783,41,164,232.0,0.0,232.0,298,298,159.609756097561,6,0,1000000,3000,4
475522,475522,1902088,3784,35,140,246.0,0.0,246.0,309,309,157.31428571428572,7,0,1000000,3000,4
475700,475700,1902800,3785,178,712,1325.0,0.0,1325.0,1416,1416,655.2191011235955,29,0,1000000,3000,4
475777,475777,1903108,3786,77,308,626.0,0.0,626.0,699,699,344.3766233766234,14,0,1000000,3000,4
475816,475816,1903264,3787,39,156,231.0,0.0,231.0,295,295,165.05128205128204,6,0,1000000,3000,4
475913,475913,1903652,3788,97,388,625.0,0.0,625.0,701,701,392.87628865979383,15,0,1000000,3000,4
475996,475996,1903984,3789,83,332,624.0,0.0,624.0,698,698,397.7590361445783,14,0,1000000,3000,4
476156,476156,1904624,3790,160,640,1326.0,0.0,1326.0,1414,1414,679.525,29,0,1000000,3000,4
476186,476186,1904744,3791,30,120,247.0,0.0,247.0,310,310,154.33333333333334,7,0,1000000,3000,4
476225,476225,1904900,3792,39,156,235.0,0.0,235.0,299,299,156.53846153846155,6,0,1000000,3000,4
476261,476261,1905044,3793,36,144,245.0,0.0,245.0,309,309,151.80555555555554,7,0,1000000,3000,4
476296,476296,1905184,3794,35,140,246.0,0.0,246.0,310,310,159.45714285714286,7,0,1000000,3000,4
476386,476386,1905544,3795,90,360,609.0,0.0,609.0,684,684,343.93333333333334,14,0,1000000,3000,4
476567,476567,1906268,3796,181,724,1421.0,0.0,1421.0,1513,1513,813.5469613259669,31,0,1000000,3000,4
476701,476701,1906804,3797,134,536,1071.0,0.0,1071.0,1155,1155,578.0522388059702,24,0,1000000,3000,4
476734,476734,1906936,3798,33,132,243.0,0.0,243.0,305,305,160.63636363636363,7,0,1000000,3000,4
476767,476767,1907068,3799,33,132,245.0,0.0,245.0,309,309,158.66666666666666,7,0,1000000,3000,4
476861,476861,1907444,3800,94,376,607.0,0.0,607.0,682,682,399.48936170212767,14,0,1000000,3000,4
476948,476948,1907792,3801,87,348,614.0,0.0,614.0,688,688,341.39080459770116,14,0,1000000,3000,4
476980,476980,1907920,3802,32,128,241.0,0.0,241.0,305,305,158.25,7,0,1000000,3000,4
477016,477016,1908064,3803,36,144,241.0,0.0,241.0,304,304,158.52777777777777,7,0,1000000,3000,4
477172,477172,1908688,3804,156,624,1041.0,0.0,1041.0,1128,1128,595.8974358974359,23,0,1000000,3000,4
477209,477209,1908836,3805,37,148,242.0,0.0,242.0,307,307,153.02702702702703,7,0,1000000,3000,4
477324,477324,1909296,3806,115,460,615.0,0.0,615.0,694,694,376.96521739130435,14,0,1000000,3000,4
477476,477476,1909904,3807,152,608,623.0,0.0,623.0,710,710,474.0394736842105,15,0,1000000,3000,4
477649,477649,1910596,3808,173,692,1335.0,0.0,1335.0,1427,1427,730.8959537572255,29,0,1000000,3000,4
477823,477823,1911292,3809,174,696,1171.0,0.0,1171.0,1262,1262,647.2241379310345,26,0,1000000,3000,4
478008,478008,1912032,3810,185,740,1036.0,0.0,1036.0,1128,1128,629.2702702702703,23,0,1000000,3000,4
478120,478120,1912480,3811,112,448,603.0,0.0,603.0,683,683,393.98214285714283,14,0,1000000,3000,4
478253,478253,1913012,3812,133,532,1050.0,0.0,1050.0,1133,1133,588.6390977443609,23,0,1000000,3000,4
478350,478350,1913400,3813,97,388,626.0,0.0,626.0,702,702,367.0515463917526,15,0,1000000,3000,4
478444,478444,1913776,3814,94,376,609.0,0.0,609.0,685,685,395.67021276595744,14,0,1000000,3000,4
478536,478536,1914144,3815,92,368,629.0,0.0,629.0,704,704,354.32608695652175,15,0,1000000,3000,4
478666,478666,1914664,3816,130,520,740.0,0.0,740.0,824,824,501.4846153846154,17,0,1000000,3000,4
478703,478703,1914812,3817,37,148,245.0,0.0,245.0,310,310,143.02702702702703,7,0,1000000,3000,4
478738,478738,1914952,3818,35,140,247.0,0.0,247.0,312,312,141.31428571428572,7,0,1000000,3000,4
478884,478884,1915536,3819,146,584,1052.0,0.0,1052.0,1138,1138,539.431506849315,23,0,1000000,3000,4
478984,478984,1915936,3820,100,400,626.0,0.0,626.0,703,703,375.57,15,0,1000000,3000,4
479153,479153,1916612,3821,169,676,1343.0,0.0,1343.0,1434,1434,729.1775147928994,29,0,1000000,3000,4
479190,479190,1916760,3822,37,148,233.0,0.0,233.0,298,298,165.3783783783784,6,0,1000000,3000,4
479390,479390,1917560,3823,200,800,1334.0,0.0,1334.0,1431,1431,672.815,29,0,1000000,3000,4
479420,479420,1917680,3824,30,120,244.0,0.0,244.0,307,307,159.56666666666666,7,0,1000000,3000,4
479450,479450,1917800,3825,30,120,247.0,0.0,247.0,311,311,158.03333333333333,7,0,1000000,3000,4
479532,479532,1918128,3826,82,328,622.0,0.0,622.0,694,694,406.1219512195122,14,0,1000000,3000,4
479563,479563,1918252,3827,31,124,245.0,0.0,245.0,309,309,157.4516129032258,7,0,1000000,3000,4
479602,479602,1918408,3828,39,156,231.0,0.0,231.0,295,295,168.92307692307693,6,0,1000000,3000,4
479769,479769,1919076,3829,167,668,760.0,0.0,760.0,851,851,519.0538922155689,18,0,1000000,3000,4
479813,479813,1919252,3830,44,176,224.0,0.0,224.0,290,290,157.72727272727272,6,0,1000000,3000,4
480004,480004,1920016,3831,191,764,1035.0,0.0,1035.0,1129,1129,583.5078534031413,23,0,1000000,3000,4
480273,480273,1921092,3832,269,1076,1685.0,0.0,1685.0,1795,1795,790.546468401487,36,0,1000000,3000,4
480441,480441,1921764,3833,168,672,1430.0,0.0,1430.0,1521,1521,716.8035714285714,31,0,1000000,3000,4
480476,480476,1921904,3834,35,140,244.0,0.0,244.0,309,309,146.25714285714287,7,0,1000000,3000,4
480570,480570,1922280,3835,94,376,606.0,0.0,606.0,681,681,383.51063829787233,14,0,1000000,3000,4
480650,480650,1922600,3836,80,320,652.0,0.0,652.0,722,723,380.125,15,0,1000000,3000,4
480781,480781,1923124,3837,131,524,736.0,0.0,736.0,818,818,472.9541984732824,17,0,1000000,3000,4
480912,480912,1923648,3838,131,524,759.0,0.0,759.0,842,842,473.5267175572519,17,0,1000000,3000,4
481249,481249,1924996,3839,337,1348,776.0,0.0,776.0,898,899,715.2640949554897,18,0,1000000,3000,4
481282,481282,1925128,3840,33,132,248.0,0.0,248.0,310,310,149.45454545454547,7,0,1000000,3000,4
481442,481442,1925768,3841,160,640,777.0,0.0,777.0,866,866,539.15,18,0,1000000,3000,4
481661,481661,1926644,3842,219,876,1040.0,0.0,1040.0,1139,1139,623.675799086758,23,0,1000000,3000,4
481801,481801,1927204,3843,140,560,1046.0,0.0,1046.0,1129,1129,612.95,23,0,1000000,3000,4
481887,481887,1927548,3844,86,344,630.0,0.0,630.0,704,704,384.45348837209303,15,0,1000000,3000,4
481973,481973,1927892,3845,86,344,614.0,0.0,614.0,687,687,406.4418604651163,14,0,1000000,3000,4
482158,482158,1928632,3846,185,740,1321.0,0.0,1321.0,1412,1412,711.6162162162162,29,0,1000000,3000,4
482299,482299,1929196,3847,141,564,639.0,0.0,639.0,722,724,523.7943262411347,15,0,1000000,3000,4
482556,482556,1930224,3848,257,1028,792.0,0.0,792.0,898,898,628.035019455253,18,0,1000000,3000,4
482663,482663,1930652,3849,107,428,596.0,0.0,596.0,675,675,412.33644859813086,14,0,1000000,3000,4
482739,482739,1930956,3850,76,304,622.0,0.0,622.0,695,695,360.60526315789474,14,0,1000000,3000,4
482835,482835,1931340,3851,96,384,634.0,0.0,634.0,711,711,371.9166666666667,15,0,1000000,3000,4
482941,482941,1931764,3852,106,424,605.0,0.0,605.0,684,684,370.311320754717,14,0,1000000,3000,4
483241,483241,1932964,3853,300,1200,1299.0,0.0,1299.0,1414,1414,676.31,29,0,1000000,3000,4
483270,483270,1933080,3854,29,116,247.0,0.0,247.0,310,310,154.6551724137931,7,0,1000000,3000,4
483461,483461,1933844,3855,191,764,1035.0,0.0,1035.0,1129,1129,606.9005235602094,23,0,1000000,3000,4
483550,483550,1934200,3856,89,356,604.0,0.0,604.0,679,679,406.8876404494382,14,0,1000000,3000,4
483610,483610,1934440,3857,60,240,608.0,0.0,608.0,676,676,335.0833333333333,14,0,1000000,3000,4
483645,483645,1934580,3858,35,140,246.0,0.0,246.0,311,311,145.02857142857144,7,0,1000000,3000,4
483674,483674,1934696,3859,29,116,247.0,0.0,247.0,310,310,156.13793103448276,7,0,1000000,3000,4
483705,483705,1934820,3860,31,124,247.0,0.0,247.0,310,310,155.5483870967742,7,0,1000000,3000,4
483737,483737,1934948,3861,32,128,251.0,0.0,251.0,314,314,149.09375,7,0,1000000,3000,4
483850,483850,1935400,3862,113,452,590.0,0.0,590.0,669,669,408.83185840707966,14,0,1000000,3000,4
484007,484007,1936028,3863,157,628,1041.0,0.0,1041.0,1127,1127,623.3949044585987,23,0,1000000,3000,4
484040,484040,1936160,3864,33,132,246.0,0.0,246.0,309,309,162.72727272727272,7,0,1000000,3000,4
484112,484112,1936448,3865,72,288,606.0,0.0,606.0,678,678,329.34722222222223,14,0,1000000,3000,4
484183,484183,1936732,3866,71,284,623.0,0.0,623.0,694,694,353.83098591549293,14,0,1000000,3000,4
484345,484345,1937380,3867,162,648,1035.0,0.0,1035.0,1122,1122,647.9506172839506,23,0,1000000,3000,4
484543,484543,1938172,3868,198,792,1332.0,0.0,1332.0,1429,1429,682.6111111111111,29,0,1000000,3000,4
484675,484675,1938700,3869,132,528,1045.0,0.0,1045.0,1127,1127,539.8787878787879,23,0,1000000,3000,4
484750,484750,1939000,3870,75,300,635.0,0.0,635.0,707,707,381.81333333333333,15,0,1000000,3000,4
484784,484784,1939136,3871,34,136,239.0,0.0,239.0,302,302,155.14705882352942,7,0,1000000,3000,4
484818,484818,1939272,3872,34,136,236.0,0.0,236.0,298,298,166.23529411764707,6,0,1000000,3000,4
485022,485022,1940088,3873,204,816,1330.0,0.0,1330.0,1428,1428,727.9950980392157,29,0,1000000,3000,4
485285,485285,1941140,3874,263,1052,1672.0,0.0,1672.0,1779,1779,906.1482889733841,36,0,1000000,3000,4
485568,485568,1942272,3875,283,1132,1295.0,0.0,1295.0,1408,1408,691.9540636042403,29,0,1000000,3000,4
485679,485679,1942716,3876,111,444,616.0,0.0,616.0,695,695,390.81081081081084,14,0,1000000,3000,4
485779,485779,1943116,3877,100,400,618.0,0.0,618.0,695,695,354.95,14,0,1000000,3000,4
485820,485820,1943280,3878,41,164,228.0,0.0,228.0,293,293,158.17073170731706,6,0,1000000,3000,4
485854,485854,1943416,3879,34,136,237.0,0.0,237.0,300,300,162.6764705882353,7,0,1000000,3000,4
485889,485889,1943556,3880,35,140,246.0,0.0,246.0,309,309,157.8,7,0,1000000,3000,4
486012,486012,1944048,3881,123,492,601.0,0.0,601.0,682,682,376.6991869918699,14,0,1000000,3000,4
486124,486124,1944496,3882,112,448,616.0,0.0,616.0,696,696,343.38392857142856,14,0,1000000,3000,4
486227,486227,1944908,3883,103,412,647.0,0.0,647.0,722,722,351.6019417475728,15,0,1000000,3000,4
486264,486264,1945056,3884,37,148,243.0,0.0,243.0,306,306,151.97297297297297,7,0,1000000,3000,4
486305,486305,1945220,3885,41,164,230.0,0.0,230.0,295,295,157.73170731707316,6,0,1000000,3000,4
486456,486456,1945824,3886,151,604,1044.0,0.0,1044.0,1130,1130,650.7152317880794,23,0,1000000,3000,4
486489,486489,1945956,3887,33,132,241.0,0.0,241.0,304,304,161.03030303030303,7,0,1000000,3000,4
486525,486525,1946100,3888,36,144,246.0,0.0,246.0,311,311,151.52777777777777,7,0,1000000,3000,4
486564,486564,1946256,3889,39,156,233.0,0.0,233.0,297,297,161.30769230769232,6,0,1000000,3000,4
486730,486730,1946920,3890,166,664,1040.0,0.0,1040.0,1129,1129,586.2289156626506,23,0,1000000,3000,4
486812,486812,1947248,3891,82,328,614.0,0.0,614.0,687,687,356.609756097561,14,0,1000000,3000,4
486847,486847,1947388,3892,35,140,244.0,0.0,244.0,307,307,155.25714285714287,7,0,1000000,3000,4
486880,486880,1947520,3893,33,132,249.0,0.0,249.0,313,313,156.9090909090909,7,0,1000000,3000,4
486967,486967,1947868,3894,87,348,632.0,0.0,632.0,706,706,381.632183908046,15,0,1000000,3000,4
487209,487209,1948836,3895,242,968,1420.0,0.0,1420.0,1524,1524,701.1198347107438,31,0,1000000,3000,4
487241,487241,1948964,3896,32,128,246.0,0.0,246.0,309,309,153.40625,7,0,1000000,3000,4
487481,487481,1949924,3897,240,960,1688.0,0.0,1688.0,1794,1794,882.5125,36,0,1000000,3000,4
487523,487523,1950092,3898,42,168,227.0,0.0,227.0,291,291,164.07142857142858,6,0,1000000,3000,4
487612,487612,1950448,3899,89,356,614.0,0.0,614.0,688,688,331.92134831460675,14,0,1000000,3000,4
487775,487775,1951100,3900,163,652,1037.0,0.0,1037.0,1125,1125,582.8773006134969,23,0,1000000,3000,4
487943,487943,1951772,3901,168,672,1049.0,0.0,1049.0,1138,1138,662.25,23,0,1000000,3000,4
487977,487977,1951908,3902,34,136,240.0,0.0,240.0,304,304,158.94117647058823,7,0,1000000,3000,4
488078,488078,1952312,3903,101,404,622.0,0.0,622.0,699,699,387.0495049504951,14,0,1000000,3000,4
488172,488172,1952688,3904,94,376,616.0,0.0,616.0,691,691,359.1063829787234,14,0,1000000,3000,4
488207,488207,1952828,3905,35,140,238.0,0.0,238.0,301,301,165.2,7,0,1000000,3000,4
488308,488308,1953232,3906,101,404,602.0,0.0,602.0,678,678,396.63366336633663,14,0,1000000,3000,4
488393,488393,1953572,3907,85,340,630.0,0.0,630.0,704,704,382.3764705882353,15,0,1000000,3000,4
488435,488435,1953740,3908,42,168,228.0,0.0,228.0,293,293,164.3095238095238,6,0,1000000,3000,4
488469,488469,1953876,3909,34,136,242.0,0.0,242.0,305,305,164.91176470588235,7,0,1000000,3000,4
488651,488651,1954604,3910,182,728,1045.0,0.0,1045.0,1138,1138,611.478021978022,23,0,1000000,3000,4
488683,488683,1954732,3911,32,128,243.0,0.0,243.0,306,306,160.71875,7,0,1000000,3000,4
488783,488783,1955132,3912,100,400,611.0,0.0,611.0,687,687,383.99,14,0,1000000,3000,4
488938,488938,1955752,3913,155,620,741.0,0.0,741.0,829,829,510.6,17,0,1000000,3000,4
488979,488979,1955916,3914,41,164,230.0,0.0,230.0,295,295,160.0731707317073,6,0,1000000,3000,4
489016,489016,1956064,3915,37,148,235.0,0.0,235.0,298,298,163.45945945945945,6,0,1000000,3000,4
489194,489194,1956776,3916,178,712,1037.0,0.0,1037.0,1128,1128,603.6685393258427,23,0,1000000,3000,4
489233,489233,1956932,3917,39,156,236.0,0.0,236.0,300,300,162.10256410256412,7,0,1000000,3000,4
489312,489312,1957248,3918,79,316,633.0,0.0,633.0,704,704,359.56962025316454,15,0,1000000,3000,4
489416,489416,1957664,3919,104,416,632.0,0.0,632.0,708,708,382.91346153846155,15,0,1000000,3000,4
489449,489449,1957796,3920,33,132,243.0,0.0,243.0,305,305,162.9090909090909,7,0,1000000,3000,4
489646,489646,1958584,3921,197,788,1133.0,0.0,1133.0,1229,1229,644.0456852791879,25,0,1000000,3000,4
490126,490126,1960504,3922,480,1920,3025.0,0.0,3025.0,3161,3161,1595.5895833333334,64,0,1000000,3000,4
490164,490164,1960656,3923,38,152,239.0,0.0,239.0,303,303,159.68421052631578,7,0,1000000,3000,4
490252,490252,1961008,3924,88,352,613.0,0.0,613.0,687,687,345.27272727272725,14,0,1000000,3000,4
490284,490284,1961136,3925,32,128,248.0,0.0,248.0,311,311,160.34375,7,0,1000000,3000,4
490323,490323,1961292,3926,39,156,231.0,0.0,231.0,295,295,164.15384615384616,6,0,1000000,3000,4
490518,490518,1962072,3927,195,780,1314.0,0.0,1314.0,1409,1409,728.2820512820513,29,0,1000000,3000,4
490671,490671,1962684,3928,153,612,747.0,0.0,747.0,834,834,514.0196078431372,17,0,1000000,3000,4
490881,490881,1963524,3929,210,840,1423.0,0.0,1423.0,1522,1522,752.8952380952381,31,0,1000000,3000,4
490916,490916,1963664,3930,35,140,236.0,0.0,236.0,299,299,172.11428571428573,6,0,1000000,3000,4
491120,491120,1964480,3931,204,816,1039.0,0.0,1039.0,1136,1136,609.3088235294117,23,0,1000000,3000,4
491296,491296,1965184,3932,176,704,808.0,0.0,808.0,898,899,613.2443181818181,18,0,1000000,3000,4
491329,491329,1965316,3933,33,132,240.0,0.0,240.0,303,303,160.24242424242425,7,0,1000000,3000,4
491527,491527,1966108,3934,198,792,1041.0,0.0,1041.0,1137,1137,635.8787878787879,23,0,1000000,3000,4
491615,491615,1966460,3935,88,352,632.0,0.0,632.0,707,707,378.0113636363636,15,0,1000000,3000,4
491648,491648,1966592,3936,33,132,235.0,0.0,235.0,298,298,166.3939393939394,6,0,1000000,3000,4
491681,491681,1966724,3937,33,132,243.0,0.0,243.0,306,306,162.1818181818182,7,0,1000000,3000,4
491833,491833,1967332,3938,152,608,1050.0,0.0,1050.0,1136,1136,589.8026315789474,23,0,1000000,3000,4
491867,491867,1967468,3939,34,136,246.0,0.0,246.0,309,309,155.26470588235293,7,0,1000000,3000,4
491903,491903,1967612,3940,36,144,232.0,0.0,232.0,296,296,167.97222222222223,6,0,1000000,3000,4
491935,491935,1967740,3941,32,128,244.0,0.0,244.0,308,308,160.0,7,0,1000000,3000,4
492168,492168,1968672,3942,233,932,1306.0,0.0,1306.0,1408,1408,743.3862660944206,29,0,1000000,3000,4
492204,492204,1968816,3943,36,144,231.0,0.0,231.0,295,295,166.55555555555554,6,0,1000000,3000,4
492469,492469,1969876,3944,265,1060,1019.0,0.0,1019.0,1128,1128,704.5471698113207,23,0,1000000,3000,4
492559,492559,1970236,3945,90,360,632.0,0.0,632.0,707,707,392.8666666666667,15,0,1000000,3000,4
492626,492626,1970504,3946,67,268,619.0,0.0,619.0,690,690,358.43283582089555,14,0,1000000,3000,4
492902,492902,1971608,3947,276,1104,788.0,0.0,788.0,898,898,643.572463768116,18,0,1000000,3000,4
492932,492932,1971728,3948,30,120,247.0,0.0,247.0,309,309,161.13333333333333,7,0,1000000,3000,4
492961,492961,1971844,3949,29,116,250.0,0.0,250.0,312,312,154.55172413793105,7,0,1000000,3000,4
493028,493028,1972112,3950,67,268,605.0,0.0,605.0,675,675,325.82089552238807,14,0,1000000,3000,4
493232,493232,1972928,3951,204,816,1032.0,0.0,1032.0,1128,1128,645.3382352941177,23,0,1000000,3000,4
493327,493327,1973308,3952,95,380,607.0,0.0,607.0,682,682,406.17894736842106,14,0,1000000,3000,4
493502,493502,1974008,3953,175,700,1324.0,0.0,1324.0,1415,1415,734.9085714285715,29,0,1000000,3000,4
493615,493615,1974460,3954,113,452,600.0,0.0,600.0,680,680,392.69026548672565,14,0,1000000,3000,4
493707,493707,1974828,3955,92,368,610.0,0.0,610.0,686,686,352.20652173913044,14,0,1000000,3000,4
493801,493801,1975204,3956,94,376,620.0,0.0,620.0,695,695,395.0,14,0,1000000,3000,4
493834,493834,1975336,3957,33,132,242.0,0.0,242.0,305,305,160.15151515151516,7,0,1000000,3000,4
493869,493869,1975476,3958,35,140,244.0,0.0,244.0,308,308,158.28571428571428,7,0,1000000,3000,4
493962,493962,1975848,3959,93,372,628.0,0.0,628.0,704,704,396.76344086021504,15,0,1000000,3000,4
494053,494053,1976212,3960,91,364,623.0,0.0,623.0,698,698,360.68131868131866,14,0,1000000,3000,4
494225,494225,1976900,3961,172,688,1324.0,0.0,1324.0,1414,1414,703.4825581395348,29,0,1000000,3000,4
494258,494258,1977032,3962,33,132,249.0,0.0,249.0,313,313,153.78787878787878,7,0,1000000,3000,4
494288,494288,1977152,3963,30,120,244.0,0.0,244.0,307,307,158.26666666666668,7,0,1000000,3000,4
494453,494453,1977812,3964,165,660,811.0,0.0,811.0,898,898,585.8,18,0,1000000,3000,4
494593,494593,1978372,3965,140,560,815.0,0.0,815.0,898,899,597.2571428571429,18,0,1000000,3000,4
494629,494629,1978516,3966,36,144,235.0,0.0,235.0,299,299,168.58333333333334,6,0,1000000,3000,4
494660,494660,1978640,3967,31,124,243.0,0.0,243.0,307,307,154.6451612903226,7,0,1000000,3000,4
494728,494728,1978912,3968,68,272,622.0,0.0,622.0,693,693,345.5882352941176,14,0,1000000,3000,4
494813,494813,1979252,3969,85,340,632.0,0.0,632.0,705,705,376.0,15,0,1000000,3000,4
494959,494959,1979836,3970,146,584,1051.0,0.0,1051.0,1136,1136,581.9246575342465,23,0,1000000,3000,4
494986,494986,1979944,3971,27,108,250.0,0.0,250.0,313,313,166.62962962962962,7,0,1000000,3000,4
495060,495060,1980240,3972,74,296,600.0,0.0,600.0,672,672,314.36486486486484,14,0,1000000,3000,4
495270,495270,1981080,3973,210,840,1328.0,0.0,1328.0,1428,1428,746.5428571428571,29,0,1000000,3000,4
495644,495644,1982576,3974,374,1496,2343.0,0.0,2343.0,2473,2473,1384.096256684492,50,0,1000000,3000,4
495891,495891,1983564,3975,247,988,1684.0,0.0,1684.0,1790,1790,846.3198380566802,36,0,1000000,3000,4
495974,495974,1983896,3976,83,332,651.0,0.0,651.0,722,722,376.96385542168673,15,0,1000000,3000,4
496003,496003,1984012,3977,29,116,249.0,0.0,249.0,312,312,160.31034482758622,7,0,1000000,3000,4
496087,496087,1984348,3978,84,336,628.0,0.0,628.0,701,701,390.89285714285717,15,0,1000000,3000,4
496173,496173,1984692,3979,86,344,624.0,0.0,624.0,698,698,395.8837209302326,14,0,1000000,3000,4
496208,496208,1984832,3980,35,140,235.0,0.0,235.0,298,298,162.5142857142857,6,0,1000000,3000,4
496340,496340,1985360,3981,132,528,1053.0,0.0,1053.0,1136,1136,581.9242424242424,23,0,1000000,3000,4
496444,496444,1985776,3982,104,416,622.0,0.0,622.0,699,699,391.9519230769231,14,0,1000000,3000,4
496627,496627,1986508,3983,183,732,1324.0,0.0,1324.0,1416,1416,712.1857923497267,29,0,1000000,3000,4
496704,496704,1986816,3984,77,308,620.0,0.0,620.0,692,692,354.14285714285717,14,0,1000000,3000,4
496850,496850,1987400,3985,146,584,1044.0,0.0,1044.0,1129,1129,592.6095890410959,23,0,1000000,3000,4
496933,496933,1987732,3986,83,332,628.0,0.0,628.0,701,701,365.4457831325301,15,0,1000000,3000,4
496969,496969,1987876,3987,36,144,234.0,0.0,234.0,298,298,161.86111111111111,6,0,1000000,3000,4
497005,497005,1988020,3988,36,144,232.0,0.0,232.0,297,297,160.38888888888889,6,0,1000000,3000,4
497040,497040,1988160,3989,35,140,242.0,0.0,242.0,306,306,161.31428571428572,7,0,1000000,3000,4
497114,497114,1988456,3990,74,296,631.0,0.0,631.0,702,702,357.3783783783784,15,0,1000000,3000,4
497154,497154,1988616,3991,40,160,234.0,0.0,234.0,299,299,159.6,6,0,1000000,3000,4
497298,497298,1989192,3992,144,576,815.0,0.0,815.0,898,900,549.1736111111111,19,0,1000000,3000,4
497481,497481,1989924,3993,183,732,1035.0,0.0,1035.0,1127,1127,688.8032786885246,23,0,1000000,3000,4
497514,497514,1990056,3994,33,132,244.0,0.0,244.0,308,308,159.8181818181818,7,0,1000000,3000,4
497549,497549,1990196,3995,35,140,234.0,0.0,234.0,297,297,166.9142857142857,6,0,1000000,3000,4
497637,497637,1990548,3996,88,352,618.0,0.0,618.0,692,692,370.82954545454544,14,0,1000000,3000,4
497747,497747,1990988,3997,110,440,613.0,0.0,613.0,691,691,396.8727272727273,14,0,1000000,3000,4
497782,497782,1991128,3998,35,140,239.0,0.0,239.0,303,303,164.54285714285714,7,0,1000000,3000,4
497872,497872,1991488,3999,90,360,619.0,0.0,619.0,694,694,403.72222222222223,14,0,1000000,3000,4
497902,497902,1991608,4000,30,120,252.0,0.0,252.0,315,315,158.16666666666666,7,0,1000000,3000,4
498072,498072,1992288,4001,170,680,809.0,0.0,809.0,898,898,600.1176470588235,18,0,1000000,3000,4
498157,498157,1992628,4002,85,340,618.0,0.0,618.0,691,691,401.98823529411766,14,0,1000000,3000,4
498194,498194,1992776,4003,37,148,240.0,0.0,240.0,303,303,162.78378378378378,7,0,1000000,3000,4
498345,498345,1993380,4004,151,604,813.0,0.0,813.0,898,898,634.5894039735099,18,0,1000000,3000,4
498418,498418,1993672,4005,73,292,613.0,0.0,613.0,685,685,340.041095890411,14,0,1000000,3000,4
498636,498636,1994544,4006,218,872,1308.0,0.0,1308.0,1408,1408,699.2385321100918,29,0,1000000,3000,4
498675,498675,1994700,4007,39,156,233.0,0.0,233.0,297,297,162.46153846153845,6,0,1000000,3000,4
498763,498763,1995052,4008,88,352,630.0,0.0,630.0,705,705,364.6931818181818,15,0,1000000,3000,4
498833,498833,1995332,4009,70,280,653.0,0.0,653.0,722,722,388.12857142857143,15,0,1000000,3000,4
498869,498869,1995476,4010,36,144,233.0,0.0,233.0,297,297,168.94444444444446,6,0,1000000,3000,4
499024,499024,1996096,4011,155,620,1042.0,0.0,1042.0,1129,1129,567.1290322580645,23,0,1000000,3000,4
499134,499134,1996536,4012,110,440,610.0,0.0,610.0,688,688,401.8545454545455,14,0,1000000,3000,4
499220,499220,1996880,4013,86,344,650.0,0.0,650.0,722,722,364.9651162790698,15,0,1000000,3000,4
499484,499484,1997936,4014,264,1056,1914.0,0.0,1914.0,2023,2023,966.3712121212121,41,0,1000000,3000,4
499634,499634,1998536,4015,150,600,1050.0,0.0,1050.0,1136,1136,536.96,23,0,1000000,3000,4
499665,499665,1998660,4016,31,124,251.0,0.0,251.0,315,315,157.61290322580646,7,0,1000000,3000,4
499998,499998,1999992,4017,333,1332,1011.0,0.0,1011.0,1133,1133,675.6186186186186,23,0,1000000,3000,4
500090,500090,2000360,4018,92,368,630.0,0.0,630.0,705,705,390.4673913043478,15,0,1000000,3000,4
500121,500121,2000484,4019,31,124,248.0,0.0,248.0,312,312,154.51612903225808,7,0,1000000,3000,4
500159,500159,2000636,4020,38,152,233.0,0.0,233.0,296,296,164.6578947368421,6,0,1000000,3000,4
500309,500309,2001236,4021,150,600,637.0,0.0,637.0,722,724,486.0466666666667,15,0,1000000,3000,4
500385,500385,2001540,4022,76,304,618.0,0.0,618.0,691,691,360.6578947368421,14,0,1000000,3000,4
500614,500614,2002456,4023,229,916,731.0,0.0,731.0,833,833,596.8995633187773,17,0,1000000,3000,4
500804,500804,2003216,4024,190,760,1339.0,0.0,1339.0,1434,1434,738.2736842105263,29,0,1000000,3000,4
500893,500893,2003572,4025,89,356,614.0,0.0,614.0,687,687,405.14606741573033,14,0,1000000,3000,4
500930,500930,2003720,4026,37,148,232.0,0.0,232.0,297,297,170.0,6,0,1000000,3000,4
501150,501150,2004600,4027,220,880,1686.0,0.0,1686.0,1785,1785,891.0954545454546,36,0,1000000,3000,4
501232,501232,2004928,4028,82,328,635.0,0.0,635.0,708,708,400.0487804878049,15,0,1000000,3000,4
501362,501362,2005448,4029,130,520,1069.0,0.0,1069.0,1152,1152,595.6923076923077,24,0,1000000,3000,4
501628,501628,2006512,4030,266,1064,1299.0,0.0,1299.0,1409,1409,718.5676691729324,29,0,1000000,3000,4
501664,501664,2006656,4031,36,144,231.0,0.0,231.0,296,296,162.5,6,0,1000000,3000,4
501757,501757,2007028,4032,93,372,615.0,0.0,615.0,689,689,355.8709677419355,14,0,1000000,3000,4
501986,501986,2007944,4033,229,916,1323.0,0.0,1323.0,1425,1425,719.1615720524018,29,0,1000000,3000,4
502136,502136,2008544,4034,150,600,814.0,0.0,814.0,898,898,562.92,18,0,1000000,3000,4
502212,502212,2008848,4035,76,304,617.0,0.0,617.0,689,689,353.4342105263158,14,0,1000000,3000,4
502254,502254,2009016,4036,42,168,228.0,0.0,228.0,294,294,159.8095238095238,6,0,1000000,3000,4
502413,502413,2009652,4037,159,636,636.0,0.0,636.0,722,722,505.6792452830189,15,0,1000000,3000,4
502628,502628,2010512,4038,215,860,1031.0,0.0,1031.0,1129,1129,631.6046511627907,23,0,1000000,3000,4
502748,502748,2010992,4039,120,480,608.0,0.0,608.0,689,689,390.2916666666667,14,0,1000000,3000,4
502990,502990,2011960,4040,242,968,1557.0,0.0,1557.0,1661,1661,812.8099173553719,34,0,1000000,3000,4
503157,503157,2012628,4041,167,668,810.0,0.0,810.0,898,899,563.9880239520958,18,0,1000000,3000,4
503331,503331,2013324,4042,174,696,1049.0,0.0,1049.0,1140,1140,616.8965517241379,23,0,1000000,3000,4
503371,503371,2013484,4043,40,160,222.0,0.0,222.0,287,287,168.775,6,0,1000000,3000,4
503410,503410,2013640,4044,39,156,236.0,0.0,236.0,301,301,160.71794871794873,7,0,1000000,3000,4
503515,503515,2014060,4045,105,420,612.0,0.0,612.0,689,689,380.7142857142857,14,0,1000000,3000,4
503795,503795,2015180,4046,280,1120,1409.0,0.0,1409.0,1521,1521,778.4107142857143,31,0,1000000,3000,4
503828,503828,2015312,4047,33,132,243.0,0.0,243.0,306,306,164.0909090909091,7,0,1000000,3000,4
504023,504023,2016092,4048,195,780,1335.0,0.0,1335.0,1431,1431,734.5692307692308,29,0,1000000,3000,4
504110,504110,2016440,4049,87,348,609.0,0.0,609.0,684,684,407.367816091954,14,0,1000000,3000,4
504143,504143,2016572,4050,33,132,245.0,0.0,245.0,308,308,159.63636363636363,7,0,1000000,3000,4
504279,504279,2017116,4051,136,544,1065.0,0.0,1065.0,1150,1150,606.9558823529412,24,0,1000000,3000,4
504506,504506,2018024,4052,227,908,1407.0,0.0,1407.0,1508,1508,750.3832599118942,31,0,1000000,3000,4
504595,504595,2018380,4053,89,356,624.0,0.0,624.0,697,697,378.0674157303371,14,0,1000000,3000,4
504850,504850,2019400,4054,255,1020,1022.0,0.0,1022.0,1128,1128,757.5411764705882,23,0,1000000,3000,4
504891,504891,2019564,4055,41,164,226.0,0.0,226.0,291,291,166.5121951219512,6,0,1000000,3000,4
504921,504921,2019684,4056,30,120,247.0,0.0,247.0,311,311,150.53333333333333,7,0,1000000,3000,4
505069,505069,2020276,4057,148,592,732.0,0.0,732.0,819,819,491.4662162162162,17,0,1000000,3000,4
505149,505149,2020596,4058,80,320,629.0,0.0,629.0,702,702,366.2,15,0,1000000,3000,4
505259,505259,2021036,4059,110,440,722.0,0.0,722.0,801,801,486.22727272727275,17,0,1000000,3000,4
505449,505449,2021796,4060,190,760,1034.0,0.0,1034.0,1127,1127,712.6263157894737,23,0,1000000,3000,4
505621,505621,2022484,4061,172,688,729.0,0.0,729.0,820,820,560.5523255813954,17,0,1000000,3000,4
505652,505652,2022608,4062,31,124,241.0,0.0,241.0,305,305,162.06451612903226,7,0,1000000,3000,4
505690,505690,2022760,4063,38,152,224.0,0.0,224.0,288,288,176.28947368421052,6,0,1000000,3000,4
505721,505721,2022884,4064,31,124,246.0,0.0,246.0,309,309,157.61290322580646,7,0,1000000,3000,4
505755,505755,2023020,4065,34,136,239.0,0.0,239.0,302,302,161.3235294117647,7,0,1000000,3000,4
505833,505833,2023332,4066,78,312,635.0,0.0,635.0,708,708,390.6666666666667,15,0,1000000,3000,4
505868,505868,2023472,4067,35,140,246.0,0.0,246.0,310,310,152.62857142857143,7,0,1000000,3000,4
505901,505901,2023604,4068,33,132,240.0,0.0,240.0,303,303,161.27272727272728,7,0,1000000,3000,4
505985,505985,2023940,4069,84,336,630.0,0.0,630.0,702,702,371.70238095238096,15,0,1000000,3000,4
506066,506066,2024264,4070,81,324,632.0,0.0,632.0,706,706,360.4938271604938,15,0,1000000,3000,4
506242,506242,2024968,4071,176,704,808.0,0.0,808.0,898,899,536.5227272727273,18,0,1000000,3000,4
506276,506276,2025104,4072,34,136,247.0,0.0,247.0,311,311,150.3235294117647,7,0,1000000,3000,4
506309,506309,2025236,4073,33,132,247.0,0.0,247.0,310,310,152.06060606060606,7,0,1000000,3000,4
506493,506493,2025972,4074,184,736,807.0,0.0,807.0,898,898,582.2228260869565,18,0,1000000,3000,4
506591,506591,2026364,4075,98,392,621.0,0.0,621.0,698,698,400.07142857142856,14,0,1000000,3000,4
506678,506678,2026712,4076,87,348,634.0,0.0,634.0,709,709,368.85057471264366,15,0,1000000,3000,4
506710,506710,2026840,4077,32,128,243.0,0.0,243.0,306,306,160.46875,7,0,1000000,3000,4
506907,506907,2027628,4078,197,788,1029.0,0.0,1029.0,1124,1124,592.263959390863,23,0,1000000,3000,4
507094,507094,2028376,4079,187,748,1323.0,0.0,1323.0,1416,1416,667.2245989304813,29,0,1000000,3000,4
507130,507130,2028520,4080,36,144,237.0,0.0,237.0,301,301,164.38888888888889,7,0,1000000,3000,4
507431,507431,2029724,4081,301,1204,1315.0,0.0,1315.0,1433,1433,725.5514950166113,29,0,1000000,3000,4
507467,507467,2029868,4082,36,144,251.0,0.0,251.0,316,316,148.88888888888889,7,0,1000000,3000,4
507655,507655,2030620,4083,188,752,1042.0,0.0,1042.0,1136,1136,639.6489361702128,23,0,1000000,3000,4
507749,507749,2030996,4084,94,376,609.0,0.0,609.0,684,684,403.25531914893617,14,0,1000000,3000,4
507780,507780,2031120,4085,31,124,250.0,0.0,250.0,314,314,153.41935483870967,7,0,1000000,3000,4
508012,508012,2032048,4086,232,928,1326.0,0.0,1326.0,1430,1430,742.3405172413793,29,0,1000000,3000,4
508055,508055,2032220,4087,43,172,224.0,0.0,224.0,290,290,162.3953488372093,6,0,1000000,3000,4
508087,508087,2032348,4088,32,128,247.0,0.0,247.0,311,311,153.59375,7,0,1000000,3000,4
508157,508157,2032628,4089,70,280,607.0,0.0,607.0,677,677,313.5285714285714,14,0,1000000,3000,4
508257,508257,2033028,4090,100,400,603.0,0.0,603.0,681,681,384.3,14,0,1000000,3000,4
508428,508428,2033712,4091,171,684,1037.0,0.0,1037.0,1127,1127,625.3918128654971,23,0,1000000,3000,4
508518,508518,2034072,4092,90,360,625.0,0.0,625.0,699,699,389.47777777777776,14,0,1000000,3000,4
508722,508722,2034888,4093,204,816,1031.0,0.0,1031.0,1126,1126,667.5049019607843,23,0,1000000,3000,4
508807,508807,2035228,4094,85,340,617.0,0.0,617.0,690,690,342.98823529411766,14,0,1000000,3000,4
508969,508969,2035876,4095,162,648,1064.0,0.0,1064.0,1153,1153,606.5555555555555,24,0,1000000,3000,4
509152,509152,2036608,4096,183,732,1036.0,0.0,1036.0,1128,1128,612.2295081967213,23,0,1000000,3000,4
509238,509238,2036952,4097,86,344,625.0,0.0,625.0,699,699,362.75581395348837,14,0,1000000,3000,4
509398,509398,2037592,4098,160,640,745.0,0.0,745.0,833,833,509.675,17,0,1000000,3000,4
509667,509667,2038668,4099,269,1076,1292.0,0.0,1292.0,1402,1402,734.7546468401487,29,0,1000000,3000,4
509698,509698,2038792,4100,31,124,245.0,0.0,245.0,309,309,157.06451612903226,7,0,1000000,3000,4
509865,509865,2039460,4101,167,668,810.0,0.0,810.0,898,899,554.4910179640718,18,0,1000000,3000,4
510017,510017,2040068,4102,152,608,711.0,0.0,711.0,798,798,469.1118421052632,16,0,1000000,3000,4
510197,510197,2040788,4103,180,720,1036.0,0.0,1036.0,1127,1127,597.8833333333333,23,0,1000000,3000,4
510272,510272,2041088,4104,75,300,601.0,0.0,601.0,673,673,307.37333333333333,14,0,1000000,3000,4
510309,510309,2041236,4105,37,148,243.0,0.0,243.0,306,306,157.64864864864865,7,0,1000000,3000,4
510416,510416,2041664,4106,107,428,611.0,0.0,611.0,690,690,385.2803738317757,14,0,1000000,3000,4
510511,510511,2042044,4107,95,380,625.0,0.0,625.0,700,700,349.4842105263158,15,0,1000000,3000,4
510543,510543,2042172,4108,32,128,241.0,0.0,241.0,304,304,164.03125,7,0,1000000,3000,4
510771,510771,2043084,4109,228,912,710.0,0.0,710.0,811,811,530.4561403508771,17,0,1000000,3000,4
510909,510909,2043636,4110,138,552,767.0,0.0,767.0,851,851,504.69565217391306,18,0,1000000,3000,4
511049,511049,2044196,4111,140,560,640.0,0.0,640.0,722,722,482.62142857142857,15,0,1000000,3000,4
511163,511163,2044652,4112,114,456,609.0,0.0,609.0,688,688,392.359649122807,14,0,1000000,3000,4
511324,511324,2045296,4113,161,644,1329.0,0.0,1329.0,1417,1417,708.0621118012423,29,0,1000000,3000,4
511356,511356,2045424,4114,32,128,241.0,0.0,241.0,304,304,166.21875,7,0,1000000,3000,4
511434,511434,2045736,4115,78,312,626.0,0.0,626.0,699,699,361.70512820512823,14,0,1000000,3000,4
511603,511603,2046412,4116,169,676,1325.0,0.0,1325.0,1413,1413,726.5443786982248,29,0,1000000,3000,4
511646,511646,2046584,4117,43,172,227.0,0.0,227.0,292,292,163.88372093023256,6,0,1000000,3000,4
511755,511755,2047020,4118,109,436,624.0,0.0,624.0,702,702,375.0183486238532,15,0,1000000,3000,4
511939,511939,2047756,4119,184,736,1034.0,0.0,1034.0,1126,1126,644.4619565217391,23,0,1000000,3000,4
512109,512109,2048436,4120,170,680,1038.0,0.0,1038.0,1128,1128,612.1529411764706,23,0,1000000,3000,4
512373,512373,2049492,4121,264,1056,1323.0,0.0,1323.0,1433,1433,736.8787878787879,29,0,1000000,3000,4
512677,512677,2050708,4122,304,1216,1015.0,0.0,1015.0,1132,1132,676.3486842105264,23,0,1000000,3000,4
512714,512714,2050856,4123,37,148,245.0,0.0,245.0,309,309,151.9189189189189,7,0,1000000,3000,4
512859,512859,2051436,4124,145,580,1043.0,0.0,1043.0,1126,1126,591.0551724137931,23,0,1000000,3000,4
512981,512981,2051924,4125,122,488,733.0,0.0,733.0,814,814,492.90983606557376,17,0,1000000,3000,4
513017,513017,2052068,4126,36,144,239.0,0.0,239.0,304,304,150.75,7,0,1000000,3000,4
513053,513053,2052212,4127,36,144,239.0,0.0,239.0,304,304,159.80555555555554,7,0,1000000,3000,4
513168,513168,2052672,4128,115,460,620.0,0.0,620.0,700,700,365.2782608695652,15,0,1000000,3000,4
513300,513300,2053200,4129,132,528,771.0,0.0,771.0,854,854,515.1212121212121,18,0,1000000,3000,4
513339,513339,2053356,4130,39,156,239.0,0.0,239.0,304,304,150.07692307692307,7,0,1000000,3000,4
513369,513369,2053476,4131,30,120,250.0,0.0,250.0,313,313,154.4,7,0,1000000,3000,4
513573,513573,2054292,4132,204,816,1033.0,0.0,1033.0,1129,1129,656.2352941176471,23,0,1000000,3000,4
513728,513728,2054912,4133,155,620,761.0,0.0,761.0,849,849,548.8709677419355,17,0,1000000,3000,4
514002,514002,2056008,4134,274,1096,1322.0,0.0,1322.0,1434,1434,707.4817518248175,29,0,1000000,3000,4
514033,514033,2056132,4135,31,124,248.0,0.0,248.0,311,311,157.09677419354838,7,0,1000000,3000,4
514131,514131,2056524,4136,98,392,626.0,0.0,626.0,703,703,389.0204081632653,15,0,1000000,3000,4
514217,514217,2056868,4137,86,344,625.0,0.0,625.0,699,699,389.9418604651163,14,0,1000000,3000,4
514247,514247,2056988,4138,30,120,252.0,0.0,252.0,316,316,155.16666666666666,7,0,1000000,3000,4
514280,514280,2057120,4139,33,132,244.0,0.0,244.0,307,307,159.1818181818182,7,0,1000000,3000,4
514346,514346,2057384,4140,66,264,619.0,0.0,619.0,690,690,349.1363636363636,14,0,1000000,3000,4
514394,514394,2057576,4141,48,192,242.0,0.0,242.0,308,308,122.625,7,0,1000000,3000,4
514549,514549,2058196,4142,155,620,1345.0,0.0,1345.0,1433,1433,667.1290322580645,29,0,1000000,3000,4
514618,514618,2058472,4143,69,276,623.0,0.0,623.0,694,694,360.6666666666667,14,0,1000000,3000,4
514766,514766,2059064,4144,148,592,638.0,0.0,638.0,722,722,518.472972972973,15,0,1000000,3000,4
514981,514981,2059924,4145,215,860,1024.0,0.0,1024.0,1121,1123,661.5395348837209,23,0,1000000,3000,4
515011,515011,2060044,4146,30,120,253.0,0.0,253.0,316,316,160.26666666666668,7,0,1000000,3000,4
515243,515243,2060972,4147,232,928,797.0,0.0,797.0,898,898,560.5905172413793,18,0,1000000,3000,4
515389,515389,2061556,4148,146,584,730.0,0.0,730.0,816,816,497.36301369863014,17,0,1000000,3000,4
515454,515454,2061816,4149,65,260,620.0,0.0,620.0,691,691,355.2769230769231,14,0,1000000,3000,4
515554,515554,2062216,4150,100,400,647.0,0.0,647.0,722,723,375.94,15,0,1000000,3000,4
515590,515590,2062360,4151,36,144,242.0,0.0,242.0,305,307,161.72222222222223,7,0,1000000,3000,4
515858,515858,2063432,4152,268,1072,790.0,0.0,790.0,898,899,645.8059701492538,18,0,1000000,3000,4
516120,516120,2064480,4153,262,1048,1318.0,0.0,1318.0,1428,1428,681.824427480916,29,0,1000000,3000,4
516217,516217,2064868,4154,97,388,628.0,0.0,628.0,705,705,372.91752577319585,15,0,1000000,3000,4
516502,516502,2066008,4155,285,1140,1015.0,0.0,1015.0,1127,1127,705.1754385964912,23,0,1000000,3000,4
516576,516576,2066304,4156,74,296,616.0,0.0,616.0,688,688,339.5,14,0,1000000,3000,4
516614,516614,2066456,4157,38,152,238.0,0.0,238.0,303,303,152.02631578947367,7,0,1000000,3000,4
516687,516687,2066748,4158,73,292,606.0,0.0,606.0,678,678,317.5342465753425,14,0,1000000,3000,4
516832,516832,2067328,4159,145,580,638.0,0.0,638.0,722,722,499.2206896551724,15,0,1000000,3000,4
516971,516971,2067884,4160,139,556,755.0,0.0,755.0,839,839,521.6906474820144,17,0,1000000,3000,4
517178,517178,2068712,4161,207,828,1317.0,0.0,1317.0,1413,1413,743.1594202898551,29,0,1000000,3000,4
517283,517283,2069132,4162,105,420,587.0,0.0,587.0,664,664,404.87619047619046,14,0,1000000,3000,4
517476,517476,2069904,4163,193,772,1331.0,0.0,1331.0,1427,1427,692.5025906735751,29,0,1000000,3000,4
517669,517669,2070676,4164,193,772,1692.0,0.0,1692.0,1786,1786,924.0362694300518,36,0,1000000,3000,4
517936,517936,2071744,4165,267,1068,1015.0,0.0,1015.0,1123,1123,675.9026217228464,23,0,1000000,3000,4
518149,518149,2072596,4166,213,852,1024.0,0.0,1024.0,1121,1122,717.3427230046948,23,0,1000000,3000,4
518186,518186,2072744,4167,37,148,236.0,0.0,236.0,301,301,159.27027027027026,7,0,1000000,3000,4
518262,518262,2073048,4168,76,304,617.0,0.0,617.0,690,690,351.4342105263158,14,0,1000000,3000,4
518478,518478,2073912,4169,216,864,1566.0,0.0,1566.0,1665,1665,765.2546296296297,34,0,1000000,3000,4
518754,518754,2075016,4170,276,1104,1298.0,0.0,1298.0,1410,1410,729.3297101449275,29,0,1000000,3000,4
518800,518800,2075200,4171,46,184,217.0,0.0,217.0,282,282,167.3913043478261,6,0,1000000,3000,4
518979,518979,2075916,4172,179,716,1061.0,0.0,1061.0,1154,1154,601.1173184357542,24,0,1000000,3000,4
519073,519073,2076292,4173,94,376,609.0,0.0,609.0,684,684,319.3191489361702,14,0,1000000,3000,4
519237,519237,2076948,4174,164,656,751.0,0.0,751.0,840,840,499.9390243902439,17,0,1000000,3000,4
519545,519545,2078180,4175,308,1232,1297.0,0.0,1297.0,1413,1413,759.9058441558442,29,0,1000000,3000,4
519771,519771,2079084,4176,226,904,1024.0,0.0,1024.0,1124,1124,632.4646017699115,23,0,1000000,3000,4
519958,519958,2079832,4177,187,748,1040.0,0.0,1040.0,1133,1133,623.3903743315508,23,0,1000000,3000,4
519994,519994,2079976,4178,36,144,236.0,0.0,236.0,300,300,161.94444444444446,7,0,1000000,3000,4
520033,520033,2080132,4179,39,156,231.0,0.0,231.0,295,295,158.6153846153846,6,0,1000000,3000,4
520202,520202,2080808,4180,169,676,1036.0,0.0,1036.0,1124,1124,611.6331360946746,23,0,1000000,3000,4
520361,520361,2081444,4181,159,636,780.0,0.0,780.0,868,868,520.1761006289308,18,0,1000000,3000,4
520401,520401,2081604,4182,40,160,233.0,0.0,233.0,298,298,159.45,6,0,1000000,3000,4
520437,520437,2081748,4183,36,144,248.0,0.0,248.0,313,313,147.47222222222223,7,0,1000000,3000,4
520478,520478,2081912,4184,41,164,237.0,0.0,237.0,301,301,151.2439024390244,7,0,1000000,3000,4
520707,520707,2082828,4185,229,916,1323.0,0.0,1323.0,1425,1425,730.3406113537118,29,0,1000000,3000,4
520851,520851,2083404,4186,144,576,1054.0,0.0,1054.0,1138,1138,551.1527777777778,23,0,1000000,3000,4
520940,520940,2083760,4187,89,356,605.0,0.0,605.0,680,680,315.3820224719101,14,0,1000000,3000,4
521038,521038,2084152,4188,98,392,612.0,0.0,612.0,687,687,386.57142857142856,14,0,1000000,3000,4
521174,521174,2084696,4189,136,544,608.0,0.0,608.0,691,691,385.97058823529414,14,0,1000000,3000,4
521346,521346,2085384,4190,172,688,633.0,0.0,633.0,722,722,468.30232558139534,15,0,1000000,3000,4
521596,521596,2086384,4191,250,1000,1301.0,0.0,1301.0,1407,1407,686.856,29,0,1000000,3000,4
521633,521633,2086532,4192,37,148,241.0,0.0,241.0,305,305,152.6216216216216,7,0,1000000,3000,4
521671,521671,2086684,4193,38,152,245.0,0.0,245.0,310,310,151.6315789473684,7,0,1000000,3000,4
521778,521778,2087112,4194,107,428,619.0,0.0,619.0,698,698,347.5420560747664,14,0,1000000,3000,4
522076,522076,2088304,4195,298,1192,1395.0,0.0,1395.0,1511,1511,785.6375838926175,31,0,1000000,3000,4
522184,522184,2088736,4196,108,432,597.0,0.0,597.0,676,676,332.19444444444446,14,0,1000000,3000,4
522220,522220,2088880,4197,36,144,245.0,0.0,245.0,310,310,150.63888888888889,7,0,1000000,3000,4
522320,522320,2089280,4198,100,400,620.0,0.0,620.0,697,697,339.55,14,0,1000000,3000,4
522488,522488,2089952,4199,168,672,621.0,0.0,621.0,711,711,454.2142857142857,15,0,1000000,3000,4
522703,522703,2090812,4200,215,860,1029.0,0.0,1029.0,1127,1127,692.3627906976744,23,0,1000000,3000,4
522820,522820,2091280,4201,117,468,601.0,0.0,601.0,681,681,386.7264957264957,14,0,1000000,3000,4
522860,522860,2091440,4202,40,160,228.0,0.0,228.0,292,292,168.4,6,0,1000000,3000,4
522966,522966,2091864,4203,106,424,611.0,0.0,611.0,690,690,370.41509433962267,14,0,1000000,3000,4
523097,523097,2092388,4204,131,524,1051.0,0.0,1051.0,1134,1134,589.0992366412214,23,0,1000000,3000,4
523384,523384,2093536,4205,287,1148,1302.0,0.0,1302.0,1415,1415,702.3728222996516,29,0,1000000,3000,4
523427,523427,2093708,4206,43,172,223.0,0.0,223.0,289,289,164.5581395348837,6,0,1000000,3000,4
523540,523540,2094160,4207,113,452,604.0,0.0,604.0,683,683,391.9911504424779,14,0,1000000,3000,4
523569,523569,2094276,4208,29,116,250.0,0.0,250.0,313,313,154.93103448275863,7,0,1000000,3000,4
523982,523982,2095928,4209,413,1652,1009.0,0.0,1009.0,1149,1149,727.0,23,0,1000000,3000,4
524015,524015,2096060,4210,33,132,241.0,0.0,241.0,305,305,164.12121212121212,7,0,1000000,3000,4
524188,524188,2096752,4211,173,692,748.0,0.0,748.0,839,839,528.9364161849711,17,0,1000000,3000,4
524394,524394,2097576,4212,206,824,1332.0,0.0,1332.0,1431,1431,696.6601941747573,29,0,1000000,3000,4
524785,524785,2099140,4213,391,1564,715.0,0.0,715.0,850,850,636.7314578005115,18,0,1000000,3000,4
524824,524824,2099296,4214,39,156,234.0,0.0,234.0,299,299,158.76923076923077,6,0,1000000,3000,4
525012,525012,2100048,4215,188,752,747.0,0.0,747.0,841,841,518.2659574468086,17,0,1000000,3000,4
525050,525050,2100200,4216,38,152,237.0,0.0,237.0,302,302,160.71052631578948,7,0,1000000,3000,4
525271,525271,2101084,4217,221,884,1049.0,0.0,1049.0,1151,1151,655.4298642533937,24,0,1000000,3000,4
525490,525490,2101960,4218,219,876,1028.0,0.0,1028.0,1127,1127,659.351598173516,23,0,1000000,3000,4
525693,525693,2102772,4219,203,812,1030.0,0.0,1030.0,1126,1126,579.0098522167488,23,0,1000000,3000,4
525787,525787,2103148,4220,94,376,623.0,0.0,623.0,698,698,377.1914893617021,14,0,1000000,3000,4
525829,525829,2103316,4221,42,168,232.0,0.0,232.0,297,297,159.8095238095238,6,0,1000000,3000,4
525954,525954,2103816,4222,125,500,762.0,0.0,762.0,843,843,486.448,17,0,1000000,3000,4
526064,526064,2104256,4223,110,440,645.0,0.0,645.0,722,722,358.3454545454546,15,0,1000000,3000,4
526105,526105,2104420,4224,41,164,231.0,0.0,231.0,297,297,159.85365853658536,6,0,1000000,3000,4
526144,526144,2104576,4225,39,156,235.0,0.0,235.0,300,300,161.17948717948718,7,0,1000000,3000,4
526172,526172,2104688,4226,28,112,251.0,0.0,251.0,314,314,158.07142857142858,7,0,1000000,3000,4
526261,526261,2105044,4227,89,356,629.0,0.0,629.0,703,703,352.1123595505618,15,0,1000000,3000,4
526500,526500,2106000,4228,239,956,796.0,0.0,796.0,898,899,582.0502092050209,18,0,1000000,3000,4
526713,526713,2106852,4229,213,852,712.0,0.0,712.0,810,810,544.3661971830986,17,0,1000000,3000,4
526866,526866,2107464,4230,153,612,813.0,0.0,813.0,898,898,527.3856209150326,18,0,1000000,3000,4
526976,526976,2107904,4231,110,440,619.0,0.0,619.0,698,698,361.0272727272727,14,0,1000000,3000,4
527009,527009,2108036,4232,33,132,241.0,0.0,241.0,305,305,154.57575757575756,7,0,1000000,3000,4
527118,527118,2108472,4233,109,436,602.0,0.0,602.0,680,680,388.9633027522936,14,0,1000000,3000,4
527209,527209,2108836,4234,91,364,619.0,0.0,619.0,694,694,383.72527472527474,14,0,1000000,3000,4
527426,527426,2109704,4235,217,868,1028.0,0.0,1028.0,1126,1126,639.9124423963134,23,0,1000000,3000,4
527502,527502,2110008,4236,76,304,602.0,0.0,602.0,674,674,318.0394736842105,14,0,1000000,3000,4
527581,527581,2110324,4237,79,316,632.0,0.0,632.0,704,704,391.46835443037975,15,0,1000000,3000,4
527757,527757,2111028,4238,176,704,1046.0,0.0,1046.0,1137,1137,603.0170454545455,23,0,1000000,3000,4
527964,527964,2111856,4239,207,828,1328.0,0.0,1328.0,1425,1425,763.6570048309179,29,0,1000000,3000,4
528057,528057,2112228,4240,93,372,610.0,0.0,610.0,685,685,393.96774193548384,14,0,1000000,3000,4
528338,528338,2113352,4241,281,1124,1024.0,0.0,1024.0,1136,1136,624.2918149466192,23,0,1000000,3000,4
528573,528573,2114292,4242,235,940,729.0,0.0,729.0,832,832,534.5702127659574,17,0,1000000,3000,4
528670,528670,2114680,4243,97,388,623.0,0.0,623.0,699,699,366.9587628865979,14,0,1000000,3000,4
528710,528710,2114840,4244,40,160,232.0,0.0,232.0,296,296,160.2,6,0,1000000,3000,4
528913,528913,2115652,4245,203,812,1030.0,0.0,1030.0,1125,1125,637.4039408866995,23,0,1000000,3000,4
529011,529011,2116044,4246,98,392,631.0,0.0,631.0,708,708,364.38775510204084,15,0,1000000,3000,4
529040,529040,2116160,4247,29,116,247.0,0.0,247.0,310,310,153.24137931034483,7,0,1000000,3000,4
529198,529198,2116792,4248,158,632,618.0,0.0,618.0,707,707,461.26582278481015,15,0,1000000,3000,4
529274,529274,2117096,4249,76,304,616.0,0.0,616.0,689,689,343.1842105263158,14,0,1000000,3000,4
529479,529479,2117916,4250,205,820,1030.0,0.0,1030.0,1125,1125,648.8731707317073,23,0,1000000,3000,4
529631,529631,2118524,4251,152,608,742.0,0.0,742.0,829,829,504.1118421052632,17,0,1000000,3000,4
529663,529663,2118652,4252,32,128,251.0,0.0,251.0,315,315,152.03125,7,0,1000000,3000,4
529700,529700,2118800,4253,37,148,228.0,0.0,228.0,292,292,175.51351351351352,6,0,1000000,3000,4
529791,529791,2119164,4254,91,364,618.0,0.0,618.0,693,693,334.4175824175824,14,0,1000000,3000,4
530088,530088,2120352,4255,297,1188,1012.0,0.0,1012.0,1127,1127,664.3535353535353,23,0,1000000,3000,4
530190,530190,2120760,4256,102,408,611.0,0.0,611.0,688,688,399.01960784313724,14,0,1000000,3000,4
530329,530329,2121316,4257,139,556,778.0,0.0,778.0,863,863,555.2014388489208,18,0,1000000,3000,4
530368,530368,2121472,4258,39,156,231.0,0.0,231.0,296,296,162.89743589743588,6,0,1000000,3000,4
530511,530511,2122044,4259,143,572,1040.0,0.0,1040.0,1123,1123,547.034965034965,23,0,1000000,3000,4
530602,530602,2122408,4260,91,364,614.0,0.0,614.0,690,690,349.5054945054945,14,0,1000000,3000,4
530640,530640,2122560,4261,38,152,239.0,0.0,239.0,302,302,159.42105263157896,7,0,1000000,3000,4
530674,530674,2122696,4262,34,136,238.0,0.0,238.0,302,302,156.7941176470588,7,0,1000000,3000,4
530849,530849,2123396,4263,175,700,1346.0,0.0,1346.0,1438,1438,725.2742857142857,29,0,1000000,3000,4
530885,530885,2123540,4264,36,144,241.0,0.0,241.0,306,306,157.75,7,0,1000000,3000,4
530982,530982,2123928,4265,97,388,627.0,0.0,627.0,704,704,388.08247422680415,15,0,1000000,3000,4
531077,531077,2124308,4266,95,380,632.0,0.0,632.0,709,709,370.9263157894737,15,0,1000000,3000,4
531176,531176,2124704,4267,99,396,615.0,0.0,615.0,691,691,390.24242424242425,14,0,1000000,3000,4
531205,531205,2124820,4268,29,116,246.0,0.0,246.0,309,309,160.27586206896552,7,0,1000000,3000,4
531376,531376,2125504,4269,171,684,809.0,0.0,809.0,898,898,532.2163742690059,18,0,1000000,3000,4
531524,531524,2126096,4270,148,592,745.0,0.0,745.0,831,831,504.8716216216216,17,0,1000000,3000,4
531782,531782,2127128,4271,258,1032,754.0,0.0,754.0,862,862,605.484496124031,18,0,1000000,3000,4
532259,532259,2129036,4272,477,1908,2614.0,0.0,2614.0,2767,2767,1231.6876310272537,56,0,1000000,3000,4
532290,532290,2129160,4273,31,124,251.0,0.0,251.0,315,315,155.6451612903226,7,0,1000000,3000,4
532330,532330,2129320,4274,40,160,236.0,0.0,236.0,301,301,160.5,7,0,1000000,3000,4
532476,532476,2129904,4275,146,584,773.0,0.0,773.0,860,860,537.1506849315068,18,0,1000000,3000,4
532570,532570,2130280,4276,94,376,618.0,0.0,618.0,693,693,390.67021276595744,14,0,1000000,3000,4
532746,532746,2130984,4277,176,704,1035.0,0.0,1035.0,1126,1126,583.2556818181819,23,0,1000000,3000,4
533049,533049,2132196,4278,303,1212,1011.0,0.0,1011.0,1127,1127,658.6831683168317,23,0,1000000,3000,4
533339,533339,2133356,4279,290,1160,1678.0,0.0,1678.0,1793,1793,803.7344827586207,36,0,1000000,3000,4
533417,533417,2133668,4280,78,312,617.0,0.0,617.0,690,690,333.03846153846155,14,0,1000000,3000,4
533570,533570,2134280,4281,153,612,766.0,0.0,766.0,854,854,515.8104575163399,18,0,1000000,3000,4
533599,533599,2134396,4282,29,116,247.0,0.0,247.0,310,310,153.51724137931035,7,0,1000000,3000,4
533771,533771,2135084,4283,172,688,1037.0,0.0,1037.0,1126,1126,673.9244186046511,23,0,1000000,3000,4
534305,534305,2137220,4284,534,2136,3015.0,0.0,3015.0,3161,3161,1714.3913857677903,64,0,1000000,3000,4
534375,534375,2137500,4285,70,280,605.0,0.0,605.0,676,676,344.1857142857143,14,0,1000000,3000,4
534410,534410,2137640,4286,35,140,237.0,0.0,237.0,300,300,168.4857142857143,7,0,1000000,3000,4
534543,534543,2138172,4287,133,532,1047.0,0.0,1047.0,1129,1129,577.1954887218045,23,0,1000000,3000,4
534738,534738,2138952,4288,195,780,1056.0,0.0,1056.0,1152,1152,674.7076923076924,24,0,1000000,3000,4
534840,534840,2139360,4289,102,408,615.0,0.0,615.0,693,693,405.3333333333333,14,0,1000000,3000,4
534873,534873,2139492,4290,33,132,247.0,0.0,247.0,310,310,159.3939393939394,7,0,1000000,3000,4
534905,534905,2139620,4291,32,128,245.0,0.0,245.0,309,309,158.3125,7,0,1000000,3000,4
534989,534989,2139956,4292,84,336,630.0,0.0,630.0,704,704,396.85714285714283,15,0,1000000,3000,4
535118,535118,2140472,4293,129,516,732.0,0.0,732.0,815,815,477.0,17,0,1000000,3000,4
535192,535192,2140768,4294,74,296,609.0,0.0,609.0,681,681,334.6216216216216,14,0,1000000,3000,4
535345,535345,2141380,4295,153,612,637.0,0.0,637.0,722,722,492.73856209150324,15,0,1000000,3000,4
535421,535421,2141684,4296,76,304,606.0,0.0,606.0,679,679,306.0131578947368,14,0,1000000,3000,4
535608,535608,2142432,4297,187,748,1060.0,0.0,1060.0,1155,1155,630.524064171123,24,0,1000000,3000,4
535855,535855,2143420,4298,247,988,1029.0,0.0,1029.0,1135,1135,628.1781376518219,23,0,1000000,3000,4
535958,535958,2143832,4299,103,412,610.0,0.0,610.0,687,687,402.8349514563107,14,0,1000000,3000,4
535992,535992,2143968,4300,34,136,243.0,0.0,243.0,306,306,165.64705882352942,7,0,1000000,3000,4
536162,536162,2144648,4301,170,680,1036.0,0.0,1036.0,1125,1125,636.7529411764706,23,0,1000000,3000,4
536255,536255,2145020,4302,93,372,618.0,0.0,618.0,694,694,343.1290322580645,14,0,1000000,3000,4
536358,536358,2145432,4303,103,412,595.0,0.0,595.0,672,672,388.1650485436893,14,0,1000000,3000,4
536387,536387,2145548,4304,29,116,250.0,0.0,250.0,313,313,153.24137931034483,7,0,1000000,3000,4
536423,536423,2145692,4305,36,144,240.0,0.0,240.0,305,305,149.11111111111111,7,0,1000000,3000,4
536575,536575,2146300,4306,152,608,1042.0,0.0,1042.0,1127,1127,575.3552631578947,23,0,1000000,3000,4
536645,536645,2146580,4307,70,280,603.0,0.0,603.0,675,675,326.65714285714284,14,0,1000000,3000,4
536675,536675,2146700,4308,30,120,251.0,0.0,251.0,314,314,156.3,7,0,1000000,3000,4
536791,536791,2147164,4309,116,464,610.0,0.0,610.0,691,691,389.37931034482756,14,0,1000000,3000,4
536821,536821,2147284,4310,30,120,251.0,0.0,251.0,314,314,156.0,7,0,1000000,3000,4
537007,537007,2148028,4311,186,744,1036.0,0.0,1036.0,1129,1129,592.5752688172043,23,0,1000000,3000,4
537116,537116,2148464,4312,109,436,602.0,0.0,602.0,680,680,382.8073394495413,14,0,1000000,3000,4
537381,537381,2149524,4313,265,1060,1921.0,0.0,1921.0,2031,2031,908.1547169811321,41,0,1000000,3000,4
537414,537414,2149656,4314,33,132,234.0,0.0,234.0,298,298,169.3939393939394,6,0,1000000,3000,4
537604,537604,2150416,4315,190,760,1175.0,0.0,1175.0,1269,1269,706.9263157894737,26,0,1000000,3000,4
537641,537641,2150564,4316,37,148,241.0,0.0,241.0,305,305,157.05405405405406,7,0,1000000,3000,4
537683,537683,2150732,4317,42,168,234.0,0.0,234.0,300,300,149.6904761904762,7,0,1000000,3000,4
537771,537771,2151084,4318,88,352,619.0,0.0,619.0,693,693,359.625,14,0,1000000,3000,4
537941,537941,2151764,4319,170,680,1036.0,0.0,1036.0,1125,1125,601.6411764705882,23,0,1000000,3000,4
538051,538051,2152204,4320,110,440,742.0,0.0,742.0,820,820,480.1363636363636,17,0,1000000,3000,4
538084,538084,2152336,4321,33,132,248.0,0.0,248.0,311,311,155.96969696969697,7,0,1000000,3000,4
538116,538116,2152464,4322,32,128,248.0,0.0,248.0,312,312,150.1875,7,0,1000000,3000,4
538289,538289,2153156,4323,173,692,1341.0,0.0,1341.0,1433,1433,723.9768786127167,29,0,1000000,3000,4
538377,538377,2153508,4324,88,352,631.0,0.0,631.0,706,706,370.67045454545456,15,0,1000000,3000,4
538466,538466,2153864,4325,89,356,617.0,0.0,617.0,692,692,390.07865168539325,14,0,1000000,3000,4
538661,538661,2154644,4326,195,780,1036.0,0.0,1036.0,1130,1130,573.2615384615384,23,0,1000000,3000,4
538756,538756,2155024,4327,95,380,632.0,0.0,632.0,709,709,351.3578947368421,15,0,1000000,3000,4
539072,539072,2156288,4328,316,1264,1677.0,0.0,1677.0,1797,1797,873.9050632911392,36,0,1000000,3000,4
539104,539104,2156416,4329,32,128,251.0,0.0,251.0,315,315,154.34375,7,0,1000000,3000,4
539268,539268,2157072,4330,164,656,1042.0,0.0,1042.0,1130,1130,604.0,23,0,1000000,3000,4
539465,539465,2157860,4331,197,788,804.0,0.0,804.0,898,898,603.5532994923858,18,0,1000000,3000,4
539550,539550,2158200,4332,85,340,618.0,0.0,618.0,692,692,406.52941176470586,14,0,1000000,3000,4
539592,539592,2158368,4333,42,168,232.0,0.0,232.0,298,298,152.35714285714286,6,0,1000000,3000,4
539739,539739,2158956,4334,147,588,1040.0,0.0,1040.0,1125,1125,626.2448979591836,23,0,1000000,3000,4
539784,539784,2159136,4335,45,180,218.0,0.0,218.0,284,284,163.62222222222223,6,0,1000000,3000,4
540075,540075,2160300,4336,291,1164,1901.0,0.0,1901.0,2017,2017,953.6494845360825,41,0,1000000,3000,4
540114,540114,2160456,4337,39,156,224.0,0.0,224.0,288,288,168.30769230769232,6,0,1000000,3000,4
540288,540288,2161152,4338,174,696,1035.0,0.0,1035.0,1125,1125,567.764367816092,23,0,1000000,3000,4
540328,540328,2161312,4339,40,160,244.0,0.0,244.0,309,309,144.65,7,0,1000000,3000,4
540364,540364,2161456,4340,36,144,235.0,0.0,235.0,300,300,155.88888888888889,7,0,1000000,3000,4
540399,540399,2161596,4341,35,140,243.0,0.0,243.0,307,307,164.77142857142857,7,0,1000000,3000,4
540433,540433,2161732,4342,34,136,249.0,0.0,249.0,313,313,143.61764705882354,7,0,1000000,3000,4
540668,540668,2162672,4343,235,940,796.0,0.0,796.0,898,898,633.1234042553192,18,0,1000000,3000,4
540706,540706,2162824,4344,38,152,232.0,0.0,232.0,296,296,157.76315789473685,6,0,1000000,3000,4
540890,540890,2163560,4345,184,736,1035.0,0.0,1035.0,1127,1127,590.8152173913044,23,0,1000000,3000,4
540974,540974,2163896,4346,84,336,625.0,0.0,625.0,697,697,389.9166666666667,14,0,1000000,3000,4
541011,541011,2164044,4347,37,148,241.0,0.0,241.0,305,305,156.94594594594594,7,0,1000000,3000,4
541186,541186,2164744,4348,175,700,1323.0,0.0,1323.0,1413,1413,716.16,29,0,1000000,3000,4
541305,541305,2165220,4349,119,476,603.0,0.0,603.0,684,684,396.47058823529414,14,0,1000000,3000,4
541337,541337,2165348,4350,32,128,244.0,0.0,244.0,307,307,162.46875,7,0,1000000,3000,4
541371,541371,2165484,4351,34,136,242.0,0.0,242.0,305,305,162.1764705882353,7,0,1000000,3000,4
541488,541488,2165952,4352,117,468,601.0,0.0,601.0,682,682,399.1111111111111,14,0,1000000,3000,4
541577,541577,2166308,4353,89,356,626.0,0.0,626.0,701,701,395.34831460674155,15,0,1000000,3000,4
541683,541683,2166732,4354,106,424,606.0,0.0,606.0,684,684,407.3867924528302,14,0,1000000,3000,4
541726,541726,2166904,4355,43,172,231.0,0.0,231.0,297,297,151.30232558139534,6,0,1000000,3000,4
541903,541903,2167612,4356,177,708,808.0,0.0,808.0,898,898,563.6045197740114,18,0,1000000,3000,4
542192,542192,2168768,4357,289,1156,1556.0,0.0,1556.0,1670,1670,804.2837370242214,34,0,1000000,3000,4
542353,542353,2169412,4358,161,644,1049.0,0.0,1049.0,1138,1138,598.2422360248447,23,0,1000000,3000,4
542389,542389,2169556,4359,36,144,244.0,0.0,244.0,309,309,149.22222222222223,7,0,1000000,3000,4
542424,542424,2169696,4360,35,140,247.0,0.0,247.0,311,311,143.6,7,0,1000000,3000,4
542692,542692,2170768,4361,268,1072,1325.0,0.0,1325.0,1436,1436,689.9029850746268,29,0,1000000,3000,4
542735,542735,2170940,4362,43,172,234.0,0.0,234.0,299,299,142.8139534883721,6,0,1000000,3000,4
542940,542940,2171760,4363,205,820,1033.0,0.0,1033.0,1129,1129,603.9170731707317,23,0,1000000,3000,4
543098,543098,2172392,4364,158,632,1040.0,0.0,1040.0,1127,1127,572.1962025316456,23,0,1000000,3000,4
543176,543176,2172704,4365,78,312,632.0,0.0,632.0,705,705,390.96153846153845,15,0,1000000,3000,4
543216,543216,2172864,4366,40,160,233.0,0.0,233.0,299,299,153.75,6,0,1000000,3000,4
543335,543335,2173340,4367,119,476,587.0,0.0,587.0,667,667,414.03361344537814,14,0,1000000,3000,4
543378,543378,2173512,4368,43,172,230.0,0.0,230.0,295,295,152.48837209302326,6,0,1000000,3000,4
543418,543418,2173672,4369,40,160,233.0,0.0,233.0,298,298,154.275,6,0,1000000,3000,4
543500,543500,2174000,4370,82,328,620.0,0.0,620.0,694,694,346.3292682926829,14,0,1000000,3000,4
543531,543531,2174124,4371,31,124,250.0,0.0,250.0,314,314,148.96774193548387,7,0,1000000,3000,4
543615,543615,2174460,4372,84,336,633.0,0.0,633.0,707,707,356.7857142857143,15,0,1000000,3000,4
543657,543657,2174628,4373,42,168,236.0,0.0,236.0,302,302,156.02380952380952,7,0,1000000,3000,4
543695,543695,2174780,4374,38,152,236.0,0.0,236.0,300,300,161.21052631578948,7,0,1000000,3000,4
543810,543810,2175240,4375,115,460,603.0,0.0,603.0,682,682,405.5913043478261,14,0,1000000,3000,4
543903,543903,2175612,4376,93,372,609.0,0.0,609.0,684,684,383.19354838709677,14,0,1000000,3000,4
544042,544042,2176168,4377,139,556,746.0,0.0,746.0,830,830,494.76978417266184,17,0,1000000,3000,4
544270,544270,2177080,4378,228,912,1314.0,0.0,1314.0,1414,1414,737.1359649122807,29,0,1000000,3000,4
544375,544375,2177500,4379,105,420,615.0,0.0,615.0,694,694,370.77142857142854,14,0,1000000,3000,4
544484,544484,2177936,4380,109,436,605.0,0.0,605.0,683,683,379.57798165137615,14,0,1000000,3000,4
544525,544525,2178100,4381,41,164,230.0,0.0,230.0,296,296,158.3170731707317,6,0,1000000,3000,4
544691,544691,2178764,4382,166,664,810.0,0.0,810.0,898,898,572.289156626506,18,0,1000000,3000,4
544813,544813,2179252,4383,122,488,623.0,0.0,623.0,704,704,340.45081967213116,15,0,1000000,3000,4
545141,545141,2180564,4384,328,1312,1307.0,0.0,1307.0,1428,1428,726.3414634146342,29,0,1000000,3000,4
545348,545348,2181392,4385,207,828,1679.0,0.0,1679.0,1777,1777,879.4106280193237,36,0,1000000,3000,4
545574,545574,2182296,4386,226,904,1023.0,0.0,1023.0,1124,1124,591.4115044247787,23,0,1000000,3000,4
545732,545732,2182928,4387,158,632,608.0,0.0,608.0,695,695,442.7911392405063,14,0,1000000,3000,4
545821,545821,2183284,4388,89,356,605.0,0.0,605.0,680,680,312.87640449438203,14,0,1000000,3000,4
545857,545857,2183428,4389,36,144,245.0,0.0,245.0,309,309,148.11111111111111,7,0,1000000,3000,4
546143,546143,2184572,4390,286,1144,786.0,0.0,786.0,898,898,591.9475524475524,18,0,1000000,3000,4
546331,546331,2185324,4391,188,752,738.0,0.0,738.0,832,832,519.2872340425532,17,0,1000000,3000,4
546399,546399,2185596,4392,68,272,214.0,0.0,214.0,283,283,128.22058823529412,6,0,1000000,3000,4
546561,546561,2186244,4393,162,648,597.0,0.0,597.0,686,686,420.7098765432099,14,0,1000000,3000,4
546879,546879,2187516,4394,318,1272,1310.0,0.0,1310.0,1431,1431,704.8207547169811,29,0,1000000,3000,4
546966,546966,2187864,4395,87,348,640.0,0.0,640.0,715,715,346.02298850574715,15,0,1000000,3000,4
547188,547188,2188752,4396,222,888,1036.0,0.0,1036.0,1137,1137,605.2702702702703,23,0,1000000,3000,4
547317,547317,2189268,4397,129,516,577.0,0.0,577.0,659,659,384.3953488372093,14,0,1000000,3000,4
547430,547430,2189720,4398,113,452,600.0,0.0,600.0,679,679,383.6637168141593,14,0,1000000,3000,4
547478,547478,2189912,4399,48,192,228.0,0.0,228.0,294,294,144.77083333333334,6,0,1000000,3000,4
547690,547690,2190760,4400,212,848,801.0,0.0,801.0,898,898,535.2547169811321,18,0,1000000,3000,4
547930,547930,2191720,4401,240,960,1027.0,0.0,1027.0,1132,1132,618.4,23,0,1000000,3000,4
548169,548169,2192676,4402,239,956,1318.0,0.0,1318.0,1423,1423,688.5899581589958,29,0,1000000,3000,4
548254,548254,2193016,4403,85,340,610.0,0.0,610.0,685,685,323.9647058823529,14,0,1000000,3000,4
548365,548365,2193460,4404,111,444,605.0,0.0,605.0,684,684,389.5045045045045,14,0,1000000,3000,4
548399,548399,2193596,4405,34,136,246.0,0.0,246.0,310,310,151.2941176470588,7,0,1000000,3000,4
548508,548508,2194032,4406,109,436,730.0,0.0,730.0,807,807,414.8165137614679,17,0,1000000,3000,4
548645,548645,2194580,4407,137,548,781.0,0.0,781.0,866,866,549.051094890511,18,0,1000000,3000,4
548814,548814,2195256,4408,169,676,714.0,0.0,714.0,804,804,476.5739644970414,17,0,1000000,3000,4
548852,548852,2195408,4409,38,152,239.0,0.0,239.0,304,304,152.71052631578948,7,0,1000000,3000,4
548933,548933,2195732,4410,81,324,617.0,0.0,617.0,690,690,338.3333333333333,14,0,1000000,3000,4
548965,548965,2195860,4411,32,128,250.0,0.0,250.0,314,314,153.75,7,0,1000000,3000,4
549122,549122,2196488,4412,157,628,731.0,0.0,731.0,819,819,493.5350318471338,17,0,1000000,3000,4
549172,549172,2196688,4413,50,200,219.0,0.0,219.0,284,284,158.34,6,0,1000000,3000,4
549559,549559,2198236,4414,387,1548,2625.0,0.0,2625.0,2759,2759,1368.485788113695,56,0,1000000,3000,4
549908,549908,2199632,4415,349,1396,1880.0,0.0,1880.0,2007,2007,935.4670487106017,41,0,1000000,3000,4
549950,549950,2199800,4416,42,168,229.0,0.0,229.0,294,294,160.9047619047619,6,0,1000000,3000,4
550202,550202,2200808,4417,252,1008,1309.0,0.0,1309.0,1414,1414,671.6785714285714,29,0,1000000,3000,4
550361,550361,2201444,4418,159,636,812.0,0.0,812.0,898,898,557.622641509434,18,0,1000000,3000,4
550401,550401,2201604,4419,40,160,240.0,0.0,240.0,305,305,144.4,7,0,1000000,3000,4
550436,550436,2201744,4420,35,140,250.0,0.0,250.0,314,314,142.88571428571427,7,0,1000000,3000,4
550534,550534,2202136,4421,98,392,633.0,0.0,633.0,710,710,364.7551020408163,15,0,1000000,3000,4
550637,550637,2202548,4422,103,412,617.0,0.0,617.0,695,695,390.6504854368932,14,0,1000000,3000,4
550741,550741,2202964,4423,104,416,620.0,0.0,620.0,698,698,391.8173076923077,14,0,1000000,3000,4
550780,550780,2203120,4424,39,156,236.0,0.0,236.0,301,301,155.15384615384616,7,0,1000000,3000,4
550957,550957,2203828,4425,177,708,808.0,0.0,808.0,898,901,554.5367231638418,19,0,1000000,3000,4
551167,551167,2204668,4426,210,840,1027.0,0.0,1027.0,1125,1125,661.1809523809524,23,0,1000000,3000,4
551326,551326,2205304,4427,159,636,1051.0,0.0,1051.0,1138,1138,581.1446540880503,23,0,1000000,3000,4
551378,551378,2205512,4428,52,208,211.0,0.0,211.0,278,278,162.03846153846155,6,0,1000000,3000,4
551412,551412,2205648,4429,34,136,251.0,0.0,251.0,315,315,144.3235294117647,7,0,1000000,3000,4
551446,551446,2205784,4430,34,136,240.0,0.0,240.0,303,303,162.88235294117646,7,0,1000000,3000,4
551551,551551,2206204,4431,105,420,607.0,0.0,607.0,684,684,372.7047619047619,14,0,1000000,3000,4
551588,551588,2206352,4432,37,148,242.0,0.0,242.0,306,306,152.2972972972973,7,0,1000000,3000,4
551690,551690,2206760,4433,102,408,627.0,0.0,627.0,703,703,365.7843137254902,15,0,1000000,3000,4
551893,551893,2207572,4434,203,812,1030.0,0.0,1030.0,1125,1125,591.2463054187192,23,0,1000000,3000,4
552156,552156,2208624,4435,263,1052,1301.0,0.0,1301.0,1410,1410,754.8821292775665,29,0,1000000,3000,4
552188,552188,2208752,4436,32,128,245.0,0.0,245.0,307,307,164.40625,7,0,1000000,3000,4
552274,552274,2209096,4437,86,344,640.0,0.0,640.0,715,715,378.36046511627904,15,0,1000000,3000,4
552310,552310,2209240,4438,36,144,233.0,0.0,233.0,298,298,160.41666666666666,6,0,1000000,3000,4
552348,552348,2209392,4439,38,152,237.0,0.0,237.0,302,302,154.97368421052633,7,0,1000000,3000,4
552452,552452,2209808,4440,104,416,619.0,0.0,619.0,697,697,376.24038461538464,14,0,1000000,3000,4
552491,552491,2209964,4441,39,156,235.0,0.0,235.0,298,298,164.74358974358975,6,0,1000000,3000,4
552595,552595,2210380,4442,104,416,602.0,0.0,602.0,680,680,383.52884615384613,14,0,1000000,3000,4
552813,552813,2211252,4443,218,872,1025.0,0.0,1025.0,1123,1123,585.9495412844037,23,0,1000000,3000,4
553033,553033,2212132,4444,220,880,1037.0,0.0,1037.0,1138,1138,624.4954545454545,23,0,1000000,3000,4
553066,553066,2212264,4445,33,132,243.0,0.0,243.0,306,306,154.96969696969697,7,0,1000000,3000,4
553350,553350,2213400,4446,284,1136,1836.0,0.0,1836.0,1949,1949,896.6584507042254,39,0,1000000,3000,4
553530,553530,2214120,4447,180,720,1038.0,0.0,1038.0,1129,1129,618.8333333333334,23,0,1000000,3000,4
553808,553808,2215232,4448,278,1112,1840.0,0.0,1840.0,1952,1952,936.410071942446,40,0,1000000,3000,4
553970,553970,2215880,4449,162,648,742.0,0.0,742.0,832,832,529.4135802469136,17,0,1000000,3000,4
554012,554012,2216048,4450,42,168,230.0,0.0,230.0,295,295,154.28571428571428,6,0,1000000,3000,4
554104,554104,2216416,4451,92,368,630.0,0.0,630.0,706,706,363.92391304347825,15,0,1000000,3000,4
554139,554139,2216556,4452,35,140,242.0,0.0,242.0,305,305,159.54285714285714,7,0,1000000,3000,4
554292,554292,2217168,4453,153,612,637.0,0.0,637.0,722,722,469.37254901960785,15,0,1000000,3000,4
554328,554328,2217312,4454,36,144,246.0,0.0,246.0,311,311,152.5,7,0,1000000,3000,4
554490,554490,2217960,4455,162,648,811.0,0.0,811.0,898,898,541.783950617284,18,0,1000000,3000,4
554666,554666,2218664,4456,176,704,1039.0,0.0,1039.0,1131,1131,636.6931818181819,23,0,1000000,3000,4
554761,554761,2219044,4457,95,380,611.0,0.0,611.0,686,686,394.6736842105263,14,0,1000000,3000,4
554863,554863,2219452,4458,102,408,602.0,0.0,602.0,678,678,401.5882352941176,14,0,1000000,3000,4
554949,554949,2219796,4459,86,344,625.0,0.0,625.0,699,699,380.77906976744185,14,0,1000000,3000,4
554983,554983,2219932,4460,34,136,243.0,0.0,243.0,306,306,163.76470588235293,7,0,1000000,3000,4
555084,555084,2220336,4461,101,404,600.0,0.0,600.0,677,677,380.65346534653463,14,0,1000000,3000,4
555156,555156,2220624,4462,72,288,628.0,0.0,628.0,699,699,358.6388888888889,14,0,1000000,3000,4
555195,555195,2220780,4463,39,156,235.0,0.0,235.0,299,299,160.74358974358975,6,0,1000000,3000,4
555293,555293,2221172,4464,98,392,628.0,0.0,628.0,704,704,375.98979591836735,15,0,1000000,3000,4
555327,555327,2221308,4465,34,136,244.0,0.0,244.0,307,307,157.85294117647058,7,0,1000000,3000,4
555368,555368,2221472,4466,41,164,231.0,0.0,231.0,296,296,157.609756097561,6,0,1000000,3000,4
555409,555409,2221636,4467,41,164,224.0,0.0,224.0,289,289,171.0487804878049,6,0,1000000,3000,4
555450,555450,2221800,4468,41,164,231.0,0.0,231.0,296,296,159.02439024390245,6,0,1000000,3000,4
555659,555659,2222636,4469,209,836,756.0,0.0,756.0,854,854,488.67464114832535,18,0,1000000,3000,4
555904,555904,2223616,4470,245,980,1033.0,0.0,1033.0,1138,1138,630.0612244897959,23,0,1000000,3000,4
555946,555946,2223784,4471,42,168,229.0,0.0,229.0,294,294,157.73809523809524,6,0,1000000,3000,4
555979,555979,2223916,4472,33,132,245.0,0.0,245.0,308,308,161.4848484848485,7,0,1000000,3000,4
556018,556018,2224072,4473,39,156,239.0,0.0,239.0,303,303,150.76923076923077,7,0,1000000,3000,4
556178,556178,2224712,4474,160,640,1050.0,0.0,1050.0,1139,1139,592.85,23,0,1000000,3000,4
556437,556437,2225748,4475,259,1036,1023.0,0.0,1023.0,1131,1131,659.2393822393823,23,0,1000000,3000,4
556482,556482,2225928,4476,45,180,220.0,0.0,220.0,285,285,165.9111111111111,6,0,1000000,3000,4
556727,556727,2226908,4477,245,980,1420.0,0.0,1420.0,1527,1527,718.9714285714285,31,0,1000000,3000,4
556866,556866,2227464,4478,139,556,728.0,0.0,728.0,811,811,453.1438848920863,17,0,1000000,3000,4
556908,556908,2227632,4479,42,168,233.0,0.0,233.0,297,297,159.5952380952381,6,0,1000000,3000,4
556955,556955,2227820,4480,47,188,220.0,0.0,220.0,286,286,164.27659574468086,6,0,1000000,3000,4
557125,557125,2228500,4481,170,680,634.0,0.0,634.0,722,723,488.2176470588235,15,0,1000000,3000,4
557170,557170,2228680,4482,45,180,230.0,0.0,230.0,294,294,148.17777777777778,6,0,1000000,3000,4
557265,557265,2229060,4483,95,380,594.0,0.0,594.0,668,668,418.18947368421055,14,0,1000000,3000,4
557306,557306,2229224,4484,41,164,233.0,0.0,233.0,298,298,159.6829268292683,6,0,1000000,3000,4
557415,557415,2229660,4485,109,436,626.0,0.0,626.0,704,704,368.6605504587156,15,0,1000000,3000,4
557517,557517,2230068,4486,102,408,609.0,0.0,609.0,686,686,387.9901960784314,14,0,1000000,3000,4
557739,557739,2230956,4487,222,888,716.0,0.0,716.0,818,818,542.4009009009009,17,0,1000000,3000,4
557823,557823,2231292,4488,84,336,601.0,0.0,601.0,675,675,301.7261904761905,14,0,1000000,3000,4
557912,557912,2231648,4489,89,356,624.0,0.0,624.0,698,698,377.4719101123595,14,0,1000000,3000,4
558017,558017,2232068,4490,105,420,614.0,0.0,614.0,692,692,375.44761904761907,14,0,1000000,3000,4
558287,558287,2233148,4491,270,1080,1290.0,0.0,1290.0,1401,1401,761.4222222222222,29,0,1000000,3000,4
558541,558541,2234164,4492,254,1016,1020.0,0.0,1020.0,1126,1126,718.6181102362204,23,0,1000000,3000,4
558625,558625,2234500,4493,84,336,606.0,0.0,606.0,680,680,350.0952380952381,14,0,1000000,3000,4
558748,558748,2234992,4494,123,492,1048.0,0.0,1048.0,1128,1128,536.2032520325204,23,0,1000000,3000,4
558778,558778,2235112,4495,30,120,247.0,0.0,247.0,311,311,152.6,7,0,1000000,3000,4
558874,558874,2235496,4496,96,384,623.0,0.0,623.0,700,700,356.4791666666667,15,0,1000000,3000,4
558916,558916,2235664,4497,42,168,231.0,0.0,231.0,297,297,163.73809523809524,6,0,1000000,3000,4
558954,558954,2235816,4498,38,152,239.0,0.0,239.0,304,304,153.8421052631579,7,0,1000000,3000,4
559065,559065,2236260,4499,111,444,600.0,0.0,600.0,680,680,398.02702702702703,14,0,1000000,3000,4
559159,559159,2236636,4500,94,376,619.0,0.0,619.0,695,695,371.24468085106383,14,0,1000000,3000,4
559237,559237,2236948,4501,78,312,620.0,0.0,620.0,692,692,353.65384615384613,14,0,1000000,3000,4
559395,559395,2237580,4502,158,632,1040.0,0.0,1040.0,1127,1127,557.4556962025316,23,0,1000000,3000,4
559494,559494,2237976,4503,99,396,628.0,0.0,628.0,705,705,354.5151515151515,15,0,1000000,3000,4
559722,559722,2238888,4504,228,912,1412.0,0.0,1412.0,1515,1515,745.8684210526316,31,0,1000000,3000,4
559941,559941,2239764,4505,219,876,1333.0,0.0,1333.0,1434,1434,714.3424657534247,29,0,1000000,3000,4
559977,559977,2239908,4506,36,144,244.0,0.0,244.0,309,309,140.83333333333334,7,0,1000000,3000,4
560073,560073,2240292,4507,96,384,610.0,0.0,610.0,687,687,380.0833333333333,14,0,1000000,3000,4
560102,560102,2240408,4508,29,116,249.0,0.0,249.0,312,312,155.58620689655172,7,0,1000000,3000,4
560281,560281,2241124,4509,179,716,1347.0,0.0,1347.0,1440,1440,695.268156424581,29,0,1000000,3000,4
560314,560314,2241256,4510,33,132,246.0,0.0,246.0,309,309,152.63636363636363,7,0,1000000,3000,4
560498,560498,2241992,4511,184,736,1323.0,0.0,1323.0,1414,1414,730.4836956521739,29,0,1000000,3000,4
560682,560682,2242728,4512,184,736,1034.0,0.0,1034.0,1126,1126,639.9130434782609,23,0,1000000,3000,4
560832,560832,2243328,4513,150,600,754.0,0.0,754.0,841,841,551.8866666666667,17,0,1000000,3000,4
560992,560992,2243968,4514,160,640,635.0,0.0,635.0,722,724,467.1125,15,0,1000000,3000,4
561155,561155,2244620,4515,163,652,737.0,0.0,737.0,826,826,532.1717791411043,17,0,1000000,3000,4
561263,561263,2245052,4516,108,432,717.0,0.0,717.0,795,795,395.75,16,0,1000000,3000,4
561458,561458,2245832,4517,195,780,732.0,0.0,732.0,827,827,465.7846153846154,17,0,1000000,3000,4
561560,561560,2246240,4518,102,408,625.0,0.0,625.0,702,702,386.70588235294116,15,0,1000000,3000,4
561589,561589,2246356,4519,29,116,251.0,0.0,251.0,314,314,160.0344827586207,7,0,1000000,3000,4
561745,561745,2246980,4520,156,624,745.0,0.0,745.0,833,833,505.44871794871796,17,0,1000000,3000,4
561788,561788,2247152,4521,43,172,217.0,0.0,217.0,283,283,169.41860465116278,6,0,1000000,3000,4
561969,561969,2247876,4522,181,724,733.0,0.0,733.0,826,826,501.585635359116,17,0,1000000,3000,4
562177,562177,2248708,4523,208,832,1337.0,0.0,1337.0,1436,1436,701.1394230769231,29,0,1000000,3000,4
562269,562269,2249076,4524,92,368,625.0,0.0,625.0,700,700,373.6630434782609,15,0,1000000,3000,4
562310,562310,2249240,4525,41,164,228.0,0.0,228.0,293,293,166.85365853658536,6,0,1000000,3000,4
562395,562395,2249580,4526,85,340,651.0,0.0,651.0,722,722,357.94117647058823,15,0,1000000,3000,4
562502,562502,2250008,4527,107,428,625.0,0.0,625.0,702,702,380.69158878504675,15,0,1000000,3000,4
562724,562724,2250896,4528,222,888,1667.0,0.0,1667.0,1769,1769,909.8153153153153,36,0,1000000,3000,4
562911,562911,2251644,4529,187,748,1315.0,0.0,1315.0,1409,1409,657.0160427807486,29,0,1000000,3000,4
562998,562998,2251992,4530,87,348,636.0,0.0,636.0,711,711,358.08045977011494,15,0,1000000,3000,4
563219,563219,2252876,4531,221,884,1133.0,0.0,1133.0,1233,1233,662.1131221719457,25,0,1000000,3000,4
563419,563419,2253676,4532,200,800,1146.0,0.0,1146.0,1242,1242,701.225,25,0,1000000,3000,4
563459,563459,2253836,4533,40,160,233.0,0.0,233.0,297,297,158.225,6,0,1000000,3000,4
563558,563558,2254232,4534,99,396,621.0,0.0,621.0,697,697,382.35353535353534,14,0,1000000,3000,4
563645,563645,2254580,4535,87,348,617.0,0.0,617.0,691,691,348.11494252873564,14,0,1000000,3000,4
563749,563749,2254996,4536,104,416,626.0,0.0,626.0,703,703,368.15384615384613,15,0,1000000,3000,4
563923,563923,2255692,4537,174,696,753.0,0.0,753.0,845,845,526.3333333333334,17,0,1000000,3000,4
564075,564075,2256300,4538,152,608,1038.0,0.0,1038.0,1124,1124,647.1513157894736,23,0,1000000,3000,4
564240,564240,2256960,4539,165,660,1052.0,0.0,1052.0,1140,1140,631.0848484848485,23,0,1000000,3000,4
564489,564489,2257956,4540,249,996,1306.0,0.0,1306.0,1412,1412,728.7028112449799,29,0,1000000,3000,4
564563,564563,2258252,4541,74,296,617.0,0.0,617.0,688,688,348.2432432432432,14,0,1000000,3000,4
564648,564648,2258592,4542,85,340,622.0,0.0,622.0,696,696,402.47058823529414,14,0,1000000,3000,4
564774,564774,2259096,4543,126,504,576.0,0.0,576.0,657,657,414.91269841269843,14,0,1000000,3000,4
564927,564927,2259708,4544,153,612,1038.0,0.0,1038.0,1124,1124,596.8954248366013,23,0,1000000,3000,4
564959,564959,2259836,4545,32,128,241.0,0.0,241.0,304,304,162.75,7,0,1000000,3000,4
565164,565164,2260656,4546,205,820,1029.0,0.0,1029.0,1125,1125,625.6682926829268,23,0,1000000,3000,4
565215,565215,2260860,4547,51,204,221.0,0.0,221.0,289,289,151.6078431372549,6,0,1000000,3000,4
565354,565354,2261416,4548,139,556,1050.0,0.0,1050.0,1133,1133,608.6474820143885,23,0,1000000,3000,4
565385,565385,2261540,4549,31,124,246.0,0.0,246.0,310,310,148.8709677419355,7,0,1000000,3000,4
565611,565611,2262444,4550,226,904,1027.0,0.0,1027.0,1128,1128,652.4867256637168,23,0,1000000,3000,4
565710,565710,2262840,4551,99,396,633.0,0.0,633.0,709,709,364.3939393939394,15,0,1000000,3000,4
565809,565809,2263236,4552,99,396,626.0,0.0,626.0,703,703,378.55555555555554,15,0,1000000,3000,4
565855,565855,2263420,4553,46,184,220.0,0.0,220.0,287,287,154.34782608695653,6,0,1000000,3000,4
565895,565895,2263580,4554,40,160,232.0,0.0,232.0,297,297,160.5,6,0,1000000,3000,4
565931,565931,2263724,4555,36,144,240.0,0.0,240.0,304,304,154.80555555555554,7,0,1000000,3000,4
566047,566047,2264188,4556,116,464,599.0,0.0,599.0,679,679,387.4913793103448,14,0,1000000,3000,4
566260,566260,2265040,4557,213,852,1028.0,0.0,1028.0,1126,1126,637.0845070422536,23,0,1000000,3000,4
566372,566372,2265488,4558,112,448,618.0,0.0,618.0,696,696,369.61607142857144,14,0,1000000,3000,4
566411,566411,2265644,4559,39,156,232.0,0.0,232.0,296,296,158.46153846153845,6,0,1000000,3000,4
566447,566447,2265788,4560,36,144,241.0,0.0,241.0,305,305,154.47222222222223,7,0,1000000,3000,4
566534,566534,2266136,4561,87,348,611.0,0.0,611.0,684,684,321.9080459770115,14,0,1000000,3000,4
566815,566815,2267260,4562,281,1124,1018.0,0.0,1018.0,1130,1130,657.4270462633452,23,0,1000000,3000,4
567099,567099,2268396,4563,284,1136,1319.0,0.0,1319.0,1432,1432,674.7605633802817,29,0,1000000,3000,4
567311,567311,2269244,4564,212,848,1030.0,0.0,1030.0,1128,1128,647.3254716981132,23,0,1000000,3000,4
567359,567359,2269436,4565,48,192,219.0,0.0,219.0,284,284,165.29166666666666,6,0,1000000,3000,4
567635,567635,2270540,4566,276,1104,1396.0,0.0,1396.0,1507,1507,786.1231884057971,31,0,1000000,3000,4
567908,567908,2271632,4567,273,1092,1024.0,0.0,1024.0,1135,1135,665.4102564102565,23,0,1000000,3000,4
568116,568116,2272464,4568,208,832,1048.0,0.0,1048.0,1147,1147,561.0048076923077,23,0,1000000,3000,4
568266,568266,2273064,4569,150,600,813.0,0.0,813.0,898,898,567.9266666666666,18,0,1000000,3000,4
568529,568529,2274116,4570,263,1052,791.0,0.0,791.0,898,899,545.2509505703422,18,0,1000000,3000,4
568817,568817,2275268,4571,288,1152,1015.0,0.0,1015.0,1128,1128,720.9965277777778,23,0,1000000,3000,4
568856,568856,2275424,4572,39,156,243.0,0.0,243.0,307,307,148.76923076923077,7,0,1000000,3000,4
568897,568897,2275588,4573,41,164,236.0,0.0,236.0,302,302,144.14634146341464,7,0,1000000,3000,4
569065,569065,2276260,4574,168,672,752.0,0.0,752.0,843,843,501.0952380952381,17,0,1000000,3000,4
569251,569251,2277004,4575,186,744,1341.0,0.0,1341.0,1436,1436,696.5698924731183,29,0,1000000,3000,4
569509,569509,2278036,4576,258,1032,1540.0,0.0,1540.0,1648,1648,844.4612403100775,33,0,1000000,3000,4
569546,569546,2278184,4577,37,148,242.0,0.0,242.0,306,306,153.3783783783784,7,0,1000000,3000,4
569720,569720,2278880,4578,174,696,1036.0,0.0,1036.0,1126,1126,579.9942528735633,23,0,1000000,3000,4
569764,569764,2279056,4579,44,176,232.0,0.0,232.0,296,296,152.5,6,0,1000000,3000,4
569798,569798,2279192,4580,34,136,239.0,0.0,239.0,301,301,161.08823529411765,7,0,1000000,3000,4
569895,569895,2279580,4581,97,388,621.0,0.0,621.0,698,698,375.8453608247423,14,0,1000000,3000,4
569937,569937,2279748,4582,42,168,234.0,0.0,234.0,300,300,155.16666666666666,7,0,1000000,3000,4
570377,570377,2281508,4583,440,1760,2326.0,0.0,2326.0,2470,2470,1292.4022727272727,50,0,1000000,3000,4
570480,570480,2281920,4584,103,412,623.0,0.0,623.0,700,700,381.3009708737864,15,0,1000000,3000,4
570514,570514,2282056,4585,34,136,248.0,0.0,248.0,312,312,145.0,7,0,1000000,3000,4
570596,570596,2282384,4586,82,328,613.0,0.0,613.0,687,687,349.0609756097561,14,0,1000000,3000,4
570687,570687,2282748,4587,91,364,605.0,0.0,605.0,681,681,334.6263736263736,14,0,1000000,3000,4
570868,570868,2283472,4588,181,724,807.0,0.0,807.0,898,898,556.9226519337017,18,0,1000000,3000,4
571004,571004,2284016,4589,136,544,1053.0,0.0,1053.0,1136,1136,621.7058823529412,23,0,1000000,3000,4
571107,571107,2284428,4590,103,412,625.0,0.0,625.0,702,702,384.92233009708735,15,0,1000000,3000,4
571319,571319,2285276,4591,212,848,1027.0,0.0,1027.0,1124,1124,661.877358490566,23,0,1000000,3000,4
571483,571483,2285932,4592,164,656,737.0,0.0,737.0,826,826,482.4024390243902,17,0,1000000,3000,4
571515,571515,2286060,4593,32,128,245.0,0.0,245.0,309,309,152.84375,7,0,1000000,3000,4
571605,571605,2286420,4594,90,360,650.0,0.0,650.0,722,722,387.27777777777777,15,0,1000000,3000,4
571641,571641,2286564,4595,36,144,241.0,0.0,241.0,305,305,159.75,7,0,1000000,3000,4
571853,571853,2287412,4596,212,848,1030.0,0.0,1030.0,1128,1128,646.8915094339623,23,0,1000000,3000,4
571949,571949,2287796,4597,96,384,637.0,0.0,637.0,714,714,380.6979166666667,15,0,1000000,3000,4
572040,572040,2288160,4598,91,364,622.0,0.0,622.0,697,697,389.27472527472526,14,0,1000000,3000,4
572071,572071,2288284,4599,31,124,249.0,0.0,249.0,313,313,149.32258064516128,7,0,1000000,3000,4
572292,572292,2289168,4600,221,884,1331.0,0.0,1331.0,1433,1433,728.1357466063348,29,0,1000000,3000,4
572484,572484,2289936,4601,192,768,1430.0,0.0,1430.0,1526,1526,790.4635416666666,31,0,1000000,3000,4
572648,572648,2290592,4602,164,656,811.0,0.0,811.0,898,900,540.6219512195122,19,0,1000000,3000,4
572876,572876,2291504,4603,228,912,1701.0,0.0,1701.0,1804,1804,853.0921052631579,37,0,1000000,3000,4
572906,572906,2291624,4604,30,120,247.0,0.0,247.0,311,311,152.46666666666667,7,0,1000000,3000,4
572984,572984,2291936,4605,78,312,632.0,0.0,632.0,705,705,385.7307692307692,15,0,1000000,3000,4
573017,573017,2292068,4606,33,132,241.0,0.0,241.0,304,304,160.84848484848484,7,0,1000000,3000,4
573223,573223,2292892,4607,206,824,1029.0,0.0,1029.0,1126,1126,617.1019417475728,23,0,1000000,3000,4
573302,573302,2293208,4608,79,316,629.0,0.0,629.0,702,702,391.54430379746833,15,0,1000000,3000,4
573331,573331,2293324,4609,29,116,249.0,0.0,249.0,312,312,153.9655172413793,7,0,1000000,3000,4
573492,573492,2293968,4610,161,644,635.0,0.0,635.0,722,722,503.54658385093165,15,0,1000000,3000,4
573572,573572,2294288,4611,80,320,634.0,0.0,634.0,707,707,384.0,15,0,1000000,3000,4
573685,573685,2294740,4612,113,452,607.0,0.0,607.0,686,686,387.3362831858407,14,0,1000000,3000,4
573794,573794,2295176,4613,109,436,734.0,0.0,734.0,812,812,507.9633027522936,17,0,1000000,3000,4
573825,573825,2295300,4614,31,124,246.0,0.0,246.0,310,310,156.3548387096774,7,0,1000000,3000,4
573956,573956,2295824,4615,131,524,1047.0,0.0,1047.0,1129,1129,636.1450381679389,23,0,1000000,3000,4
574171,574171,2296684,4616,215,860,1335.0,0.0,1335.0,1435,1435,666.9069767441861,29,0,1000000,3000,4
574462,574462,2297848,4617,291,1164,1318.0,0.0,1318.0,1434,1434,647.360824742268,29,0,1000000,3000,4
574492,574492,2297968,4618,30,120,247.0,0.0,247.0,311,311,152.43333333333334,7,0,1000000,3000,4
574576,574576,2298304,4619,84,336,614.0,0.0,614.0,688,688,415.1547619047619,14,0,1000000,3000,4
574734,574734,2298936,4620,158,632,1345.0,0.0,1345.0,1434,1434,712.5506329113924,29,0,1000000,3000,4
574765,574765,2299060,4621,31,124,249.0,0.0,249.0,313,313,154.67741935483872,7,0,1000000,3000,4
574803,574803,2299212,4622,38,152,238.0,0.0,238.0,303,303,154.18421052631578,7,0,1000000,3000,4
574925,574925,2299700,4623,122,488,1043.0,0.0,1043.0,1123,1123,580.2131147540983,23,0,1000000,3000,4
574959,574959,2299836,4624,34,136,249.0,0.0,249.0,313,313,153.26470588235293,7,0,1000000,3000,4
575058,575058,2300232,4625,99,396,632.0,0.0,632.0,709,709,378.22222222222223,15,0,1000000,3000,4
575153,575153,2300612,4626,95,380,619.0,0.0,619.0,696,696,394.5578947368421,14,0,1000000,3000,4
575329,575329,2301316,4627,176,704,1342.0,0.0,1342.0,1435,1435,678.625,29,0,1000000,3000,4
575497,575497,2301988,4628,168,672,1041.0,0.0,1041.0,1130,1130,581.9583333333334,23,0,1000000,3000,4
575527,575527,2302108,4629,30,120,246.0,0.0,246.0,310,310,147.3,7,0,1000000,3000,4
575562,575562,2302248,4630,35,140,240.0,0.0,240.0,304,304,164.68571428571428,7,0,1000000,3000,4
575672,575672,2302688,4631,110,440,627.0,0.0,627.0,706,706,401.0181818181818,15,0,1000000,3000,4
575777,575777,2303108,4632,105,420,623.0,0.0,623.0,701,701,395.6666666666667,15,0,1000000,3000,4
575886,575886,2303544,4633,109,436,618.0,0.0,618.0,697,697,386.4954128440367,14,0,1000000,3000,4
575998,575998,2303992,4634,112,448,617.0,0.0,617.0,697,697,403.69642857142856,14,0,1000000,3000,4
576083,576083,2304332,4635,85,340,636.0,0.0,636.0,710,710,376.94117647058823,15,0,1000000,3000,4
576305,576305,2305220,4636,222,888,1029.0,0.0,1029.0,1129,1129,623.0450450450451,23,0,1000000,3000,4
576504,576504,2306016,4637,199,796,1041.0,0.0,1041.0,1136,1136,653.8341708542714,23,0,1000000,3000,4
576535,576535,2306140,4638,31,124,247.0,0.0,247.0,311,311,154.74193548387098,7,0,1000000,3000,4
576621,576621,2306484,4639,86,344,623.0,0.0,623.0,698,698,359.04651162790697,14,0,1000000,3000,4
576818,576818,2307272,4640,197,788,1698.0,0.0,1698.0,1795,1795,781.4111675126903,36,0,1000000,3000,4
576906,576906,2307624,4641,88,352,604.0,0.0,604.0,679,679,321.65909090909093,14,0,1000000,3000,4
576992,576992,2307968,4642,86,344,618.0,0.0,618.0,693,693,365.66279069767444,14,0,1000000,3000,4
577028,577028,2308112,4643,36,144,235.0,0.0,235.0,299,299,168.05555555555554,6,0,1000000,3000,4
577064,577064,2308256,4644,36,144,244.0,0.0,244.0,308,308,148.91666666666666,7,0,1000000,3000,4
577095,577095,2308380,4645,31,124,247.0,0.0,247.0,311,311,150.32258064516128,7,0,1000000,3000,4
577131,577131,2308524,4646,36,144,245.0,0.0,245.0,309,309,158.5,7,0,1000000,3000,4
577310,577310,2309240,4647,179,716,570.0,0.0,570.0,662,662,477.6033519553073,14,0,1000000,3000,4
577468,577468,2309872,4648,158,632,740.0,0.0,740.0,829,829,477.65822784810126,17,0,1000000,3000,4
577715,577715,2310860,4649,247,988,1031.0,0.0,1031.0,1137,1137,634.0890688259109,23,0,1000000,3000,4
577967,577967,2311868,4650,252,1008,1327.0,0.0,1327.0,1435,1435,634.6746031746031,29,0,1000000,3000,4
578133,578133,2312532,4651,166,664,634.0,0.0,634.0,722,722,441.93373493975906,15,0,1000000,3000,4
578518,578518,2314072,4652,385,1540,994.0,0.0,994.0,1126,1126,708.3818181818182,23,0,1000000,3000,4
578803,578803,2315212,4653,285,1140,1896.0,0.0,1896.0,2011,2011,1035.7649122807018,41,0,1000000,3000,4
578861,578861,2315444,4654,58,232,232.0,0.0,232.0,300,300,109.25862068965517,7,0,1000000,3000,4
578981,578981,2315924,4655,120,480,1052.0,0.0,1052.0,1132,1132,518.0083333333333,23,0,1000000,3000,4
579055,579055,2316220,4656,74,296,607.0,0.0,607.0,679,679,318.2162162162162,14,0,1000000,3000,4
579295,579295,2317180,4657,240,960,1125.0,0.0,1125.0,1230,1230,658.0791666666667,25,0,1000000,3000,4
579326,579326,2317304,4658,31,124,248.0,0.0,248.0,312,312,148.0,7,0,1000000,3000,4
579358,579358,2317432,4659,32,128,252.0,0.0,252.0,316,316,151.8125,7,0,1000000,3000,4
579467,579467,2317868,4660,109,436,620.0,0.0,620.0,699,699,378.7155963302752,14,0,1000000,3000,4
579507,579507,2318028,4661,40,160,236.0,0.0,236.0,300,300,153.6,7,0,1000000,3000,4
579543,579543,2318172,4662,36,144,237.0,0.0,237.0,300,306,168.75,7,0,1000000,3000,4
579576,579576,2318304,4663,33,132,248.0,0.0,248.0,312,312,152.66666666666666,7,0,1000000,3000,4
579686,579686,2318744,4664,110,440,618.0,0.0,618.0,697,697,341.5181818181818,14,0,1000000,3000,4
579880,579880,2319520,4665,194,776,1318.0,0.0,1318.0,1412,1412,701.3298969072165,29,0,1000000,3000,4
579914,579914,2319656,4666,34,136,246.0,0.0,246.0,310,310,150.2058823529412,7,0,1000000,3000,4
580019,580019,2320076,4667,105,420,625.0,0.0,625.0,702,702,386.16190476190474,15,0,1000000,3000,4
580279,580279,2321116,4668,260,1040,1318.0,0.0,1318.0,1427,1427,727.8692307692307,29,0,1000000,3000,4
580312,580312,2321248,4669,33,132,246.0,0.0,246.0,310,310,155.4848484848485,7,0,1000000,3000,4
580357,580357,2321428,4670,45,180,229.0,0.0,229.0,293,293,158.84444444444443,6,0,1000000,3000,4
580533,580533,2322132,4671,176,704,1337.0,0.0,1337.0,1430,1430,661.3693181818181,29,0,1000000,3000,4
580682,580682,2322728,4672,149,596,802.0,0.0,802.0,888,888,550.2348993288591,18,0,1000000,3000,4
580815,580815,2323260,4673,133,532,598.0,0.0,598.0,681,681,454.42857142857144,14,0,1000000,3000,4
580909,580909,2323636,4674,94,376,621.0,0.0,621.0,696,696,370.3085106382979,14,0,1000000,3000,4
581054,581054,2324216,4675,145,580,748.0,0.0,748.0,832,832,503.1034482758621,17,0,1000000,3000,4
581283,581283,2325132,4676,229,916,1045.0,0.0,1045.0,1148,1148,500.4061135371179,23,0,1000000,3000,4
581330,581330,2325320,4677,47,188,228.0,0.0,228.0,294,294,141.31914893617022,6,0,1000000,3000,4
581365,581365,2325460,4678,35,140,245.0,0.0,245.0,308,308,151.31428571428572,7,0,1000000,3000,4
581441,581441,2325764,4679,76,304,652.0,0.0,652.0,722,722,376.30263157894734,15,0,1000000,3000,4
581597,581597,2326388,4680,156,624,811.0,0.0,811.0,897,898,577.4038461538462,18,0,1000000,3000,4
581765,581765,2327060,4681,168,672,744.0,0.0,744.0,835,835,510.3809523809524,17,0,1000000,3000,4
581826,581826,2327304,4682,61,244,610.0,0.0,610.0,680,680,336.4754098360656,14,0,1000000,3000,4
581858,581858,2327432,4683,32,128,249.0,0.0,249.0,313,313,158.0,7,0,1000000,3000,4
581945,581945,2327780,4684,87,348,630.0,0.0,630.0,705,705,395.735632183908,15,0,1000000,3000,4
581981,581981,2327924,4685,36,144,245.0,0.0,245.0,309,309,144.58333333333334,7,0,1000000,3000,4
582009,582009,2328036,4686,28,112,247.0,0.0,247.0,310,310,157.0,7,0,1000000,3000,4
582043,582043,2328172,4687,34,136,248.0,0.0,248.0,312,312,141.8235294117647,7,0,1000000,3000,4
582074,582074,2328296,4688,31,124,244.0,0.0,244.0,308,308,161.41935483870967,7,0,1000000,3000,4
582107,582107,2328428,4689,33,132,247.0,0.0,247.0,310,310,141.87878787878788,7,0,1000000,3000,4
582309,582309,2329236,4690,202,808,1578.0,0.0,1578.0,1676,1676,765.8564356435644,34,0,1000000,3000,4
582341,582341,2329364,4691,32,128,246.0,0.0,246.0,310,310,155.46875,7,0,1000000,3000,4
582424,582424,2329696,4692,83,332,634.0,0.0,634.0,708,708,367.56626506024094,15,0,1000000,3000,4
582590,582590,2330360,4693,166,664,1035.0,0.0,1035.0,1123,1123,575.7409638554217,23,0,1000000,3000,4
582673,582673,2330692,4694,83,332,632.0,0.0,632.0,705,705,399.3614457831325,15,0,1000000,3000,4
582751,582751,2331004,4695,78,312,634.0,0.0,634.0,706,706,386.3974358974359,15,0,1000000,3000,4
582783,582783,2331132,4696,32,128,250.0,0.0,250.0,314,314,159.6875,7,0,1000000,3000,4
582969,582969,2331876,4697,186,744,1343.0,0.0,1343.0,1438,1438,665.7795698924731,29,0,1000000,3000,4
583158,583158,2332632,4698,189,756,1431.0,0.0,1431.0,1526,1526,779.2063492063492,31,0,1000000,3000,4
583297,583297,2333188,4699,139,556,816.0,0.0,816.0,898,898,580.043165467626,18,0,1000000,3000,4
583383,583383,2333532,4700,86,344,616.0,0.0,616.0,691,691,347.74418604651163,14,0,1000000,3000,4
583473,583473,2333892,4701,90,360,599.0,0.0,599.0,673,673,421.25555555555553,14,0,1000000,3000,4
583752,583752,2335008,4702,279,1116,1673.0,0.0,1673.0,1783,1783,869.426523297491,36,0,1000000,3000,4
583862,583862,2335448,4703,110,440,605.0,0.0,605.0,684,684,340.3454545454546,14,0,1000000,3000,4
583893,583893,2335572,4704,31,124,249.0,0.0,249.0,313,313,152.25806451612902,7,0,1000000,3000,4
583927,583927,2335708,4705,34,136,250.0,0.0,250.0,314,314,148.02941176470588,7,0,1000000,3000,4
584028,584028,2336112,4706,101,404,618.0,0.0,618.0,695,695,366.1980198019802,14,0,1000000,3000,4
584133,584133,2336532,4707,105,420,620.0,0.0,620.0,698,698,358.9047619047619,14,0,1000000,3000,4
584213,584213,2336852,4708,80,320,652.0,0.0,652.0,722,722,370.1,15,0,1000000,3000,4
584255,584255,2337020,4709,42,168,238.0,0.0,238.0,303,303,148.02380952380952,7,0,1000000,3000,4
584425,584425,2337700,4710,170,680,788.0,0.0,788.0,878,878,536.364705882353,18,0,1000000,3000,4
584463,584463,2337852,4711,38,152,245.0,0.0,245.0,310,310,139.1315789473684,7,0,1000000,3000,4
584510,584510,2338040,4712,47,188,229.0,0.0,229.0,296,296,150.06382978723406,6,0,1000000,3000,4
584610,584610,2338440,4713,100,400,628.0,0.0,628.0,705,705,331.51,15,0,1000000,3000,4
584749,584749,2338996,4714,139,556,1042.0,0.0,1042.0,1124,1124,568.2877697841726,23,0,1000000,3000,4
584825,584825,2339300,4715,76,304,612.0,0.0,612.0,685,685,327.9868421052632,14,0,1000000,3000,4
584957,584957,2339828,4716,132,528,1065.0,0.0,1065.0,1149,1149,560.9015151515151,23,0,1000000,3000,4
584996,584996,2339984,4717,39,156,233.0,0.0,233.0,297,297,156.84615384615384,6,0,1000000,3000,4
585072,585072,2340288,4718,76,304,637.0,0.0,637.0,710,710,394.57894736842104,15,0,1000000,3000,4
585252,585252,2341008,4719,180,720,808.0,0.0,808.0,898,898,600.1055555555556,18,0,1000000,3000,4
585324,585324,2341296,4720,72,288,606.0,0.0,606.0,678,678,331.125,14,0,1000000,3000,4
585439,585439,2341756,4721,115,460,604.0,0.0,604.0,682,682,375.76521739130436,14,0,1000000,3000,4
585476,585476,2341904,4722,37,148,232.0,0.0,232.0,295,295,164.75675675675674,6,0,1000000,3000,4
585553,585553,2342212,4723,77,308,620.0,0.0,620.0,692,692,350.97402597402595,14,0,1000000,3000,4
585629,585629,2342516,4724,76,304,608.0,0.0,608.0,680,680,322.61842105263156,14,0,1000000,3000,4
586122,586122,2344488,4725,493,1972,1284.0,0.0,1284.0,1440,1440,782.6227180527384,29,0,1000000,3000,4
586303,586303,2345212,4726,181,724,1318.0,0.0,1318.0,1411,1411,735.939226519337,29,0,1000000,3000,4
586424,586424,2345696,4727,121,484,600.0,0.0,600.0,682,682,398.26446280991735,14,0,1000000,3000,4
586463,586463,2345852,4728,39,156,235.0,0.0,235.0,298,298,163.12820512820514,6,0,1000000,3000,4
586698,586698,2346792,4729,235,940,1418.0,0.0,1418.0,1522,1522,721.0382978723404,31,0,1000000,3000,4
586782,586782,2347128,4730,84,336,623.0,0.0,623.0,697,697,361.57142857142856,14,0,1000000,3000,4
586864,586864,2347456,4731,82,328,608.0,0.0,608.0,681,681,351.8658536585366,14,0,1000000,3000,4
587090,587090,2348360,4732,226,904,1035.0,0.0,1035.0,1137,1137,706.20796460177,23,0,1000000,3000,4
587265,587265,2349060,4733,175,700,1146.0,0.0,1146.0,1238,1238,581.7885714285715,25,0,1000000,3000,4
587298,587298,2349192,4734,33,132,246.0,0.0,246.0,308,308,155.57575757575756,7,0,1000000,3000,4
587455,587455,2349820,4735,157,628,636.0,0.0,636.0,722,722,505.49044585987264,15,0,1000000,3000,4
587484,587484,2349936,4736,29,116,248.0,0.0,248.0,311,311,158.31034482758622,7,0,1000000,3000,4
587629,587629,2350516,4737,145,580,1333.0,0.0,1333.0,1418,1418,732.2413793103449,29,0,1000000,3000,4
587803,587803,2351212,4738,174,696,791.0,0.0,791.0,882,882,533.2298850574713,18,0,1000000,3000,4
587835,587835,2351340,4739,32,128,249.0,0.0,249.0,312,312,151.625,7,0,1000000,3000,4
588025,588025,2352100,4740,190,760,1317.0,0.0,1317.0,1410,1410,736.3368421052631,29,0,1000000,3000,4
588063,588063,2352252,4741,38,152,237.0,0.0,237.0,302,302,161.8684210526316,7,0,1000000,3000,4
588099,588099,2352396,4742,36,144,245.0,0.0,245.0,308,308,155.77777777777777,7,0,1000000,3000,4
588178,588178,2352712,4743,79,316,632.0,0.0,632.0,704,704,378.8987341772152,15,0,1000000,3000,4
588288,588288,2353152,4744,110,440,628.0,0.0,628.0,707,707,364.24545454545455,15,0,1000000,3000,4
588470,588470,2353880,4745,182,728,1323.0,0.0,1323.0,1416,1416,760.7142857142857,29,0,1000000,3000,4
588566,588566,2354264,4746,96,384,618.0,0.0,618.0,694,694,378.2083333333333,14,0,1000000,3000,4
588733,588733,2354932,4747,167,668,1048.0,0.0,1048.0,1138,1138,618.2934131736527,23,0,1000000,3000,4
588767,588767,2355068,4748,34,136,239.0,0.0,239.0,303,303,158.3235294117647,7,0,1000000,3000,4
588799,588799,2355196,4749,32,128,247.0,0.0,247.0,309,309,158.0625,7,0,1000000,3000,4
588833,588833,2355332,4750,34,136,241.0,0.0,241.0,304,304,160.73529411764707,7,0,1000000,3000,4
588864,588864,2355456,4751,31,124,248.0,0.0,248.0,312,312,151.16129032258064,7,0,1000000,3000,4
588954,588954,2355816,4752,90,360,608.0,0.0,608.0,683,683,344.2888888888889,14,0,1000000,3000,4
588987,588987,2355948,4753,33,132,242.0,0.0,242.0,305,305,161.96969696969697,7,0,1000000,3000,4
589228,589228,2356912,4754,241,964,1321.0,0.0,1321.0,1426,1426,779.0580912863071,29,0,1000000,3000,4
589397,589397,2357588,4755,169,676,1041.0,0.0,1041.0,1130,1130,612.7988165680473,23,0,1000000,3000,4
589573,589573,2358292,4756,176,704,1038.0,0.0,1038.0,1129,1129,613.2443181818181,23,0,1000000,3000,4
589717,589717,2358868,4757,144,576,1043.0,0.0,1043.0,1127,1127,547.9444444444445,23,0,1000000,3000,4
589752,589752,2359008,4758,35,140,239.0,0.0,239.0,304,304,160.8,7,0,1000000,3000,4
589951,589951,2359804,4759,199,796,1337.0,0.0,1337.0,1434,1434,648.8291457286432,29,0,1000000,3000,4
590132,590132,2360528,4760,181,724,1035.0,0.0,1035.0,1127,1127,600.828729281768,23,0,1000000,3000,4
590168,590168,2360672,4761,36,144,233.0,0.0,233.0,297,297,165.66666666666666,6,0,1000000,3000,4
590362,590362,2361448,4762,194,776,1696.0,0.0,1696.0,1791,1791,867.5567010309278,36,0,1000000,3000,4
590402,590402,2361608,4763,40,160,232.0,0.0,232.0,297,297,160.625,6,0,1000000,3000,4
590530,590530,2362120,4764,128,512,587.0,0.0,587.0,669,669,450.7734375,14,0,1000000,3000,4
590613,590613,2362452,4765,83,332,635.0,0.0,635.0,709,709,383.3975903614458,15,0,1000000,3000,4
590648,590648,2362592,4766,35,140,233.0,0.0,233.0,297,297,166.05714285714285,6,0,1000000,3000,4
590684,590684,2362736,4767,36,144,244.0,0.0,244.0,309,309,154.08333333333334,7,0,1000000,3000,4
590717,590717,2362868,4768,33,132,249.0,0.0,249.0,312,312,149.0909090909091,7,0,1000000,3000,4
590961,590961,2363844,4769,244,976,753.0,0.0,753.0,858,858,537.1680327868852,18,0,1000000,3000,4
591101,591101,2364404,4770,140,560,735.0,0.0,735.0,820,820,515.1714285714286,17,0,1000000,3000,4
591133,591133,2364532,4771,32,128,246.0,0.0,246.0,309,309,152.40625,7,0,1000000,3000,4
591165,591165,2364660,4772,32,128,243.0,0.0,243.0,306,306,157.78125,7,0,1000000,3000,4
591249,591249,2364996,4773,84,336,611.0,0.0,611.0,684,684,330.6666666666667,14,0,1000000,3000,4
591370,591370,2365480,4774,121,484,1067.0,0.0,1067.0,1149,1149,562.0,23,0,1000000,3000,4
591406,591406,2365624,4775,36,144,243.0,0.0,243.0,308,308,151.58333333333334,7,0,1000000,3000,4
591435,591435,2365740,4776,29,116,252.0,0.0,252.0,314,314,156.17241379310346,7,0,1000000,3000,4
591467,591467,2365868,4777,32,128,252.0,0.0,252.0,316,316,154.40625,7,0,1000000,3000,4
591543,591543,2366172,4778,76,304,608.0,0.0,608.0,680,680,321.42105263157896,14,0,1000000,3000,4
591631,591631,2366524,4779,88,352,626.0,0.0,626.0,701,701,371.75,15,0,1000000,3000,4
591717,591717,2366868,4780,86,344,637.0,0.0,637.0,712,712,388.2906976744186,15,0,1000000,3000,4
591748,591748,2366992,4781,31,124,247.0,0.0,247.0,311,311,154.70967741935485,7,0,1000000,3000,4
591781,591781,2367124,4782,33,132,246.0,0.0,246.0,309,309,149.0,7,0,1000000,3000,4
591895,591895,2367580,4783,114,456,1057.0,0.0,1057.0,1136,1136,585.4473684210526,23,0,1000000,3000,4
591925,591925,2367700,4784,30,120,245.0,0.0,245.0,309,309,151.66666666666666,7,0,1000000,3000,4
592113,592113,2368452,4785,188,752,1034.0,0.0,1034.0,1127,1127,579.7765957446809,23,0,1000000,3000,4
592315,592315,2369260,4786,202,808,1147.0,0.0,1147.0,1245,1245,635.2920792079208,25,0,1000000,3000,4
592344,592344,2369376,4787,29,116,248.0,0.0,248.0,311,311,163.89655172413794,7,0,1000000,3000,4
592376,592376,2369504,4788,32,128,246.0,0.0,246.0,309,309,155.28125,7,0,1000000,3000,4
592459,592459,2369836,4789,83,332,651.0,0.0,651.0,722,722,383.5421686746988,15,0,1000000,3000,4
592492,592492,2369968,4790,33,132,235.0,0.0,235.0,299,299,170.8181818181818,6,0,1000000,3000,4
592530,592530,2370120,4791,38,152,232.0,0.0,232.0,296,296,164.21052631578948,6,0,1000000,3000,4
592689,592689,2370756,4792,159,636,1049.0,0.0,1049.0,1137,1137,581.6352201257862,23,0,1000000,3000,4
592866,592866,2371464,4793,177,708,767.0,0.0,767.0,860,860,545.0960451977401,18,0,1000000,3000,4
592932,592932,2371728,4794,66,264,616.0,0.0,616.0,687,687,341.030303030303,14,0,1000000,3000,4
593163,593163,2372652,4795,231,924,1027.0,0.0,1027.0,1129,1129,635.987012987013,23,0,1000000,3000,4
593262,593262,2373048,4796,99,396,590.0,0.0,590.0,666,666,405.1212121212121,14,0,1000000,3000,4
593337,593337,2373348,4797,75,300,612.0,0.0,612.0,685,685,319.44,14,0,1000000,3000,4
593374,593374,2373496,4798,37,148,230.0,0.0,230.0,294,294,166.0810810810811,6,0,1000000,3000,4
593463,593463,2373852,4799,89,356,624.0,0.0,624.0,699,699,366.438202247191,14,0,1000000,3000,4
593496,593496,2373984,4800,33,132,243.0,0.0,243.0,305,305,156.93939393939394,7,0,1000000,3000,4
593583,593583,2374332,4801,87,348,612.0,0.0,612.0,685,685,401.0919540229885,14,0,1000000,3000,4
593792,593792,2375168,4802,209,836,1315.0,0.0,1315.0,1413,1413,704.5215311004785,29,0,1000000,3000,4
593823,593823,2375292,4803,31,124,250.0,0.0,250.0,314,314,152.32258064516128,7,0,1000000,3000,4
593868,593868,2375472,4804,45,180,230.0,0.0,230.0,294,294,157.42222222222222,6,0,1000000,3000,4
594190,594190,2376760,4805,322,1288,1289.0,0.0,1289.0,1410,1410,669.664596273292,29,0,1000000,3000,4
594225,594225,2376900,4806,35,140,247.0,0.0,247.0,312,312,147.62857142857143,7,0,1000000,3000,4
594267,594267,2377068,4807,42,168,235.0,0.0,235.0,301,301,146.92857142857142,7,0,1000000,3000,4
594298,594298,2377192,4808,31,124,245.0,0.0,245.0,308,308,152.7741935483871,7,0,1000000,3000,4
594384,594384,2377536,4809,86,344,650.0,0.0,650.0,722,722,363.3953488372093,15,0,1000000,3000,4
594518,594518,2378072,4810,134,536,611.0,0.0,611.0,695,695,467.5970149253731,14,0,1000000,3000,4
594641,594641,2378564,4811,123,492,601.0,0.0,601.0,681,681,396.2764227642276,14,0,1000000,3000,4
594822,594822,2379288,4812,181,724,1038.0,0.0,1038.0,1130,1130,609.0055248618785,23,0,1000000,3000,4
594862,594862,2379448,4813,40,160,241.0,0.0,241.0,305,305,145.675,7,0,1000000,3000,4
594910,594910,2379640,4814,48,192,221.0,0.0,221.0,286,286,157.5,6,0,1000000,3000,4
595084,595084,2380336,4815,174,696,633.0,0.0,633.0,722,723,496.6609195402299,15,0,1000000,3000,4
595119,595119,2380476,4816,35,140,244.0,0.0,244.0,308,308,147.54285714285714,7,0,1000000,3000,4
595160,595160,2380640,4817,41,164,243.0,0.0,243.0,308,308,149.1951219512195,7,0,1000000,3000,4
595360,595360,2381440,4818,200,800,741.0,0.0,741.0,838,838,530.295,17,0,1000000,3000,4
595464,595464,2381856,4819,104,416,605.0,0.0,605.0,683,683,344.1826923076923,14,0,1000000,3000,4
595500,595500,2382000,4820,36,144,247.0,0.0,247.0,311,311,146.27777777777777,7,0,1000000,3000,4
595781,595781,2383124,4821,281,1124,1301.0,0.0,1301.0,1412,1412,742.7935943060498,29,0,1000000,3000,4
596014,596014,2384056,4822,233,932,1416.0,0.0,1416.0,1520,1520,726.7510729613734,31,0,1000000,3000,4
596045,596045,2384180,4823,31,124,247.0,0.0,247.0,311,311,152.58064516129033,7,0,1000000,3000,4
596289,596289,2385156,4824,244,976,1024.0,0.0,1024.0,1127,1127,637.9795081967213,23,0,1000000,3000,4
596435,596435,2385740,4825,146,584,638.0,0.0,638.0,722,723,506.9178082191781,15,0,1000000,3000,4
596747,596747,2386988,4826,312,1248,1307.0,0.0,1307.0,1427,1427,727.3108974358975,29,0,1000000,3000,4
596830,596830,2387320,4827,83,332,627.0,0.0,627.0,699,699,335.9759036144578,14,0,1000000,3000,4
596873,596873,2387492,4828,43,172,228.0,0.0,228.0,293,293,159.30232558139534,6,0,1000000,3000,4
596914,596914,2387656,4829,41,164,235.0,0.0,235.0,300,300,159.8048780487805,7,0,1000000,3000,4
597048,597048,2388192,4830,134,536,711.0,0.0,711.0,793,793,473.14179104477614,16,0,1000000,3000,4
597267,597267,2389068,4831,219,876,1027.0,0.0,1027.0,1126,1126,588.8401826484019,23,0,1000000,3000,4
597510,597510,2390040,4832,243,972,1327.0,0.0,1327.0,1433,1433,718.3374485596707,29,0,1000000,3000,4
597760,597760,2391040,4833,250,1000,1021.0,0.0,1021.0,1126,1126,644.08,23,0,1000000,3000,4
597855,597855,2391420,4834,95,380,634.0,0.0,634.0,709,709,356.9578947368421,15,0,1000000,3000,4
597895,597895,2391580,4835,40,160,222.0,0.0,222.0,285,285,176.625,6,0,1000000,3000,4
597945,597945,2391780,4836,50,200,225.0,0.0,225.0,291,291,154.3,6,0,1000000,3000,4
598042,598042,2392168,4837,97,388,603.0,0.0,603.0,679,679,398.3917525773196,14,0,1000000,3000,4
598083,598083,2392332,4838,41,164,231.0,0.0,231.0,296,296,160.0731707317073,6,0,1000000,3000,4
598130,598130,2392520,4839,47,188,223.0,0.0,223.0,289,289,155.3404255319149,6,0,1000000,3000,4
598228,598228,2392912,4840,98,392,635.0,0.0,635.0,712,712,376.88775510204084,15,0,1000000,3000,4
598378,598378,2393512,4841,150,600,637.0,0.0,637.0,722,723,501.49333333333334,15,0,1000000,3000,4
598487,598487,2393948,4842,109,436,584.0,0.0,584.0,662,662,394.43119266055044,14,0,1000000,3000,4
598718,598718,2394872,4843,231,924,1307.0,0.0,1307.0,1409,1409,704.8787878787879,29,0,1000000,3000,4
598817,598817,2395268,4844,99,396,625.0,0.0,625.0,702,702,352.52525252525254,15,0,1000000,3000,4
599056,599056,2396224,4845,239,956,1024.0,0.0,1024.0,1126,1126,666.907949790795,23,0,1000000,3000,4
599281,599281,2397124,4846,225,900,1029.0,0.0,1029.0,1129,1129,652.2844444444445,23,0,1000000,3000,4
599497,599497,2397988,4847,216,864,1039.0,0.0,1039.0,1139,1139,627.5092592592592,23,0,1000000,3000,4
599616,599616,2398464,4848,119,476,612.0,0.0,612.0,692,692,361.20168067226894,14,0,1000000,3000,4
599657,599657,2398628,4849,41,164,232.0,0.0,232.0,297,297,154.609756097561,6,0,1000000,3000,4
599875,599875,2399500,4850,218,872,1034.0,0.0,1034.0,1134,1134,558.0871559633027,23,0,1000000,3000,4
599913,599913,2399652,4851,38,152,235.0,0.0,235.0,300,300,147.92105263157896,7,0,1000000,3000,4
600129,600129,2400516,4852,216,864,1028.0,0.0,1028.0,1127,1127,617.5138888888889,23,0,1000000,3000,4
600165,600165,2400660,4853,36,144,243.0,0.0,243.0,307,307,141.30555555555554,7,0,1000000,3000,4
600295,600295,2401180,4854,130,520,612.0,0.0,612.0,695,695,362.5923076923077,14,0,1000000,3000,4
600382,600382,2401528,4855,87,348,615.0,0.0,615.0,689,689,338.95402298850576,14,0,1000000,3000,4
600414,600414,2401656,4856,32,128,245.0,0.0,245.0,308,308,153.46875,7,0,1000000,3000,4
600567,600567,2402268,4857,153,612,1039.0,0.0,1039.0,1124,1124,612.1960784313726,23,0,1000000,3000,4
600642,600642,2402568,4858,75,300,612.0,0.0,612.0,683,683,345.36,14,0,1000000,3000,4
600674,600674,2402696,4859,32,128,247.0,0.0,247.0,310,310,159.40625,7,0,1000000,3000,4
600856,600856,2403424,4860,182,728,1327.0,0.0,1327.0,1419,1419,645.565934065934,29,0,1000000,3000,4
600920,600920,2403680,4861,64,256,610.0,0.0,610.0,680,680,325.46875,14,0,1000000,3000,4
600952,600952,2403808,4862,32,128,249.0,0.0,249.0,313,313,149.53125,7,0,1000000,3000,4
601055,601055,2404220,4863,103,412,622.0,0.0,622.0,700,700,374.7378640776699,15,0,1000000,3000,4
601235,601235,2404940,4864,180,720,1037.0,0.0,1037.0,1128,1128,611.4777777777778,23,0,1000000,3000,4
601273,601273,2405092,4865,38,152,235.0,0.0,235.0,300,300,153.1578947368421,7,0,1000000,3000,4
601388,601388,2405552,4866,115,460,597.0,0.0,597.0,677,677,390.8,14,0,1000000,3000,4
601647,601647,2406588,4867,259,1036,1867.0,0.0,1867.0,1976,1976,889.3667953667954,40,0,1000000,3000,4
601928,601928,2407712,4868,281,1124,1297.0,0.0,1297.0,1410,1410,746.3309608540925,29,0,1000000,3000,4
602079,602079,2408316,4869,151,604,1052.0,0.0,1052.0,1139,1139,586.476821192053,23,0,1000000,3000,4
602279,602279,2409116,4870,200,800,1039.0,0.0,1039.0,1136,1136,591.01,23,0,1000000,3000,4
602523,602523,2410092,4871,244,976,1034.0,0.0,1034.0,1138,1138,600.8155737704918,23,0,1000000,3000,4
602685,602685,2410740,4872,162,648,635.0,0.0,635.0,722,722,461.81481481481484,15,0,1000000,3000,4
602798,602798,2411192,4873,113,452,599.0,0.0,599.0,679,679,376.3185840707965,14,0,1000000,3000,4
602831,602831,2411324,4874,33,132,246.0,0.0,246.0,309,309,153.06060606060606,7,0,1000000,3000,4
603134,603134,2412536,4875,303,1212,1315.0,0.0,1315.0,1433,1433,711.953795379538,29,0,1000000,3000,4
603470,603470,2413880,4876,336,1344,1677.0,0.0,1677.0,1801,1801,889.4285714285714,37,0,1000000,3000,4
603545,603545,2414180,4877,75,300,603.0,0.0,603.0,675,675,309.24,14,0,1000000,3000,4
603956,603956,2415824,4878,411,1644,997.0,0.0,997.0,1135,1135,697.4695863746958,23,0,1000000,3000,4
604084,604084,2416336,4879,128,512,747.0,0.0,747.0,829,829,503.7578125,17,0,1000000,3000,4
604445,604445,2417780,4880,361,1444,1391.0,0.0,1391.0,1520,1520,757.6592797783934,31,0,1000000,3000,4
604806,604806,2419224,4881,361,1444,1648.0,0.0,1648.0,1778,1778,896.5096952908588,36,0,1000000,3000,4
605045,605045,2420180,4882,239,956,1022.0,0.0,1022.0,1124,1124,613.673640167364,23,0,1000000,3000,4
605224,605224,2420896,4883,179,716,750.0,0.0,750.0,841,841,535.8938547486033,17,0,1000000,3000,4
605365,605365,2421460,4884,141,564,1043.0,0.0,1043.0,1127,1127,552.6241134751773,23,0,1000000,3000,4
605407,605407,2421628,4885,42,168,229.0,0.0,229.0,294,294,164.5952380952381,6,0,1000000,3000,4
605437,605437,2421748,4886,30,120,249.0,0.0,249.0,313,313,152.63333333333333,7,0,1000000,3000,4
605574,605574,2422296,4887,137,548,816.0,0.0,816.0,898,898,577.5766423357665,18,0,1000000,3000,4
605719,605719,2422876,4888,145,580,1044.0,0.0,1044.0,1128,1128,629.4620689655172,23,0,1000000,3000,4
605801,605801,2423204,4889,82,328,634.0,0.0,634.0,707,707,374.6341463414634,15,0,1000000,3000,4
605832,605832,2423328,4890,31,124,246.0,0.0,246.0,310,310,158.48387096774192,7,0,1000000,3000,4
605951,605951,2423804,4891,119,476,627.0,0.0,627.0,708,708,382.3193277310924,15,0,1000000,3000,4
606169,606169,2424676,4892,218,872,1317.0,0.0,1317.0,1415,1415,719.7798165137615,29,0,1000000,3000,4
606199,606199,2424796,4893,30,120,250.0,0.0,250.0,314,314,154.26666666666668,7,0,1000000,3000,4
606301,606301,2425204,4894,102,408,624.0,0.0,624.0,702,702,392.47058823529414,15,0,1000000,3000,4
606544,606544,2426176,4895,243,972,795.0,0.0,795.0,898,898,630.5432098765432,18,0,1000000,3000,4
606684,606684,2426736,4896,140,560,640.0,0.0,640.0,722,722,511.85,15,0,1000000,3000,4
606764,606764,2427056,4897,80,320,634.0,0.0,634.0,706,706,360.95,15,0,1000000,3000,4
606800,606800,2427200,4898,36,144,246.0,0.0,246.0,311,311,151.86111111111111,7,0,1000000,3000,4
606833,606833,2427332,4899,33,132,243.0,0.0,243.0,307,307,156.1818181818182,7,0,1000000,3000,4
606926,606926,2427704,4900,93,372,613.0,0.0,613.0,689,689,336.6989247311828,14,0,1000000,3000,4
606963,606963,2427852,4901,37,148,241.0,0.0,241.0,305,305,158.8108108108108,7,0,1000000,3000,4
607132,607132,2428528,4902,169,676,1140.0,0.0,1140.0,1229,1229,621.2603550295858,25,0,1000000,3000,4
607350,607350,2429400,4903,218,872,1320.0,0.0,1320.0,1419,1419,736.4908256880734,29,0,1000000,3000,4
607387,607387,2429548,4904,37,148,238.0,0.0,238.0,303,303,156.43243243243242,7,0,1000000,3000,4
607562,607562,2430248,4905,175,700,1035.0,0.0,1035.0,1125,1125,631.28,23,0,1000000,3000,4
607644,607644,2430576,4906,82,328,615.0,0.0,615.0,688,688,340.0243902439024,14,0,1000000,3000,4
607915,607915,2431660,4907,271,1084,1015.0,0.0,1015.0,1124,1124,708.7859778597787,23,0,1000000,3000,4
608360,608360,2433440,4908,445,1780,1505.0,0.0,1505.0,1651,1651,799.7235955056179,34,0,1000000,3000,4
608605,608605,2434420,4909,245,980,1313.0,0.0,1313.0,1419,1419,719.2,29,0,1000000,3000,4
608870,608870,2435480,4910,265,1060,1301.0,0.0,1301.0,1410,1410,692.1622641509434,29,0,1000000,3000,4
609048,609048,2436192,4911,178,712,762.0,0.0,762.0,854,854,545.2977528089888,18,0,1000000,3000,4
609091,609091,2436364,4912,43,172,226.0,0.0,226.0,291,291,155.32558139534885,6,0,1000000,3000,4
609385,609385,2437540,4913,294,1176,1322.0,0.0,1322.0,1438,1438,726.5238095238095,29,0,1000000,3000,4
609600,609600,2438400,4914,215,860,1332.0,0.0,1332.0,1432,1432,670.8976744186047,29,0,1000000,3000,4
609633,609633,2438532,4915,33,132,247.0,0.0,247.0,311,311,146.63636363636363,7,0,1000000,3000,4
609714,609714,2438856,4916,81,324,629.0,0.0,629.0,702,702,385.4567901234568,15,0,1000000,3000,4
609818,609818,2439272,4917,104,416,604.0,0.0,604.0,682,682,337.6923076923077,14,0,1000000,3000,4
609916,609916,2439664,4918,98,392,633.0,0.0,633.0,709,709,384.1938775510204,15,0,1000000,3000,4
609959,609959,2439836,4919,43,172,237.0,0.0,237.0,302,302,144.6046511627907,7,0,1000000,3000,4
610040,610040,2440160,4920,81,324,604.0,0.0,604.0,678,678,314.4074074074074,14,0,1000000,3000,4
610229,610229,2440916,4921,189,756,1036.0,0.0,1036.0,1129,1129,592.3227513227513,23,0,1000000,3000,4
610427,610427,2441708,4922,198,792,1331.0,0.0,1331.0,1427,1427,707.010101010101,29,0,1000000,3000,4
610588,610588,2442352,4923,161,644,1039.0,0.0,1039.0,1127,1127,572.0372670807453,23,0,1000000,3000,4
610628,610628,2442512,4924,40,160,232.0,0.0,232.0,295,295,163.45,6,0,1000000,3000,4
610780,610780,2443120,4925,152,608,1040.0,0.0,1040.0,1125,1125,625.0197368421053,23,0,1000000,3000,4
610955,610955,2443820,4926,175,700,1038.0,0.0,1038.0,1128,1128,624.0342857142857,23,0,1000000,3000,4
611151,611151,2444604,4927,196,784,1045.0,0.0,1045.0,1141,1141,612.3214285714286,23,0,1000000,3000,4
611357,611357,2445428,4928,206,824,1315.0,0.0,1315.0,1412,1412,662.242718446602,29,0,1000000,3000,4
611441,611441,2445764,4929,84,336,616.0,0.0,616.0,689,689,346.1904761904762,14,0,1000000,3000,4
611662,611662,2446648,4930,221,884,1029.0,0.0,1029.0,1129,1129,656.7420814479638,23,0,1000000,3000,4
611807,611807,2447228,4931,145,580,638.0,0.0,638.0,722,723,497.64827586206894,15,0,1000000,3000,4
612070,612070,2448280,4932,263,1052,1418.0,0.0,1418.0,1528,1528,752.4220532319391,31,0,1000000,3000,4
612102,612102,2448408,4933,32,128,248.0,0.0,248.0,312,312,153.96875,7,0,1000000,3000,4
612201,612201,2448804,4934,99,396,617.0,0.0,617.0,693,693,394.3636363636364,14,0,1000000,3000,4
612328,612328,2449312,4935,127,508,723.0,0.0,723.0,805,805,475.7244094488189,17,0,1000000,3000,4
612783,612783,2451132,4936,455,1820,1287.0,0.0,1287.0,1435,1435,727.8241758241758,29,0,1000000,3000,4
612885,612885,2451540,4937,102,408,618.0,0.0,618.0,696,696,370.01960784313724,14,0,1000000,3000,4
612923,612923,2451692,4938,38,152,235.0,0.0,235.0,299,299,163.1315789473684,6,0,1000000,3000,4
612963,612963,2451852,4939,40,160,231.0,0.0,231.0,295,295,160.025,6,0,1000000,3000,4
613069,613069,2452276,4940,106,424,623.0,0.0,623.0,701,701,372.60377358490564,15,0,1000000,3000,4
613169,613169,2452676,4941,100,400,606.0,0.0,606.0,683,683,404.14,14,0,1000000,3000,4
613316,613316,2453264,4942,147,588,638.0,0.0,638.0,722,723,513.8911564625851,15,0,1000000,3000,4
613512,613512,2454048,4943,196,784,804.0,0.0,804.0,898,899,569.5510204081633,18,0,1000000,3000,4
613552,613552,2454208,4944,40,160,231.0,0.0,231.0,295,295,160.275,6,0,1000000,3000,4
613657,613657,2454628,4945,105,420,597.0,0.0,597.0,673,673,403.1714285714286,14,0,1000000,3000,4
613769,613769,2455076,4946,112,448,578.0,0.0,578.0,657,657,418.00892857142856,14,0,1000000,3000,4
613919,613919,2455676,4947,150,600,723.0,0.0,723.0,810,810,481.1533333333333,17,0,1000000,3000,4
613951,613951,2455804,4948,32,128,237.0,0.0,237.0,301,301,161.53125,7,0,1000000,3000,4
613989,613989,2455956,4949,38,152,237.0,0.0,237.0,300,300,155.1578947368421,7,0,1000000,3000,4
614195,614195,2456780,4950,206,824,802.0,0.0,802.0,898,898,566.9077669902913,18,0,1000000,3000,4
614567,614567,2458268,4951,372,1488,769.0,0.0,769.0,898,899,667.7688172043011,18,0,1000000,3000,4
614596,614596,2458384,4952,29,116,250.0,0.0,250.0,312,312,158.58620689655172,7,0,1000000,3000,4
614803,614803,2459212,4953,207,828,626.0,0.0,626.0,722,723,560.6231884057971,15,0,1000000,3000,4
615077,615077,2460308,4954,274,1096,1298.0,0.0,1298.0,1409,1409,713.7591240875912,29,0,1000000,3000,4
615160,615160,2460640,4955,83,332,623.0,0.0,623.0,695,695,409.5421686746988,14,0,1000000,3000,4
615204,615204,2460816,4956,44,176,219.0,0.0,219.0,283,283,168.54545454545453,6,0,1000000,3000,4
615241,615241,2460964,4957,37,148,235.0,0.0,235.0,298,298,165.02702702702703,6,0,1000000,3000,4
615330,615330,2461320,4958,89,356,601.0,0.0,601.0,675,675,304.29213483146066,14,0,1000000,3000,4
615497,615497,2461988,4959,167,668,1035.0,0.0,1035.0,1123,1123,579.8802395209581,23,0,1000000,3000,4
615530,615530,2462120,4960,33,132,244.0,0.0,244.0,308,308,160.84848484848484,7,0,1000000,3000,4
615642,615642,2462568,4961,112,448,592.0,0.0,592.0,671,671,391.04464285714283,14,0,1000000,3000,4
615790,615790,2463160,4962,148,592,638.0,0.0,638.0,722,723,489.0,15,0,1000000,3000,4
615878,615878,2463512,4963,88,352,636.0,0.0,636.0,710,710,369.59090909090907,15,0,1000000,3000,4
615909,615909,2463636,4964,31,124,252.0,0.0,252.0,315,315,151.5483870967742,7,0,1000000,3000,4
616288,616288,2465152,4965,379,1516,2342.0,0.0,2342.0,2473,2473,1235.5778364116095,50,0,1000000,3000,4
616496,616496,2465984,4966,208,832,1335.0,0.0,1335.0,1434,1434,675.4615384615385,29,0,1000000,3000,4
616531,616531,2466124,4967,35,140,235.0,0.0,235.0,299,299,169.65714285714284,6,0,1000000,3000,4
616721,616721,2466884,4968,190,760,1032.0,0.0,1032.0,1125,1125,618.2947368421053,23,0,1000000,3000,4
616757,616757,2467028,4969,36,144,231.0,0.0,231.0,294,294,165.16666666666666,6,0,1000000,3000,4
616841,616841,2467364,4970,84,336,611.0,0.0,611.0,684,684,325.4642857142857,14,0,1000000,3000,4
616989,616989,2467956,4971,148,592,751.0,0.0,751.0,836,836,489.18243243243245,17,0,1000000,3000,4
617031,617031,2468124,4972,42,168,240.0,0.0,240.0,304,304,147.35714285714286,7,0,1000000,3000,4
617070,617070,2468280,4973,39,156,226.0,0.0,226.0,290,290,168.3846153846154,6,0,1000000,3000,4
617156,617156,2468624,4974,86,344,620.0,0.0,620.0,695,695,335.4767441860465,14,0,1000000,3000,4
617450,617450,2469800,4975,294,1176,785.0,0.0,785.0,898,898,608.7925170068028,18,0,1000000,3000,4
617627,617627,2470508,4976,177,708,808.0,0.0,808.0,898,898,570.8587570621469,18,0,1000000,3000,4
617664,617664,2470656,4977,37,148,235.0,0.0,235.0,299,299,160.9189189189189,6,0,1000000,3000,4
617867,617867,2471468,4978,203,812,1041.0,0.0,1041.0,1138,1138,597.6847290640394,23,0,1000000,3000,4
618037,618037,2472148,4979,170,680,731.0,0.0,731.0,821,821,497.22352941176473,17,0,1000000,3000,4
618230,618230,2472920,4980,193,772,773.0,0.0,773.0,868,868,542.860103626943,18,0,1000000,3000,4
618449,618449,2473796,4981,219,876,1029.0,0.0,1029.0,1128,1128,595.3881278538813,23,0,1000000,3000,4
618612,618612,2474448,4982,163,652,635.0,0.0,635.0,722,724,475.7484662576687,15,0,1000000,3000,4
618896,618896,2475584,4983,284,1136,1013.0,0.0,1013.0,1125,1125,655.2535211267606,23,0,1000000,3000,4
618990,618990,2475960,4984,94,376,614.0,0.0,614.0,690,690,337.5425531914894,14,0,1000000,3000,4
619029,619029,2476116,4985,39,156,231.0,0.0,231.0,295,295,167.2051282051282,6,0,1000000,3000,4
619300,619300,2477200,4986,271,1084,1417.0,0.0,1417.0,1529,1529,762.1143911439115,31,0,1000000,3000,4
619336,619336,2477344,4987,36,144,239.0,0.0,239.0,303,303,160.44444444444446,7,0,1000000,3000,4
619438,619438,2477752,4988,102,408,631.0,0.0,631.0,708,708,382.3627450980392,15,0,1000000,3000,4
619475,619475,2477900,4989,37,148,235.0,0.0,235.0,298,298,160.24324324324326,6,0,1000000,3000,4
619635,619635,2478540,4990,160,640,761.0,0.0,761.0,850,850,525.31875,18,0,1000000,3000,4
619731,619731,2478924,4991,96,384,614.0,0.0,614.0,691,691,336.5,14,0,1000000,3000,4
619871,619871,2479484,4992,140,560,1053.0,0.0,1053.0,1138,1138,542.9285714285714,23,0,1000000,3000,4
620176,620176,2480704,4993,305,1220,1300.0,0.0,1300.0,1416,1416,722.7311475409836,29,0,1000000,3000,4
620378,620378,2481512,4994,202,808,1333.0,0.0,1333.0,1431,1431,751.4950495049505,29,0,1000000,3000,4
620680,620680,2482720,4995,302,1208,1891.0,0.0,1891.0,2008,2008,977.0529801324503,41,0,1000000,3000,4
620771,620771,2483084,4996,91,364,634.0,0.0,634.0,709,709,376.9010989010989,15,0,1000000,3000,4
621098,621098,2484392,4997,327,1308,1312.0,0.0,1312.0,1435,1435,779.8042813455658,29,0,1000000,3000,4
621421,621421,2485684,4998,323,1292,1007.0,0.0,1007.0,1126,1126,753.7430340557275,23,0,1000000,3000,4
621691,621691,2486764,4999,270,1080,732.0,0.0,732.0,843,843,598.7666666666667,17,0,1000000,3000,4
621741,621741,2486964,5000,50,200,215.0,0.0,215.0,282,282,160.68,6,0,1000000,3000,4
621953,621953,2487812,5001,212,848,1148.0,0.0,1148.0,1248,1248,616.3915094339623,25,0,1000000,3000,4
622044,622044,2488176,5002,91,364,619.0,0.0,619.0,693,693,388.6043956043956,14,0,1000000,3000,4
622080,622080,2488320,5003,36,144,246.0,0.0,246.0,310,310,146.88888888888889,7,0,1000000,3000,4
622192,622192,2488768,5004,112,448,589.0,0.0,589.0,668,668,406.76785714285717,14,0,1000000,3000,4
622226,622226,2488904,5005,34,136,244.0,0.0,244.0,306,306,154.76470588235293,7,0,1000000,3000,4
622326,622326,2489304,5006,100,400,596.0,0.0,596.0,671,671,401.13,14,0,1000000,3000,4
622488,622488,2489952,5007,162,648,635.0,0.0,635.0,722,722,483.9938271604938,15,0,1000000,3000,4
622589,622589,2490356,5008,101,404,597.0,0.0,597.0,674,674,403.0495049504951,14,0,1000000,3000,4
622683,622683,2490732,5009,94,376,605.0,0.0,605.0,680,680,394.78723404255317,14,0,1000000,3000,4
622792,622792,2491168,5010,109,436,591.0,0.0,591.0,669,669,390.1743119266055,14,0,1000000,3000,4
622829,622829,2491316,5011,37,148,235.0,0.0,235.0,298,298,164.1081081081081,6,0,1000000,3000,4
622979,622979,2491916,5012,150,600,597.0,0.0,597.0,682,682,439.9533333333333,14,0,1000000,3000,4
623117,623117,2492468,5013,138,552,729.0,0.0,729.0,814,814,495.8188405797101,17,0,1000000,3000,4
623557,623557,2494228,5014,440,1760,1269.0,0.0,1269.0,1411,1411,755.540909090909,29,0,1000000,3000,4
623746,623746,2494984,5015,189,756,774.0,0.0,774.0,868,868,505.3915343915344,18,0,1000000,3000,4
623791,623791,2495164,5016,45,180,221.0,0.0,221.0,287,287,162.62222222222223,6,0,1000000,3000,4
623830,623830,2495320,5017,39,156,242.0,0.0,242.0,307,307,145.84615384615384,7,0,1000000,3000,4
624005,624005,2496020,5018,175,700,796.0,0.0,796.0,888,888,526.08,18,0,1000000,3000,4
624146,624146,2496584,5019,141,564,740.0,0.0,740.0,825,825,465.87943262411346,17,0,1000000,3000,4
624184,624184,2496736,5020,38,152,233.0,0.0,233.0,297,297,160.47368421052633,6,0,1000000,3000,4
624442,624442,2497768,5021,258,1032,1320.0,0.0,1320.0,1429,1429,701.6899224806201,29,0,1000000,3000,4
624532,624532,2498128,5022,90,360,633.0,0.0,633.0,708,708,357.5,15,0,1000000,3000,4
624577,624577,2498308,5023,45,180,230.0,0.0,230.0,295,295,150.82222222222222,6,0,1000000,3000,4
624753,624753,2499012,5024,176,704,1038.0,0.0,1038.0,1130,1130,652.3806818181819,23,0,1000000,3000,4
624790,624790,2499160,5025,37,148,239.0,0.0,239.0,303,303,157.9189189189189,7,0,1000000,3000,4
625038,625038,2500152,5026,248,992,1327.0,0.0,1327.0,1434,1434,719.6209677419355,29,0,1000000,3000,4
625223,625223,2500892,5027,185,740,785.0,0.0,785.0,878,878,538.5675675675676,18,0,1000000,3000,4
625384,625384,2501536,5028,161,644,635.0,0.0,635.0,722,722,476.7826086956522,15,0,1000000,3000,4
625629,625629,2502516,5029,245,980,1336.0,0.0,1336.0,1442,1442,722.7673469387755,29,0,1000000,3000,4
625791,625791,2503164,5030,162,648,712.0,0.0,712.0,801,801,485.5432098765432,17,0,1000000,3000,4
625954,625954,2503816,5031,163,652,1041.0,0.0,1041.0,1129,1129,542.4294478527607,23,0,1000000,3000,4
625985,625985,2503940,5032,31,124,242.0,0.0,242.0,305,305,165.58064516129033,7,0,1000000,3000,4
626156,626156,2504624,5033,171,684,1137.0,0.0,1137.0,1228,1228,680.8947368421053,25,0,1000000,3000,4
626188,626188,2504752,5034,32,128,241.0,0.0,241.0,305,305,158.96875,7,0,1000000,3000,4
626426,626426,2505704,5035,238,952,1044.0,0.0,1044.0,1149,1149,646.5084033613446,23,0,1000000,3000,4
626456,626456,2505824,5036,30,120,245.0,0.0,245.0,309,309,154.43333333333334,7,0,1000000,3000,4
626710,626710,2506840,5037,254,1016,1323.0,0.0,1323.0,1431,1431,722.3622047244095,29,0,1000000,3000,4
626757,626757,2507028,5038,47,188,214.0,0.0,214.0,280,280,166.27659574468086,6,0,1000000,3000,4
626824,626824,2507296,5039,67,268,608.0,0.0,608.0,677,677,349.8955223880597,14,0,1000000,3000,4
626973,626973,2507892,5040,149,596,1045.0,0.0,1045.0,1130,1130,579.8523489932886,23,0,1000000,3000,4
627082,627082,2508328,5041,109,436,617.0,0.0,617.0,696,696,397.51376146788994,14,0,1000000,3000,4
627115,627115,2508460,5042,33,132,251.0,0.0,251.0,314,314,151.96969696969697,7,0,1000000,3000,4
627245,627245,2508980,5043,130,520,1047.0,0.0,1047.0,1128,1128,570.876923076923,23,0,1000000,3000,4
627373,627373,2509492,5044,128,512,1162.0,0.0,1162.0,1245,1245,628.109375,25,0,1000000,3000,4
627484,627484,2509936,5045,111,444,1051.0,0.0,1051.0,1128,1128,595.5045045045046,23,0,1000000,3000,4
627517,627517,2510068,5046,33,132,250.0,0.0,250.0,314,314,154.0909090909091,7,0,1000000,3000,4
627611,627611,2510444,5047,94,376,621.0,0.0,621.0,697,697,397.4148936170213,14,0,1000000,3000,4
627685,627685,2510740,5048,74,296,618.0,0.0,618.0,690,690,356.7837837837838,14,0,1000000,3000,4
627812,627812,2511248,5049,127,508,1047.0,0.0,1047.0,1128,1128,595.3464566929134,23,0,1000000,3000,4
627841,627841,2511364,5050,29,116,249.0,0.0,249.0,312,312,153.9655172413793,7,0,1000000,3000,4
627914,627914,2511656,5051,73,292,606.0,0.0,606.0,678,678,336.54794520547944,14,0,1000000,3000,4
628028,628028,2512112,5052,114,456,1052.0,0.0,1052.0,1131,1131,597.5526315789474,23,0,1000000,3000,4
628059,628059,2512236,5053,31,124,246.0,0.0,246.0,310,310,155.48387096774192,7,0,1000000,3000,4
628214,628214,2512856,5054,155,620,1152.0,0.0,1152.0,1241,1241,612.5870967741936,25,0,1000000,3000,4
628324,628324,2513296,5055,110,440,619.0,0.0,619.0,699,699,356.45454545454544,14,0,1000000,3000,4
628625,628625,2514500,5056,301,1204,1893.0,0.0,1893.0,2010,2010,956.405315614618,41,0,1000000,3000,4
628743,628743,2514972,5057,118,472,611.0,0.0,611.0,691,691,370.8135593220339,14,0,1000000,3000,4
629179,629179,2516716,5058,436,1744,1290.0,0.0,1290.0,1435,1435,752.9380733944954,29,0,1000000,3000,4
629314,629314,2517256,5059,135,540,738.0,0.0,738.0,822,822,488.3703703703704,17,0,1000000,3000,4
629349,629349,2517396,5060,35,140,248.0,0.0,248.0,313,313,139.5142857142857,7,0,1000000,3000,4
629604,629604,2518416,5061,255,1020,1309.0,0.0,1309.0,1415,1415,699.356862745098,29,0,1000000,3000,4
629759,629759,2519036,5062,155,620,1041.0,0.0,1041.0,1127,1127,608.5806451612904,23,0,1000000,3000,4
629802,629802,2519208,5063,43,172,236.0,0.0,236.0,302,302,145.88372093023256,7,0,1000000,3000,4
629910,629910,2519640,5064,108,432,615.0,0.0,615.0,693,693,326.7962962962963,14,0,1000000,3000,4
629945,629945,2519780,5065,35,140,251.0,0.0,251.0,315,315,147.5142857142857,7,0,1000000,3000,4
630093,630093,2520372,5066,148,592,814.0,0.0,814.0,898,898,568.7432432432432,18,0,1000000,3000,4
630125,630125,2520500,5067,32,128,244.0,0.0,244.0,308,308,159.0625,7,0,1000000,3000,4
630158,630158,2520632,5068,33,132,234.0,0.0,234.0,297,297,179.8181818181818,6,0,1000000,3000,4
630193,630193,2520772,5069,35,140,241.0,0.0,241.0,304,304,162.71428571428572,7,0,1000000,3000,4
630424,630424,2521696,5070,231,924,1027.0,0.0,1027.0,1129,1129,701.2640692640692,23,0,1000000,3000,4
630697,630697,2522788,5071,273,1092,789.0,0.0,789.0,898,898,618.0439560439561,18,0,1000000,3000,4
630833,630833,2523332,5072,136,544,640.0,0.0,640.0,722,722,513.2720588235294,15,0,1000000,3000,4
630865,630865,2523460,5073,32,128,246.0,0.0,246.0,310,310,154.0,7,0,1000000,3000,4
631045,631045,2524180,5074,180,720,726.0,0.0,726.0,818,818,570.5833333333334,17,0,1000000,3000,4
631125,631125,2524500,5075,80,320,606.0,0.0,606.0,680,680,338.25,14,0,1000000,3000,4
631162,631162,2524648,5076,37,148,244.0,0.0,244.0,308,308,151.1081081081081,7,0,1000000,3000,4
631192,631192,2524768,5077,30,120,250.0,0.0,250.0,314,314,153.03333333333333,7,0,1000000,3000,4
631443,631443,2525772,5078,251,1004,1020.0,0.0,1020.0,1126,1126,647.7011952191235,23,0,1000000,3000,4
631481,631481,2525924,5079,38,152,245.0,0.0,245.0,310,310,140.5,7,0,1000000,3000,4
631671,631671,2526684,5080,190,760,1326.0,0.0,1326.0,1421,1421,654.1052631578947,29,0,1000000,3000,4
631773,631773,2527092,5081,102,408,604.0,0.0,604.0,681,681,409.2352941176471,14,0,1000000,3000,4
631936,631936,2527744,5082,163,652,1039.0,0.0,1039.0,1127,1127,620.2453987730062,23,0,1000000,3000,4
632074,632074,2528296,5083,138,552,1042.0,0.0,1042.0,1125,1125,549.3405797101449,23,0,1000000,3000,4
632114,632114,2528456,5084,40,160,225.0,0.0,225.0,289,289,177.1,6,0,1000000,3000,4
632147,632147,2528588,5085,33,132,244.0,0.0,244.0,308,308,153.0,7,0,1000000,3000,4
632245,632245,2528980,5086,98,392,615.0,0.0,615.0,692,692,404.7857142857143,14,0,1000000,3000,4
632277,632277,2529108,5087,32,128,247.0,0.0,247.0,310,310,146.125,7,0,1000000,3000,4
632312,632312,2529248,5088,35,140,245.0,0.0,245.0,309,309,152.8,7,0,1000000,3000,4
632414,632414,2529656,5089,102,408,629.0,0.0,629.0,707,707,394.0882352941176,15,0,1000000,3000,4
632487,632487,2529948,5090,73,292,625.0,0.0,625.0,695,695,347.47945205479454,14,0,1000000,3000,4
632756,632756,2531024,5091,269,1076,1325.0,0.0,1325.0,1436,1436,741.5092936802974,29,0,1000000,3000,4
632792,632792,2531168,5092,36,144,238.0,0.0,238.0,303,303,158.97222222222223,7,0,1000000,3000,4
632834,632834,2531336,5093,42,168,220.0,0.0,220.0,284,284,174.11904761904762,6,0,1000000,3000,4
632930,632930,2531720,5094,96,384,628.0,0.0,628.0,705,705,377.0833333333333,15,0,1000000,3000,4
632963,632963,2531852,5095,33,132,245.0,0.0,245.0,309,309,148.0,7,0,1000000,3000,4
633062,633062,2532248,5096,99,396,605.0,0.0,605.0,682,682,395.82828282828285,14,0,1000000,3000,4
633298,633298,2533192,5097,236,944,764.0,0.0,764.0,868,868,620.4533898305085,18,0,1000000,3000,4
633530,633530,2534120,5098,232,928,1120.0,0.0,1120.0,1221,1221,692.3706896551724,25,0,1000000,3000,4
633561,633561,2534244,5099,31,124,245.0,0.0,245.0,308,308,168.1290322580645,7,0,1000000,3000,4
633751,633751,2535004,5100,190,760,805.0,0.0,805.0,898,899,596.5894736842105,18,0,1000000,3000,4
633785,633785,2535140,5101,34,136,239.0,0.0,239.0,302,302,168.61764705882354,7,0,1000000,3000,4
633957,633957,2535828,5102,172,688,1036.0,0.0,1036.0,1126,1126,551.9941860465116,23,0,1000000,3000,4
634039,634039,2536156,5103,82,328,635.0,0.0,635.0,708,708,375.890243902439,15,0,1000000,3000,4
634207,634207,2536828,5104,168,672,1587.0,0.0,1587.0,1678,1678,786.1428571428571,34,0,1000000,3000,4
634279,634279,2537116,5105,72,288,608.0,0.0,608.0,680,680,323.47222222222223,14,0,1000000,3000,4
634472,634472,2537888,5106,193,772,1433.0,0.0,1433.0,1529,1529,753.3056994818653,31,0,1000000,3000,4
634692,634692,2538768,5107,220,880,1030.0,0.0,1030.0,1130,1130,655.7636363636364,23,0,1000000,3000,4
634798,634798,2539192,5108,106,424,601.0,0.0,601.0,679,679,400.8490566037736,14,0,1000000,3000,4
634836,634836,2539344,5109,38,152,243.0,0.0,243.0,308,308,148.8421052631579,7,0,1000000,3000,4
634928,634928,2539712,5110,92,368,613.0,0.0,613.0,689,689,383.82608695652175,14,0,1000000,3000,4
634968,634968,2539872,5111,40,160,236.0,0.0,236.0,300,300,161.975,7,0,1000000,3000,4
635003,635003,2540012,5112,35,140,234.0,0.0,234.0,297,297,175.42857142857142,6,0,1000000,3000,4
635043,635043,2540172,5113,40,160,232.0,0.0,232.0,297,297,159.5,6,0,1000000,3000,4
635085,635085,2540340,5114,42,168,230.0,0.0,230.0,296,296,151.04761904761904,6,0,1000000,3000,4
635192,635192,2540768,5115,107,428,732.0,0.0,732.0,811,811,385.98130841121497,17,0,1000000,3000,4
635227,635227,2540908,5116,35,140,242.0,0.0,242.0,306,306,148.0857142857143,7,0,1000000,3000,4
635380,635380,2541520,5117,153,612,637.0,0.0,637.0,722,722,496.078431372549,15,0,1000000,3000,4
635480,635480,2541920,5118,100,400,592.0,0.0,592.0,668,668,411.81,14,0,1000000,3000,4
635623,635623,2542492,5119,143,572,639.0,0.0,639.0,722,722,511.2167832167832,15,0,1000000,3000,4
635653,635653,2542612,5120,30,120,245.0,0.0,245.0,307,307,161.76666666666668,7,0,1000000,3000,4
636326,636326,2545304,5121,673,2692,1242.0,0.0,1242.0,1434,1434,792.44279346211,29,0,1000000,3000,4
636356,636356,2545424,5122,30,120,248.0,0.0,248.0,311,311,163.26666666666668,7,0,1000000,3000,4
636505,636505,2546020,5123,149,596,764.0,0.0,764.0,849,849,530.6375838926175,17,0,1000000,3000,4
636661,636661,2546644,5124,156,624,812.0,0.0,812.0,898,898,572.0384615384615,18,0,1000000,3000,4
636700,636700,2546800,5125,39,156,238.0,0.0,238.0,302,302,157.92307692307693,7,0,1000000,3000,4
636772,636772,2547088,5126,72,288,609.0,0.0,609.0,681,681,324.59722222222223,14,0,1000000,3000,4
637005,637005,2548020,5127,233,932,1682.0,0.0,1682.0,1784,1784,933.4892703862661,36,0,1000000,3000,4
637044,637044,2548176,5128,39,156,240.0,0.0,240.0,305,305,152.82051282051282,7,0,1000000,3000,4
637491,637491,2549964,5129,447,1788,995.0,0.0,995.0,1141,1141,712.4429530201343,23,0,1000000,3000,4
637568,637568,2550272,5130,77,308,599.0,0.0,599.0,672,672,330.7012987012987,14,0,1000000,3000,4
637802,637802,2551208,5131,234,936,1025.0,0.0,1025.0,1127,1127,642.2264957264957,23,0,1000000,3000,4
637832,637832,2551328,5132,30,120,247.0,0.0,247.0,311,311,151.43333333333334,7,0,1000000,3000,4
637864,637864,2551456,5133,32,128,246.0,0.0,246.0,310,310,150.21875,7,0,1000000,3000,4
638142,638142,2552568,5134,278,1112,1676.0,0.0,1676.0,1788,1788,862.3525179856115,36,0,1000000,3000,4
638175,638175,2552700,5135,33,132,249.0,0.0,249.0,311,311,150.15151515151516,7,0,1000000,3000,4
638355,638355,2553420,5136,180,720,774.0,0.0,774.0,868,868,518.6777777777778,18,0,1000000,3000,4
638390,638390,2553560,5137,35,140,241.0,0.0,241.0,306,306,151.94285714285715,7,0,1000000,3000,4
638583,638583,2554332,5138,193,772,1332.0,0.0,1332.0,1427,1427,746.2849740932643,29,0,1000000,3000,4
638743,638743,2554972,5139,160,640,636.0,0.0,636.0,722,722,506.05,15,0,1000000,3000,4
638808,638808,2555232,5140,65,260,608.0,0.0,608.0,679,679,316.15384615384613,14,0,1000000,3000,4
638954,638954,2555816,5141,146,584,638.0,0.0,638.0,722,722,500.59589041095893,15,0,1000000,3000,4
638986,638986,2555944,5142,32,128,250.0,0.0,250.0,314,314,150.59375,7,0,1000000,3000,4
639065,639065,2556260,5143,79,316,617.0,0.0,617.0,690,690,361.0886075949367,14,0,1000000,3000,4
639250,639250,2557000,5144,185,740,1329.0,0.0,1329.0,1423,1423,678.7189189189189,29,0,1000000,3000,4
639285,639285,2557140,5145,35,140,233.0,0.0,233.0,296,296,169.0857142857143,6,0,1000000,3000,4
639445,639445,2557780,5146,160,640,745.0,0.0,745.0,833,833,521.35625,17,0,1000000,3000,4
639531,639531,2558124,5147,86,344,623.0,0.0,623.0,698,698,394.5232558139535,14,0,1000000,3000,4
639616,639616,2558464,5148,85,340,632.0,0.0,632.0,705,705,397.38823529411764,15,0,1000000,3000,4
639700,639700,2558800,5149,84,336,633.0,0.0,633.0,706,706,367.60714285714283,15,0,1000000,3000,4
639732,639732,2558928,5150,32,128,248.0,0.0,248.0,312,312,154.3125,7,0,1000000,3000,4
639916,639916,2559664,5151,184,736,761.0,0.0,761.0,855,855,539.5271739130435,18,0,1000000,3000,4
639994,639994,2559976,5152,78,312,629.0,0.0,629.0,700,700,399.65384615384613,15,0,1000000,3000,4
640147,640147,2560588,5153,153,612,637.0,0.0,637.0,722,722,506.2875816993464,15,0,1000000,3000,4
640182,640182,2560728,5154,35,140,236.0,0.0,236.0,300,300,172.77142857142857,7,0,1000000,3000,4
640210,640210,2560840,5155,28,112,249.0,0.0,249.0,312,312,157.67857142857142,7,0,1000000,3000,4
640381,640381,2561524,5156,171,684,1324.0,0.0,1324.0,1414,1414,687.2923976608187,29,0,1000000,3000,4
640565,640565,2562260,5157,184,736,1033.0,0.0,1033.0,1125,1125,657.25,23,0,1000000,3000,4
640599,640599,2562396,5158,34,136,238.0,0.0,238.0,302,302,169.2058823529412,7,0,1000000,3000,4
640763,640763,2563052,5159,164,656,1039.0,0.0,1039.0,1127,1127,589.7743902439024,23,0,1000000,3000,4
640792,640792,2563168,5160,29,116,251.0,0.0,251.0,314,314,155.72413793103448,7,0,1000000,3000,4
640822,640822,2563288,5161,30,120,248.0,0.0,248.0,312,312,151.43333333333334,7,0,1000000,3000,4
640851,640851,2563404,5162,29,116,249.0,0.0,249.0,312,312,157.0,7,0,1000000,3000,4
640884,640884,2563536,5163,33,132,251.0,0.0,251.0,315,315,150.0909090909091,7,0,1000000,3000,4
641067,641067,2564268,5164,183,732,1341.0,0.0,1341.0,1435,1435,687.6939890710382,29,0,1000000,3000,4
641293,641293,2565172,5165,226,904,1049.0,0.0,1049.0,1152,1152,700.3407079646017,24,0,1000000,3000,4
641550,641550,2566200,5166,257,1028,1325.0,0.0,1325.0,1434,1434,734.6303501945525,29,0,1000000,3000,4
641580,641580,2566320,5167,30,120,248.0,0.0,248.0,311,311,154.5,7,0,1000000,3000,4
641657,641657,2566628,5168,77,308,638.0,0.0,638.0,711,711,375.87012987012986,15,0,1000000,3000,4
641691,641691,2566764,5169,34,136,250.0,0.0,250.0,313,313,150.38235294117646,7,0,1000000,3000,4
641762,641762,2567048,5170,71,284,612.0,0.0,612.0,684,684,349.15492957746477,14,0,1000000,3000,4
641931,641931,2567724,5171,169,676,1153.0,0.0,1153.0,1243,1243,658.9822485207101,25,0,1000000,3000,4
642017,642017,2568068,5172,86,344,626.0,0.0,626.0,701,701,370.7906976744186,15,0,1000000,3000,4
642048,642048,2568192,5173,31,124,249.0,0.0,249.0,313,313,152.41935483870967,7,0,1000000,3000,4
642078,642078,2568312,5174,30,120,247.0,0.0,247.0,311,311,151.06666666666666,7,0,1000000,3000,4
642158,642158,2568632,5175,80,320,630.0,0.0,630.0,702,702,364.7375,15,0,1000000,3000,4
642189,642189,2568756,5176,31,124,243.0,0.0,243.0,307,307,158.70967741935485,7,0,1000000,3000,4
642389,642389,2569556,5177,200,800,1312.0,0.0,1312.0,1409,1409,694.57,29,0,1000000,3000,4
642425,642425,2569700,5178,36,144,246.0,0.0,246.0,310,310,155.80555555555554,7,0,1000000,3000,4
642461,642461,2569844,5179,36,144,250.0,0.0,250.0,315,315,150.16666666666666,7,0,1000000,3000,4
642553,642553,2570212,5180,92,368,611.0,0.0,611.0,686,686,399.20652173913044,14,0,1000000,3000,4
642705,642705,2570820,5181,152,608,1346.0,0.0,1346.0,1434,1434,696.5592105263158,29,0,1000000,3000,4
642740,642740,2570960,5182,35,140,234.0,0.0,234.0,298,298,165.74285714285713,6,0,1000000,3000,4
642816,642816,2571264,5183,76,304,635.0,0.0,635.0,708,708,384.9605263157895,15,0,1000000,3000,4
642988,642988,2571952,5184,172,688,778.0,0.0,778.0,870,870,535.4244186046511,18,0,1000000,3000,4
643021,643021,2572084,5185,33,132,250.0,0.0,250.0,314,314,150.93939393939394,7,0,1000000,3000,4
643054,643054,2572216,5186,33,132,247.0,0.0,247.0,310,310,152.57575757575756,7,0,1000000,3000,4
643089,643089,2572356,5187,35,140,243.0,0.0,243.0,308,308,160.71428571428572,7,0,1000000,3000,4
643179,643179,2572716,5188,90,360,616.0,0.0,616.0,691,691,396.81111111111113,14,0,1000000,3000,4
643410,643410,2573640,5189,231,924,1027.0,0.0,1027.0,1129,1129,693.4372294372295,23,0,1000000,3000,4
643568,643568,2574272,5190,158,632,1425.0,0.0,1425.0,1513,1513,800.3291139240506,31,0,1000000,3000,4
643600,643600,2574400,5191,32,128,248.0,0.0,248.0,311,311,154.71875,7,0,1000000,3000,4
643698,643698,2574792,5192,98,392,610.0,0.0,610.0,686,686,395.55102040816325,14,0,1000000,3000,4
643870,643870,2575480,5193,172,688,633.0,0.0,633.0,722,724,477.24418604651163,15,0,1000000,3000,4
644081,644081,2576324,5194,211,844,1030.0,0.0,1030.0,1128,1128,636.127962085308,23,0,1000000,3000,4
644114,644114,2576456,5195,33,132,248.0,0.0,248.0,312,312,148.8181818181818,7,0,1000000,3000,4
644252,644252,2577008,5196,138,552,743.0,0.0,743.0,828,828,505.8985507246377,17,0,1000000,3000,4
644402,644402,2577608,5197,150,600,749.0,0.0,749.0,836,836,483.8666666666667,17,0,1000000,3000,4
644546,644546,2578184,5198,144,576,815.0,0.0,815.0,898,898,571.2569444444445,18,0,1000000,3000,4
644698,644698,2578792,5199,152,608,813.0,0.0,813.0,898,898,543.328947368421,18,0,1000000,3000,4
644787,644787,2579148,5200,89,356,650.0,0.0,650.0,722,722,384.1573033707865,15,0,1000000,3000,4
644818,644818,2579272,5201,31,124,243.0,0.0,243.0,306,306,165.0,7,0,1000000,3000,4
644862,644862,2579448,5202,44,176,234.0,0.0,234.0,300,300,154.86363636363637,7,0,1000000,3000,4
645072,645072,2580288,5203,210,840,1328.0,0.0,1328.0,1427,1427,692.7142857142857,29,0,1000000,3000,4
645255,645255,2581020,5204,183,732,807.0,0.0,807.0,898,898,559.8415300546449,18,0,1000000,3000,4
645444,645444,2581776,5205,189,756,1574.0,0.0,1574.0,1669,1669,801.6666666666666,34,0,1000000,3000,4
645592,645592,2582368,5206,148,592,762.0,0.0,762.0,849,849,564.2635135135135,17,0,1000000,3000,4
645680,645680,2582720,5207,88,352,620.0,0.0,620.0,694,694,363.2386363636364,14,0,1000000,3000,4
645876,645876,2583504,5208,196,784,1052.0,0.0,1052.0,1149,1149,669.8928571428571,23,0,1000000,3000,4
646100,646100,2584400,5209,224,896,1332.0,0.0,1332.0,1434,1434,724.9464285714286,29,0,1000000,3000,4
646193,646193,2584772,5210,93,372,618.0,0.0,618.0,694,694,390.9247311827957,14,0,1000000,3000,4
646226,646226,2584904,5211,33,132,237.0,0.0,237.0,300,300,155.8181818181818,7,0,1000000,3000,4
646507,646507,2586028,5212,281,1124,1296.0,0.0,1296.0,1409,1409,682.0462633451957,29,0,1000000,3000,4
646597,646597,2586388,5213,90,360,649.0,0.0,649.0,722,723,373.2111111111111,15,0,1000000,3000,4
646642,646642,2586568,5214,45,180,219.0,0.0,219.0,285,285,160.75555555555556,6,0,1000000,3000,4
646691,646691,2586764,5215,49,196,229.0,0.0,229.0,295,295,140.16326530612244,6,0,1000000,3000,4
646721,646721,2586884,5216,30,120,251.0,0.0,251.0,315,315,153.3,7,0,1000000,3000,4
646820,646820,2587280,5217,99,396,634.0,0.0,634.0,711,711,348.34343434343435,15,0,1000000,3000,4
646861,646861,2587444,5218,41,164,222.0,0.0,222.0,288,288,168.2439024390244,6,0,1000000,3000,4
646957,646957,2587828,5219,96,384,623.0,0.0,623.0,700,700,361.28125,15,0,1000000,3000,4
647047,647047,2588188,5220,90,360,625.0,0.0,625.0,700,700,378.7111111111111,15,0,1000000,3000,4
647136,647136,2588544,5221,89,356,624.0,0.0,624.0,699,699,400.87640449438203,14,0,1000000,3000,4
647478,647478,2589912,5222,342,1368,1297.0,0.0,1297.0,1422,1422,765.1695906432749,29,0,1000000,3000,4
647514,647514,2590056,5223,36,144,240.0,0.0,240.0,305,305,155.25,7,0,1000000,3000,4
647590,647590,2590360,5224,76,304,619.0,0.0,619.0,691,691,346.5,14,0,1000000,3000,4
647854,647854,2591416,5225,264,1056,1562.0,0.0,1562.0,1672,1672,786.7083333333334,34,0,1000000,3000,4
648111,648111,2592444,5226,257,1028,1565.0,0.0,1565.0,1674,1674,785.6459143968872,34,0,1000000,3000,4
648464,648464,2593856,5227,353,1412,1305.0,0.0,1305.0,1433,1433,725.1699716713881,29,0,1000000,3000,4
648501,648501,2594004,5228,37,148,227.0,0.0,227.0,291,291,165.56756756756758,6,0,1000000,3000,4
648605,648605,2594420,5229,104,416,619.0,0.0,619.0,696,696,381.0,14,0,1000000,3000,4
648762,648762,2595048,5230,157,628,636.0,0.0,636.0,722,722,508.36942675159236,15,0,1000000,3000,4
648981,648981,2595924,5231,219,876,1030.0,0.0,1030.0,1129,1129,650.6073059360731,23,0,1000000,3000,4
649068,649068,2596272,5232,87,348,634.0,0.0,634.0,707,707,383.7816091954023,15,0,1000000,3000,4
649301,649301,2597204,5233,233,932,1023.0,0.0,1023.0,1124,1124,628.3776824034335,23,0,1000000,3000,4
649408,649408,2597632,5234,107,428,606.0,0.0,606.0,685,685,396.89719626168227,14,0,1000000,3000,4
649645,649645,2598580,5235,237,948,796.0,0.0,796.0,898,898,627.6160337552743,18,0,1000000,3000,4
649803,649803,2599212,5236,158,632,793.0,0.0,793.0,881,881,529.8544303797469,18,0,1000000,3000,4
650049,650049,2600196,5237,246,984,1323.0,0.0,1323.0,1429,1429,762.4268292682926,29,0,1000000,3000,4
650263,650263,2601052,5238,214,856,1027.0,0.0,1027.0,1125,1125,644.1214953271028,23,0,1000000,3000,4
650420,650420,2601680,5239,157,628,636.0,0.0,636.0,722,723,457.1210191082803,15,0,1000000,3000,4
650459,650459,2601836,5240,39,156,240.0,0.0,240.0,304,304,149.74358974358975,7,0,1000000,3000,4
650553,650553,2602212,5241,94,376,630.0,0.0,630.0,705,705,369.0531914893617,15,0,1000000,3000,4
650588,650588,2602352,5242,35,140,244.0,0.0,244.0,309,309,139.02857142857144,7,0,1000000,3000,4
650821,650821,2603284,5243,233,932,1409.0,0.0,1409.0,1511,1511,771.9270386266095,31,0,1000000,3000,4
650910,650910,2603640,5244,89,356,622.0,0.0,622.0,696,696,395.0561797752809,14,0,1000000,3000,4
651050,651050,2604200,5245,140,560,721.0,0.0,721.0,805,805,486.49285714285713,17,0,1000000,3000,4
651080,651080,2604320,5246,30,120,251.0,0.0,251.0,313,313,154.53333333333333,7,0,1000000,3000,4
651170,651170,2604680,5247,90,360,624.0,0.0,624.0,700,700,334.2111111111111,15,0,1000000,3000,4
651204,651204,2604816,5248,34,136,248.0,0.0,248.0,312,312,144.7941176470588,7,0,1000000,3000,4
651281,651281,2605124,5249,77,308,606.0,0.0,606.0,679,679,333.4025974025974,14,0,1000000,3000,4
651372,651372,2605488,5250,91,364,618.0,0.0,618.0,693,693,331.0989010989011,14,0,1000000,3000,4
651408,651408,2605632,5251,36,144,231.0,0.0,231.0,296,296,157.88888888888889,6,0,1000000,3000,4
651555,651555,2606220,5252,147,588,758.0,0.0,758.0,845,845,515.1428571428571,17,0,1000000,3000,4
651822,651822,2607288,5253,267,1068,1853.0,0.0,1853.0,1963,1963,1011.2621722846442,40,0,1000000,3000,4
652019,652019,2608076,5254,197,788,1318.0,0.0,1318.0,1412,1412,723.6598984771574,29,0,1000000,3000,4
652230,652230,2608920,5255,211,844,1039.0,0.0,1039.0,1138,1138,626.9478672985782,23,0,1000000,3000,4
652608,652608,2610432,5256,378,1512,993.0,0.0,993.0,1124,1124,695.2724867724868,23,0,1000000,3000,4
653004,653004,2612016,5257,396,1584,764.0,0.0,764.0,898,898,644.5858585858585,18,0,1000000,3000,4
653036,653036,2612144,5258,32,128,250.0,0.0,250.0,314,314,146.3125,7,0,1000000,3000,4
653238,653238,2612952,5259,202,808,754.0,0.0,754.0,851,851,495.480198019802,18,0,1000000,3000,4
653532,653532,2614128,5260,294,1176,785.0,0.0,785.0,898,899,603.1462585034013,18,0,1000000,3000,4
653571,653571,2614284,5261,39,156,241.0,0.0,241.0,305,305,145.33333333333334,7,0,1000000,3000,4
653613,653613,2614452,5262,42,168,234.0,0.0,234.0,299,299,159.57142857142858,6,0,1000000,3000,4
654037,654037,2616148,5263,424,1696,1271.0,0.0,1271.0,1410,1410,708.6415094339623,29,0,1000000,3000,4
654520,654520,2618080,5264,483,1932,1514.0,0.0,1514.0,1666,1666,796.5010351966873,34,0,1000000,3000,4
654729,654729,2618916,5265,209,836,1143.0,0.0,1143.0,1242,1242,635.4162679425838,25,0,1000000,3000,4
654825,654825,2619300,5266,96,384,630.0,0.0,630.0,707,707,360.7395833333333,15,0,1000000,3000,4
654859,654859,2619436,5267,34,136,249.0,0.0,249.0,313,313,148.3235294117647,7,0,1000000,3000,4
655031,655031,2620124,5268,172,688,1046.0,0.0,1046.0,1137,1137,581.3604651162791,23,0,1000000,3000,4
655112,655112,2620448,5269,81,324,625.0,0.0,625.0,698,698,341.55555555555554,14,0,1000000,3000,4
655145,655145,2620580,5270,33,132,248.0,0.0,248.0,311,311,148.54545454545453,7,0,1000000,3000,4
655247,655247,2620988,5271,102,408,623.0,0.0,623.0,701,701,373.8137254901961,15,0,1000000,3000,4
655290,655290,2621160,5272,43,172,230.0,0.0,230.0,294,294,155.88372093023256,6,0,1000000,3000,4
655482,655482,2621928,5273,192,768,770.0,0.0,770.0,864,864,542.7291666666666,18,0,1000000,3000,4
655521,655521,2622084,5274,39,156,232.0,0.0,232.0,297,297,157.0,6,0,1000000,3000,4
655563,655563,2622252,5275,42,168,226.0,0.0,226.0,291,291,167.45238095238096,6,0,1000000,3000,4
655715,655715,2622860,5276,152,608,1043.0,0.0,1043.0,1129,1129,647.3355263157895,23,0,1000000,3000,4
655884,655884,2623536,5277,169,676,1040.0,0.0,1040.0,1129,1129,589.0355029585799,23,0,1000000,3000,4
655967,655967,2623868,5278,83,332,626.0,0.0,626.0,700,700,378.9156626506024,15,0,1000000,3000,4
656048,656048,2624192,5279,81,324,616.0,0.0,616.0,690,690,350.037037037037,14,0,1000000,3000,4
656081,656081,2624324,5280,33,132,247.0,0.0,247.0,310,310,146.8181818181818,7,0,1000000,3000,4
656154,656154,2624616,5281,73,292,636.0,0.0,636.0,708,708,380.7945205479452,15,0,1000000,3000,4
656195,656195,2624780,5282,41,164,232.0,0.0,232.0,297,297,156.9512195121951,6,0,1000000,3000,4
656391,656391,2625564,5283,196,784,1137.0,0.0,1137.0,1233,1233,720.1581632653061,25,0,1000000,3000,4
656422,656422,2625688,5284,31,124,250.0,0.0,250.0,314,314,155.16129032258064,7,0,1000000,3000,4
656460,656460,2625840,5285,38,152,238.0,0.0,238.0,303,303,157.5,7,0,1000000,3000,4
656488,656488,2625952,5286,28,112,248.0,0.0,248.0,311,311,155.82142857142858,7,0,1000000,3000,4
656583,656583,2626332,5287,95,380,632.0,0.0,632.0,709,709,370.10526315789474,15,0,1000000,3000,4
656652,656652,2626608,5288,69,276,629.0,0.0,629.0,700,700,362.9130434782609,15,0,1000000,3000,4
656823,656823,2627292,5289,171,684,1051.0,0.0,1051.0,1142,1142,589.5029239766081,23,0,1000000,3000,4
656856,656856,2627424,5290,33,132,251.0,0.0,251.0,315,315,153.6969696969697,7,0,1000000,3000,4
656947,656947,2627788,5291,91,364,619.0,0.0,619.0,695,695,391.53846153846155,14,0,1000000,3000,4
657038,657038,2628152,5292,91,364,623.0,0.0,623.0,699,699,398.94505494505495,14,0,1000000,3000,4
657075,657075,2628300,5293,37,148,242.0,0.0,242.0,306,306,158.35135135135135,7,0,1000000,3000,4
657106,657106,2628424,5294,31,124,246.0,0.0,246.0,310,310,144.19354838709677,7,0,1000000,3000,4
657320,657320,2629280,5295,214,856,1685.0,0.0,1685.0,1783,1783,900.4345794392524,36,0,1000000,3000,4
657553,657553,2630212,5296,233,932,1333.0,0.0,1333.0,1437,1437,710.3605150214593,29,0,1000000,3000,4
657584,657584,2630336,5297,31,124,243.0,0.0,243.0,305,305,158.83870967741936,7,0,1000000,3000,4
657619,657619,2630476,5298,35,140,246.0,0.0,246.0,309,309,163.14285714285714,7,0,1000000,3000,4
657732,657732,2630928,5299,113,452,612.0,0.0,612.0,691,691,384.6814159292035,14,0,1000000,3000,4
658028,658028,2632112,5300,296,1184,700.0,0.0,700.0,815,815,576.902027027027,17,0,1000000,3000,4
658068,658068,2632272,5301,40,160,234.0,0.0,234.0,299,299,160.775,6,0,1000000,3000,4
658107,658107,2632428,5302,39,156,222.0,0.0,222.0,285,285,171.43589743589743,6,0,1000000,3000,4
658294,658294,2633176,5303,187,748,1038.0,0.0,1038.0,1131,1131,649.4598930481284,23,0,1000000,3000,4
658335,658335,2633340,5304,41,164,232.0,0.0,232.0,296,296,162.390243902439,6,0,1000000,3000,4
658626,658626,2634504,5305,291,1164,1024.0,0.0,1024.0,1139,1139,656.6666666666666,23,0,1000000,3000,4
658666,658666,2634664,5306,40,160,231.0,0.0,231.0,296,296,160.55,6,0,1000000,3000,4
658895,658895,2635580,5307,229,916,622.0,0.0,622.0,722,722,498.3799126637555,15,0,1000000,3000,4
659341,659341,2637364,5308,446,1784,991.0,0.0,991.0,1137,1137,668.8049327354261,23,0,1000000,3000,4
659763,659763,2639052,5309,422,1688,1270.0,0.0,1270.0,1410,1410,716.7488151658767,29,0,1000000,3000,4
660160,660160,2640640,5310,397,1588,1529.0,0.0,1529.0,1665,1665,778.3576826196473,34,0,1000000,3000,4
660350,660350,2641400,5311,190,760,1177.0,0.0,1177.0,1270,1270,659.1789473684211,26,0,1000000,3000,4
660621,660621,2642484,5312,271,1084,1322.0,0.0,1322.0,1434,1434,709.1992619926199,29,0,1000000,3000,4
660691,660691,2642764,5313,70,280,622.0,0.0,622.0,693,693,344.15714285714284,14,0,1000000,3000,4
660843,660843,2643372,5314,152,608,782.0,0.0,782.0,869,869,534.7302631578947,18,0,1000000,3000,4
660881,660881,2643524,5315,38,152,226.0,0.0,226.0,290,290,167.73684210526315,6,0,1000000,3000,4
660968,660968,2643872,5316,87,348,620.0,0.0,620.0,694,694,349.9655172413793,14,0,1000000,3000,4
661004,661004,2644016,5317,36,144,239.0,0.0,239.0,303,303,162.27777777777777,7,0,1000000,3000,4
661079,661079,2644316,5318,75,300,629.0,0.0,629.0,702,702,351.88,15,0,1000000,3000,4
661172,661172,2644688,5319,93,372,630.0,0.0,630.0,706,706,374.6666666666667,15,0,1000000,3000,4
661258,661258,2645032,5320,86,344,609.0,0.0,609.0,684,684,412.7674418604651,14,0,1000000,3000,4
661381,661381,2645524,5321,123,492,578.0,0.0,578.0,659,659,416.3008130081301,14,0,1000000,3000,4
661469,661469,2645876,5322,88,352,617.0,0.0,617.0,691,691,398.77272727272725,14,0,1000000,3000,4
661502,661502,2646008,5323,33,132,239.0,0.0,239.0,302,302,163.84848484848484,7,0,1000000,3000,4
661661,661661,2646644,5324,159,636,1346.0,0.0,1346.0,1435,1435,727.8867924528302,29,0,1000000,3000,4
661700,661700,2646800,5325,39,156,232.0,0.0,232.0,297,297,155.82051282051282,6,0,1000000,3000,4
661736,661736,2646944,5326,36,144,240.0,0.0,240.0,304,304,155.55555555555554,7,0,1000000,3000,4
661778,661778,2647112,5327,42,168,229.0,0.0,229.0,294,294,157.95238095238096,6,0,1000000,3000,4
662003,662003,2648012,5328,225,900,1036.0,0.0,1036.0,1137,1137,696.88,23,0,1000000,3000,4
662244,662244,2648976,5329,241,964,1324.0,0.0,1324.0,1430,1430,705.3360995850622,29,0,1000000,3000,4
662502,662502,2650008,5330,258,1032,1018.0,0.0,1018.0,1125,1125,645.1550387596899,23,0,1000000,3000,4
662761,662761,2651044,5331,259,1036,1029.0,0.0,1029.0,1137,1137,617.8262548262549,23,0,1000000,3000,4
662871,662871,2651484,5332,110,440,605.0,0.0,605.0,683,683,379.41818181818184,14,0,1000000,3000,4
663148,663148,2652592,5333,277,1108,756.0,0.0,756.0,868,868,583.5956678700361,18,0,1000000,3000,4
663400,663400,2653600,5334,252,1008,1568.0,0.0,1568.0,1674,1674,771.2460317460317,34,0,1000000,3000,4
663444,663444,2653776,5335,44,176,221.0,0.0,221.0,286,286,166.4318181818182,6,0,1000000,3000,4
663489,663489,2653956,5336,45,180,223.0,0.0,223.0,288,288,167.0888888888889,6,0,1000000,3000,4
663855,663855,2655420,5337,366,1464,1281.0,0.0,1281.0,1411,1411,703.8196721311475,29,0,1000000,3000,4
663896,663896,2655584,5338,41,164,230.0,0.0,230.0,295,295,158.4878048780488,6,0,1000000,3000,4
663934,663934,2655736,5339,38,152,231.0,0.0,231.0,295,295,155.6315789473684,6,0,1000000,3000,4
664511,664511,2658044,5340,577,2308,965.0,0.0,965.0,1137,1137,775.7504332755633,23,0,1000000,3000,4
664555,664555,2658220,5341,44,176,225.0,0.0,225.0,290,290,160.45454545454547,6,0,1000000,3000,4
664591,664591,2658364,5342,36,144,247.0,0.0,247.0,311,311,150.83333333333334,7,0,1000000,3000,4
664810,664810,2659240,5343,219,876,1028.0,0.0,1028.0,1127,1127,670.269406392694,23,0,1000000,3000,4
664964,664964,2659856,5344,154,616,785.0,0.0,785.0,871,871,516.1948051948052,18,0,1000000,3000,4
665229,665229,2660916,5345,265,1060,1308.0,0.0,1308.0,1416,1416,744.5358490566038,29,0,1000000,3000,4
665452,665452,2661808,5346,223,892,1028.0,0.0,1028.0,1127,1127,687.4080717488789,23,0,1000000,3000,4
665490,665490,2661960,5347,38,152,241.0,0.0,241.0,305,305,158.8684210526316,7,0,1000000,3000,4
665700,665700,2662800,5348,210,840,1315.0,0.0,1315.0,1414,1414,721.3190476190476,29,0,1000000,3000,4
665907,665907,2663628,5349,207,828,1029.0,0.0,1029.0,1126,1126,637.5169082125603,23,0,1000000,3000,4
666131,666131,2664524,5350,224,896,1314.0,0.0,1314.0,1413,1413,700.6830357142857,29,0,1000000,3000,4
666160,666160,2664640,5351,29,116,247.0,0.0,247.0,310,310,156.41379310344828,7,0,1000000,3000,4
666337,666337,2665348,5352,177,708,727.0,0.0,727.0,820,820,505.91525423728814,17,0,1000000,3000,4
666376,666376,2665504,5353,39,156,232.0,0.0,232.0,297,297,164.6153846153846,6,0,1000000,3000,4
666407,666407,2665628,5354,31,124,243.0,0.0,243.0,306,306,154.96774193548387,7,0,1000000,3000,4
666445,666445,2665780,5355,38,152,236.0,0.0,236.0,301,301,156.26315789473685,7,0,1000000,3000,4
666622,666622,2666488,5356,177,708,1342.0,0.0,1342.0,1435,1435,688.3954802259886,29,0,1000000,3000,4
666700,666700,2666800,5357,78,312,607.0,0.0,607.0,680,680,344.78205128205127,14,0,1000000,3000,4
666735,666735,2666940,5358,35,140,240.0,0.0,240.0,305,305,148.0857142857143,7,0,1000000,3000,4
666995,666995,2667980,5359,260,1040,1329.0,0.0,1329.0,1438,1438,704.95,29,0,1000000,3000,4
667031,667031,2668124,5360,36,144,242.0,0.0,242.0,306,306,156.58333333333334,7,0,1000000,3000,4
667266,667266,2669064,5361,235,940,1670.0,0.0,1670.0,1773,1773,911.4042553191489,36,0,1000000,3000,4
667309,667309,2669236,5362,43,172,224.0,0.0,224.0,289,289,163.67441860465115,6,0,1000000,3000,4
667338,667338,2669352,5363,29,116,248.0,0.0,248.0,310,310,153.68965517241378,7,0,1000000,3000,4
667543,667543,2670172,5364,205,820,1317.0,0.0,1317.0,1414,1414,698.7317073170732,29,0,1000000,3000,4
667725,667725,2670900,5365,182,728,1340.0,0.0,1340.0,1434,1434,691.5,29,0,1000000,3000,4
667823,667823,2671292,5366,98,392,613.0,0.0,613.0,689,689,378.4591836734694,14,0,1000000,3000,4
667859,667859,2671436,5367,36,144,235.0,0.0,235.0,298,298,161.91666666666666,6,0,1000000,3000,4
668034,668034,2672136,5368,175,700,1037.0,0.0,1037.0,1126,1126,621.1257142857143,23,0,1000000,3000,4
668290,668290,2673160,5369,256,1024,1021.0,0.0,1021.0,1127,1127,685.75390625,23,0,1000000,3000,4
668497,668497,2673988,5370,207,828,1032.0,0.0,1032.0,1129,1129,637.072463768116,23,0,1000000,3000,4
668580,668580,2674320,5371,83,332,618.0,0.0,618.0,692,692,341.71084337349396,14,0,1000000,3000,4
668865,668865,2675460,5372,285,1140,1295.0,0.0,1295.0,1408,1408,680.7929824561404,29,0,1000000,3000,4
668943,668943,2675772,5373,78,312,635.0,0.0,635.0,708,708,367.5,15,0,1000000,3000,4
669132,669132,2676528,5374,189,756,1343.0,0.0,1343.0,1438,1438,663.0,29,0,1000000,3000,4
669275,669275,2677100,5375,143,572,815.0,0.0,815.0,898,898,548.7272727272727,18,0,1000000,3000,4
669312,669312,2677248,5376,37,148,245.0,0.0,245.0,309,309,147.8108108108108,7,0,1000000,3000,4
669480,669480,2677920,5377,168,672,749.0,0.0,749.0,840,840,527.4940476190476,17,0,1000000,3000,4
669510,669510,2678040,5378,30,120,248.0,0.0,248.0,311,311,153.33333333333334,7,0,1000000,3000,4
669546,669546,2678184,5379,36,144,230.0,0.0,230.0,295,295,169.63888888888889,6,0,1000000,3000,4
669686,669686,2678744,5380,140,560,1052.0,0.0,1052.0,1136,1136,588.5714285714286,23,0,1000000,3000,4
669790,669790,2679160,5381,104,416,632.0,0.0,632.0,710,710,381.0769230769231,15,0,1000000,3000,4
669965,669965,2679860,5382,175,700,1037.0,0.0,1037.0,1127,1127,617.2342857142858,23,0,1000000,3000,4
670044,670044,2680176,5383,79,316,606.0,0.0,606.0,677,677,334.1898734177215,14,0,1000000,3000,4
670125,670125,2680500,5384,81,324,638.0,0.0,638.0,711,711,372.320987654321,15,0,1000000,3000,4
670156,670156,2680624,5385,31,124,251.0,0.0,251.0,314,314,149.4516129032258,7,0,1000000,3000,4
670185,670185,2680740,5386,29,116,249.0,0.0,249.0,312,312,152.75862068965517,7,0,1000000,3000,4
670576,670576,2682304,5387,391,1564,2347.0,0.0,2347.0,2481,2481,1447.616368286445,50,0,1000000,3000,4
670745,670745,2682980,5388,169,676,1041.0,0.0,1041.0,1130,1130,661.3195266272189,23,0,1000000,3000,4
671038,671038,2684152,5389,293,1172,1667.0,0.0,1667.0,1781,1781,906.9829351535836,36,0,1000000,3000,4
671080,671080,2684320,5390,42,168,231.0,0.0,231.0,297,297,156.1904761904762,6,0,1000000,3000,4
671121,671121,2684484,5391,41,164,227.0,0.0,227.0,292,292,169.82926829268294,6,0,1000000,3000,4
671160,671160,2684640,5392,39,156,237.0,0.0,237.0,302,302,147.64102564102564,7,0,1000000,3000,4
671238,671238,2684952,5393,78,312,603.0,0.0,603.0,675,675,309.9230769230769,14,0,1000000,3000,4
671339,671339,2685356,5394,101,404,626.0,0.0,626.0,704,704,354.83168316831683,15,0,1000000,3000,4
671442,671442,2685768,5395,103,412,624.0,0.0,624.0,701,701,354.45631067961165,15,0,1000000,3000,4
671621,671621,2686484,5396,179,716,766.0,0.0,766.0,858,858,516.5977653631285,18,0,1000000,3000,4
671734,671734,2686936,5397,113,452,613.0,0.0,613.0,693,693,395.2300884955752,14,0,1000000,3000,4
671943,671943,2687772,5398,209,836,1306.0,0.0,1306.0,1404,1404,741.5933014354067,29,0,1000000,3000,4
671978,671978,2687912,5399,35,140,239.0,0.0,239.0,302,302,160.42857142857142,7,0,1000000,3000,4
672015,672015,2688060,5400,37,148,228.0,0.0,228.0,292,292,167.32432432432432,6,0,1000000,3000,4
672301,672301,2689204,5401,286,1144,1559.0,0.0,1559.0,1674,1674,811.8076923076923,34,0,1000000,3000,4
672508,672508,2690032,5402,207,828,1695.0,0.0,1695.0,1794,1794,829.7971014492754,36,0,1000000,3000,4
672758,672758,2691032,5403,250,1000,1303.0,0.0,1303.0,1408,1408,751.368,29,0,1000000,3000,4
672993,672993,2691972,5404,235,940,797.0,0.0,797.0,898,898,662.1148936170213,18,0,1000000,3000,4
673035,673035,2692140,5405,42,168,231.0,0.0,231.0,297,297,149.42857142857142,6,0,1000000,3000,4
673244,673244,2692976,5406,209,836,1343.0,0.0,1343.0,1442,1442,695.0382775119617,29,0,1000000,3000,4
673340,673340,2693360,5407,96,384,605.0,0.0,605.0,681,681,400.0104166666667,14,0,1000000,3000,4
673605,673605,2694420,5408,265,1060,1027.0,0.0,1027.0,1136,1136,661.2188679245284,23,0,1000000,3000,4
673703,673703,2694812,5409,98,392,622.0,0.0,622.0,698,698,393.9387755102041,14,0,1000000,3000,4
674022,674022,2696088,5410,319,1276,1004.0,0.0,1004.0,1122,1122,654.4952978056426,23,0,1000000,3000,4
674202,674202,2696808,5411,180,720,808.0,0.0,808.0,898,898,537.5666666666667,18,0,1000000,3000,4
674352,674352,2697408,5412,150,600,638.0,0.0,638.0,722,723,507.1066666666667,15,0,1000000,3000,4
674384,674384,2697536,5413,32,128,249.0,0.0,249.0,313,313,146.78125,7,0,1000000,3000,4
674649,674649,2698596,5414,265,1060,1322.0,0.0,1322.0,1432,1432,696.7169811320755,29,0,1000000,3000,4
674751,674751,2699004,5415,102,408,647.0,0.0,647.0,722,722,343.8921568627451,15,0,1000000,3000,4
675094,675094,2700376,5416,343,1372,1016.0,0.0,1016.0,1141,1141,666.3206997084548,23,0,1000000,3000,4
675189,675189,2700756,5417,95,380,648.0,0.0,648.0,722,722,345.37894736842105,15,0,1000000,3000,4
675225,675225,2700900,5418,36,144,244.0,0.0,244.0,308,308,152.63888888888889,7,0,1000000,3000,4
675328,675328,2701312,5419,103,412,625.0,0.0,625.0,703,703,350.4757281553398,15,0,1000000,3000,4
675525,675525,2702100,5420,197,788,1414.0,0.0,1414.0,1509,1509,731.4467005076142,31,0,1000000,3000,4
675657,675657,2702628,5421,132,528,817.0,0.0,817.0,898,900,537.75,19,0,1000000,3000,4
675868,675868,2703472,5422,211,844,1037.0,0.0,1037.0,1135,1135,559.3696682464455,23,0,1000000,3000,4
675900,675900,2703600,5423,32,128,251.0,0.0,251.0,315,315,147.96875,7,0,1000000,3000,4
675936,675936,2703744,5424,36,144,236.0,0.0,236.0,299,299,166.19444444444446,6,0,1000000,3000,4
676038,676038,2704152,5425,102,408,611.0,0.0,611.0,688,688,358.79411764705884,14,0,1000000,3000,4
676178,676178,2704712,5426,140,560,743.0,0.0,743.0,827,827,519.5,17,0,1000000,3000,4
676336,676336,2705344,5427,158,632,781.0,0.0,781.0,869,869,523.1898734177215,18,0,1000000,3000,4
676373,676373,2705492,5428,37,148,237.0,0.0,237.0,301,301,155.13513513513513,7,0,1000000,3000,4
676463,676463,2705852,5429,90,360,613.0,0.0,613.0,686,686,387.55555555555554,14,0,1000000,3000,4
676547,676547,2706188,5430,84,336,651.0,0.0,651.0,722,722,367.20238095238096,15,0,1000000,3000,4
676584,676584,2706336,5431,37,148,239.0,0.0,239.0,303,303,159.48648648648648,7,0,1000000,3000,4
676676,676676,2706704,5432,92,368,623.0,0.0,623.0,699,699,336.5652173913044,14,0,1000000,3000,4
676712,676712,2706848,5433,36,144,241.0,0.0,241.0,306,306,159.94444444444446,7,0,1000000,3000,4
676746,676746,2706984,5434,34,136,240.0,0.0,240.0,303,303,164.73529411764707,7,0,1000000,3000,4
676783,676783,2707132,5435,37,148,243.0,0.0,243.0,307,307,158.8918918918919,7,0,1000000,3000,4
676990,676990,2707960,5436,207,828,1310.0,0.0,1310.0,1408,1408,754.6618357487922,29,0,1000000,3000,4
677144,677144,2708576,5437,154,616,1050.0,0.0,1050.0,1137,1137,509.9220779220779,23,0,1000000,3000,4
677544,677544,2710176,5438,400,1600,2338.0,0.0,2338.0,2473,2473,1288.625,50,0,1000000,3000,4
677771,677771,2711084,5439,227,908,1316.0,0.0,1316.0,1416,1416,694.8017621145375,29,0,1000000,3000,4
678101,678101,2712404,5440,330,1320,1015.0,0.0,1015.0,1137,1137,691.209090909091,23,0,1000000,3000,4
678323,678323,2713292,5441,222,888,1329.0,0.0,1329.0,1431,1431,722.0675675675676,29,0,1000000,3000,4
678365,678365,2713460,5442,42,168,238.0,0.0,238.0,304,304,149.97619047619048,7,0,1000000,3000,4
678401,678401,2713604,5443,36,144,243.0,0.0,243.0,307,307,153.11111111111111,7,0,1000000,3000,4
678632,678632,2714528,5444,231,924,1035.0,0.0,1035.0,1138,1138,593.969696969697,23,0,1000000,3000,4
678740,678740,2714960,5445,108,432,621.0,0.0,621.0,699,699,350.25925925925924,14,0,1000000,3000,4
678835,678835,2715340,5446,95,380,631.0,0.0,631.0,707,707,373.2421052631579,15,0,1000000,3000,4
679055,679055,2716220,5447,220,880,1036.0,0.0,1036.0,1136,1136,635.7545454545455,23,0,1000000,3000,4
679152,679152,2716608,5448,97,388,615.0,0.0,615.0,691,691,389.7525773195876,14,0,1000000,3000,4
679327,679327,2717308,5449,175,700,708.0,0.0,708.0,800,800,467.48571428571427,17,0,1000000,3000,4
679432,679432,2717728,5450,105,420,634.0,0.0,634.0,711,711,350.95238095238096,15,0,1000000,3000,4
679685,679685,2718740,5451,253,1012,1906.0,0.0,1906.0,2013,2013,964.7826086956521,41,0,1000000,3000,4
679726,679726,2718904,5452,41,164,230.0,0.0,230.0,294,294,157.78048780487805,6,0,1000000,3000,4
679761,679761,2719044,5453,35,140,240.0,0.0,240.0,303,303,167.77142857142857,7,0,1000000,3000,4
679924,679924,2719696,5454,163,652,727.0,0.0,727.0,816,816,488.2453987730061,17,0,1000000,3000,4
679966,679966,2719864,5455,42,168,227.0,0.0,227.0,292,292,164.95238095238096,6,0,1000000,3000,4
680103,680103,2720412,5456,137,548,724.0,0.0,724.0,808,808,495.45255474452557,17,0,1000000,3000,4
680275,680275,2721100,5457,172,688,1046.0,0.0,1046.0,1137,1137,580.9186046511628,23,0,1000000,3000,4
680342,680342,2721368,5458,67,268,608.0,0.0,608.0,679,679,321.74626865671644,14,0,1000000,3000,4
680441,680441,2721764,5459,99,396,614.0,0.0,614.0,690,690,376.80808080808083,14,0,1000000,3000,4
680533,680533,2722132,5460,92,368,617.0,0.0,617.0,692,692,385.6521739130435,14,0,1000000,3000,4
680621,680621,2722484,5461,88,352,636.0,0.0,636.0,709,709,386.10227272727275,15,0,1000000,3000,4
680859,680859,2723436,5462,238,952,1026.0,0.0,1026.0,1129,1129,665.6806722689075,23,0,1000000,3000,4
680996,680996,2723984,5463,137,548,1064.0,0.0,1064.0,1149,1149,564.6715328467153,23,0,1000000,3000,4
681085,681085,2724340,5464,89,356,620.0,0.0,620.0,695,695,394.34831460674155,14,0,1000000,3000,4
681121,681121,2724484,5465,36,144,228.0,0.0,228.0,292,292,174.58333333333334,6,0,1000000,3000,4
681925,681925,2727700,5466,804,3216,683.0,0.0,683.0,898,898,670.6492537313433,18,0,1000000,3000,4
682174,682174,2728696,5467,249,996,794.0,0.0,794.0,898,898,701.6345381526104,18,0,1000000,3000,4
682843,682843,2731372,5468,669,2676,1451.0,0.0,1451.0,1640,1640,794.1136023916293,33,0,1000000,3000,4
683366,683366,2733464,5469,523,2092,646.0,0.0,646.0,807,807,620.5411089866157,17,0,1000000,3000,4
683594,683594,2734376,5470,228,912,1849.0,0.0,1849.0,1952,1952,952.3859649122807,40,0,1000000,3000,4
683856,683856,2735424,5471,262,1048,1415.0,0.0,1415.0,1524,1524,696.1717557251908,31,0,1000000,3000,4
684160,684160,2736640,5472,304,1216,1318.0,0.0,1318.0,1436,1436,694.8125,29,0,1000000,3000,4
684198,684198,2736792,5473,38,152,238.0,0.0,238.0,303,303,149.8684210526316,7,0,1000000,3000,4
684353,684353,2737412,5474,155,620,773.0,0.0,773.0,862,862,543.2129032258065,18,0,1000000,3000,4
684479,684479,2737916,5475,126,504,592.0,0.0,592.0,674,674,397.8015873015873,14,0,1000000,3000,4
684998,684998,2739992,5476,519,2076,2315.0,0.0,2315.0,2474,2474,1299.3853564547205,50,0,1000000,3000,4
685314,685314,2741256,5477,316,1264,1019.0,0.0,1019.0,1138,1138,730.6012658227849,23,0,1000000,3000,4
685355,685355,2741420,5478,41,164,224.0,0.0,224.0,289,289,170.3658536585366,6,0,1000000,3000,4
685567,685567,2742268,5479,212,848,1040.0,0.0,1040.0,1139,1139,568.6367924528302,23,0,1000000,3000,4
685678,685678,2742712,5480,111,444,601.0,0.0,601.0,680,680,369.2162162162162,14,0,1000000,3000,4
685720,685720,2742880,5481,42,168,224.0,0.0,224.0,289,289,170.54761904761904,6,0,1000000,3000,4
685755,685755,2743020,5482,35,140,246.0,0.0,246.0,309,309,152.28571428571428,7,0,1000000,3000,4
686042,686042,2744168,5483,287,1148,1293.0,0.0,1293.0,1407,1407,743.3170731707318,29,0,1000000,3000,4
686142,686142,2744568,5484,100,400,632.0,0.0,632.0,709,709,356.88,15,0,1000000,3000,4
686190,686190,2744760,5485,48,192,215.0,0.0,215.0,281,281,166.95833333333334,6,0,1000000,3000,4
686524,686524,2746096,5486,334,1336,1310.0,0.0,1310.0,1434,1434,750.2275449101796,29,0,1000000,3000,4
686685,686685,2746740,5487,161,644,732.0,0.0,732.0,821,821,508.83850931677017,17,0,1000000,3000,4
687145,687145,2748580,5488,460,1840,992.0,0.0,992.0,1139,1139,751.2804347826087,23,0,1000000,3000,4
687178,687178,2748712,5489,33,132,245.0,0.0,245.0,308,308,158.54545454545453,7,0,1000000,3000,4
687301,687301,2749204,5490,123,492,729.0,0.0,729.0,811,811,466.7479674796748,17,0,1000000,3000,4
687717,687717,2750868,5491,416,1664,1382.0,0.0,1382.0,1522,1522,772.7379807692307,31,0,1000000,3000,4
687808,687808,2751232,5492,91,364,602.0,0.0,602.0,678,678,391.8241758241758,14,0,1000000,3000,4
687845,687845,2751380,5493,37,148,242.0,0.0,242.0,307,307,148.2972972972973,7,0,1000000,3000,4
687949,687949,2751796,5494,104,416,596.0,0.0,596.0,673,673,393.59615384615387,14,0,1000000,3000,4
688051,688051,2752204,5495,102,408,613.0,0.0,613.0,691,691,381.27450980392155,14,0,1000000,3000,4
688086,688086,2752344,5496,35,140,242.0,0.0,242.0,304,307,162.4,7,0,1000000,3000,4
688239,688239,2752956,5497,153,612,717.0,0.0,717.0,804,804,495.3856209150327,17,0,1000000,3000,4
688283,688283,2753132,5498,44,176,219.0,0.0,219.0,284,284,167.4318181818182,6,0,1000000,3000,4
688324,688324,2753296,5499,41,164,234.0,0.0,234.0,299,299,156.46341463414635,6,0,1000000,3000,4
688494,688494,2753976,5500,170,680,809.0,0.0,809.0,898,898,580.2294117647059,18,0,1000000,3000,4
688592,688592,2754368,5501,98,392,606.0,0.0,606.0,683,683,311.3469387755102,14,0,1000000,3000,4
688628,688628,2754512,5502,36,144,240.0,0.0,240.0,303,303,160.66666666666666,7,0,1000000,3000,4
688753,688753,2755012,5503,125,500,598.0,0.0,598.0,680,680,383.272,14,0,1000000,3000,4
688943,688943,2755772,5504,190,760,1320.0,0.0,1320.0,1412,1412,706.1105263157895,29,0,1000000,3000,4
689038,689038,2756152,5505,95,380,632.0,0.0,632.0,708,708,363.2736842105263,15,0,1000000,3000,4
689310,689310,2757240,5506,272,1088,1027.0,0.0,1027.0,1138,1138,678.5772058823529,23,0,1000000,3000,4
689416,689416,2757664,5507,106,424,619.0,0.0,619.0,698,698,354.72641509433964,14,0,1000000,3000,4
689502,689502,2758008,5508,86,344,625.0,0.0,625.0,699,699,367.3953488372093,14,0,1000000,3000,4
689543,689543,2758172,5509,41,164,232.0,0.0,232.0,296,296,162.85365853658536,6,0,1000000,3000,4
689834,689834,2759336,5510,291,1164,1296.0,0.0,1296.0,1410,1410,689.0171821305842,29,0,1000000,3000,4
689963,689963,2759852,5511,129,516,627.0,0.0,627.0,709,709,317.50387596899225,15,0,1000000,3000,4
690057,690057,2760228,5512,94,376,649.0,0.0,649.0,722,724,383.0,15,0,1000000,3000,4
690156,690156,2760624,5513,99,396,609.0,0.0,609.0,685,685,397.7979797979798,14,0,1000000,3000,4
690194,690194,2760776,5514,38,152,242.0,0.0,242.0,306,306,156.6578947368421,7,0,1000000,3000,4
690365,690365,2761460,5515,171,684,1037.0,0.0,1037.0,1127,1127,587.6666666666666,23,0,1000000,3000,4
690406,690406,2761624,5516,41,164,233.0,0.0,233.0,297,297,151.8048780487805,6,0,1000000,3000,4
690516,690516,2762064,5517,110,440,607.0,0.0,607.0,686,686,367.4818181818182,14,0,1000000,3000,4
690647,690647,2762588,5518,131,524,582.0,0.0,582.0,665,665,398.9312977099237,14,0,1000000,3000,4
690755,690755,2763020,5519,108,432,620.0,0.0,620.0,697,697,378.2037037037037,14,0,1000000,3000,4
691003,691003,2764012,5520,248,992,1404.0,0.0,1404.0,1510,1510,754.608870967742,31,0,1000000,3000,4
691196,691196,2764784,5521,193,772,1030.0,0.0,1030.0,1124,1124,590.0777202072538,23,0,1000000,3000,4
691402,691402,2765608,5522,206,824,1040.0,0.0,1040.0,1138,1138,576.3155339805825,23,0,1000000,3000,4
691444,691444,2765776,5523,42,168,227.0,0.0,227.0,291,291,166.14285714285714,6,0,1000000,3000,4
691526,691526,2766104,5524,82,328,624.0,0.0,624.0,698,698,390.0609756097561,14,0,1000000,3000,4
691728,691728,2766912,5525,202,808,1314.0,0.0,1314.0,1411,1411,712.9356435643564,29,0,1000000,3000,4
691894,691894,2767576,5526,166,664,810.0,0.0,810.0,898,898,542.3493975903615,18,0,1000000,3000,4
692130,692130,2768520,5527,236,944,1034.0,0.0,1034.0,1137,1137,648.4703389830509,23,0,1000000,3000,4
692175,692175,2768700,5528,45,180,221.0,0.0,221.0,286,286,162.55555555555554,6,0,1000000,3000,4
692537,692537,2770148,5529,362,1448,682.0,0.0,682.0,811,811,613.2209944751381,17,0,1000000,3000,4
692572,692572,2770288,5530,35,140,236.0,0.0,236.0,299,299,166.31428571428572,6,0,1000000,3000,4
692760,692760,2771040,5531,188,752,806.0,0.0,806.0,898,899,516.3191489361702,18,0,1000000,3000,4
692806,692806,2771224,5532,46,184,219.0,0.0,219.0,285,285,168.6086956521739,6,0,1000000,3000,4
692911,692911,2771644,5533,105,420,605.0,0.0,605.0,681,681,385.6952380952381,14,0,1000000,3000,4
693109,693109,2772436,5534,198,792,804.0,0.0,804.0,898,898,531.1969696969697,18,0,1000000,3000,4
693349,693349,2773396,5535,240,960,1030.0,0.0,1030.0,1134,1134,588.9791666666666,23,0,1000000,3000,4
693563,693563,2774252,5536,214,856,1029.0,0.0,1029.0,1127,1127,651.6542056074767,23,0,1000000,3000,4
693737,693737,2774948,5537,174,696,809.0,0.0,809.0,898,899,538.0632183908046,18,0,1000000,3000,4
693852,693852,2775408,5538,115,460,621.0,0.0,621.0,701,701,373.0173913043478,15,0,1000000,3000,4
693947,693947,2775788,5539,95,380,620.0,0.0,620.0,696,696,384.89473684210526,14,0,1000000,3000,4
694351,694351,2777404,5540,404,1616,1652.0,0.0,1652.0,1789,1789,871.3415841584158,36,0,1000000,3000,4
694968,694968,2779872,5541,617,2468,2998.0,0.0,2998.0,3161,3161,1712.8881685575366,64,0,1000000,3000,4
695117,695117,2780468,5542,149,596,1052.0,0.0,1052.0,1138,1138,570.6510067114094,23,0,1000000,3000,4
695155,695155,2780620,5543,38,152,238.0,0.0,238.0,302,302,156.55263157894737,7,0,1000000,3000,4
695198,695198,2780792,5544,43,172,230.0,0.0,230.0,295,295,154.88372093023256,6,0,1000000,3000,4
695304,695304,2781216,5545,106,424,628.0,0.0,628.0,706,706,366.1132075471698,15,0,1000000,3000,4
695485,695485,2781940,5546,181,724,1046.0,0.0,1046.0,1138,1138,591.1657458563536,23,0,1000000,3000,4
695673,695673,2782692,5547,188,752,1044.0,0.0,1044.0,1137,1137,595.2446808510638,23,0,1000000,3000,4
695863,695863,2783452,5548,190,760,1032.0,0.0,1032.0,1125,1125,598.4894736842106,23,0,1000000,3000,4
695951,695951,2783804,5549,88,352,630.0,0.0,630.0,704,704,384.92045454545456,15,0,1000000,3000,4
696126,696126,2784504,5550,175,700,778.0,0.0,778.0,870,870,521.2685714285715,18,0,1000000,3000,4
696241,696241,2784964,5551,115,460,602.0,0.0,602.0,682,682,385.9130434782609,14,0,1000000,3000,4
696366,696366,2785464,5552,125,500,588.0,0.0,588.0,670,670,404.32,14,0,1000000,3000,4
696538,696538,2786152,5553,172,688,1035.0,0.0,1035.0,1124,1124,572.0581395348837,23,0,1000000,3000,4
696645,696645,2786580,5554,107,428,630.0,0.0,630.0,707,707,354.3644859813084,15,0,1000000,3000,4
696687,696687,2786748,5555,42,168,230.0,0.0,230.0,295,295,154.66666666666666,6,0,1000000,3000,4
696878,696878,2787512,5556,191,764,1044.0,0.0,1044.0,1139,1139,596.109947643979,23,0,1000000,3000,4
697050,697050,2788200,5557,172,688,741.0,0.0,741.0,832,832,489.1453488372093,17,0,1000000,3000,4
697093,697093,2788372,5558,43,172,229.0,0.0,229.0,294,294,155.97674418604652,6,0,1000000,3000,4
697255,697255,2789020,5559,162,648,635.0,0.0,635.0,722,722,502.7098765432099,15,0,1000000,3000,4
697295,697295,2789180,5560,40,160,230.0,0.0,230.0,295,295,161.875,6,0,1000000,3000,4
697403,697403,2789612,5561,108,432,612.0,0.0,612.0,690,690,371.5,14,0,1000000,3000,4
697446,697446,2789784,5562,43,172,231.0,0.0,231.0,296,296,158.2325581395349,6,0,1000000,3000,4
697559,697559,2790236,5563,113,452,631.0,0.0,631.0,710,710,329.4424778761062,15,0,1000000,3000,4
697664,697664,2790656,5564,105,420,618.0,0.0,618.0,696,696,321.9142857142857,14,0,1000000,3000,4
697711,697711,2790844,5565,47,188,220.0,0.0,220.0,285,285,166.38297872340425,6,0,1000000,3000,4
697952,697952,2791808,5566,241,964,1033.0,0.0,1033.0,1138,1138,590.8132780082988,23,0,1000000,3000,4
698123,698123,2792492,5567,171,684,593.0,0.0,593.0,683,683,425.1929824561403,14,0,1000000,3000,4
698508,698508,2794032,5568,385,1540,1282.0,0.0,1282.0,1414,1414,785.8441558441558,29,0,1000000,3000,4
698709,698709,2794836,5569,201,804,597.0,0.0,597.0,694,694,419.228855721393,14,0,1000000,3000,4
698753,698753,2795012,5570,44,176,232.0,0.0,232.0,297,297,139.4090909090909,6,0,1000000,3000,4
698796,698796,2795184,5571,43,172,228.0,0.0,228.0,293,293,161.34883720930233,6,0,1000000,3000,4
698963,698963,2795852,5572,167,668,761.0,0.0,761.0,850,850,514.0119760479042,18,0,1000000,3000,4
699154,699154,2796616,5573,191,764,779.0,0.0,779.0,874,874,477.1047120418848,18,0,1000000,3000,4
699197,699197,2796788,5574,43,172,231.0,0.0,231.0,296,296,154.69767441860466,6,0,1000000,3000,4
699398,699398,2797592,5575,201,804,1039.0,0.0,1039.0,1136,1136,557.2985074626865,23,0,1000000,3000,4
699501,699501,2798004,5576,103,412,626.0,0.0,626.0,703,703,362.5145631067961,15,0,1000000,3000,4
699542,699542,2798168,5577,41,164,231.0,0.0,231.0,296,296,158.6341463414634,6,0,1000000,3000,4
699583,699583,2798332,5578,41,164,232.0,0.0,232.0,296,296,162.5121951219512,6,0,1000000,3000,4
699624,699624,2798496,5579,41,164,232.0,0.0,232.0,297,297,159.2439024390244,6,0,1000000,3000,4
699730,699730,2798920,5580,106,424,631.0,0.0,631.0,709,709,357.22641509433964,15,0,1000000,3000,4
699772,699772,2799088,5581,42,168,228.0,0.0,228.0,293,293,159.4047619047619,6,0,1000000,3000,4
699813,699813,2799252,5582,41,164,230.0,0.0,230.0,295,295,160.14634146341464,6,0,1000000,3000,4
699904,699904,2799616,5583,91,364,626.0,0.0,626.0,701,701,377.94505494505495,15,0,1000000,3000,4
699948,699948,2799792,5584,44,176,222.0,0.0,222.0,287,287,164.1818181818182,6,0,1000000,3000,4
699990,699990,2799960,5585,42,168,232.0,0.0,232.0,297,297,156.92857142857142,6,0,1000000,3000,4
700031,700031,2800124,5586,41,164,231.0,0.0,231.0,296,296,158.85365853658536,6,0,1000000,3000,4
700134,700134,2800536,5587,103,412,602.0,0.0,602.0,678,678,384.80582524271847,14,0,1000000,3000,4
700175,700175,2800700,5588,41,164,232.0,0.0,232.0,297,297,163.3658536585366,6,0,1000000,3000,4
700222,700222,2800888,5589,47,188,213.0,0.0,213.0,278,278,168.0212765957447,6,0,1000000,3000,4
700322,700322,2801288,5590,100,400,629.0,0.0,629.0,705,705,342.35,15,0,1000000,3000,4
700426,700426,2801704,5591,104,416,627.0,0.0,627.0,704,704,352.8942307692308,15,0,1000000,3000,4
700466,700466,2801864,5592,40,160,240.0,0.0,240.0,305,305,152.1,7,0,1000000,3000,4
700581,700581,2802324,5593,115,460,621.0,0.0,621.0,700,700,343.97391304347826,15,0,1000000,3000,4
700798,700798,2803192,5594,217,868,1028.0,0.0,1028.0,1126,1126,670.3179723502304,23,0,1000000,3000,4
700840,700840,2803360,5595,42,168,229.0,0.0,229.0,294,294,159.21428571428572,6,0,1000000,3000,4
700883,700883,2803532,5596,43,172,229.0,0.0,229.0,294,294,152.97674418604652,6,0,1000000,3000,4
700927,700927,2803708,5597,44,176,225.0,0.0,225.0,290,290,154.63636363636363,6,0,1000000,3000,4
700979,700979,2803916,5598,52,208,210.0,0.0,210.0,276,276,162.1153846153846,6,0,1000000,3000,4
701019,701019,2804076,5599,40,160,234.0,0.0,234.0,297,297,159.2,6,0,1000000,3000,4
701069,701069,2804276,5600,50,200,211.0,0.0,211.0,278,278,166.0,6,0,1000000,3000,4
701118,701118,2804472,5601,49,196,216.0,0.0,216.0,281,281,162.18367346938774,6,0,1000000,3000,4
701173,701173,2804692,5602,55,220,194.0,0.0,194.0,260,260,173.6909090909091,6,0,1000000,3000,4
701287,701287,2805148,5603,114,456,590.0,0.0,590.0,669,669,382.0175438596491,14,0,1000000,3000,4
701505,701505,2806020,5604,218,872,800.0,0.0,800.0,898,898,566.3256880733945,18,0,1000000,3000,4
701603,701603,2806412,5605,98,392,627.0,0.0,627.0,702,702,375.18367346938777,15,0,1000000,3000,4
701651,701651,2806604,5606,48,192,228.0,0.0,228.0,293,293,146.9375,6,0,1000000,3000,4
701875,701875,2807500,5607,224,896,1024.0,0.0,1024.0,1123,1123,622.2232142857143,23,0,1000000,3000,4
702121,702121,2808484,5608,246,984,1021.0,0.0,1021.0,1126,1126,619.6626016260162,23,0,1000000,3000,4
702327,702327,2809308,5609,206,824,761.0,0.0,761.0,859,859,521.3058252427185,18,0,1000000,3000,4
702604,702604,2810416,5610,277,1108,1024.0,0.0,1024.0,1136,1136,665.4981949458484,23,0,1000000,3000,4
702815,702815,2811260,5611,211,844,1312.0,0.0,1312.0,1411,1411,729.2701421800948,29,0,1000000,3000,4
702852,702852,2811408,5612,37,148,233.0,0.0,233.0,297,297,159.48648648648648,6,0,1000000,3000,4
703006,703006,2812024,5613,154,616,722.0,0.0,722.0,809,809,474.2987012987013,17,0,1000000,3000,4
703290,703290,2813160,5614,284,1136,1023.0,0.0,1023.0,1136,1136,615.5246478873239,23,0,1000000,3000,4
703388,703388,2813552,5615,98,392,625.0,0.0,625.0,701,701,383.0612244897959,15,0,1000000,3000,4
703572,703572,2814288,5616,184,736,1043.0,0.0,1043.0,1136,1136,568.8478260869565,23,0,1000000,3000,4
703751,703751,2815004,5617,179,716,749.0,0.0,749.0,841,841,494.2513966480447,17,0,1000000,3000,4
703876,703876,2815504,5618,125,500,596.0,0.0,596.0,678,678,369.888,14,0,1000000,3000,4
703924,703924,2815696,5619,48,192,210.0,0.0,210.0,275,275,173.58333333333334,6,0,1000000,3000,4
703970,703970,2815880,5620,46,184,230.0,0.0,230.0,296,296,152.2391304347826,6,0,1000000,3000,4
704067,704067,2816268,5621,97,388,629.0,0.0,629.0,705,705,336.70103092783506,15,0,1000000,3000,4
704205,704205,2816820,5622,138,552,602.0,0.0,602.0,686,686,361.2608695652174,14,0,1000000,3000,4
704385,704385,2817540,5623,180,720,808.0,0.0,808.0,898,898,558.3222222222222,18,0,1000000,3000,4
704515,704515,2818060,5624,130,520,599.0,0.0,599.0,681,681,380.3,14,0,1000000,3000,4
704550,704550,2818200,5625,35,140,241.0,0.0,241.0,304,304,159.0,7,0,1000000,3000,4
704740,704740,2818960,5626,190,760,1043.0,0.0,1043.0,1137,1137,609.0578947368421,23,0,1000000,3000,4
705194,705194,2820776,5627,454,1816,2326.0,0.0,2326.0,2472,2472,1463.8810572687225,50,0,1000000,3000,4
705355,705355,2821420,5628,161,644,772.0,0.0,772.0,861,861,520.5900621118012,18,0,1000000,3000,4
705464,705464,2821856,5629,109,436,596.0,0.0,596.0,674,674,369.25688073394497,14,0,1000000,3000,4
705819,705819,2823276,5630,355,1420,1021.0,0.0,1021.0,1149,1149,652.7042253521126,23,0,1000000,3000,4
705862,705862,2823448,5631,43,172,238.0,0.0,238.0,304,304,142.6046511627907,7,0,1000000,3000,4
706055,706055,2824220,5632,193,772,1044.0,0.0,1044.0,1139,1139,579.4974093264249,23,0,1000000,3000,4
706147,706147,2824588,5633,92,368,635.0,0.0,635.0,710,710,373.07608695652175,15,0,1000000,3000,4
706187,706187,2824748,5634,40,160,241.0,0.0,241.0,306,306,157.9,7,0,1000000,3000,4
706305,706305,2825220,5635,118,472,612.0,0.0,612.0,692,692,386.4830508474576,14,0,1000000,3000,4
706506,706506,2826024,5636,201,804,1129.0,0.0,1129.0,1225,1225,647.7114427860696,25,0,1000000,3000,4
706668,706668,2826672,5637,162,648,1040.0,0.0,1040.0,1128,1128,577.7345679012345,23,0,1000000,3000,4
706806,706806,2827224,5638,138,552,758.0,0.0,758.0,842,842,486.3188405797101,17,0,1000000,3000,4
706847,706847,2827388,5639,41,164,225.0,0.0,225.0,290,290,158.0731707317073,6,0,1000000,3000,4
707039,707039,2828156,5640,192,768,1040.0,0.0,1040.0,1134,1134,629.265625,23,0,1000000,3000,4
707352,707352,2829408,5641,313,1252,1011.0,0.0,1011.0,1129,1129,700.629392971246,23,0,1000000,3000,4
707389,707389,2829556,5642,37,148,231.0,0.0,231.0,295,295,164.56756756756758,6,0,1000000,3000,4
707664,707664,2830656,5643,275,1100,1025.0,0.0,1025.0,1136,1136,628.1527272727272,23,0,1000000,3000,4
707697,707697,2830788,5644,33,132,238.0,0.0,238.0,301,301,165.15151515151516,7,0,1000000,3000,4
707779,707779,2831116,5645,82,328,623.0,0.0,623.0,696,696,391.5609756097561,14,0,1000000,3000,4
707812,707812,2831248,5646,33,132,244.0,0.0,244.0,306,306,160.36363636363637,7,0,1000000,3000,4
707922,707922,2831688,5647,110,440,604.0,0.0,604.0,682,682,382.58181818181816,14,0,1000000,3000,4
708083,708083,2832332,5648,161,644,754.0,0.0,754.0,843,843,514.1987577639752,17,0,1000000,3000,4
708125,708125,2832500,5649,42,168,214.0,0.0,214.0,278,278,177.8095238095238,6,0,1000000,3000,4
708301,708301,2833204,5650,176,704,756.0,0.0,756.0,848,848,509.39772727272725,17,0,1000000,3000,4
708847,708847,2835388,5651,546,2184,3012.0,0.0,3012.0,3161,3161,1616.423076923077,64,0,1000000,3000,4
708887,708887,2835548,5652,40,160,233.0,0.0,233.0,298,298,168.0,6,0,1000000,3000,4
709212,709212,2836848,5653,325,1300,1007.0,0.0,1007.0,1127,1127,711.4892307692307,23,0,1000000,3000,4
709314,709314,2837256,5654,102,408,631.0,0.0,631.0,708,708,389.01960784313724,15,0,1000000,3000,4
709411,709411,2837644,5655,97,388,620.0,0.0,620.0,695,695,378.319587628866,14,0,1000000,3000,4
709603,709603,2838412,5656,192,768,702.0,0.0,702.0,797,797,568.1614583333334,16,0,1000000,3000,4
709837,709837,2839348,5657,234,936,1045.0,0.0,1045.0,1149,1149,634.9102564102565,23,0,1000000,3000,4
709874,709874,2839496,5658,37,148,228.0,0.0,228.0,292,292,169.1891891891892,6,0,1000000,3000,4
709963,709963,2839852,5659,89,356,634.0,0.0,634.0,709,709,379.64044943820227,15,0,1000000,3000,4
710446,710446,2841784,5660,483,1932,1366.0,0.0,1366.0,1520,1520,845.5010351966873,31,0,1000000,3000,4
710721,710721,2842884,5661,275,1100,1026.0,0.0,1026.0,1137,1137,650.7054545454546,23,0,1000000,3000,4
710886,710886,2843544,5662,165,660,635.0,0.0,635.0,722,722,487.45454545454544,15,0,1000000,3000,4
711072,711072,2844288,5663,186,744,770.0,0.0,770.0,864,864,538.2849462365591,18,0,1000000,3000,4
711378,711378,2845512,5664,306,1224,1298.0,0.0,1298.0,1414,1414,774.3496732026143,29,0,1000000,3000,4
711893,711893,2847572,5665,515,2060,1263.0,0.0,1263.0,1423,1423,733.6815533980582,29,0,1000000,3000,4
711992,711992,2847968,5666,99,396,621.0,0.0,621.0,698,698,362.979797979798,14,0,1000000,3000,4
712201,712201,2848804,5667,209,836,1029.0,0.0,1029.0,1126,1126,537.0047846889952,23,0,1000000,3000,4
712482,712482,2849928,5668,281,1124,1009.0,0.0,1009.0,1121,1122,628.7758007117437,23,0,1000000,3000,4
712638,712638,2850552,5669,156,624,812.0,0.0,812.0,898,898,567.1987179487179,18,0,1000000,3000,4
712928,712928,2851712,5670,290,1160,1040.0,0.0,1040.0,1155,1155,651.9172413793103,24,0,1000000,3000,4
713048,713048,2852192,5671,120,480,598.0,0.0,598.0,679,679,393.075,14,0,1000000,3000,4
713089,713089,2852356,5672,41,164,220.0,0.0,220.0,285,285,168.9512195121951,6,0,1000000,3000,4
713466,713466,2853864,5673,377,1508,1299.0,0.0,1299.0,1432,1432,765.4137931034483,29,0,1000000,3000,4
713863,713863,2855452,5674,397,1588,1297.0,0.0,1297.0,1434,1434,800.183879093199,29,0,1000000,3000,4
714040,714040,2856160,5675,177,708,729.0,0.0,729.0,822,822,568.0960451977401,17,0,1000000,3000,4
714141,714141,2856564,5676,101,404,583.0,0.0,583.0,660,660,423.8910891089109,14,0,1000000,3000,4
714328,714328,2857312,5677,187,748,1035.0,0.0,1035.0,1128,1128,681.7058823529412,23,0,1000000,3000,4
714568,714568,2858272,5678,240,960,795.0,0.0,795.0,898,900,723.9208333333333,19,0,1000000,3000,4
714826,714826,2859304,5679,258,1032,1043.0,0.0,1043.0,1152,1152,707.6007751937984,24,0,1000000,3000,4
714976,714976,2859904,5680,150,600,814.0,0.0,814.0,898,898,581.16,18,0,1000000,3000,4
715010,715010,2860040,5681,34,136,234.0,0.0,234.0,298,298,167.41176470588235,6,0,1000000,3000,4
715042,715042,2860168,5682,32,128,248.0,0.0,248.0,311,311,159.53125,7,0,1000000,3000,4
715071,715071,2860284,5683,29,116,248.0,0.0,248.0,311,311,159.41379310344828,7,0,1000000,3000,4
715277,715277,2861108,5684,206,824,1313.0,0.0,1313.0,1410,1410,733.2038834951456,29,0,1000000,3000,4
715737,715737,2862948,5685,460,1840,979.0,0.0,979.0,1126,1126,796.8695652173913,23,0,1000000,3000,4
715771,715771,2863084,5686,34,136,236.0,0.0,236.0,299,299,168.61764705882354,6,0,1000000,3000,4
715864,715864,2863456,5687,93,372,617.0,0.0,617.0,692,692,400.81720430107526,14,0,1000000,3000,4
715897,715897,2863588,5688,33,132,242.0,0.0,242.0,306,306,167.27272727272728,7,0,1000000,3000,4
715926,715926,2863704,5689,29,116,250.0,0.0,250.0,312,312,160.75862068965517,7,0,1000000,3000,4
715960,715960,2863840,5690,34,136,237.0,0.0,237.0,301,301,168.97058823529412,7,0,1000000,3000,4
715990,715990,2863960,5691,30,120,250.0,0.0,250.0,313,313,159.5,7,0,1000000,3000,4
716130,716130,2864520,5692,140,560,749.0,0.0,749.0,834,834,521.3142857142857,17,0,1000000,3000,4
716279,716279,2865116,5693,149,596,1345.0,0.0,1345.0,1432,1432,726.738255033557,29,0,1000000,3000,4
716345,716345,2865380,5694,66,264,607.0,0.0,607.0,678,678,333.6363636363636,14,0,1000000,3000,4
716381,716381,2865524,5695,36,144,242.0,0.0,242.0,306,306,147.72222222222223,7,0,1000000,3000,4
716846,716846,2867384,5696,465,1860,3028.0,0.0,3028.0,3161,3161,1747.6086021505375,64,0,1000000,3000,4
716934,716934,2867736,5697,88,352,619.0,0.0,619.0,693,693,394.78409090909093,14,0,1000000,3000,4
717056,717056,2868224,5698,122,488,728.0,0.0,728.0,809,809,481.0163934426229,17,0,1000000,3000,4
717247,717247,2868988,5699,191,764,1146.0,0.0,1146.0,1242,1242,673.2146596858639,25,0,1000000,3000,4
717333,717333,2869332,5700,86,344,650.0,0.0,650.0,722,722,368.4418604651163,15,0,1000000,3000,4
717597,717597,2870388,5701,264,1056,1314.0,0.0,1314.0,1424,1424,707.219696969697,29,0,1000000,3000,4
717634,717634,2870536,5702,37,148,244.0,0.0,244.0,308,308,155.16216216216216,7,0,1000000,3000,4
717756,717756,2871024,5703,122,488,587.0,0.0,587.0,667,667,386.55737704918033,14,0,1000000,3000,4
717881,717881,2871524,5704,125,500,598.0,0.0,598.0,679,679,382.84,14,0,1000000,3000,4
717912,717912,2871648,5705,31,124,245.0,0.0,245.0,309,309,157.3548387096774,7,0,1000000,3000,4
717949,717949,2871796,5706,37,148,238.0,0.0,238.0,303,303,158.97297297297297,7,0,1000000,3000,4
718184,718184,2872736,5707,235,940,1560.0,0.0,1560.0,1663,1663,803.6936170212766,34,0,1000000,3000,4
718285,718285,2873140,5708,101,404,619.0,0.0,619.0,696,696,366.28712871287127,14,0,1000000,3000,4
718438,718438,2873752,5709,153,612,778.0,0.0,778.0,865,865,532.5882352941177,18,0,1000000,3000,4
718568,718568,2874272,5710,130,520,1055.0,0.0,1055.0,1137,1137,529.623076923077,23,0,1000000,3000,4
718852,718852,2875408,5711,284,1136,1016.0,0.0,1016.0,1128,1128,650.7007042253521,23,0,1000000,3000,4
718884,718884,2875536,5712,32,128,241.0,0.0,241.0,304,304,160.375,7,0,1000000,3000,4
718919,718919,2875676,5713,35,140,247.0,0.0,247.0,310,310,154.57142857142858,7,0,1000000,3000,4
718994,718994,2875976,5714,75,300,629.0,0.0,629.0,701,701,364.06666666666666,15,0,1000000,3000,4
719147,719147,2876588,5715,153,612,637.0,0.0,637.0,722,723,507.29411764705884,15,0,1000000,3000,4
719417,719417,2877668,5716,270,1080,1558.0,0.0,1558.0,1670,1670,811.3185185185185,34,0,1000000,3000,4
719555,719555,2878220,5717,138,552,750.0,0.0,750.0,834,834,488.1304347826087,17,0,1000000,3000,4
719722,719722,2878888,5718,167,668,1037.0,0.0,1037.0,1126,1126,571.3652694610779,23,0,1000000,3000,4
719754,719754,2879016,5719,32,128,250.0,0.0,250.0,314,314,154.25,7,0,1000000,3000,4
719796,719796,2879184,5720,42,168,232.0,0.0,232.0,297,297,157.54761904761904,6,0,1000000,3000,4
719987,719987,2879948,5721,191,764,1033.0,0.0,1033.0,1127,1127,631.1937172774869,23,0,1000000,3000,4
720053,720053,2880212,5722,66,264,606.0,0.0,606.0,676,676,335.5151515151515,14,0,1000000,3000,4
720087,720087,2880348,5723,34,136,246.0,0.0,246.0,310,310,151.8235294117647,7,0,1000000,3000,4
720123,720123,2880492,5724,36,144,231.0,0.0,231.0,295,295,167.5,6,0,1000000,3000,4
720155,720155,2880620,5725,32,128,241.0,0.0,241.0,304,304,169.3125,7,0,1000000,3000,4
720194,720194,2880776,5726,39,156,233.0,0.0,233.0,297,297,164.15384615384616,6,0,1000000,3000,4
720339,720339,2881356,5727,145,580,814.0,0.0,814.0,898,898,531.8689655172413,18,0,1000000,3000,4
720438,720438,2881752,5728,99,396,618.0,0.0,618.0,695,695,385.2121212121212,14,0,1000000,3000,4
720530,720530,2882120,5729,92,368,608.0,0.0,608.0,683,683,339.8152173913044,14,0,1000000,3000,4
720719,720719,2882876,5730,189,756,1429.0,0.0,1429.0,1524,1524,739.8306878306878,31,0,1000000,3000,4
720900,720900,2883600,5731,181,724,1037.0,0.0,1037.0,1128,1128,624.5801104972376,23,0,1000000,3000,4
720933,720933,2883732,5732,33,132,247.0,0.0,247.0,311,311,148.72727272727272,7,0,1000000,3000,4
721022,721022,2884088,5733,89,356,638.0,0.0,638.0,713,713,380.35955056179773,15,0,1000000,3000,4
721195,721195,2884780,5734,173,692,1432.0,0.0,1432.0,1523,1523,721.2254335260116,31,0,1000000,3000,4
721403,721403,2885612,5735,208,832,1037.0,0.0,1037.0,1135,1135,608.0913461538462,23,0,1000000,3000,4
721634,721634,2886536,5736,231,924,1418.0,0.0,1418.0,1522,1522,723.0,31,0,1000000,3000,4
721664,721664,2886656,5737,30,120,251.0,0.0,251.0,314,314,155.8,7,0,1000000,3000,4
721694,721694,2886776,5738,30,120,245.0,0.0,245.0,309,309,155.83333333333334,7,0,1000000,3000,4
721927,721927,2887708,5739,233,932,1560.0,0.0,1560.0,1663,1663,811.4291845493563,34,0,1000000,3000,4
722012,722012,2888048,5740,85,340,621.0,0.0,621.0,694,694,368.1764705882353,14,0,1000000,3000,4
722228,722228,2888912,5741,216,864,1042.0,0.0,1042.0,1142,1142,687.9537037037037,23,0,1000000,3000,4
722263,722263,2889052,5742,35,140,235.0,0.0,235.0,299,299,169.77142857142857,6,0,1000000,3000,4
722353,722353,2889412,5743,90,360,627.0,0.0,627.0,703,703,356.94444444444446,15,0,1000000,3000,4
722453,722453,2889812,5744,100,400,613.0,0.0,613.0,690,690,390.56,14,0,1000000,3000,4
722484,722484,2889936,5745,31,124,246.0,0.0,246.0,310,310,156.61290322580646,7,0,1000000,3000,4
722669,722669,2890676,5746,185,740,1056.0,0.0,1056.0,1151,1151,631.7945945945946,24,0,1000000,3000,4
722750,722750,2891000,5747,81,324,632.0,0.0,632.0,705,705,381.48148148148147,15,0,1000000,3000,4
722839,722839,2891356,5748,89,356,633.0,0.0,633.0,708,708,370.17977528089887,15,0,1000000,3000,4
722992,722992,2891968,5749,153,612,1043.0,0.0,1043.0,1130,1130,610.5294117647059,23,0,1000000,3000,4
723096,723096,2892384,5750,104,416,612.0,0.0,612.0,689,689,404.6730769230769,14,0,1000000,3000,4
723125,723125,2892500,5751,29,116,252.0,0.0,252.0,315,315,159.93103448275863,7,0,1000000,3000,4
723275,723275,2893100,5752,150,600,763.0,0.0,763.0,850,850,546.7,18,0,1000000,3000,4
723423,723423,2893692,5753,148,592,771.0,0.0,771.0,858,858,521.1283783783783,18,0,1000000,3000,4
723454,723454,2893816,5754,31,124,243.0,0.0,243.0,306,306,161.67741935483872,7,0,1000000,3000,4
723549,723549,2894196,5755,95,380,631.0,0.0,631.0,707,707,386.89473684210526,15,0,1000000,3000,4
723646,723646,2894584,5756,97,388,599.0,0.0,599.0,676,676,393.7938144329897,14,0,1000000,3000,4
723810,723810,2895240,5757,164,656,1424.0,0.0,1424.0,1513,1513,771.8841463414634,31,0,1000000,3000,4
723960,723960,2895840,5758,150,600,750.0,0.0,750.0,837,837,563.92,17,0,1000000,3000,4
724151,724151,2896604,5759,191,764,1319.0,0.0,1319.0,1413,1413,773.7853403141361,29,0,1000000,3000,4
724182,724182,2896728,5760,31,124,250.0,0.0,250.0,314,314,159.06451612903226,7,0,1000000,3000,4
724278,724278,2897112,5761,96,384,611.0,0.0,611.0,688,688,408.84375,14,0,1000000,3000,4
724413,724413,2897652,5762,135,540,606.0,0.0,606.0,690,690,472.14814814814815,14,0,1000000,3000,4
724454,724454,2897816,5763,41,164,225.0,0.0,225.0,291,291,172.4878048780488,6,0,1000000,3000,4
724485,724485,2897940,5764,31,124,249.0,0.0,249.0,313,313,158.74193548387098,7,0,1000000,3000,4
724525,724525,2898100,5765,40,160,218.0,0.0,218.0,283,283,173.775,6,0,1000000,3000,4
724667,724667,2898668,5766,142,568,716.0,0.0,716.0,801,801,493.3943661971831,17,0,1000000,3000,4
724696,724696,2898784,5767,29,116,249.0,0.0,249.0,312,312,156.51724137931035,7,0,1000000,3000,4
724730,724730,2898920,5768,34,136,234.0,0.0,234.0,298,298,162.88235294117646,6,0,1000000,3000,4
724758,724758,2899032,5769,28,112,248.0,0.0,248.0,311,311,155.82142857142858,7,0,1000000,3000,4
724799,724799,2899196,5770,41,164,227.0,0.0,227.0,291,291,162.9268292682927,6,0,1000000,3000,4
724831,724831,2899324,5771,32,128,240.0,0.0,240.0,302,302,169.0625,7,0,1000000,3000,4
725070,725070,2900280,5772,239,956,796.0,0.0,796.0,898,899,648.6820083682009,18,0,1000000,3000,4
725154,725154,2900616,5773,84,336,636.0,0.0,636.0,710,710,408.9642857142857,15,0,1000000,3000,4
725241,725241,2900964,5774,87,348,634.0,0.0,634.0,709,709,384.2183908045977,15,0,1000000,3000,4
725271,725271,2901084,5775,30,120,249.0,0.0,249.0,313,313,153.16666666666666,7,0,1000000,3000,4
725396,725396,2901584,5776,125,500,584.0,0.0,584.0,664,664,399.072,14,0,1000000,3000,4
725468,725468,2901872,5777,72,288,613.0,0.0,613.0,684,684,349.4861111111111,14,0,1000000,3000,4
725546,725546,2902184,5778,78,312,640.0,0.0,640.0,713,713,370.7307692307692,15,0,1000000,3000,4
725705,725705,2902820,5779,159,636,636.0,0.0,636.0,722,722,499.748427672956,15,0,1000000,3000,4
725894,725894,2903576,5780,189,756,1430.0,0.0,1430.0,1525,1525,761.994708994709,31,0,1000000,3000,4
726245,726245,2904980,5781,351,1404,773.0,0.0,773.0,898,898,680.8717948717949,18,0,1000000,3000,4
726282,726282,2905128,5782,37,148,235.0,0.0,235.0,299,299,164.7027027027027,6,0,1000000,3000,4
726503,726503,2906012,5783,221,884,693.0,0.0,693.0,794,794,571.8823529411765,16,0,1000000,3000,4
726612,726612,2906448,5784,109,436,613.0,0.0,613.0,691,691,385.07339449541286,14,0,1000000,3000,4
726779,726779,2907116,5785,167,668,810.0,0.0,810.0,898,899,560.2035928143713,18,0,1000000,3000,4
726906,726906,2907624,5786,127,508,599.0,0.0,599.0,680,680,386.99212598425197,14,0,1000000,3000,4
727005,727005,2908020,5787,99,396,601.0,0.0,601.0,676,676,405.09090909090907,14,0,1000000,3000,4
727340,727340,2909360,5788,335,1340,776.0,0.0,776.0,897,899,681.3611940298507,18,0,1000000,3000,4
727575,727575,2910300,5789,235,940,1034.0,0.0,1034.0,1137,1137,635.068085106383,23,0,1000000,3000,4
727739,727739,2910956,5790,164,656,635.0,0.0,635.0,722,723,476.2134146341463,15,0,1000000,3000,4
727772,727772,2911088,5791,33,132,247.0,0.0,247.0,311,311,149.8181818181818,7,0,1000000,3000,4
727815,727815,2911260,5792,43,172,225.0,0.0,225.0,290,290,164.06976744186048,6,0,1000000,3000,4
727910,727910,2911640,5793,95,380,611.0,0.0,611.0,687,687,375.7894736842105,14,0,1000000,3000,4
728133,728133,2912532,5794,223,892,1331.0,0.0,1331.0,1433,1433,678.9058295964126,29,0,1000000,3000,4
728244,728244,2912976,5795,111,444,603.0,0.0,603.0,682,682,382.22522522522524,14,0,1000000,3000,4
728277,728277,2913108,5796,33,132,242.0,0.0,242.0,305,305,161.42424242424244,7,0,1000000,3000,4
728353,728353,2913412,5797,76,304,632.0,0.0,632.0,705,705,384.69736842105266,15,0,1000000,3000,4
728639,728639,2914556,5798,286,1144,1014.0,0.0,1014.0,1127,1127,693.0804195804196,23,0,1000000,3000,4
728818,728818,2915272,5799,179,716,773.0,0.0,773.0,865,865,527.1340782122905,18,0,1000000,3000,4
728857,728857,2915428,5800,39,156,239.0,0.0,239.0,304,304,156.12820512820514,7,0,1000000,3000,4
728896,728896,2915584,5801,39,156,231.0,0.0,231.0,295,295,167.15384615384616,6,0,1000000,3000,4
728987,728987,2915948,5802,91,364,597.0,0.0,597.0,672,672,415.61538461538464,14,0,1000000,3000,4
729133,729133,2916532,5803,146,584,757.0,0.0,757.0,844,844,511.13013698630135,17,0,1000000,3000,4
729231,729231,2916924,5804,98,392,618.0,0.0,618.0,694,694,335.1734693877551,14,0,1000000,3000,4
729262,729262,2917048,5805,31,124,240.0,0.0,240.0,302,302,162.8709677419355,7,0,1000000,3000,4
729423,729423,2917692,5806,161,644,732.0,0.0,732.0,822,822,562.2173913043479,17,0,1000000,3000,4
729600,729600,2918400,5807,177,708,766.0,0.0,766.0,859,859,528.5988700564972,18,0,1000000,3000,4
729639,729639,2918556,5808,39,156,244.0,0.0,244.0,308,308,142.51282051282053,7,0,1000000,3000,4
729751,729751,2919004,5809,112,448,614.0,0.0,614.0,693,693,354.69642857142856,14,0,1000000,3000,4
729864,729864,2919456,5810,113,452,594.0,0.0,594.0,672,672,368.60176991150445,14,0,1000000,3000,4
729906,729906,2919624,5811,42,168,224.0,0.0,224.0,289,289,167.57142857142858,6,0,1000000,3000,4
730184,730184,2920736,5812,278,1112,1547.0,0.0,1547.0,1659,1659,817.4748201438849,34,0,1000000,3000,4
730451,730451,2921804,5813,267,1068,1409.0,0.0,1409.0,1519,1519,718.6966292134831,31,0,1000000,3000,4
730534,730534,2922136,5814,83,332,609.0,0.0,609.0,682,682,323.89156626506025,14,0,1000000,3000,4
730638,730638,2922552,5815,104,416,614.0,0.0,614.0,691,691,374.28846153846155,14,0,1000000,3000,4
730762,730762,2923048,5816,124,496,599.0,0.0,599.0,680,680,370.5806451612903,14,0,1000000,3000,4
730803,730803,2923212,5817,41,164,230.0,0.0,230.0,295,295,161.73170731707316,6,0,1000000,3000,4
731002,731002,2924008,5818,199,796,1033.0,0.0,1033.0,1128,1128,601.9547738693467,23,0,1000000,3000,4
731169,731169,2924676,5819,167,668,810.0,0.0,810.0,898,898,533.556886227545,18,0,1000000,3000,4
731212,731212,2924848,5820,43,172,224.0,0.0,224.0,288,288,164.6046511627907,6,0,1000000,3000,4
731253,731253,2925012,5821,41,164,240.0,0.0,240.0,305,305,151.6341463414634,7,0,1000000,3000,4
731474,731474,2925896,5822,221,884,1314.0,0.0,1314.0,1415,1415,726.1176470588235,29,0,1000000,3000,4
731652,731652,2926608,5823,178,712,1046.0,0.0,1046.0,1138,1138,595.629213483146,23,0,1000000,3000,4
731758,731758,2927032,5824,106,424,617.0,0.0,617.0,696,696,331.70754716981133,14,0,1000000,3000,4
731858,731858,2927432,5825,100,400,730.0,0.0,730.0,808,808,433.04,17,0,1000000,3000,4
732007,732007,2928028,5826,149,596,1149.0,0.0,1149.0,1235,1235,597.4496644295302,25,0,1000000,3000,4
732206,732206,2928824,5827,199,796,1053.0,0.0,1053.0,1150,1150,629.3266331658291,24,0,1000000,3000,4
732529,732529,2930116,5828,323,1292,1017.0,0.0,1017.0,1138,1138,657.2229102167182,23,0,1000000,3000,4
732624,732624,2930496,5829,95,380,620.0,0.0,620.0,695,695,381.85263157894735,14,0,1000000,3000,4
732670,732670,2930680,5830,46,184,224.0,0.0,224.0,290,290,154.82608695652175,6,0,1000000,3000,4
732884,732884,2931536,5831,214,856,1038.0,0.0,1038.0,1137,1137,670.1355140186915,23,0,1000000,3000,4
733127,733127,2932508,5832,243,972,1309.0,0.0,1309.0,1413,1413,710.9218106995885,29,0,1000000,3000,4
733340,733340,2933360,5833,213,852,1031.0,0.0,1031.0,1129,1129,595.5164319248827,23,0,1000000,3000,4
733380,733380,2933520,5834,40,160,241.0,0.0,241.0,304,304,152.525,7,0,1000000,3000,4
733421,733421,2933684,5835,41,164,221.0,0.0,221.0,286,286,175.0,6,0,1000000,3000,4
733621,733621,2934484,5836,200,800,739.0,0.0,739.0,835,835,538.14,17,0,1000000,3000,4
733992,733992,2935968,5837,371,1484,1373.0,0.0,1373.0,1503,1503,785.7870619946092,31,0,1000000,3000,4
734152,734152,2936608,5838,160,640,701.0,0.0,701.0,790,790,445.30625,16,0,1000000,3000,4
734322,734322,2937288,5839,170,680,779.0,0.0,779.0,868,868,502.2529411764706,18,0,1000000,3000,4
734557,734557,2938228,5840,235,940,1132.0,0.0,1132.0,1236,1236,655.2510638297872,25,0,1000000,3000,4
734593,734593,2938372,5841,36,144,237.0,0.0,237.0,301,301,160.33333333333334,7,0,1000000,3000,4
734867,734867,2939468,5842,274,1096,751.0,0.0,751.0,863,863,609.4671532846716,18,0,1000000,3000,4
735216,735216,2940864,5843,349,1396,1304.0,0.0,1304.0,1429,1429,714.3151862464183,29,0,1000000,3000,4
735335,735335,2941340,5844,119,476,595.0,0.0,595.0,674,674,367.85714285714283,14,0,1000000,3000,4
735704,735704,2942816,5845,369,1476,1006.0,0.0,1006.0,1136,1136,643.7859078590786,23,0,1000000,3000,4
735745,735745,2942980,5846,41,164,228.0,0.0,228.0,293,293,161.0487804878049,6,0,1000000,3000,4
735980,735980,2943920,5847,235,940,1683.0,0.0,1683.0,1787,1787,891.2,36,0,1000000,3000,4
736094,736094,2944376,5848,114,456,592.0,0.0,592.0,670,670,383.6140350877193,14,0,1000000,3000,4
736140,736140,2944560,5849,46,184,221.0,0.0,221.0,287,287,164.08695652173913,6,0,1000000,3000,4
736181,736181,2944724,5850,41,164,232.0,0.0,232.0,297,297,162.97560975609755,6,0,1000000,3000,4
736221,736221,2944884,5851,40,160,236.0,0.0,236.0,300,300,157.675,7,0,1000000,3000,4
736257,736257,2945028,5852,36,144,242.0,0.0,242.0,306,306,160.25,7,0,1000000,3000,4
736303,736303,2945212,5853,46,184,218.0,0.0,218.0,284,284,167.82608695652175,6,0,1000000,3000,4
736343,736343,2945372,5854,40,160,229.0,0.0,229.0,294,294,159.975,6,0,1000000,3000,4
736690,736690,2946760,5855,347,1388,1388.0,0.0,1388.0,1514,1514,754.3832853025937,31,0,1000000,3000,4
736955,736955,2947820,5856,265,1060,1306.0,0.0,1306.0,1416,1416,712.5320754716981,29,0,1000000,3000,4
737051,737051,2948204,5857,96,384,636.0,0.0,636.0,712,712,348.9166666666667,15,0,1000000,3000,4
737211,737211,2948844,5858,160,640,635.0,0.0,635.0,722,723,489.025,15,0,1000000,3000,4
737254,737254,2949016,5859,43,172,230.0,0.0,230.0,295,295,155.74418604651163,6,0,1000000,3000,4
737289,737289,2949156,5860,35,140,242.0,0.0,242.0,305,305,162.34285714285716,7,0,1000000,3000,4
737412,737412,2949648,5861,123,492,723.0,0.0,723.0,804,804,446.5528455284553,17,0,1000000,3000,4
737453,737453,2949812,5862,41,164,230.0,0.0,230.0,295,295,162.02439024390245,6,0,1000000,3000,4
737570,737570,2950280,5863,117,468,591.0,0.0,591.0,670,670,380.65811965811963,14,0,1000000,3000,4
737679,737679,2950716,5864,109,436,623.0,0.0,623.0,701,701,354.0275229357798,15,0,1000000,3000,4
738105,738105,2952420,5865,426,1704,1646.0,0.0,1646.0,1788,1788,831.5798122065728,36,0,1000000,3000,4
738425,738425,2953700,5866,320,1280,1285.0,0.0,1285.0,1405,1405,679.98125,29,0,1000000,3000,4
738465,738465,2953860,5867,40,160,230.0,0.0,230.0,295,295,159.9,6,0,1000000,3000,4
738571,738571,2954284,5868,106,424,610.0,0.0,610.0,688,688,392.0566037735849,14,0,1000000,3000,4
738652,738652,2954608,5869,81,324,608.0,0.0,608.0,682,682,323.5925925925926,14,0,1000000,3000,4
738692,738692,2954768,5870,40,160,230.0,0.0,230.0,295,295,159.9,6,0,1000000,3000,4
738791,738791,2955164,5871,99,396,630.0,0.0,630.0,707,707,364.45454545454544,15,0,1000000,3000,4
739086,739086,2956344,5872,295,1180,1024.0,0.0,1024.0,1139,1139,673.457627118644,23,0,1000000,3000,4
739296,739296,2957184,5873,210,840,1040.0,0.0,1040.0,1137,1137,607.8952380952381,23,0,1000000,3000,4
739395,739395,2957580,5874,99,396,627.0,0.0,627.0,704,704,382.09090909090907,15,0,1000000,3000,4
739606,739606,2958424,5875,211,844,1030.0,0.0,1030.0,1128,1128,615.7535545023696,23,0,1000000,3000,4
739722,739722,2958888,5876,116,464,618.0,0.0,618.0,698,698,382.94827586206895,14,0,1000000,3000,4
739876,739876,2959504,5877,154,616,713.0,0.0,713.0,799,799,475.09090909090907,16,0,1000000,3000,4
739916,739916,2959664,5878,40,160,235.0,0.0,235.0,299,299,158.35,6,0,1000000,3000,4
739953,739953,2959812,5879,37,148,236.0,0.0,236.0,301,301,158.0810810810811,7,0,1000000,3000,4
739992,739992,2959968,5880,39,156,239.0,0.0,239.0,304,304,158.05128205128204,7,0,1000000,3000,4
740168,740168,2960672,5881,176,704,1039.0,0.0,1039.0,1130,1130,573.2045454545455,23,0,1000000,3000,4
740424,740424,2961696,5882,256,1024,1303.0,0.0,1303.0,1411,1411,708.03125,29,0,1000000,3000,4
740529,740529,2962116,5883,105,420,612.0,0.0,612.0,691,691,391.93333333333334,14,0,1000000,3000,4
740671,740671,2962684,5884,142,568,1043.0,0.0,1043.0,1127,1127,592.5985915492957,23,0,1000000,3000,4
740852,740852,2963408,5885,181,724,735.0,0.0,735.0,827,827,554.889502762431,17,0,1000000,3000,4
740893,740893,2963572,5886,41,164,231.0,0.0,231.0,296,296,158.21951219512195,6,0,1000000,3000,4
740933,740933,2963732,5887,40,160,231.0,0.0,231.0,296,296,162.3,6,0,1000000,3000,4
741031,741031,2964124,5888,98,392,612.0,0.0,612.0,687,687,377.1326530612245,14,0,1000000,3000,4
741143,741143,2964572,5889,112,448,591.0,0.0,591.0,670,670,388.8125,14,0,1000000,3000,4
741268,741268,2965072,5890,125,500,591.0,0.0,591.0,672,672,384.192,14,0,1000000,3000,4
741375,741375,2965500,5891,107,428,594.0,0.0,594.0,672,672,409.22429906542055,14,0,1000000,3000,4
741594,741594,2966376,5892,219,876,765.0,0.0,765.0,864,864,525.6392694063927,18,0,1000000,3000,4
741693,741693,2966772,5893,99,396,626.0,0.0,626.0,702,702,364.82828282828285,15,0,1000000,3000,4
741734,741734,2966936,5894,41,164,233.0,0.0,233.0,298,298,162.2439024390244,6,0,1000000,3000,4
741775,741775,2967100,5895,41,164,230.0,0.0,230.0,294,294,162.34146341463415,6,0,1000000,3000,4
742000,742000,2968000,5896,225,900,1315.0,0.0,1315.0,1417,1417,709.8933333333333,29,0,1000000,3000,4
742045,742045,2968180,5897,45,180,222.0,0.0,222.0,286,286,167.0,6,0,1000000,3000,4
742180,742180,2968720,5898,135,540,739.0,0.0,739.0,822,822,476.7037037037037,17,0,1000000,3000,4
742385,742385,2969540,5899,205,820,1041.0,0.0,1041.0,1138,1138,579.6780487804878,23,0,1000000,3000,4
742512,742512,2970048,5900,127,508,603.0,0.0,603.0,685,685,391.25984251968504,14,0,1000000,3000,4
742619,742619,2970476,5901,107,428,605.0,0.0,605.0,683,683,379.0934579439252,14,0,1000000,3000,4
742845,742845,2971380,5902,226,904,1037.0,0.0,1037.0,1139,1139,660.6460176991151,23,0,1000000,3000,4
743059,743059,2972236,5903,214,856,1040.0,0.0,1040.0,1139,1139,600.2196261682243,23,0,1000000,3000,4
743177,743177,2972708,5904,118,472,608.0,0.0,608.0,687,687,375.59322033898303,14,0,1000000,3000,4
743283,743283,2973132,5905,106,424,626.0,0.0,626.0,704,704,351.8207547169811,15,0,1000000,3000,4
743485,743485,2973940,5906,202,808,1042.0,0.0,1042.0,1138,1138,605.6386138613861,23,0,1000000,3000,4
743583,743583,2974332,5907,98,392,623.0,0.0,623.0,698,698,363.05102040816325,14,0,1000000,3000,4
743825,743825,2975300,5908,242,968,1306.0,0.0,1306.0,1411,1411,717.9628099173553,29,0,1000000,3000,4
744041,744041,2976164,5909,216,864,1038.0,0.0,1038.0,1138,1138,598.7222222222222,23,0,1000000,3000,4
744187,744187,2976748,5910,146,584,758.0,0.0,758.0,843,843,504.71232876712327,17,0,1000000,3000,4
744227,744227,2976908,5911,40,160,230.0,0.0,230.0,295,295,160.225,6,0,1000000,3000,4
744452,744452,2977808,5912,225,900,1027.0,0.0,1027.0,1129,1129,625.5422222222222,23,0,1000000,3000,4
744562,744562,2978248,5913,110,440,605.0,0.0,605.0,684,684,387.2909090909091,14,0,1000000,3000,4
744831,744831,2979324,5914,269,1076,1300.0,0.0,1300.0,1410,1410,734.7100371747212,29,0,1000000,3000,4
745016,745016,2980064,5915,185,740,806.0,0.0,806.0,898,898,593.9027027027028,18,0,1000000,3000,4
745112,745112,2980448,5916,96,384,629.0,0.0,629.0,705,705,368.6041666666667,15,0,1000000,3000,4
745152,745152,2980608,5917,40,160,231.0,0.0,231.0,296,296,160.55,6,0,1000000,3000,4
745311,745311,2981244,5918,159,636,812.0,0.0,812.0,898,898,537.2641509433962,18,0,1000000,3000,4
745571,745571,2982284,5919,260,1040,1566.0,0.0,1566.0,1676,1676,759.6346153846154,34,0,1000000,3000,4
745678,745678,2982712,5920,107,428,610.0,0.0,610.0,688,688,381.1682242990654,14,0,1000000,3000,4
745711,745711,2982844,5921,33,132,243.0,0.0,243.0,305,305,166.0909090909091,7,0,1000000,3000,4
745871,745871,2983484,5922,160,640,1040.0,0.0,1040.0,1127,1127,543.83125,23,0,1000000,3000,4
745955,745955,2983820,5923,84,336,618.0,0.0,618.0,692,692,393.82142857142856,14,0,1000000,3000,4
746110,746110,2984440,5924,155,620,1052.0,0.0,1052.0,1139,1139,561.4774193548387,23,0,1000000,3000,4
746149,746149,2984596,5925,39,156,234.0,0.0,234.0,299,299,152.30769230769232,6,0,1000000,3000,4
746384,746384,2985536,5926,235,940,1695.0,0.0,1695.0,1799,1799,853.8851063829787,36,0,1000000,3000,4
746418,746418,2985672,5927,34,136,241.0,0.0,241.0,303,303,154.8235294117647,7,0,1000000,3000,4
746453,746453,2985812,5928,35,140,245.0,0.0,245.0,309,309,154.25714285714287,7,0,1000000,3000,4
746801,746801,2987204,5929,348,1392,1295.0,0.0,1295.0,1421,1421,710.5344827586207,29,0,1000000,3000,4
746838,746838,2987352,5930,37,148,235.0,0.0,235.0,299,299,167.56756756756758,6,0,1000000,3000,4
747013,747013,2988052,5931,175,700,737.0,0.0,737.0,830,830,543.8285714285714,17,0,1000000,3000,4
747050,747050,2988200,5932,37,148,242.0,0.0,242.0,307,307,156.40540540540542,7,0,1000000,3000,4
747295,747295,2989180,5933,245,980,1317.0,0.0,1317.0,1423,1423,727.3918367346939,29,0,1000000,3000,4
747446,747446,2989784,5934,151,604,740.0,0.0,740.0,827,827,470.11920529801324,17,0,1000000,3000,4
747547,747547,2990188,5935,101,404,623.0,0.0,623.0,699,699,364.7722772277228,14,0,1000000,3000,4
747702,747702,2990808,5936,155,620,726.0,0.0,726.0,814,814,513.4064516129032,17,0,1000000,3000,4
747743,747743,2990972,5937,41,164,222.0,0.0,222.0,287,287,172.390243902439,6,0,1000000,3000,4
747880,747880,2991520,5938,137,548,1044.0,0.0,1044.0,1127,1127,613.956204379562,23,0,1000000,3000,4
747996,747996,2991984,5939,116,464,602.0,0.0,602.0,682,682,364.62931034482756,14,0,1000000,3000,4
748041,748041,2992164,5940,45,180,218.0,0.0,218.0,284,284,166.04444444444445,6,0,1000000,3000,4
748088,748088,2992352,5941,47,188,212.0,0.0,212.0,277,277,171.5744680851064,6,0,1000000,3000,4
748179,748179,2992716,5942,91,364,623.0,0.0,623.0,699,699,394.95604395604397,14,0,1000000,3000,4
748250,748250,2993000,5943,71,284,628.0,0.0,628.0,700,700,365.2676056338028,15,0,1000000,3000,4
748325,748325,2993300,5944,75,300,609.0,0.0,609.0,681,681,337.58666666666664,14,0,1000000,3000,4
748476,748476,2993904,5945,151,604,1044.0,0.0,1044.0,1130,1130,615.7615894039735,23,0,1000000,3000,4
748556,748556,2994224,5946,80,320,615.0,0.0,615.0,687,687,365.925,14,0,1000000,3000,4
748635,748635,2994540,5947,79,316,638.0,0.0,638.0,711,711,381.49367088607596,15,0,1000000,3000,4
748666,748666,2994664,5948,31,124,247.0,0.0,247.0,311,311,151.41935483870967,7,0,1000000,3000,4
748838,748838,2995352,5949,172,688,742.0,0.0,742.0,834,834,506.3255813953488,17,0,1000000,3000,4
749015,749015,2996060,5950,177,708,1038.0,0.0,1038.0,1129,1129,585.5367231638418,23,0,1000000,3000,4
749048,749048,2996192,5951,33,132,245.0,0.0,245.0,308,308,164.33333333333334,7,0,1000000,3000,4
749080,749080,2996320,5952,32,128,246.0,0.0,246.0,309,309,157.3125,7,0,1000000,3000,4
749202,749202,2996808,5953,122,488,716.0,0.0,716.0,796,796,417.672131147541,16,0,1000000,3000,4
749390,749390,2997560,5954,188,752,1037.0,0.0,1037.0,1131,1131,662.0585106382979,23,0,1000000,3000,4
749423,749423,2997692,5955,33,132,245.0,0.0,245.0,309,309,151.0,7,0,1000000,3000,4
749453,749453,2997812,5956,30,120,250.0,0.0,250.0,314,314,153.26666666666668,7,0,1000000,3000,4
749555,749555,2998220,5957,102,408,610.0,0.0,610.0,688,688,405.5882352941176,14,0,1000000,3000,4
749594,749594,2998376,5958,39,156,235.0,0.0,235.0,299,299,165.7948717948718,6,0,1000000,3000,4
749624,749624,2998496,5959,30,120,249.0,0.0,249.0,313,313,153.03333333333333,7,0,1000000,3000,4
749654,749654,2998616,5960,30,120,248.0,0.0,248.0,312,312,150.16666666666666,7,0,1000000,3000,4
749740,749740,2998960,5961,86,344,608.0,0.0,608.0,683,683,409.0232558139535,14,0,1000000,3000,4
749978,749978,2999912,5962,238,952,1423.0,0.0,1423.0,1528,1528,697.3361344537815,31,0,1000000,3000,4
750103,750103,3000412,5963,125,500,756.0,0.0,756.0,839,839,521.168,17,0,1000000,3000,4
750178,750178,3000712,5964,75,300,637.0,0.0,637.0,709,709,389.1066666666667,15,0,1000000,3000,4
750254,750254,3001016,5965,76,304,630.0,0.0,630.0,703,703,365.1842105263158,15,0,1000000,3000,4
750335,750335,3001340,5966,81,324,635.0,0.0,635.0,709,709,376.01234567901236,15,0,1000000,3000,4
750370,750370,3001480,5967,35,140,243.0,0.0,243.0,308,308,150.37142857142857,7,0,1000000,3000,4
750400,750400,3001600,5968,30,120,250.0,0.0,250.0,314,314,153.26666666666668,7,0,1000000,3000,4
750430,750430,3001720,5969,30,120,251.0,0.0,251.0,315,315,153.86666666666667,7,0,1000000,3000,4
750461,750461,3001844,5970,31,124,250.0,0.0,250.0,314,314,152.2258064516129,7,0,1000000,3000,4
750491,750491,3001964,5971,30,120,250.0,0.0,250.0,313,313,156.16666666666666,7,0,1000000,3000,4
750524,750524,3002096,5972,33,132,240.0,0.0,240.0,304,304,160.42424242424244,7,0,1000000,3000,4
750554,750554,3002216,5973,30,120,250.0,0.0,250.0,314,314,153.26666666666668,7,0,1000000,3000,4
750774,750774,3003096,5974,220,880,1332.0,0.0,1332.0,1433,1433,675.5136363636364,29,0,1000000,3000,4
750958,750958,3003832,5975,184,736,631.0,0.0,631.0,722,722,487.9619565217391,15,0,1000000,3000,4
751154,751154,3004616,5976,196,784,804.0,0.0,804.0,898,898,573.3673469387755,18,0,1000000,3000,4
751184,751184,3004736,5977,30,120,252.0,0.0,252.0,316,316,155.46666666666667,7,0,1000000,3000,4
751279,751279,3005116,5978,95,380,603.0,0.0,603.0,679,679,414.8421052631579,14,0,1000000,3000,4
751431,751431,3005724,5979,152,608,637.0,0.0,637.0,722,722,484.6513157894737,15,0,1000000,3000,4
751460,751460,3005840,5980,29,116,249.0,0.0,249.0,312,312,157.0,7,0,1000000,3000,4
751490,751490,3005960,5981,30,120,250.0,0.0,250.0,313,313,156.96666666666667,7,0,1000000,3000,4
751521,751521,3006084,5982,31,124,249.0,0.0,249.0,313,313,156.19354838709677,7,0,1000000,3000,4
751607,751607,3006428,5983,86,344,633.0,0.0,633.0,708,708,396.5348837209302,15,0,1000000,3000,4
751752,751752,3007008,5984,145,580,601.0,0.0,601.0,686,686,459.24827586206897,14,0,1000000,3000,4
751845,751845,3007380,5985,93,372,606.0,0.0,606.0,682,682,408.61290322580646,14,0,1000000,3000,4
751929,751929,3007716,5986,84,336,626.0,0.0,626.0,700,700,362.20238095238096,15,0,1000000,3000,4
751963,751963,3007852,5987,34,136,239.0,0.0,239.0,303,303,168.88235294117646,7,0,1000000,3000,4
752044,752044,3008176,5988,81,324,601.0,0.0,601.0,675,675,343.8641975308642,14,0,1000000,3000,4
752074,752074,3008296,5989,30,120,249.0,0.0,249.0,312,312,155.73333333333332,7,0,1000000,3000,4
752213,752213,3008852,5990,139,556,816.0,0.0,816.0,898,899,562.2374100719425,18,0,1000000,3000,4
752388,752388,3009552,5991,175,700,1339.0,0.0,1339.0,1432,1432,732.0342857142857,29,0,1000000,3000,4
752622,752622,3010488,5992,234,936,1421.0,0.0,1421.0,1524,1524,737.1709401709402,31,0,1000000,3000,4
752820,752820,3011280,5993,198,792,1427.0,0.0,1427.0,1523,1523,772.1666666666666,31,0,1000000,3000,4
752859,752859,3011436,5994,39,156,233.0,0.0,233.0,298,298,158.97435897435898,6,0,1000000,3000,4
752895,752895,3011580,5995,36,144,245.0,0.0,245.0,309,309,155.61111111111111,7,0,1000000,3000,4
752938,752938,3011752,5996,43,172,220.0,0.0,220.0,286,286,171.27906976744185,6,0,1000000,3000,4
753045,753045,3012180,5997,107,428,621.0,0.0,621.0,699,699,387.60747663551405,14,0,1000000,3000,4
753233,753233,3012932,5998,188,752,1340.0,0.0,1340.0,1435,1435,691.0212765957447,29,0,1000000,3000,4
753361,753361,3013444,5999,128,512,1066.0,0.0,1066.0,1149,1149,605.3203125,23,0,1000000,3000,4
753465,753465,3013860,6000,104,416,633.0,0.0,633.0,710,710,381.22115384615387,15,0,1000000,3000,4
753607,753607,3014428,6001,142,568,771.0,0.0,771.0,857,857,500.9577464788732,18,0,1000000,3000,4
753642,753642,3014568,6002,35,140,247.0,0.0,247.0,311,311,150.37142857142857,7,0,1000000,3000,4
753829,753829,3015316,6003,187,748,1317.0,0.0,1317.0,1411,1411,699.1978609625669,29,0,1000000,3000,4
753862,753862,3015448,6004,33,132,244.0,0.0,244.0,308,308,165.33333333333334,7,0,1000000,3000,4
753954,753954,3015816,6005,92,368,611.0,0.0,611.0,687,687,351.9673913043478,14,0,1000000,3000,4
754134,754134,3016536,6006,180,720,1349.0,0.0,1349.0,1442,1442,706.6277777777777,29,0,1000000,3000,4
754231,754231,3016924,6007,97,388,631.0,0.0,631.0,708,708,370.5979381443299,15,0,1000000,3000,4
754316,754316,3017264,6008,85,340,627.0,0.0,627.0,702,702,388.6470588235294,15,0,1000000,3000,4
754543,754543,3018172,6009,227,908,1025.0,0.0,1025.0,1126,1126,670.5814977973569,23,0,1000000,3000,4
754580,754580,3018320,6010,37,148,243.0,0.0,243.0,307,307,156.83783783783784,7,0,1000000,3000,4
754818,754818,3019272,6011,238,952,1032.0,0.0,1032.0,1136,1136,626.2899159663865,23,0,1000000,3000,4
754849,754849,3019396,6012,31,124,244.0,0.0,244.0,308,308,167.29032258064515,7,0,1000000,3000,4
755021,755021,3020084,6013,172,688,1036.0,0.0,1036.0,1126,1126,632.8837209302326,23,0,1000000,3000,4
755055,755055,3020220,6014,34,136,247.0,0.0,247.0,310,310,156.23529411764707,7,0,1000000,3000,4
755234,755234,3020936,6015,179,716,1038.0,0.0,1038.0,1129,1129,588.0167597765363,23,0,1000000,3000,4
755393,755393,3021572,6016,159,636,636.0,0.0,636.0,722,722,484.45911949685535,15,0,1000000,3000,4
755436,755436,3021744,6017,43,172,223.0,0.0,223.0,288,288,164.97674418604652,6,0,1000000,3000,4
755472,755472,3021888,6018,36,144,244.0,0.0,244.0,309,309,153.33333333333334,7,0,1000000,3000,4
755505,755505,3022020,6019,33,132,249.0,0.0,249.0,313,313,157.12121212121212,7,0,1000000,3000,4
755602,755602,3022408,6020,97,388,627.0,0.0,627.0,703,703,389.9896907216495,15,0,1000000,3000,4
755708,755708,3022832,6021,106,424,620.0,0.0,620.0,698,698,399.9433962264151,14,0,1000000,3000,4
755799,755799,3023196,6022,91,364,633.0,0.0,633.0,709,709,369.5824175824176,15,0,1000000,3000,4
755832,755832,3023328,6023,33,132,246.0,0.0,246.0,310,310,152.8181818181818,7,0,1000000,3000,4
755870,755870,3023480,6024,38,152,236.0,0.0,236.0,301,301,152.6578947368421,7,0,1000000,3000,4
755904,755904,3023616,6025,34,136,242.0,0.0,242.0,306,306,161.7058823529412,7,0,1000000,3000,4
755936,755936,3023744,6026,32,128,250.0,0.0,250.0,313,313,147.90625,7,0,1000000,3000,4
755969,755969,3023876,6027,33,132,244.0,0.0,244.0,307,307,160.75757575757575,7,0,1000000,3000,4
756256,756256,3025024,6028,287,1148,1893.0,0.0,1893.0,2007,2007,1011.5540069686411,41,0,1000000,3000,4
756355,756355,3025420,6029,99,396,623.0,0.0,623.0,699,699,370.42424242424244,14,0,1000000,3000,4
756579,756579,3026316,6030,224,896,1034.0,0.0,1034.0,1135,1135,685.7544642857143,23,0,1000000,3000,4
756619,756619,3026476,6031,40,160,232.0,0.0,232.0,298,298,157.35,6,0,1000000,3000,4
756659,756659,3026636,6032,40,160,233.0,0.0,233.0,298,298,159.125,6,0,1000000,3000,4
756811,756811,3027244,6033,152,608,732.0,0.0,732.0,818,818,483.11842105263156,17,0,1000000,3000,4
756847,756847,3027388,6034,36,144,232.0,0.0,232.0,296,296,165.91666666666666,6,0,1000000,3000,4
756878,756878,3027512,6035,31,124,251.0,0.0,251.0,315,315,156.5483870967742,7,0,1000000,3000,4
756914,756914,3027656,6036,36,144,234.0,0.0,234.0,299,299,157.33333333333334,6,0,1000000,3000,4
756997,756997,3027988,6037,83,332,651.0,0.0,651.0,722,722,360.10843373493975,15,0,1000000,3000,4
757302,757302,3029208,6038,305,1220,1315.0,0.0,1315.0,1433,1433,748.9508196721312,29,0,1000000,3000,4
757497,757497,3029988,6039,195,780,1031.0,0.0,1031.0,1125,1125,642.1128205128205,23,0,1000000,3000,4
757729,757729,3030916,6040,232,928,1310.0,0.0,1310.0,1412,1412,770.1939655172414,29,0,1000000,3000,4
757763,757763,3031052,6041,34,136,241.0,0.0,241.0,304,304,158.1764705882353,7,0,1000000,3000,4
757795,757795,3031180,6042,32,128,247.0,0.0,247.0,311,311,157.0625,7,0,1000000,3000,4
757880,757880,3031520,6043,85,340,630.0,0.0,630.0,704,704,384.9529411764706,15,0,1000000,3000,4
758134,758134,3032536,6044,254,1016,1318.0,0.0,1318.0,1425,1425,716.5354330708661,29,0,1000000,3000,4
758236,758236,3032944,6045,102,408,625.0,0.0,625.0,702,702,369.6470588235294,15,0,1000000,3000,4
758275,758275,3033100,6046,39,156,239.0,0.0,239.0,303,303,159.92307692307693,7,0,1000000,3000,4
758379,758379,3033516,6047,104,416,604.0,0.0,604.0,681,681,404.4519230769231,14,0,1000000,3000,4
758631,758631,3034524,6048,252,1008,1022.0,0.0,1022.0,1128,1128,666.1031746031746,23,0,1000000,3000,4
758669,758669,3034676,6049,38,152,228.0,0.0,228.0,292,292,169.97368421052633,6,0,1000000,3000,4
758711,758711,3034844,6050,42,168,223.0,0.0,223.0,289,289,166.04761904761904,6,0,1000000,3000,4
758859,758859,3035436,6051,148,592,638.0,0.0,638.0,722,723,505.61486486486484,15,0,1000000,3000,4
758957,758957,3035828,6052,98,392,626.0,0.0,626.0,703,703,388.5816326530612,15,0,1000000,3000,4
758988,758988,3035952,6053,31,124,247.0,0.0,247.0,309,309,164.06451612903226,7,0,1000000,3000,4
759186,759186,3036744,6054,198,792,1030.0,0.0,1030.0,1125,1125,561.4191919191919,23,0,1000000,3000,4
759388,759388,3037552,6055,202,808,1430.0,0.0,1430.0,1528,1528,740.019801980198,31,0,1000000,3000,4
759421,759421,3037684,6056,33,132,246.0,0.0,246.0,310,310,156.03030303030303,7,0,1000000,3000,4
759522,759522,3038088,6057,101,404,632.0,0.0,632.0,710,710,387.8712871287129,15,0,1000000,3000,4
759614,759614,3038456,6058,92,368,622.0,0.0,622.0,697,697,376.7391304347826,14,0,1000000,3000,4
759648,759648,3038592,6059,34,136,242.0,0.0,242.0,306,306,159.11764705882354,7,0,1000000,3000,4
759802,759802,3039208,6060,154,616,1067.0,0.0,1067.0,1155,1155,577.961038961039,24,0,1000000,3000,4
759847,759847,3039388,6061,45,180,225.0,0.0,225.0,289,289,164.48888888888888,6,0,1000000,3000,4
759946,759946,3039784,6062,99,396,632.0,0.0,632.0,708,708,373.62626262626264,15,0,1000000,3000,4
759996,759996,3039984,6063,50,200,211.0,0.0,211.0,277,277,167.42,6,0,1000000,3000,4
760036,760036,3040144,6064,40,160,241.0,0.0,241.0,305,305,152.95,7,0,1000000,3000,4
760240,760240,3040960,6065,204,816,764.0,0.0,764.0,860,860,525.7647058823529,18,0,1000000,3000,4
760474,760474,3041896,6066,234,936,1021.0,0.0,1021.0,1123,1123,705.7008547008547,23,0,1000000,3000,4
760675,760675,3042700,6067,201,804,574.0,0.0,574.0,670,670,455.07960199004975,14,0,1000000,3000,4
760720,760720,3042880,6068,45,180,231.0,0.0,231.0,297,297,150.53333333333333,6,0,1000000,3000,4
760981,760981,3043924,6069,261,1044,1558.0,0.0,1558.0,1667,1667,746.7126436781609,34,0,1000000,3000,4
761019,761019,3044076,6070,38,152,243.0,0.0,243.0,307,307,146.92105263157896,7,0,1000000,3000,4
761128,761128,3044512,6071,109,436,600.0,0.0,600.0,679,679,381.3302752293578,14,0,1000000,3000,4
761467,761467,3045868,6072,339,1356,1004.0,0.0,1004.0,1127,1127,652.6047197640117,23,0,1000000,3000,4
761569,761569,3046276,6073,102,408,613.0,0.0,613.0,690,690,362.1470588235294,14,0,1000000,3000,4
761609,761609,3046436,6074,40,160,243.0,0.0,243.0,308,308,147.475,7,0,1000000,3000,4
761742,761742,3046968,6075,133,532,588.0,0.0,588.0,671,671,388.4736842105263,14,0,1000000,3000,4
761940,761940,3047760,6076,198,792,1126.0,0.0,1126.0,1221,1221,629.3181818181819,25,0,1000000,3000,4
762042,762042,3048168,6077,102,408,605.0,0.0,605.0,681,681,392.4901960784314,14,0,1000000,3000,4
762275,762275,3049100,6078,233,932,1023.0,0.0,1023.0,1125,1125,655.5021459227468,23,0,1000000,3000,4
762314,762314,3049256,6079,39,156,232.0,0.0,232.0,297,297,159.10256410256412,6,0,1000000,3000,4
762475,762475,3049900,6080,161,644,1049.0,0.0,1049.0,1138,1138,622.3229813664597,23,0,1000000,3000,4
762681,762681,3050724,6081,206,824,1027.0,0.0,1027.0,1123,1123,571.8203883495146,23,0,1000000,3000,4
762724,762724,3050896,6082,43,172,228.0,0.0,228.0,293,293,154.32558139534885,6,0,1000000,3000,4
762968,762968,3051872,6083,244,976,1020.0,0.0,1020.0,1123,1123,595.0696721311475,23,0,1000000,3000,4
763139,763139,3052556,6084,171,684,718.0,0.0,718.0,810,810,437.63157894736844,17,0,1000000,3000,4
763187,763187,3052748,6085,48,192,224.0,0.0,224.0,288,288,156.70833333333334,6,0,1000000,3000,4
763390,763390,3053560,6086,203,812,573.0,0.0,573.0,670,670,423.13793103448273,14,0,1000000,3000,4
763446,763446,3053784,6087,56,224,215.0,0.0,215.0,283,283,138.82142857142858,6,0,1000000,3000,4
763567,763567,3054268,6088,121,484,630.0,0.0,630.0,712,712,323.06611570247935,15,0,1000000,3000,4
763776,763776,3055104,6089,209,836,1026.0,0.0,1026.0,1122,1122,561.2631578947369,23,0,1000000,3000,4
763943,763943,3055772,6090,167,668,810.0,0.0,810.0,898,898,494.89820359281435,18,0,1000000,3000,4
764142,764142,3056568,6091,199,796,701.0,0.0,701.0,797,797,462.84422110552765,16,0,1000000,3000,4
764248,764248,3056992,6092,106,424,615.0,0.0,615.0,693,693,355.0660377358491,14,0,1000000,3000,4
764357,764357,3057428,6093,109,436,608.0,0.0,608.0,685,685,375.60550458715596,14,0,1000000,3000,4
764470,764470,3057880,6094,113,452,615.0,0.0,615.0,694,694,373.646017699115,14,0,1000000,3000,4
764821,764821,3059284,6095,351,1404,998.0,0.0,998.0,1123,1123,633.2564102564103,23,0,1000000,3000,4
765012,765012,3060048,6096,191,764,1035.0,0.0,1035.0,1129,1129,603.6439790575917,23,0,1000000,3000,4
765222,765222,3060888,6097,210,840,709.0,0.0,709.0,807,807,560.7047619047619,17,0,1000000,3000,4
765263,765263,3061052,6098,41,164,234.0,0.0,234.0,300,300,150.390243902439,7,0,1000000,3000,4
765454,765454,3061816,6099,191,764,1329.0,0.0,1329.0,1424,1424,715.8115183246073,29,0,1000000,3000,4
765620,765620,3062480,6100,166,664,776.0,0.0,776.0,867,867,521.2409638554217,18,0,1000000,3000,4
765652,765652,3062608,6101,32,128,248.0,0.0,248.0,311,311,150.375,7,0,1000000,3000,4
765682,765682,3062728,6102,30,120,250.0,0.0,250.0,313,313,156.16666666666666,7,0,1000000,3000,4
765873,765873,3063492,6103,191,764,1034.0,0.0,1034.0,1128,1128,563.3298429319372,23,0,1000000,3000,4
765902,765902,3063608,6104,29,116,247.0,0.0,247.0,310,310,156.48275862068965,7,0,1000000,3000,4
765987,765987,3063948,6105,85,340,617.0,0.0,617.0,691,691,404.7176470588235,14,0,1000000,3000,4
766063,766063,3064252,6106,76,304,652.0,0.0,652.0,722,722,373.2763157894737,15,0,1000000,3000,4
766127,766127,3064508,6107,64,256,615.0,0.0,615.0,685,685,344.515625,14,0,1000000,3000,4
766157,766157,3064628,6108,30,120,249.0,0.0,249.0,312,312,155.7,7,0,1000000,3000,4
766262,766262,3065048,6109,105,420,608.0,0.0,608.0,687,687,389.5047619047619,14,0,1000000,3000,4
766292,766292,3065168,6110,30,120,249.0,0.0,249.0,312,312,154.96666666666667,7,0,1000000,3000,4
766468,766468,3065872,6111,176,704,1045.0,0.0,1045.0,1137,1137,627.3465909090909,23,0,1000000,3000,4
766541,766541,3066164,6112,73,292,610.0,0.0,610.0,682,682,345.7260273972603,14,0,1000000,3000,4
766572,766572,3066288,6113,31,124,245.0,0.0,245.0,309,309,156.67741935483872,7,0,1000000,3000,4
766664,766664,3066656,6114,92,368,627.0,0.0,627.0,703,703,388.54347826086956,15,0,1000000,3000,4
766803,766803,3067212,6115,139,556,1046.0,0.0,1046.0,1129,1129,543.31654676259,23,0,1000000,3000,4
766837,766837,3067348,6116,34,136,242.0,0.0,242.0,306,306,164.0,7,0,1000000,3000,4
766867,766867,3067468,6117,30,120,250.0,0.0,250.0,314,314,153.26666666666668,7,0,1000000,3000,4
766896,766896,3067584,6118,29,116,248.0,0.0,248.0,311,311,157.13793103448276,7,0,1000000,3000,4
767128,767128,3068512,6119,232,928,1427.0,0.0,1427.0,1531,1531,717.25,31,0,1000000,3000,4
767262,767262,3069048,6120,134,536,1044.0,0.0,1044.0,1126,1126,588.1343283582089,23,0,1000000,3000,4
767375,767375,3069500,6121,113,452,600.0,0.0,600.0,680,680,382.0088495575221,14,0,1000000,3000,4
767409,767409,3069636,6122,34,136,251.0,0.0,251.0,315,315,151.61764705882354,7,0,1000000,3000,4
767544,767544,3070176,6123,135,540,1067.0,0.0,1067.0,1152,1152,547.562962962963,24,0,1000000,3000,4
767690,767690,3070760,6124,146,584,1039.0,0.0,1039.0,1124,1124,588.3767123287671,23,0,1000000,3000,4
767771,767771,3071084,6125,81,324,632.0,0.0,632.0,706,706,395.9012345679012,15,0,1000000,3000,4
767808,767808,3071232,6126,37,148,228.0,0.0,228.0,293,293,171.02702702702703,6,0,1000000,3000,4
767837,767837,3071348,6127,29,116,247.0,0.0,247.0,310,310,150.9655172413793,7,0,1000000,3000,4
767870,767870,3071480,6128,33,132,249.0,0.0,249.0,313,313,149.45454545454547,7,0,1000000,3000,4
767964,767964,3071856,6129,94,376,614.0,0.0,614.0,688,688,386.22340425531917,14,0,1000000,3000,4
767993,767993,3071972,6130,29,116,248.0,0.0,248.0,311,311,153.17241379310346,7,0,1000000,3000,4
768082,768082,3072328,6131,89,356,650.0,0.0,650.0,722,722,371.82022471910113,15,0,1000000,3000,4
768225,768225,3072900,6132,143,572,1344.0,0.0,1344.0,1430,1430,676.1328671328671,29,0,1000000,3000,4
768328,768328,3073312,6133,103,412,618.0,0.0,618.0,696,696,402.80582524271847,14,0,1000000,3000,4
768422,768422,3073688,6134,94,376,624.0,0.0,624.0,700,700,350.2340425531915,15,0,1000000,3000,4
768531,768531,3074124,6135,109,436,609.0,0.0,609.0,687,687,398.6880733944954,14,0,1000000,3000,4
768562,768562,3074248,6136,31,124,239.0,0.0,239.0,303,303,166.48387096774192,7,0,1000000,3000,4
768696,768696,3074784,6137,134,536,759.0,0.0,759.0,842,842,510.9925373134328,17,0,1000000,3000,4
768764,768764,3075056,6138,68,272,609.0,0.0,609.0,680,680,336.69117647058823,14,0,1000000,3000,4
768942,768942,3075768,6139,178,712,1330.0,0.0,1330.0,1422,1422,694.8033707865169,29,0,1000000,3000,4
768976,768976,3075904,6140,34,136,232.0,0.0,232.0,296,296,168.3235294117647,6,0,1000000,3000,4
769053,769053,3076212,6141,77,308,631.0,0.0,631.0,704,704,351.84415584415586,15,0,1000000,3000,4
769300,769300,3077200,6142,247,988,1325.0,0.0,1325.0,1432,1432,689.3157894736842,29,0,1000000,3000,4
769729,769729,3078916,6143,429,1716,758.0,0.0,758.0,898,899,632.3939393939394,18,0,1000000,3000,4
769811,769811,3079244,6144,82,328,623.0,0.0,623.0,697,697,333.3170731707317,14,0,1000000,3000,4
769897,769897,3079588,6145,86,344,604.0,0.0,604.0,678,678,420.56976744186045,14,0,1000000,3000,4
769999,769999,3079996,6146,102,408,622.0,0.0,622.0,700,700,386.29411764705884,15,0,1000000,3000,4
770270,770270,3081080,6147,271,1084,1014.0,0.0,1014.0,1124,1124,656.9852398523985,23,0,1000000,3000,4
770499,770499,3081996,6148,229,916,1307.0,0.0,1307.0,1409,1409,692.4759825327511,29,0,1000000,3000,4
770615,770615,3082460,6149,116,464,603.0,0.0,603.0,682,682,393.83620689655174,14,0,1000000,3000,4
770651,770651,3082604,6150,36,144,237.0,0.0,237.0,301,301,165.05555555555554,7,0,1000000,3000,4
770907,770907,3083628,6151,256,1024,1025.0,0.0,1025.0,1132,1132,661.5546875,23,0,1000000,3000,4
771162,771162,3084648,6152,255,1020,1021.0,0.0,1021.0,1127,1127,619.8901960784314,23,0,1000000,3000,4
771207,771207,3084828,6153,45,180,222.0,0.0,222.0,287,287,162.0222222222222,6,0,1000000,3000,4
771440,771440,3085760,6154,233,932,1027.0,0.0,1027.0,1129,1129,685.5107296137339,23,0,1000000,3000,4
771545,771545,3086180,6155,105,420,629.0,0.0,629.0,707,707,369.2952380952381,15,0,1000000,3000,4
771734,771734,3086936,6156,189,756,1044.0,0.0,1044.0,1138,1138,694.9629629629629,23,0,1000000,3000,4
771876,771876,3087504,6157,142,568,639.0,0.0,639.0,722,723,514.5070422535211,15,0,1000000,3000,4
771910,771910,3087640,6158,34,136,235.0,0.0,235.0,299,299,164.61764705882354,6,0,1000000,3000,4
771958,771958,3087832,6159,48,192,209.0,0.0,209.0,275,275,172.14583333333334,6,0,1000000,3000,4
772251,772251,3089004,6160,293,1172,1306.0,0.0,1306.0,1421,1421,754.4880546075085,29,0,1000000,3000,4
772455,772455,3089820,6161,204,816,1041.0,0.0,1041.0,1138,1138,655.6470588235294,23,0,1000000,3000,4
772652,772652,3090608,6162,197,788,705.0,0.0,705.0,801,801,549.6852791878173,17,0,1000000,3000,4
772847,772847,3091388,6163,195,780,1036.0,0.0,1036.0,1130,1130,556.025641025641,23,0,1000000,3000,4
773166,773166,3092664,6164,319,1276,1302.0,0.0,1302.0,1423,1423,693.1786833855799,29,0,1000000,3000,4
773380,773380,3093520,6165,214,856,1025.0,0.0,1025.0,1122,1122,679.7897196261682,23,0,1000000,3000,4
773459,773459,3093836,6166,79,316,638.0,0.0,638.0,710,710,379.72151898734177,15,0,1000000,3000,4
773545,773545,3094180,6167,86,344,616.0,0.0,616.0,689,689,338.9651162790698,14,0,1000000,3000,4
773574,773574,3094296,6168,29,116,250.0,0.0,250.0,313,313,155.6206896551724,7,0,1000000,3000,4
773856,773856,3095424,6169,282,1128,1683.0,0.0,1683.0,1796,1796,784.5531914893617,36,0,1000000,3000,4
773887,773887,3095548,6170,31,124,245.0,0.0,245.0,307,307,160.25806451612902,7,0,1000000,3000,4
773916,773916,3095664,6171,29,116,250.0,0.0,250.0,313,313,155.72413793103448,7,0,1000000,3000,4
774024,774024,3096096,6172,108,432,610.0,0.0,610.0,688,688,388.962962962963,14,0,1000000,3000,4
774096,774096,3096384,6173,72,288,609.0,0.0,609.0,681,681,342.75,14,0,1000000,3000,4
774190,774190,3096760,6174,94,376,636.0,0.0,636.0,711,711,391.3191489361702,15,0,1000000,3000,4
774388,774388,3097552,6175,198,792,1136.0,0.0,1136.0,1232,1232,696.8535353535353,25,0,1000000,3000,4
774426,774426,3097704,6176,38,152,233.0,0.0,233.0,298,298,164.71052631578948,6,0,1000000,3000,4
774503,774503,3098012,6177,77,308,633.0,0.0,633.0,705,705,379.7012987012987,15,0,1000000,3000,4
774536,774536,3098144,6178,33,132,252.0,0.0,252.0,316,316,152.45454545454547,7,0,1000000,3000,4
774621,774621,3098484,6179,85,340,636.0,0.0,636.0,710,710,380.88235294117646,15,0,1000000,3000,4
774797,774797,3099188,6180,176,704,1036.0,0.0,1036.0,1126,1126,645.8522727272727,23,0,1000000,3000,4
775026,775026,3100104,6181,229,916,1409.0,0.0,1409.0,1511,1511,734.6244541484716,31,0,1000000,3000,4
775217,775217,3100868,6182,191,764,1324.0,0.0,1324.0,1418,1418,736.020942408377,29,0,1000000,3000,4
775264,775264,3101056,6183,47,188,230.0,0.0,230.0,297,297,150.48936170212767,6,0,1000000,3000,4
775379,775379,3101516,6184,115,460,605.0,0.0,605.0,685,685,403.5217391304348,14,0,1000000,3000,4
775569,775569,3102276,6185,190,760,1330.0,0.0,1330.0,1424,1424,685.3789473684211,29,0,1000000,3000,4
775602,775602,3102408,6186,33,132,242.0,0.0,242.0,305,305,160.42424242424244,7,0,1000000,3000,4
775787,775787,3103148,6187,185,740,1340.0,0.0,1340.0,1435,1435,659.9783783783784,29,0,1000000,3000,4
775896,775896,3103584,6188,109,436,602.0,0.0,602.0,681,681,381.26605504587155,14,0,1000000,3000,4
775931,775931,3103724,6189,35,140,250.0,0.0,250.0,314,314,144.88571428571427,7,0,1000000,3000,4
776008,776008,3104032,6190,77,308,626.0,0.0,626.0,699,699,351.76623376623377,14,0,1000000,3000,4
776185,776185,3104740,6191,177,708,723.0,0.0,723.0,815,815,485.135593220339,17,0,1000000,3000,4
776271,776271,3105084,6192,86,344,630.0,0.0,630.0,705,705,372.5,15,0,1000000,3000,4
776798,776798,3107192,6193,527,2108,968.0,0.0,968.0,1129,1129,753.9677419354839,23,0,1000000,3000,4
776833,776833,3107332,6194,35,140,235.0,0.0,235.0,299,299,166.4857142857143,6,0,1000000,3000,4
776872,776872,3107488,6195,39,156,239.0,0.0,239.0,303,303,157.17948717948718,7,0,1000000,3000,4
777202,777202,3108808,6196,330,1320,1304.0,0.0,1304.0,1427,1427,737.6545454545454,29,0,1000000,3000,4
777294,777294,3109176,6197,92,368,612.0,0.0,612.0,688,688,349.2717391304348,14,0,1000000,3000,4
777588,777588,3110352,6198,294,1176,686.0,0.0,686.0,801,801,618.1972789115646,17,0,1000000,3000,4
777631,777631,3110524,6199,43,172,226.0,0.0,226.0,291,291,164.32558139534885,6,0,1000000,3000,4
777896,777896,3111584,6200,265,1060,791.0,0.0,791.0,898,898,656.1094339622641,18,0,1000000,3000,4
777985,777985,3111940,6201,89,356,622.0,0.0,622.0,696,696,392.8426966292135,14,0,1000000,3000,4
778079,778079,3112316,6202,94,376,631.0,0.0,631.0,706,706,381.67021276595744,15,0,1000000,3000,4
778183,778183,3112732,6203,104,416,604.0,0.0,604.0,681,681,399.16346153846155,14,0,1000000,3000,4
778217,778217,3112868,6204,34,136,235.0,0.0,235.0,299,299,167.11764705882354,6,0,1000000,3000,4
778389,778389,3113556,6205,172,688,1059.0,0.0,1059.0,1151,1151,611.8604651162791,24,0,1000000,3000,4
778428,778428,3113712,6206,39,156,233.0,0.0,233.0,298,298,163.64102564102564,6,0,1000000,3000,4
778467,778467,3113868,6207,39,156,235.0,0.0,235.0,300,300,157.05128205128204,7,0,1000000,3000,4
778557,778557,3114228,6208,90,360,622.0,0.0,622.0,696,696,344.0,14,0,1000000,3000,4
778722,778722,3114888,6209,165,660,775.0,0.0,775.0,866,866,538.2727272727273,18,0,1000000,3000,4
778811,778811,3115244,6210,89,356,650.0,0.0,650.0,722,722,370.97752808988764,15,0,1000000,3000,4
779057,779057,3116228,6211,246,984,794.0,0.0,794.0,898,900,687.7276422764228,19,0,1000000,3000,4
779089,779089,3116356,6212,32,128,240.0,0.0,240.0,303,303,166.6875,7,0,1000000,3000,4
779364,779364,3117456,6213,275,1100,1019.0,0.0,1019.0,1129,1129,656.4145454545454,23,0,1000000,3000,4
779558,779558,3118232,6214,194,776,788.0,0.0,788.0,882,882,530.2577319587629,18,0,1000000,3000,4
779587,779587,3118348,6215,29,116,249.0,0.0,249.0,311,311,161.58620689655172,7,0,1000000,3000,4
779859,779859,3119436,6216,272,1088,1026.0,0.0,1026.0,1137,1137,695.5808823529412,23,0,1000000,3000,4
779899,779899,3119596,6217,40,160,231.0,0.0,231.0,295,295,162.35,6,0,1000000,3000,4
780096,780096,3120384,6218,197,788,746.0,0.0,746.0,842,842,559.9441624365483,17,0,1000000,3000,4
780286,780286,3121144,6219,190,760,1035.0,0.0,1035.0,1127,1127,606.3,23,0,1000000,3000,4
780381,780381,3121524,6220,95,380,614.0,0.0,614.0,690,690,391.88421052631577,14,0,1000000,3000,4
780599,780599,3122396,6221,218,872,1027.0,0.0,1027.0,1126,1126,699.4449541284404,23,0,1000000,3000,4
780698,780698,3122792,6222,99,396,624.0,0.0,624.0,700,700,366.2929292929293,15,0,1000000,3000,4
780803,780803,3123212,6223,105,420,603.0,0.0,603.0,682,682,378.0190476190476,14,0,1000000,3000,4
780846,780846,3123384,6224,43,172,215.0,0.0,215.0,280,280,171.4418604651163,6,0,1000000,3000,4
781164,781164,3124656,6225,318,1272,1007.0,0.0,1007.0,1125,1125,740.937106918239,23,0,1000000,3000,4
781359,781359,3125436,6226,195,780,1137.0,0.0,1137.0,1232,1232,605.7179487179487,25,0,1000000,3000,4
781462,781462,3125848,6227,103,412,600.0,0.0,600.0,678,678,382.5242718446602,14,0,1000000,3000,4
781509,781509,3126036,6228,47,188,215.0,0.0,215.0,281,281,172.4468085106383,6,0,1000000,3000,4
781776,781776,3127104,6229,267,1068,1329.0,0.0,1329.0,1440,1440,694.0074906367041,29,0,1000000,3000,4
781961,781961,3127844,6230,185,740,1321.0,0.0,1321.0,1413,1413,742.3783783783783,29,0,1000000,3000,4
782101,782101,3128404,6231,140,560,774.0,0.0,774.0,860,860,511.55,18,0,1000000,3000,4
782176,782176,3128704,6232,75,300,602.0,0.0,602.0,674,674,313.12,14,0,1000000,3000,4
782208,782208,3128832,6233,32,128,249.0,0.0,249.0,313,313,158.9375,7,0,1000000,3000,4
782310,782310,3129240,6234,102,408,613.0,0.0,613.0,691,691,392.48039215686276,14,0,1000000,3000,4
782471,782471,3129884,6235,161,644,1328.0,0.0,1328.0,1416,1416,745.4223602484471,29,0,1000000,3000,4
782584,782584,3130336,6236,113,452,596.0,0.0,596.0,676,676,388.5132743362832,14,0,1000000,3000,4
782614,782614,3130456,6237,30,120,247.0,0.0,247.0,311,311,151.4,7,0,1000000,3000,4
782730,782730,3130920,6238,116,464,613.0,0.0,613.0,693,693,382.0086206896552,14,0,1000000,3000,4
782887,782887,3131548,6239,157,628,636.0,0.0,636.0,722,722,496.04458598726114,15,0,1000000,3000,4
782980,782980,3131920,6240,93,372,624.0,0.0,624.0,699,699,336.40860215053766,14,0,1000000,3000,4
783137,783137,3132548,6241,157,628,1037.0,0.0,1037.0,1124,1124,587.5987261146497,23,0,1000000,3000,4
783336,783336,3133344,6242,199,796,1428.0,0.0,1428.0,1525,1525,697.1658291457286,31,0,1000000,3000,4
783521,783521,3134084,6243,185,740,738.0,0.0,738.0,832,832,535.1405405405405,17,0,1000000,3000,4
783699,783699,3134796,6244,178,712,808.0,0.0,808.0,898,898,543.8932584269663,18,0,1000000,3000,4
783735,783735,3134940,6245,36,144,235.0,0.0,235.0,299,299,160.94444444444446,6,0,1000000,3000,4
783807,783807,3135228,6246,72,288,653.0,0.0,653.0,722,722,389.2361111111111,15,0,1000000,3000,4
783975,783975,3135900,6247,168,672,1051.0,0.0,1051.0,1140,1140,645.7202380952381,23,0,1000000,3000,4
784005,784005,3136020,6248,30,120,248.0,0.0,248.0,310,310,156.06666666666666,7,0,1000000,3000,4
784075,784075,3136300,6249,70,280,609.0,0.0,609.0,681,681,331.0571428571429,14,0,1000000,3000,4
784112,784112,3136448,6250,37,148,239.0,0.0,239.0,303,303,152.21621621621622,7,0,1000000,3000,4
784199,784199,3136796,6251,87,348,606.0,0.0,606.0,680,680,405.11494252873564,14,0,1000000,3000,4
784400,784400,3137600,6252,201,804,744.0,0.0,744.0,842,842,559.1840796019901,17,0,1000000,3000,4
784474,784474,3137896,6253,74,296,626.0,0.0,626.0,698,698,363.7837837837838,14,0,1000000,3000,4
784618,784618,3138472,6254,144,576,1045.0,0.0,1045.0,1129,1129,602.2083333333334,23,0,1000000,3000,4
784815,784815,3139260,6255,197,788,1339.0,0.0,1339.0,1436,1436,672.2944162436548,29,0,1000000,3000,4
785057,785057,3140228,6256,242,968,1305.0,0.0,1305.0,1409,1409,729.2727272727273,29,0,1000000,3000,4
785332,785332,3141328,6257,275,1100,1844.0,0.0,1844.0,1956,1956,898.3781818181818,40,0,1000000,3000,4
785404,785404,3141616,6258,72,288,632.0,0.0,632.0,704,704,368.4166666666667,15,0,1000000,3000,4
785572,785572,3142288,6259,168,672,1037.0,0.0,1037.0,1125,1125,620.1904761904761,23,0,1000000,3000,4
785607,785607,3142428,6260,35,140,234.0,0.0,234.0,297,297,171.37142857142857,6,0,1000000,3000,4
785828,785828,3143312,6261,221,884,1558.0,0.0,1558.0,1660,1660,868.7828054298642,34,0,1000000,3000,4
785860,785860,3143440,6262,32,128,249.0,0.0,249.0,313,313,149.09375,7,0,1000000,3000,4
785890,785890,3143560,6263,30,120,250.0,0.0,250.0,314,314,155.36666666666667,7,0,1000000,3000,4
785920,785920,3143680,6264,30,120,249.0,0.0,249.0,313,313,153.56666666666666,7,0,1000000,3000,4
785997,785997,3143988,6265,77,308,633.0,0.0,633.0,705,705,384.4025974025974,15,0,1000000,3000,4
786033,786033,3144132,6266,36,144,242.0,0.0,242.0,306,306,154.58333333333334,7,0,1000000,3000,4
786254,786254,3145016,6267,221,884,1403.0,0.0,1403.0,1502,1502,788.4117647058823,31,0,1000000,3000,4
786510,786510,3146040,6268,256,1024,1682.0,0.0,1682.0,1790,1790,816.2890625,36,0,1000000,3000,4
786545,786545,3146180,6269,35,140,247.0,0.0,247.0,311,311,150.0857142857143,7,0,1000000,3000,4
786757,786757,3147028,6270,212,848,1310.0,0.0,1310.0,1409,1409,718.0330188679245,29,0,1000000,3000,4
786848,786848,3147392,6271,91,364,633.0,0.0,633.0,708,708,380.75824175824175,15,0,1000000,3000,4
786923,786923,3147692,6272,75,300,608.0,0.0,608.0,680,680,353.6666666666667,14,0,1000000,3000,4
787132,787132,3148528,6273,209,836,1333.0,0.0,1333.0,1432,1432,750.0287081339712,29,0,1000000,3000,4
787209,787209,3148836,6274,77,308,608.0,0.0,608.0,679,679,315.8181818181818,14,0,1000000,3000,4
787485,787485,3149940,6275,276,1104,1910.0,0.0,1910.0,2023,2023,914.4021739130435,41,0,1000000,3000,4
787638,787638,3150552,6276,153,612,741.0,0.0,741.0,828,828,516.562091503268,17,0,1000000,3000,4
787911,787911,3151644,6277,273,1092,1403.0,0.0,1403.0,1514,1514,769.8901098901099,31,0,1000000,3000,4
788274,788274,3153096,6278,363,1452,1286.0,0.0,1286.0,1414,1414,747.961432506887,29,0,1000000,3000,4
788480,788480,3153920,6279,206,824,1688.0,0.0,1688.0,1784,1784,852.6407766990292,36,0,1000000,3000,4
788677,788677,3154708,6280,197,788,1339.0,0.0,1339.0,1436,1436,664.4416243654822,29,0,1000000,3000,4
788831,788831,3155324,6281,154,616,1063.0,0.0,1063.0,1151,1151,562.5454545454545,24,0,1000000,3000,4
788970,788970,3155880,6282,139,556,640.0,0.0,640.0,722,722,479.58992805755395,15,0,1000000,3000,4
789261,789261,3157044,6283,291,1164,1305.0,0.0,1305.0,1420,1420,734.4226804123712,29,0,1000000,3000,4
789418,789418,3157672,6284,157,628,636.0,0.0,636.0,722,722,468.94267515923565,15,0,1000000,3000,4
789460,789460,3157840,6285,42,168,245.0,0.0,245.0,310,310,141.52380952380952,7,0,1000000,3000,4
789502,789502,3158008,6286,42,168,217.0,0.0,217.0,282,282,176.73809523809524,6,0,1000000,3000,4
789665,789665,3158660,6287,163,652,781.0,0.0,781.0,870,870,536.2699386503067,18,0,1000000,3000,4
789761,789761,3159044,6288,96,384,625.0,0.0,625.0,702,702,365.9791666666667,15,0,1000000,3000,4
789805,789805,3159220,6289,44,176,230.0,0.0,230.0,295,295,157.3409090909091,6,0,1000000,3000,4
789843,789843,3159372,6290,38,152,245.0,0.0,245.0,310,310,127.97368421052632,7,0,1000000,3000,4
789988,789988,3159952,6291,145,580,1053.0,0.0,1053.0,1137,1137,587.9586206896552,23,0,1000000,3000,4
790026,790026,3160104,6292,38,152,245.0,0.0,245.0,310,310,148.39473684210526,7,0,1000000,3000,4
790173,790173,3160692,6293,147,588,814.0,0.0,814.0,898,898,525.4897959183673,18,0,1000000,3000,4
790326,790326,3161304,6294,153,612,774.0,0.0,774.0,861,861,527.3856209150326,18,0,1000000,3000,4
790532,790532,3162128,6295,206,824,772.0,0.0,772.0,870,870,505.121359223301,18,0,1000000,3000,4
790619,790619,3162476,6296,87,348,627.0,0.0,627.0,702,702,377.55172413793105,15,0,1000000,3000,4
790792,790792,3163168,6297,173,692,722.0,0.0,722.0,813,813,498.242774566474,17,0,1000000,3000,4
791071,791071,3164284,6298,279,1116,1403.0,0.0,1403.0,1515,1515,769.9784946236559,31,0,1000000,3000,4
791101,791101,3164404,6299,30,120,247.0,0.0,247.0,311,311,151.13333333333333,7,0,1000000,3000,4
791196,791196,3164784,6300,95,380,628.0,0.0,628.0,705,705,371.7473684210526,15,0,1000000,3000,4
791234,791234,3164936,6301,38,152,235.0,0.0,235.0,300,300,154.47368421052633,7,0,1000000,3000,4
791337,791337,3165348,6302,103,412,622.0,0.0,622.0,698,698,386.0485436893204,14,0,1000000,3000,4
791444,791444,3165776,6303,107,428,617.0,0.0,617.0,696,696,388.4579439252336,14,0,1000000,3000,4
791558,791558,3166232,6304,114,456,609.0,0.0,609.0,688,688,396.2719298245614,14,0,1000000,3000,4
791593,791593,3166372,6305,35,140,235.0,0.0,235.0,299,299,171.5142857142857,6,0,1000000,3000,4
791805,791805,3167220,6306,212,848,1577.0,0.0,1577.0,1677,1677,797.8679245283018,34,0,1000000,3000,4
791890,791890,3167560,6307,85,340,621.0,0.0,621.0,695,695,340.0235294117647,14,0,1000000,3000,4
792036,792036,3168144,6308,146,584,1039.0,0.0,1039.0,1123,1123,604.8630136986301,23,0,1000000,3000,4
792079,792079,3168316,6309,43,172,227.0,0.0,227.0,292,292,161.37209302325581,6,0,1000000,3000,4
792285,792285,3169140,6310,206,824,1319.0,0.0,1319.0,1416,1416,677.3543689320388,29,0,1000000,3000,4
792330,792330,3169320,6311,45,180,223.0,0.0,223.0,289,289,161.53333333333333,6,0,1000000,3000,4
792695,792695,3170780,6312,365,1460,2345.0,0.0,2345.0,2473,2473,1206.6520547945206,50,0,1000000,3000,4
792783,792783,3171132,6313,88,352,619.0,0.0,619.0,694,694,339.0,14,0,1000000,3000,4
792986,792986,3171944,6314,203,812,1318.0,0.0,1318.0,1413,1413,690.2610837438424,29,0,1000000,3000,4
793200,793200,3172800,6315,214,856,1053.0,0.0,1053.0,1153,1153,653.607476635514,24,0,1000000,3000,4
793299,793299,3173196,6316,99,396,624.0,0.0,624.0,701,701,373.1313131313131,15,0,1000000,3000,4
793490,793490,3173960,6317,191,764,1044.0,0.0,1044.0,1139,1139,541.2303664921466,23,0,1000000,3000,4
793739,793739,3174956,6318,249,996,1407.0,0.0,1407.0,1512,1512,745.433734939759,31,0,1000000,3000,4
793834,793834,3175336,6319,95,380,602.0,0.0,602.0,678,678,398.82105263157894,14,0,1000000,3000,4
793980,793980,3175920,6320,146,584,1052.0,0.0,1052.0,1138,1138,623.2808219178082,23,0,1000000,3000,4
794163,794163,3176652,6321,183,732,1034.0,0.0,1034.0,1126,1126,567.3934426229508,23,0,1000000,3000,4
794258,794258,3177032,6322,95,380,633.0,0.0,633.0,709,709,377.6842105263158,15,0,1000000,3000,4
794289,794289,3177156,6323,31,124,247.0,0.0,247.0,311,311,153.4516129032258,7,0,1000000,3000,4
794374,794374,3177496,6324,85,340,633.0,0.0,633.0,707,707,365.6235294117647,15,0,1000000,3000,4
794468,794468,3177872,6325,94,376,625.0,0.0,625.0,700,700,386.468085106383,15,0,1000000,3000,4
794508,794508,3178032,6326,40,160,232.0,0.0,232.0,297,297,160.275,6,0,1000000,3000,4
794547,794547,3178188,6327,39,156,232.0,0.0,232.0,296,296,161.30769230769232,6,0,1000000,3000,4
794578,794578,3178312,6328,31,124,240.0,0.0,240.0,303,303,162.93548387096774,7,0,1000000,3000,4
794683,794683,3178732,6329,105,420,618.0,0.0,618.0,695,695,369.9428571428571,14,0,1000000,3000,4
794791,794791,3179164,6330,108,432,604.0,0.0,604.0,682,682,373.4537037037037,14,0,1000000,3000,4
794901,794901,3179604,6331,110,440,614.0,0.0,614.0,693,693,375.1818181818182,14,0,1000000,3000,4
795152,795152,3180608,6332,251,1004,1678.0,0.0,1678.0,1784,1784,864.0717131474104,36,0,1000000,3000,4
795385,795385,3181540,6333,233,932,1023.0,0.0,1023.0,1124,1124,646.4892703862661,23,0,1000000,3000,4
795635,795635,3182540,6334,250,1000,1309.0,0.0,1309.0,1415,1415,687.604,29,0,1000000,3000,4
795674,795674,3182696,6335,39,156,237.0,0.0,237.0,302,302,164.92307692307693,7,0,1000000,3000,4
795704,795704,3182816,6336,30,120,248.0,0.0,248.0,311,311,152.63333333333333,7,0,1000000,3000,4
795926,795926,3183704,6337,222,888,1571.0,0.0,1571.0,1673,1673,764.8873873873874,34,0,1000000,3000,4
796037,796037,3184148,6338,111,444,608.0,0.0,608.0,688,688,387.36036036036035,14,0,1000000,3000,4
796215,796215,3184860,6339,178,712,1324.0,0.0,1324.0,1416,1416,673.0337078651686,29,0,1000000,3000,4
796246,796246,3184984,6340,31,124,250.0,0.0,250.0,314,314,149.48387096774192,7,0,1000000,3000,4
796366,796366,3185464,6341,120,480,606.0,0.0,606.0,686,686,384.84166666666664,14,0,1000000,3000,4
796408,796408,3185632,6342,42,168,233.0,0.0,233.0,298,298,161.0,6,0,1000000,3000,4
796566,796566,3186264,6343,158,632,1045.0,0.0,1045.0,1133,1133,600.1898734177215,23,0,1000000,3000,4
796850,796850,3187400,6344,284,1136,1315.0,0.0,1315.0,1429,1429,766.9964788732394,29,0,1000000,3000,4
796932,796932,3187728,6345,82,328,615.0,0.0,615.0,688,688,334.5975609756098,14,0,1000000,3000,4
797025,797025,3188100,6346,93,372,632.0,0.0,632.0,708,708,361.96774193548384,15,0,1000000,3000,4
797171,797171,3188684,6347,146,584,763.0,0.0,763.0,849,849,489.33561643835617,17,0,1000000,3000,4
797485,797485,3189940,6348,314,1256,1287.0,0.0,1287.0,1406,1406,760.7070063694267,29,0,1000000,3000,4
797517,797517,3190068,6349,32,128,252.0,0.0,252.0,316,316,150.0,7,0,1000000,3000,4
797556,797556,3190224,6350,39,156,236.0,0.0,236.0,300,300,159.33333333333334,7,0,1000000,3000,4
797633,797633,3190532,6351,77,308,621.0,0.0,621.0,694,694,338.97402597402595,14,0,1000000,3000,4
797663,797663,3190652,6352,30,120,250.0,0.0,250.0,314,314,154.4,7,0,1000000,3000,4
797789,797789,3191156,6353,126,504,1046.0,0.0,1046.0,1126,1126,578.8174603174604,23,0,1000000,3000,4
797862,797862,3191448,6354,73,292,623.0,0.0,623.0,694,694,349.64383561643837,14,0,1000000,3000,4
798084,798084,3192336,6355,222,888,1027.0,0.0,1027.0,1127,1127,634.1396396396397,23,0,1000000,3000,4
798117,798117,3192468,6356,33,132,250.0,0.0,250.0,314,314,147.72727272727272,7,0,1000000,3000,4
798242,798242,3192968,6357,125,500,750.0,0.0,750.0,832,832,529.872,17,0,1000000,3000,4
798378,798378,3193512,6358,136,544,816.0,0.0,816.0,898,898,558.7205882352941,18,0,1000000,3000,4
798415,798415,3193660,6359,37,148,230.0,0.0,230.0,295,295,167.13513513513513,6,0,1000000,3000,4
798509,798509,3194036,6360,94,376,618.0,0.0,618.0,693,693,405.51063829787233,14,0,1000000,3000,4
798546,798546,3194184,6361,37,148,240.0,0.0,240.0,305,305,155.7027027027027,7,0,1000000,3000,4
798715,798715,3194860,6362,169,676,1036.0,0.0,1036.0,1125,1125,590.5147928994082,23,0,1000000,3000,4
798793,798793,3195172,6363,78,312,639.0,0.0,639.0,712,712,374.2435897435897,15,0,1000000,3000,4
799004,799004,3196016,6364,211,844,1031.0,0.0,1031.0,1129,1129,581.7298578199052,23,0,1000000,3000,4
799074,799074,3196296,6365,70,280,613.0,0.0,613.0,683,683,341.3285714285714,14,0,1000000,3000,4
799108,799108,3196432,6366,34,136,241.0,0.0,241.0,304,304,159.55882352941177,7,0,1000000,3000,4
799148,799148,3196592,6367,40,160,233.0,0.0,233.0,298,298,157.9,6,0,1000000,3000,4
799183,799183,3196732,6368,35,140,239.0,0.0,239.0,303,303,158.9142857142857,7,0,1000000,3000,4
799212,799212,3196848,6369,29,116,249.0,0.0,249.0,312,312,162.86206896551724,7,0,1000000,3000,4
799308,799308,3197232,6370,96,384,632.0,0.0,632.0,709,709,378.5625,15,0,1000000,3000,4
799539,799539,3198156,6371,231,924,1422.0,0.0,1422.0,1526,1526,723.1818181818181,31,0,1000000,3000,4
799626,799626,3198504,6372,87,348,619.0,0.0,619.0,694,694,394.735632183908,14,0,1000000,3000,4
799721,799721,3198884,6373,95,380,602.0,0.0,602.0,679,679,326.4421052631579,14,0,1000000,3000,4
799764,799764,3199056,6374,43,172,225.0,0.0,225.0,289,289,162.32558139534885,6,0,1000000,3000,4
799927,799927,3199708,6375,163,652,635.0,0.0,635.0,722,722,487.1963190184049,15,0,1000000,3000,4
800092,800092,3200368,6376,165,660,811.0,0.0,811.0,898,898,551.3272727272728,18,0,1000000,3000,4
800288,800288,3201152,6377,196,784,804.0,0.0,804.0,898,899,594.9081632653061,18,0,1000000,3000,4
800386,800386,3201544,6378,98,392,630.0,0.0,630.0,707,707,368.44897959183675,15,0,1000000,3000,4
800486,800486,3201944,6379,100,400,623.0,0.0,623.0,700,700,389.7,15,0,1000000,3000,4
800615,800615,3202460,6380,129,516,755.0,0.0,755.0,837,837,502.73643410852713,17,0,1000000,3000,4
800738,800738,3202952,6381,123,492,746.0,0.0,746.0,827,827,491.1707317073171,17,0,1000000,3000,4
800826,800826,3203304,6382,88,352,628.0,0.0,628.0,702,702,376.53409090909093,15,0,1000000,3000,4
801096,801096,3204384,6383,270,1080,1016.0,0.0,1016.0,1124,1124,639.1703703703704,23,0,1000000,3000,4
801345,801345,3205380,6384,249,996,1023.0,0.0,1023.0,1128,1128,681.4538152610442,23,0,1000000,3000,4
801377,801377,3205508,6385,32,128,249.0,0.0,249.0,313,313,149.90625,7,0,1000000,3000,4
801502,801502,3206008,6386,125,500,626.0,0.0,626.0,707,707,347.512,15,0,1000000,3000,4
801580,801580,3206320,6387,78,312,608.0,0.0,608.0,681,681,322.0897435897436,14,0,1000000,3000,4
801619,801619,3206476,6388,39,156,231.0,0.0,231.0,296,296,168.05128205128204,6,0,1000000,3000,4
801817,801817,3207268,6389,198,792,1578.0,0.0,1578.0,1675,1675,792.7777777777778,34,0,1000000,3000,4
801951,801951,3207804,6390,134,536,745.0,0.0,745.0,829,829,512.8432835820895,17,0,1000000,3000,4
802031,802031,3208124,6391,80,320,605.0,0.0,605.0,679,679,310.8,14,0,1000000,3000,4
802063,802063,3208252,6392,32,128,247.0,0.0,247.0,311,311,158.0625,7,0,1000000,3000,4
802264,802264,3209056,6393,201,804,1422.0,0.0,1422.0,1520,1520,730.2786069651742,31,0,1000000,3000,4
802420,802420,3209680,6394,156,624,744.0,0.0,744.0,832,832,477.22435897435895,17,0,1000000,3000,4
802826,802826,3211304,6395,406,1624,997.0,0.0,997.0,1135,1135,626.7266009852217,23,0,1000000,3000,4
803165,803165,3212660,6396,339,1356,1008.0,0.0,1008.0,1132,1132,672.976401179941,23,0,1000000,3000,4
803206,803206,3212824,6397,41,164,230.0,0.0,230.0,295,295,149.34146341463415,6,0,1000000,3000,4
803300,803300,3213200,6398,94,376,627.0,0.0,627.0,702,702,360.02127659574467,15,0,1000000,3000,4
803395,803395,3213580,6399,95,380,627.0,0.0,627.0,704,704,348.5052631578947,15,0,1000000,3000,4
803734,803734,3214936,6400,339,1356,1889.0,0.0,1889.0,2013,2013,991.2330383480826,41,0,1000000,3000,4
803774,803774,3215096,6401,40,160,230.0,0.0,230.0,295,295,160.3,6,0,1000000,3000,4
803853,803853,3215412,6402,79,316,613.0,0.0,613.0,686,686,336.56962025316454,14,0,1000000,3000,4
804112,804112,3216448,6403,259,1036,1023.0,0.0,1023.0,1131,1131,710.2393822393823,23,0,1000000,3000,4
804147,804147,3216588,6404,35,140,236.0,0.0,236.0,299,299,164.88571428571427,6,0,1000000,3000,4
804471,804471,3217884,6405,324,1296,1307.0,0.0,1307.0,1427,1427,735.3858024691358,29,0,1000000,3000,4
804641,804641,3218564,6406,170,680,781.0,0.0,781.0,871,871,527.6411764705882,18,0,1000000,3000,4
804805,804805,3219220,6407,164,656,745.0,0.0,745.0,833,833,497.8414634146341,17,0,1000000,3000,4
805055,805055,3220220,6408,250,1000,1031.0,0.0,1031.0,1138,1138,648.256,23,0,1000000,3000,4
805217,805217,3220868,6409,162,648,711.0,0.0,711.0,800,800,493.21604938271605,17,0,1000000,3000,4
805260,805260,3221040,6410,43,172,217.0,0.0,217.0,281,281,172.41860465116278,6,0,1000000,3000,4
805413,805413,3221652,6411,153,612,1051.0,0.0,1051.0,1138,1138,569.5163398692811,23,0,1000000,3000,4
805662,805662,3222648,6412,249,996,1421.0,0.0,1421.0,1528,1528,739.7269076305221,31,0,1000000,3000,4
805799,805799,3223196,6413,137,548,1045.0,0.0,1045.0,1128,1128,560.1094890510949,23,0,1000000,3000,4
805838,805838,3223352,6414,39,156,239.0,0.0,239.0,303,303,157.71794871794873,7,0,1000000,3000,4
805874,805874,3223496,6415,36,144,250.0,0.0,250.0,315,315,146.11111111111111,7,0,1000000,3000,4
805905,805905,3223620,6416,31,124,250.0,0.0,250.0,313,313,152.3548387096774,7,0,1000000,3000,4
805997,805997,3223988,6417,92,368,619.0,0.0,619.0,695,695,383.0869565217391,14,0,1000000,3000,4
806105,806105,3224420,6418,108,432,621.0,0.0,621.0,699,699,366.9074074074074,14,0,1000000,3000,4
806389,806389,3225556,6419,284,1136,1021.0,0.0,1021.0,1134,1134,740.2816901408451,23,0,1000000,3000,4
806940,806940,3227760,6420,551,2204,3011.0,0.0,3011.0,3161,3161,1478.8294010889292,64,0,1000000,3000,4
807021,807021,3228084,6421,81,324,632.0,0.0,632.0,706,706,376.75308641975306,15,0,1000000,3000,4
807189,807189,3228756,6422,168,672,810.0,0.0,810.0,898,898,628.3988095238095,18,0,1000000,3000,4
807270,807270,3229080,6423,81,324,620.0,0.0,620.0,693,693,346.25925925925924,14,0,1000000,3000,4
807367,807367,3229468,6424,97,388,616.0,0.0,616.0,692,692,386.1546391752577,14,0,1000000,3000,4
807517,807517,3230068,6425,150,600,1043.0,0.0,1043.0,1129,1129,573.8733333333333,23,0,1000000,3000,4
807551,807551,3230204,6426,34,136,251.0,0.0,251.0,315,315,152.61764705882354,7,0,1000000,3000,4
807667,807667,3230668,6427,116,464,613.0,0.0,613.0,694,694,373.73275862068965,14,0,1000000,3000,4
807759,807759,3231036,6428,92,368,614.0,0.0,614.0,689,689,398.39130434782606,14,0,1000000,3000,4
807795,807795,3231180,6429,36,144,231.0,0.0,231.0,295,295,168.88888888888889,6,0,1000000,3000,4
807888,807888,3231552,6430,93,372,625.0,0.0,625.0,700,700,397.63440860215053,15,0,1000000,3000,4
807922,807922,3231688,6431,34,136,248.0,0.0,248.0,311,311,142.5,7,0,1000000,3000,4
807957,807957,3231828,6432,35,140,244.0,0.0,244.0,308,308,150.57142857142858,7,0,1000000,3000,4
808037,808037,3232148,6433,80,320,638.0,0.0,638.0,711,711,380.6625,15,0,1000000,3000,4
808078,808078,3232312,6434,41,164,237.0,0.0,237.0,302,302,153.5609756097561,7,0,1000000,3000,4
808167,808167,3232668,6435,89,356,606.0,0.0,606.0,681,681,339.91011235955057,14,0,1000000,3000,4
808207,808207,3232828,6436,40,160,235.0,0.0,235.0,300,300,152.9,7,0,1000000,3000,4
808240,808240,3232960,6437,33,132,239.0,0.0,239.0,303,303,160.15151515151516,7,0,1000000,3000,4
808273,808273,3233092,6438,33,132,251.0,0.0,251.0,315,315,150.12121212121212,7,0,1000000,3000,4
808580,808580,3234320,6439,307,1228,1010.0,0.0,1010.0,1127,1127,670.9153094462541,23,0,1000000,3000,4
808653,808653,3234612,6440,73,292,624.0,0.0,624.0,694,694,363.8767123287671,14,0,1000000,3000,4
808745,808745,3234980,6441,92,368,617.0,0.0,617.0,692,692,404.14130434782606,14,0,1000000,3000,4
808834,808834,3235336,6442,89,356,628.0,0.0,628.0,703,703,385.6179775280899,15,0,1000000,3000,4
808872,808872,3235488,6443,38,152,226.0,0.0,226.0,290,290,170.42105263157896,6,0,1000000,3000,4
808950,808950,3235800,6444,78,312,606.0,0.0,606.0,679,679,315.87179487179486,14,0,1000000,3000,4
808989,808989,3235956,6445,39,156,235.0,0.0,235.0,299,299,159.33333333333334,6,0,1000000,3000,4
809174,809174,3236696,6446,185,740,807.0,0.0,807.0,898,898,562.4594594594595,18,0,1000000,3000,4
809209,809209,3236836,6447,35,140,247.0,0.0,247.0,310,310,152.14285714285714,7,0,1000000,3000,4
809287,809287,3237148,6448,78,312,639.0,0.0,639.0,712,712,380.53846153846155,15,0,1000000,3000,4
809317,809317,3237268,6449,30,120,247.0,0.0,247.0,311,311,152.23333333333332,7,0,1000000,3000,4
809529,809529,3238116,6450,212,848,1315.0,0.0,1315.0,1412,1412,708.0330188679245,29,0,1000000,3000,4
809727,809727,3238908,6451,198,792,1318.0,0.0,1318.0,1413,1413,707.6363636363636,29,0,1000000,3000,4
810026,810026,3240104,6452,299,1196,1298.0,0.0,1298.0,1414,1414,734.61872909699,29,0,1000000,3000,4
810332,810332,3241328,6453,306,1224,1298.0,0.0,1298.0,1415,1415,698.7941176470588,29,0,1000000,3000,4
810557,810557,3242228,6454,225,900,1027.0,0.0,1027.0,1127,1127,650.4844444444444,23,0,1000000,3000,4
810694,810694,3242776,6455,137,548,747.0,0.0,747.0,830,830,483.40875912408757,17,0,1000000,3000,4
811034,811034,3244136,6456,340,1360,1004.0,0.0,1004.0,1128,1128,744.2735294117647,23,0,1000000,3000,4
811072,811072,3244288,6457,38,152,240.0,0.0,240.0,305,305,155.39473684210526,7,0,1000000,3000,4
811103,811103,3244412,6458,31,124,241.0,0.0,241.0,304,304,168.70967741935485,7,0,1000000,3000,4
811183,811183,3244732,6459,80,320,613.0,0.0,613.0,686,686,329.825,14,0,1000000,3000,4
811339,811339,3245356,6460,156,624,812.0,0.0,812.0,898,898,573.2884615384615,18,0,1000000,3000,4
811590,811590,3246360,6461,251,1004,1326.0,0.0,1326.0,1434,1434,739.9282868525896,29,0,1000000,3000,4
811651,811651,3246604,6462,61,244,609.0,0.0,609.0,679,679,339.88524590163934,14,0,1000000,3000,4
811724,811724,3246896,6463,73,292,610.0,0.0,610.0,680,680,322.986301369863,14,0,1000000,3000,4
811894,811894,3247576,6464,170,680,1151.0,0.0,1151.0,1243,1243,637.9117647058823,25,0,1000000,3000,4
811985,811985,3247940,6465,91,364,613.0,0.0,613.0,688,688,401.9010989010989,14,0,1000000,3000,4
812243,812243,3248972,6466,258,1032,1673.0,0.0,1673.0,1780,1780,893.5542635658915,36,0,1000000,3000,4
812463,812463,3249852,6467,220,880,1428.0,0.0,1428.0,1529,1529,753.0,31,0,1000000,3000,4
812501,812501,3250004,6468,38,152,231.0,0.0,231.0,296,296,168.8684210526316,6,0,1000000,3000,4
812687,812687,3250748,6469,186,744,806.0,0.0,806.0,898,899,530.6612903225806,18,0,1000000,3000,4
812789,812789,3251156,6470,102,408,615.0,0.0,615.0,692,692,393.3921568627451,14,0,1000000,3000,4
812939,812939,3251756,6471,150,600,758.0,0.0,758.0,846,846,539.96,17,0,1000000,3000,4
813088,813088,3252352,6472,149,596,814.0,0.0,814.0,898,898,607.1006711409397,18,0,1000000,3000,4
813251,813251,3253004,6473,163,652,1044.0,0.0,1044.0,1132,1132,586.0552147239264,23,0,1000000,3000,4
813349,813349,3253396,6474,98,392,619.0,0.0,619.0,696,696,396.1326530612245,14,0,1000000,3000,4
813385,813385,3253540,6475,36,144,230.0,0.0,230.0,295,295,168.25,6,0,1000000,3000,4
813553,813553,3254212,6476,168,672,1036.0,0.0,1036.0,1124,1124,596.625,23,0,1000000,3000,4
813697,813697,3254788,6477,144,576,1044.0,0.0,1044.0,1128,1128,594.2361111111111,23,0,1000000,3000,4
813777,813777,3255108,6478,80,320,637.0,0.0,637.0,711,711,387.6375,15,0,1000000,3000,4
813810,813810,3255240,6479,33,132,246.0,0.0,246.0,310,310,159.8181818181818,7,0,1000000,3000,4
813890,813890,3255560,6480,80,320,629.0,0.0,629.0,703,703,376.3375,15,0,1000000,3000,4
814066,814066,3256264,6481,176,704,1430.0,0.0,1430.0,1522,1522,735.1818181818181,31,0,1000000,3000,4
814129,814129,3256516,6482,63,252,613.0,0.0,613.0,683,683,332.46031746031747,14,0,1000000,3000,4
814160,814160,3256640,6483,31,124,244.0,0.0,244.0,307,307,164.29032258064515,7,0,1000000,3000,4
814228,814228,3256912,6484,68,272,624.0,0.0,624.0,695,695,354.20588235294116,14,0,1000000,3000,4
814338,814338,3257352,6485,110,440,633.0,0.0,633.0,712,712,367.40909090909093,15,0,1000000,3000,4
814369,814369,3257476,6486,31,124,244.0,0.0,244.0,307,307,163.90322580645162,7,0,1000000,3000,4
814410,814410,3257640,6487,41,164,232.0,0.0,232.0,297,297,157.8048780487805,6,0,1000000,3000,4
814603,814603,3258412,6488,193,772,1325.0,0.0,1325.0,1419,1419,662.3575129533679,29,0,1000000,3000,4
814643,814643,3258572,6489,40,160,234.0,0.0,234.0,298,298,158.0,6,0,1000000,3000,4
814679,814679,3258716,6490,36,144,241.0,0.0,241.0,306,306,152.19444444444446,7,0,1000000,3000,4
814785,814785,3259140,6491,106,424,613.0,0.0,613.0,692,692,378.0660377358491,14,0,1000000,3000,4
814818,814818,3259272,6492,33,132,248.0,0.0,248.0,311,311,153.96969696969697,7,0,1000000,3000,4
814863,814863,3259452,6493,45,180,227.0,0.0,227.0,293,293,158.24444444444444,6,0,1000000,3000,4
814900,814900,3259600,6494,37,148,232.0,0.0,232.0,296,296,160.97297297297297,6,0,1000000,3000,4
815052,815052,3260208,6495,152,608,1050.0,0.0,1050.0,1137,1137,628.2368421052631,23,0,1000000,3000,4
815174,815174,3260696,6496,122,488,604.0,0.0,604.0,685,685,389.94262295081967,14,0,1000000,3000,4
815205,815205,3260820,6497,31,124,243.0,0.0,243.0,307,307,163.96774193548387,7,0,1000000,3000,4
815391,815391,3261564,6498,186,744,1138.0,0.0,1138.0,1233,1233,665.747311827957,25,0,1000000,3000,4
815502,815502,3262008,6499,111,444,594.0,0.0,594.0,673,673,391.64864864864865,14,0,1000000,3000,4
815543,815543,3262172,6500,41,164,234.0,0.0,234.0,299,299,163.1951219512195,6,0,1000000,3000,4
815590,815590,3262360,6501,47,188,219.0,0.0,219.0,285,285,166.53191489361703,6,0,1000000,3000,4
815825,815825,3263300,6502,235,940,1034.0,0.0,1034.0,1137,1137,680.4,23,0,1000000,3000,4
815862,815862,3263448,6503,37,148,240.0,0.0,240.0,304,304,155.54054054054055,7,0,1000000,3000,4
815957,815957,3263828,6504,95,380,621.0,0.0,621.0,698,698,374.63157894736844,14,0,1000000,3000,4
816064,816064,3264256,6505,107,428,606.0,0.0,606.0,683,683,379.77570093457945,14,0,1000000,3000,4
816157,816157,3264628,6506,93,372,627.0,0.0,627.0,702,702,341.86021505376345,15,0,1000000,3000,4
816191,816191,3264764,6507,34,136,248.0,0.0,248.0,312,312,151.88235294117646,7,0,1000000,3000,4
816392,816392,3265568,6508,201,804,1040.0,0.0,1040.0,1137,1137,620.2835820895523,23,0,1000000,3000,4
816447,816447,3265788,6509,55,220,198.0,0.0,198.0,264,264,171.72727272727272,6,0,1000000,3000,4
816486,816486,3265944,6510,39,156,227.0,0.0,227.0,290,290,162.7948717948718,6,0,1000000,3000,4
816598,816598,3266392,6511,112,448,633.0,0.0,633.0,712,712,370.1607142857143,15,0,1000000,3000,4
816782,816782,3267128,6512,184,736,1036.0,0.0,1036.0,1128,1128,588.3423913043479,23,0,1000000,3000,4
816824,816824,3267296,6513,42,168,227.0,0.0,227.0,292,292,165.38095238095238,6,0,1000000,3000,4
816923,816923,3267692,6514,99,396,613.0,0.0,613.0,688,688,389.5050505050505,14,0,1000000,3000,4
816961,816961,3267844,6515,38,152,241.0,0.0,241.0,305,305,151.02631578947367,7,0,1000000,3000,4
817217,817217,3268868,6516,256,1024,719.0,0.0,719.0,827,827,577.7265625,17,0,1000000,3000,4
817800,817800,3271200,6517,583,2332,2577.0,0.0,2577.0,2750,2750,1650.3842195540308,56,0,1000000,3000,4
817964,817964,3271856,6518,164,656,1037.0,0.0,1037.0,1125,1125,565.9878048780488,23,0,1000000,3000,4
818006,818006,3272024,6519,42,168,229.0,0.0,229.0,294,294,160.0952380952381,6,0,1000000,3000,4
818261,818261,3273044,6520,255,1020,1307.0,0.0,1307.0,1414,1414,740.9803921568628,29,0,1000000,3000,4
818304,818304,3273216,6521,43,172,226.0,0.0,226.0,292,292,160.88372093023256,6,0,1000000,3000,4
818552,818552,3274208,6522,248,992,1043.0,0.0,1043.0,1150,1150,618.7943548387096,24,0,1000000,3000,4
818677,818677,3274708,6523,125,500,591.0,0.0,591.0,673,673,392.296,14,0,1000000,3000,4
818711,818711,3274844,6524,34,136,251.0,0.0,251.0,315,315,154.76470588235293,7,0,1000000,3000,4
818815,818815,3275260,6525,104,416,618.0,0.0,618.0,696,696,363.9807692307692,14,0,1000000,3000,4
818998,818998,3275992,6526,183,732,1032.0,0.0,1032.0,1124,1124,641.5300546448087,23,0,1000000,3000,4
819231,819231,3276924,6527,233,932,1133.0,0.0,1133.0,1237,1237,634.7124463519314,25,0,1000000,3000,4
819269,819269,3277076,6528,38,152,242.0,0.0,242.0,305,305,153.1315789473684,7,0,1000000,3000,4
819550,819550,3278200,6529,281,1124,1296.0,0.0,1296.0,1409,1409,746.9893238434164,29,0,1000000,3000,4
819594,819594,3278376,6530,44,176,219.0,0.0,219.0,284,284,164.45454545454547,6,0,1000000,3000,4
819899,819899,3279596,6531,305,1220,712.0,0.0,712.0,829,829,589.9049180327869,17,0,1000000,3000,4
820002,820002,3280008,6532,103,412,618.0,0.0,618.0,696,696,373.4854368932039,14,0,1000000,3000,4
820043,820043,3280172,6533,41,164,236.0,0.0,236.0,300,300,154.70731707317074,7,0,1000000,3000,4
820223,820223,3280892,6534,180,720,1042.0,0.0,1042.0,1135,1135,582.5222222222222,23,0,1000000,3000,4
820438,820438,3281752,6535,215,860,1027.0,0.0,1027.0,1125,1125,675.8651162790698,23,0,1000000,3000,4
820565,820565,3282260,6536,127,508,594.0,0.0,594.0,675,675,397.1102362204724,14,0,1000000,3000,4
820659,820659,3282636,6537,94,376,634.0,0.0,634.0,709,709,359.3085106382979,15,0,1000000,3000,4
820835,820835,3283340,6538,176,704,1036.0,0.0,1036.0,1126,1126,601.5909090909091,23,0,1000000,3000,4
820929,820929,3283716,6539,94,376,626.0,0.0,626.0,701,701,369.29787234042556,15,0,1000000,3000,4
820977,820977,3283908,6540,48,192,218.0,0.0,218.0,283,283,162.08333333333334,6,0,1000000,3000,4
821074,821074,3284296,6541,97,388,620.0,0.0,620.0,696,696,373.4742268041237,14,0,1000000,3000,4
821232,821232,3284928,6542,158,632,728.0,0.0,728.0,815,815,470.3101265822785,17,0,1000000,3000,4
821412,821412,3285648,6543,180,720,1139.0,0.0,1139.0,1232,1232,564.0333333333333,25,0,1000000,3000,4
821455,821455,3285820,6544,43,172,231.0,0.0,231.0,296,296,154.32558139534885,6,0,1000000,3000,4
821498,821498,3285992,6545,43,172,232.0,0.0,232.0,297,297,154.5581395348837,6,0,1000000,3000,4
821605,821605,3286420,6546,107,428,623.0,0.0,623.0,701,701,367.7383177570093,15,0,1000000,3000,4
821648,821648,3286592,6547,43,172,229.0,0.0,229.0,294,294,153.2093023255814,6,0,1000000,3000,4
821748,821748,3286992,6548,100,400,617.0,0.0,617.0,695,695,326.48,14,0,1000000,3000,4
821935,821935,3287740,6549,187,748,591.0,0.0,591.0,684,684,458.6096256684492,14,0,1000000,3000,4
822042,822042,3288168,6550,107,428,613.0,0.0,613.0,690,690,341.39252336448595,14,0,1000000,3000,4
822076,822076,3288304,6551,34,136,239.0,0.0,239.0,301,301,163.91176470588235,7,0,1000000,3000,4
822238,822238,3288952,6552,162,648,711.0,0.0,711.0,799,799,484.7654320987654,16,0,1000000,3000,4
822508,822508,3290032,6553,270,1080,1305.0,0.0,1305.0,1415,1415,745.4629629629629,29,0,1000000,3000,4
822632,822632,3290528,6554,124,496,612.0,0.0,612.0,694,694,358.7983870967742,14,0,1000000,3000,4
822743,822743,3290972,6555,111,444,621.0,0.0,621.0,701,701,363.23423423423424,15,0,1000000,3000,4
822970,822970,3291880,6556,227,908,1033.0,0.0,1033.0,1135,1135,572.2687224669603,23,0,1000000,3000,4
823006,823006,3292024,6557,36,144,241.0,0.0,241.0,306,306,160.25,7,0,1000000,3000,4
823038,823038,3292152,6558,32,128,249.0,0.0,249.0,311,311,154.6875,7,0,1000000,3000,4
823078,823078,3292312,6559,40,160,237.0,0.0,237.0,303,303,150.325,7,0,1000000,3000,4
823179,823179,3292716,6560,101,404,624.0,0.0,624.0,700,700,371.3762376237624,15,0,1000000,3000,4
823212,823212,3292848,6561,33,132,245.0,0.0,245.0,309,309,158.72727272727272,7,0,1000000,3000,4
823302,823302,3293208,6562,90,360,619.0,0.0,619.0,694,694,355.43333333333334,14,0,1000000,3000,4
823567,823567,3294268,6563,265,1060,1305.0,0.0,1305.0,1414,1414,739.2264150943396,29,0,1000000,3000,4
823760,823760,3295040,6564,193,772,1043.0,0.0,1043.0,1138,1138,625.9689119170985,23,0,1000000,3000,4
823900,823900,3295600,6565,140,560,1158.0,0.0,1158.0,1242,1242,607.6428571428571,25,0,1000000,3000,4
823931,823931,3295724,6566,31,124,249.0,0.0,249.0,312,312,151.80645161290323,7,0,1000000,3000,4
823974,823974,3295896,6567,43,172,236.0,0.0,236.0,301,301,141.46511627906978,7,0,1000000,3000,4
824130,824130,3296520,6568,156,624,636.0,0.0,636.0,722,722,507.0897435897436,15,0,1000000,3000,4
824225,824225,3296900,6569,95,380,629.0,0.0,629.0,706,706,362.2631578947368,15,0,1000000,3000,4
824382,824382,3297528,6570,157,628,636.0,0.0,636.0,722,722,467.515923566879,15,0,1000000,3000,4
824497,824497,3297988,6571,115,460,587.0,0.0,587.0,667,667,396.62608695652176,14,0,1000000,3000,4
824545,824545,3298180,6572,48,192,221.0,0.0,221.0,286,286,158.1875,6,0,1000000,3000,4
824646,824646,3298584,6573,101,404,620.0,0.0,620.0,696,696,331.51485148514854,14,0,1000000,3000,4
825079,825079,3300316,6574,433,1732,1877.0,0.0,1877.0,2021,2021,963.3348729792148,41,0,1000000,3000,4
825126,825126,3300504,6575,47,188,222.0,0.0,222.0,288,288,161.10638297872342,6,0,1000000,3000,4
825351,825351,3301404,6576,225,900,1427.0,0.0,1427.0,1529,1529,744.0044444444444,31,0,1000000,3000,4
825483,825483,3301932,6577,132,528,613.0,0.0,613.0,696,696,368.43939393939394,14,0,1000000,3000,4
825520,825520,3302080,6578,37,148,241.0,0.0,241.0,305,305,151.24324324324326,7,0,1000000,3000,4
825620,825620,3302480,6579,100,400,620.0,0.0,620.0,698,698,340.33,14,0,1000000,3000,4
825877,825877,3303508,6580,257,1028,1303.0,0.0,1303.0,1409,1412,733.8832684824903,29,0,1000000,3000,4
826012,826012,3304048,6581,135,540,723.0,0.0,723.0,807,807,468.36296296296297,17,0,1000000,3000,4
826185,826185,3304740,6582,173,692,1132.0,0.0,1132.0,1223,1223,614.4335260115607,25,0,1000000,3000,4
826419,826419,3305676,6583,234,936,1305.0,0.0,1305.0,1408,1408,703.7179487179487,29,0,1000000,3000,4
826452,826452,3305808,6584,33,132,242.0,0.0,242.0,305,305,160.5151515151515,7,0,1000000,3000,4
826584,826584,3306336,6585,132,528,1069.0,0.0,1069.0,1153,1153,580.6212121212121,24,0,1000000,3000,4
826793,826793,3307172,6586,209,836,1417.0,0.0,1417.0,1514,1514,751.578947368421,31,0,1000000,3000,4
826893,826893,3307572,6587,100,400,616.0,0.0,616.0,692,692,331.3,14,0,1000000,3000,4
827036,827036,3308144,6588,143,572,757.0,0.0,757.0,842,842,511.15384615384613,17,0,1000000,3000,4
827095,827095,3308380,6589,59,236,198.0,0.0,198.0,265,265,162.98305084745763,6,0,1000000,3000,4
827341,827341,3309364,6590,246,984,739.0,0.0,739.0,845,845,514.3536585365854,17,0,1000000,3000,4
827535,827535,3310140,6591,194,776,1043.0,0.0,1043.0,1138,1138,646.3865979381443,23,0,1000000,3000,4
827765,827765,3311060,6592,230,920,1026.0,0.0,1026.0,1127,1127,648.7565217391304,23,0,1000000,3000,4
827846,827846,3311384,6593,81,324,639.0,0.0,639.0,712,712,375.95061728395063,15,0,1000000,3000,4
827922,827922,3311688,6594,76,304,652.0,0.0,652.0,722,722,376.0394736842105,15,0,1000000,3000,4
828215,828215,3312860,6595,293,1172,1319.0,0.0,1319.0,1435,1435,717.7269624573379,29,0,1000000,3000,4
828248,828248,3312992,6596,33,132,243.0,0.0,243.0,306,306,153.5151515151515,7,0,1000000,3000,4
828297,828297,3313188,6597,49,196,211.0,0.0,211.0,277,277,167.53061224489795,6,0,1000000,3000,4
828402,828402,3313608,6598,105,420,630.0,0.0,630.0,709,709,375.8285714285714,15,0,1000000,3000,4
828672,828672,3314688,6599,270,1080,1403.0,0.0,1403.0,1512,1512,758.3148148148148,31,0,1000000,3000,4
828858,828858,3315432,6600,186,744,1046.0,0.0,1046.0,1140,1140,594.6021505376344,23,0,1000000,3000,4
829069,829069,3316276,6601,211,844,1028.0,0.0,1028.0,1126,1126,601.3838862559242,23,0,1000000,3000,4
829293,829293,3317172,6602,224,896,1027.0,0.0,1027.0,1127,1127,630.2410714285714,23,0,1000000,3000,4
829471,829471,3317884,6603,178,712,742.0,0.0,742.0,834,834,495.561797752809,17,0,1000000,3000,4
829759,829759,3319036,6604,288,1152,1818.0,0.0,1818.0,1933,1933,998.96875,39,0,1000000,3000,4
829858,829858,3319432,6605,99,396,623.0,0.0,623.0,699,699,340.030303030303,14,0,1000000,3000,4
829899,829899,3319596,6606,41,164,241.0,0.0,241.0,307,307,142.46341463414635,7,0,1000000,3000,4
829938,829938,3319752,6607,39,156,239.0,0.0,239.0,303,303,154.30769230769232,7,0,1000000,3000,4
830194,830194,3320776,6608,256,1024,1312.0,0.0,1312.0,1420,1420,732.390625,29,0,1000000,3000,4
830333,830333,3321332,6609,139,556,736.0,0.0,736.0,820,820,467.33812949640287,17,0,1000000,3000,4
830430,830430,3321720,6610,97,388,606.0,0.0,606.0,682,682,399.3298969072165,14,0,1000000,3000,4
830531,830531,3322124,6611,101,404,603.0,0.0,603.0,680,680,394.64356435643566,14,0,1000000,3000,4
830567,830567,3322268,6612,36,144,235.0,0.0,235.0,300,300,165.19444444444446,7,0,1000000,3000,4
830786,830786,3323144,6613,219,876,721.0,0.0,721.0,821,821,535.3561643835617,17,0,1000000,3000,4
830838,830838,3323352,6614,52,208,211.0,0.0,211.0,277,277,158.55769230769232,6,0,1000000,3000,4
830877,830877,3323508,6615,39,156,242.0,0.0,242.0,305,305,152.05128205128204,7,0,1000000,3000,4
831123,831123,3324492,6616,246,984,1304.0,0.0,1304.0,1410,1410,682.4878048780488,29,0,1000000,3000,4
831420,831420,3325680,6617,297,1188,1312.0,0.0,1312.0,1429,1429,659.1212121212121,29,0,1000000,3000,4
831463,831463,3325852,6618,43,172,236.0,0.0,236.0,301,301,146.0,7,0,1000000,3000,4
831642,831642,3326568,6619,179,716,767.0,0.0,767.0,859,859,508.99441340782124,18,0,1000000,3000,4
831684,831684,3326736,6620,42,168,234.0,0.0,234.0,298,298,157.0,6,0,1000000,3000,4
831813,831813,3327252,6621,129,516,715.0,0.0,715.0,797,797,461.1937984496124,16,0,1000000,3000,4
831871,831871,3327484,6622,58,232,198.0,0.0,198.0,265,265,147.1551724137931,6,0,1000000,3000,4
832129,832129,3328516,6623,258,1032,1017.0,0.0,1017.0,1123,1123,521.8798449612403,23,0,1000000,3000,4
832362,832362,3329448,6624,233,932,1024.0,0.0,1024.0,1126,1126,647.1287553648069,23,0,1000000,3000,4
832401,832401,3329604,6625,39,156,240.0,0.0,240.0,304,304,150.7948717948718,7,0,1000000,3000,4
832444,832444,3329776,6626,43,172,228.0,0.0,228.0,293,293,163.6046511627907,6,0,1000000,3000,4
832547,832547,3330188,6627,103,412,624.0,0.0,624.0,701,701,342.0485436893204,15,0,1000000,3000,4
832593,832593,3330372,6628,46,184,223.0,0.0,223.0,288,288,157.56521739130434,6,0,1000000,3000,4
832637,832637,3330548,6629,44,176,230.0,0.0,230.0,295,295,150.70454545454547,6,0,1000000,3000,4
833114,833114,3332456,6630,477,1908,3026.0,0.0,3026.0,3161,3161,1554.6037735849056,64,0,1000000,3000,4
833153,833153,3332612,6631,39,156,237.0,0.0,237.0,300,300,161.30769230769232,7,0,1000000,3000,4
833341,833341,3333364,6632,188,752,1037.0,0.0,1037.0,1131,1131,649.6755319148937,23,0,1000000,3000,4
833503,833503,3334012,6633,162,648,721.0,0.0,721.0,810,810,467.820987654321,17,0,1000000,3000,4
833656,833656,3334624,6634,153,612,1052.0,0.0,1052.0,1139,1139,588.4509803921569,23,0,1000000,3000,4
833893,833893,3335572,6635,237,948,1903.0,0.0,1903.0,2007,2007,936.4556962025316,41,0,1000000,3000,4
833995,833995,3335980,6636,102,408,620.0,0.0,620.0,698,698,376.1078431372549,14,0,1000000,3000,4
834034,834034,3336136,6637,39,156,235.0,0.0,235.0,299,299,155.56410256410257,6,0,1000000,3000,4
834268,834268,3337072,6638,234,936,1140.0,0.0,1140.0,1244,1244,689.8247863247864,25,0,1000000,3000,4
834429,834429,3337716,6639,161,644,1331.0,0.0,1331.0,1421,1421,694.4347826086956,29,0,1000000,3000,4
834563,834563,3338252,6640,134,536,641.0,0.0,641.0,722,722,538.2686567164179,15,0,1000000,3000,4
834645,834645,3338580,6641,82,328,633.0,0.0,633.0,706,706,391.9146341463415,15,0,1000000,3000,4
834862,834862,3339448,6642,217,868,1687.0,0.0,1687.0,1786,1786,872.815668202765,36,0,1000000,3000,4
834939,834939,3339756,6643,77,308,609.0,0.0,609.0,682,682,352.23376623376623,14,0,1000000,3000,4
835027,835027,3340108,6644,88,352,610.0,0.0,610.0,684,684,348.3068181818182,14,0,1000000,3000,4
835262,835262,3341048,6645,235,940,1314.0,0.0,1314.0,1416,1416,724.0510638297873,29,0,1000000,3000,4
835349,835349,3341396,6646,87,348,735.0,0.0,735.0,810,810,386.7011494252874,17,0,1000000,3000,4
835429,835429,3341716,6647,80,320,622.0,0.0,622.0,694,694,354.1,14,0,1000000,3000,4
835461,835461,3341844,6648,32,128,247.0,0.0,247.0,311,311,155.71875,7,0,1000000,3000,4
835492,835492,3341968,6649,31,124,245.0,0.0,245.0,308,308,162.83870967741936,7,0,1000000,3000,4
835529,835529,3342116,6650,37,148,225.0,0.0,225.0,289,289,175.64864864864865,6,0,1000000,3000,4
835624,835624,3342496,6651,95,380,609.0,0.0,609.0,684,684,407.4736842105263,14,0,1000000,3000,4
835817,835817,3343268,6652,193,772,1340.0,0.0,1340.0,1436,1436,686.0155440414508,29,0,1000000,3000,4
836023,836023,3344092,6653,206,824,1320.0,0.0,1320.0,1417,1417,676.3106796116505,29,0,1000000,3000,4
836367,836367,3345468,6654,344,1376,1012.0,0.0,1012.0,1137,1137,682.2587209302326,23,0,1000000,3000,4
836454,836454,3345816,6655,87,348,633.0,0.0,633.0,708,708,376.1034482758621,15,0,1000000,3000,4
836484,836484,3345936,6656,30,120,250.0,0.0,250.0,312,312,161.73333333333332,7,0,1000000,3000,4
836515,836515,3346060,6657,31,124,240.0,0.0,240.0,304,304,165.70967741935485,7,0,1000000,3000,4
836545,836545,3346180,6658,30,120,245.0,0.0,245.0,308,308,163.23333333333332,7,0,1000000,3000,4
836586,836586,3346344,6659,41,164,228.0,0.0,228.0,294,294,164.0,6,0,1000000,3000,4
836617,836617,3346468,6660,31,124,244.0,0.0,244.0,307,307,164.0,7,0,1000000,3000,4
836907,836907,3347628,6661,290,1160,1541.0,0.0,1541.0,1656,1656,841.4172413793103,34,0,1000000,3000,4
837080,837080,3348320,6662,173,692,1037.0,0.0,1037.0,1127,1127,627.6763005780347,23,0,1000000,3000,4
837151,837151,3348604,6663,71,284,653.0,0.0,653.0,722,723,377.9718309859155,15,0,1000000,3000,4
837311,837311,3349244,6664,160,640,635.0,0.0,635.0,722,723,465.65,15,0,1000000,3000,4
837339,837339,3349356,6665,28,112,248.0,0.0,248.0,311,311,155.82142857142858,7,0,1000000,3000,4
837621,837621,3350484,6666,282,1128,1014.0,0.0,1014.0,1126,1126,715.2659574468086,23,0,1000000,3000,4
837737,837737,3350948,6667,116,464,726.0,0.0,726.0,805,805,487.2155172413793,17,0,1000000,3000,4
837813,837813,3351252,6668,76,304,603.0,0.0,603.0,676,676,330.25,14,0,1000000,3000,4
838072,838072,3352288,6669,259,1036,792.0,0.0,792.0,898,898,654.023166023166,18,0,1000000,3000,4
838208,838208,3352832,6670,136,544,729.0,0.0,729.0,814,814,502.88235294117646,17,0,1000000,3000,4
838432,838432,3353728,6671,224,896,1695.0,0.0,1695.0,1797,1797,909.59375,36,0,1000000,3000,4
838535,838535,3354140,6672,103,412,731.0,0.0,731.0,809,809,437.31067961165047,17,0,1000000,3000,4
838722,838722,3354888,6673,187,748,1034.0,0.0,1034.0,1127,1127,719.9465240641712,23,0,1000000,3000,4
838791,838791,3355164,6674,69,276,617.0,0.0,617.0,688,688,358.0289855072464,14,0,1000000,3000,4
839025,839025,3356100,6675,234,936,1025.0,0.0,1025.0,1127,1127,663.9871794871794,23,0,1000000,3000,4
839204,839204,3356816,6676,179,716,1344.0,0.0,1344.0,1437,1437,695.0837988826815,29,0,1000000,3000,4
839233,839233,3356932,6677,29,116,243.0,0.0,243.0,305,305,173.0,7,0,1000000,3000,4
839397,839397,3357588,6678,164,656,811.0,0.0,811.0,898,899,579.8536585365854,18,0,1000000,3000,4
839617,839617,3358468,6679,220,880,1028.0,0.0,1028.0,1128,1128,647.0954545454546,23,0,1000000,3000,4
839721,839721,3358884,6680,104,416,608.0,0.0,608.0,685,685,392.0576923076923,14,0,1000000,3000,4
839858,839858,3359432,6681,137,548,1044.0,0.0,1044.0,1127,1127,597.1240875912408,23,0,1000000,3000,4
840019,840019,3360076,6682,161,644,1351.0,0.0,1351.0,1441,1441,726.0745341614906,29,0,1000000,3000,4
840109,840109,3360436,6683,90,360,624.0,0.0,624.0,699,699,392.1111111111111,14,0,1000000,3000,4
840143,840143,3360572,6684,34,136,241.0,0.0,241.0,304,304,159.3235294117647,7,0,1000000,3000,4
840457,840457,3361828,6685,314,1256,1303.0,0.0,1303.0,1423,1423,720.5,29,0,1000000,3000,4
840497,840497,3361988,6686,40,160,228.0,0.0,228.0,293,293,163.9,6,0,1000000,3000,4
840533,840533,3362132,6687,36,144,232.0,0.0,232.0,296,296,170.30555555555554,6,0,1000000,3000,4
840571,840571,3362284,6688,38,152,241.0,0.0,241.0,305,305,154.57894736842104,7,0,1000000,3000,4
840742,840742,3362968,6689,171,684,1034.0,0.0,1034.0,1123,1123,654.3508771929825,23,0,1000000,3000,4
840793,840793,3363172,6690,51,204,207.0,0.0,207.0,274,274,168.68627450980392,6,0,1000000,3000,4
840830,840830,3363320,6691,37,148,232.0,0.0,232.0,297,297,157.02702702702703,6,0,1000000,3000,4
840870,840870,3363480,6692,40,160,237.0,0.0,237.0,303,303,155.5,7,0,1000000,3000,4
841004,841004,3364016,6693,134,536,743.0,0.0,743.0,826,826,532.320895522388,17,0,1000000,3000,4
841113,841113,3364452,6694,109,436,620.0,0.0,620.0,698,698,386.1834862385321,14,0,1000000,3000,4
841267,841267,3365068,6695,154,616,770.0,0.0,770.0,857,857,484.02597402597405,18,0,1000000,3000,4
841577,841577,3366308,6696,310,1240,1394.0,0.0,1394.0,1513,1513,737.3129032258065,31,0,1000000,3000,4
841660,841660,3366640,6697,83,332,623.0,0.0,623.0,697,697,324.66265060240966,14,0,1000000,3000,4
841816,841816,3367264,6698,156,624,636.0,0.0,636.0,722,722,480.1666666666667,15,0,1000000,3000,4
842037,842037,3368148,6699,221,884,1029.0,0.0,1029.0,1129,1129,643.9638009049773,23,0,1000000,3000,4
842073,842073,3368292,6700,36,144,234.0,0.0,234.0,298,298,162.36111111111111,6,0,1000000,3000,4
842115,842115,3368460,6701,42,168,233.0,0.0,233.0,299,299,157.64285714285714,6,0,1000000,3000,4
842354,842354,3369416,6702,239,956,1329.0,0.0,1329.0,1434,1434,673.0418410041841,29,0,1000000,3000,4
842396,842396,3369584,6703,42,168,227.0,0.0,227.0,293,293,157.33333333333334,6,0,1000000,3000,4
842473,842473,3369892,6704,77,308,625.0,0.0,625.0,698,698,374.7142857142857,14,0,1000000,3000,4
842569,842569,3370276,6705,96,384,615.0,0.0,615.0,691,691,395.4895833333333,14,0,1000000,3000,4
842796,842796,3371184,6706,227,908,1328.0,0.0,1328.0,1431,1431,725.4449339207049,29,0,1000000,3000,4
842826,842826,3371304,6707,30,120,251.0,0.0,251.0,314,314,157.33333333333334,7,0,1000000,3000,4
842935,842935,3371740,6708,109,436,618.0,0.0,618.0,696,696,369.0,14,0,1000000,3000,4
843015,843015,3372060,6709,80,320,627.0,0.0,627.0,699,699,400.075,14,0,1000000,3000,4
843097,843097,3372388,6710,82,328,611.0,0.0,611.0,684,684,346.4024390243902,14,0,1000000,3000,4
843262,843262,3373048,6711,165,660,1063.0,0.0,1063.0,1153,1153,599.3090909090909,24,0,1000000,3000,4
843435,843435,3373740,6712,173,692,743.0,0.0,743.0,835,835,558.0231213872833,17,0,1000000,3000,4
843599,843599,3374396,6713,164,656,1039.0,0.0,1039.0,1127,1127,636.4024390243902,23,0,1000000,3000,4
843697,843697,3374788,6714,98,392,604.0,0.0,604.0,680,680,399.03061224489795,14,0,1000000,3000,4
843850,843850,3375400,6715,153,612,1049.0,0.0,1049.0,1136,1136,649.0,23,0,1000000,3000,4
843928,843928,3375712,6716,78,312,606.0,0.0,606.0,679,679,318.28205128205127,14,0,1000000,3000,4
844122,844122,3376488,6717,194,776,1034.0,0.0,1034.0,1128,1128,613.3865979381443,23,0,1000000,3000,4
844291,844291,3377164,6718,169,676,810.0,0.0,810.0,898,898,560.3313609467456,18,0,1000000,3000,4
844379,844379,3377516,6719,88,352,613.0,0.0,613.0,688,688,396.0,14,0,1000000,3000,4
844465,844465,3377860,6720,86,344,638.0,0.0,638.0,713,713,383.7906976744186,15,0,1000000,3000,4
844511,844511,3378044,6721,46,184,222.0,0.0,222.0,288,288,165.04347826086956,6,0,1000000,3000,4
844812,844812,3379248,6722,301,1204,1299.0,0.0,1299.0,1415,1415,782.2491694352159,29,0,1000000,3000,4
844976,844976,3379904,6723,164,656,754.0,0.0,754.0,844,844,545.689024390244,17,0,1000000,3000,4
845017,845017,3380068,6724,41,164,231.0,0.0,231.0,296,296,161.73170731707316,6,0,1000000,3000,4
845050,845050,3380200,6725,33,132,244.0,0.0,244.0,308,308,150.75757575757575,7,0,1000000,3000,4
845117,845117,3380468,6726,67,268,605.0,0.0,605.0,676,676,327.9850746268657,14,0,1000000,3000,4
845228,845228,3380912,6727,111,444,610.0,0.0,610.0,688,688,393.27027027027026,14,0,1000000,3000,4
845267,845267,3381068,6728,39,156,229.0,0.0,229.0,294,294,165.46153846153845,6,0,1000000,3000,4
845303,845303,3381212,6729,36,144,237.0,0.0,237.0,301,301,164.80555555555554,7,0,1000000,3000,4
845470,845470,3381880,6730,167,668,1036.0,0.0,1036.0,1124,1124,584.1676646706587,23,0,1000000,3000,4
845691,845691,3382764,6731,221,884,1026.0,0.0,1026.0,1125,1125,685.2986425339367,23,0,1000000,3000,4
845777,845777,3383108,6732,86,344,611.0,0.0,611.0,685,685,405.30232558139534,14,0,1000000,3000,4
845950,845950,3383800,6733,173,692,1038.0,0.0,1038.0,1128,1128,580.7398843930636,23,0,1000000,3000,4
846187,846187,3384748,6734,237,948,1028.0,0.0,1028.0,1131,1131,636.9957805907173,23,0,1000000,3000,4
846390,846390,3385560,6735,203,812,1334.0,0.0,1334.0,1432,1432,689.4433497536946,29,0,1000000,3000,4
846422,846422,3385688,6736,32,128,243.0,0.0,243.0,306,306,168.0625,7,0,1000000,3000,4
846505,846505,3386020,6737,83,332,636.0,0.0,636.0,710,710,367.12048192771084,15,0,1000000,3000,4
846599,846599,3386396,6738,94,376,631.0,0.0,631.0,707,707,367.0531914893617,15,0,1000000,3000,4
846701,846701,3386804,6739,102,408,594.0,0.0,594.0,671,671,413.1666666666667,14,0,1000000,3000,4
846970,846970,3387880,6740,269,1076,1900.0,0.0,1900.0,2010,2010,1016.5650557620818,41,0,1000000,3000,4
847009,847009,3388036,6741,39,156,222.0,0.0,222.0,286,286,173.33333333333334,6,0,1000000,3000,4
847043,847043,3388172,6742,34,136,249.0,0.0,249.0,312,312,149.52941176470588,7,0,1000000,3000,4
847302,847302,3389208,6743,259,1036,1023.0,0.0,1023.0,1130,1130,681.8378378378378,23,0,1000000,3000,4
847336,847336,3389344,6744,34,136,247.0,0.0,247.0,310,310,148.91176470588235,7,0,1000000,3000,4
847598,847598,3390392,6745,262,1048,1332.0,0.0,1332.0,1442,1442,717.9694656488549,29,0,1000000,3000,4
847629,847629,3390516,6746,31,124,247.0,0.0,247.0,310,310,149.48387096774192,7,0,1000000,3000,4
847658,847658,3390632,6747,29,116,248.0,0.0,248.0,311,311,152.68965517241378,7,0,1000000,3000,4
847725,847725,3390900,6748,67,268,608.0,0.0,608.0,679,679,322.3880597014925,14,0,1000000,3000,4
847922,847922,3391688,6749,197,788,1055.0,0.0,1055.0,1152,1152,684.274111675127,24,0,1000000,3000,4
848130,848130,3392520,6750,208,832,1317.0,0.0,1317.0,1414,1414,736.1971153846154,29,0,1000000,3000,4
848209,848209,3392836,6751,79,316,637.0,0.0,637.0,709,709,376.11392405063293,15,0,1000000,3000,4
848410,848410,3393640,6752,201,804,1329.0,0.0,1329.0,1427,1427,758.457711442786,29,0,1000000,3000,4
848480,848480,3393920,6753,70,280,608.0,0.0,608.0,679,679,338.3142857142857,14,0,1000000,3000,4
848521,848521,3394084,6754,41,164,234.0,0.0,234.0,299,299,160.53658536585365,6,0,1000000,3000,4
848603,848603,3394412,6755,82,328,617.0,0.0,617.0,691,691,338.3658536585366,14,0,1000000,3000,4
848731,848731,3394924,6756,128,512,715.0,0.0,715.0,798,798,476.484375,16,0,1000000,3000,4
848800,848800,3395200,6757,69,276,610.0,0.0,610.0,680,680,335.95652173913044,14,0,1000000,3000,4
848868,848868,3395472,6758,68,272,606.0,0.0,606.0,677,677,332.0882352941176,14,0,1000000,3000,4
849022,849022,3396088,6759,154,616,749.0,0.0,749.0,836,836,561.1103896103896,17,0,1000000,3000,4
849056,849056,3396224,6760,34,136,239.0,0.0,239.0,302,302,172.5,7,0,1000000,3000,4
849142,849142,3396568,6761,86,344,631.0,0.0,631.0,706,706,396.25581395348837,15,0,1000000,3000,4
849388,849388,3397552,6762,246,984,1024.0,0.0,1024.0,1129,1129,753.7276422764228,23,0,1000000,3000,4
849490,849490,3397960,6763,102,408,634.0,0.0,634.0,712,712,384.8235294117647,15,0,1000000,3000,4
849746,849746,3398984,6764,256,1024,1022.0,0.0,1022.0,1129,1129,652.91796875,23,0,1000000,3000,4
849842,849842,3399368,6765,96,384,617.0,0.0,617.0,694,694,396.7604166666667,14,0,1000000,3000,4
850086,850086,3400344,6766,244,976,1327.0,0.0,1327.0,1433,1433,677.1680327868852,29,0,1000000,3000,4
850239,850239,3400956,6767,153,612,751.0,0.0,751.0,839,839,558.1307189542483,17,0,1000000,3000,4
850422,850422,3401688,6768,183,732,729.0,0.0,729.0,823,823,560.2295081967213,17,0,1000000,3000,4
850454,850454,3401816,6769,32,128,241.0,0.0,241.0,305,305,164.34375,7,0,1000000,3000,4
850630,850630,3402520,6770,176,704,1436.0,0.0,1436.0,1529,1529,766.5681818181819,31,0,1000000,3000,4
850776,850776,3403104,6771,146,584,1041.0,0.0,1041.0,1126,1126,644.513698630137,23,0,1000000,3000,4
850894,850894,3403576,6772,118,472,1050.0,0.0,1050.0,1129,1129,591.4067796610169,23,0,1000000,3000,4
850922,850922,3403688,6773,28,112,249.0,0.0,249.0,312,312,157.42857142857142,7,0,1000000,3000,4
851162,851162,3404648,6774,240,960,1313.0,0.0,1313.0,1417,1417,758.6916666666667,29,0,1000000,3000,4
851336,851336,3405344,6775,174,696,1146.0,0.0,1146.0,1237,1237,678.3218390804598,25,0,1000000,3000,4
851365,851365,3405460,6776,29,116,246.0,0.0,246.0,308,308,160.72413793103448,7,0,1000000,3000,4
851452,851452,3405808,6777,87,348,631.0,0.0,631.0,705,705,386.4367816091954,15,0,1000000,3000,4
851610,851610,3406440,6778,158,632,1062.0,0.0,1062.0,1151,1151,571.6518987341772,24,0,1000000,3000,4
851811,851811,3407244,6779,201,804,1332.0,0.0,1332.0,1430,1430,718.3781094527363,29,0,1000000,3000,4
851849,851849,3407396,6780,38,152,231.0,0.0,231.0,295,295,165.39473684210526,6,0,1000000,3000,4
851972,851972,3407888,6781,123,492,819.0,0.0,819.0,898,898,530.8211382113822,18,0,1000000,3000,4
852058,852058,3408232,6782,86,344,620.0,0.0,620.0,693,693,360.4767441860465,14,0,1000000,3000,4
852145,852145,3408580,6783,87,348,625.0,0.0,625.0,700,700,380.97701149425285,15,0,1000000,3000,4
852252,852252,3409008,6784,107,428,607.0,0.0,607.0,685,685,398.14953271028037,14,0,1000000,3000,4
852322,852322,3409288,6785,70,280,610.0,0.0,610.0,681,681,351.0857142857143,14,0,1000000,3000,4
852404,852404,3409616,6786,82,328,651.0,0.0,651.0,722,722,386.4512195121951,15,0,1000000,3000,4
852441,852441,3409764,6787,37,148,240.0,0.0,240.0,304,304,154.35135135135135,7,0,1000000,3000,4
852598,852598,3410392,6788,157,628,1048.0,0.0,1048.0,1135,1135,607.0891719745223,23,0,1000000,3000,4
852636,852636,3410544,6789,38,152,239.0,0.0,239.0,303,303,157.0,7,0,1000000,3000,4
852775,852775,3411100,6790,139,556,1044.0,0.0,1044.0,1127,1127,611.6618705035971,23,0,1000000,3000,4
852969,852969,3411876,6791,194,776,754.0,0.0,754.0,850,850,538.8505154639175,18,0,1000000,3000,4
853002,853002,3412008,6792,33,132,240.0,0.0,240.0,302,302,165.93939393939394,7,0,1000000,3000,4
853176,853176,3412704,6793,174,696,1036.0,0.0,1036.0,1126,1126,619.8390804597701,23,0,1000000,3000,4
853337,853337,3413348,6794,161,644,1063.0,0.0,1063.0,1153,1153,580.0,24,0,1000000,3000,4
853382,853382,3413528,6795,45,180,216.0,0.0,216.0,282,282,162.66666666666666,6,0,1000000,3000,4
853420,853420,3413680,6796,38,152,237.0,0.0,237.0,302,302,158.23684210526315,7,0,1000000,3000,4
853858,853858,3415432,6797,438,1752,2328.0,0.0,2328.0,2471,2471,1423.6529680365297,50,0,1000000,3000,4
853889,853889,3415556,6798,31,124,245.0,0.0,245.0,308,308,159.67741935483872,7,0,1000000,3000,4
853925,853925,3415700,6799,36,144,241.0,0.0,241.0,304,304,162.55555555555554,7,0,1000000,3000,4
853961,853961,3415844,6800,36,144,242.0,0.0,242.0,307,307,157.22222222222223,7,0,1000000,3000,4
854120,854120,3416480,6801,159,636,617.0,0.0,617.0,705,705,468.7672955974843,15,0,1000000,3000,4
854150,854150,3416600,6802,30,120,248.0,0.0,248.0,311,311,164.9,7,0,1000000,3000,4
854188,854188,3416752,6803,38,152,238.0,0.0,238.0,303,303,153.60526315789474,7,0,1000000,3000,4
854226,854226,3416904,6804,38,152,237.0,0.0,237.0,302,302,153.42105263157896,7,0,1000000,3000,4
854403,854403,3417612,6805,177,708,1035.0,0.0,1035.0,1126,1126,623.7005649717514,23,0,1000000,3000,4
854509,854509,3418036,6806,106,424,632.0,0.0,632.0,711,711,385.57547169811323,15,0,1000000,3000,4
854604,854604,3418416,6807,95,380,608.0,0.0,608.0,684,684,414.0315789473684,14,0,1000000,3000,4
854634,854634,3418536,6808,30,120,249.0,0.0,249.0,312,312,155.23333333333332,7,0,1000000,3000,4
854740,854740,3418960,6809,106,424,617.0,0.0,617.0,694,694,401.9056603773585,14,0,1000000,3000,4
854826,854826,3419304,6810,86,344,732.0,0.0,732.0,807,807,406.06976744186045,17,0,1000000,3000,4
854864,854864,3419456,6811,38,152,238.0,0.0,238.0,303,303,154.78947368421052,7,0,1000000,3000,4
854963,854963,3419852,6812,99,396,634.0,0.0,634.0,709,709,387.4646464646465,15,0,1000000,3000,4
855145,855145,3420580,6813,182,728,1037.0,0.0,1037.0,1129,1129,615.6428571428571,23,0,1000000,3000,4
855276,855276,3421104,6814,131,524,731.0,0.0,731.0,814,814,514.4885496183206,17,0,1000000,3000,4
855399,855399,3421596,6815,123,492,624.0,0.0,624.0,706,706,394.0894308943089,15,0,1000000,3000,4
855437,855437,3421748,6816,38,152,229.0,0.0,229.0,293,293,168.0,6,0,1000000,3000,4
855618,855618,3422472,6817,181,724,807.0,0.0,807.0,898,899,566.2872928176796,18,0,1000000,3000,4
855763,855763,3423052,6818,145,580,815.0,0.0,815.0,898,898,551.3793103448276,18,0,1000000,3000,4
855897,855897,3423588,6819,134,536,737.0,0.0,737.0,821,821,497.44029850746267,17,0,1000000,3000,4
855988,855988,3423952,6820,91,364,622.0,0.0,622.0,698,698,355.3956043956044,14,0,1000000,3000,4
856020,856020,3424080,6821,32,128,245.0,0.0,245.0,308,308,155.21875,7,0,1000000,3000,4
856186,856186,3424744,6822,166,664,1041.0,0.0,1041.0,1131,1131,618.5843373493976,23,0,1000000,3000,4
856218,856218,3424872,6823,32,128,244.0,0.0,244.0,308,308,158.71875,7,0,1000000,3000,4
856251,856251,3425004,6824,33,132,246.0,0.0,246.0,310,310,162.33333333333334,7,0,1000000,3000,4
856430,856430,3425720,6825,179,716,1342.0,0.0,1342.0,1435,1435,755.7094972067039,29,0,1000000,3000,4
856658,856658,3426632,6826,228,912,1025.0,0.0,1025.0,1126,1126,589.2456140350877,23,0,1000000,3000,4
856690,856690,3426760,6827,32,128,248.0,0.0,248.0,312,312,150.46875,7,0,1000000,3000,4
856766,856766,3427064,6828,76,304,614.0,0.0,614.0,686,686,345.55263157894734,14,0,1000000,3000,4
857050,857050,3428200,6829,284,1136,1303.0,0.0,1303.0,1414,1414,730.5528169014085,29,0,1000000,3000,4
857153,857153,3428612,6830,103,412,615.0,0.0,615.0,693,693,400.63106796116506,14,0,1000000,3000,4
857184,857184,3428736,6831,31,124,247.0,0.0,247.0,311,311,164.5483870967742,7,0,1000000,3000,4
857219,857219,3428876,6832,35,140,237.0,0.0,237.0,300,300,172.17142857142858,7,0,1000000,3000,4
857493,857493,3429972,6833,274,1096,1685.0,0.0,1685.0,1795,1795,894.2299270072992,36,0,1000000,3000,4
857638,857638,3430552,6834,145,580,1043.0,0.0,1043.0,1128,1128,596.9862068965517,23,0,1000000,3000,4
857733,857733,3430932,6835,95,380,618.0,0.0,618.0,695,695,382.2842105263158,14,0,1000000,3000,4
857836,857836,3431344,6836,103,412,619.0,0.0,619.0,696,696,391.20388349514565,14,0,1000000,3000,4
857937,857937,3431748,6837,101,404,613.0,0.0,613.0,691,691,396.0693069306931,14,0,1000000,3000,4
858083,858083,3432332,6838,146,584,638.0,0.0,638.0,722,722,465.1506849315069,15,0,1000000,3000,4
858178,858178,3432712,6839,95,380,618.0,0.0,618.0,694,694,346.0210526315789,14,0,1000000,3000,4
858352,858352,3433408,6840,174,696,796.0,0.0,796.0,887,887,526.7298850574713,18,0,1000000,3000,4
858568,858568,3434272,6841,216,864,1426.0,0.0,1426.0,1527,1527,741.8425925925926,31,0,1000000,3000,4
858603,858603,3434412,6842,35,140,244.0,0.0,244.0,308,308,153.45714285714286,7,0,1000000,3000,4
858739,858739,3434956,6843,136,544,762.0,0.0,762.0,846,846,521.1544117647059,17,0,1000000,3000,4
858969,858969,3435876,6844,230,920,1151.0,0.0,1151.0,1254,1254,728.6608695652174,26,0,1000000,3000,4
859234,859234,3436936,6845,265,1060,1017.0,0.0,1017.0,1124,1124,707.8830188679245,23,0,1000000,3000,4
859412,859412,3437648,6846,178,712,1128.0,0.0,1128.0,1218,1218,672.4044943820224,25,0,1000000,3000,4
859486,859486,3437944,6847,74,296,612.0,0.0,612.0,684,684,341.86486486486484,14,0,1000000,3000,4
859527,859527,3438108,6848,41,164,229.0,0.0,229.0,295,295,163.6341463414634,6,0,1000000,3000,4
859568,859568,3438272,6849,41,164,226.0,0.0,226.0,292,292,168.53658536585365,6,0,1000000,3000,4
859702,859702,3438808,6850,134,536,1042.0,0.0,1042.0,1123,1123,624.044776119403,23,0,1000000,3000,4
859785,859785,3439140,6851,83,332,636.0,0.0,636.0,709,709,374.69879518072287,15,0,1000000,3000,4
859863,859863,3439452,6852,78,312,617.0,0.0,617.0,690,690,358.02564102564105,14,0,1000000,3000,4
860095,860095,3440380,6853,232,928,1306.0,0.0,1306.0,1408,1408,699.5172413793103,29,0,1000000,3000,4
860241,860241,3440964,6854,146,584,638.0,0.0,638.0,722,722,503.6506849315069,15,0,1000000,3000,4
860443,860443,3441772,6855,202,808,1040.0,0.0,1040.0,1137,1137,654.3861386138614,23,0,1000000,3000,4
860653,860653,3442612,6856,210,840,1331.0,0.0,1331.0,1429,1429,704.847619047619,29,0,1000000,3000,4
860754,860754,3443016,6857,101,404,629.0,0.0,629.0,706,706,340.5742574257426,15,0,1000000,3000,4
860837,860837,3443348,6858,83,332,619.0,0.0,619.0,692,692,329.3855421686747,14,0,1000000,3000,4
860931,860931,3443724,6859,94,376,620.0,0.0,620.0,695,695,342.02127659574467,14,0,1000000,3000,4
861091,861091,3444364,6860,160,640,811.0,0.0,811.0,898,898,518.56875,18,0,1000000,3000,4
861133,861133,3444532,6861,42,168,231.0,0.0,231.0,296,296,157.4047619047619,6,0,1000000,3000,4
861267,861267,3445068,6862,134,536,586.0,0.0,586.0,669,669,373.96268656716416,14,0,1000000,3000,4
861349,861349,3445396,6863,82,328,637.0,0.0,637.0,710,710,372.7682926829268,15,0,1000000,3000,4
861493,861493,3445972,6864,144,576,1048.0,0.0,1048.0,1133,1133,558.9513888888889,23,0,1000000,3000,4
861599,861599,3446396,6865,106,424,623.0,0.0,623.0,700,700,337.89622641509436,15,0,1000000,3000,4
861791,861791,3447164,6866,192,768,1040.0,0.0,1040.0,1135,1135,615.8854166666666,23,0,1000000,3000,4
862176,862176,3448704,6867,385,1540,2622.0,0.0,2622.0,2755,2755,1430.5844155844156,56,0,1000000,3000,4
862401,862401,3449604,6868,225,900,1313.0,0.0,1313.0,1413,1413,721.7955555555556,29,0,1000000,3000,4
862570,862570,3450280,6869,169,676,810.0,0.0,810.0,898,898,577.2662721893491,18,0,1000000,3000,4
862608,862608,3450432,6870,38,152,232.0,0.0,232.0,296,296,164.28947368421052,6,0,1000000,3000,4
862910,862910,3451640,6871,302,1208,1313.0,0.0,1313.0,1431,1431,687.6423841059602,29,0,1000000,3000,4
863011,863011,3452044,6872,101,404,625.0,0.0,625.0,703,703,365.6039603960396,15,0,1000000,3000,4
863183,863183,3452732,6873,172,688,1037.0,0.0,1037.0,1127,1127,614.0523255813954,23,0,1000000,3000,4
863554,863554,3454216,6874,371,1484,1542.0,0.0,1542.0,1674,1674,795.8652291105121,34,0,1000000,3000,4
863661,863661,3454644,6875,107,428,614.0,0.0,614.0,692,692,388.4579439252336,14,0,1000000,3000,4
863924,863924,3455696,6876,263,1052,1017.0,0.0,1017.0,1125,1125,696.1368821292775,23,0,1000000,3000,4
864006,864006,3456024,6877,82,328,620.0,0.0,620.0,694,694,353.6463414634146,14,0,1000000,3000,4
864088,864088,3456352,6878,82,328,629.0,0.0,629.0,703,703,386.1829268292683,15,0,1000000,3000,4
864222,864222,3456888,6879,134,536,1047.0,0.0,1047.0,1129,1129,531.3283582089553,23,0,1000000,3000,4
864253,864253,3457012,6880,31,124,251.0,0.0,251.0,314,314,156.16129032258064,7,0,1000000,3000,4
864345,864345,3457380,6881,92,368,622.0,0.0,622.0,697,697,372.2391304347826,14,0,1000000,3000,4
864557,864557,3458228,6882,212,848,1053.0,0.0,1053.0,1153,1153,612.8584905660377,24,0,1000000,3000,4
864629,864629,3458516,6883,72,288,608.0,0.0,608.0,680,680,342.6388888888889,14,0,1000000,3000,4
864942,864942,3459768,6884,313,1252,1388.0,0.0,1388.0,1507,1507,716.9584664536741,31,0,1000000,3000,4
864986,864986,3459944,6885,44,176,224.0,0.0,224.0,289,289,164.3181818181818,6,0,1000000,3000,4
865318,865318,3461272,6886,332,1328,1676.0,0.0,1676.0,1799,1799,875.6867469879518,36,0,1000000,3000,4
865516,865516,3462064,6887,198,792,1029.0,0.0,1029.0,1123,1124,613.9848484848485,23,0,1000000,3000,4
865667,865667,3462668,6888,151,604,775.0,0.0,775.0,862,862,534.4503311258278,18,0,1000000,3000,4
865697,865697,3462788,6889,30,120,251.0,0.0,251.0,315,315,153.9,7,0,1000000,3000,4
865743,865743,3462972,6890,46,184,224.0,0.0,224.0,290,290,155.65217391304347,6,0,1000000,3000,4
865808,865808,3463232,6891,65,260,608.0,0.0,608.0,678,678,318.89230769230767,14,0,1000000,3000,4
865846,865846,3463384,6892,38,152,244.0,0.0,244.0,309,309,140.6315789473684,7,0,1000000,3000,4
866148,866148,3464592,6893,302,1208,783.0,0.0,783.0,898,900,593.6688741721854,19,0,1000000,3000,4
866215,866215,3464860,6894,67,268,610.0,0.0,610.0,681,681,326.04477611940297,14,0,1000000,3000,4
866302,866302,3465208,6895,87,348,613.0,0.0,613.0,687,687,395.7931034482759,14,0,1000000,3000,4
866493,866493,3465972,6896,191,764,1030.0,0.0,1030.0,1124,1124,687.0575916230366,23,0,1000000,3000,4
866641,866641,3466564,6897,148,592,1040.0,0.0,1040.0,1125,1125,581.7702702702703,23,0,1000000,3000,4
866678,866678,3466712,6898,37,148,230.0,0.0,230.0,294,294,170.78378378378378,6,0,1000000,3000,4
866728,866728,3466912,6899,50,200,223.0,0.0,223.0,289,289,147.36,6,0,1000000,3000,4
866869,866869,3467476,6900,141,564,770.0,0.0,770.0,855,855,511.73758865248226,18,0,1000000,3000,4
866905,866905,3467620,6901,36,144,249.0,0.0,249.0,314,314,149.0,7,0,1000000,3000,4
866941,866941,3467764,6902,36,144,240.0,0.0,240.0,303,303,152.83333333333334,7,0,1000000,3000,4
867275,867275,3469100,6903,334,1336,1292.0,0.0,1292.0,1413,1413,693.9071856287425,29,0,1000000,3000,4
867395,867395,3469580,6904,120,480,720.0,0.0,720.0,801,801,468.71666666666664,17,0,1000000,3000,4
867625,867625,3470500,6905,230,920,1034.0,0.0,1034.0,1136,1136,659.7695652173913,23,0,1000000,3000,4
867661,867661,3470644,6906,36,144,244.0,0.0,244.0,308,308,156.19444444444446,7,0,1000000,3000,4
867772,867772,3471088,6907,111,444,625.0,0.0,625.0,704,704,369.9099099099099,15,0,1000000,3000,4
868005,868005,3472020,6908,233,932,714.0,0.0,714.0,817,817,590.3690987124463,17,0,1000000,3000,4
868158,868158,3472632,6909,153,612,754.0,0.0,754.0,841,841,497.91503267973854,17,0,1000000,3000,4
868406,868406,3473624,6910,248,992,1326.0,0.0,1326.0,1433,1433,718.2903225806451,29,0,1000000,3000,4
868665,868665,3474660,6911,259,1036,1324.0,0.0,1324.0,1433,1433,676.6602316602317,29,0,1000000,3000,4
868891,868891,3475564,6912,226,904,1418.0,0.0,1418.0,1521,1521,722.8893805309734,31,0,1000000,3000,4
868926,868926,3475704,6913,35,140,248.0,0.0,248.0,313,313,140.34285714285716,7,0,1000000,3000,4
868986,868986,3475944,6914,60,240,608.0,0.0,608.0,678,678,329.76666666666665,14,0,1000000,3000,4
869141,869141,3476564,6915,155,620,753.0,0.0,753.0,841,841,514.1354838709677,17,0,1000000,3000,4
869276,869276,3477104,6916,135,540,731.0,0.0,731.0,815,815,513.3703703703703,17,0,1000000,3000,4
869468,869468,3477872,6917,192,768,1321.0,0.0,1321.0,1415,1415,753.4583333333334,29,0,1000000,3000,4
869498,869498,3477992,6918,30,120,245.0,0.0,245.0,308,308,157.23333333333332,7,0,1000000,3000,4
869528,869528,3478112,6919,30,120,252.0,0.0,252.0,315,315,156.43333333333334,7,0,1000000,3000,4
869622,869622,3478488,6920,94,376,637.0,0.0,637.0,713,713,389.8829787234043,15,0,1000000,3000,4
869817,869817,3479268,6921,195,780,1146.0,0.0,1146.0,1242,1242,626.5128205128206,25,0,1000000,3000,4
870021,870021,3480084,6922,204,816,1032.0,0.0,1032.0,1128,1128,698.7941176470588,23,0,1000000,3000,4
870159,870159,3480636,6923,138,552,816.0,0.0,816.0,898,900,543.6304347826087,19,0,1000000,3000,4
870344,870344,3481376,6924,185,740,1425.0,0.0,1425.0,1520,1520,763.6702702702703,31,0,1000000,3000,4
870377,870377,3481508,6925,33,132,251.0,0.0,251.0,315,315,148.57575757575756,7,0,1000000,3000,4
870510,870510,3482040,6926,133,532,817.0,0.0,817.0,898,898,562.3383458646616,18,0,1000000,3000,4
870684,870684,3482736,6927,174,696,1045.0,0.0,1045.0,1136,1136,585.183908045977,23,0,1000000,3000,4
870772,870772,3483088,6928,88,352,613.0,0.0,613.0,688,688,326.2613636363636,14,0,1000000,3000,4
870879,870879,3483516,6929,107,428,742.0,0.0,742.0,820,820,489.7102803738318,17,0,1000000,3000,4
870968,870968,3483872,6930,89,356,624.0,0.0,624.0,698,698,361.6741573033708,14,0,1000000,3000,4
871052,871052,3484208,6931,84,336,624.0,0.0,624.0,697,697,353.7738095238095,14,0,1000000,3000,4
871127,871127,3484508,6932,75,300,618.0,0.0,618.0,690,690,350.0,14,0,1000000,3000,4
871307,871307,3485228,6933,180,720,1036.0,0.0,1036.0,1126,1126,610.65,23,0,1000000,3000,4
871472,871472,3485888,6934,165,660,1039.0,0.0,1039.0,1128,1128,629.4727272727273,23,0,1000000,3000,4
871509,871509,3486036,6935,37,148,226.0,0.0,226.0,290,290,175.0810810810811,6,0,1000000,3000,4
871548,871548,3486192,6936,39,156,243.0,0.0,243.0,306,306,142.51282051282053,7,0,1000000,3000,4
871684,871684,3486736,6937,136,544,1045.0,0.0,1045.0,1128,1128,619.2941176470588,23,0,1000000,3000,4
871846,871846,3487384,6938,162,648,1040.0,0.0,1040.0,1128,1128,611.8888888888889,23,0,1000000,3000,4
871878,871878,3487512,6939,32,128,250.0,0.0,250.0,314,314,150.3125,7,0,1000000,3000,4
872073,872073,3488292,6940,195,780,1055.0,0.0,1055.0,1151,1151,636.9230769230769,24,0,1000000,3000,4
872242,872242,3488968,6941,169,676,753.0,0.0,753.0,843,843,507.1301775147929,17,0,1000000,3000,4
872448,872448,3489792,6942,206,824,1334.0,0.0,1334.0,1433,1433,664.7038834951456,29,0,1000000,3000,4
872524,872524,3490096,6943,76,304,633.0,0.0,633.0,705,705,376.13157894736844,15,0,1000000,3000,4
872602,872602,3490408,6944,78,312,607.0,0.0,607.0,679,679,318.3076923076923,14,0,1000000,3000,4
872789,872789,3491156,6945,187,748,1315.0,0.0,1315.0,1409,1409,696.2459893048128,29,0,1000000,3000,4
872929,872929,3491716,6946,140,560,1043.0,0.0,1043.0,1126,1126,657.9285714285714,23,0,1000000,3000,4
873006,873006,3492024,6947,77,308,620.0,0.0,620.0,693,693,350.72727272727275,14,0,1000000,3000,4
873045,873045,3492180,6948,39,156,221.0,0.0,221.0,285,285,171.89743589743588,6,0,1000000,3000,4
873223,873223,3492892,6949,178,712,1046.0,0.0,1046.0,1138,1138,617.9775280898876,23,0,1000000,3000,4
873357,873357,3493428,6950,134,536,1046.0,0.0,1046.0,1128,1128,591.1044776119403,23,0,1000000,3000,4
873392,873392,3493568,6951,35,140,235.0,0.0,235.0,299,299,165.31428571428572,6,0,1000000,3000,4
873429,873429,3493716,6952,37,148,234.0,0.0,234.0,299,299,168.75675675675674,6,0,1000000,3000,4
873459,873459,3493836,6953,30,120,247.0,0.0,247.0,311,311,155.93333333333334,7,0,1000000,3000,4
873648,873648,3494592,6954,189,756,1425.0,0.0,1425.0,1520,1520,750.4814814814815,31,0,1000000,3000,4
873868,873868,3495472,6955,220,880,1038.0,0.0,1038.0,1137,1137,596.5045454545455,23,0,1000000,3000,4
873982,873982,3495928,6956,114,456,615.0,0.0,615.0,694,694,388.5701754385965,14,0,1000000,3000,4
874066,874066,3496264,6957,84,336,637.0,0.0,637.0,711,711,392.5595238095238,15,0,1000000,3000,4
874103,874103,3496412,6958,37,148,236.0,0.0,236.0,300,300,166.51351351351352,7,0,1000000,3000,4
874262,874262,3497048,6959,159,636,636.0,0.0,636.0,722,723,503.7358490566038,15,0,1000000,3000,4
874322,874322,3497288,6960,60,240,608.0,0.0,608.0,676,676,330.3333333333333,14,0,1000000,3000,4
874423,874423,3497692,6961,101,404,616.0,0.0,616.0,693,693,405.13861386138615,14,0,1000000,3000,4
874590,874590,3498360,6962,167,668,1344.0,0.0,1344.0,1435,1435,677.622754491018,29,0,1000000,3000,4
874623,874623,3498492,6963,33,132,250.0,0.0,250.0,314,314,152.0909090909091,7,0,1000000,3000,4
874652,874652,3498608,6964,29,116,248.0,0.0,248.0,311,311,156.3793103448276,7,0,1000000,3000,4
874813,874813,3499252,6965,161,644,1052.0,0.0,1052.0,1141,1141,658.5900621118012,23,0,1000000,3000,4
874890,874890,3499560,6966,77,308,613.0,0.0,613.0,686,686,356.1818181818182,14,0,1000000,3000,4
875105,875105,3500420,6967,215,860,1318.0,0.0,1318.0,1415,1415,722.3441860465116,29,0,1000000,3000,4
875356,875356,3501424,6968,251,1004,1419.0,0.0,1419.0,1526,1526,783.4541832669323,31,0,1000000,3000,4
875391,875391,3501564,6969,35,140,247.0,0.0,247.0,312,312,153.45714285714286,7,0,1000000,3000,4
875535,875535,3502140,6970,144,576,1053.0,0.0,1053.0,1137,1137,638.2569444444445,23,0,1000000,3000,4
875570,875570,3502280,6971,35,140,239.0,0.0,239.0,303,303,166.94285714285715,7,0,1000000,3000,4
875605,875605,3502420,6972,35,140,245.0,0.0,245.0,309,309,155.82857142857142,7,0,1000000,3000,4
875640,875640,3502560,6973,35,140,239.0,0.0,239.0,304,304,163.14285714285714,7,0,1000000,3000,4
875868,875868,3503472,6974,228,912,1306.0,0.0,1306.0,1408,1408,683.0394736842105,29,0,1000000,3000,4
875902,875902,3503608,6975,34,136,244.0,0.0,244.0,308,308,157.97058823529412,7,0,1000000,3000,4
876051,876051,3504204,6976,149,596,814.0,0.0,814.0,898,900,536.3758389261745,19,0,1000000,3000,4
876221,876221,3504884,6977,170,680,1039.0,0.0,1039.0,1129,1129,604.0764705882353,23,0,1000000,3000,4
876294,876294,3505176,6978,73,292,623.0,0.0,623.0,695,695,349.2054794520548,14,0,1000000,3000,4
876434,876434,3505736,6979,140,560,815.0,0.0,815.0,898,898,594.45,18,0,1000000,3000,4
876531,876531,3506124,6980,97,388,611.0,0.0,611.0,687,687,403.2371134020619,14,0,1000000,3000,4
876772,876772,3507088,6981,241,964,1421.0,0.0,1421.0,1527,1527,703.3236514522822,31,0,1000000,3000,4
876862,876862,3507448,6982,90,360,629.0,0.0,629.0,704,704,399.0111111111111,15,0,1000000,3000,4
876932,876932,3507728,6983,70,280,611.0,0.0,611.0,681,681,339.75714285714287,14,0,1000000,3000,4
876965,876965,3507860,6984,33,132,240.0,0.0,240.0,304,304,166.6969696969697,7,0,1000000,3000,4
877119,877119,3508476,6985,154,616,1146.0,0.0,1146.0,1233,1233,641.5064935064935,25,0,1000000,3000,4
877152,877152,3508608,6986,33,132,242.0,0.0,242.0,304,304,157.33333333333334,7,0,1000000,3000,4
877343,877343,3509372,6987,191,764,1035.0,0.0,1035.0,1129,1129,621.6335078534031,23,0,1000000,3000,4
877446,877446,3509784,6988,103,412,601.0,0.0,601.0,679,679,407.4466019417476,14,0,1000000,3000,4
877480,877480,3509920,6989,34,136,243.0,0.0,243.0,306,306,161.11764705882354,7,0,1000000,3000,4
877757,877757,3511028,6990,277,1108,1679.0,0.0,1679.0,1790,1790,807.1191335740073,36,0,1000000,3000,4
877906,877906,3511624,6991,149,596,814.0,0.0,814.0,898,898,593.4093959731543,18,0,1000000,3000,4
877939,877939,3511756,6992,33,132,235.0,0.0,235.0,298,298,169.6060606060606,6,0,1000000,3000,4
878077,878077,3512308,6993,138,552,1045.0,0.0,1045.0,1128,1128,577.3695652173913,23,0,1000000,3000,4
878112,878112,3512448,6994,35,140,238.0,0.0,238.0,300,300,170.25714285714287,7,0,1000000,3000,4
878144,878144,3512576,6995,32,128,244.0,0.0,244.0,308,308,155.3125,7,0,1000000,3000,4
878378,878378,3513512,6996,234,936,1046.0,0.0,1046.0,1150,1150,714.7179487179487,24,0,1000000,3000,4
878505,878505,3514020,6997,127,508,729.0,0.0,729.0,811,811,482.1023622047244,17,0,1000000,3000,4
878580,878580,3514320,6998,75,300,616.0,0.0,616.0,687,687,353.8,14,0,1000000,3000,4
878610,878610,3514440,6999,30,120,250.0,0.0,250.0,313,313,156.16666666666666,7,0,1000000,3000,4
878651,878651,3514604,7000,41,164,223.0,0.0,223.0,288,288,171.4878048780488,6,0,1000000,3000,4
878803,878803,3515212,7001,152,608,813.0,0.0,813.0,898,898,557.6315789473684,18,0,1000000,3000,4
878834,878834,3515336,7002,31,124,245.0,0.0,245.0,309,309,163.8709677419355,7,0,1000000,3000,4
878994,878994,3515976,7003,160,640,1049.0,0.0,1049.0,1137,1137,612.15,23,0,1000000,3000,4
879157,879157,3516628,7004,163,652,1039.0,0.0,1039.0,1127,1127,590.9693251533743,23,0,1000000,3000,4
879235,879235,3516940,7005,78,312,607.0,0.0,607.0,680,680,344.2307692307692,14,0,1000000,3000,4
879418,879418,3517672,7006,183,732,1431.0,0.0,1431.0,1524,1524,731.7103825136612,31,0,1000000,3000,4
879451,879451,3517804,7007,33,132,240.0,0.0,240.0,303,303,164.8181818181818,7,0,1000000,3000,4
879652,879652,3518608,7008,201,804,1035.0,0.0,1035.0,1131,1131,650.2487562189054,23,0,1000000,3000,4
879876,879876,3519504,7009,224,896,1405.0,0.0,1405.0,1506,1506,755.8125,31,0,1000000,3000,4
880139,880139,3520556,7010,263,1052,1697.0,0.0,1697.0,1806,1806,884.0798479087453,37,0,1000000,3000,4
880334,880334,3521336,7011,195,780,1314.0,0.0,1314.0,1409,1409,695.2666666666667,29,0,1000000,3000,4
880451,880451,3521804,7012,117,468,629.0,0.0,629.0,709,709,377.1025641025641,15,0,1000000,3000,4
880745,880745,3522980,7013,294,1176,1548.0,0.0,1548.0,1663,1663,823.4897959183673,34,0,1000000,3000,4
880911,880911,3523644,7014,166,664,744.0,0.0,744.0,834,834,497.3072289156627,17,0,1000000,3000,4
881061,881061,3524244,7015,150,600,1052.0,0.0,1052.0,1137,1137,620.4266666666666,23,0,1000000,3000,4
881095,881095,3524380,7016,34,136,235.0,0.0,235.0,298,298,164.26470588235293,6,0,1000000,3000,4
881282,881282,3525128,7017,187,748,1045.0,0.0,1045.0,1139,1139,615.7807486631016,23,0,1000000,3000,4
881370,881370,3525480,7018,88,352,618.0,0.0,618.0,692,692,332.78409090909093,14,0,1000000,3000,4
881478,881478,3525912,7019,108,432,628.0,0.0,628.0,706,706,356.00925925925924,15,0,1000000,3000,4
881570,881570,3526280,7020,92,368,610.0,0.0,610.0,685,685,350.9130434782609,14,0,1000000,3000,4
881785,881785,3527140,7021,215,860,1027.0,0.0,1027.0,1124,1124,639.693023255814,23,0,1000000,3000,4
881822,881822,3527288,7022,37,148,241.0,0.0,241.0,305,305,153.35135135135135,7,0,1000000,3000,4
881918,881918,3527672,7023,96,384,622.0,0.0,622.0,698,698,386.4895833333333,14,0,1000000,3000,4
881952,881952,3527808,7024,34,136,237.0,0.0,237.0,300,300,167.1764705882353,7,0,1000000,3000,4
882042,882042,3528168,7025,90,360,612.0,0.0,612.0,686,686,330.8,14,0,1000000,3000,4
882190,882190,3528760,7026,148,592,732.0,0.0,732.0,818,818,506.6418918918919,17,0,1000000,3000,4
882342,882342,3529368,7027,152,608,579.0,0.0,579.0,666,666,442.0657894736842,14,0,1000000,3000,4
882569,882569,3530276,7028,227,908,1334.0,0.0,1334.0,1437,1437,721.3920704845815,29,0,1000000,3000,4
882612,882612,3530448,7029,43,172,224.0,0.0,224.0,288,288,164.51162790697674,6,0,1000000,3000,4
882872,882872,3531488,7030,260,1040,1152.0,0.0,1152.0,1261,1261,686.4884615384616,26,0,1000000,3000,4
883186,883186,3532744,7031,314,1256,1014.0,0.0,1014.0,1133,1133,722.0605095541401,23,0,1000000,3000,4
883363,883363,3533452,7032,177,708,1038.0,0.0,1038.0,1129,1129,591.7796610169491,23,0,1000000,3000,4
883399,883399,3533596,7033,36,144,242.0,0.0,242.0,306,306,159.47222222222223,7,0,1000000,3000,4
883485,883485,3533940,7034,86,344,606.0,0.0,606.0,680,680,319.06976744186045,14,0,1000000,3000,4
883593,883593,3534372,7035,108,432,623.0,0.0,623.0,701,701,363.72222222222223,15,0,1000000,3000,4
883749,883749,3534996,7036,156,624,636.0,0.0,636.0,722,722,488.1025641025641,15,0,1000000,3000,4
883789,883789,3535156,7037,40,160,231.0,0.0,231.0,296,296,160.55,6,0,1000000,3000,4
883891,883891,3535564,7038,102,408,619.0,0.0,619.0,696,696,374.87254901960785,14,0,1000000,3000,4
883925,883925,3535700,7039,34,136,248.0,0.0,248.0,312,312,158.11764705882354,7,0,1000000,3000,4
884124,884124,3536496,7040,199,796,1037.0,0.0,1037.0,1133,1133,647.5226130653266,23,0,1000000,3000,4
884163,884163,3536652,7041,39,156,236.0,0.0,236.0,300,300,159.0,7,0,1000000,3000,4
884193,884193,3536772,7042,30,120,247.0,0.0,247.0,309,309,158.86666666666667,7,0,1000000,3000,4
884367,884367,3537468,7043,174,696,749.0,0.0,749.0,840,840,501.12068965517244,17,0,1000000,3000,4
884485,884485,3537940,7044,118,472,621.0,0.0,621.0,701,701,397.6271186440678,15,0,1000000,3000,4
884789,884789,3539156,7045,304,1216,1320.0,0.0,1320.0,1438,1438,732.5098684210526,29,0,1000000,3000,4
884940,884940,3539760,7046,151,604,1049.0,0.0,1049.0,1136,1136,597.0860927152318,23,0,1000000,3000,4
885026,885026,3540104,7047,86,344,609.0,0.0,609.0,684,684,353.6511627906977,14,0,1000000,3000,4
885056,885056,3540224,7048,30,120,247.0,0.0,247.0,311,311,151.93333333333334,7,0,1000000,3000,4
885251,885251,3541004,7049,195,780,1335.0,0.0,1335.0,1431,1431,720.2051282051282,29,0,1000000,3000,4
885319,885319,3541276,7050,68,272,611.0,0.0,611.0,682,682,344.6029411764706,14,0,1000000,3000,4
885416,885416,3541664,7051,97,388,624.0,0.0,624.0,701,701,403.07216494845363,15,0,1000000,3000,4
885510,885510,3542040,7052,94,376,629.0,0.0,629.0,704,704,395.3829787234043,15,0,1000000,3000,4
885590,885590,3542360,7053,80,320,633.0,0.0,633.0,706,706,390.425,15,0,1000000,3000,4
885676,885676,3542704,7054,86,344,606.0,0.0,606.0,681,681,347.36046511627904,14,0,1000000,3000,4
885751,885751,3543004,7055,75,300,630.0,0.0,630.0,702,702,370.3333333333333,15,0,1000000,3000,4
885890,885890,3543560,7056,139,556,1052.0,0.0,1052.0,1136,1136,582.7338129496403,23,0,1000000,3000,4
886198,886198,3544792,7057,308,1232,1910.0,0.0,1910.0,2027,2027,973.2142857142857,41,0,1000000,3000,4
886286,886286,3545144,7058,88,352,621.0,0.0,621.0,696,696,395.71590909090907,14,0,1000000,3000,4
886323,886323,3545292,7059,37,148,234.0,0.0,234.0,298,298,163.27027027027026,6,0,1000000,3000,4
886410,886410,3545640,7060,87,348,650.0,0.0,650.0,722,722,379.04597701149424,15,0,1000000,3000,4
886572,886572,3546288,7061,162,648,1040.0,0.0,1040.0,1128,1128,641.1604938271605,23,0,1000000,3000,4
886699,886699,3546796,7062,127,508,778.0,0.0,778.0,860,860,542.1811023622047,18,0,1000000,3000,4
886734,886734,3546936,7063,35,140,242.0,0.0,242.0,306,306,157.71428571428572,7,0,1000000,3000,4
886943,886943,3547772,7064,209,836,1695.0,0.0,1695.0,1793,1793,873.2775119617224,36,0,1000000,3000,4
887082,887082,3548328,7065,139,556,1044.0,0.0,1044.0,1127,1127,599.8345323741007,23,0,1000000,3000,4
887297,887297,3549188,7066,215,860,1317.0,0.0,1317.0,1414,1414,759.0046511627907,29,0,1000000,3000,4
887333,887333,3549332,7067,36,144,233.0,0.0,233.0,297,297,166.63888888888889,6,0,1000000,3000,4
887373,887373,3549492,7068,40,160,242.0,0.0,242.0,306,306,152.875,7,0,1000000,3000,4
887627,887627,3550508,7069,254,1016,1314.0,0.0,1314.0,1421,1421,782.5826771653543,29,0,1000000,3000,4
887900,887900,3551600,7070,273,1092,1027.0,0.0,1027.0,1138,1138,706.0,23,0,1000000,3000,4
888144,888144,3552576,7071,244,976,1131.0,0.0,1131.0,1237,1237,637.7950819672132,25,0,1000000,3000,4
888234,888234,3552936,7072,90,360,630.0,0.0,630.0,705,705,358.3777777777778,15,0,1000000,3000,4
888361,888361,3553444,7073,127,508,732.0,0.0,732.0,815,815,456.59842519685037,17,0,1000000,3000,4
888527,888527,3554108,7074,166,664,753.0,0.0,753.0,843,843,508.39156626506025,17,0,1000000,3000,4
888684,888684,3554736,7075,157,628,812.0,0.0,812.0,898,898,569.547770700637,18,0,1000000,3000,4
888724,888724,3554896,7076,40,160,239.0,0.0,239.0,303,303,142.6,7,0,1000000,3000,4
888823,888823,3555292,7077,99,396,628.0,0.0,628.0,704,704,363.64646464646466,15,0,1000000,3000,4
889017,889017,3556068,7078,194,776,1031.0,0.0,1031.0,1124,1124,607.0979381443299,23,0,1000000,3000,4
889050,889050,3556200,7079,33,132,240.0,0.0,240.0,303,303,163.9090909090909,7,0,1000000,3000,4
889134,889134,3556536,7080,84,336,634.0,0.0,634.0,707,707,394.0833333333333,15,0,1000000,3000,4
889172,889172,3556688,7081,38,152,241.0,0.0,241.0,305,305,155.5,7,0,1000000,3000,4
889420,889420,3557680,7082,248,992,794.0,0.0,794.0,898,899,625.7258064516129,18,0,1000000,3000,4
889462,889462,3557848,7083,42,168,249.0,0.0,249.0,315,315,136.21428571428572,7,0,1000000,3000,4
889641,889641,3558564,7084,179,716,772.0,0.0,772.0,864,864,505.43575418994413,18,0,1000000,3000,4
889778,889778,3559112,7085,137,548,592.0,0.0,592.0,676,676,381.6934306569343,14,0,1000000,3000,4
889816,889816,3559264,7086,38,152,239.0,0.0,239.0,304,304,146.26315789473685,7,0,1000000,3000,4
890088,890088,3560352,7087,272,1088,1321.0,0.0,1321.0,1433,1433,727.7463235294117,29,0,1000000,3000,4
890202,890202,3560808,7088,114,456,616.0,0.0,616.0,694,694,377.06140350877195,14,0,1000000,3000,4
890237,890237,3560948,7089,35,140,246.0,0.0,246.0,309,309,151.02857142857144,7,0,1000000,3000,4
890332,890332,3561328,7090,95,380,618.0,0.0,618.0,694,694,337.81052631578945,14,0,1000000,3000,4
890516,890516,3562064,7091,184,736,1046.0,0.0,1046.0,1138,1138,561.0434782608696,23,0,1000000,3000,4
890631,890631,3562524,7092,115,460,594.0,0.0,594.0,674,674,381.23478260869564,14,0,1000000,3000,4
890850,890850,3563400,7093,219,876,698.0,0.0,698.0,798,798,537.7214611872146,16,0,1000000,3000,4
891192,891192,3564768,7094,342,1368,1291.0,0.0,1291.0,1416,1416,722.6666666666666,29,0,1000000,3000,4
891512,891512,3566048,7095,320,1280,1886.0,0.0,1886.0,2006,2006,1081.59375,41,0,1000000,3000,4
891641,891641,3566564,7096,129,516,592.0,0.0,592.0,674,674,381.1240310077519,14,0,1000000,3000,4
891686,891686,3566744,7097,45,180,232.0,0.0,232.0,296,296,151.48888888888888,6,0,1000000,3000,4
891818,891818,3567272,7098,132,528,598.0,0.0,598.0,681,681,366.8560606060606,14,0,1000000,3000,4
891861,891861,3567444,7099,43,172,228.0,0.0,228.0,293,293,154.62790697674419,6,0,1000000,3000,4
891985,891985,3567940,7100,124,496,591.0,0.0,591.0,672,672,376.7016129032258,14,0,1000000,3000,4
892032,892032,3568128,7101,47,188,219.0,0.0,219.0,284,284,165.72340425531914,6,0,1000000,3000,4
892076,892076,3568304,7102,44,176,228.0,0.0,228.0,292,292,157.97727272727272,6,0,1000000,3000,4
892200,892200,3568800,7103,124,496,619.0,0.0,619.0,699,699,347.9516129032258,14,0,1000000,3000,4
892441,892441,3569764,7104,241,964,1024.0,0.0,1024.0,1129,1129,652.161825726141,23,0,1000000,3000,4
892475,892475,3569900,7105,34,136,252.0,0.0,252.0,316,316,142.97058823529412,7,0,1000000,3000,4
892878,892878,3571512,7106,403,1612,1281.0,0.0,1281.0,1417,1417,756.1017369727048,29,0,1000000,3000,4
893204,893204,3572816,7107,326,1304,1540.0,0.0,1540.0,1663,1663,762.536809815951,34,0,1000000,3000,4
893487,893487,3573948,7108,283,1132,1906.0,0.0,1906.0,2019,2019,1023.9611307420495,41,0,1000000,3000,4
893638,893638,3574552,7109,151,604,585.0,0.0,585.0,672,672,425.47682119205297,14,0,1000000,3000,4
893788,893788,3575152,7110,150,600,637.0,0.0,637.0,722,724,503.6666666666667,15,0,1000000,3000,4
893951,893951,3575804,7111,163,652,635.0,0.0,635.0,722,724,476.66257668711654,15,0,1000000,3000,4
894054,894054,3576216,7112,103,412,629.0,0.0,629.0,705,705,338.7281553398058,15,0,1000000,3000,4
894090,894090,3576360,7113,36,144,236.0,0.0,236.0,301,301,170.30555555555554,7,0,1000000,3000,4
894357,894357,3577428,7114,267,1068,1018.0,0.0,1018.0,1127,1127,632.8651685393259,23,0,1000000,3000,4
894484,894484,3577936,7115,127,508,598.0,0.0,598.0,680,680,382.90551181102364,14,0,1000000,3000,4
894527,894527,3578108,7116,43,172,226.0,0.0,226.0,291,291,167.95348837209303,6,0,1000000,3000,4
894793,894793,3579172,7117,266,1064,1293.0,0.0,1293.0,1403,1403,716.9473684210526,29,0,1000000,3000,4
894890,894890,3579560,7118,97,388,620.0,0.0,620.0,695,695,336.54639175257734,14,0,1000000,3000,4
895000,895000,3580000,7119,110,440,620.0,0.0,620.0,698,698,380.93636363636364,14,0,1000000,3000,4
895182,895182,3580728,7120,182,728,772.0,0.0,772.0,865,865,535.6373626373627,18,0,1000000,3000,4
895443,895443,3581772,7121,261,1044,1548.0,0.0,1548.0,1656,1656,805.2567049808429,34,0,1000000,3000,4
895716,895716,3582864,7122,273,1092,1027.0,0.0,1027.0,1138,1138,684.7069597069597,23,0,1000000,3000,4
895758,895758,3583032,7123,42,168,222.0,0.0,222.0,286,286,166.23809523809524,6,0,1000000,3000,4
896164,896164,3584656,7124,406,1624,1001.0,0.0,1001.0,1138,1138,714.268472906404,23,0,1000000,3000,4
896689,896689,3586756,7125,525,2100,971.0,0.0,971.0,1132,1132,675.6438095238095,23,0,1000000,3000,4
896925,896925,3587700,7126,236,944,1035.0,0.0,1035.0,1138,1138,651.3432203389831,23,0,1000000,3000,4
896966,896966,3587864,7127,41,164,230.0,0.0,230.0,295,295,160.1951219512195,6,0,1000000,3000,4
897214,897214,3588856,7128,248,992,1300.0,0.0,1300.0,1405,1405,694.8185483870968,29,0,1000000,3000,4
897250,897250,3589000,7129,36,144,237.0,0.0,237.0,302,302,162.66666666666666,7,0,1000000,3000,4
897493,897493,3589972,7130,243,972,705.0,0.0,705.0,810,810,580.8847736625514,17,0,1000000,3000,4
898001,898001,3592004,7131,508,2032,742.0,0.0,742.0,898,900,666.0964566929134,19,0,1000000,3000,4
898235,898235,3592940,7132,234,936,1138.0,0.0,1138.0,1241,1241,694.8888888888889,25,0,1000000,3000,4
898341,898341,3593364,7133,106,424,616.0,0.0,616.0,694,694,372.3301886792453,14,0,1000000,3000,4
898380,898380,3593520,7134,39,156,237.0,0.0,237.0,301,301,152.05128205128204,7,0,1000000,3000,4
898480,898480,3593920,7135,100,400,630.0,0.0,630.0,706,706,370.29,15,0,1000000,3000,4
898519,898519,3594076,7136,39,156,240.0,0.0,240.0,305,305,154.7948717948718,7,0,1000000,3000,4
898559,898559,3594236,7137,40,160,235.0,0.0,235.0,300,300,159.875,7,0,1000000,3000,4
898785,898785,3595140,7138,226,904,711.0,0.0,711.0,813,813,540.8849557522124,17,0,1000000,3000,4
899057,899057,3596228,7139,272,1088,1300.0,0.0,1300.0,1411,1411,716.2426470588235,29,0,1000000,3000,4
899308,899308,3597232,7140,251,1004,1028.0,0.0,1028.0,1135,1135,654.5617529880478,23,0,1000000,3000,4
899494,899494,3597976,7141,186,744,1035.0,0.0,1035.0,1128,1128,613.1236559139785,23,0,1000000,3000,4
899540,899540,3598160,7142,46,184,220.0,0.0,220.0,286,286,161.82608695652175,6,0,1000000,3000,4
899743,899743,3598972,7143,203,812,1028.0,0.0,1028.0,1123,1123,595.6896551724138,23,0,1000000,3000,4
899854,899854,3599416,7144,111,444,604.0,0.0,604.0,684,684,367.65765765765764,14,0,1000000,3000,4
899901,899901,3599604,7145,47,188,228.0,0.0,228.0,294,294,145.82978723404256,6,0,1000000,3000,4
900141,900141,3600564,7146,240,960,1331.0,0.0,1331.0,1436,1436,699.6041666666666,29,0,1000000,3000,4
900499,900499,3601996,7147,358,1432,1537.0,0.0,1537.0,1665,1665,797.3798882681564,34,0,1000000,3000,4
900633,900633,3602532,7148,134,536,579.0,0.0,579.0,662,662,439.32089552238807,14,0,1000000,3000,4
900743,900743,3602972,7149,110,440,605.0,0.0,605.0,683,683,377.7181818181818,14,0,1000000,3000,4
900904,900904,3603616,7150,161,644,607.0,0.0,607.0,696,696,442.50931677018633,14,0,1000000,3000,4
901109,901109,3604436,7151,205,820,1308.0,0.0,1308.0,1406,1406,709.3121951219512,29,0,1000000,3000,4
901267,901267,3605068,7152,158,632,710.0,0.0,710.0,798,798,452.95569620253167,16,0,1000000,3000,4
901628,901628,3606512,7153,361,1444,1282.0,0.0,1282.0,1410,1410,762.3296398891966,29,0,1000000,3000,4
901711,901711,3606844,7154,83,332,619.0,0.0,619.0,691,691,333.26506024096386,14,0,1000000,3000,4
901746,901746,3606984,7155,35,140,234.0,0.0,234.0,297,297,167.62857142857143,6,0,1000000,3000,4
901848,901848,3607392,7156,102,408,600.0,0.0,600.0,678,678,402.27450980392155,14,0,1000000,3000,4
902130,902130,3608520,7157,282,1128,1297.0,0.0,1297.0,1409,1409,735.6312056737588,29,0,1000000,3000,4
902239,902239,3608956,7158,109,436,597.0,0.0,597.0,675,675,385.697247706422,14,0,1000000,3000,4
902395,902395,3609580,7159,156,624,780.0,0.0,780.0,868,868,544.1217948717949,18,0,1000000,3000,4
902482,902482,3609928,7160,87,348,623.0,0.0,623.0,697,697,335.86206896551727,14,0,1000000,3000,4
902581,902581,3610324,7161,99,396,611.0,0.0,611.0,687,687,383.0,14,0,1000000,3000,4
902690,902690,3610760,7162,109,436,622.0,0.0,622.0,700,700,365.43119266055044,15,0,1000000,3000,4
902844,902844,3611376,7163,154,616,764.0,0.0,764.0,852,852,532.5194805194806,18,0,1000000,3000,4
902930,902930,3611720,7164,86,344,613.0,0.0,613.0,688,688,335.1860465116279,14,0,1000000,3000,4
903331,903331,3613324,7165,401,1604,2333.0,0.0,2333.0,2469,2469,1379.713216957606,50,0,1000000,3000,4
903493,903493,3613972,7166,162,648,1037.0,0.0,1037.0,1124,1124,613.8395061728395,23,0,1000000,3000,4
903589,903589,3614356,7167,96,384,607.0,0.0,607.0,683,683,408.2395833333333,14,0,1000000,3000,4
903659,903659,3614636,7168,70,280,614.0,0.0,614.0,686,686,325.4142857142857,14,0,1000000,3000,4
903740,903740,3614960,7169,81,324,624.0,0.0,624.0,698,698,378.3333333333333,14,0,1000000,3000,4
903918,903918,3615672,7170,178,712,808.0,0.0,808.0,898,898,567.1348314606741,18,0,1000000,3000,4
904091,904091,3616364,7171,173,692,1036.0,0.0,1036.0,1125,1125,638.3757225433526,23,0,1000000,3000,4
904129,904129,3616516,7172,38,152,234.0,0.0,234.0,298,298,158.21052631578948,6,0,1000000,3000,4
904210,904210,3616840,7173,81,324,621.0,0.0,621.0,694,694,350.4074074074074,14,0,1000000,3000,4
904400,904400,3617600,7174,190,760,1336.0,0.0,1336.0,1432,1432,684.3947368421053,29,0,1000000,3000,4
904550,904550,3618200,7175,150,600,1042.0,0.0,1042.0,1126,1126,568.8866666666667,23,0,1000000,3000,4
904584,904584,3618336,7176,34,136,239.0,0.0,239.0,302,302,165.55882352941177,7,0,1000000,3000,4
904636,904636,3618544,7177,52,208,196.0,0.0,196.0,263,263,175.17307692307693,6,0,1000000,3000,4
904737,904737,3618948,7178,101,404,619.0,0.0,619.0,696,696,373.7029702970297,14,0,1000000,3000,4
904895,904895,3619580,7179,158,632,1042.0,0.0,1042.0,1129,1129,604.4113924050633,23,0,1000000,3000,4
905093,905093,3620372,7180,198,792,1319.0,0.0,1319.0,1414,1414,705.8383838383838,29,0,1000000,3000,4
905128,905128,3620512,7181,35,140,241.0,0.0,241.0,306,306,153.8,7,0,1000000,3000,4
905326,905326,3621304,7182,198,792,789.0,0.0,789.0,885,885,512.479797979798,18,0,1000000,3000,4
905518,905518,3622072,7183,192,768,805.0,0.0,805.0,898,898,544.0208333333334,18,0,1000000,3000,4
905672,905672,3622688,7184,154,616,637.0,0.0,637.0,722,722,492.37012987012986,15,0,1000000,3000,4
905713,905713,3622852,7185,41,164,230.0,0.0,230.0,295,295,160.5121951219512,6,0,1000000,3000,4
905750,905750,3623000,7186,37,148,240.0,0.0,240.0,305,305,153.67567567567568,7,0,1000000,3000,4
906046,906046,3624184,7187,296,1184,1022.0,0.0,1022.0,1138,1138,675.1554054054054,23,0,1000000,3000,4
906125,906125,3624500,7188,79,316,604.0,0.0,604.0,676,676,312.55696202531647,14,0,1000000,3000,4
906163,906163,3624652,7189,38,152,242.0,0.0,242.0,307,307,153.94736842105263,7,0,1000000,3000,4
906468,906468,3625872,7190,305,1220,1295.0,0.0,1295.0,1411,1411,720.5540983606558,29,0,1000000,3000,4
906502,906502,3626008,7191,34,136,234.0,0.0,234.0,298,298,164.26470588235293,6,0,1000000,3000,4
906542,906542,3626168,7192,40,160,232.0,0.0,232.0,297,297,158.675,6,0,1000000,3000,4
906759,906759,3627036,7193,217,868,1027.0,0.0,1027.0,1125,1125,624.0184331797235,23,0,1000000,3000,4
906798,906798,3627192,7194,39,156,233.0,0.0,233.0,297,297,161.7948717948718,6,0,1000000,3000,4
906894,906894,3627576,7195,96,384,624.0,0.0,624.0,701,701,366.5104166666667,15,0,1000000,3000,4
907196,907196,3628784,7196,302,1208,1294.0,0.0,1294.0,1411,1411,722.1854304635762,29,0,1000000,3000,4
907391,907391,3629564,7197,195,780,1328.0,0.0,1328.0,1424,1424,654.4205128205128,29,0,1000000,3000,4
907500,907500,3630000,7198,109,436,627.0,0.0,627.0,705,705,342.6788990825688,15,0,1000000,3000,4
907745,907745,3630980,7199,245,980,1307.0,0.0,1307.0,1412,1412,731.2285714285714,29,0,1000000,3000,4
907785,907785,3631140,7200,40,160,242.0,0.0,242.0,306,306,146.9,7,0,1000000,3000,4
907821,907821,3631284,7201,36,144,250.0,0.0,250.0,315,315,150.69444444444446,7,0,1000000,3000,4
907932,907932,3631728,7202,111,444,612.0,0.0,612.0,692,692,370.3063063063063,14,0,1000000,3000,4
908143,908143,3632572,7203,211,844,1043.0,0.0,1043.0,1141,1141,595.3222748815166,23,0,1000000,3000,4
908388,908388,3633552,7204,245,980,1571.0,0.0,1571.0,1677,1677,807.5428571428571,34,0,1000000,3000,4
908563,908563,3634252,7205,175,700,1036.0,0.0,1036.0,1126,1126,573.6857142857143,23,0,1000000,3000,4
908736,908736,3634944,7206,173,692,1046.0,0.0,1046.0,1137,1137,615.9942196531792,23,0,1000000,3000,4
908945,908945,3635780,7207,209,836,1040.0,0.0,1040.0,1138,1138,678.3636363636364,23,0,1000000,3000,4
908987,908987,3635948,7208,42,168,224.0,0.0,224.0,289,289,169.28571428571428,6,0,1000000,3000,4
909242,909242,3636968,7209,255,1020,1560.0,0.0,1560.0,1668,1668,795.3725490196078,34,0,1000000,3000,4
909487,909487,3637948,7210,245,980,1020.0,0.0,1020.0,1123,1123,675.3755102040816,23,0,1000000,3000,4
909641,909641,3638564,7211,154,616,1043.0,0.0,1043.0,1129,1129,582.4155844155844,23,0,1000000,3000,4
909704,909704,3638816,7212,63,252,606.0,0.0,606.0,676,676,323.2857142857143,14,0,1000000,3000,4
909883,909883,3639532,7213,179,716,1318.0,0.0,1318.0,1409,1409,661.4301675977654,29,0,1000000,3000,4
910057,910057,3640228,7214,174,696,750.0,0.0,750.0,841,841,534.4310344827586,17,0,1000000,3000,4
910089,910089,3640356,7215,32,128,246.0,0.0,246.0,310,310,155.9375,7,0,1000000,3000,4
910212,910212,3640848,7216,123,492,746.0,0.0,746.0,827,827,504.390243902439,17,0,1000000,3000,4
910309,910309,3641236,7217,97,388,630.0,0.0,630.0,707,707,356.45360824742266,15,0,1000000,3000,4
910566,910566,3642264,7218,257,1028,1682.0,0.0,1682.0,1790,1790,870.2217898832685,36,0,1000000,3000,4
910642,910642,3642568,7219,76,304,606.0,0.0,606.0,679,679,341.4868421052632,14,0,1000000,3000,4
910677,910677,3642708,7220,35,140,247.0,0.0,247.0,312,312,149.77142857142857,7,0,1000000,3000,4
910708,910708,3642832,7221,31,124,249.0,0.0,249.0,313,313,151.25806451612902,7,0,1000000,3000,4
910738,910738,3642952,7222,30,120,246.0,0.0,246.0,310,310,150.83333333333334,7,0,1000000,3000,4
910769,910769,3643076,7223,31,124,250.0,0.0,250.0,314,314,152.96774193548387,7,0,1000000,3000,4
910804,910804,3643216,7224,35,140,236.0,0.0,236.0,300,300,168.14285714285714,7,0,1000000,3000,4
910841,910841,3643364,7225,37,148,247.0,0.0,247.0,312,312,149.51351351351352,7,0,1000000,3000,4
910878,910878,3643512,7226,37,148,245.0,0.0,245.0,310,310,145.40540540540542,7,0,1000000,3000,4
910958,910958,3643832,7227,80,320,633.0,0.0,633.0,707,707,371.375,15,0,1000000,3000,4
911134,911134,3644536,7228,176,704,1038.0,0.0,1038.0,1129,1129,621.2272727272727,23,0,1000000,3000,4
911237,911237,3644948,7229,103,412,611.0,0.0,611.0,689,689,389.6990291262136,14,0,1000000,3000,4
911276,911276,3645104,7230,39,156,232.0,0.0,232.0,296,296,160.48717948717947,6,0,1000000,3000,4
911443,911443,3645772,7231,167,668,1048.0,0.0,1048.0,1138,1138,593.9880239520958,23,0,1000000,3000,4
911528,911528,3646112,7232,85,340,630.0,0.0,630.0,705,705,382.98823529411766,15,0,1000000,3000,4
911645,911645,3646580,7233,117,468,610.0,0.0,610.0,691,691,408.5982905982906,14,0,1000000,3000,4
911820,911820,3647280,7234,175,700,1322.0,0.0,1322.0,1412,1412,724.1714285714286,29,0,1000000,3000,4
911855,911855,3647420,7235,35,140,243.0,0.0,243.0,308,308,150.4,7,0,1000000,3000,4
911973,911973,3647892,7236,118,472,748.0,0.0,748.0,828,828,510.29661016949154,17,0,1000000,3000,4
912151,912151,3648604,7237,178,712,1034.0,0.0,1034.0,1124,1124,597.1741573033707,23,0,1000000,3000,4
912363,912363,3649452,7238,212,848,1427.0,0.0,1427.0,1526,1526,729.0188679245283,31,0,1000000,3000,4
912412,912412,3649648,7239,49,196,222.0,0.0,222.0,288,288,149.91836734693877,6,0,1000000,3000,4
912668,912668,3650672,7240,256,1024,1563.0,0.0,1563.0,1672,1672,803.66015625,34,0,1000000,3000,4
912701,912701,3650804,7241,33,132,244.0,0.0,244.0,307,307,161.54545454545453,7,0,1000000,3000,4
912931,912931,3651724,7242,230,920,1023.0,0.0,1023.0,1124,1124,635.4565217391304,23,0,1000000,3000,4
913018,913018,3652072,7243,87,348,616.0,0.0,616.0,690,690,394.13793103448273,14,0,1000000,3000,4
913113,913113,3652452,7244,95,380,607.0,0.0,607.0,682,682,385.0315789473684,14,0,1000000,3000,4
913146,913146,3652584,7245,33,132,243.0,0.0,243.0,307,307,150.12121212121212,7,0,1000000,3000,4
913417,913417,3653668,7246,271,1084,1017.0,0.0,1017.0,1126,1126,681.4612546125461,23,0,1000000,3000,4
913545,913545,3654180,7247,128,512,713.0,0.0,713.0,795,795,466.296875,16,0,1000000,3000,4
913792,913792,3655168,7248,247,988,1127.0,0.0,1127.0,1234,1234,674.0607287449393,25,0,1000000,3000,4
913884,913884,3655536,7249,92,368,630.0,0.0,630.0,705,705,368.4021739130435,15,0,1000000,3000,4
914235,914235,3656940,7250,351,1404,1377.0,0.0,1377.0,1503,1503,754.6125356125356,31,0,1000000,3000,4
914394,914394,3657576,7251,159,636,724.0,0.0,724.0,812,812,491.47169811320754,17,0,1000000,3000,4
914552,914552,3658208,7252,158,632,750.0,0.0,750.0,838,838,508.45569620253167,17,0,1000000,3000,4
914700,914700,3658800,7253,148,592,1053.0,0.0,1053.0,1138,1138,569.222972972973,23,0,1000000,3000,4
914806,914806,3659224,7254,106,424,611.0,0.0,611.0,689,689,370.70754716981133,14,0,1000000,3000,4
915580,915580,3662320,7255,774,3096,937.0,0.0,937.0,1149,1149,771.7157622739018,23,0,1000000,3000,4
915739,915739,3662956,7256,159,636,636.0,0.0,636.0,722,722,475.9559748427673,15,0,1000000,3000,4
915956,915956,3663824,7257,217,868,1029.0,0.0,1029.0,1128,1128,600.8617511520737,23,0,1000000,3000,4
916372,916372,3665488,7258,416,1664,999.0,0.0,999.0,1139,1139,722.8653846153846,23,0,1000000,3000,4
916647,916647,3666588,7259,275,1100,1299.0,0.0,1299.0,1410,1410,724.9709090909091,29,0,1000000,3000,4
916741,916741,3666964,7260,94,376,605.0,0.0,605.0,680,680,321.3510638297872,14,0,1000000,3000,4
916787,916787,3667148,7261,46,184,224.0,0.0,224.0,290,290,163.54347826086956,6,0,1000000,3000,4
916823,916823,3667292,7262,36,144,239.0,0.0,239.0,303,303,158.41666666666666,7,0,1000000,3000,4
916865,916865,3667460,7263,42,168,231.0,0.0,231.0,295,295,156.0,6,0,1000000,3000,4
916970,916970,3667880,7264,105,420,605.0,0.0,605.0,683,683,373.6,14,0,1000000,3000,4
917195,917195,3668780,7265,225,900,1308.0,0.0,1308.0,1410,1410,706.52,29,0,1000000,3000,4
917236,917236,3668944,7266,41,164,232.0,0.0,232.0,297,297,159.4390243902439,6,0,1000000,3000,4
917648,917648,3670592,7267,412,1648,992.0,0.0,992.0,1131,1131,668.2718446601941,23,0,1000000,3000,4
917799,917799,3671196,7268,151,604,637.0,0.0,637.0,722,723,515.6688741721854,15,0,1000000,3000,4
917990,917990,3671960,7269,191,764,745.0,0.0,745.0,840,840,534.8743455497382,17,0,1000000,3000,4
918169,918169,3672676,7270,179,716,1035.0,0.0,1035.0,1126,1126,646.8324022346369,23,0,1000000,3000,4
918393,918393,3673572,7271,224,896,1024.0,0.0,1024.0,1124,1124,673.6026785714286,23,0,1000000,3000,4
918434,918434,3673736,7272,41,164,233.0,0.0,233.0,298,298,159.65853658536585,6,0,1000000,3000,4
918620,918620,3674480,7273,186,744,806.0,0.0,806.0,898,899,559.258064516129,18,0,1000000,3000,4
918777,918777,3675108,7274,157,628,812.0,0.0,812.0,898,899,541.6751592356688,18,0,1000000,3000,4
918940,918940,3675760,7275,163,652,635.0,0.0,635.0,722,723,478.2085889570552,15,0,1000000,3000,4
918979,918979,3675916,7276,39,156,231.0,0.0,231.0,295,295,162.33333333333334,6,0,1000000,3000,4
919216,919216,3676864,7277,237,948,1307.0,0.0,1307.0,1410,1410,711.3291139240506,29,0,1000000,3000,4
919249,919249,3676996,7278,33,132,248.0,0.0,248.0,311,311,153.6969696969697,7,0,1000000,3000,4
919420,919420,3677680,7279,171,684,809.0,0.0,809.0,898,899,561.5730994152046,18,0,1000000,3000,4
919460,919460,3677840,7280,40,160,233.0,0.0,233.0,299,299,160.625,6,0,1000000,3000,4
919594,919594,3678376,7281,134,536,757.0,0.0,757.0,840,840,473.07462686567163,17,0,1000000,3000,4
919693,919693,3678772,7282,99,396,627.0,0.0,627.0,704,704,380.37373737373736,15,0,1000000,3000,4
919794,919794,3679176,7283,101,404,615.0,0.0,615.0,692,692,391.029702970297,14,0,1000000,3000,4
919947,919947,3679788,7284,153,612,637.0,0.0,637.0,722,723,456.32026143790847,15,0,1000000,3000,4
919991,919991,3679964,7285,44,176,223.0,0.0,223.0,288,288,165.70454545454547,6,0,1000000,3000,4
920034,920034,3680136,7286,43,172,230.0,0.0,230.0,296,296,162.25581395348837,6,0,1000000,3000,4
920128,920128,3680512,7287,94,376,631.0,0.0,631.0,707,707,369.56382978723406,15,0,1000000,3000,4
920326,920326,3681304,7288,198,792,1327.0,0.0,1327.0,1424,1424,730.6262626262626,29,0,1000000,3000,4
920620,920620,3682480,7289,294,1176,1023.0,0.0,1023.0,1138,1138,696.8163265306123,23,0,1000000,3000,4
920665,920665,3682660,7290,45,180,220.0,0.0,220.0,286,286,166.86666666666667,6,0,1000000,3000,4
920700,920700,3682800,7291,35,140,233.0,0.0,233.0,296,296,165.14285714285714,6,0,1000000,3000,4
920737,920737,3682948,7292,37,148,231.0,0.0,231.0,296,296,154.40540540540542,6,0,1000000,3000,4
920915,920915,3683660,7293,178,712,762.0,0.0,762.0,854,854,510.5280898876405,18,0,1000000,3000,4
920955,920955,3683820,7294,40,160,232.0,0.0,232.0,298,298,159.25,6,0,1000000,3000,4
920996,920996,3683984,7295,41,164,228.0,0.0,228.0,293,293,160.3170731707317,6,0,1000000,3000,4
921300,921300,3685200,7296,304,1216,1022.0,0.0,1022.0,1139,1139,711.5427631578947,23,0,1000000,3000,4
921527,921527,3686108,7297,227,908,1024.0,0.0,1024.0,1124,1124,656.4581497797357,23,0,1000000,3000,4
921838,921838,3687352,7298,311,1244,1302.0,0.0,1302.0,1420,1420,745.8006430868168,29,0,1000000,3000,4
921936,921936,3687744,7299,98,392,615.0,0.0,615.0,691,691,385.6734693877551,14,0,1000000,3000,4
921974,921974,3687896,7300,38,152,240.0,0.0,240.0,304,304,160.21052631578948,7,0,1000000,3000,4
922116,922116,3688464,7301,142,568,719.0,0.0,719.0,804,804,478.86619718309856,17,0,1000000,3000,4
922156,922156,3688624,7302,40,160,234.0,0.0,234.0,299,299,157.55,6,0,1000000,3000,4
922204,922204,3688816,7303,48,192,214.0,0.0,214.0,279,279,172.04166666666666,6,0,1000000,3000,4
922310,922310,3689240,7304,106,424,611.0,0.0,611.0,690,690,372.37735849056605,14,0,1000000,3000,4
922426,922426,3689704,7305,116,464,596.0,0.0,596.0,677,677,382.86206896551727,14,0,1000000,3000,4
922651,922651,3690604,7306,225,900,1040.0,0.0,1040.0,1141,1141,565.1333333333333,23,0,1000000,3000,4
922691,922691,3690764,7307,40,160,232.0,0.0,232.0,297,297,160.575,6,0,1000000,3000,4
922731,922731,3690924,7308,40,160,232.0,0.0,232.0,297,297,160.825,6,0,1000000,3000,4
922839,922839,3691356,7309,108,432,604.0,0.0,604.0,682,682,375.64814814814815,14,0,1000000,3000,4
923029,923029,3692116,7310,190,760,1047.0,0.0,1047.0,1140,1140,583.6736842105263,23,0,1000000,3000,4
923067,923067,3692268,7311,38,152,239.0,0.0,239.0,304,304,151.92105263157896,7,0,1000000,3000,4
923104,923104,3692416,7312,37,148,240.0,0.0,240.0,303,303,160.24324324324326,7,0,1000000,3000,4
923148,923148,3692592,7313,44,176,225.0,0.0,225.0,289,289,161.38636363636363,6,0,1000000,3000,4
923243,923243,3692972,7314,95,380,624.0,0.0,624.0,700,700,373.2315789473684,15,0,1000000,3000,4
923431,923431,3693724,7315,188,752,1035.0,0.0,1035.0,1129,1129,632.0531914893617,23,0,1000000,3000,4
923465,923465,3693860,7316,34,136,251.0,0.0,251.0,315,315,150.8235294117647,7,0,1000000,3000,4
923591,923591,3694364,7317,126,504,1072.0,0.0,1072.0,1155,1155,559.2301587301587,24,0,1000000,3000,4
923762,923762,3695048,7318,171,684,1047.0,0.0,1047.0,1138,1138,598.625730994152,23,0,1000000,3000,4
923850,923850,3695400,7319,88,352,613.0,0.0,613.0,688,688,357.54545454545456,14,0,1000000,3000,4
924241,924241,3696964,7320,391,1564,1850.0,0.0,1850.0,1986,1986,925.0051150895141,40,0,1000000,3000,4
924335,924335,3697340,7321,94,376,632.0,0.0,632.0,708,708,369.20212765957444,15,0,1000000,3000,4
924370,924370,3697480,7322,35,140,244.0,0.0,244.0,308,308,142.54285714285714,7,0,1000000,3000,4
924555,924555,3698220,7323,185,740,1322.0,0.0,1322.0,1413,1413,644.7621621621622,29,0,1000000,3000,4
924635,924635,3698540,7324,80,320,614.0,0.0,614.0,687,687,327.975,14,0,1000000,3000,4
924666,924666,3698664,7325,31,124,248.0,0.0,248.0,312,312,151.38709677419354,7,0,1000000,3000,4
924700,924700,3698800,7326,34,136,247.0,0.0,247.0,311,311,144.14705882352942,7,0,1000000,3000,4
924907,924907,3699628,7327,207,828,1334.0,0.0,1334.0,1433,1433,633.6425120772947,29,0,1000000,3000,4
924952,924952,3699808,7328,45,180,231.0,0.0,231.0,295,295,158.48888888888888,6,0,1000000,3000,4
925076,925076,3700304,7329,124,496,592.0,0.0,592.0,673,673,402.0806451612903,14,0,1000000,3000,4
925236,925236,3700944,7330,160,640,636.0,0.0,636.0,722,722,499.99375,15,0,1000000,3000,4
925448,925448,3701792,7331,212,848,1027.0,0.0,1027.0,1125,1125,543.683962264151,23,0,1000000,3000,4
925502,925502,3702008,7332,54,216,211.0,0.0,211.0,276,276,155.77777777777777,6,0,1000000,3000,4
925560,925560,3702240,7333,58,232,212.0,0.0,212.0,279,279,139.67241379310346,6,0,1000000,3000,4
925747,925747,3702988,7334,187,748,705.0,0.0,705.0,799,799,448.2085561497326,16,0,1000000,3000,4
925829,925829,3703316,7335,82,328,179.0,0.0,179.0,251,251,129.8658536585366,6,0,1000000,3000,4
926057,926057,3704228,7336,228,912,1023.0,0.0,1023.0,1124,1124,549.4956140350877,23,0,1000000,3000,4
926236,926236,3704944,7337,179,716,1057.0,0.0,1057.0,1150,1150,573.0391061452514,24,0,1000000,3000,4
926399,926399,3705596,7338,163,652,778.0,0.0,778.0,868,868,529.7852760736197,18,0,1000000,3000,4
926435,926435,3705740,7339,36,144,249.0,0.0,249.0,313,313,146.02777777777777,7,0,1000000,3000,4
926467,926467,3705868,7340,32,128,249.0,0.0,249.0,313,313,150.625,7,0,1000000,3000,4
926609,926609,3706436,7341,142,568,760.0,0.0,760.0,845,845,471.8732394366197,17,0,1000000,3000,4
926733,926733,3706932,7342,124,496,744.0,0.0,744.0,825,825,484.9596774193548,17,0,1000000,3000,4
926773,926773,3707092,7343,40,160,236.0,0.0,236.0,300,300,159.875,7,0,1000000,3000,4
926807,926807,3707228,7344,34,136,246.0,0.0,246.0,309,309,155.85294117647058,7,0,1000000,3000,4
926847,926847,3707388,7345,40,160,238.0,0.0,238.0,304,304,146.2,7,0,1000000,3000,4
926880,926880,3707520,7346,33,132,248.0,0.0,248.0,311,311,147.72727272727272,7,0,1000000,3000,4
926920,926920,3707680,7347,40,160,240.0,0.0,240.0,305,305,151.45,7,0,1000000,3000,4
927084,927084,3708336,7348,164,656,1325.0,0.0,1325.0,1412,1412,664.1463414634146,29,0,1000000,3000,4
927244,927244,3708976,7349,160,640,1040.0,0.0,1040.0,1126,1126,599.36875,23,0,1000000,3000,4
927288,927288,3709152,7350,44,176,229.0,0.0,229.0,294,294,164.11363636363637,6,0,1000000,3000,4
927325,927325,3709300,7351,37,148,229.0,0.0,229.0,294,294,166.97297297297297,6,0,1000000,3000,4
927356,927356,3709424,7352,31,124,251.0,0.0,251.0,314,314,156.7741935483871,7,0,1000000,3000,4
927522,927522,3710088,7353,166,664,1429.0,0.0,1429.0,1520,1520,727.0361445783133,31,0,1000000,3000,4
927677,927677,3710708,7354,155,620,1041.0,0.0,1041.0,1127,1127,600.2451612903226,23,0,1000000,3000,4
927808,927808,3711232,7355,131,524,743.0,0.0,743.0,827,827,503.14503816793894,17,0,1000000,3000,4
927842,927842,3711368,7356,34,136,251.0,0.0,251.0,315,315,143.02941176470588,7,0,1000000,3000,4
928287,928287,3713148,7357,445,1780,2327.0,0.0,2327.0,2470,2470,1318.5955056179776,50,0,1000000,3000,4
928317,928317,3713268,7358,30,120,248.0,0.0,248.0,312,312,154.5,7,0,1000000,3000,4
928418,928418,3713672,7359,101,404,627.0,0.0,627.0,705,705,357.16831683168317,15,0,1000000,3000,4
928451,928451,3713804,7360,33,132,246.0,0.0,246.0,310,310,149.54545454545453,7,0,1000000,3000,4
928490,928490,3713960,7361,39,156,243.0,0.0,243.0,308,308,150.17948717948718,7,0,1000000,3000,4
929064,929064,3716256,7362,574,2296,2300.0,0.0,2300.0,2470,2470,1540.0452961672474,50,0,1000000,3000,4
929099,929099,3716396,7363,35,140,248.0,0.0,248.0,311,311,142.22857142857143,7,0,1000000,3000,4
929196,929196,3716784,7364,97,388,623.0,0.0,623.0,700,700,319.1340206185567,15,0,1000000,3000,4
929449,929449,3717796,7365,253,1012,1021.0,0.0,1021.0,1127,1127,594.094861660079,23,0,1000000,3000,4
929491,929491,3717964,7366,42,168,223.0,0.0,223.0,287,287,166.73809523809524,6,0,1000000,3000,4
929627,929627,3718508,7367,136,544,593.0,0.0,593.0,677,677,342.1470588235294,14,0,1000000,3000,4
929954,929954,3719816,7368,327,1308,1394.0,0.0,1394.0,1516,1516,746.8715596330276,31,0,1000000,3000,4
930166,930166,3720664,7369,212,848,1311.0,0.0,1311.0,1410,1410,692.3820754716982,29,0,1000000,3000,4
930316,930316,3721264,7370,150,600,1175.0,0.0,1175.0,1262,1262,646.9133333333333,26,0,1000000,3000,4
930419,930419,3721676,7371,103,412,624.0,0.0,624.0,702,702,357.4854368932039,15,0,1000000,3000,4
930686,930686,3722744,7372,267,1068,1023.0,0.0,1023.0,1133,1133,625.3670411985019,23,0,1000000,3000,4
930821,930821,3723284,7373,135,540,595.0,0.0,595.0,679,679,387.9851851851852,14,0,1000000,3000,4
930963,930963,3723852,7374,142,568,590.0,0.0,590.0,674,674,344.2112676056338,14,0,1000000,3000,4
930992,930992,3723968,7375,29,116,247.0,0.0,247.0,309,309,156.0,7,0,1000000,3000,4
931201,931201,3724804,7376,209,836,1029.0,0.0,1029.0,1127,1127,558.7033492822967,23,0,1000000,3000,4
931296,931296,3725184,7377,95,380,611.0,0.0,611.0,685,685,388.63157894736844,14,0,1000000,3000,4
931405,931405,3725620,7378,109,436,598.0,0.0,598.0,675,675,371.8440366972477,14,0,1000000,3000,4
931441,931441,3725764,7379,36,144,248.0,0.0,248.0,312,312,145.13888888888889,7,0,1000000,3000,4
931603,931603,3726412,7380,162,648,710.0,0.0,710.0,799,799,467.2654320987654,16,0,1000000,3000,4
931861,931861,3727444,7381,258,1032,1303.0,0.0,1303.0,1410,1410,673.7713178294574,29,0,1000000,3000,4
931970,931970,3727880,7382,109,436,623.0,0.0,623.0,701,701,353.1834862385321,15,0,1000000,3000,4
932011,932011,3728044,7383,41,164,240.0,0.0,240.0,304,304,149.14634146341464,7,0,1000000,3000,4
932149,932149,3728596,7384,138,552,752.0,0.0,752.0,835,835,499.3623188405797,17,0,1000000,3000,4
932193,932193,3728772,7385,44,176,234.0,0.0,234.0,299,299,147.8409090909091,6,0,1000000,3000,4
932233,932233,3728932,7386,40,160,245.0,0.0,245.0,310,310,142.625,7,0,1000000,3000,4
932274,932274,3729096,7387,41,164,234.0,0.0,234.0,298,298,154.82926829268294,6,0,1000000,3000,4
932377,932377,3729508,7388,103,412,616.0,0.0,616.0,694,694,360.8349514563107,14,0,1000000,3000,4
932476,932476,3729904,7389,99,396,615.0,0.0,615.0,692,692,323.14141414141415,14,0,1000000,3000,4
932582,932582,3730328,7390,106,424,620.0,0.0,620.0,699,699,367.60377358490564,14,0,1000000,3000,4
932859,932859,3731436,7391,277,1108,1548.0,0.0,1548.0,1659,1659,825.9566787003611,34,0,1000000,3000,4
932899,932899,3731596,7392,40,160,236.0,0.0,236.0,301,301,148.55,7,0,1000000,3000,4
933002,933002,3732008,7393,103,412,621.0,0.0,621.0,698,698,363.9126213592233,14,0,1000000,3000,4
933038,933038,3732152,7394,36,144,246.0,0.0,246.0,310,310,149.55555555555554,7,0,1000000,3000,4
933076,933076,3732304,7395,38,152,238.0,0.0,238.0,302,302,153.10526315789474,7,0,1000000,3000,4
933355,933355,3733420,7396,279,1116,1132.0,0.0,1132.0,1245,1245,625.089605734767,25,0,1000000,3000,4
933388,933388,3733552,7397,33,132,245.0,0.0,245.0,308,308,149.6969696969697,7,0,1000000,3000,4
933487,933487,3733948,7398,99,396,626.0,0.0,626.0,702,702,378.9191919191919,15,0,1000000,3000,4
933678,933678,3734712,7399,191,764,1319.0,0.0,1319.0,1412,1412,683.2565445026178,29,0,1000000,3000,4
933720,933720,3734880,7400,42,168,236.0,0.0,236.0,302,302,154.8095238095238,7,0,1000000,3000,4
933815,933815,3735260,7401,95,380,632.0,0.0,632.0,709,709,360.8315789473684,15,0,1000000,3000,4
933899,933899,3735596,7402,84,336,639.0,0.0,639.0,713,713,376.8809523809524,15,0,1000000,3000,4
933933,933933,3735732,7403,34,136,240.0,0.0,240.0,304,304,157.7058823529412,7,0,1000000,3000,4
934165,934165,3736660,7404,232,928,1307.0,0.0,1307.0,1410,1410,713.9224137931035,29,0,1000000,3000,4
934394,934394,3737576,7405,229,916,1026.0,0.0,1026.0,1127,1127,595.1004366812227,23,0,1000000,3000,4
934425,934425,3737700,7406,31,124,250.0,0.0,250.0,314,314,148.96774193548387,7,0,1000000,3000,4
934490,934490,3737960,7407,65,260,608.0,0.0,608.0,677,677,326.9076923076923,14,0,1000000,3000,4
934714,934714,3738856,7408,224,896,1315.0,0.0,1315.0,1416,1416,732.8973214285714,29,0,1000000,3000,4
934751,934751,3739004,7409,37,148,240.0,0.0,240.0,305,305,157.59459459459458,7,0,1000000,3000,4
934784,934784,3739136,7410,33,132,246.0,0.0,246.0,308,308,153.1818181818182,7,0,1000000,3000,4
935005,935005,3740020,7411,221,884,1027.0,0.0,1027.0,1127,1127,666.710407239819,23,0,1000000,3000,4
935035,935035,3740140,7412,30,120,251.0,0.0,251.0,315,315,155.13333333333333,7,0,1000000,3000,4
935126,935126,3740504,7413,91,364,613.0,0.0,613.0,688,688,393.42857142857144,14,0,1000000,3000,4
935162,935162,3740648,7414,36,144,244.0,0.0,244.0,309,309,155.66666666666666,7,0,1000000,3000,4
935325,935325,3741300,7415,163,652,811.0,0.0,811.0,898,899,570.1595092024539,18,0,1000000,3000,4
935361,935361,3741444,7416,36,144,243.0,0.0,243.0,307,307,152.16666666666666,7,0,1000000,3000,4
935391,935391,3741564,7417,30,120,246.0,0.0,246.0,307,307,161.3,7,0,1000000,3000,4
935536,935536,3742144,7418,145,580,735.0,0.0,735.0,822,822,496.9448275862069,17,0,1000000,3000,4
935571,935571,3742284,7419,35,140,244.0,0.0,244.0,309,309,147.2,7,0,1000000,3000,4
935719,935719,3742876,7420,148,592,1050.0,0.0,1050.0,1136,1136,560.4662162162163,23,0,1000000,3000,4
935934,935934,3743736,7421,215,860,1308.0,0.0,1308.0,1408,1408,695.2511627906977,29,0,1000000,3000,4
935966,935966,3743864,7422,32,128,248.0,0.0,248.0,312,312,154.96875,7,0,1000000,3000,4
936196,936196,3744784,7423,230,920,1024.0,0.0,1024.0,1125,1125,691.0869565217391,23,0,1000000,3000,4
936397,936397,3745588,7424,201,804,1052.0,0.0,1052.0,1150,1150,588.1343283582089,24,0,1000000,3000,4
936570,936570,3746280,7425,173,692,809.0,0.0,809.0,898,898,559.3757225433526,18,0,1000000,3000,4
936612,936612,3746448,7426,42,168,228.0,0.0,228.0,294,294,156.57142857142858,6,0,1000000,3000,4
936782,936782,3747128,7427,170,680,1047.0,0.0,1047.0,1137,1137,632.0235294117647,23,0,1000000,3000,4
937006,937006,3748024,7428,224,896,1027.0,0.0,1027.0,1126,1126,687.9642857142857,23,0,1000000,3000,4
937276,937276,3749104,7429,270,1080,1324.0,0.0,1324.0,1435,1435,683.9777777777778,29,0,1000000,3000,4
937482,937482,3749928,7430,206,824,1031.0,0.0,1031.0,1128,1128,618.2621359223301,23,0,1000000,3000,4
937659,937659,3750636,7431,177,708,721.0,0.0,721.0,813,813,494.683615819209,17,0,1000000,3000,4
937887,937887,3751548,7432,228,912,1414.0,0.0,1414.0,1516,1516,753.6622807017544,31,0,1000000,3000,4
937926,937926,3751704,7433,39,156,242.0,0.0,242.0,306,306,145.15384615384616,7,0,1000000,3000,4
938023,938023,3752092,7434,97,388,621.0,0.0,621.0,697,697,377.3814432989691,14,0,1000000,3000,4
938213,938213,3752852,7435,190,760,1044.0,0.0,1044.0,1138,1138,614.8578947368421,23,0,1000000,3000,4
938300,938300,3753200,7436,87,348,734.0,0.0,734.0,809,809,412.7241379310345,17,0,1000000,3000,4
938520,938520,3754080,7437,220,880,728.0,0.0,728.0,829,829,498.2227272727273,17,0,1000000,3000,4
938553,938553,3754212,7438,33,132,241.0,0.0,241.0,304,304,167.1818181818182,7,0,1000000,3000,4
938650,938650,3754600,7439,97,388,624.0,0.0,624.0,701,701,361.9484536082474,15,0,1000000,3000,4
938685,938685,3754740,7440,35,140,246.0,0.0,246.0,311,311,146.37142857142857,7,0,1000000,3000,4
938787,938787,3755148,7441,102,408,595.0,0.0,595.0,671,671,398.80392156862746,14,0,1000000,3000,4
938873,938873,3755492,7442,86,344,622.0,0.0,622.0,697,697,334.6279069767442,14,0,1000000,3000,4
939002,939002,3756008,7443,129,516,789.0,0.0,789.0,870,870,526.5581395348837,18,0,1000000,3000,4
939246,939246,3756984,7444,244,976,1680.0,0.0,1680.0,1784,1784,845.2909836065573,36,0,1000000,3000,4
939340,939340,3757360,7445,94,376,630.0,0.0,630.0,705,705,372.4574468085106,15,0,1000000,3000,4
939582,939582,3758328,7446,242,968,1305.0,0.0,1305.0,1410,1410,745.4958677685951,29,0,1000000,3000,4
939763,939763,3759052,7447,181,724,753.0,0.0,753.0,847,847,533.6298342541437,17,0,1000000,3000,4
939873,939873,3759492,7448,110,440,630.0,0.0,630.0,709,709,377.04545454545456,15,0,1000000,3000,4
940023,940023,3760092,7449,150,600,638.0,0.0,638.0,722,723,506.8066666666667,15,0,1000000,3000,4
940067,940067,3760268,7450,44,176,226.0,0.0,226.0,290,290,167.47727272727272,6,0,1000000,3000,4
940175,940175,3760700,7451,108,432,599.0,0.0,599.0,676,676,398.5925925925926,14,0,1000000,3000,4
940217,940217,3760868,7452,42,168,233.0,0.0,233.0,298,298,156.92857142857142,6,0,1000000,3000,4
940253,940253,3761012,7453,36,144,244.0,0.0,244.0,309,309,152.25,7,0,1000000,3000,4
940409,940409,3761636,7454,156,624,707.0,0.0,707.0,794,794,472.96153846153845,16,0,1000000,3000,4
940550,940550,3762200,7455,141,564,583.0,0.0,583.0,667,667,429.822695035461,14,0,1000000,3000,4
940591,940591,3762364,7456,41,164,233.0,0.0,233.0,298,298,157.34146341463415,6,0,1000000,3000,4
940760,940760,3763040,7457,169,676,796.0,0.0,796.0,886,886,522.8402366863905,18,0,1000000,3000,4
940944,940944,3763776,7458,184,736,1035.0,0.0,1035.0,1127,1127,576.6576086956521,23,0,1000000,3000,4
941118,941118,3764472,7459,174,696,633.0,0.0,633.0,722,723,456.60919540229884,15,0,1000000,3000,4
941154,941154,3764616,7460,36,144,240.0,0.0,240.0,304,304,161.66666666666666,7,0,1000000,3000,4
941252,941252,3765008,7461,98,392,629.0,0.0,629.0,705,705,340.64285714285717,15,0,1000000,3000,4
941450,941450,3765800,7462,198,792,707.0,0.0,707.0,802,802,539.1717171717172,17,0,1000000,3000,4
941591,941591,3766364,7463,141,564,715.0,0.0,715.0,800,800,435.17021276595744,17,0,1000000,3000,4
941984,941984,3767936,7464,393,1572,1278.0,0.0,1278.0,1411,1411,739.7735368956743,29,0,1000000,3000,4
942253,942253,3769012,7465,269,1076,1320.0,0.0,1320.0,1430,1430,729.9479553903345,29,0,1000000,3000,4
942296,942296,3769184,7466,43,172,229.0,0.0,229.0,294,294,152.2325581395349,6,0,1000000,3000,4
942452,942452,3769808,7467,156,624,1048.0,0.0,1048.0,1136,1136,596.275641025641,23,0,1000000,3000,4
942615,942615,3770460,7468,163,652,635.0,0.0,635.0,722,723,483.34355828220856,15,0,1000000,3000,4
942657,942657,3770628,7469,42,168,230.0,0.0,230.0,295,295,158.8095238095238,6,0,1000000,3000,4
942765,942765,3771060,7470,108,432,619.0,0.0,619.0,697,697,347.4074074074074,14,0,1000000,3000,4
943079,943079,3772316,7471,314,1256,1286.0,0.0,1286.0,1405,1405,753.2643312101911,29,0,1000000,3000,4
943247,943247,3772988,7472,168,672,634.0,0.0,634.0,722,724,450.32738095238096,15,0,1000000,3000,4
943425,943425,3773700,7473,178,712,632.0,0.0,632.0,722,722,454.6629213483146,15,0,1000000,3000,4
943549,943549,3774196,7474,124,496,592.0,0.0,592.0,672,672,376.9596774193548,14,0,1000000,3000,4
943840,943840,3775360,7475,291,1164,1016.0,0.0,1016.0,1131,1131,646.3505154639175,23,0,1000000,3000,4
944264,944264,3777056,7476,424,1696,1641.0,0.0,1641.0,1781,1781,809.2028301886793,36,0,1000000,3000,4
944306,944306,3777224,7477,42,168,228.0,0.0,228.0,293,293,159.88095238095238,6,0,1000000,3000,4
944362,944362,3777448,7478,56,224,228.0,0.0,228.0,296,296,120.64285714285714,6,0,1000000,3000,4
944485,944485,3777940,7479,123,492,590.0,0.0,590.0,671,671,375.3008130081301,14,0,1000000,3000,4
944531,944531,3778124,7480,46,184,229.0,0.0,229.0,295,295,152.6304347826087,6,0,1000000,3000,4
944808,944808,3779232,7481,277,1108,1299.0,0.0,1299.0,1410,1410,666.5090252707581,29,0,1000000,3000,4
944917,944917,3779668,7482,109,436,602.0,0.0,602.0,680,680,378.4954128440367,14,0,1000000,3000,4
945126,945126,3780504,7483,209,836,1026.0,0.0,1026.0,1122,1124,580.8229665071771,23,0,1000000,3000,4
945376,945376,3781504,7484,250,1000,1033.0,0.0,1033.0,1139,1139,594.064,23,0,1000000,3000,4
945510,945510,3782040,7485,134,536,734.0,0.0,734.0,818,818,496.04477611940297,17,0,1000000,3000,4
945551,945551,3782204,7486,41,164,231.0,0.0,231.0,296,296,155.609756097561,6,0,1000000,3000,4
945625,945625,3782500,7487,74,296,632.0,0.0,632.0,702,702,368.1756756756757,15,0,1000000,3000,4
945810,945810,3783240,7488,185,740,1337.0,0.0,1337.0,1432,1432,699.7675675675675,29,0,1000000,3000,4
945917,945917,3783668,7489,107,428,605.0,0.0,605.0,683,683,373.14953271028037,14,0,1000000,3000,4
946223,946223,3784892,7490,306,1224,1547.0,0.0,1547.0,1665,1665,834.6078431372549,34,0,1000000,3000,4
946400,946400,3785600,7491,177,708,1034.0,0.0,1034.0,1125,1125,615.367231638418,23,0,1000000,3000,4
946437,946437,3785748,7492,37,148,240.0,0.0,240.0,304,304,159.75675675675674,7,0,1000000,3000,4
946597,946597,3786388,7493,160,640,1037.0,0.0,1037.0,1124,1124,570.20625,23,0,1000000,3000,4
946633,946633,3786532,7494,36,144,230.0,0.0,230.0,295,295,162.25,6,0,1000000,3000,4
946748,946748,3786992,7495,115,460,617.0,0.0,617.0,696,696,373.9304347826087,14,0,1000000,3000,4
946781,946781,3787124,7496,33,132,246.0,0.0,246.0,310,310,157.84848484848484,7,0,1000000,3000,4
946882,946882,3787528,7497,101,404,616.0,0.0,616.0,693,693,377.63366336633663,14,0,1000000,3000,4
946984,946984,3787936,7498,102,408,629.0,0.0,629.0,706,706,367.96078431372547,15,0,1000000,3000,4
947070,947070,3788280,7499,86,344,618.0,0.0,618.0,692,692,385.5,14,0,1000000,3000,4
947171,947171,3788684,7500,101,404,609.0,0.0,609.0,685,685,382.029702970297,14,0,1000000,3000,4
947338,947338,3789352,7501,167,668,810.0,0.0,810.0,898,898,555.0838323353294,18,0,1000000,3000,4
947459,947459,3789836,7502,121,484,613.0,0.0,613.0,693,693,369.0330578512397,14,0,1000000,3000,4
947570,947570,3790280,7503,111,444,617.0,0.0,617.0,695,695,372.6126126126126,14,0,1000000,3000,4
947611,947611,3790444,7504,41,164,230.0,0.0,230.0,295,295,159.70731707317074,6,0,1000000,3000,4
947780,947780,3791120,7505,169,676,810.0,0.0,810.0,898,899,561.3254437869823,18,0,1000000,3000,4
947886,947886,3791544,7506,106,424,610.0,0.0,610.0,688,688,379.3207547169811,14,0,1000000,3000,4
948108,948108,3792432,7507,222,888,767.0,0.0,767.0,868,868,541.3738738738739,18,0,1000000,3000,4
948219,948219,3792876,7508,111,444,611.0,0.0,611.0,689,689,367.1711711711712,14,0,1000000,3000,4
948367,948367,3793468,7509,148,592,728.0,0.0,728.0,814,814,482.75,17,0,1000000,3000,4
948404,948404,3793616,7510,37,148,240.0,0.0,240.0,303,303,158.8108108108108,7,0,1000000,3000,4
948707,948707,3794828,7511,303,1212,1111.0,0.0,1111.0,1228,1228,657.1980198019802,25,0,1000000,3000,4
948878,948878,3795512,7512,171,684,809.0,0.0,809.0,898,899,562.7953216374269,18,0,1000000,3000,4
949050,949050,3796200,7513,172,688,742.0,0.0,742.0,833,833,503.16279069767444,17,0,1000000,3000,4
949216,949216,3796864,7514,166,664,747.0,0.0,747.0,837,837,492.06626506024094,17,0,1000000,3000,4
949258,949258,3797032,7515,42,168,232.0,0.0,232.0,297,297,158.02380952380952,6,0,1000000,3000,4
949299,949299,3797196,7516,41,164,232.0,0.0,232.0,297,297,153.609756097561,6,0,1000000,3000,4
949415,949415,3797660,7517,116,464,622.0,0.0,622.0,702,702,357.8534482758621,15,0,1000000,3000,4
949544,949544,3798176,7518,129,516,619.0,0.0,619.0,701,701,370.2480620155039,15,0,1000000,3000,4
949665,949665,3798660,7519,121,484,591.0,0.0,591.0,672,672,377.94214876033055,14,0,1000000,3000,4
950071,950071,3800284,7520,406,1624,1278.0,0.0,1278.0,1416,1416,698.8004926108374,29,0,1000000,3000,4
950182,950182,3800728,7521,111,444,620.0,0.0,620.0,699,699,317.54954954954957,14,0,1000000,3000,4
950368,950368,3801472,7522,186,744,791.0,0.0,791.0,885,885,517.6075268817204,18,0,1000000,3000,4
950536,950536,3802144,7523,168,672,603.0,0.0,603.0,693,693,453.9702380952381,14,0,1000000,3000,4
950692,950692,3802768,7524,156,624,636.0,0.0,636.0,722,722,467.96153846153845,15,0,1000000,3000,4
950931,950931,3803724,7525,239,956,1025.0,0.0,1025.0,1128,1128,622.6694560669456,23,0,1000000,3000,4
951305,951305,3805220,7526,374,1496,1893.0,0.0,1893.0,2024,2024,958.3181818181819,41,0,1000000,3000,4
951409,951409,3805636,7527,104,416,619.0,0.0,619.0,695,695,371.7692307692308,14,0,1000000,3000,4
951447,951447,3805788,7528,38,152,232.0,0.0,232.0,295,295,165.94736842105263,6,0,1000000,3000,4
951531,951531,3806124,7529,84,336,612.0,0.0,612.0,684,684,332.8095238095238,14,0,1000000,3000,4
951629,951629,3806516,7530,98,392,613.0,0.0,613.0,689,689,383.5816326530612,14,0,1000000,3000,4
951671,951671,3806684,7531,42,168,232.0,0.0,232.0,297,297,160.23809523809524,6,0,1000000,3000,4
951714,951714,3806856,7532,43,172,231.0,0.0,231.0,295,295,154.34883720930233,6,0,1000000,3000,4
951900,951900,3807600,7533,186,744,1038.0,0.0,1038.0,1132,1132,649.6182795698925,23,0,1000000,3000,4
952106,952106,3808424,7534,206,824,1038.0,0.0,1038.0,1136,1136,605.2621359223301,23,0,1000000,3000,4
952186,952186,3808744,7535,80,320,619.0,0.0,619.0,691,691,353.6125,14,0,1000000,3000,4
952310,952310,3809240,7536,124,496,599.0,0.0,599.0,680,680,379.9032258064516,14,0,1000000,3000,4
952351,952351,3809404,7537,41,164,229.0,0.0,229.0,293,293,162.29268292682926,6,0,1000000,3000,4
952637,952637,3810548,7538,286,1144,1024.0,0.0,1024.0,1138,1138,663.8496503496503,23,0,1000000,3000,4
952751,952751,3811004,7539,114,456,609.0,0.0,609.0,688,688,372.3421052631579,14,0,1000000,3000,4
953156,953156,3812624,7540,405,1620,1002.0,0.0,1002.0,1139,1139,666.4049382716049,23,0,1000000,3000,4
953261,953261,3813044,7541,105,420,607.0,0.0,607.0,684,684,386.25714285714287,14,0,1000000,3000,4
953306,953306,3813224,7542,45,180,228.0,0.0,228.0,294,294,150.0,6,0,1000000,3000,4
953484,953484,3813936,7543,178,712,1311.0,0.0,1311.0,1403,1403,712.5449438202247,29,0,1000000,3000,4
953666,953666,3814664,7544,182,728,1058.0,0.0,1058.0,1152,1152,563.4175824175824,24,0,1000000,3000,4
953843,953843,3815372,7545,177,708,773.0,0.0,773.0,865,865,518.7401129943503,18,0,1000000,3000,4
953877,953877,3815508,7546,34,136,246.0,0.0,246.0,309,309,151.05882352941177,7,0,1000000,3000,4
954019,954019,3816076,7547,142,568,726.0,0.0,726.0,811,811,467.09859154929575,17,0,1000000,3000,4
954055,954055,3816220,7548,36,144,241.0,0.0,241.0,306,306,159.91666666666666,7,0,1000000,3000,4
954097,954097,3816388,7549,42,168,229.0,0.0,229.0,295,295,155.9047619047619,6,0,1000000,3000,4
954139,954139,3816556,7550,42,168,231.0,0.0,231.0,296,296,156.23809523809524,6,0,1000000,3000,4
954353,954353,3817412,7551,214,856,801.0,0.0,801.0,898,898,602.1728971962617,18,0,1000000,3000,4
954461,954461,3817844,7552,108,432,594.0,0.0,594.0,672,672,397.1759259259259,14,0,1000000,3000,4
954720,954720,3818880,7553,259,1036,1029.0,0.0,1029.0,1137,1137,652.003861003861,23,0,1000000,3000,4
954762,954762,3819048,7554,42,168,231.0,0.0,231.0,296,296,161.66666666666666,6,0,1000000,3000,4
954858,954858,3819432,7555,96,384,629.0,0.0,629.0,706,706,367.3541666666667,15,0,1000000,3000,4
954893,954893,3819572,7556,35,140,251.0,0.0,251.0,315,315,152.8,7,0,1000000,3000,4
954994,954994,3819976,7557,101,404,605.0,0.0,605.0,682,682,391.8019801980198,14,0,1000000,3000,4
955033,955033,3820132,7558,39,156,234.0,0.0,234.0,298,298,163.7948717948718,6,0,1000000,3000,4
955073,955073,3820292,7559,40,160,227.0,0.0,227.0,292,292,165.475,6,0,1000000,3000,4
955467,955467,3821868,7560,394,1576,1286.0,0.0,1286.0,1422,1422,783.3401015228426,29,0,1000000,3000,4
955506,955506,3822024,7561,39,156,238.0,0.0,238.0,301,301,160.10256410256412,7,0,1000000,3000,4
955544,955544,3822176,7562,38,152,237.0,0.0,237.0,301,301,160.52631578947367,7,0,1000000,3000,4
955666,955666,3822664,7563,122,488,594.0,0.0,594.0,675,675,378.8196721311475,14,0,1000000,3000,4
955752,955752,3823008,7564,86,344,606.0,0.0,606.0,681,681,307.1046511627907,14,0,1000000,3000,4
955932,955932,3823728,7565,180,720,1328.0,0.0,1328.0,1421,1421,686.9222222222222,29,0,1000000,3000,4
956013,956013,3824052,7566,81,324,615.0,0.0,615.0,689,689,350.962962962963,14,0,1000000,3000,4
956045,956045,3824180,7567,32,128,251.0,0.0,251.0,315,315,152.4375,7,0,1000000,3000,4
956073,956073,3824292,7568,28,112,249.0,0.0,249.0,312,312,157.75,7,0,1000000,3000,4
956111,956111,3824444,7569,38,152,240.0,0.0,240.0,305,305,151.89473684210526,7,0,1000000,3000,4
956256,956256,3825024,7570,145,580,783.0,0.0,783.0,869,869,547.6758620689656,18,0,1000000,3000,4
956685,956685,3826740,7571,429,1716,1267.0,0.0,1267.0,1409,1409,795.034965034965,29,0,1000000,3000,4
956722,956722,3826888,7572,37,148,244.0,0.0,244.0,309,309,147.54054054054055,7,0,1000000,3000,4
956971,956971,3827884,7573,249,996,1311.0,0.0,1311.0,1416,1416,702.3694779116466,29,0,1000000,3000,4
957260,957260,3829040,7574,289,1156,1011.0,0.0,1011.0,1123,1125,730.9446366782007,23,0,1000000,3000,4
957461,957461,3829844,7575,201,804,1317.0,0.0,1317.0,1412,1412,723.5323383084577,29,0,1000000,3000,4
957630,957630,3830520,7576,169,676,737.0,0.0,737.0,827,827,486.66272189349115,17,0,1000000,3000,4
957893,957893,3831572,7577,263,1052,1552.0,0.0,1552.0,1661,1661,849.3079847908746,34,0,1000000,3000,4
957927,957927,3831708,7578,34,136,242.0,0.0,242.0,304,304,152.73529411764707,7,0,1000000,3000,4
958092,958092,3832368,7579,165,660,704.0,0.0,704.0,793,793,480.6484848484848,16,0,1000000,3000,4
958191,958191,3832764,7580,99,396,627.0,0.0,627.0,702,702,360.77777777777777,15,0,1000000,3000,4
958294,958294,3833176,7581,103,412,622.0,0.0,622.0,700,700,369.94174757281553,15,0,1000000,3000,4
958458,958458,3833832,7582,164,656,635.0,0.0,635.0,722,722,479.6524390243902,15,0,1000000,3000,4
958604,958604,3834416,7583,146,584,768.0,0.0,768.0,854,854,517.945205479452,18,0,1000000,3000,4
958649,958649,3834596,7584,45,180,220.0,0.0,220.0,284,284,169.64444444444445,6,0,1000000,3000,4
958748,958748,3834992,7585,99,396,648.0,0.0,648.0,722,722,359.4646464646465,15,0,1000000,3000,4
958945,958945,3835780,7586,197,788,1345.0,0.0,1345.0,1442,1442,726.5736040609137,29,0,1000000,3000,4
959057,959057,3836228,7587,112,448,600.0,0.0,600.0,679,679,385.74107142857144,14,0,1000000,3000,4
959097,959097,3836388,7588,40,160,230.0,0.0,230.0,295,295,160.275,6,0,1000000,3000,4
959190,959190,3836760,7589,93,372,621.0,0.0,621.0,696,696,356.4731182795699,14,0,1000000,3000,4
959420,959420,3837680,7590,230,920,1036.0,0.0,1036.0,1138,1138,675.991304347826,23,0,1000000,3000,4
959613,959613,3838452,7591,193,772,805.0,0.0,805.0,898,898,556.4715025906736,18,0,1000000,3000,4
959839,959839,3839356,7592,226,904,1037.0,0.0,1037.0,1138,1138,618.0353982300885,23,0,1000000,3000,4
960002,960002,3840008,7593,163,652,731.0,0.0,731.0,820,820,492.04294478527606,17,0,1000000,3000,4
960175,960175,3840700,7594,173,692,809.0,0.0,809.0,898,898,568.1098265895954,18,0,1000000,3000,4
960337,960337,3841348,7595,162,648,797.0,0.0,797.0,886,886,517.9629629629629,18,0,1000000,3000,4
960516,960516,3842064,7596,179,716,808.0,0.0,808.0,898,899,557.6927374301677,18,0,1000000,3000,4
960716,960716,3842864,7597,200,800,1041.0,0.0,1041.0,1137,1137,604.075,23,0,1000000,3000,4
960758,960758,3843032,7598,42,168,227.0,0.0,227.0,292,292,160.0,6,0,1000000,3000,4
960809,960809,3843236,7599,51,204,216.0,0.0,216.0,283,283,162.0392156862745,6,0,1000000,3000,4
960850,960850,3843400,7600,41,164,230.0,0.0,230.0,295,295,157.8780487804878,6,0,1000000,3000,4
960889,960889,3843556,7601,39,156,234.0,0.0,234.0,298,298,159.05128205128204,6,0,1000000,3000,4
960990,960990,3843960,7602,101,404,602.0,0.0,602.0,680,680,389.0495049504951,14,0,1000000,3000,4
961026,961026,3844104,7603,36,144,240.0,0.0,240.0,303,303,158.61111111111111,7,0,1000000,3000,4
961242,961242,3844968,7604,216,864,1025.0,0.0,1025.0,1124,1124,620.6666666666666,23,0,1000000,3000,4
961406,961406,3845624,7605,164,656,740.0,0.0,740.0,829,829,490.4573170731707,17,0,1000000,3000,4
961577,961577,3846308,7606,171,684,633.0,0.0,633.0,722,723,481.03508771929825,15,0,1000000,3000,4
961621,961621,3846484,7607,44,176,223.0,0.0,223.0,288,288,167.27272727272728,6,0,1000000,3000,4
961922,961922,3847688,7608,301,1204,1008.0,0.0,1008.0,1124,1124,704.2093023255813,23,0,1000000,3000,4
962004,962004,3848016,7609,82,328,623.0,0.0,623.0,697,697,349.6707317073171,14,0,1000000,3000,4
962231,962231,3848924,7610,227,908,1307.0,0.0,1307.0,1408,1408,711.3436123348017,29,0,1000000,3000,4
962424,962424,3849696,7611,193,772,756.0,0.0,756.0,851,851,558.041450777202,18,0,1000000,3000,4
962463,962463,3849852,7612,39,156,222.0,0.0,222.0,286,286,172.76923076923077,6,0,1000000,3000,4
962576,962576,3850304,7613,113,452,617.0,0.0,617.0,696,696,373.2920353982301,14,0,1000000,3000,4
962620,962620,3850480,7614,44,176,217.0,0.0,217.0,282,282,173.5,6,0,1000000,3000,4
962720,962720,3850880,7615,100,400,624.0,0.0,624.0,700,700,337.85,15,0,1000000,3000,4
962757,962757,3851028,7616,37,148,232.0,0.0,232.0,296,296,168.8108108108108,6,0,1000000,3000,4
963001,963001,3852004,7617,244,976,795.0,0.0,795.0,898,898,659.8565573770492,18,0,1000000,3000,4
963046,963046,3852184,7618,45,180,218.0,0.0,218.0,282,282,173.55555555555554,6,0,1000000,3000,4
963427,963427,3853708,7619,381,1524,994.0,0.0,994.0,1126,1126,743.3858267716536,23,0,1000000,3000,4
963719,963719,3854876,7620,292,1168,1304.0,0.0,1304.0,1419,1419,749.1506849315068,29,0,1000000,3000,4
964070,964070,3856280,7621,351,1404,1281.0,0.0,1281.0,1408,1408,739.4928774928775,29,0,1000000,3000,4
964184,964184,3856736,7622,114,456,609.0,0.0,609.0,688,688,382.00877192982455,14,0,1000000,3000,4
964220,964220,3856880,7623,36,144,240.0,0.0,240.0,305,305,158.83333333333334,7,0,1000000,3000,4
964455,964455,3857820,7624,235,940,1316.0,0.0,1316.0,1419,1419,733.3489361702127,29,0,1000000,3000,4
964494,964494,3857976,7625,39,156,228.0,0.0,228.0,292,292,168.17948717948718,6,0,1000000,3000,4
964529,964529,3858116,7626,35,140,243.0,0.0,243.0,307,307,150.88571428571427,7,0,1000000,3000,4
964786,964786,3859144,7627,257,1028,1022.0,0.0,1022.0,1129,1129,713.6147859922179,23,0,1000000,3000,4
964956,964956,3859824,7628,170,680,809.0,0.0,809.0,898,899,573.6294117647059,18,0,1000000,3000,4
965055,965055,3860220,7629,99,396,608.0,0.0,608.0,684,684,394.949494949495,14,0,1000000,3000,4
965162,965162,3860648,7630,107,428,596.0,0.0,596.0,674,674,399.69158878504675,14,0,1000000,3000,4
965297,965297,3861188,7631,135,540,739.0,0.0,739.0,822,822,498.42962962962963,17,0,1000000,3000,4
965392,965392,3861568,7632,95,380,618.0,0.0,618.0,692,692,384.7578947368421,14,0,1000000,3000,4
965426,965426,3861704,7633,34,136,234.0,0.0,234.0,297,297,170.6764705882353,6,0,1000000,3000,4
965457,965457,3861828,7634,31,124,244.0,0.0,244.0,308,308,165.51612903225808,7,0,1000000,3000,4
965606,965606,3862424,7635,149,596,638.0,0.0,638.0,722,722,503.5973154362416,15,0,1000000,3000,4
965695,965695,3862780,7636,89,356,627.0,0.0,627.0,701,701,368.23595505617976,15,0,1000000,3000,4
965731,965731,3862924,7637,36,144,234.0,0.0,234.0,298,298,162.75,6,0,1000000,3000,4
965821,965821,3863284,7638,90,360,634.0,0.0,634.0,708,708,375.73333333333335,15,0,1000000,3000,4
966048,966048,3864192,7639,227,908,1035.0,0.0,1035.0,1136,1136,707.7180616740088,23,0,1000000,3000,4
966080,966080,3864320,7640,32,128,242.0,0.0,242.0,305,305,160.21875,7,0,1000000,3000,4
966183,966183,3864732,7641,103,412,615.0,0.0,615.0,692,692,388.7378640776699,14,0,1000000,3000,4
966216,966216,3864864,7642,33,132,244.0,0.0,244.0,308,308,154.5151515151515,7,0,1000000,3000,4
966317,966317,3865268,7643,101,404,619.0,0.0,619.0,697,697,387.4257425742574,14,0,1000000,3000,4
966353,966353,3865412,7644,36,144,236.0,0.0,236.0,300,300,163.52777777777777,7,0,1000000,3000,4
966445,966445,3865780,7645,92,368,631.0,0.0,631.0,707,707,373.3804347826087,15,0,1000000,3000,4
966483,966483,3865932,7646,38,152,235.0,0.0,235.0,300,300,165.21052631578948,7,0,1000000,3000,4
966567,966567,3866268,7647,84,336,638.0,0.0,638.0,711,711,391.6547619047619,15,0,1000000,3000,4
966656,966656,3866624,7648,89,356,639.0,0.0,639.0,713,713,385.34831460674155,15,0,1000000,3000,4
966692,966692,3866768,7649,36,144,241.0,0.0,241.0,305,305,159.58333333333334,7,0,1000000,3000,4
966771,966771,3867084,7650,79,316,638.0,0.0,638.0,710,710,376.5189873417722,15,0,1000000,3000,4
966811,966811,3867244,7651,40,160,224.0,0.0,224.0,289,289,169.275,6,0,1000000,3000,4
966843,966843,3867372,7652,32,128,245.0,0.0,245.0,308,308,157.15625,7,0,1000000,3000,4
966873,966873,3867492,7653,30,120,245.0,0.0,245.0,307,307,163.53333333333333,7,0,1000000,3000,4
967047,967047,3868188,7654,174,696,757.0,0.0,757.0,848,848,557.8908045977012,17,0,1000000,3000,4
967187,967187,3868748,7655,140,560,1046.0,0.0,1046.0,1129,1129,593.6785714285714,23,0,1000000,3000,4
967321,967321,3869284,7656,134,536,641.0,0.0,641.0,722,722,513.7014925373135,15,0,1000000,3000,4
967507,967507,3870028,7657,186,744,1322.0,0.0,1322.0,1415,1415,777.5591397849462,29,0,1000000,3000,4
967537,967537,3870148,7658,30,120,245.0,0.0,245.0,308,308,156.13333333333333,7,0,1000000,3000,4
967571,967571,3870284,7659,34,136,237.0,0.0,237.0,300,300,175.5,7,0,1000000,3000,4
967782,967782,3871128,7660,211,844,1690.0,0.0,1690.0,1790,1790,904.4644549763033,36,0,1000000,3000,4
967816,967816,3871264,7661,34,136,234.0,0.0,234.0,297,297,169.47058823529412,6,0,1000000,3000,4
967910,967910,3871640,7662,94,376,613.0,0.0,613.0,688,688,397.22340425531917,14,0,1000000,3000,4
968101,968101,3872404,7663,191,764,1043.0,0.0,1043.0,1138,1138,640.4607329842931,23,0,1000000,3000,4
968285,968285,3873140,7664,184,736,1044.0,0.0,1044.0,1137,1137,593.695652173913,23,0,1000000,3000,4
968482,968482,3873928,7665,197,788,1033.0,0.0,1033.0,1128,1128,563.5837563451777,23,0,1000000,3000,4
968601,968601,3874404,7666,119,476,607.0,0.0,607.0,686,686,377.9159663865546,14,0,1000000,3000,4
968833,968833,3875332,7667,232,928,1307.0,0.0,1307.0,1410,1410,715.6896551724138,29,0,1000000,3000,4
968875,968875,3875500,7668,42,168,221.0,0.0,221.0,286,286,170.3095238095238,6,0,1000000,3000,4
968991,968991,3875964,7669,116,464,608.0,0.0,608.0,688,688,375.33620689655174,14,0,1000000,3000,4
969021,969021,3876084,7670,30,120,246.0,0.0,246.0,309,309,163.73333333333332,7,0,1000000,3000,4
969104,969104,3876416,7671,83,332,608.0,0.0,608.0,681,681,344.04819277108436,14,0,1000000,3000,4
969227,969227,3876908,7672,123,492,717.0,0.0,717.0,798,798,465.9430894308943,16,0,1000000,3000,4
969258,969258,3877032,7673,31,124,243.0,0.0,243.0,306,306,161.41935483870967,7,0,1000000,3000,4
969341,969341,3877364,7674,83,332,625.0,0.0,625.0,698,698,392.5421686746988,14,0,1000000,3000,4
969591,969591,3878364,7675,250,1000,1921.0,0.0,1921.0,2029,2029,989.052,41,0,1000000,3000,4
969739,969739,3878956,7676,148,592,1050.0,0.0,1050.0,1136,1136,636.831081081081,23,0,1000000,3000,4
969949,969949,3879796,7677,210,840,1310.0,0.0,1310.0,1409,1409,757.9857142857143,29,0,1000000,3000,4
970055,970055,3880220,7678,106,424,600.0,0.0,600.0,678,678,406.9622641509434,14,0,1000000,3000,4
970259,970259,3881036,7679,204,816,1330.0,0.0,1330.0,1428,1428,746.8088235294117,29,0,1000000,3000,4
970401,970401,3881604,7680,142,568,1043.0,0.0,1043.0,1126,1126,583.7535211267606,23,0,1000000,3000,4
970534,970534,3882136,7681,133,532,1150.0,0.0,1150.0,1234,1234,633.187969924812,25,0,1000000,3000,4
970746,970746,3882984,7682,212,848,1408.0,0.0,1408.0,1506,1506,768.1509433962265,31,0,1000000,3000,4
970814,970814,3883256,7683,68,272,606.0,0.0,606.0,676,676,323.8970588235294,14,0,1000000,3000,4
970921,970921,3883684,7684,107,428,609.0,0.0,609.0,687,687,371.13084112149534,14,0,1000000,3000,4
971011,971011,3884044,7685,90,360,610.0,0.0,610.0,685,685,397.5111111111111,14,0,1000000,3000,4
971052,971052,3884208,7686,41,164,231.0,0.0,231.0,295,295,161.609756097561,6,0,1000000,3000,4
971269,971269,3885076,7687,217,868,1331.0,0.0,1331.0,1432,1432,704.0599078341014,29,0,1000000,3000,4
971460,971460,3885840,7688,191,764,1333.0,0.0,1333.0,1429,1429,693.1204188481676,29,0,1000000,3000,4
971641,971641,3886564,7689,181,724,1035.0,0.0,1035.0,1126,1126,605.1657458563536,23,0,1000000,3000,4
971857,971857,3887428,7690,216,864,1027.0,0.0,1027.0,1126,1126,659.9537037037037,23,0,1000000,3000,4
972004,972004,3888016,7691,147,588,736.0,0.0,736.0,822,822,481.3945578231293,17,0,1000000,3000,4
972292,972292,3889168,7692,288,1152,1296.0,0.0,1296.0,1410,1410,725.4722222222222,29,0,1000000,3000,4
972329,972329,3889316,7693,37,148,225.0,0.0,225.0,289,289,170.75675675675674,6,0,1000000,3000,4
972367,972367,3889468,7694,38,152,238.0,0.0,238.0,301,301,155.68421052631578,7,0,1000000,3000,4
972610,972610,3890440,7695,243,972,1316.0,0.0,1316.0,1422,1422,687.0987654320987,29,0,1000000,3000,4
972939,972939,3891756,7696,329,1316,1898.0,0.0,1898.0,2021,2021,890.0091185410334,41,0,1000000,3000,4
972980,972980,3891920,7697,41,164,230.0,0.0,230.0,294,294,153.41463414634146,6,0,1000000,3000,4
973238,973238,3892952,7698,258,1032,1131.0,0.0,1131.0,1239,1239,647.7519379844962,25,0,1000000,3000,4
973388,973388,3893552,7699,150,600,1045.0,0.0,1045.0,1131,1131,595.98,23,0,1000000,3000,4
973428,973428,3893712,7700,40,160,234.0,0.0,234.0,298,298,151.425,6,0,1000000,3000,4
973579,973579,3894316,7701,151,604,813.0,0.0,813.0,898,898,514.4304635761589,18,0,1000000,3000,4
973691,973691,3894764,7702,112,448,607.0,0.0,607.0,686,686,376.19642857142856,14,0,1000000,3000,4
973804,973804,3895216,7703,113,452,590.0,0.0,590.0,668,668,401.13274336283183,14,0,1000000,3000,4
974039,974039,3896156,7704,235,940,757.0,0.0,757.0,860,860,509.44255319148937,18,0,1000000,3000,4
974372,974372,3897488,7705,333,1332,1006.0,0.0,1006.0,1125,1125,605.966966966967,23,0,1000000,3000,4
974593,974593,3898372,7706,221,884,1321.0,0.0,1321.0,1423,1423,650.4796380090497,29,0,1000000,3000,4
974708,974708,3898832,7707,115,460,622.0,0.0,622.0,702,702,358.0608695652174,15,0,1000000,3000,4
974936,974936,3899744,7708,228,912,1680.0,0.0,1680.0,1780,1780,857.5263157894736,36,0,1000000,3000,4
975059,975059,3900236,7709,123,492,611.0,0.0,611.0,692,692,365.5365853658537,14,0,1000000,3000,4
975382,975382,3901528,7710,323,1292,1285.0,0.0,1285.0,1406,1406,746.2569659442725,29,0,1000000,3000,4
975621,975621,3902484,7711,239,956,735.0,0.0,735.0,838,838,486.21338912133893,17,0,1000000,3000,4
975714,975714,3902856,7712,93,372,731.0,0.0,731.0,807,807,412.76344086021504,17,0,1000000,3000,4
975876,975876,3903504,7713,162,648,635.0,0.0,635.0,722,722,461.41358024691357,15,0,1000000,3000,4
975910,975910,3903640,7714,34,136,246.0,0.0,246.0,309,309,151.05882352941177,7,0,1000000,3000,4
976210,976210,3904840,7715,300,1200,1317.0,0.0,1317.0,1434,1434,765.4966666666667,29,0,1000000,3000,4
976337,976337,3905348,7716,127,508,725.0,0.0,725.0,807,807,482.18897637795277,17,0,1000000,3000,4
976374,976374,3905496,7717,37,148,245.0,0.0,245.0,309,309,147.3783783783784,7,0,1000000,3000,4
976480,976480,3905920,7718,106,424,601.0,0.0,601.0,680,680,392.6509433962264,14,0,1000000,3000,4
976608,976608,3906432,7719,128,512,765.0,0.0,765.0,847,847,500.328125,17,0,1000000,3000,4
976814,976814,3907256,7720,206,824,1028.0,0.0,1028.0,1124,1124,600.8640776699029,23,0,1000000,3000,4
976901,976901,3907604,7721,87,348,619.0,0.0,619.0,692,692,343.60919540229884,14,0,1000000,3000,4
977037,977037,3908148,7722,136,544,587.0,0.0,587.0,671,671,436.74264705882354,14,0,1000000,3000,4
977072,977072,3908288,7723,35,140,250.0,0.0,250.0,313,313,149.31428571428572,7,0,1000000,3000,4
977192,977192,3908768,7724,120,480,603.0,0.0,603.0,684,684,395.31666666666666,14,0,1000000,3000,4
977503,977503,3910012,7725,311,1244,1006.0,0.0,1006.0,1123,1123,630.8038585209003,23,0,1000000,3000,4
977547,977547,3910188,7726,44,176,222.0,0.0,222.0,286,286,170.1818181818182,6,0,1000000,3000,4
977945,977945,3911780,7727,398,1592,995.0,0.0,995.0,1131,1131,687.0226130653266,23,0,1000000,3000,4
978346,978346,3913384,7728,401,1604,682.0,0.0,682.0,819,819,629.214463840399,17,0,1000000,3000,4
978379,978379,3913516,7729,33,132,241.0,0.0,241.0,303,303,162.3030303030303,7,0,1000000,3000,4
978418,978418,3913672,7730,39,156,242.0,0.0,242.0,306,306,145.56410256410257,7,0,1000000,3000,4
978554,978554,3914216,7731,136,544,578.0,0.0,578.0,662,662,381.75,14,0,1000000,3000,4
978594,978594,3914376,7732,40,160,234.0,0.0,234.0,300,300,154.475,7,0,1000000,3000,4
978642,978642,3914568,7733,48,192,217.0,0.0,217.0,283,283,166.0625,6,0,1000000,3000,4
978944,978944,3915776,7734,302,1208,1317.0,0.0,1317.0,1435,1435,704.9602649006622,29,0,1000000,3000,4
979240,979240,3916960,7735,296,1184,784.0,0.0,784.0,898,899,639.0337837837837,18,0,1000000,3000,4
979537,979537,3918148,7736,297,1188,753.0,0.0,753.0,869,869,581.4276094276095,18,0,1000000,3000,4
979590,979590,3918360,7737,53,212,209.0,0.0,209.0,275,275,155.45283018867926,6,0,1000000,3000,4
979637,979637,3918548,7738,47,188,216.0,0.0,216.0,280,280,168.72340425531914,6,0,1000000,3000,4
979792,979792,3919168,7739,155,620,726.0,0.0,726.0,814,814,423.5290322580645,17,0,1000000,3000,4
979837,979837,3919348,7740,45,180,230.0,0.0,230.0,295,295,148.51111111111112,6,0,1000000,3000,4
979963,979963,3919852,7741,126,504,587.0,0.0,587.0,669,669,363.531746031746,14,0,1000000,3000,4
980096,980096,3920384,7742,133,532,611.0,0.0,611.0,693,693,233.29323308270676,14,0,1000000,3000,4
980142,980142,3920568,7743,46,184,227.0,0.0,227.0,293,293,153.30434782608697,6,0,1000000,3000,4
980426,980426,3921704,7744,284,1136,555.0,0.0,555.0,667,667,487.33098591549293,14,0,1000000,3000,4
981044,981044,3924176,7745,618,2472,1338.0,0.0,1338.0,1519,1519,716.9611650485436,31,0,1000000,3000,4
981196,981196,3924784,7746,152,608,595.0,0.0,595.0,682,682,440.9013157894737,14,0,1000000,3000,4
981459,981459,3925836,7747,263,1052,1017.0,0.0,1017.0,1124,1124,622.9923954372623,23,0,1000000,3000,4
981762,981762,3927048,7748,303,1212,1389.0,0.0,1389.0,1505,1505,780.6732673267327,31,0,1000000,3000,4
981889,981889,3927556,7749,127,508,582.0,0.0,582.0,664,664,363.8897637795276,14,0,1000000,3000,4
982506,982506,3930024,7750,617,2468,1254.0,0.0,1254.0,1435,1435,830.5850891410049,29,0,1000000,3000,4
982577,982577,3930308,7751,71,284,194.0,0.0,194.0,264,264,143.85915492957747,6,0,1000000,3000,4
982712,982712,3930848,7752,135,540,592.0,0.0,592.0,676,676,359.6296296296296,14,0,1000000,3000,4
982894,982894,3931576,7753,182,728,807.0,0.0,807.0,898,898,548.7417582417582,18,0,1000000,3000,4
983145,983145,3932580,7754,251,1004,1018.0,0.0,1018.0,1123,1123,619.7131474103586,23,0,1000000,3000,4
983199,983199,3932796,7755,54,216,203.0,0.0,203.0,269,269,169.3148148148148,6,0,1000000,3000,4
983295,983295,3933180,7756,96,384,629.0,0.0,629.0,705,705,332.5416666666667,15,0,1000000,3000,4
983344,983344,3933376,7757,49,196,208.0,0.0,208.0,274,274,173.6530612244898,6,0,1000000,3000,4
983497,983497,3933988,7758,153,612,770.0,0.0,770.0,856,856,533.843137254902,18,0,1000000,3000,4
983835,983835,3935340,7759,338,1352,1008.0,0.0,1008.0,1132,1132,762.8994082840237,23,0,1000000,3000,4
983941,983941,3935764,7760,106,424,623.0,0.0,623.0,701,701,369.5943396226415,15,0,1000000,3000,4
983977,983977,3935908,7761,36,144,244.0,0.0,244.0,308,308,143.33333333333334,7,0,1000000,3000,4
984080,984080,3936320,7762,103,412,613.0,0.0,613.0,690,690,327.252427184466,14,0,1000000,3000,4
984333,984333,3937332,7763,253,1012,1564.0,0.0,1564.0,1672,1672,722.205533596838,34,0,1000000,3000,4
984370,984370,3937480,7764,37,148,247.0,0.0,247.0,310,310,140.6216216216216,7,0,1000000,3000,4
984755,984755,3939020,7765,385,1540,704.0,0.0,704.0,838,838,606.4597402597402,17,0,1000000,3000,4
985020,985020,3940080,7766,265,1060,791.0,0.0,791.0,898,899,484.42264150943396,18,0,1000000,3000,4
985206,985206,3940824,7767,186,744,593.0,0.0,593.0,686,686,295.51075268817203,14,0,1000000,3000,4
985340,985340,3941360,7768,134,536,595.0,0.0,595.0,678,678,263.2164179104478,14,0,1000000,3000,4
985547,985547,3942188,7769,207,828,587.0,0.0,587.0,683,685,432.1352657004831,14,0,1000000,3000,4
985728,985728,3942912,7770,181,724,616.0,0.0,616.0,708,708,432.0220994475138,15,0,1000000,3000,4
986021,986021,3944084,7771,293,1172,785.0,0.0,785.0,898,898,630.6313993174061,18,0,1000000,3000,4
986062,986062,3944248,7772,41,164,221.0,0.0,221.0,286,286,160.34146341463415,6,0,1000000,3000,4
986180,986180,3944720,7773,118,472,575.0,0.0,575.0,655,655,405.03389830508473,14,0,1000000,3000,4
986458,986458,3945832,7774,278,1112,1016.0,0.0,1016.0,1127,1127,662.0287769784172,23,0,1000000,3000,4
986549,986549,3946196,7775,91,364,615.0,0.0,615.0,690,690,328.4175824175824,14,0,1000000,3000,4
986582,986582,3946328,7776,33,132,240.0,0.0,240.0,303,303,162.84848484848484,7,0,1000000,3000,4
986797,986797,3947188,7777,215,860,1038.0,0.0,1038.0,1137,1137,599.7162790697674,23,0,1000000,3000,4
987123,987123,3948492,7778,326,1304,1028.0,0.0,1028.0,1151,1151,705.9662576687117,24,0,1000000,3000,4
987540,987540,3950160,7779,417,1668,1268.0,0.0,1268.0,1408,1408,788.8177458033573,29,0,1000000,3000,4
987828,987828,3951312,7780,288,1152,1302.0,0.0,1302.0,1415,1415,698.7604166666666,29,0,1000000,3000,4
988041,988041,3952164,7781,213,852,1319.0,0.0,1319.0,1418,1418,718.5680751173709,29,0,1000000,3000,4
988079,988079,3952316,7782,38,152,238.0,0.0,238.0,302,302,156.71052631578948,7,0,1000000,3000,4
988180,988180,3952720,7783,101,404,616.0,0.0,616.0,694,694,377.56435643564356,14,0,1000000,3000,4
988377,988377,3953508,7784,197,788,1042.0,0.0,1042.0,1137,1137,646.9644670050761,23,0,1000000,3000,4
988544,988544,3954176,7785,167,668,1318.0,0.0,1318.0,1408,1408,702.8922155688623,29,0,1000000,3000,4
988639,988639,3954556,7786,95,380,625.0,0.0,625.0,701,701,376.46315789473687,15,0,1000000,3000,4
988733,988733,3954932,7787,94,376,649.0,0.0,649.0,722,722,379.24468085106383,15,0,1000000,3000,4
988824,988824,3955296,7788,91,364,617.0,0.0,617.0,692,692,401.7142857142857,14,0,1000000,3000,4
989168,989168,3956672,7789,344,1376,1394.0,0.0,1394.0,1520,1520,797.6744186046511,31,0,1000000,3000,4
989364,989364,3957456,7790,196,784,733.0,0.0,733.0,829,829,501.65816326530614,17,0,1000000,3000,4
989538,989538,3958152,7791,174,696,809.0,0.0,809.0,898,899,547.6379310344828,18,0,1000000,3000,4
989629,989629,3958516,7792,91,364,615.0,0.0,615.0,691,691,335.64835164835165,14,0,1000000,3000,4
989661,989661,3958644,7793,32,128,243.0,0.0,243.0,306,306,158.78125,7,0,1000000,3000,4
989735,989735,3958940,7794,74,296,610.0,0.0,610.0,681,681,339.4054054054054,14,0,1000000,3000,4
989777,989777,3959108,7795,42,168,227.0,0.0,227.0,292,292,162.04761904761904,6,0,1000000,3000,4
989875,989875,3959500,7796,98,392,648.0,0.0,648.0,722,722,371.2448979591837,15,0,1000000,3000,4
989910,989910,3959640,7797,35,140,241.0,0.0,241.0,304,304,160.42857142857142,7,0,1000000,3000,4
990008,990008,3960032,7798,98,392,648.0,0.0,648.0,722,722,343.7244897959184,15,0,1000000,3000,4
990053,990053,3960212,7799,45,180,240.0,0.0,240.0,305,305,138.88888888888889,7,0,1000000,3000,4
990087,990087,3960348,7800,34,136,246.0,0.0,246.0,309,309,147.2058823529412,7,0,1000000,3000,4
990119,990119,3960476,7801,32,128,246.0,0.0,246.0,310,310,145.5,7,0,1000000,3000,4
990313,990313,3961252,7802,194,776,1031.0,0.0,1031.0,1124,1124,571.4742268041238,23,0,1000000,3000,4
990586,990586,3962344,7803,273,1092,1016.0,0.0,1016.0,1125,1125,613.6556776556777,23,0,1000000,3000,4
990704,990704,3962816,7804,118,472,600.0,0.0,600.0,679,679,375.10169491525426,14,0,1000000,3000,4
990748,990748,3962992,7805,44,176,231.0,0.0,231.0,296,296,150.54545454545453,6,0,1000000,3000,4
990942,990942,3963768,7806,194,776,759.0,0.0,759.0,854,854,505.62886597938143,18,0,1000000,3000,4
990984,990984,3963936,7807,42,168,232.0,0.0,232.0,297,297,146.6904761904762,6,0,1000000,3000,4
991020,991020,3964080,7808,36,144,237.0,0.0,237.0,301,301,162.44444444444446,7,0,1000000,3000,4
991224,991224,3964896,7809,204,816,1324.0,0.0,1324.0,1421,1421,719.3480392156863,29,0,1000000,3000,4
991322,991322,3965288,7810,98,392,619.0,0.0,619.0,695,695,332.1938775510204,14,0,1000000,3000,4
991362,991362,3965448,7811,40,160,233.0,0.0,233.0,298,298,160.425,6,0,1000000,3000,4
991476,991476,3965904,7812,114,456,618.0,0.0,618.0,698,698,350.39473684210526,14,0,1000000,3000,4
991670,991670,3966680,7813,194,776,805.0,0.0,805.0,898,898,529.7422680412371,18,0,1000000,3000,4
991712,991712,3966848,7814,42,168,231.0,0.0,231.0,296,296,158.4047619047619,6,0,1000000,3000,4
991802,991802,3967208,7815,90,360,617.0,0.0,617.0,691,691,393.74444444444447,14,0,1000000,3000,4
991892,991892,3967568,7816,90,360,628.0,0.0,628.0,703,703,348.5111111111111,15,0,1000000,3000,4
991929,991929,3967716,7817,37,148,245.0,0.0,245.0,308,308,146.97297297297297,7,0,1000000,3000,4
992042,992042,3968168,7818,113,452,583.0,0.0,583.0,662,662,395.6991150442478,14,0,1000000,3000,4
992314,992314,3969256,7819,272,1088,1678.0,0.0,1678.0,1788,1788,886.9669117647059,36,0,1000000,3000,4
992469,992469,3969876,7820,155,620,745.0,0.0,745.0,832,832,493.27096774193546,17,0,1000000,3000,4
992590,992590,3970360,7821,121,484,594.0,0.0,594.0,675,675,386.8347107438017,14,0,1000000,3000,4
992629,992629,3970516,7822,39,156,239.0,0.0,239.0,303,303,150.33333333333334,7,0,1000000,3000,4
992671,992671,3970684,7823,42,168,241.0,0.0,241.0,305,305,151.14285714285714,7,0,1000000,3000,4
992902,992902,3971608,7824,231,924,1304.0,0.0,1304.0,1407,1407,694.025974025974,29,0,1000000,3000,4
993009,993009,3972036,7825,107,428,586.0,0.0,586.0,663,663,406.29906542056074,14,0,1000000,3000,4
993049,993049,3972196,7826,40,160,240.0,0.0,240.0,305,305,154.375,7,0,1000000,3000,4
993091,993091,3972364,7827,42,168,228.0,0.0,228.0,293,293,164.21428571428572,6,0,1000000,3000,4
993181,993181,3972724,7828,90,360,633.0,0.0,633.0,707,707,360.43333333333334,15,0,1000000,3000,4
993221,993221,3972884,7829,40,160,231.0,0.0,231.0,295,295,163.6,6,0,1000000,3000,4
993444,993444,3973776,7830,223,892,1122.0,0.0,1122.0,1221,1221,655.5650224215246,25,0,1000000,3000,4
993478,993478,3973912,7831,34,136,240.0,0.0,240.0,303,303,158.23529411764707,7,0,1000000,3000,4
993519,993519,3974076,7832,41,164,223.0,0.0,223.0,287,287,161.9512195121951,6,0,1000000,3000,4
993561,993561,3974244,7833,42,168,229.0,0.0,229.0,293,293,164.71428571428572,6,0,1000000,3000,4
993714,993714,3974856,7834,153,612,1038.0,0.0,1038.0,1124,1124,569.5359477124183,23,0,1000000,3000,4
993802,993802,3975208,7835,88,352,634.0,0.0,634.0,707,707,372.84090909090907,15,0,1000000,3000,4
993835,993835,3975340,7836,33,132,238.0,0.0,238.0,301,301,165.9090909090909,7,0,1000000,3000,4
993938,993938,3975752,7837,103,412,589.0,0.0,589.0,666,666,414.6796116504854,14,0,1000000,3000,4
993977,993977,3975908,7838,39,156,240.0,0.0,240.0,303,303,157.53846153846155,7,0,1000000,3000,4
994064,994064,3976256,7839,87,348,626.0,0.0,626.0,700,700,371.7931034482759,15,0,1000000,3000,4
994192,994192,3976768,7840,128,512,599.0,0.0,599.0,680,680,409.2265625,14,0,1000000,3000,4
994231,994231,3976924,7841,39,156,238.0,0.0,238.0,302,302,161.0,7,0,1000000,3000,4
994272,994272,3977088,7842,41,164,232.0,0.0,232.0,296,296,162.8048780487805,6,0,1000000,3000,4
994308,994308,3977232,7843,36,144,237.0,0.0,237.0,301,301,161.47222222222223,7,0,1000000,3000,4
994346,994346,3977384,7844,38,152,233.0,0.0,233.0,296,296,163.71052631578948,6,0,1000000,3000,4
994538,994538,3978152,7845,192,768,1044.0,0.0,1044.0,1139,1139,591.2239583333334,23,0,1000000,3000,4
994623,994623,3978492,7846,85,340,633.0,0.0,633.0,706,706,376.25882352941176,15,0,1000000,3000,4
994751,994751,3979004,7847,128,512,586.0,0.0,586.0,668,668,387.2734375,14,0,1000000,3000,4
994793,994793,3979172,7848,42,168,232.0,0.0,232.0,297,297,160.04761904761904,6,0,1000000,3000,4
994983,994983,3979932,7849,190,760,805.0,0.0,805.0,898,898,600.8736842105263,18,0,1000000,3000,4
995085,995085,3980340,7850,102,408,627.0,0.0,627.0,704,704,365.80392156862746,15,0,1000000,3000,4
995258,995258,3981032,7851,173,692,1047.0,0.0,1047.0,1138,1138,571.8843930635838,23,0,1000000,3000,4
995587,995587,3982348,7852,329,1316,1018.0,0.0,1018.0,1140,1140,640.4802431610942,23,0,1000000,3000,4
995756,995756,3983024,7853,169,676,1048.0,0.0,1048.0,1138,1138,565.3313609467456,23,0,1000000,3000,4
995796,995796,3983184,7854,40,160,230.0,0.0,230.0,295,295,160.025,6,0,1000000,3000,4
995952,995952,3983808,7855,156,624,734.0,0.0,734.0,822,822,476.47435897435895,17,0,1000000,3000,4
996075,996075,3984300,7856,123,492,601.0,0.0,601.0,681,681,383.6829268292683,14,0,1000000,3000,4
996350,996350,3985400,7857,275,1100,1028.0,0.0,1028.0,1139,1139,668.1454545454545,23,0,1000000,3000,4
996605,996605,3986420,7858,255,1020,792.0,0.0,792.0,898,898,655.0156862745098,18,0,1000000,3000,4
996644,996644,3986576,7859,39,156,238.0,0.0,238.0,302,302,149.64102564102564,7,0,1000000,3000,4
996737,996737,3986948,7860,93,372,636.0,0.0,636.0,711,711,364.7741935483871,15,0,1000000,3000,4
997012,997012,3988048,7861,275,1100,1400.0,0.0,1400.0,1511,1511,767.4545454545455,31,0,1000000,3000,4
997050,997050,3988200,7862,38,152,243.0,0.0,243.0,307,307,155.6578947368421,7,0,1000000,3000,4
997090,997090,3988360,7863,40,160,230.0,0.0,230.0,295,295,158.25,6,0,1000000,3000,4
997189,997189,3988756,7864,99,396,602.0,0.0,602.0,678,678,395.16161616161617,14,0,1000000,3000,4
997367,997367,3989468,7865,178,712,1034.0,0.0,1034.0,1124,1124,631.061797752809,23,0,1000000,3000,4
997531,997531,3990124,7866,164,656,746.0,0.0,746.0,834,834,503.4939024390244,17,0,1000000,3000,4
997727,997727,3990908,7867,196,784,747.0,0.0,747.0,843,843,511.5612244897959,17,0,1000000,3000,4
997895,997895,3991580,7868,168,672,766.0,0.0,766.0,855,855,499.07142857142856,18,0,1000000,3000,4
997934,997934,3991736,7869,39,156,238.0,0.0,238.0,302,302,154.74358974358975,7,0,1000000,3000,4
997968,997968,3991872,7870,34,136,243.0,0.0,243.0,306,306,158.2058823529412,7,0,1000000,3000,4
998012,998012,3992048,7871,44,176,223.0,0.0,223.0,288,288,161.27272727272728,6,0,1000000,3000,4
998141,998141,3992564,7872,129,516,622.0,0.0,622.0,704,704,354.48062015503876,15,0,1000000,3000,4
998416,998416,3993664,7873,275,1100,1324.0,0.0,1324.0,1436,1436,675.5927272727273,29,0,1000000,3000,4
998526,998526,3994104,7874,110,440,607.0,0.0,607.0,686,686,364.1818181818182,14,0,1000000,3000,4
998763,998763,3995052,7875,237,948,1319.0,0.0,1319.0,1423,1423,734.5991561181435,29,0,1000000,3000,4
998930,998930,3995720,7876,167,668,634.0,0.0,634.0,722,723,470.8443113772455,15,0,1000000,3000,4
998969,998969,3995876,7877,39,156,239.0,0.0,239.0,303,303,157.53846153846155,7,0,1000000,3000,4
999010,999010,3996040,7878,41,164,231.0,0.0,231.0,296,296,160.4390243902439,6,0,1000000,3000,4
999224,999224,3996896,7879,214,856,1311.0,0.0,1311.0,1410,1410,728.7850467289719,29,0,1000000,3000,4
999265,999265,3997060,7880,41,164,237.0,0.0,237.0,302,302,151.1951219512195,7,0,1000000,3000,4
999446,999446,3997784,7881,181,724,776.0,0.0,776.0,869,869,527.2707182320441,18,0,1000000,3000,4
999494,999494,3997976,7882,48,192,217.0,0.0,217.0,282,282,162.625,6,0,1000000,3000,4
999538,999538,3998152,7883,44,176,229.0,0.0,229.0,294,294,153.61363636363637,6,0,1000000,3000,4
999869,999869,3999476,7884,331,1324,1288.0,0.0,1288.0,1411,1411,733.2749244712991,29,0,1000000,3000,4
