global_step,global_decision_step,approx_global_env_frame_step,episode,episode_decision_steps,episode_approx_env_frame_steps,episode_ext_reward,episode_int_reward,episode_total_reward,episode_final_x_pos,episode_max_x_pos,episode_mean_x_pos,visited_bins,episode_timeout,train_total_timesteps,train_max_episode_steps,frame_skip
197,197,788,0,197,788,569.0,0.0,569.0,665,665,437.6345177664975,14,0,1000000,3000,4
332,332,1328,1,135,540,586.0,0.0,586.0,670,670,317.6740740740741,14,0,1000000,3000,4
482,482,1928,2,150,600,638.0,0.0,638.0,722,723,459.52666666666664,15,0,1000000,3000,4
742,742,2968,3,260,1040,791.0,0.0,791.0,898,898,539.1038461538461,18,0,1000000,3000,4
1517,1517,6068,4,775,3100,1018.0,0.0,1018.0,1231,1231,704.7445161290323,25,0,1000000,3000,4
1993,1993,7972,5,476,1904,1086.0,0.0,1086.0,1239,1239,652.1323529411765,25,0,1000000,3000,4
2253,2253,9012,6,260,1040,1014.0,0.0,1014.0,1120,1122,621.45,23,0,1000000,3000,4
2339,2339,9356,7,86,344,611.0,0.0,611.0,684,684,341.59302325581393,14,0,1000000,3000,4
3864,3864,15456,8,1525,6100,760.0,0.0,760.0,1119,1122,748.5291803278689,23,0,1000000,3000,4
4901,4901,19604,9,1037,4148,868.0,0.0,868.0,1132,1132,754.9450337512054,23,0,1000000,3000,4
5452,5452,21808,10,551,2204,669.0,0.0,669.0,836,836,620.399274047187,17,0,1000000,3000,4
5619,5619,22476,11,167,668,634.0,0.0,634.0,722,722,455.6946107784431,15,0,1000000,3000,4
6421,6421,25684,12,802,3208,2536.0,0.0,2536.0,2752,2752,1139.9625935162094,56,0,1000000,3000,4
6651,6651,26604,13,230,920,755.0,0.0,755.0,856,856,514.6086956521739,18,0,1000000,3000,4
7052,7052,28208,14,401,1604,1534.0,0.0,1534.0,1672,1672,763.1720698254364,34,0,1000000,3000,4
7156,7156,28624,15,104,416,606.0,0.0,606.0,683,683,379.47115384615387,14,0,1000000,3000,4
7185,7185,28740,16,29,116,249.0,0.0,249.0,312,312,153.41379310344828,7,0,1000000,3000,4
7267,7267,29068,17,82,328,619.0,0.0,619.0,693,693,398.8414634146341,14,0,1000000,3000,4
7308,7308,29232,18,41,164,230.0,0.0,230.0,296,296,163.6341463414634,6,0,1000000,3000,4
7339,7339,29356,19,31,124,250.0,0.0,250.0,314,314,156.67741935483872,7,0,1000000,3000,4
7533,7533,30132,20,194,776,1428.0,0.0,1428.0,1523,1523,728.7680412371134,31,0,1000000,3000,4
7806,7806,31224,21,273,1092,1322.0,0.0,1322.0,1434,1434,695.3040293040293,29,0,1000000,3000,4
7955,7955,31820,22,149,596,785.0,0.0,785.0,871,871,555.51677852349,18,0,1000000,3000,4
8113,8113,32452,23,158,632,812.0,0.0,812.0,898,899,545.5253164556962,18,0,1000000,3000,4
8146,8146,32584,24,33,132,249.0,0.0,249.0,313,313,144.4848484848485,7,0,1000000,3000,4
8333,8333,33332,25,187,748,806.0,0.0,806.0,898,899,615.6737967914438,18,0,1000000,3000,4
8426,8426,33704,26,93,372,608.0,0.0,608.0,682,682,322.4623655913978,14,0,1000000,3000,4
8523,8523,34092,27,97,388,618.0,0.0,618.0,694,694,389.8144329896907,14,0,1000000,3000,4
8562,8562,34248,28,39,156,240.0,0.0,240.0,304,304,150.5897435897436,7,0,1000000,3000,4
8640,8640,34560,29,78,312,639.0,0.0,639.0,711,711,384.46153846153845,15,0,1000000,3000,4
8790,8790,35160,30,150,600,1042.0,0.0,1042.0,1127,1127,560.0533333333333,23,0,1000000,3000,4
8959,8959,35836,31,169,676,1338.0,0.0,1338.0,1429,1429,716.7041420118343,29,0,1000000,3000,4
9003,9003,36012,32,44,176,227.0,0.0,227.0,293,293,154.5909090909091,6,0,1000000,3000,4
9094,9094,36376,33,91,364,621.0,0.0,621.0,697,697,346.1868131868132,14,0,1000000,3000,4
9126,9126,36504,34,32,128,248.0,0.0,248.0,312,312,155.09375,7,0,1000000,3000,4
9218,9218,36872,35,92,368,632.0,0.0,632.0,707,707,343.4021739130435,15,0,1000000,3000,4
9260,9260,37040,36,42,168,237.0,0.0,237.0,303,303,139.76190476190476,7,0,1000000,3000,4
9447,9447,37788,37,187,748,630.0,0.0,630.0,722,722,433.3850267379679,15,0,1000000,3000,4
9491,9491,37964,38,44,176,224.0,0.0,224.0,289,289,161.13636363636363,6,0,1000000,3000,4
9532,9532,38128,39,41,164,236.0,0.0,236.0,300,300,153.9512195121951,7,0,1000000,3000,4
9648,9648,38592,40,116,464,583.0,0.0,583.0,662,662,385.91379310344826,14,0,1000000,3000,4
9685,9685,38740,41,37,148,246.0,0.0,246.0,309,309,147.32432432432432,7,0,1000000,3000,4
9767,9767,39068,42,82,328,630.0,0.0,630.0,704,704,353.7073170731707,15,0,1000000,3000,4
10045,10045,40180,43,278,1112,774.0,0.0,774.0,885,885,587.4676258992806,18,0,1000000,3000,4
10223,10223,40892,44,178,712,757.0,0.0,757.0,848,848,531.2696629213483,17,0,1000000,3000,4
10438,10438,41752,45,215,860,1044.0,0.0,1044.0,1144,1144,567.7116279069768,23,0,1000000,3000,4
10965,10965,43860,46,527,2108,1251.0,0.0,1251.0,1412,1412,799.6982922201139,29,0,1000000,3000,4
11119,11119,44476,47,154,616,637.0,0.0,637.0,722,722,483.012987012987,15,0,1000000,3000,4
11225,11225,44900,48,106,424,624.0,0.0,624.0,703,703,326.6320754716981,15,0,1000000,3000,4
11276,11276,45104,49,51,204,221.0,0.0,221.0,286,286,150.68627450980392,6,0,1000000,3000,4
11469,11469,45876,50,193,772,606.0,0.0,606.0,701,701,436.5181347150259,15,0,1000000,3000,4
11520,11520,46080,51,51,204,229.0,0.0,229.0,295,295,136.49019607843138,6,0,1000000,3000,4
11680,11680,46720,52,160,640,572.0,0.0,572.0,660,660,400.6,14,0,1000000,3000,4
11725,11725,46900,53,45,180,231.0,0.0,231.0,296,296,152.57777777777778,6,0,1000000,3000,4
12056,12056,48224,54,331,1324,1888.0,0.0,1888.0,2010,2010,941.7401812688822,41,0,1000000,3000,4
12180,12180,48720,55,124,496,598.0,0.0,598.0,678,678,379.33870967741933,14,0,1000000,3000,4
12296,12296,49184,56,116,464,608.0,0.0,608.0,687,687,360.3189655172414,14,0,1000000,3000,4
12555,12555,50220,57,259,1036,1020.0,0.0,1020.0,1126,1126,666.1776061776062,23,0,1000000,3000,4
12855,12855,51420,58,300,1200,1384.0,0.0,1384.0,1501,1501,766.9566666666667,31,0,1000000,3000,4
13042,13042,52168,59,187,748,1042.0,0.0,1042.0,1136,1136,580.6310160427807,23,0,1000000,3000,4
13297,13297,53188,60,255,1020,1319.0,0.0,1319.0,1426,1426,706.5764705882353,29,0,1000000,3000,4
13487,13487,53948,61,190,760,1321.0,0.0,1321.0,1416,1416,703.5631578947368,29,0,1000000,3000,4
13587,13587,54348,62,100,400,627.0,0.0,627.0,703,703,353.88,15,0,1000000,3000,4
13631,13631,54524,63,44,176,233.0,0.0,233.0,299,299,140.4318181818182,6,0,1000000,3000,4
13734,13734,54936,64,103,412,608.0,0.0,608.0,685,685,336.3883495145631,14,0,1000000,3000,4
13775,13775,55100,65,41,164,231.0,0.0,231.0,295,295,160.26829268292684,6,0,1000000,3000,4
13811,13811,55244,66,36,144,247.0,0.0,247.0,312,312,152.22222222222223,7,0,1000000,3000,4
13880,13880,55520,67,69,276,605.0,0.0,605.0,676,676,310.39130434782606,14,0,1000000,3000,4
14027,14027,56108,68,147,588,597.0,0.0,597.0,683,683,448.63945578231295,14,0,1000000,3000,4
14125,14125,56500,69,98,392,624.0,0.0,624.0,700,700,373.7040816326531,15,0,1000000,3000,4
14257,14257,57028,70,132,528,602.0,0.0,602.0,684,684,363.81060606060606,14,0,1000000,3000,4
14302,14302,57208,71,45,180,232.0,0.0,232.0,297,297,149.53333333333333,6,0,1000000,3000,4
14355,14355,57420,72,53,212,212.0,0.0,212.0,278,278,161.20754716981133,6,0,1000000,3000,4
14642,14642,58568,73,287,1148,786.0,0.0,786.0,898,898,647.3693379790941,18,0,1000000,3000,4
15097,15097,60388,74,455,1820,1006.0,0.0,1006.0,1154,1154,767.8065934065934,24,0,1000000,3000,4
15135,15135,60540,75,38,152,242.0,0.0,242.0,307,307,146.47368421052633,7,0,1000000,3000,4
15229,15229,60916,76,94,376,612.0,0.0,612.0,687,687,383.24468085106383,14,0,1000000,3000,4
15326,15326,61304,77,97,388,628.0,0.0,628.0,704,704,364.2680412371134,15,0,1000000,3000,4
15372,15372,61488,78,46,184,212.0,0.0,212.0,277,277,173.04347826086956,6,0,1000000,3000,4
15407,15407,61628,79,35,140,249.0,0.0,249.0,314,314,145.8,7,0,1000000,3000,4
15812,15812,63248,80,405,1620,1286.0,0.0,1286.0,1424,1424,803.3333333333334,29,0,1000000,3000,4
15865,15865,63460,81,53,212,214.0,0.0,214.0,281,281,152.9056603773585,6,0,1000000,3000,4
15908,15908,63632,82,43,172,224.0,0.0,224.0,288,288,167.30232558139534,6,0,1000000,3000,4
15952,15952,63808,83,44,176,232.0,0.0,232.0,297,297,154.0909090909091,6,0,1000000,3000,4
16001,16001,64004,84,49,196,220.0,0.0,220.0,285,285,156.9591836734694,6,0,1000000,3000,4
16660,16660,66640,85,659,2636,936.0,0.0,936.0,1122,1122,769.7192716236723,23,0,1000000,3000,4
16760,16760,67040,86,100,400,625.0,0.0,625.0,701,701,369.43,15,0,1000000,3000,4
17248,17248,68992,87,488,1952,746.0,0.0,746.0,898,898,683.0717213114754,18,0,1000000,3000,4
17560,17560,70240,88,312,1248,1009.0,0.0,1009.0,1126,1126,735.3717948717949,23,0,1000000,3000,4
17786,17786,71144,89,226,904,798.0,0.0,798.0,898,898,593.9557522123894,18,0,1000000,3000,4
17888,17888,71552,90,102,408,616.0,0.0,616.0,692,692,376.5,14,0,1000000,3000,4
18254,18254,73016,91,366,1464,693.0,0.0,693.0,824,824,594.6311475409836,17,0,1000000,3000,4
18804,18804,75216,92,550,2200,733.0,0.0,733.0,898,901,686.3981818181818,19,0,1000000,3000,4
19058,19058,76232,93,254,1016,793.0,0.0,793.0,898,899,694.2992125984252,18,0,1000000,3000,4
19309,19309,77236,94,251,1004,1327.0,0.0,1327.0,1435,1435,711.8127490039841,29,0,1000000,3000,4
19393,19393,77572,95,84,336,625.0,0.0,625.0,699,699,350.39285714285717,14,0,1000000,3000,4
20232,20232,80928,96,839,3356,924.0,0.0,924.0,1149,1149,704.4636471990465,23,0,1000000,3000,4
20390,20390,81560,97,158,632,636.0,0.0,636.0,722,722,475.32278481012656,15,0,1000000,3000,4
20591,20591,82364,98,201,804,803.0,0.0,803.0,898,898,552.044776119403,18,0,1000000,3000,4
21469,21469,85876,99,878,3512,1202.0,0.0,1202.0,1435,1435,730.6150341685649,29,0,1000000,3000,4
21522,21522,86088,100,53,212,210.0,0.0,210.0,277,277,157.16981132075472,6,0,1000000,3000,4
21553,21553,86212,101,31,124,251.0,0.0,251.0,314,314,149.74193548387098,7,0,1000000,3000,4
21797,21797,87188,102,244,976,734.0,0.0,734.0,840,840,521.3852459016393,17,0,1000000,3000,4
21834,21834,87336,103,37,148,229.0,0.0,229.0,293,293,171.35135135135135,6,0,1000000,3000,4
22010,22010,88040,104,176,704,605.0,0.0,605.0,698,698,445.5625,14,0,1000000,3000,4
22055,22055,88220,105,45,180,239.0,0.0,239.0,304,304,135.51111111111112,7,0,1000000,3000,4
22160,22160,88640,106,105,420,618.0,0.0,618.0,694,694,371.1714285714286,14,0,1000000,3000,4
22193,22193,88772,107,33,132,247.0,0.0,247.0,311,311,147.15151515151516,7,0,1000000,3000,4
22546,22546,90184,108,353,1412,997.0,0.0,997.0,1122,1122,655.3796033994334,23,0,1000000,3000,4
22645,22645,90580,109,99,396,626.0,0.0,626.0,702,702,365.26262626262627,15,0,1000000,3000,4
23149,23149,92596,110,504,2016,971.0,0.0,971.0,1127,1127,726.0496031746031,23,0,1000000,3000,4
23183,23183,92732,111,34,136,246.0,0.0,246.0,310,310,148.94117647058823,7,0,1000000,3000,4
23306,23306,93224,112,123,492,750.0,0.0,750.0,832,832,511.2682926829268,17,0,1000000,3000,4
23356,23356,93424,113,50,200,206.0,0.0,206.0,273,273,169.46,6,0,1000000,3000,4
23682,23682,94728,114,326,1304,1030.0,0.0,1030.0,1153,1153,680.3251533742331,24,0,1000000,3000,4
23819,23819,95276,115,137,548,640.0,0.0,640.0,722,722,538.007299270073,15,0,1000000,3000,4
24146,24146,96584,116,327,1308,1284.0,0.0,1284.0,1406,1406,798.571865443425,29,0,1000000,3000,4
24181,24181,96724,117,35,140,234.0,0.0,234.0,297,297,166.4,6,0,1000000,3000,4
24278,24278,97112,118,97,388,630.0,0.0,630.0,706,706,361.680412371134,15,0,1000000,3000,4
24316,24316,97264,119,38,152,239.0,0.0,239.0,304,304,158.26315789473685,7,0,1000000,3000,4
24397,24397,97588,120,81,324,630.0,0.0,630.0,704,704,365.22222222222223,15,0,1000000,3000,4
24440,24440,97760,121,43,172,227.0,0.0,227.0,292,292,164.5581395348837,6,0,1000000,3000,4
24473,24473,97892,122,33,132,245.0,0.0,245.0,309,309,162.33333333333334,7,0,1000000,3000,4
24573,24573,98292,123,100,400,595.0,0.0,595.0,671,671,404.94,14,0,1000000,3000,4
24742,24742,98968,124,169,676,810.0,0.0,810.0,898,898,560.3431952662722,18,0,1000000,3000,4
24780,24780,99120,125,38,152,238.0,0.0,238.0,301,301,155.6315789473684,7,0,1000000,3000,4
24993,24993,99972,126,213,852,1311.0,0.0,1311.0,1410,1410,735.9342723004695,29,0,1000000,3000,4
25028,25028,100112,127,35,140,237.0,0.0,237.0,301,301,163.8,7,0,1000000,3000,4
25123,25123,100492,128,95,380,629.0,0.0,629.0,703,703,369.4736842105263,15,0,1000000,3000,4
25351,25351,101404,129,228,912,1028.0,0.0,1028.0,1129,1129,623.2105263157895,23,0,1000000,3000,4
25391,25391,101564,130,40,160,234.0,0.0,234.0,299,299,159.275,6,0,1000000,3000,4
25623,25623,102492,131,232,928,1035.0,0.0,1035.0,1138,1138,637.7931034482758,23,0,1000000,3000,4
25903,25903,103612,132,280,1120,1026.0,0.0,1026.0,1138,1138,642.1607142857143,23,0,1000000,3000,4
26016,26016,104064,133,113,452,602.0,0.0,602.0,681,681,386.50442477876106,14,0,1000000,3000,4
26057,26057,104228,134,41,164,233.0,0.0,233.0,298,298,158.9512195121951,6,0,1000000,3000,4
26168,26168,104672,135,111,444,624.0,0.0,624.0,703,703,360.1711711711712,15,0,1000000,3000,4
26277,26277,105108,136,109,436,628.0,0.0,628.0,706,706,358.0642201834862,15,0,1000000,3000,4
26318,26318,105272,137,41,164,232.0,0.0,232.0,296,296,156.5609756097561,6,0,1000000,3000,4
26617,26617,106468,138,299,1196,1388.0,0.0,1388.0,1504,1504,735.2006688963211,31,0,1000000,3000,4
26911,26911,107644,139,294,1176,1024.0,0.0,1024.0,1139,1139,635.0850340136054,23,0,1000000,3000,4
26955,26955,107820,140,44,176,214.0,0.0,214.0,278,278,174.4318181818182,6,0,1000000,3000,4
27180,27180,108720,141,225,900,1038.0,0.0,1038.0,1138,1138,615.8177777777778,23,0,1000000,3000,4
27225,27225,108900,142,45,180,230.0,0.0,230.0,295,295,148.2,6,0,1000000,3000,4
27612,27612,110448,143,387,1548,766.0,0.0,766.0,898,898,622.0723514211886,18,0,1000000,3000,4
27834,27834,111336,144,222,888,712.0,0.0,712.0,812,812,549.1936936936937,17,0,1000000,3000,4
27934,27934,111736,145,100,400,625.0,0.0,625.0,701,701,362.08,15,0,1000000,3000,4
28144,28144,112576,146,210,840,718.0,0.0,718.0,816,816,545.3857142857142,17,0,1000000,3000,4
28507,28507,114028,147,363,1452,1401.0,0.0,1401.0,1530,1530,714.4325068870523,31,0,1000000,3000,4
28620,28620,114480,148,113,452,632.0,0.0,632.0,711,711,345.4159292035398,15,0,1000000,3000,4
28941,28941,115764,149,321,1284,727.0,0.0,727.0,848,848,577.8878504672897,17,0,1000000,3000,4
29263,29263,117052,150,322,1288,1315.0,0.0,1315.0,1437,1437,749.2267080745341,29,0,1000000,3000,4
29582,29582,118328,151,319,1276,1011.0,0.0,1011.0,1131,1131,620.4043887147335,23,0,1000000,3000,4
29805,29805,119220,152,223,892,1025.0,0.0,1025.0,1124,1124,606.1255605381166,23,0,1000000,3000,4
30176,30176,120704,153,371,1484,1291.0,0.0,1291.0,1422,1422,638.6576819407009,29,0,1000000,3000,4
30539,30539,122156,154,363,1452,771.0,0.0,771.0,898,899,546.8953168044077,18,0,1000000,3000,4
30843,30843,123372,155,304,1216,1391.0,0.0,1391.0,1507,1507,813.9342105263158,31,0,1000000,3000,4
30903,30903,123612,156,60,240,200.0,0.0,200.0,267,267,150.4,6,0,1000000,3000,4
31112,31112,124448,157,209,836,789.0,0.0,789.0,887,887,493.57894736842104,18,0,1000000,3000,4
31293,31293,125172,158,181,724,719.0,0.0,719.0,812,812,458.6243093922652,17,0,1000000,3000,4
31472,31472,125888,159,179,716,757.0,0.0,757.0,848,848,497.1005586592179,17,0,1000000,3000,4
31526,31526,126104,160,54,216,215.0,0.0,215.0,281,281,149.94444444444446,6,0,1000000,3000,4
31655,31655,126620,161,129,516,588.0,0.0,588.0,670,670,371.968992248062,14,0,1000000,3000,4
31819,31819,127276,162,164,656,717.0,0.0,717.0,806,806,473.7682926829268,17,0,1000000,3000,4
31935,31935,127740,163,116,464,597.0,0.0,597.0,676,676,371.7241379310345,14,0,1000000,3000,4
32047,32047,128188,164,112,448,621.0,0.0,621.0,700,700,350.74107142857144,15,0,1000000,3000,4
32426,32426,129704,165,379,1516,1272.0,0.0,1272.0,1404,1404,692.2269129287599,29,0,1000000,3000,4
32821,32821,131284,166,395,1580,1002.0,0.0,1002.0,1137,1137,647.8936708860759,23,0,1000000,3000,4
33184,33184,132736,167,363,1452,1008.0,0.0,1008.0,1137,1137,620.3223140495868,23,0,1000000,3000,4
33368,33368,133472,168,184,736,631.0,0.0,631.0,722,723,424.0,15,0,1000000,3000,4
33423,33423,133692,169,55,220,206.0,0.0,206.0,272,272,164.61818181818182,6,0,1000000,3000,4
34038,34038,136152,170,615,2460,1842.0,0.0,1842.0,2021,2021,804.2048780487805,41,0,1000000,3000,4
34926,34926,139704,171,888,3552,891.0,0.0,891.0,1124,1124,804.5,23,0,1000000,3000,4
35123,35123,140492,172,197,788,803.0,0.0,803.0,897,898,544.7817258883249,18,0,1000000,3000,4
35536,35536,142144,173,413,1652,1788.0,0.0,1788.0,1926,1926,923.6343825665859,39,0,1000000,3000,4
35676,35676,142704,174,140,560,621.0,0.0,621.0,706,706,338.2142857142857,15,0,1000000,3000,4
35732,35732,142928,175,56,224,202.0,0.0,202.0,269,269,165.48214285714286,6,0,1000000,3000,4
36466,36466,145864,176,734,2936,1315.0,0.0,1315.0,1518,1518,699.5803814713896,31,0,1000000,3000,4
36615,36615,146460,177,149,596,638.0,0.0,638.0,722,724,487.28187919463085,15,0,1000000,3000,4
36656,36656,146624,178,41,164,237.0,0.0,237.0,302,302,152.02439024390245,7,0,1000000,3000,4
37748,37748,150992,179,1092,4368,855.0,0.0,855.0,1128,1128,724.4587912087912,23,0,1000000,3000,4
37920,37920,151680,180,172,688,809.0,0.0,809.0,898,898,581.3139534883721,18,0,1000000,3000,4
38303,38303,153212,181,383,1532,767.0,0.0,767.0,898,899,660.1879895561358,18,0,1000000,3000,4
38394,38394,153576,182,91,364,624.0,0.0,624.0,699,699,384.15384615384613,14,0,1000000,3000,4
38430,38430,153720,183,36,144,241.0,0.0,241.0,305,305,156.30555555555554,7,0,1000000,3000,4
38469,38469,153876,184,39,156,240.0,0.0,240.0,304,304,151.07692307692307,7,0,1000000,3000,4
38644,38644,154576,185,175,700,764.0,0.0,764.0,855,855,485.1257142857143,18,0,1000000,3000,4
38818,38818,155272,186,174,696,809.0,0.0,809.0,898,899,602.816091954023,18,0,1000000,3000,4
38945,38945,155780,187,127,508,717.0,0.0,717.0,798,798,454.3622047244094,16,0,1000000,3000,4
39054,39054,156216,188,109,436,608.0,0.0,608.0,686,686,373.51376146788994,14,0,1000000,3000,4
39278,39278,157112,189,224,896,1313.0,0.0,1313.0,1413,1413,715.5625,29,0,1000000,3000,4
39321,39321,157284,190,43,172,244.0,0.0,244.0,310,310,134.67441860465115,7,0,1000000,3000,4
40090,40090,160360,191,769,3076,1204.0,0.0,1204.0,1413,1413,838.4889466840052,29,0,1000000,3000,4
40129,40129,160516,192,39,156,242.0,0.0,242.0,305,305,152.10256410256412,7,0,1000000,3000,4
40280,40280,161120,193,151,604,637.0,0.0,637.0,722,722,501.5298013245033,15,0,1000000,3000,4
40863,40863,163452,194,583,2332,682.0,0.0,682.0,855,855,661.9313893653516,18,0,1000000,3000,4
42509,42509,170036,195,1646,6584,751.0,0.0,751.0,1137,1137,717.4921020656136,23,0,1000000,3000,4
43112,43112,172448,196,603,2412,1252.0,0.0,1252.0,1429,1429,804.7114427860696,29,0,1000000,3000,4
43228,43228,172912,197,116,464,599.0,0.0,599.0,680,680,392.32758620689657,14,0,1000000,3000,4
43606,43606,174424,198,378,1512,1289.0,0.0,1289.0,1422,1422,783.074074074074,29,0,1000000,3000,4
44924,44924,179696,199,1318,5272,810.0,0.0,810.0,1129,1129,728.8619119878604,23,0,1000000,3000,4
45029,45029,180116,200,105,420,621.0,0.0,621.0,699,699,382.9809523809524,14,0,1000000,3000,4
45071,45071,180284,201,42,168,223.0,0.0,223.0,288,288,168.02380952380952,6,0,1000000,3000,4
45352,45352,181408,202,281,1124,1015.0,0.0,1015.0,1126,1126,670.170818505338,23,0,1000000,3000,4
45776,45776,183104,203,424,1696,759.0,0.0,759.0,898,898,614.8537735849056,18,0,1000000,3000,4
45901,45901,183604,204,125,500,614.0,0.0,614.0,696,696,366.256,14,0,1000000,3000,4
45946,45946,183784,205,45,180,221.0,0.0,221.0,286,286,160.57777777777778,6,0,1000000,3000,4
46087,46087,184348,206,141,564,730.0,0.0,730.0,815,815,503.2411347517731,17,0,1000000,3000,4
47345,47345,189380,207,1258,5032,1355.0,0.0,1355.0,1664,1664,854.318759936407,34,0,1000000,3000,4
47508,47508,190032,208,163,652,634.0,0.0,634.0,720,722,456.2638036809816,15,0,1000000,3000,4
47664,47664,190656,209,156,624,630.0,0.0,630.0,715,723,481.1794871794872,15,0,1000000,3000,4
47772,47772,191088,210,108,432,604.0,0.0,604.0,683,683,275.51851851851853,14,0,1000000,3000,4
47943,47943,191772,211,171,684,608.0,0.0,608.0,699,699,398.6374269005848,14,0,1000000,3000,4
48298,48298,193192,212,355,1420,771.0,0.0,771.0,897,898,620.6253521126761,18,0,1000000,3000,4
48394,48394,193576,213,96,384,626.0,0.0,626.0,702,702,377.59375,15,0,1000000,3000,4
48752,48752,195008,214,358,1432,1274.0,0.0,1274.0,1402,1402,741.413407821229,29,0,1000000,3000,4
49302,49302,197208,215,550,2200,1263.0,0.0,1263.0,1430,1430,679.7145454545455,29,0,1000000,3000,4
49393,49393,197572,216,91,364,624.0,0.0,624.0,699,699,354.1098901098901,14,0,1000000,3000,4
49649,49649,198596,217,256,1024,1314.0,0.0,1314.0,1423,1423,684.24609375,29,0,1000000,3000,4
49691,49691,198764,218,42,168,245.0,0.0,245.0,311,311,134.14285714285714,7,0,1000000,3000,4
49739,49739,198956,219,48,192,211.0,0.0,211.0,277,277,169.75,6,0,1000000,3000,4
49987,49987,199948,220,248,992,1418.0,0.0,1418.0,1524,1524,714.3064516129032,31,0,1000000,3000,4
50055,50055,200220,221,68,272,620.0,0.0,620.0,691,691,338.5735294117647,14,0,1000000,3000,4
50253,50253,201012,222,198,792,1029.0,0.0,1029.0,1123,1123,575.1262626262626,23,0,1000000,3000,4
50294,50294,201176,223,41,164,231.0,0.0,231.0,296,296,159.82926829268294,6,0,1000000,3000,4
50373,50373,201492,224,79,316,611.0,0.0,611.0,684,684,319.4810126582278,14,0,1000000,3000,4
50577,50577,202308,225,204,816,1412.0,0.0,1412.0,1508,1508,701.8088235294117,31,0,1000000,3000,4
50714,50714,202856,226,137,548,640.0,0.0,640.0,722,724,513.6423357664233,15,0,1000000,3000,4
50886,50886,203544,227,172,688,809.0,0.0,809.0,898,898,565.0058139534884,18,0,1000000,3000,4
51391,51391,205564,228,505,2020,1374.0,0.0,1374.0,1531,1531,773.5049504950495,31,0,1000000,3000,4
51522,51522,206088,229,131,524,805.0,0.0,805.0,889,889,568.6106870229007,18,0,1000000,3000,4
51705,51705,206820,230,183,732,807.0,0.0,807.0,898,899,562.1584699453551,18,0,1000000,3000,4
51996,51996,207984,231,291,1164,1014.0,0.0,1014.0,1128,1128,669.9003436426117,23,0,1000000,3000,4
52027,52027,208108,232,31,124,249.0,0.0,249.0,313,313,154.83870967741936,7,0,1000000,3000,4
52222,52222,208888,233,195,780,804.0,0.0,804.0,898,898,572.574358974359,18,0,1000000,3000,4
52305,52305,209220,234,83,332,639.0,0.0,639.0,713,713,382.27710843373495,15,0,1000000,3000,4
52565,52565,210260,235,260,1040,1324.0,0.0,1324.0,1433,1433,753.5730769230769,29,0,1000000,3000,4
52669,52669,210676,236,104,416,610.0,0.0,610.0,688,688,397.0,14,0,1000000,3000,4
52767,52767,211068,237,98,392,622.0,0.0,622.0,697,697,383.4795918367347,14,0,1000000,3000,4
52800,52800,211200,238,33,132,245.0,0.0,245.0,308,308,160.3030303030303,7,0,1000000,3000,4
53116,53116,212464,239,316,1264,1553.0,0.0,1553.0,1674,1674,804.6360759493671,34,0,1000000,3000,4
53145,53145,212580,240,29,116,249.0,0.0,249.0,312,312,157.17241379310346,7,0,1000000,3000,4
53287,53287,213148,241,142,568,776.0,0.0,776.0,861,861,546.330985915493,18,0,1000000,3000,4
53323,53323,213292,242,36,144,246.0,0.0,246.0,311,311,140.16666666666666,7,0,1000000,3000,4
53500,53500,214000,243,177,708,1034.0,0.0,1034.0,1124,1124,644.6666666666666,23,0,1000000,3000,4
53529,53529,214116,244,29,116,248.0,0.0,248.0,311,311,157.0344827586207,7,0,1000000,3000,4
53557,53557,214228,245,28,112,247.0,0.0,247.0,310,310,155.67857142857142,7,0,1000000,3000,4
53988,53988,215952,246,431,1724,757.0,0.0,757.0,898,898,679.2436194895591,18,0,1000000,3000,4
54133,54133,216532,247,145,580,638.0,0.0,638.0,722,722,526.1655172413793,15,0,1000000,3000,4
54317,54317,217268,248,184,736,1697.0,0.0,1697.0,1789,1789,958.2173913043479,36,0,1000000,3000,4
54469,54469,217876,249,152,608,637.0,0.0,637.0,722,724,496.8881578947368,15,0,1000000,3000,4
54635,54635,218540,250,166,664,717.0,0.0,717.0,806,806,586.0060240963855,17,0,1000000,3000,4
54779,54779,219116,251,144,576,1044.0,0.0,1044.0,1128,1128,590.7638888888889,23,0,1000000,3000,4
54934,54934,219736,252,155,620,1348.0,0.0,1348.0,1436,1436,739.825806451613,29,0,1000000,3000,4
55020,55020,220080,253,86,344,632.0,0.0,632.0,706,706,381.95348837209303,15,0,1000000,3000,4
55079,55079,220316,254,59,236,611.0,0.0,611.0,680,680,336.22033898305085,14,0,1000000,3000,4
55159,55159,220636,255,80,320,610.0,0.0,610.0,683,683,354.775,14,0,1000000,3000,4
55699,55699,222796,256,540,2160,735.0,0.0,735.0,898,899,687.6666666666666,18,0,1000000,3000,4
55759,55759,223036,257,60,240,611.0,0.0,611.0,680,680,337.1666666666667,14,0,1000000,3000,4
56090,56090,224360,258,331,1324,777.0,0.0,777.0,898,898,659.558912386707,18,0,1000000,3000,4
56924,56924,227696,259,834,3336,676.0,0.0,676.0,897,899,707.1223021582733,18,0,1000000,3000,4
57002,57002,228008,260,78,312,627.0,0.0,627.0,700,700,345.0769230769231,15,0,1000000,3000,4
57326,57326,229304,261,324,1296,1007.0,0.0,1007.0,1127,1127,677.4475308641976,23,0,1000000,3000,4
57365,57365,229460,262,39,156,240.0,0.0,240.0,304,304,156.82051282051282,7,0,1000000,3000,4
58387,58387,233548,263,1022,4088,1174.0,0.0,1174.0,1436,1436,732.0988258317026,29,0,1000000,3000,4
58427,58427,233708,264,40,160,234.0,0.0,234.0,298,298,154.025,6,0,1000000,3000,4
58512,58512,234048,265,85,340,608.0,0.0,608.0,682,682,305.05882352941177,14,0,1000000,3000,4
58781,58781,235124,266,269,1076,1014.0,0.0,1014.0,1123,1123,672.3717472118959,23,0,1000000,3000,4
58816,58816,235264,267,35,140,242.0,0.0,242.0,306,306,156.25714285714287,7,0,1000000,3000,4
59005,59005,236020,268,189,756,806.0,0.0,806.0,898,899,599.0952380952381,18,0,1000000,3000,4
59042,59042,236168,269,37,148,245.0,0.0,245.0,310,310,147.2972972972973,7,0,1000000,3000,4
59212,59212,236848,270,170,680,1342.0,0.0,1342.0,1433,1433,687.1117647058824,29,0,1000000,3000,4
59244,59244,236976,271,32,128,252.0,0.0,252.0,316,316,151.375,7,0,1000000,3000,4
59536,59536,238144,272,292,1168,1673.0,0.0,1673.0,1786,1786,833.1232876712329,36,0,1000000,3000,4
59713,59713,238852,273,177,708,632.0,0.0,632.0,722,722,474.864406779661,15,0,1000000,3000,4
59786,59786,239144,274,73,292,611.0,0.0,611.0,683,683,325.972602739726,14,0,1000000,3000,4
59896,59896,239584,275,110,440,618.0,0.0,618.0,698,698,370.3,14,0,1000000,3000,4
59934,59934,239736,276,38,152,231.0,0.0,231.0,295,295,169.68421052631578,6,0,1000000,3000,4
60168,60168,240672,277,234,936,1573.0,0.0,1573.0,1677,1677,785.3290598290598,34,0,1000000,3000,4
60198,60198,240792,278,30,120,251.0,0.0,251.0,314,314,156.53333333333333,7,0,1000000,3000,4
60450,60450,241800,279,252,1008,1686.0,0.0,1686.0,1794,1794,823.9007936507936,36,0,1000000,3000,4
60632,60632,242528,280,182,728,1045.0,0.0,1045.0,1138,1138,605.9615384615385,23,0,1000000,3000,4
60675,60675,242700,281,43,172,232.0,0.0,232.0,295,295,159.1860465116279,6,0,1000000,3000,4
60825,60825,243300,282,150,600,737.0,0.0,737.0,823,823,474.08,17,0,1000000,3000,4
61111,61111,244444,283,286,1144,1543.0,0.0,1543.0,1658,1658,798.9195804195804,34,0,1000000,3000,4
61142,61142,244568,284,31,124,249.0,0.0,249.0,312,312,155.90322580645162,7,0,1000000,3000,4
61429,61429,245716,285,287,1148,1128.0,0.0,1128.0,1242,1242,724.4529616724739,25,0,1000000,3000,4
61464,61464,245856,286,35,140,245.0,0.0,245.0,309,309,150.45714285714286,7,0,1000000,3000,4
61605,61605,246420,287,141,564,753.0,0.0,753.0,839,839,509.50354609929076,17,0,1000000,3000,4
61645,61645,246580,288,40,160,229.0,0.0,229.0,294,294,154.325,6,0,1000000,3000,4
61770,61770,247080,289,125,500,716.0,0.0,716.0,798,798,440.568,16,0,1000000,3000,4
61809,61809,247236,290,39,156,225.0,0.0,225.0,289,289,175.4102564102564,6,0,1000000,3000,4
61976,61976,247904,291,167,668,1328.0,0.0,1328.0,1417,1417,732.1976047904192,29,0,1000000,3000,4
62197,62197,248788,292,221,884,1035.0,0.0,1035.0,1136,1136,700.0588235294117,23,0,1000000,3000,4
62228,62228,248912,293,31,124,251.0,0.0,251.0,315,315,148.80645161290323,7,0,1000000,3000,4
62399,62399,249596,294,171,684,1037.0,0.0,1037.0,1127,1127,607.1286549707602,23,0,1000000,3000,4
62430,62430,249720,295,31,124,246.0,0.0,246.0,310,310,147.38709677419354,7,0,1000000,3000,4
62594,62594,250376,296,164,656,739.0,0.0,739.0,828,828,519.1829268292682,17,0,1000000,3000,4
62814,62814,251256,297,220,880,1333.0,0.0,1333.0,1435,1435,678.3636363636364,29,0,1000000,3000,4
62959,62959,251836,298,145,580,1044.0,0.0,1044.0,1129,1129,633.1724137931035,23,0,1000000,3000,4
62990,62990,251960,299,31,124,249.0,0.0,249.0,313,313,151.0,7,0,1000000,3000,4
63021,63021,252084,300,31,124,251.0,0.0,251.0,315,315,155.74193548387098,7,0,1000000,3000,4
63061,63061,252244,301,40,160,234.0,0.0,234.0,298,298,158.5,6,0,1000000,3000,4
63217,63217,252868,302,156,624,1043.0,0.0,1043.0,1130,1130,570.6282051282051,23,0,1000000,3000,4
63468,63468,253872,303,251,1004,1707.0,0.0,1707.0,1815,1815,884.5657370517928,37,0,1000000,3000,4
63597,63597,254388,304,129,516,1047.0,0.0,1047.0,1128,1128,585.7596899224807,23,0,1000000,3000,4
63841,63841,255364,305,244,976,1687.0,0.0,1687.0,1792,1792,897.3483606557377,36,0,1000000,3000,4
63872,63872,255488,306,31,124,243.0,0.0,243.0,307,307,154.80645161290323,7,0,1000000,3000,4
63906,63906,255624,307,34,136,252.0,0.0,252.0,316,316,154.11764705882354,7,0,1000000,3000,4
64109,64109,256436,308,203,812,717.0,0.0,717.0,815,815,566.2118226600985,17,0,1000000,3000,4
64265,64265,257060,309,156,624,1041.0,0.0,1041.0,1128,1128,624.9102564102565,23,0,1000000,3000,4
64301,64301,257204,310,36,144,247.0,0.0,247.0,312,312,154.16666666666666,7,0,1000000,3000,4
64716,64716,258864,311,415,1660,1010.0,0.0,1010.0,1150,1150,792.6072289156626,24,0,1000000,3000,4
64788,64788,259152,312,72,288,653.0,0.0,653.0,722,722,387.0,15,0,1000000,3000,4
64817,64817,259268,313,29,116,252.0,0.0,252.0,315,315,155.93103448275863,7,0,1000000,3000,4
64961,64961,259844,314,144,576,815.0,0.0,815.0,898,899,596.8402777777778,18,0,1000000,3000,4
65058,65058,260232,315,97,388,601.0,0.0,601.0,677,677,407.54639175257734,14,0,1000000,3000,4
65187,65187,260748,316,129,516,733.0,0.0,733.0,816,816,492.2015503875969,17,0,1000000,3000,4
65295,65295,261180,317,108,432,604.0,0.0,604.0,683,683,385.6296296296296,14,0,1000000,3000,4
65324,65324,261296,318,29,116,250.0,0.0,250.0,313,313,156.10344827586206,7,0,1000000,3000,4
65565,65565,262260,319,241,964,1694.0,0.0,1694.0,1800,1800,795.6224066390041,37,0,1000000,3000,4
65699,65699,262796,320,134,536,789.0,0.0,789.0,873,873,546.4626865671642,18,0,1000000,3000,4
65980,65980,263920,321,281,1124,700.0,0.0,700.0,814,814,618.6903914590747,17,0,1000000,3000,4
66253,66253,265012,322,273,1092,1411.0,0.0,1411.0,1523,1523,781.5567765567765,31,0,1000000,3000,4
66619,66619,266476,323,366,1464,1303.0,0.0,1303.0,1434,1434,737.0737704918033,29,0,1000000,3000,4
66773,66773,267092,324,154,616,743.0,0.0,743.0,831,831,500.12987012987014,17,0,1000000,3000,4
66912,66912,267648,325,139,556,720.0,0.0,720.0,803,803,508.15107913669067,17,0,1000000,3000,4
66950,66950,267800,326,38,152,242.0,0.0,242.0,306,306,150.78947368421052,7,0,1000000,3000,4
67037,67037,268148,327,87,348,624.0,0.0,624.0,699,699,406.8735632183908,14,0,1000000,3000,4
67071,67071,268284,328,34,136,248.0,0.0,248.0,312,312,150.97058823529412,7,0,1000000,3000,4
67323,67323,269292,329,252,1008,1689.0,0.0,1689.0,1795,1795,878.2222222222222,36,0,1000000,3000,4
67499,67499,269996,330,176,704,1342.0,0.0,1342.0,1435,1435,675.0965909090909,29,0,1000000,3000,4
67707,67707,270828,331,208,832,1031.0,0.0,1031.0,1128,1128,686.9663461538462,23,0,1000000,3000,4
67792,67792,271168,332,85,340,607.0,0.0,607.0,681,681,305.2470588235294,14,0,1000000,3000,4
68006,68006,272024,333,214,856,1332.0,0.0,1332.0,1432,1432,663.6121495327103,29,0,1000000,3000,4
68044,68044,272176,334,38,152,242.0,0.0,242.0,307,307,146.57894736842104,7,0,1000000,3000,4
68151,68151,272604,335,107,428,607.0,0.0,607.0,686,686,398.1214953271028,14,0,1000000,3000,4
68186,68186,272744,336,35,140,247.0,0.0,247.0,311,311,142.0,7,0,1000000,3000,4
68379,68379,273516,337,193,772,805.0,0.0,805.0,898,898,553.2279792746114,18,0,1000000,3000,4
68655,68655,274620,338,276,1104,1018.0,0.0,1018.0,1128,1128,658.7355072463768,23,0,1000000,3000,4
68688,68688,274752,339,33,132,249.0,0.0,249.0,313,313,149.36363636363637,7,0,1000000,3000,4
68856,68856,275424,340,168,672,810.0,0.0,810.0,898,898,560.375,18,0,1000000,3000,4
69005,69005,276020,341,149,596,592.0,0.0,592.0,679,679,439.9865771812081,14,0,1000000,3000,4
69387,69387,277548,342,382,1528,767.0,0.0,767.0,898,898,672.7696335078534,18,0,1000000,3000,4
69499,69499,277996,343,112,448,590.0,0.0,590.0,669,669,397.5,14,0,1000000,3000,4
69535,69535,278140,344,36,144,250.0,0.0,250.0,315,315,145.47222222222223,7,0,1000000,3000,4
69570,69570,278280,345,35,140,236.0,0.0,236.0,300,300,164.31428571428572,7,0,1000000,3000,4
69827,69827,279308,346,257,1028,1412.0,0.0,1412.0,1521,1521,724.6225680933852,31,0,1000000,3000,4
69868,69868,279472,347,41,164,230.0,0.0,230.0,296,296,153.65853658536585,6,0,1000000,3000,4
69956,69956,279824,348,88,352,605.0,0.0,605.0,680,680,323.625,14,0,1000000,3000,4
70041,70041,280164,349,85,340,610.0,0.0,610.0,684,684,339.49411764705883,14,0,1000000,3000,4
70077,70077,280308,350,36,144,243.0,0.0,243.0,308,308,150.36111111111111,7,0,1000000,3000,4
70333,70333,281332,351,256,1024,1416.0,0.0,1416.0,1523,1523,766.234375,31,0,1000000,3000,4
70687,70687,282748,352,354,1416,773.0,0.0,773.0,898,898,683.457627118644,18,0,1000000,3000,4
70740,70740,282960,353,53,212,207.0,0.0,207.0,273,273,163.1509433962264,6,0,1000000,3000,4
70985,70985,283940,354,245,980,712.0,0.0,712.0,819,819,504.59183673469386,17,0,1000000,3000,4
71105,71105,284420,355,120,480,606.0,0.0,606.0,687,687,359.3333333333333,14,0,1000000,3000,4
71422,71422,285688,356,317,1268,1304.0,0.0,1304.0,1424,1424,707.9242902208202,29,0,1000000,3000,4
71504,71504,286016,357,82,328,622.0,0.0,622.0,695,695,323.0853658536585,14,0,1000000,3000,4
71545,71545,286180,358,41,164,233.0,0.0,233.0,298,298,151.65853658536585,6,0,1000000,3000,4
71881,71881,287524,359,336,1344,1002.0,0.0,1002.0,1124,1124,662.6160714285714,23,0,1000000,3000,4
71931,71931,287724,360,50,200,238.0,0.0,238.0,306,306,130.98,7,0,1000000,3000,4
71979,71979,287916,361,48,192,217.0,0.0,217.0,282,282,162.70833333333334,6,0,1000000,3000,4
72160,72160,288640,362,181,724,578.0,0.0,578.0,671,671,390.3867403314917,14,0,1000000,3000,4
72344,72344,289376,363,184,736,1033.0,0.0,1033.0,1124,1124,503.3967391304348,23,0,1000000,3000,4
72483,72483,289932,364,139,556,640.0,0.0,640.0,722,723,522.4676258992806,15,0,1000000,3000,4
72682,72682,290728,365,199,796,1313.0,0.0,1313.0,1409,1409,699.7386934673367,29,0,1000000,3000,4
72727,72727,290908,366,45,180,231.0,0.0,231.0,295,295,149.86666666666667,6,0,1000000,3000,4
73194,73194,292776,367,467,1868,978.0,0.0,978.0,1126,1126,692.6423982869379,23,0,1000000,3000,4
73569,73569,294276,368,375,1500,769.0,0.0,769.0,898,899,653.7413333333334,18,0,1000000,3000,4
73605,73605,294420,369,36,144,246.0,0.0,246.0,310,310,141.86111111111111,7,0,1000000,3000,4
73780,73780,295120,370,175,700,576.0,0.0,576.0,668,668,476.2628571428571,14,0,1000000,3000,4
73903,73903,295612,371,123,492,1069.0,0.0,1069.0,1151,1151,531.9024390243902,24,0,1000000,3000,4
74050,74050,296200,372,147,588,814.0,0.0,814.0,898,898,584.5578231292517,18,0,1000000,3000,4
74238,74238,296952,373,188,752,1030.0,0.0,1030.0,1123,1123,642.4521276595744,23,0,1000000,3000,4
74389,74389,297556,374,151,604,813.0,0.0,813.0,898,898,561.7019867549669,18,0,1000000,3000,4
74426,74426,297704,375,37,148,248.0,0.0,248.0,313,313,149.24324324324326,7,0,1000000,3000,4
74556,74556,298224,376,130,520,591.0,0.0,591.0,673,673,374.2769230769231,14,0,1000000,3000,4
74676,74676,298704,377,120,480,724.0,0.0,724.0,804,804,467.825,17,0,1000000,3000,4
74849,74849,299396,378,173,692,754.0,0.0,754.0,846,846,499.04624277456645,17,0,1000000,3000,4
74885,74885,299540,379,36,144,244.0,0.0,244.0,308,308,153.05555555555554,7,0,1000000,3000,4
74961,74961,299844,380,76,304,628.0,0.0,628.0,701,701,347.92105263157896,15,0,1000000,3000,4
75122,75122,300488,381,161,644,1330.0,0.0,1330.0,1418,1418,626.1366459627329,29,0,1000000,3000,4
75274,75274,301096,382,152,608,813.0,0.0,813.0,898,899,591.3092105263158,18,0,1000000,3000,4
75315,75315,301260,383,41,164,229.0,0.0,229.0,294,294,163.82926829268294,6,0,1000000,3000,4
75397,75397,301588,384,82,328,651.0,0.0,651.0,722,722,362.280487804878,15,0,1000000,3000,4
75583,75583,302332,385,186,744,1140.0,0.0,1140.0,1233,1233,676.5913978494624,25,0,1000000,3000,4
75625,75625,302500,386,42,168,231.0,0.0,231.0,297,297,149.28571428571428,6,0,1000000,3000,4
75663,75663,302652,387,38,152,235.0,0.0,235.0,299,299,163.3421052631579,6,0,1000000,3000,4
75741,75741,302964,388,78,312,619.0,0.0,619.0,691,691,342.2435897435897,14,0,1000000,3000,4
75938,75938,303752,389,197,788,804.0,0.0,804.0,898,899,535.8172588832488,18,0,1000000,3000,4
75980,75980,303920,390,42,168,235.0,0.0,235.0,301,301,151.11904761904762,7,0,1000000,3000,4
76130,76130,304520,391,150,600,638.0,0.0,638.0,722,722,512.6266666666667,15,0,1000000,3000,4
76170,76170,304680,392,40,160,238.0,0.0,238.0,302,302,148.7,7,0,1000000,3000,4
76466,76466,305864,393,296,1184,1316.0,0.0,1316.0,1433,1433,776.4662162162163,29,0,1000000,3000,4
77295,77295,309180,394,829,3316,617.0,0.0,617.0,839,839,664.6417370325694,17,0,1000000,3000,4
77478,77478,309912,395,183,732,610.0,0.0,610.0,703,703,430.2896174863388,15,0,1000000,3000,4
78512,78512,314048,396,1034,4136,872.0,0.0,872.0,1135,1135,752.9129593810445,23,0,1000000,3000,4
78550,78550,314200,397,38,152,239.0,0.0,239.0,303,303,157.76315789473685,7,0,1000000,3000,4
78661,78661,314644,398,111,444,645.0,0.0,645.0,722,722,336.6666666666667,15,0,1000000,3000,4
78706,78706,314824,399,45,180,238.0,0.0,238.0,302,302,145.82222222222222,7,0,1000000,3000,4
78755,78755,315020,400,49,196,211.0,0.0,211.0,278,278,162.81632653061226,6,0,1000000,3000,4
79671,79671,318684,401,916,3664,659.0,0.0,659.0,897,899,720.6626637554585,18,0,1000000,3000,4
79990,79990,319960,402,319,1276,731.0,0.0,731.0,852,852,572.5235109717868,18,0,1000000,3000,4
80962,80962,323848,403,972,3888,649.0,0.0,649.0,898,899,680.6543209876543,18,0,1000000,3000,4
81116,81116,324464,404,154,616,605.0,0.0,605.0,692,692,443.03246753246754,14,0,1000000,3000,4
81161,81161,324644,405,45,180,227.0,0.0,227.0,292,292,155.0,6,0,1000000,3000,4
81202,81202,324808,406,41,164,243.0,0.0,243.0,308,308,142.3170731707317,7,0,1000000,3000,4
81327,81327,325308,407,125,500,591.0,0.0,591.0,671,671,382.968,14,0,1000000,3000,4
81380,81380,325520,408,53,212,211.0,0.0,211.0,277,277,153.96226415094338,6,0,1000000,3000,4
81652,81652,326608,409,272,1088,789.0,0.0,789.0,898,899,598.2720588235294,18,0,1000000,3000,4
81693,81693,326772,410,41,164,221.0,0.0,221.0,285,285,175.3170731707317,6,0,1000000,3000,4
82318,82318,329272,411,625,2500,1231.0,0.0,1231.0,1410,1410,768.728,29,0,1000000,3000,4
82408,82408,329632,412,90,360,650.0,0.0,650.0,722,722,364.97777777777776,15,0,1000000,3000,4
82680,82680,330720,413,272,1088,789.0,0.0,789.0,898,898,643.7242647058823,18,0,1000000,3000,4
82717,82717,330868,414,37,148,243.0,0.0,243.0,306,306,156.1891891891892,7,0,1000000,3000,4
82795,82795,331180,415,78,312,638.0,0.0,638.0,710,710,387.0769230769231,15,0,1000000,3000,4
82911,82911,331644,416,116,464,624.0,0.0,624.0,704,704,369.98275862068965,15,0,1000000,3000,4
82999,82999,331996,417,88,352,615.0,0.0,615.0,690,690,390.34090909090907,14,0,1000000,3000,4
83102,83102,332408,418,103,412,599.0,0.0,599.0,676,676,397.2718446601942,14,0,1000000,3000,4
83132,83132,332528,419,30,120,247.0,0.0,247.0,311,311,150.0,7,0,1000000,3000,4
83164,83164,332656,420,32,128,249.0,0.0,249.0,313,313,155.125,7,0,1000000,3000,4
83408,83408,333632,421,244,976,1021.0,0.0,1021.0,1125,1125,639.5655737704918,23,0,1000000,3000,4
83504,83504,334016,422,96,384,624.0,0.0,624.0,701,701,366.7708333333333,15,0,1000000,3000,4
83720,83720,334880,423,216,864,1025.0,0.0,1025.0,1123,1124,596.3194444444445,23,0,1000000,3000,4
83797,83797,335188,424,77,308,610.0,0.0,610.0,682,682,321.1818181818182,14,0,1000000,3000,4
83828,83828,335312,425,31,124,248.0,0.0,248.0,312,312,150.61290322580646,7,0,1000000,3000,4
83860,83860,335440,426,32,128,251.0,0.0,251.0,315,315,145.96875,7,0,1000000,3000,4
83951,83951,335804,427,91,364,615.0,0.0,615.0,691,691,401.45054945054943,14,0,1000000,3000,4
84202,84202,336808,428,251,1004,1325.0,0.0,1325.0,1433,1433,675.5458167330677,29,0,1000000,3000,4
84342,84342,337368,429,140,560,757.0,0.0,757.0,842,842,501.95714285714286,17,0,1000000,3000,4
84445,84445,337780,430,103,412,608.0,0.0,608.0,686,686,337.28155339805824,14,0,1000000,3000,4
84495,84495,337980,431,50,200,213.0,0.0,213.0,279,279,161.82,6,0,1000000,3000,4
84646,84646,338584,432,151,604,781.0,0.0,781.0,869,869,496.5298013245033,18,0,1000000,3000,4
84690,84690,338760,433,44,176,225.0,0.0,225.0,290,290,159.02272727272728,6,0,1000000,3000,4
84998,84998,339992,434,308,1232,1003.0,0.0,1003.0,1120,1120,729.1850649350649,23,0,1000000,3000,4
85040,85040,340160,435,42,168,239.0,0.0,239.0,305,305,145.11904761904762,7,0,1000000,3000,4
85213,85213,340852,436,173,692,633.0,0.0,633.0,722,723,476.7514450867052,15,0,1000000,3000,4
85473,85473,341892,437,260,1040,792.0,0.0,792.0,898,899,561.7653846153846,18,0,1000000,3000,4
85524,85524,342096,438,51,204,216.0,0.0,216.0,283,283,145.58823529411765,6,0,1000000,3000,4
85764,85764,343056,439,240,960,1305.0,0.0,1305.0,1409,1409,708.9375,29,0,1000000,3000,4
86175,86175,344700,440,411,1644,669.0,0.0,669.0,808,808,615.8832116788321,17,0,1000000,3000,4
86289,86289,345156,441,114,456,591.0,0.0,591.0,669,669,390.05263157894734,14,0,1000000,3000,4
86523,86523,346092,442,234,936,1045.0,0.0,1045.0,1149,1149,572.0555555555555,23,0,1000000,3000,4
86704,86704,346816,443,181,724,1032.0,0.0,1032.0,1124,1124,595.4751381215469,23,0,1000000,3000,4
86802,86802,347208,444,98,392,622.0,0.0,622.0,698,698,384.4387755102041,14,0,1000000,3000,4
86854,86854,347416,445,52,208,210.0,0.0,210.0,276,276,163.03846153846155,6,0,1000000,3000,4
87407,87407,349628,446,553,2212,1267.0,0.0,1267.0,1435,1435,770.3562386980109,29,0,1000000,3000,4
87568,87568,350272,447,161,644,635.0,0.0,635.0,722,722,478.41614906832297,15,0,1000000,3000,4
87737,87737,350948,448,169,676,760.0,0.0,760.0,850,850,500.0769230769231,18,0,1000000,3000,4
87830,87830,351320,449,93,372,605.0,0.0,605.0,680,680,286.8817204301075,14,0,1000000,3000,4
87995,87995,351980,450,165,660,757.0,0.0,757.0,847,847,489.58787878787876,17,0,1000000,3000,4
88099,88099,352396,451,104,416,615.0,0.0,615.0,693,693,329.125,14,0,1000000,3000,4
88273,88273,353092,452,174,696,1036.0,0.0,1036.0,1125,1125,599.4885057471264,23,0,1000000,3000,4
88310,88310,353240,453,37,148,239.0,0.0,239.0,302,302,161.94594594594594,7,0,1000000,3000,4
88350,88350,353400,454,40,160,235.0,0.0,235.0,301,301,153.35,7,0,1000000,3000,4
88385,88385,353540,455,35,140,244.0,0.0,244.0,308,308,158.97142857142856,7,0,1000000,3000,4
88476,88476,353904,456,91,364,614.0,0.0,614.0,690,690,326.83516483516485,14,0,1000000,3000,4
88629,88629,354516,457,153,612,813.0,0.0,813.0,898,898,556.0065359477125,18,0,1000000,3000,4
88669,88669,354676,458,40,160,235.0,0.0,235.0,300,300,152.575,7,0,1000000,3000,4
88776,88776,355104,459,107,428,594.0,0.0,594.0,673,673,401.1682242990654,14,0,1000000,3000,4
88981,88981,355924,460,205,820,762.0,0.0,762.0,860,860,536.7121951219513,18,0,1000000,3000,4
89171,89171,356684,461,190,760,806.0,0.0,806.0,898,898,533.3947368421053,18,0,1000000,3000,4
89352,89352,357408,462,181,724,631.0,0.0,631.0,722,722,410.5303867403315,15,0,1000000,3000,4
89694,89694,358776,463,342,1368,1283.0,0.0,1283.0,1407,1407,661.1812865497076,29,0,1000000,3000,4
89884,89884,359536,464,190,760,630.0,0.0,630.0,722,723,412.1421052631579,15,0,1000000,3000,4
89929,89929,359716,465,45,180,228.0,0.0,228.0,294,294,150.75555555555556,6,0,1000000,3000,4
90463,90463,361852,466,534,2136,1251.0,0.0,1251.0,1412,1412,715.5411985018727,29,0,1000000,3000,4
90596,90596,362384,467,133,532,612.0,0.0,612.0,695,695,345.6390977443609,14,0,1000000,3000,4
90929,90929,363716,468,333,1332,1293.0,0.0,1293.0,1414,1414,726.8858858858858,29,0,1000000,3000,4
90966,90966,363864,469,37,148,234.0,0.0,234.0,299,299,158.3783783783784,6,0,1000000,3000,4
91009,91009,364036,470,43,172,227.0,0.0,227.0,292,292,157.7906976744186,6,0,1000000,3000,4
91041,91041,364164,471,32,128,248.0,0.0,248.0,311,311,153.28125,7,0,1000000,3000,4
91532,91532,366128,472,491,1964,1255.0,0.0,1255.0,1410,1410,761.735234215886,29,0,1000000,3000,4
92046,92046,368184,473,514,2056,1275.0,0.0,1275.0,1435,1435,730.7315175097276,29,0,1000000,3000,4
92959,92959,371836,474,913,3652,889.0,0.0,889.0,1126,1126,724.2946330777656,23,0,1000000,3000,4
93002,93002,372008,475,43,172,236.0,0.0,236.0,302,302,151.02325581395348,7,0,1000000,3000,4
93382,93382,373528,476,380,1520,1110.0,0.0,1110.0,1243,1243,668.4710526315789,25,0,1000000,3000,4
93879,93879,375516,477,497,1988,970.0,0.0,970.0,1124,1124,684.0160965794769,23,0,1000000,3000,4
93924,93924,375696,478,45,180,219.0,0.0,219.0,283,283,160.48888888888888,6,0,1000000,3000,4
94580,94580,378320,479,656,2624,712.0,0.0,712.0,898,898,687.6432926829268,18,0,1000000,3000,4
95157,95157,380628,480,577,2308,1485.0,0.0,1485.0,1656,1656,789.6863084922011,34,0,1000000,3000,4
95326,95326,381304,481,169,676,1035.0,0.0,1035.0,1123,1125,586.9526627218935,23,0,1000000,3000,4
96011,96011,384044,482,685,2740,1598.0,0.0,1598.0,1790,1790,788.9751824817519,36,0,1000000,3000,4
96117,96117,384468,483,106,424,629.0,0.0,629.0,708,708,356.72641509433964,15,0,1000000,3000,4
96154,96154,384616,484,37,148,240.0,0.0,240.0,305,305,151.1891891891892,7,0,1000000,3000,4
96192,96192,384768,485,38,152,239.0,0.0,239.0,302,302,159.23684210526315,7,0,1000000,3000,4
96510,96510,386040,486,318,1272,1678.0,0.0,1678.0,1798,1798,799.437106918239,36,0,1000000,3000,4
96709,96709,386836,487,199,796,804.0,0.0,804.0,898,898,553.1507537688442,18,0,1000000,3000,4
96947,96947,387788,488,238,952,1025.0,0.0,1025.0,1128,1128,619.2689075630252,23,0,1000000,3000,4
96991,96991,387964,489,44,176,231.0,0.0,231.0,296,296,151.20454545454547,6,0,1000000,3000,4
97258,97258,389032,490,267,1068,1307.0,0.0,1307.0,1416,1416,669.5393258426966,29,0,1000000,3000,4
97302,97302,389208,491,44,176,232.0,0.0,232.0,298,298,146.27272727272728,6,0,1000000,3000,4
97583,97583,390332,492,281,1124,1298.0,0.0,1298.0,1410,1410,732.982206405694,29,0,1000000,3000,4
97661,97661,390644,493,78,312,626.0,0.0,626.0,698,698,341.7435897435897,14,0,1000000,3000,4
97700,97700,390800,494,39,156,231.0,0.0,231.0,296,296,159.94871794871796,6,0,1000000,3000,4
97736,97736,390944,495,36,144,241.0,0.0,241.0,305,305,155.55555555555554,7,0,1000000,3000,4
98029,98029,392116,496,293,1172,1012.0,0.0,1012.0,1125,1125,717.7337883959044,23,0,1000000,3000,4
98067,98067,392268,497,38,152,238.0,0.0,238.0,303,303,149.92105263157896,7,0,1000000,3000,4
98306,98306,393224,498,239,956,1335.0,0.0,1335.0,1440,1440,733.8200836820083,29,0,1000000,3000,4
98414,98414,393656,499,108,432,601.0,0.0,601.0,679,679,374.3703703703704,14,0,1000000,3000,4
98571,98571,394284,500,157,628,588.0,0.0,588.0,676,676,478.85350318471336,14,0,1000000,3000,4
98875,98875,395500,501,304,1216,705.0,0.0,705.0,821,821,567.0526315789474,17,0,1000000,3000,4
99442,99442,397768,502,567,2268,670.0,0.0,670.0,839,839,649.3703703703703,17,0,1000000,3000,4
99488,99488,397952,503,46,184,209.0,0.0,209.0,274,274,177.08695652173913,6,0,1000000,3000,4
99536,99536,398144,504,48,192,217.0,0.0,217.0,283,283,155.95833333333334,6,0,1000000,3000,4
99821,99821,399284,505,285,1140,737.0,0.0,737.0,852,852,511.87368421052633,18,0,1000000,3000,4
99868,99868,399472,506,47,188,215.0,0.0,215.0,280,280,163.25531914893617,6,0,1000000,3000,4
99965,99965,399860,507,97,388,634.0,0.0,634.0,711,711,346.3814432989691,15,0,1000000,3000,4
100009,100009,400036,508,44,176,228.0,0.0,228.0,293,293,154.22727272727272,6,0,1000000,3000,4
100065,100065,400260,509,56,224,202.0,0.0,202.0,269,269,163.78571428571428,6,0,1000000,3000,4
100180,100180,400720,510,115,460,622.0,0.0,622.0,702,702,317.37391304347824,15,0,1000000,3000,4
100218,100218,400872,511,38,152,248.0,0.0,248.0,313,313,136.89473684210526,7,0,1000000,3000,4
100443,100443,401772,512,225,900,799.0,0.0,799.0,898,898,529.8222222222222,18,0,1000000,3000,4
100505,100505,402020,513,62,248,196.0,0.0,196.0,264,264,155.5,6,0,1000000,3000,4
100776,100776,403104,514,271,1084,789.0,0.0,789.0,898,899,649.1328413284133,18,0,1000000,3000,4
101186,101186,404744,515,410,1640,1267.0,0.0,1267.0,1406,1406,702.7926829268292,29,0,1000000,3000,4
101707,101707,406828,516,521,2084,2311.0,0.0,2311.0,2470,2470,1197.1362763915547,50,0,1000000,3000,4
102031,102031,408124,517,324,1296,1020.0,0.0,1020.0,1141,1141,672.4320987654321,23,0,1000000,3000,4
102072,102072,408288,518,41,164,248.0,0.0,248.0,314,314,137.90243902439025,7,0,1000000,3000,4
102186,102186,408744,519,114,456,613.0,0.0,613.0,691,691,374.62280701754383,14,0,1000000,3000,4
102494,102494,409976,520,308,1232,1019.0,0.0,1019.0,1137,1137,718.1396103896104,23,0,1000000,3000,4
102539,102539,410156,521,45,180,234.0,0.0,234.0,299,299,147.53333333333333,6,0,1000000,3000,4
102794,102794,411176,522,255,1020,1319.0,0.0,1319.0,1427,1427,664.6039215686275,29,0,1000000,3000,4
102967,102967,411868,523,173,692,757.0,0.0,757.0,848,848,526.5606936416185,17,0,1000000,3000,4
103217,103217,412868,524,250,1000,1021.0,0.0,1021.0,1126,1126,616.66,23,0,1000000,3000,4
103257,103257,413028,525,40,160,237.0,0.0,237.0,300,300,150.0,7,0,1000000,3000,4
103426,103426,413704,526,169,676,763.0,0.0,763.0,853,853,497.8224852071006,18,0,1000000,3000,4
103527,103527,414108,527,101,404,647.0,0.0,647.0,722,722,344.6831683168317,15,0,1000000,3000,4
103601,103601,414404,528,74,296,618.0,0.0,618.0,690,690,346.18918918918916,14,0,1000000,3000,4
103816,103816,415264,529,215,860,1321.0,0.0,1321.0,1421,1421,719.4232558139535,29,0,1000000,3000,4
103851,103851,415404,530,35,140,233.0,0.0,233.0,297,297,170.68571428571428,6,0,1000000,3000,4
104048,104048,416192,531,197,788,1341.0,0.0,1341.0,1438,1438,685.2893401015228,29,0,1000000,3000,4
104080,104080,416320,532,32,128,244.0,0.0,244.0,307,307,163.15625,7,0,1000000,3000,4
104123,104123,416492,533,43,172,231.0,0.0,231.0,296,296,153.7674418604651,6,0,1000000,3000,4
104482,104482,417928,534,359,1436,1309.0,0.0,1309.0,1438,1438,713.5125348189415,29,0,1000000,3000,4
104527,104527,418108,535,45,180,222.0,0.0,222.0,287,287,167.55555555555554,6,0,1000000,3000,4
104637,104637,418548,536,110,440,600.0,0.0,600.0,679,679,389.6909090909091,14,0,1000000,3000,4
104890,104890,419560,537,253,1012,1022.0,0.0,1022.0,1127,1127,670.2332015810276,23,0,1000000,3000,4
105020,105020,420080,538,130,520,728.0,0.0,728.0,810,810,464.15384615384613,17,0,1000000,3000,4
105060,105060,420240,539,40,160,228.0,0.0,228.0,293,293,163.325,6,0,1000000,3000,4
105101,105101,420404,540,41,164,224.0,0.0,224.0,289,289,172.1951219512195,6,0,1000000,3000,4
105198,105198,420792,541,97,388,635.0,0.0,635.0,711,711,369.5257731958763,15,0,1000000,3000,4
105299,105299,421196,542,101,404,729.0,0.0,729.0,807,807,416.5742574257426,17,0,1000000,3000,4
105503,105503,422012,543,204,816,1030.0,0.0,1030.0,1125,1125,657.6519607843137,23,0,1000000,3000,4
105595,105595,422380,544,92,368,628.0,0.0,628.0,703,703,353.9130434782609,15,0,1000000,3000,4
105694,105694,422776,545,99,396,622.0,0.0,622.0,698,698,382.5050505050505,14,0,1000000,3000,4
105845,105845,423380,546,151,604,609.0,0.0,609.0,696,696,456.1324503311258,14,0,1000000,3000,4
106005,106005,424020,547,160,640,583.0,0.0,583.0,672,672,432.5625,14,0,1000000,3000,4
106715,106715,426860,548,710,2840,1026.0,0.0,1026.0,1223,1223,744.7633802816902,25,0,1000000,3000,4
106867,106867,427468,549,152,608,606.0,0.0,606.0,692,692,447.4736842105263,14,0,1000000,3000,4
107128,107128,428512,550,261,1044,1029.0,0.0,1029.0,1137,1137,643.7011494252873,23,0,1000000,3000,4
107408,107408,429632,551,280,1120,788.0,0.0,788.0,898,899,643.3678571428571,18,0,1000000,3000,4
107454,107454,429816,552,46,184,220.0,0.0,220.0,287,287,163.2826086956522,6,0,1000000,3000,4
108214,108214,432856,553,760,3040,1222.0,0.0,1222.0,1431,1431,791.6118421052631,29,0,1000000,3000,4
108312,108312,433248,554,98,392,634.0,0.0,634.0,709,709,348.9183673469388,15,0,1000000,3000,4
108355,108355,433420,555,43,172,232.0,0.0,232.0,298,298,149.13953488372093,6,0,1000000,3000,4
108723,108723,434892,556,368,1472,666.0,0.0,666.0,796,796,583.8994565217391,16,0,1000000,3000,4
108771,108771,435084,557,48,192,224.0,0.0,224.0,289,289,151.75,6,0,1000000,3000,4
109041,109041,436164,558,270,1080,1294.0,0.0,1294.0,1405,1405,679.5037037037036,29,0,1000000,3000,4
109078,109078,436312,559,37,148,232.0,0.0,232.0,296,296,171.94594594594594,6,0,1000000,3000,4
109143,109143,436572,560,65,260,204.0,0.0,204.0,275,275,136.3846153846154,6,0,1000000,3000,4
109544,109544,438176,561,401,1604,763.0,0.0,763.0,898,898,620.785536159601,18,0,1000000,3000,4
109587,109587,438348,562,43,172,232.0,0.0,232.0,297,297,154.34883720930233,6,0,1000000,3000,4
109713,109713,438852,563,126,504,617.0,0.0,617.0,699,699,308.6507936507937,14,0,1000000,3000,4
110288,110288,441152,564,575,2300,1240.0,0.0,1240.0,1410,1410,816.68,29,0,1000000,3000,4
110345,110345,441380,565,57,228,214.0,0.0,214.0,282,282,148.05263157894737,6,0,1000000,3000,4
110378,110378,441512,566,33,132,246.0,0.0,246.0,310,310,142.66666666666666,7,0,1000000,3000,4
110497,110497,441988,567,119,476,598.0,0.0,598.0,678,678,378.11764705882354,14,0,1000000,3000,4
111012,111012,444048,568,515,2060,979.0,0.0,979.0,1138,1138,763.547572815534,23,0,1000000,3000,4
111153,111153,444612,569,141,564,589.0,0.0,589.0,673,673,443.3049645390071,14,0,1000000,3000,4
111228,111228,444912,570,75,300,653.0,0.0,653.0,722,722,368.08,15,0,1000000,3000,4
111515,111515,446060,571,287,1148,1319.0,0.0,1319.0,1434,1434,713.5644599303135,29,0,1000000,3000,4
111557,111557,446228,572,42,168,226.0,0.0,226.0,290,290,168.16666666666666,6,0,1000000,3000,4
111604,111604,446416,573,47,188,228.0,0.0,228.0,295,295,143.7872340425532,6,0,1000000,3000,4
111724,111724,446896,574,120,480,605.0,0.0,605.0,687,687,359.9,14,0,1000000,3000,4
111842,111842,447368,575,118,472,719.0,0.0,719.0,798,798,469.7457627118644,16,0,1000000,3000,4
111923,111923,447692,576,81,324,604.0,0.0,604.0,677,677,311.82716049382714,14,0,1000000,3000,4
112186,112186,448744,577,263,1052,1028.0,0.0,1028.0,1136,1136,677.8403041825095,23,0,1000000,3000,4
112225,112225,448900,578,39,156,240.0,0.0,240.0,304,304,149.48717948717947,7,0,1000000,3000,4
112334,112334,449336,579,109,436,607.0,0.0,607.0,685,685,394.39449541284404,14,0,1000000,3000,4
112442,112442,449768,580,108,432,618.0,0.0,618.0,696,696,372.5740740740741,14,0,1000000,3000,4
112533,112533,450132,581,91,364,629.0,0.0,629.0,705,705,375.6703296703297,15,0,1000000,3000,4
112757,112757,451028,582,224,896,1312.0,0.0,1312.0,1411,1411,672.7410714285714,29,0,1000000,3000,4
112896,112896,451584,583,139,556,723.0,0.0,723.0,807,807,484.15107913669067,17,0,1000000,3000,4
113119,113119,452476,584,223,892,1024.0,0.0,1024.0,1123,1123,573.8116591928251,23,0,1000000,3000,4
113382,113382,453528,585,263,1052,1016.0,0.0,1016.0,1123,1123,701.7376425855514,23,0,1000000,3000,4
113494,113494,453976,586,112,448,598.0,0.0,598.0,677,677,379.88392857142856,14,0,1000000,3000,4
113604,113604,454416,587,110,440,609.0,0.0,609.0,687,687,361.76363636363635,14,0,1000000,3000,4
113888,113888,455552,588,284,1136,1016.0,0.0,1016.0,1128,1128,728.1830985915493,23,0,1000000,3000,4
113931,113931,455724,589,43,172,224.0,0.0,224.0,289,289,161.8372093023256,6,0,1000000,3000,4
114028,114028,456112,590,97,388,631.0,0.0,631.0,707,707,346.11340206185565,15,0,1000000,3000,4
114279,114279,457116,591,251,1004,1032.0,0.0,1032.0,1139,1139,648.0956175298804,23,0,1000000,3000,4
114892,114892,459568,592,613,2452,958.0,0.0,958.0,1137,1137,789.3132137030996,23,0,1000000,3000,4
115154,115154,460616,593,262,1048,1305.0,0.0,1305.0,1412,1412,648.6603053435115,29,0,1000000,3000,4
115196,115196,460784,594,42,168,232.0,0.0,232.0,297,297,157.02380952380952,6,0,1000000,3000,4
115295,115295,461180,595,99,396,606.0,0.0,606.0,683,683,324.2929292929293,14,0,1000000,3000,4
115332,115332,461328,596,37,148,230.0,0.0,230.0,294,294,172.45945945945945,6,0,1000000,3000,4
115372,115372,461488,597,40,160,219.0,0.0,219.0,285,285,173.575,6,0,1000000,3000,4
115483,115483,461932,598,111,444,609.0,0.0,609.0,688,688,391.39639639639637,14,0,1000000,3000,4
115580,115580,462320,599,97,388,621.0,0.0,621.0,698,698,352.0103092783505,14,0,1000000,3000,4
115747,115747,462988,600,167,668,747.0,0.0,747.0,837,837,525.1377245508982,17,0,1000000,3000,4
115901,115901,463604,601,154,616,637.0,0.0,637.0,722,722,476.62987012987014,15,0,1000000,3000,4
116022,116022,464088,602,121,484,586.0,0.0,586.0,667,667,402.6363636363636,14,0,1000000,3000,4
116128,116128,464512,603,106,424,605.0,0.0,605.0,683,683,392.97169811320754,14,0,1000000,3000,4
116330,116330,465320,604,202,808,1330.0,0.0,1330.0,1428,1428,707.6980198019802,29,0,1000000,3000,4
116368,116368,465472,605,38,152,240.0,0.0,240.0,305,305,147.31578947368422,7,0,1000000,3000,4
116477,116477,465908,606,109,436,602.0,0.0,602.0,681,681,368.1467889908257,14,0,1000000,3000,4
116551,116551,466204,607,74,296,618.0,0.0,618.0,690,690,342.8378378378378,14,0,1000000,3000,4
116584,116584,466336,608,33,132,248.0,0.0,248.0,311,311,152.6060606060606,7,0,1000000,3000,4
116620,116620,466480,609,36,144,243.0,0.0,243.0,308,308,147.91666666666666,7,0,1000000,3000,4
116661,116661,466644,610,41,164,233.0,0.0,233.0,297,297,160.97560975609755,6,0,1000000,3000,4
116761,116761,467044,611,100,400,623.0,0.0,623.0,700,700,373.24,15,0,1000000,3000,4
116998,116998,467992,612,237,948,1025.0,0.0,1025.0,1128,1128,698.6793248945148,23,0,1000000,3000,4
117077,117077,468308,613,79,316,628.0,0.0,628.0,700,700,400.40506329113924,15,0,1000000,3000,4
117115,117115,468460,614,38,152,245.0,0.0,245.0,310,310,147.02631578947367,7,0,1000000,3000,4
117150,117150,468600,615,35,140,237.0,0.0,237.0,301,301,166.77142857142857,7,0,1000000,3000,4
117371,117371,469484,616,221,884,1028.0,0.0,1028.0,1128,1128,607.7511312217194,23,0,1000000,3000,4
117472,117472,469888,617,101,404,626.0,0.0,626.0,704,704,377.4059405940594,15,0,1000000,3000,4
117563,117563,470252,618,91,364,604.0,0.0,604.0,680,680,324.54945054945057,14,0,1000000,3000,4
117854,117854,471416,619,291,1164,1300.0,0.0,1300.0,1414,1414,728.893470790378,29,0,1000000,3000,4
118074,118074,472296,620,220,880,1028.0,0.0,1028.0,1126,1126,647.3,23,0,1000000,3000,4
118110,118110,472440,621,36,144,245.0,0.0,245.0,310,310,155.97222222222223,7,0,1000000,3000,4
118143,118143,472572,622,33,132,245.0,0.0,245.0,309,309,156.42424242424244,7,0,1000000,3000,4
118218,118218,472872,623,75,300,628.0,0.0,628.0,700,700,363.94666666666666,15,0,1000000,3000,4
118259,118259,473036,624,41,164,223.0,0.0,223.0,288,288,172.73170731707316,6,0,1000000,3000,4
118298,118298,473192,625,39,156,235.0,0.0,235.0,300,300,152.2051282051282,7,0,1000000,3000,4
118385,118385,473540,626,87,348,616.0,0.0,616.0,690,690,403.2298850574713,14,0,1000000,3000,4
118773,118773,475092,627,388,1552,2625.0,0.0,2625.0,2760,2760,1489.3118556701031,56,0,1000000,3000,4
118853,118853,475412,628,80,320,636.0,0.0,636.0,709,709,388.1125,15,0,1000000,3000,4
118928,118928,475712,629,75,300,619.0,0.0,619.0,692,692,361.46666666666664,14,0,1000000,3000,4
118962,118962,475848,630,34,136,235.0,0.0,235.0,299,299,169.94117647058823,6,0,1000000,3000,4
119036,119036,476144,631,74,296,623.0,0.0,623.0,695,695,344.2567567567568,14,0,1000000,3000,4
119198,119198,476792,632,162,648,778.0,0.0,778.0,868,868,513.2962962962963,18,0,1000000,3000,4
119281,119281,477124,633,83,332,636.0,0.0,636.0,709,709,391.8433734939759,15,0,1000000,3000,4
119444,119444,477776,634,163,652,1038.0,0.0,1038.0,1126,1126,618.3128834355829,23,0,1000000,3000,4
119600,119600,478400,635,156,624,636.0,0.0,636.0,722,723,505.04487179487177,15,0,1000000,3000,4
119691,119691,478764,636,91,364,603.0,0.0,603.0,679,679,336.31868131868134,14,0,1000000,3000,4
119825,119825,479300,637,134,536,724.0,0.0,724.0,808,808,454.96268656716416,17,0,1000000,3000,4
120055,120055,480220,638,230,920,1164.0,0.0,1164.0,1265,1265,677.7,26,0,1000000,3000,4
120155,120155,480620,639,100,400,609.0,0.0,609.0,685,685,398.44,14,0,1000000,3000,4
120299,120299,481196,640,144,576,639.0,0.0,639.0,722,722,489.6736111111111,15,0,1000000,3000,4
120645,120645,482580,641,346,1384,2345.0,0.0,2345.0,2469,2469,1355.1849710982658,50,0,1000000,3000,4
120714,120714,482856,642,69,276,611.0,0.0,611.0,682,682,313.5072463768116,14,0,1000000,3000,4
120775,120775,483100,643,61,244,192.0,0.0,192.0,260,260,163.34426229508196,6,0,1000000,3000,4
120960,120960,483840,644,185,740,1035.0,0.0,1035.0,1127,1127,610.7513513513513,23,0,1000000,3000,4
121000,121000,484000,645,40,160,232.0,0.0,232.0,297,297,155.025,6,0,1000000,3000,4
121046,121046,484184,646,46,184,225.0,0.0,225.0,290,290,159.82608695652175,6,0,1000000,3000,4
121088,121088,484352,647,42,168,221.0,0.0,221.0,286,286,169.92857142857142,6,0,1000000,3000,4
121323,121323,485292,648,235,940,1307.0,0.0,1307.0,1411,1411,698.7148936170213,29,0,1000000,3000,4
121494,121494,485976,649,171,684,607.0,0.0,607.0,698,698,427.1111111111111,14,0,1000000,3000,4
121556,121556,486224,650,62,248,215.0,0.0,215.0,285,285,132.69354838709677,6,0,1000000,3000,4
121728,121728,486912,651,172,688,594.0,0.0,594.0,686,686,367.44767441860466,14,0,1000000,3000,4
121781,121781,487124,652,53,212,228.0,0.0,228.0,296,296,124.05660377358491,6,0,1000000,3000,4
121968,121968,487872,653,187,748,588.0,0.0,588.0,683,683,290.6951871657754,14,0,1000000,3000,4
122272,122272,489088,654,304,1216,1672.0,0.0,1672.0,1790,1790,810.7565789473684,36,0,1000000,3000,4
122534,122534,490136,655,262,1048,1327.0,0.0,1327.0,1437,1437,694.0725190839695,29,0,1000000,3000,4
122709,122709,490836,656,175,700,1038.0,0.0,1038.0,1128,1128,616.4514285714286,23,0,1000000,3000,4
122742,122742,490968,657,33,132,251.0,0.0,251.0,315,315,147.78787878787878,7,0,1000000,3000,4
122791,122791,491164,658,49,196,215.0,0.0,215.0,281,281,163.77551020408163,6,0,1000000,3000,4
122828,122828,491312,659,37,148,239.0,0.0,239.0,303,303,152.02702702702703,7,0,1000000,3000,4
122871,122871,491484,660,43,172,241.0,0.0,241.0,306,306,142.5581395348837,7,0,1000000,3000,4
123111,123111,492444,661,240,960,796.0,0.0,796.0,898,898,542.1,18,0,1000000,3000,4
123146,123146,492584,662,35,140,245.0,0.0,245.0,310,310,139.0857142857143,7,0,1000000,3000,4
123183,123183,492732,663,37,148,244.0,0.0,244.0,308,308,144.56756756756758,7,0,1000000,3000,4
123411,123411,493644,664,228,912,1330.0,0.0,1330.0,1433,1433,642.0526315789474,29,0,1000000,3000,4
123587,123587,494348,665,176,704,761.0,0.0,761.0,853,853,535.625,18,0,1000000,3000,4
123812,123812,495248,666,225,900,770.0,0.0,770.0,871,871,524.7155555555555,18,0,1000000,3000,4
124086,124086,496344,667,274,1096,1396.0,0.0,1396.0,1506,1506,743.0839416058394,31,0,1000000,3000,4
124123,124123,496492,668,37,148,244.0,0.0,244.0,307,307,154.45945945945945,7,0,1000000,3000,4
124315,124315,497260,669,192,768,1034.0,0.0,1034.0,1127,1127,615.203125,23,0,1000000,3000,4
124384,124384,497536,670,69,276,615.0,0.0,615.0,686,686,342.17391304347825,14,0,1000000,3000,4
124539,124539,498156,671,155,620,1039.0,0.0,1039.0,1126,1126,580.6645161290322,23,0,1000000,3000,4
124625,124625,498500,672,86,344,618.0,0.0,618.0,692,692,397.66279069767444,14,0,1000000,3000,4
124655,124655,498620,673,30,120,248.0,0.0,248.0,311,311,156.23333333333332,7,0,1000000,3000,4
124832,124832,499328,674,177,708,1342.0,0.0,1342.0,1435,1435,674.4802259887006,29,0,1000000,3000,4
124873,124873,499492,675,41,164,237.0,0.0,237.0,303,303,155.9268292682927,7,0,1000000,3000,4
124943,124943,499772,676,70,280,618.0,0.0,618.0,690,690,341.4428571428571,14,0,1000000,3000,4
124975,124975,499900,677,32,128,249.0,0.0,249.0,313,313,150.21875,7,0,1000000,3000,4
125005,125005,500020,678,30,120,251.0,0.0,251.0,315,315,153.96666666666667,7,0,1000000,3000,4
125041,125041,500164,679,36,144,250.0,0.0,250.0,315,315,150.33333333333334,7,0,1000000,3000,4
125145,125145,500580,680,104,416,614.0,0.0,614.0,692,692,380.2307692307692,14,0,1000000,3000,4
125187,125187,500748,681,42,168,230.0,0.0,230.0,295,295,157.52380952380952,6,0,1000000,3000,4
125324,125324,501296,682,137,548,1043.0,0.0,1043.0,1125,1125,536.8905109489051,23,0,1000000,3000,4
125430,125430,501720,683,106,424,598.0,0.0,598.0,676,676,398.7641509433962,14,0,1000000,3000,4
125463,125463,501852,684,33,132,249.0,0.0,249.0,313,313,145.15151515151516,7,0,1000000,3000,4
125635,125635,502540,685,172,688,1039.0,0.0,1039.0,1129,1129,583.1279069767442,23,0,1000000,3000,4
125721,125721,502884,686,86,344,607.0,0.0,607.0,682,682,310.4186046511628,14,0,1000000,3000,4
125861,125861,503444,687,140,560,640.0,0.0,640.0,722,722,514.9071428571428,15,0,1000000,3000,4
125895,125895,503580,688,34,136,245.0,0.0,245.0,309,309,154.76470588235293,7,0,1000000,3000,4
126029,126029,504116,689,134,536,743.0,0.0,743.0,827,827,508.3059701492537,17,0,1000000,3000,4
126066,126066,504264,690,37,148,237.0,0.0,237.0,302,302,153.9189189189189,7,0,1000000,3000,4
126138,126138,504552,691,72,288,607.0,0.0,607.0,679,679,317.8888888888889,14,0,1000000,3000,4
126175,126175,504700,692,37,148,246.0,0.0,246.0,310,310,153.6216216216216,7,0,1000000,3000,4
126206,126206,504824,693,31,124,250.0,0.0,250.0,314,314,156.96774193548387,7,0,1000000,3000,4
126241,126241,504964,694,35,140,246.0,0.0,246.0,311,311,142.37142857142857,7,0,1000000,3000,4
126277,126277,505108,695,36,144,235.0,0.0,235.0,298,298,164.66666666666666,6,0,1000000,3000,4
126309,126309,505236,696,32,128,246.0,0.0,246.0,310,310,150.96875,7,0,1000000,3000,4
126465,126465,505860,697,156,624,1343.0,0.0,1343.0,1432,1432,729.9423076923077,29,0,1000000,3000,4
126501,126501,506004,698,36,144,235.0,0.0,235.0,298,298,166.16666666666666,6,0,1000000,3000,4
126724,126724,506896,699,223,892,745.0,0.0,745.0,846,846,617.1300448430493,17,0,1000000,3000,4
127080,127080,508320,700,356,1424,1305.0,0.0,1305.0,1434,1434,767.0842696629213,29,0,1000000,3000,4
127281,127281,509124,701,201,804,1143.0,0.0,1143.0,1241,1241,683.1442786069651,25,0,1000000,3000,4
127399,127399,509596,702,118,472,742.0,0.0,742.0,822,822,510.3898305084746,17,0,1000000,3000,4
127435,127435,509740,703,36,144,247.0,0.0,247.0,312,312,141.61111111111111,7,0,1000000,3000,4
127469,127469,509876,704,34,136,247.0,0.0,247.0,311,311,142.97058823529412,7,0,1000000,3000,4
127537,127537,510148,705,68,272,616.0,0.0,616.0,687,687,337.7647058823529,14,0,1000000,3000,4
127624,127624,510496,706,87,348,619.0,0.0,619.0,694,694,336.81609195402297,14,0,1000000,3000,4
127656,127656,510624,707,32,128,252.0,0.0,252.0,316,316,151.1875,7,0,1000000,3000,4
127718,127718,510872,708,62,248,608.0,0.0,608.0,677,677,333.241935483871,14,0,1000000,3000,4
127749,127749,510996,709,31,124,249.0,0.0,249.0,312,312,155.5483870967742,7,0,1000000,3000,4
127840,127840,511360,710,91,364,633.0,0.0,633.0,708,708,350.83516483516485,15,0,1000000,3000,4
127950,127950,511800,711,110,440,619.0,0.0,619.0,698,698,360.8636363636364,14,0,1000000,3000,4
128039,128039,512156,712,89,356,607.0,0.0,607.0,682,682,335.59550561797755,14,0,1000000,3000,4
128111,128111,512444,713,72,288,628.0,0.0,628.0,700,700,370.25,15,0,1000000,3000,4
128196,128196,512784,714,85,340,612.0,0.0,612.0,685,685,305.1411764705882,14,0,1000000,3000,4
128285,128285,513140,715,89,356,619.0,0.0,619.0,693,693,394.64044943820227,14,0,1000000,3000,4
128436,128436,513744,716,151,604,813.0,0.0,813.0,898,899,553.523178807947,18,0,1000000,3000,4
128579,128579,514316,717,143,572,815.0,0.0,815.0,898,899,575.6573426573426,18,0,1000000,3000,4
128615,128615,514460,718,36,144,231.0,0.0,231.0,295,295,166.47222222222223,6,0,1000000,3000,4
128656,128656,514624,719,41,164,239.0,0.0,239.0,305,305,143.390243902439,7,0,1000000,3000,4
128750,128750,515000,720,94,376,613.0,0.0,613.0,687,687,395.9148936170213,14,0,1000000,3000,4
128784,128784,515136,721,34,136,247.0,0.0,247.0,311,311,148.26470588235293,7,0,1000000,3000,4
128915,128915,515660,722,131,524,761.0,0.0,761.0,845,845,517.7480916030535,17,0,1000000,3000,4
129003,129003,516012,723,88,352,616.0,0.0,616.0,691,691,385.1818181818182,14,0,1000000,3000,4
129033,129033,516132,724,30,120,250.0,0.0,250.0,314,314,152.9,7,0,1000000,3000,4
129135,129135,516540,725,102,408,596.0,0.0,596.0,674,674,412.421568627451,14,0,1000000,3000,4
129248,129248,516992,726,113,452,630.0,0.0,630.0,709,709,380.1504424778761,15,0,1000000,3000,4
129344,129344,517376,727,96,384,634.0,0.0,634.0,710,710,369.5520833333333,15,0,1000000,3000,4
129417,129417,517668,728,73,292,620.0,0.0,620.0,691,691,333.2054794520548,14,0,1000000,3000,4
129500,129500,518000,729,83,332,623.0,0.0,623.0,695,695,403.2409638554217,14,0,1000000,3000,4
129725,129725,518900,730,225,900,710.0,0.0,710.0,810,810,532.0533333333333,17,0,1000000,3000,4
130380,130380,521520,731,655,2620,948.0,0.0,948.0,1135,1135,647.6198473282443,23,0,1000000,3000,4
131024,131024,524096,732,644,2576,944.0,0.0,944.0,1128,1128,745.4580745341615,23,0,1000000,3000,4
131066,131066,524264,733,42,168,237.0,0.0,237.0,302,302,148.16666666666666,7,0,1000000,3000,4
131226,131226,524904,734,160,640,715.0,0.0,715.0,802,802,484.19375,17,0,1000000,3000,4
131487,131487,525948,735,261,1044,728.0,0.0,728.0,837,837,582.5862068965517,17,0,1000000,3000,4
132078,132078,528312,736,591,2364,1799.0,0.0,1799.0,1975,1975,938.6768189509306,40,0,1000000,3000,4
132288,132288,529152,737,210,840,1039.0,0.0,1039.0,1138,1138,659.3190476190476,23,0,1000000,3000,4
132430,132430,529720,738,142,568,741.0,0.0,741.0,825,825,480.2464788732394,17,0,1000000,3000,4
132470,132470,529880,739,40,160,238.0,0.0,238.0,301,301,157.5,7,0,1000000,3000,4
132720,132720,530880,740,250,1000,1308.0,0.0,1308.0,1412,1412,782.336,29,0,1000000,3000,4
132759,132759,531036,741,39,156,230.0,0.0,230.0,294,294,166.97435897435898,6,0,1000000,3000,4
133029,133029,532116,742,270,1080,1026.0,0.0,1026.0,1136,1136,676.1,23,0,1000000,3000,4
133166,133166,532664,743,137,548,612.0,0.0,612.0,695,695,474.62773722627736,14,0,1000000,3000,4
133286,133286,533144,744,120,480,583.0,0.0,583.0,662,662,392.8333333333333,14,0,1000000,3000,4
133601,133601,534404,745,315,1260,1312.0,0.0,1312.0,1432,1432,754.4349206349207,29,0,1000000,3000,4
133719,133719,534876,746,118,472,607.0,0.0,607.0,687,687,393.60169491525426,14,0,1000000,3000,4
133818,133818,535272,747,99,396,607.0,0.0,607.0,684,684,395.010101010101,14,0,1000000,3000,4
133850,133850,535400,748,32,128,243.0,0.0,243.0,306,306,162.90625,7,0,1000000,3000,4
133922,133922,535688,749,72,288,653.0,0.0,653.0,722,722,389.5,15,0,1000000,3000,4
133951,133951,535804,750,29,116,252.0,0.0,252.0,315,315,155.93103448275863,7,0,1000000,3000,4
134164,134164,536656,751,213,852,712.0,0.0,712.0,812,812,563.018779342723,17,0,1000000,3000,4
134560,134560,538240,752,396,1584,990.0,0.0,990.0,1125,1125,706.6919191919192,23,0,1000000,3000,4
134668,134668,538672,753,108,432,613.0,0.0,613.0,690,690,388.9537037037037,14,0,1000000,3000,4
135262,135262,541048,754,594,2376,1627.0,0.0,1627.0,1802,1802,810.0808080808081,37,0,1000000,3000,4
135294,135294,541176,755,32,128,243.0,0.0,243.0,306,306,156.5,7,0,1000000,3000,4
135343,135343,541372,756,49,196,213.0,0.0,213.0,279,279,164.57142857142858,6,0,1000000,3000,4
135623,135623,542492,757,280,1120,1895.0,0.0,1895.0,2008,2008,1036.9035714285715,41,0,1000000,3000,4
135728,135728,542912,758,105,420,618.0,0.0,618.0,697,697,372.26666666666665,14,0,1000000,3000,4
135915,135915,543660,759,187,748,806.0,0.0,806.0,898,898,548.9304812834224,18,0,1000000,3000,4
136115,136115,544460,760,200,800,1036.0,0.0,1036.0,1132,1132,670.66,23,0,1000000,3000,4
136148,136148,544592,761,33,132,243.0,0.0,243.0,306,306,163.12121212121212,7,0,1000000,3000,4
136313,136313,545252,762,165,660,1050.0,0.0,1050.0,1138,1138,574.3090909090909,23,0,1000000,3000,4
136353,136353,545412,763,40,160,231.0,0.0,231.0,296,296,160.7,6,0,1000000,3000,4
136395,136395,545580,764,42,168,233.0,0.0,233.0,297,297,159.33333333333334,6,0,1000000,3000,4
136487,136487,545948,765,92,368,621.0,0.0,621.0,695,695,339.4673913043478,14,0,1000000,3000,4
136520,136520,546080,766,33,132,248.0,0.0,248.0,312,312,161.78787878787878,7,0,1000000,3000,4
136617,136617,546468,767,97,388,633.0,0.0,633.0,709,709,366.4742268041237,15,0,1000000,3000,4
136724,136724,546896,768,107,428,628.0,0.0,628.0,707,707,372.86915887850466,15,0,1000000,3000,4
136763,136763,547052,769,39,156,236.0,0.0,236.0,300,300,161.51282051282053,7,0,1000000,3000,4
137028,137028,548112,770,265,1060,761.0,0.0,761.0,871,871,608.3094339622642,18,0,1000000,3000,4
137226,137226,548904,771,198,792,769.0,0.0,769.0,864,864,525.5909090909091,18,0,1000000,3000,4
137331,137331,549324,772,105,420,618.0,0.0,618.0,697,697,385.56190476190477,14,0,1000000,3000,4
137659,137659,550636,773,328,1312,1313.0,0.0,1313.0,1436,1436,763.9176829268292,29,0,1000000,3000,4
137861,137861,551444,774,202,808,1031.0,0.0,1031.0,1126,1126,648.2772277227723,23,0,1000000,3000,4
137954,137954,551816,775,93,372,634.0,0.0,634.0,710,710,363.06451612903226,15,0,1000000,3000,4
138068,138068,552272,776,114,456,1075.0,0.0,1075.0,1155,1155,576.1842105263158,24,0,1000000,3000,4
138316,138316,553264,777,248,992,716.0,0.0,716.0,823,823,602.9758064516129,17,0,1000000,3000,4
138602,138602,554408,778,286,1144,1405.0,0.0,1405.0,1519,1519,757.9405594405595,31,0,1000000,3000,4
138639,138639,554556,779,37,148,239.0,0.0,239.0,304,304,159.32432432432432,7,0,1000000,3000,4
138678,138678,554712,780,39,156,238.0,0.0,238.0,302,302,153.64102564102564,7,0,1000000,3000,4
138715,138715,554860,781,37,148,240.0,0.0,240.0,305,305,146.86486486486487,7,0,1000000,3000,4
138875,138875,555500,782,160,640,1042.0,0.0,1042.0,1129,1129,620.53125,23,0,1000000,3000,4
139083,139083,556332,783,208,832,1029.0,0.0,1029.0,1126,1126,640.5625,23,0,1000000,3000,4
139244,139244,556976,784,161,644,760.0,0.0,760.0,850,850,530.9254658385094,18,0,1000000,3000,4
139277,139277,557108,785,33,132,241.0,0.0,241.0,305,305,163.12121212121212,7,0,1000000,3000,4
139424,139424,557696,786,147,588,1046.0,0.0,1046.0,1132,1132,609.2721088435375,23,0,1000000,3000,4
139661,139661,558644,787,237,948,1035.0,0.0,1035.0,1138,1138,659.3881856540085,23,0,1000000,3000,4
139935,139935,559740,788,274,1096,789.0,0.0,789.0,898,898,668.551094890511,18,0,1000000,3000,4
140130,140130,560520,789,195,780,1041.0,0.0,1041.0,1136,1136,640.1025641025641,23,0,1000000,3000,4
140338,140338,561352,790,208,832,1029.0,0.0,1029.0,1125,1125,601.2788461538462,23,0,1000000,3000,4
140490,140490,561960,791,152,608,1047.0,0.0,1047.0,1134,1134,581.8684210526316,23,0,1000000,3000,4
140598,140598,562392,792,108,432,594.0,0.0,594.0,673,673,402.212962962963,14,0,1000000,3000,4
140762,140762,563048,793,164,656,763.0,0.0,763.0,851,851,530.7012195121952,18,0,1000000,3000,4
140949,140949,563796,794,187,748,1334.0,0.0,1334.0,1427,1427,656.336898395722,29,0,1000000,3000,4
140982,140982,563928,795,33,132,238.0,0.0,238.0,301,301,162.06060606060606,7,0,1000000,3000,4
141323,141323,565292,796,341,1364,1003.0,0.0,1003.0,1127,1127,744.9912023460411,23,0,1000000,3000,4
141391,141391,565564,797,68,272,621.0,0.0,621.0,692,692,352.8235294117647,14,0,1000000,3000,4
141556,141556,566224,798,165,660,811.0,0.0,811.0,898,898,567.2363636363636,18,0,1000000,3000,4
141675,141675,566700,799,119,476,737.0,0.0,737.0,818,818,515.3529411764706,17,0,1000000,3000,4
142111,142111,568444,800,436,1744,1275.0,0.0,1275.0,1419,1419,732.2224770642201,29,0,1000000,3000,4
142195,142195,568780,801,84,336,625.0,0.0,625.0,698,698,394.04761904761904,14,0,1000000,3000,4
142354,142354,569416,802,159,636,636.0,0.0,636.0,722,722,468.1823899371069,15,0,1000000,3000,4
142426,142426,569704,803,72,288,622.0,0.0,622.0,694,694,350.0,14,0,1000000,3000,4
142521,142521,570084,804,95,380,600.0,0.0,600.0,677,677,407.9157894736842,14,0,1000000,3000,4
143105,143105,572420,805,584,2336,1252.0,0.0,1252.0,1426,1426,776.6130136986301,29,0,1000000,3000,4
143208,143208,572832,806,103,412,587.0,0.0,587.0,664,664,403.18446601941747,14,0,1000000,3000,4
143296,143296,573184,807,88,352,635.0,0.0,635.0,709,709,382.90909090909093,15,0,1000000,3000,4
143527,143527,574108,808,231,924,781.0,0.0,781.0,884,884,539.9004329004329,18,0,1000000,3000,4
143567,143567,574268,809,40,160,233.0,0.0,233.0,297,297,154.9,6,0,1000000,3000,4
143723,143723,574892,810,156,624,636.0,0.0,636.0,722,722,494.8397435897436,15,0,1000000,3000,4
143828,143828,575312,811,105,420,595.0,0.0,595.0,672,672,404.12380952380954,14,0,1000000,3000,4
143866,143866,575464,812,38,152,240.0,0.0,240.0,305,305,151.31578947368422,7,0,1000000,3000,4
144058,144058,576232,813,192,768,805.0,0.0,805.0,898,899,557.90625,18,0,1000000,3000,4
144093,144093,576372,814,35,140,248.0,0.0,248.0,312,312,140.9142857142857,7,0,1000000,3000,4
144131,144131,576524,815,38,152,229.0,0.0,229.0,294,294,166.0,6,0,1000000,3000,4
144174,144174,576696,816,43,172,228.0,0.0,228.0,293,293,164.6046511627907,6,0,1000000,3000,4
144292,144292,577168,817,118,472,590.0,0.0,590.0,670,670,393.9830508474576,14,0,1000000,3000,4
144366,144366,577464,818,74,296,607.0,0.0,607.0,679,679,329.2567567567568,14,0,1000000,3000,4
144976,144976,579904,819,610,2440,1255.0,0.0,1255.0,1434,1434,718.2655737704918,29,0,1000000,3000,4
145064,145064,580256,820,88,352,602.0,0.0,602.0,677,677,415.6818181818182,14,0,1000000,3000,4
145245,145245,580980,821,181,724,726.0,0.0,726.0,818,818,567.5690607734807,17,0,1000000,3000,4
145290,145290,581160,822,45,180,222.0,0.0,222.0,288,288,161.46666666666667,6,0,1000000,3000,4
145380,145380,581520,823,90,360,649.0,0.0,649.0,722,722,383.2111111111111,15,0,1000000,3000,4
145448,145448,581792,824,68,272,620.0,0.0,620.0,691,691,353.8382352941176,14,0,1000000,3000,4
145638,145638,582552,825,190,760,732.0,0.0,732.0,828,828,553.9578947368421,17,0,1000000,3000,4
145712,145712,582848,826,74,296,611.0,0.0,611.0,683,683,356.9054054054054,14,0,1000000,3000,4
145809,145809,583236,827,97,388,607.0,0.0,607.0,684,684,400.88659793814435,14,0,1000000,3000,4
145896,145896,583584,828,87,348,610.0,0.0,610.0,685,685,410.8965517241379,14,0,1000000,3000,4
146029,146029,584116,829,133,532,1047.0,0.0,1047.0,1130,1130,560.609022556391,23,0,1000000,3000,4
146239,146239,584956,830,210,840,1574.0,0.0,1574.0,1673,1673,830.1666666666666,34,0,1000000,3000,4
146385,146385,585540,831,146,584,1043.0,0.0,1043.0,1128,1128,550.0890410958904,23,0,1000000,3000,4
146458,146458,585832,832,73,292,637.0,0.0,637.0,709,709,381.972602739726,15,0,1000000,3000,4
146795,146795,587180,833,337,1348,1310.0,0.0,1310.0,1435,1435,714.7982195845698,29,0,1000000,3000,4
146831,146831,587324,834,36,144,232.0,0.0,232.0,295,295,168.08333333333334,6,0,1000000,3000,4
146917,146917,587668,835,86,344,650.0,0.0,650.0,722,723,386.95348837209303,15,0,1000000,3000,4
146990,146990,587960,836,73,292,623.0,0.0,623.0,695,695,371.63013698630135,14,0,1000000,3000,4
147025,147025,588100,837,35,140,236.0,0.0,236.0,301,301,168.77142857142857,7,0,1000000,3000,4
147143,147143,588572,838,118,472,1056.0,0.0,1056.0,1136,1136,564.8898305084746,23,0,1000000,3000,4
147175,147175,588700,839,32,128,244.0,0.0,244.0,307,307,167.03125,7,0,1000000,3000,4
147208,147208,588832,840,33,132,242.0,0.0,242.0,305,305,160.93939393939394,7,0,1000000,3000,4
147300,147300,589200,841,92,368,629.0,0.0,629.0,705,705,400.4347826086956,15,0,1000000,3000,4
147466,147466,589864,842,166,664,1327.0,0.0,1327.0,1416,1416,695.789156626506,29,0,1000000,3000,4
147714,147714,590856,843,248,992,1023.0,0.0,1023.0,1128,1128,724.2298387096774,23,0,1000000,3000,4
147873,147873,591492,844,159,636,812.0,0.0,812.0,898,899,559.2767295597484,18,0,1000000,3000,4
148117,148117,592468,845,244,976,1709.0,0.0,1709.0,1815,1815,925.1188524590164,37,0,1000000,3000,4
148290,148290,593160,846,173,692,742.0,0.0,742.0,834,834,553.1156069364162,17,0,1000000,3000,4
148367,148367,593468,847,77,308,620.0,0.0,620.0,693,693,354.35064935064935,14,0,1000000,3000,4
148399,148399,593596,848,32,128,245.0,0.0,245.0,308,308,156.03125,7,0,1000000,3000,4
148740,148740,594960,849,341,1364,1529.0,0.0,1529.0,1654,1654,811.1994134897361,34,0,1000000,3000,4
148805,148805,595220,850,65,260,613.0,0.0,613.0,682,682,337.04615384615386,14,0,1000000,3000,4
149046,149046,596184,851,241,964,1023.0,0.0,1023.0,1127,1127,640.4896265560166,23,0,1000000,3000,4
149132,149132,596528,852,86,344,630.0,0.0,630.0,705,705,384.3837209302326,15,0,1000000,3000,4
149315,149315,597260,853,183,732,754.0,0.0,754.0,847,847,545.4972677595629,17,0,1000000,3000,4
149622,149622,598488,854,307,1228,1008.0,0.0,1008.0,1124,1124,702.2768729641693,23,0,1000000,3000,4
149831,149831,599324,855,209,836,1050.0,0.0,1050.0,1149,1149,676.2631578947369,23,0,1000000,3000,4
149862,149862,599448,856,31,124,244.0,0.0,244.0,308,308,151.96774193548387,7,0,1000000,3000,4
150045,150045,600180,857,183,732,1035.0,0.0,1035.0,1126,1126,622.5245901639345,23,0,1000000,3000,4
150337,150337,601348,858,292,1168,1012.0,0.0,1012.0,1126,1126,697.5787671232877,23,0,1000000,3000,4
150417,150417,601668,859,80,320,633.0,0.0,633.0,705,705,376.7125,15,0,1000000,3000,4
150454,150454,601816,860,37,148,228.0,0.0,228.0,293,293,166.59459459459458,6,0,1000000,3000,4
150592,150592,602368,861,138,552,640.0,0.0,640.0,722,722,523.1666666666666,15,0,1000000,3000,4
150670,150670,602680,862,78,312,620.0,0.0,620.0,692,692,360.61538461538464,14,0,1000000,3000,4
150700,150700,602800,863,30,120,245.0,0.0,245.0,308,308,159.23333333333332,7,0,1000000,3000,4
150731,150731,602924,864,31,124,248.0,0.0,248.0,312,312,154.61290322580646,7,0,1000000,3000,4
150772,150772,603088,865,41,164,223.0,0.0,223.0,288,288,168.65853658536585,6,0,1000000,3000,4
151027,151027,604108,866,255,1020,1308.0,0.0,1308.0,1414,1414,706.2549019607843,29,0,1000000,3000,4
151117,151117,604468,867,90,360,606.0,0.0,606.0,681,681,333.7111111111111,14,0,1000000,3000,4
151274,151274,605096,868,157,628,636.0,0.0,636.0,722,722,473.9299363057325,15,0,1000000,3000,4
151535,151535,606140,869,261,1044,791.0,0.0,791.0,898,899,629.639846743295,18,0,1000000,3000,4
151731,151731,606924,870,196,784,1336.0,0.0,1336.0,1433,1433,686.219387755102,29,0,1000000,3000,4
151893,151893,607572,871,162,648,734.0,0.0,734.0,822,822,485.37654320987656,17,0,1000000,3000,4
151936,151936,607744,872,43,172,235.0,0.0,235.0,300,300,145.02325581395348,7,0,1000000,3000,4
151976,151976,607904,873,40,160,233.0,0.0,233.0,297,297,160.925,6,0,1000000,3000,4
152193,152193,608772,874,217,868,1317.0,0.0,1317.0,1416,1416,693.147465437788,29,0,1000000,3000,4
152350,152350,609400,875,157,628,812.0,0.0,812.0,898,898,555.9363057324841,18,0,1000000,3000,4
152532,152532,610128,876,182,728,1309.0,0.0,1309.0,1401,1401,718.0934065934066,29,0,1000000,3000,4
152563,152563,610252,877,31,124,244.0,0.0,244.0,308,308,155.38709677419354,7,0,1000000,3000,4
152598,152598,610392,878,35,140,235.0,0.0,235.0,299,299,166.2,6,0,1000000,3000,4
152853,152853,611412,879,255,1020,1029.0,0.0,1029.0,1136,1136,627.5411764705882,23,0,1000000,3000,4
153087,153087,612348,880,234,936,1021.0,0.0,1021.0,1122,1122,665.517094017094,23,0,1000000,3000,4
153245,153245,612980,881,158,632,748.0,0.0,748.0,835,835,465.39240506329116,17,0,1000000,3000,4
153419,153419,613676,882,174,696,1037.0,0.0,1037.0,1127,1127,561.551724137931,23,0,1000000,3000,4
153627,153627,614508,883,208,832,1029.0,0.0,1029.0,1125,1125,593.1586538461538,23,0,1000000,3000,4
153744,153744,614976,884,117,468,624.0,0.0,624.0,704,704,330.14529914529913,15,0,1000000,3000,4
153783,153783,615132,885,39,156,233.0,0.0,233.0,298,298,155.48717948717947,6,0,1000000,3000,4
153973,153973,615892,886,190,760,1344.0,0.0,1344.0,1439,1439,684.9368421052632,29,0,1000000,3000,4
154014,154014,616056,887,41,164,231.0,0.0,231.0,296,296,160.0487804878049,6,0,1000000,3000,4
154121,154121,616484,888,107,428,601.0,0.0,601.0,678,678,396.85981308411215,14,0,1000000,3000,4
154471,154471,617884,889,350,1400,1294.0,0.0,1294.0,1421,1421,741.0685714285714,29,0,1000000,3000,4
154796,154796,619184,890,325,1300,1004.0,0.0,1004.0,1123,1123,652.8276923076924,23,0,1000000,3000,4
155091,155091,620364,891,295,1180,1313.0,0.0,1313.0,1429,1429,720.2372881355932,29,0,1000000,3000,4
155180,155180,620720,892,89,356,609.0,0.0,609.0,683,683,313.24719101123594,14,0,1000000,3000,4
155535,155535,622140,893,355,1420,1001.0,0.0,1001.0,1128,1128,658.6140845070422,23,0,1000000,3000,4
155583,155583,622332,894,48,192,213.0,0.0,213.0,279,279,169.75,6,0,1000000,3000,4
155889,155889,623556,895,306,1224,1298.0,0.0,1298.0,1415,1415,724.5980392156863,29,0,1000000,3000,4
156162,156162,624648,896,273,1092,769.0,0.0,769.0,881,881,586.3113553113553,18,0,1000000,3000,4
156243,156243,624972,897,81,324,606.0,0.0,606.0,680,680,313.12345679012344,14,0,1000000,3000,4
156329,156329,625316,898,86,344,639.0,0.0,639.0,713,713,387.5581395348837,15,0,1000000,3000,4
156372,156372,625488,899,43,172,214.0,0.0,214.0,278,278,177.74418604651163,6,0,1000000,3000,4
156461,156461,625844,900,89,356,650.0,0.0,650.0,722,722,363.5056179775281,15,0,1000000,3000,4
156627,156627,626508,901,166,664,1035.0,0.0,1035.0,1123,1123,563.7951807228916,23,0,1000000,3000,4
156672,156672,626688,902,45,180,216.0,0.0,216.0,282,282,167.48888888888888,6,0,1000000,3000,4
156718,156718,626872,903,46,184,222.0,0.0,222.0,288,288,165.3913043478261,6,0,1000000,3000,4
157590,157590,630360,904,872,3488,1559.0,0.0,1559.0,1790,1790,876.7259174311927,36,0,1000000,3000,4
158069,158069,632276,905,479,1916,695.0,0.0,695.0,848,848,648.7014613778706,17,0,1000000,3000,4
158315,158315,633260,906,246,984,782.0,0.0,782.0,889,889,547.020325203252,18,0,1000000,3000,4
158624,158624,634496,907,309,1236,1009.0,0.0,1009.0,1126,1126,652.7411003236246,23,0,1000000,3000,4
158706,158706,634824,908,82,328,621.0,0.0,621.0,695,695,405.5243902439024,14,0,1000000,3000,4
158808,158808,635232,909,102,408,609.0,0.0,609.0,686,686,397.80392156862746,14,0,1000000,3000,4
158842,158842,635368,910,34,136,247.0,0.0,247.0,311,311,151.52941176470588,7,0,1000000,3000,4
158878,158878,635512,911,36,144,245.0,0.0,245.0,309,309,157.72222222222223,7,0,1000000,3000,4
159119,159119,636476,912,241,964,1024.0,0.0,1024.0,1128,1128,625.7966804979253,23,0,1000000,3000,4
159302,159302,637208,913,183,732,807.0,0.0,807.0,898,899,556.5136612021857,18,0,1000000,3000,4
159554,159554,638216,914,252,1008,1326.0,0.0,1326.0,1434,1434,758.3373015873016,29,0,1000000,3000,4
159619,159619,638476,915,65,260,609.0,0.0,609.0,679,679,326.0,14,0,1000000,3000,4
159912,159912,639648,916,293,1172,1410.0,0.0,1410.0,1526,1526,730.3139931740615,31,0,1000000,3000,4
160014,160014,640056,917,102,408,605.0,0.0,605.0,682,682,402.4019607843137,14,0,1000000,3000,4
160310,160310,641240,918,296,1184,1018.0,0.0,1018.0,1133,1133,762.5540540540541,23,0,1000000,3000,4
160389,160389,641556,919,79,316,652.0,0.0,652.0,722,723,380.6835443037975,15,0,1000000,3000,4
160427,160427,641708,920,38,152,230.0,0.0,230.0,295,295,166.1578947368421,6,0,1000000,3000,4
160461,160461,641844,921,34,136,238.0,0.0,238.0,302,302,170.26470588235293,7,0,1000000,3000,4
160760,160760,643040,922,299,1196,784.0,0.0,784.0,898,899,644.2541806020067,18,0,1000000,3000,4
160971,160971,643884,923,211,844,1340.0,0.0,1340.0,1440,1440,716.4265402843602,29,0,1000000,3000,4
161001,161001,644004,924,30,120,249.0,0.0,249.0,312,312,164.16666666666666,7,0,1000000,3000,4
161037,161037,644148,925,36,144,230.0,0.0,230.0,294,294,170.52777777777777,6,0,1000000,3000,4
161068,161068,644272,926,31,124,248.0,0.0,248.0,312,312,149.80645161290323,7,0,1000000,3000,4
161139,161139,644556,927,71,284,653.0,0.0,653.0,722,722,388.85915492957747,15,0,1000000,3000,4
161424,161424,645696,928,285,1140,689.0,0.0,689.0,802,802,626.2631578947369,17,0,1000000,3000,4
161455,161455,645820,929,31,124,240.0,0.0,240.0,303,303,167.6451612903226,7,0,1000000,3000,4
161602,161602,646408,930,147,588,638.0,0.0,638.0,722,723,491.421768707483,15,0,1000000,3000,4
161960,161960,647840,931,358,1432,1001.0,0.0,1001.0,1128,1128,743.0139664804469,23,0,1000000,3000,4
162036,162036,648144,932,76,304,615.0,0.0,615.0,688,688,351.75,14,0,1000000,3000,4
162065,162065,648260,933,29,116,252.0,0.0,252.0,314,314,156.58620689655172,7,0,1000000,3000,4
162099,162099,648396,934,34,136,240.0,0.0,240.0,304,304,162.14705882352942,7,0,1000000,3000,4
162393,162393,649572,935,294,1176,1014.0,0.0,1014.0,1128,1128,652.2687074829932,23,0,1000000,3000,4
162424,162424,649696,936,31,124,241.0,0.0,241.0,305,305,162.4516129032258,7,0,1000000,3000,4
162681,162681,650724,937,257,1028,1017.0,0.0,1017.0,1124,1124,687.0622568093386,23,0,1000000,3000,4
162956,162956,651824,938,275,1100,1017.0,0.0,1017.0,1126,1126,713.3054545454545,23,0,1000000,3000,4
163200,163200,652800,939,244,976,1414.0,0.0,1414.0,1518,1518,747.0327868852459,31,0,1000000,3000,4
163237,163237,652948,940,37,148,244.0,0.0,244.0,308,308,156.8918918918919,7,0,1000000,3000,4
163266,163266,653064,941,29,116,250.0,0.0,250.0,313,313,157.9655172413793,7,0,1000000,3000,4
163468,163468,653872,942,202,808,1030.0,0.0,1030.0,1126,1126,688.9554455445544,23,0,1000000,3000,4
163507,163507,654028,943,39,156,236.0,0.0,236.0,300,300,151.5897435897436,7,0,1000000,3000,4
163587,163587,654348,944,80,320,617.0,0.0,617.0,690,690,342.425,14,0,1000000,3000,4
163618,163618,654472,945,31,124,249.0,0.0,249.0,312,312,150.1290322580645,7,0,1000000,3000,4
163872,163872,655488,946,254,1016,1563.0,0.0,1563.0,1670,1670,791.3543307086615,34,0,1000000,3000,4
163938,163938,655752,947,66,264,618.0,0.0,618.0,688,688,342.530303030303,14,0,1000000,3000,4
163975,163975,655900,948,37,148,239.0,0.0,239.0,304,304,162.43243243243242,7,0,1000000,3000,4
164083,164083,656332,949,108,432,619.0,0.0,619.0,698,698,380.5740740740741,14,0,1000000,3000,4
164157,164157,656628,950,74,296,628.0,0.0,628.0,700,700,372.52702702702703,15,0,1000000,3000,4
164192,164192,656768,951,35,140,246.0,0.0,246.0,311,311,152.34285714285716,7,0,1000000,3000,4
164285,164285,657140,952,93,372,649.0,0.0,649.0,722,724,351.741935483871,15,0,1000000,3000,4
164380,164380,657520,953,95,380,648.0,0.0,648.0,722,722,369.6842105263158,15,0,1000000,3000,4
164458,164458,657832,954,78,312,608.0,0.0,608.0,681,681,338.7692307692308,14,0,1000000,3000,4
164619,164619,658476,955,161,644,1041.0,0.0,1041.0,1130,1130,572.1428571428571,23,0,1000000,3000,4
164795,164795,659180,956,176,704,1046.0,0.0,1046.0,1138,1138,634.5738636363636,23,0,1000000,3000,4
165003,165003,660012,957,208,832,1308.0,0.0,1308.0,1405,1405,718.9134615384615,29,0,1000000,3000,4
165037,165037,660148,958,34,136,243.0,0.0,243.0,306,306,160.02941176470588,7,0,1000000,3000,4
165082,165082,660328,959,45,180,221.0,0.0,221.0,286,286,168.2,6,0,1000000,3000,4
165116,165116,660464,960,34,136,243.0,0.0,243.0,307,307,157.73529411764707,7,0,1000000,3000,4
165149,165149,660596,961,33,132,247.0,0.0,247.0,310,310,145.5151515151515,7,0,1000000,3000,4
165293,165293,661172,962,144,576,733.0,0.0,733.0,819,819,495.25694444444446,17,0,1000000,3000,4
165329,165329,661316,963,36,144,236.0,0.0,236.0,301,301,170.33333333333334,7,0,1000000,3000,4
165522,165522,662088,964,193,772,1034.0,0.0,1034.0,1127,1127,637.2953367875648,23,0,1000000,3000,4
165552,165552,662208,965,30,120,250.0,0.0,250.0,313,313,158.33333333333334,7,0,1000000,3000,4
165756,165756,663024,966,204,816,1425.0,0.0,1425.0,1521,1521,770.1911764705883,31,0,1000000,3000,4
165936,165936,663744,967,180,720,1579.0,0.0,1579.0,1673,1673,809.1944444444445,34,0,1000000,3000,4
165970,165970,663880,968,34,136,234.0,0.0,234.0,297,297,167.76470588235293,6,0,1000000,3000,4
166059,166059,664236,969,89,356,637.0,0.0,637.0,712,712,397.1573033707865,15,0,1000000,3000,4
166245,166245,664980,970,186,744,1314.0,0.0,1314.0,1408,1408,685.5752688172043,29,0,1000000,3000,4
166430,166430,665720,971,185,740,762.0,0.0,762.0,856,856,549.6810810810811,18,0,1000000,3000,4
166583,166583,666332,972,153,612,1041.0,0.0,1041.0,1127,1127,638.8692810457517,23,0,1000000,3000,4
166741,166741,666964,973,158,632,1344.0,0.0,1344.0,1433,1433,708.2088607594936,29,0,1000000,3000,4
166776,166776,667104,974,35,140,244.0,0.0,244.0,308,308,151.71428571428572,7,0,1000000,3000,4
166854,166854,667416,975,78,312,610.0,0.0,610.0,682,682,341.06410256410254,14,0,1000000,3000,4
167037,167037,668148,976,183,732,1431.0,0.0,1431.0,1524,1524,736.9672131147541,31,0,1000000,3000,4
167195,167195,668780,977,158,632,1353.0,0.0,1353.0,1442,1442,718.5253164556962,29,0,1000000,3000,4
167226,167226,668904,978,31,124,245.0,0.0,245.0,308,308,160.25806451612902,7,0,1000000,3000,4
167309,167309,669236,979,83,332,614.0,0.0,614.0,687,687,356.144578313253,14,0,1000000,3000,4
167458,167458,669832,980,149,596,1330.0,0.0,1330.0,1415,1415,703.0872483221476,29,0,1000000,3000,4
167624,167624,670496,981,166,664,1343.0,0.0,1343.0,1434,1434,755.933734939759,29,0,1000000,3000,4
167724,167724,670896,982,100,400,591.0,0.0,591.0,667,667,411.19,14,0,1000000,3000,4
167823,167823,671292,983,99,396,617.0,0.0,617.0,694,694,384.47474747474746,14,0,1000000,3000,4
168049,168049,672196,984,226,904,1028.0,0.0,1028.0,1129,1129,658.8761061946902,23,0,1000000,3000,4
168240,168240,672960,985,191,764,1337.0,0.0,1337.0,1433,1433,730.937172774869,29,0,1000000,3000,4
168271,168271,673084,986,31,124,250.0,0.0,250.0,314,314,155.03225806451613,7,0,1000000,3000,4
168307,168307,673228,987,36,144,242.0,0.0,242.0,306,306,156.41666666666666,7,0,1000000,3000,4
168478,168478,673912,988,171,684,1037.0,0.0,1037.0,1127,1127,541.3391812865497,23,0,1000000,3000,4
168728,168728,674912,989,250,1000,1562.0,0.0,1562.0,1670,1670,790.552,34,0,1000000,3000,4
168764,168764,675056,990,36,144,240.0,0.0,240.0,305,305,151.02777777777777,7,0,1000000,3000,4
168800,168800,675200,991,36,144,238.0,0.0,238.0,303,303,163.11111111111111,7,0,1000000,3000,4
168834,168834,675336,992,34,136,244.0,0.0,244.0,308,308,156.85294117647058,7,0,1000000,3000,4
168980,168980,675920,993,146,584,739.0,0.0,739.0,825,825,490.25342465753425,17,0,1000000,3000,4
169012,169012,676048,994,32,128,245.0,0.0,245.0,309,309,160.5,7,0,1000000,3000,4
169087,169087,676348,995,75,300,625.0,0.0,625.0,697,697,356.84,14,0,1000000,3000,4
169239,169239,676956,996,152,608,637.0,0.0,637.0,722,722,503.3421052631579,15,0,1000000,3000,4
169281,169281,677124,997,42,168,227.0,0.0,227.0,292,292,163.11904761904762,6,0,1000000,3000,4
169448,169448,677792,998,167,668,1046.0,0.0,1046.0,1136,1136,581.3413173652694,23,0,1000000,3000,4
169566,169566,678264,999,118,472,607.0,0.0,607.0,686,686,391.9830508474576,14,0,1000000,3000,4
169607,169607,678428,1000,41,164,226.0,0.0,226.0,292,292,161.21951219512195,6,0,1000000,3000,4
169642,169642,678568,1001,35,140,231.0,0.0,231.0,294,294,170.17142857142858,6,0,1000000,3000,4
169674,169674,678696,1002,32,128,247.0,0.0,247.0,311,311,159.15625,7,0,1000000,3000,4
169712,169712,678848,1003,38,152,235.0,0.0,235.0,300,300,158.1578947368421,7,0,1000000,3000,4
169956,169956,679824,1004,244,976,1311.0,0.0,1311.0,1415,1415,768.188524590164,29,0,1000000,3000,4
170133,170133,680532,1005,177,708,1150.0,0.0,1150.0,1243,1243,594.0677966101695,25,0,1000000,3000,4
170484,170484,681936,1006,351,1404,1290.0,0.0,1290.0,1416,1416,802.7464387464388,29,0,1000000,3000,4
170523,170523,682092,1007,39,156,236.0,0.0,236.0,300,300,163.15384615384616,7,0,1000000,3000,4
170706,170706,682824,1008,183,732,1337.0,0.0,1337.0,1431,1431,694.5191256830601,29,0,1000000,3000,4
170882,170882,683528,1009,176,704,808.0,0.0,808.0,898,899,604.3125,18,0,1000000,3000,4
170963,170963,683852,1010,81,324,635.0,0.0,635.0,708,708,385.7037037037037,15,0,1000000,3000,4
171105,171105,684420,1011,142,568,639.0,0.0,639.0,722,722,505.0281690140845,15,0,1000000,3000,4
171192,171192,684768,1012,87,348,630.0,0.0,630.0,705,705,375.0689655172414,15,0,1000000,3000,4
171355,171355,685420,1013,163,652,1345.0,0.0,1345.0,1435,1435,719.3926380368098,29,0,1000000,3000,4
171530,171530,686120,1014,175,700,710.0,0.0,710.0,802,802,563.3885714285715,17,0,1000000,3000,4
171559,171559,686236,1015,29,116,244.0,0.0,244.0,307,307,160.41379310344828,7,0,1000000,3000,4
171762,171762,687048,1016,203,812,803.0,0.0,803.0,898,898,559.743842364532,18,0,1000000,3000,4
171978,171978,687912,1017,216,864,1694.0,0.0,1694.0,1795,1795,812.5416666666666,36,0,1000000,3000,4
172015,172015,688060,1018,37,148,231.0,0.0,231.0,295,295,170.8918918918919,6,0,1000000,3000,4
172092,172092,688368,1019,77,308,631.0,0.0,631.0,702,702,399.06493506493507,15,0,1000000,3000,4
172127,172127,688508,1020,35,140,238.0,0.0,238.0,303,303,158.4857142857143,7,0,1000000,3000,4
172241,172241,688964,1021,114,456,724.0,0.0,724.0,803,803,482.0263157894737,17,0,1000000,3000,4
172372,172372,689488,1022,131,524,732.0,0.0,732.0,816,816,490.55725190839695,17,0,1000000,3000,4
172529,172529,690116,1023,157,628,783.0,0.0,783.0,872,872,547.3885350318471,18,0,1000000,3000,4
172743,172743,690972,1024,214,856,1692.0,0.0,1692.0,1791,1791,797.2289719626168,36,0,1000000,3000,4
172775,172775,691100,1025,32,128,244.0,0.0,244.0,308,308,157.375,7,0,1000000,3000,4
172811,172811,691244,1026,36,144,233.0,0.0,233.0,296,296,167.75,6,0,1000000,3000,4
172848,172848,691392,1027,37,148,242.0,0.0,242.0,305,305,160.1081081081081,7,0,1000000,3000,4
172946,172946,691784,1028,98,392,599.0,0.0,599.0,674,674,406.2857142857143,14,0,1000000,3000,4
173200,173200,692800,1029,254,1016,1685.0,0.0,1685.0,1791,1791,841.4055118110236,36,0,1000000,3000,4
173291,173291,693164,1030,91,364,619.0,0.0,619.0,694,694,384.31868131868134,14,0,1000000,3000,4
173329,173329,693316,1031,38,152,225.0,0.0,225.0,289,289,172.28947368421052,6,0,1000000,3000,4
173360,173360,693440,1032,31,124,248.0,0.0,248.0,312,312,151.29032258064515,7,0,1000000,3000,4
173488,173488,693952,1033,128,512,1044.0,0.0,1044.0,1125,1125,561.1875,23,0,1000000,3000,4
173635,173635,694540,1034,147,588,1050.0,0.0,1050.0,1136,1136,632.1088435374149,23,0,1000000,3000,4
173675,173675,694700,1035,40,160,236.0,0.0,236.0,301,301,166.3,7,0,1000000,3000,4
173897,173897,695588,1036,222,888,1307.0,0.0,1307.0,1408,1408,735.8558558558559,29,0,1000000,3000,4
174131,174131,696524,1037,234,936,1305.0,0.0,1305.0,1408,1408,655.2478632478633,29,0,1000000,3000,4
174274,174274,697096,1038,143,572,639.0,0.0,639.0,722,724,512.4685314685315,15,0,1000000,3000,4
174362,174362,697448,1039,88,352,650.0,0.0,650.0,722,722,377.70454545454544,15,0,1000000,3000,4
174568,174568,698272,1040,206,824,766.0,0.0,766.0,863,863,558.8640776699029,18,0,1000000,3000,4
175079,175079,700316,1041,511,2044,3013.0,0.0,3013.0,3161,3161,1658.573385518591,64,0,1000000,3000,4
175110,175110,700440,1042,31,124,249.0,0.0,249.0,313,313,152.70967741935485,7,0,1000000,3000,4
175410,175410,701640,1043,300,1200,1408.0,0.0,1408.0,1524,1524,716.53,31,0,1000000,3000,4
175450,175450,701800,1044,40,160,242.0,0.0,242.0,307,307,150.225,7,0,1000000,3000,4
175621,175621,702484,1045,171,684,1039.0,0.0,1039.0,1129,1129,567.1578947368421,23,0,1000000,3000,4
175789,175789,703156,1046,168,672,810.0,0.0,810.0,898,899,583.6071428571429,18,0,1000000,3000,4
176113,176113,704452,1047,324,1296,1899.0,0.0,1899.0,2021,2021,861.0679012345679,41,0,1000000,3000,4
176259,176259,705036,1048,146,584,1348.0,0.0,1348.0,1435,1435,719.472602739726,29,0,1000000,3000,4
176350,176350,705400,1049,91,364,617.0,0.0,617.0,692,692,386.68131868131866,14,0,1000000,3000,4
176539,176539,706156,1050,189,756,1430.0,0.0,1430.0,1523,1523,726.0793650793651,31,0,1000000,3000,4
176733,176733,706932,1051,194,776,1056.0,0.0,1056.0,1152,1152,657.7680412371134,24,0,1000000,3000,4
176822,176822,707288,1052,89,356,606.0,0.0,606.0,681,681,348.30337078651684,14,0,1000000,3000,4
177018,177018,708072,1053,196,784,748.0,0.0,748.0,844,844,567.9336734693877,17,0,1000000,3000,4
177100,177100,708400,1054,82,328,628.0,0.0,628.0,701,701,388.1219512195122,15,0,1000000,3000,4
177137,177137,708548,1055,37,148,231.0,0.0,231.0,295,295,167.40540540540542,6,0,1000000,3000,4
177264,177264,709056,1056,127,508,603.0,0.0,603.0,685,685,388.7795275590551,14,0,1000000,3000,4
177297,177297,709188,1057,33,132,243.0,0.0,243.0,306,306,157.84848484848484,7,0,1000000,3000,4
177388,177388,709552,1058,91,364,600.0,0.0,600.0,675,675,401.64835164835165,14,0,1000000,3000,4
177571,177571,710284,1059,183,732,741.0,0.0,741.0,834,834,531.360655737705,17,0,1000000,3000,4
177661,177661,710644,1060,90,360,597.0,0.0,597.0,671,671,416.52222222222224,14,0,1000000,3000,4
177875,177875,711500,1061,214,856,1309.0,0.0,1309.0,1408,1408,703.5841121495328,29,0,1000000,3000,4
177975,177975,711900,1062,100,400,610.0,0.0,610.0,686,686,333.04,14,0,1000000,3000,4
178013,178013,712052,1063,38,152,236.0,0.0,236.0,300,300,157.47368421052633,7,0,1000000,3000,4
178044,178044,712176,1064,31,124,249.0,0.0,249.0,311,311,154.67741935483872,7,0,1000000,3000,4
178089,178089,712356,1065,45,180,224.0,0.0,224.0,287,287,164.51111111111112,6,0,1000000,3000,4
178184,178184,712736,1066,95,380,627.0,0.0,627.0,703,703,360.65263157894736,15,0,1000000,3000,4
178420,178420,713680,1067,236,944,1136.0,0.0,1136.0,1241,1241,632.8516949152543,25,0,1000000,3000,4
178503,178503,714012,1068,83,332,651.0,0.0,651.0,722,722,379.72289156626505,15,0,1000000,3000,4
178663,178663,714652,1069,160,640,754.0,0.0,754.0,843,843,556.1,17,0,1000000,3000,4
178694,178694,714776,1070,31,124,245.0,0.0,245.0,308,308,165.29032258064515,7,0,1000000,3000,4
178861,178861,715444,1071,167,668,1350.0,0.0,1350.0,1441,1441,666.9580838323353,29,0,1000000,3000,4
178968,178968,715872,1072,107,428,602.0,0.0,602.0,679,679,394.76635514018693,14,0,1000000,3000,4
179068,179068,716272,1073,100,400,608.0,0.0,608.0,684,684,402.14,14,0,1000000,3000,4
179183,179183,716732,1074,115,460,589.0,0.0,589.0,668,668,407.76521739130436,14,0,1000000,3000,4
179285,179285,717140,1075,102,408,610.0,0.0,610.0,687,687,361.70588235294116,14,0,1000000,3000,4
179316,179316,717264,1076,31,124,251.0,0.0,251.0,315,315,156.25806451612902,7,0,1000000,3000,4
179349,179349,717396,1077,33,132,246.0,0.0,246.0,310,310,152.3939393939394,7,0,1000000,3000,4
179455,179455,717820,1078,106,424,607.0,0.0,607.0,685,685,383.37735849056605,14,0,1000000,3000,4
179534,179534,718136,1079,79,316,615.0,0.0,615.0,686,686,333.873417721519,14,0,1000000,3000,4
179568,179568,718272,1080,34,136,244.0,0.0,244.0,308,308,151.35294117647058,7,0,1000000,3000,4
179749,179749,718996,1081,181,724,1340.0,0.0,1340.0,1434,1434,725.3204419889503,29,0,1000000,3000,4
179781,179781,719124,1082,32,128,243.0,0.0,243.0,307,307,161.59375,7,0,1000000,3000,4
179866,179866,719464,1083,85,340,630.0,0.0,630.0,704,704,358.0352941176471,15,0,1000000,3000,4
179966,179966,719864,1084,100,400,620.0,0.0,620.0,697,697,383.43,14,0,1000000,3000,4
179998,179998,719992,1085,32,128,250.0,0.0,250.0,314,314,158.09375,7,0,1000000,3000,4
180035,180035,720140,1086,37,148,240.0,0.0,240.0,304,304,150.43243243243242,7,0,1000000,3000,4
180162,180162,720648,1087,127,508,743.0,0.0,743.0,826,826,508.496062992126,17,0,1000000,3000,4
180258,180258,721032,1088,96,384,616.0,0.0,616.0,692,692,393.625,14,0,1000000,3000,4
180348,180348,721392,1089,90,360,614.0,0.0,614.0,689,689,385.26666666666665,14,0,1000000,3000,4
180460,180460,721840,1090,112,448,602.0,0.0,602.0,682,682,393.14285714285717,14,0,1000000,3000,4
180621,180621,722484,1091,161,644,1161.0,0.0,1161.0,1250,1250,661.4906832298136,26,0,1000000,3000,4
180653,180653,722612,1092,32,128,246.0,0.0,246.0,310,310,158.34375,7,0,1000000,3000,4
180684,180684,722736,1093,31,124,249.0,0.0,249.0,313,313,148.48387096774192,7,0,1000000,3000,4
180849,180849,723396,1094,165,660,1175.0,0.0,1175.0,1265,1265,635.0,26,0,1000000,3000,4
180947,180947,723788,1095,98,392,619.0,0.0,619.0,695,695,381.5612244897959,14,0,1000000,3000,4
180977,180977,723908,1096,30,120,245.0,0.0,245.0,309,309,153.13333333333333,7,0,1000000,3000,4
181142,181142,724568,1097,165,660,718.0,0.0,718.0,808,808,568.7939393939394,17,0,1000000,3000,4
181187,181187,724748,1098,45,180,222.0,0.0,222.0,288,288,168.44444444444446,6,0,1000000,3000,4
181344,181344,725376,1099,157,628,1433.0,0.0,1433.0,1522,1522,774.0955414012739,31,0,1000000,3000,4
181581,181581,726324,1100,237,948,1129.0,0.0,1129.0,1232,1232,682.5274261603375,25,0,1000000,3000,4
181745,181745,726980,1101,164,656,1060.0,0.0,1060.0,1150,1150,629.9146341463414,24,0,1000000,3000,4
181968,181968,727872,1102,223,892,1333.0,0.0,1333.0,1435,1435,703.5829596412556,29,0,1000000,3000,4
182064,182064,728256,1103,96,384,612.0,0.0,612.0,687,687,398.1458333333333,14,0,1000000,3000,4
182097,182097,728388,1104,33,132,243.0,0.0,243.0,307,307,156.3030303030303,7,0,1000000,3000,4
182178,182178,728712,1105,81,324,622.0,0.0,622.0,696,696,355.4320987654321,14,0,1000000,3000,4
182218,182218,728872,1106,40,160,242.0,0.0,242.0,306,306,145.525,7,0,1000000,3000,4
182494,182494,729976,1107,276,1104,1406.0,0.0,1406.0,1519,1519,787.5072463768116,31,0,1000000,3000,4
182573,182573,730292,1108,79,316,626.0,0.0,626.0,699,699,354.4810126582278,14,0,1000000,3000,4
182820,182820,731280,1109,247,988,1328.0,0.0,1328.0,1435,1435,734.3684210526316,29,0,1000000,3000,4
182927,182927,731708,1110,107,428,719.0,0.0,719.0,797,797,445.5607476635514,16,0,1000000,3000,4
183138,183138,732552,1111,211,844,739.0,0.0,739.0,837,837,532.8625592417062,17,0,1000000,3000,4
183179,183179,732716,1112,41,164,233.0,0.0,233.0,299,299,156.53658536585365,6,0,1000000,3000,4
183340,183340,733360,1113,161,644,1065.0,0.0,1065.0,1155,1155,602.9378881987577,24,0,1000000,3000,4
183602,183602,734408,1114,262,1048,1328.0,0.0,1328.0,1438,1438,743.412213740458,29,0,1000000,3000,4
183636,183636,734544,1115,34,136,235.0,0.0,235.0,298,298,169.97058823529412,6,0,1000000,3000,4
183669,183669,734676,1116,33,132,241.0,0.0,241.0,305,305,158.78787878787878,7,0,1000000,3000,4
183713,183713,734852,1117,44,176,226.0,0.0,226.0,291,291,158.88636363636363,6,0,1000000,3000,4
183866,183866,735464,1118,153,612,813.0,0.0,813.0,898,899,551.7843137254902,18,0,1000000,3000,4
183898,183898,735592,1119,32,128,250.0,0.0,250.0,314,314,153.96875,7,0,1000000,3000,4
184140,184140,736560,1120,242,968,1024.0,0.0,1024.0,1128,1128,550.6694214876034,23,0,1000000,3000,4
184239,184239,736956,1121,99,396,616.0,0.0,616.0,692,692,331.1212121212121,14,0,1000000,3000,4
184274,184274,737096,1122,35,140,252.0,0.0,252.0,316,316,150.22857142857143,7,0,1000000,3000,4
184437,184437,737748,1123,163,652,811.0,0.0,811.0,898,898,548.8773006134969,18,0,1000000,3000,4
184475,184475,737900,1124,38,152,241.0,0.0,241.0,304,304,149.8421052631579,7,0,1000000,3000,4
184600,184600,738400,1125,125,500,611.0,0.0,611.0,693,693,344.496,14,0,1000000,3000,4
184721,184721,738884,1126,121,484,584.0,0.0,584.0,665,665,360.57851239669424,14,0,1000000,3000,4
184833,184833,739332,1127,112,448,605.0,0.0,605.0,683,683,392.5982142857143,14,0,1000000,3000,4
184937,184937,739748,1128,104,416,628.0,0.0,628.0,704,704,341.00961538461536,15,0,1000000,3000,4
185000,185000,740000,1129,63,252,218.0,0.0,218.0,286,286,129.3015873015873,6,0,1000000,3000,4
185053,185053,740212,1130,53,212,212.0,0.0,212.0,278,278,149.49056603773585,6,0,1000000,3000,4
185193,185193,740772,1131,140,560,591.0,0.0,591.0,675,675,342.7214285714286,14,0,1000000,3000,4
185315,185315,741260,1132,122,488,611.0,0.0,611.0,693,693,349.0163934426229,14,0,1000000,3000,4
185546,185546,742184,1133,231,924,1324.0,0.0,1324.0,1427,1427,740.8181818181819,29,0,1000000,3000,4
185726,185726,742904,1134,180,720,1034.0,0.0,1034.0,1125,1125,562.1555555555556,23,0,1000000,3000,4
185863,185863,743452,1135,137,548,594.0,0.0,594.0,678,678,337.3795620437956,14,0,1000000,3000,4
186066,186066,744264,1136,203,812,1030.0,0.0,1030.0,1125,1125,639.1133004926108,23,0,1000000,3000,4
186308,186308,745232,1137,242,968,1024.0,0.0,1024.0,1128,1128,670.4380165289256,23,0,1000000,3000,4
186442,186442,745768,1138,134,536,611.0,0.0,611.0,695,695,359.34328358208955,14,0,1000000,3000,4
186685,186685,746740,1139,243,972,1299.0,0.0,1299.0,1404,1404,729.6255144032922,29,0,1000000,3000,4
186869,186869,747476,1140,184,736,735.0,0.0,735.0,828,828,490.1141304347826,17,0,1000000,3000,4
186915,186915,747660,1141,46,184,242.0,0.0,242.0,307,307,135.45652173913044,7,0,1000000,3000,4
187126,187126,748504,1142,211,844,752.0,0.0,752.0,852,852,515.7535545023696,18,0,1000000,3000,4
187246,187246,748984,1143,120,480,615.0,0.0,615.0,696,696,359.68333333333334,14,0,1000000,3000,4
187295,187295,749180,1144,49,196,239.0,0.0,239.0,304,304,128.0,7,0,1000000,3000,4
187339,187339,749356,1145,44,176,226.0,0.0,226.0,291,291,154.63636363636363,6,0,1000000,3000,4
187381,187381,749524,1146,42,168,232.0,0.0,232.0,297,297,160.57142857142858,6,0,1000000,3000,4
187502,187502,750008,1147,121,484,593.0,0.0,593.0,674,674,381.5289256198347,14,0,1000000,3000,4
187541,187541,750164,1148,39,156,244.0,0.0,244.0,307,307,146.51282051282053,7,0,1000000,3000,4
187585,187585,750340,1149,44,176,230.0,0.0,230.0,294,294,155.6818181818182,6,0,1000000,3000,4
187625,187625,750500,1150,40,160,234.0,0.0,234.0,298,298,161.875,6,0,1000000,3000,4
187837,187837,751348,1151,212,848,760.0,0.0,760.0,859,859,521.2547169811321,18,0,1000000,3000,4
187879,187879,751516,1152,42,168,234.0,0.0,234.0,299,299,158.71428571428572,6,0,1000000,3000,4
188060,188060,752240,1153,181,724,715.0,0.0,715.0,808,808,571.4585635359116,17,0,1000000,3000,4
188103,188103,752412,1154,43,172,228.0,0.0,228.0,292,292,159.6046511627907,6,0,1000000,3000,4
188278,188278,753112,1155,175,700,1060.0,0.0,1060.0,1152,1152,630.5714285714286,24,0,1000000,3000,4
188388,188388,753552,1156,110,440,623.0,0.0,623.0,701,701,357.6545454545454,15,0,1000000,3000,4
188607,188607,754428,1157,219,876,1327.0,0.0,1327.0,1428,1428,701.5068493150685,29,0,1000000,3000,4
188783,188783,755132,1158,176,704,1422.0,0.0,1422.0,1513,1513,700.3977272727273,31,0,1000000,3000,4
188823,188823,755292,1159,40,160,230.0,0.0,230.0,295,295,159.7,6,0,1000000,3000,4
189013,189013,756052,1160,190,760,1035.0,0.0,1035.0,1127,1127,582.7368421052631,23,0,1000000,3000,4
189227,189227,756908,1161,214,856,750.0,0.0,750.0,848,848,523.2429906542056,17,0,1000000,3000,4
189263,189263,757052,1162,36,144,247.0,0.0,247.0,311,311,151.69444444444446,7,0,1000000,3000,4
189398,189398,757592,1163,135,540,608.0,0.0,608.0,690,690,403.037037037037,14,0,1000000,3000,4
189442,189442,757768,1164,44,176,230.0,0.0,230.0,296,296,139.61363636363637,6,0,1000000,3000,4
189677,189677,758708,1165,235,940,1026.0,0.0,1026.0,1128,1128,558.9191489361702,23,0,1000000,3000,4
189845,189845,759380,1166,168,672,617.0,0.0,617.0,708,708,462.30357142857144,15,0,1000000,3000,4
189879,189879,759516,1167,34,136,245.0,0.0,245.0,308,308,156.85294117647058,7,0,1000000,3000,4
190037,190037,760148,1168,158,632,1049.0,0.0,1049.0,1137,1137,629.2405063291139,23,0,1000000,3000,4
190074,190074,760296,1169,37,148,243.0,0.0,243.0,308,308,151.6216216216216,7,0,1000000,3000,4
190160,190160,760640,1170,86,344,612.0,0.0,612.0,687,687,351.5,14,0,1000000,3000,4
190196,190196,760784,1171,36,144,239.0,0.0,239.0,303,303,156.44444444444446,7,0,1000000,3000,4
190309,190309,761236,1172,113,452,619.0,0.0,619.0,698,698,398.49557522123894,14,0,1000000,3000,4
190350,190350,761400,1173,41,164,230.0,0.0,230.0,295,295,159.65853658536585,6,0,1000000,3000,4
190386,190386,761544,1174,36,144,244.0,0.0,244.0,309,309,149.30555555555554,7,0,1000000,3000,4
190424,190424,761696,1175,38,152,242.0,0.0,242.0,307,307,143.6315789473684,7,0,1000000,3000,4
190496,190496,761984,1176,72,288,615.0,0.0,615.0,687,687,334.3611111111111,14,0,1000000,3000,4
190601,190601,762404,1177,105,420,627.0,0.0,627.0,705,705,352.5809523809524,15,0,1000000,3000,4
190706,190706,762824,1178,105,420,590.0,0.0,590.0,667,667,411.18095238095236,14,0,1000000,3000,4
190918,190918,763672,1179,212,848,1335.0,0.0,1335.0,1435,1435,661.311320754717,29,0,1000000,3000,4
190949,190949,763796,1180,31,124,246.0,0.0,246.0,309,309,158.1290322580645,7,0,1000000,3000,4
190984,190984,763936,1181,35,140,241.0,0.0,241.0,304,304,162.42857142857142,7,0,1000000,3000,4
191113,191113,764452,1182,129,516,737.0,0.0,737.0,819,819,505.4651162790698,17,0,1000000,3000,4
191217,191217,764868,1183,104,416,605.0,0.0,605.0,682,682,375.2692307692308,14,0,1000000,3000,4
191321,191321,765284,1184,104,416,624.0,0.0,624.0,701,701,383.15384615384613,15,0,1000000,3000,4
191405,191405,765620,1185,84,336,651.0,0.0,651.0,722,722,358.17857142857144,15,0,1000000,3000,4
191487,191487,765948,1186,82,328,621.0,0.0,621.0,694,694,358.8048780487805,14,0,1000000,3000,4
191668,191668,766672,1187,181,724,1034.0,0.0,1034.0,1125,1125,624.8729281767955,23,0,1000000,3000,4
191866,191866,767464,1188,198,792,1341.0,0.0,1341.0,1438,1438,704.2373737373738,29,0,1000000,3000,4
191948,191948,767792,1189,82,328,607.0,0.0,607.0,681,681,363.5121951219512,14,0,1000000,3000,4
192159,192159,768636,1190,211,844,1306.0,0.0,1306.0,1404,1404,675.4170616113744,29,0,1000000,3000,4
192194,192194,768776,1191,35,140,244.0,0.0,244.0,309,309,153.28571428571428,7,0,1000000,3000,4
192275,192275,769100,1192,81,324,622.0,0.0,622.0,696,696,366.7901234567901,14,0,1000000,3000,4
192404,192404,769616,1193,129,516,738.0,0.0,738.0,820,820,490.4341085271318,17,0,1000000,3000,4
192639,192639,770556,1194,235,940,1563.0,0.0,1563.0,1666,1666,806.9914893617022,34,0,1000000,3000,4
192672,192672,770688,1195,33,132,244.0,0.0,244.0,308,308,162.21212121212122,7,0,1000000,3000,4
192954,192954,771816,1196,282,1128,1677.0,0.0,1677.0,1790,1790,789.4751773049645,36,0,1000000,3000,4
192985,192985,771940,1197,31,124,247.0,0.0,247.0,311,311,152.25806451612902,7,0,1000000,3000,4
193022,193022,772088,1198,37,148,244.0,0.0,244.0,308,308,157.9189189189189,7,0,1000000,3000,4
193058,193058,772232,1199,36,144,240.0,0.0,240.0,304,304,158.36111111111111,7,0,1000000,3000,4
193088,193088,772352,1200,30,120,248.0,0.0,248.0,312,312,156.26666666666668,7,0,1000000,3000,4
193118,193118,772472,1201,30,120,247.0,0.0,247.0,311,311,149.73333333333332,7,0,1000000,3000,4
193326,193326,773304,1202,208,832,1320.0,0.0,1320.0,1417,1417,661.1490384615385,29,0,1000000,3000,4
193474,193474,773896,1203,148,592,1042.0,0.0,1042.0,1127,1127,582.6891891891892,23,0,1000000,3000,4
193602,193602,774408,1204,128,512,731.0,0.0,731.0,814,814,491.640625,17,0,1000000,3000,4
193850,193850,775400,1205,248,992,1408.0,0.0,1408.0,1515,1515,735.8104838709677,31,0,1000000,3000,4
193939,193939,775756,1206,89,356,635.0,0.0,635.0,710,710,358.34831460674155,15,0,1000000,3000,4
194018,194018,776072,1207,79,316,612.0,0.0,612.0,684,684,328.72151898734177,14,0,1000000,3000,4
194112,194112,776448,1208,94,376,631.0,0.0,631.0,706,706,358.02127659574467,15,0,1000000,3000,4
194149,194149,776596,1209,37,148,237.0,0.0,237.0,302,302,159.05405405405406,7,0,1000000,3000,4
194250,194250,777000,1210,101,404,607.0,0.0,607.0,685,685,410.4257425742574,14,0,1000000,3000,4
194485,194485,777940,1211,235,940,1325.0,0.0,1325.0,1429,1429,694.0468085106382,29,0,1000000,3000,4
194519,194519,778076,1212,34,136,249.0,0.0,249.0,313,313,149.47058823529412,7,0,1000000,3000,4
194550,194550,778200,1213,31,124,250.0,0.0,250.0,312,312,152.32258064516128,7,0,1000000,3000,4
194888,194888,779552,1214,338,1352,2349.0,0.0,2349.0,2472,2472,1399.9260355029585,50,0,1000000,3000,4
194981,194981,779924,1215,93,372,603.0,0.0,603.0,679,679,404.2795698924731,14,0,1000000,3000,4
195018,195018,780072,1216,37,148,241.0,0.0,241.0,306,306,163.13513513513513,7,0,1000000,3000,4
195098,195098,780392,1217,80,320,624.0,0.0,624.0,697,697,396.55,14,0,1000000,3000,4
195201,195201,780804,1218,103,412,622.0,0.0,622.0,700,700,386.49514563106794,15,0,1000000,3000,4
195241,195241,780964,1219,40,160,236.0,0.0,236.0,301,301,164.075,7,0,1000000,3000,4
195272,195272,781088,1220,31,124,250.0,0.0,250.0,314,314,155.03225806451613,7,0,1000000,3000,4
195448,195448,781792,1221,176,704,808.0,0.0,808.0,898,899,551.5852272727273,18,0,1000000,3000,4
195526,195526,782104,1222,78,312,627.0,0.0,627.0,699,699,363.96153846153845,14,0,1000000,3000,4
195557,195557,782228,1223,31,124,245.0,0.0,245.0,309,309,161.74193548387098,7,0,1000000,3000,4
195723,195723,782892,1224,166,664,1049.0,0.0,1049.0,1139,1139,575.0421686746988,23,0,1000000,3000,4
195759,195759,783036,1225,36,144,244.0,0.0,244.0,308,308,160.47222222222223,7,0,1000000,3000,4
195855,195855,783420,1226,96,384,621.0,0.0,621.0,698,698,376.5104166666667,14,0,1000000,3000,4
195931,195931,783724,1227,76,304,636.0,0.0,636.0,708,708,385.5263157894737,15,0,1000000,3000,4
196113,196113,784452,1228,182,728,1316.0,0.0,1316.0,1409,1409,699.6208791208791,29,0,1000000,3000,4
196211,196211,784844,1229,98,392,624.0,0.0,624.0,700,700,380.9591836734694,15,0,1000000,3000,4
196246,196246,784984,1230,35,140,241.0,0.0,241.0,305,305,162.65714285714284,7,0,1000000,3000,4
196393,196393,785572,1231,147,588,814.0,0.0,814.0,898,899,595.1496598639455,18,0,1000000,3000,4
196491,196491,785964,1232,98,392,622.0,0.0,622.0,699,699,389.5,14,0,1000000,3000,4
196561,196561,786244,1233,70,280,603.0,0.0,603.0,674,674,328.84285714285716,14,0,1000000,3000,4
196593,196593,786372,1234,32,128,247.0,0.0,247.0,311,311,153.03125,7,0,1000000,3000,4
196627,196627,786508,1235,34,136,243.0,0.0,243.0,306,306,152.5,7,0,1000000,3000,4
196815,196815,787260,1236,188,752,1576.0,0.0,1576.0,1671,1671,791.6063829787234,34,0,1000000,3000,4
196974,196974,787896,1237,159,636,1039.0,0.0,1039.0,1126,1126,564.3962264150944,23,0,1000000,3000,4
197091,197091,788364,1238,117,468,614.0,0.0,614.0,695,695,378.6752136752137,14,0,1000000,3000,4
197262,197262,789048,1239,171,684,758.0,0.0,758.0,849,849,541.953216374269,17,0,1000000,3000,4
197570,197570,790280,1240,308,1232,1013.0,0.0,1013.0,1130,1130,703.7662337662338,23,0,1000000,3000,4
197776,197776,791104,1241,206,824,1031.0,0.0,1031.0,1128,1128,660.9514563106796,23,0,1000000,3000,4
197815,197815,791260,1242,39,156,231.0,0.0,231.0,295,295,163.7948717948718,6,0,1000000,3000,4
197847,197847,791388,1243,32,128,246.0,0.0,246.0,310,310,150.96875,7,0,1000000,3000,4
198012,198012,792048,1244,165,660,759.0,0.0,759.0,849,849,548.4242424242424,17,0,1000000,3000,4
198191,198191,792764,1245,179,716,1044.0,0.0,1044.0,1136,1136,630.2905027932961,23,0,1000000,3000,4
198227,198227,792908,1246,36,144,234.0,0.0,234.0,298,298,167.38888888888889,6,0,1000000,3000,4
198311,198311,793244,1247,84,336,621.0,0.0,621.0,694,694,363.25,14,0,1000000,3000,4
198516,198516,794064,1248,205,820,1340.0,0.0,1340.0,1438,1438,678.4829268292683,29,0,1000000,3000,4
198554,198554,794216,1249,38,152,239.0,0.0,239.0,304,304,155.39473684210526,7,0,1000000,3000,4
198750,198750,795000,1250,196,784,1337.0,0.0,1337.0,1434,1434,726.265306122449,29,0,1000000,3000,4
198784,198784,795136,1251,34,136,238.0,0.0,238.0,301,301,165.47058823529412,7,0,1000000,3000,4
198872,198872,795488,1252,88,352,608.0,0.0,608.0,683,683,340.29545454545456,14,0,1000000,3000,4
198949,198949,795796,1253,77,308,613.0,0.0,613.0,685,685,349.5064935064935,14,0,1000000,3000,4
199095,199095,796380,1254,146,584,757.0,0.0,757.0,844,844,544.0890410958904,17,0,1000000,3000,4
199185,199185,796740,1255,90,360,627.0,0.0,627.0,703,703,393.6111111111111,15,0,1000000,3000,4
199336,199336,797344,1256,151,604,760.0,0.0,760.0,847,847,552.5960264900663,17,0,1000000,3000,4
199576,199576,798304,1257,240,960,717.0,0.0,717.0,822,822,595.85,17,0,1000000,3000,4
199671,199671,798684,1258,95,380,614.0,0.0,614.0,689,689,409.7894736842105,14,0,1000000,3000,4
199704,199704,798816,1259,33,132,246.0,0.0,246.0,309,309,161.84848484848484,7,0,1000000,3000,4
199739,199739,798956,1260,35,140,231.0,0.0,231.0,294,294,165.74285714285713,6,0,1000000,3000,4
199771,199771,799084,1261,32,128,246.0,0.0,246.0,310,310,159.625,7,0,1000000,3000,4
200070,200070,800280,1262,299,1196,1403.0,0.0,1403.0,1520,1520,750.9632107023411,31,0,1000000,3000,4
200220,200220,800880,1263,150,600,722.0,0.0,722.0,808,808,526.8066666666666,17,0,1000000,3000,4
200382,200382,801528,1264,162,648,635.0,0.0,635.0,722,723,512.604938271605,15,0,1000000,3000,4
200419,200419,801676,1265,37,148,235.0,0.0,235.0,300,300,164.94594594594594,7,0,1000000,3000,4
200482,200482,801928,1266,63,252,607.0,0.0,607.0,677,677,321.04761904761904,14,0,1000000,3000,4
200513,200513,802052,1267,31,124,247.0,0.0,247.0,311,311,154.6451612903226,7,0,1000000,3000,4
200550,200550,802200,1268,37,148,232.0,0.0,232.0,296,296,165.3783783783784,6,0,1000000,3000,4
200639,200639,802556,1269,89,356,625.0,0.0,625.0,700,700,383.438202247191,15,0,1000000,3000,4
200826,200826,803304,1270,187,748,1036.0,0.0,1036.0,1129,1129,662.336898395722,23,0,1000000,3000,4
200856,200856,803424,1271,30,120,251.0,0.0,251.0,314,314,157.43333333333334,7,0,1000000,3000,4
200926,200926,803704,1272,70,280,616.0,0.0,616.0,686,686,349.92857142857144,14,0,1000000,3000,4
200956,200956,803824,1273,30,120,250.0,0.0,250.0,313,313,155.23333333333332,7,0,1000000,3000,4
201030,201030,804120,1274,74,296,617.0,0.0,617.0,689,689,362.1216216216216,14,0,1000000,3000,4
201095,201095,804380,1275,65,260,621.0,0.0,621.0,691,691,355.7846153846154,14,0,1000000,3000,4
201162,201162,804648,1276,67,268,622.0,0.0,622.0,692,692,355.8059701492537,14,0,1000000,3000,4
201199,201199,804796,1277,37,148,231.0,0.0,231.0,296,296,168.54054054054055,6,0,1000000,3000,4
201358,201358,805432,1278,159,636,1042.0,0.0,1042.0,1129,1129,540.5471698113207,23,0,1000000,3000,4
201506,201506,806024,1279,148,592,1042.0,0.0,1042.0,1126,1126,545.2702702702703,23,0,1000000,3000,4
201538,201538,806152,1280,32,128,244.0,0.0,244.0,308,308,159.65625,7,0,1000000,3000,4
201758,201758,807032,1281,220,880,1029.0,0.0,1029.0,1128,1128,656.209090909091,23,0,1000000,3000,4
201793,201793,807172,1282,35,140,233.0,0.0,233.0,297,297,165.4857142857143,6,0,1000000,3000,4
202014,202014,808056,1283,221,884,1028.0,0.0,1028.0,1128,1128,699.2941176470588,23,0,1000000,3000,4
202285,202285,809140,1284,271,1084,1917.0,0.0,1917.0,2029,2029,937.5239852398524,41,0,1000000,3000,4
202315,202315,809260,1285,30,120,251.0,0.0,251.0,313,313,160.0,7,0,1000000,3000,4
202526,202526,810104,1286,211,844,1028.0,0.0,1028.0,1125,1125,641.6587677725119,23,0,1000000,3000,4
202558,202558,810232,1287,32,128,249.0,0.0,249.0,313,313,149.53125,7,0,1000000,3000,4
202601,202601,810404,1288,43,172,227.0,0.0,227.0,293,293,163.7906976744186,6,0,1000000,3000,4
202631,202631,810524,1289,30,120,252.0,0.0,252.0,315,315,156.06666666666666,7,0,1000000,3000,4
203228,203228,812912,1290,597,2388,1257.0,0.0,1257.0,1434,1434,731.5510887772194,29,0,1000000,3000,4
203606,203606,814424,1291,378,1512,997.0,0.0,997.0,1128,1128,705.8862433862433,23,0,1000000,3000,4
203635,203635,814540,1292,29,116,247.0,0.0,247.0,310,310,156.0344827586207,7,0,1000000,3000,4
203794,203794,815176,1293,159,636,812.0,0.0,812.0,898,898,603.1132075471698,18,0,1000000,3000,4
203871,203871,815484,1294,77,308,629.0,0.0,629.0,702,702,399.038961038961,15,0,1000000,3000,4
204008,204008,816032,1295,137,548,779.0,0.0,779.0,864,864,547.6715328467153,18,0,1000000,3000,4
204161,204161,816644,1296,153,612,813.0,0.0,813.0,898,898,580.0,18,0,1000000,3000,4
204230,204230,816920,1297,69,276,630.0,0.0,630.0,701,701,368.6521739130435,15,0,1000000,3000,4
204450,204450,817800,1298,220,880,1316.0,0.0,1316.0,1414,1414,735.3727272727273,29,0,1000000,3000,4
204529,204529,818116,1299,79,316,634.0,0.0,634.0,706,706,385.17721518987344,15,0,1000000,3000,4
204589,204589,818356,1300,60,240,611.0,0.0,611.0,680,680,342.31666666666666,14,0,1000000,3000,4
204618,204618,818472,1301,29,116,250.0,0.0,250.0,313,313,153.9655172413793,7,0,1000000,3000,4
204742,204742,818968,1302,124,496,732.0,0.0,732.0,813,813,470.05645161290323,17,0,1000000,3000,4
204826,204826,819304,1303,84,336,623.0,0.0,623.0,697,697,375.0595238095238,14,0,1000000,3000,4
204860,204860,819440,1304,34,136,248.0,0.0,248.0,312,312,156.08823529411765,7,0,1000000,3000,4
204946,204946,819784,1305,86,344,602.0,0.0,602.0,677,677,420.80232558139534,14,0,1000000,3000,4
205144,205144,820576,1306,198,792,1338.0,0.0,1338.0,1435,1435,723.3232323232323,29,0,1000000,3000,4
205229,205229,820916,1307,85,340,614.0,0.0,614.0,688,688,404.94117647058823,14,0,1000000,3000,4
205319,205319,821276,1308,90,360,615.0,0.0,615.0,690,690,387.8222222222222,14,0,1000000,3000,4
205571,205571,822284,1309,252,1008,1416.0,0.0,1416.0,1524,1524,741.734126984127,31,0,1000000,3000,4
205601,205601,822404,1310,30,120,251.0,0.0,251.0,314,314,157.7,7,0,1000000,3000,4
205689,205689,822756,1311,88,352,626.0,0.0,626.0,701,701,393.34090909090907,15,0,1000000,3000,4
205749,205749,822996,1312,60,240,610.0,0.0,610.0,680,680,334.46666666666664,14,0,1000000,3000,4
205872,205872,823488,1313,123,492,1044.0,0.0,1044.0,1124,1124,577.0650406504066,23,0,1000000,3000,4
205974,205974,823896,1314,102,408,608.0,0.0,608.0,685,685,399.34313725490193,14,0,1000000,3000,4
206005,206005,824020,1315,31,124,249.0,0.0,249.0,313,313,155.90322580645162,7,0,1000000,3000,4
206034,206034,824136,1316,29,116,247.0,0.0,247.0,310,310,156.0344827586207,7,0,1000000,3000,4
206071,206071,824284,1317,37,148,235.0,0.0,235.0,299,299,166.7027027027027,6,0,1000000,3000,4
206133,206133,824532,1318,62,248,609.0,0.0,609.0,679,679,325.56451612903226,14,0,1000000,3000,4
206162,206162,824648,1319,29,116,246.0,0.0,246.0,308,308,159.31034482758622,7,0,1000000,3000,4
206193,206193,824772,1320,31,124,249.0,0.0,249.0,313,313,147.06451612903226,7,0,1000000,3000,4
206267,206267,825068,1321,74,296,633.0,0.0,633.0,705,705,381.7027027027027,15,0,1000000,3000,4
206336,206336,825344,1322,69,276,613.0,0.0,613.0,684,684,342.8985507246377,14,0,1000000,3000,4
206367,206367,825468,1323,31,124,249.0,0.0,249.0,313,313,155.51612903225808,7,0,1000000,3000,4
206397,206397,825588,1324,30,120,246.0,0.0,246.0,310,310,152.66666666666666,7,0,1000000,3000,4
206658,206658,826632,1325,261,1044,1019.0,0.0,1019.0,1126,1126,639.9272030651341,23,0,1000000,3000,4
206692,206692,826768,1326,34,136,245.0,0.0,245.0,308,308,159.35294117647058,7,0,1000000,3000,4
206723,206723,826892,1327,31,124,247.0,0.0,247.0,311,311,151.74193548387098,7,0,1000000,3000,4
206753,206753,827012,1328,30,120,249.0,0.0,249.0,312,312,155.76666666666668,7,0,1000000,3000,4
206917,206917,827668,1329,164,656,1042.0,0.0,1042.0,1130,1130,627.1280487804878,23,0,1000000,3000,4
206979,206979,827916,1330,62,248,609.0,0.0,609.0,679,679,324.14516129032256,14,0,1000000,3000,4
207089,207089,828356,1331,110,440,632.0,0.0,632.0,710,710,386.56363636363636,15,0,1000000,3000,4
207301,207301,829204,1332,212,848,1334.0,0.0,1334.0,1434,1434,722.6415094339623,29,0,1000000,3000,4
207394,207394,829576,1333,93,372,632.0,0.0,632.0,708,708,394.8494623655914,15,0,1000000,3000,4
207423,207423,829692,1334,29,116,247.0,0.0,247.0,310,310,155.9655172413793,7,0,1000000,3000,4
207571,207571,830284,1335,148,592,1067.0,0.0,1067.0,1154,1154,632.2027027027027,24,0,1000000,3000,4
207639,207639,830556,1336,68,272,625.0,0.0,625.0,696,696,369.7647058823529,14,0,1000000,3000,4
207719,207719,830876,1337,80,320,611.0,0.0,611.0,684,684,349.775,14,0,1000000,3000,4
207807,207807,831228,1338,88,352,618.0,0.0,618.0,692,692,401.1931818181818,14,0,1000000,3000,4
207952,207952,831808,1339,145,580,1043.0,0.0,1043.0,1127,1127,549.9724137931034,23,0,1000000,3000,4
208240,208240,832960,1340,288,1152,1681.0,0.0,1681.0,1795,1795,813.8402777777778,36,0,1000000,3000,4
208473,208473,833892,1341,233,932,1689.0,0.0,1689.0,1791,1791,892.5793991416309,36,0,1000000,3000,4
208554,208554,834216,1342,81,324,639.0,0.0,639.0,713,713,392.9753086419753,15,0,1000000,3000,4
208587,208587,834348,1343,33,132,247.0,0.0,247.0,311,311,149.57575757575756,7,0,1000000,3000,4
208852,208852,835408,1344,265,1060,1678.0,0.0,1678.0,1786,1786,854.5735849056604,36,0,1000000,3000,4
208989,208989,835956,1345,137,548,1350.0,0.0,1350.0,1435,1435,713.5693430656934,29,0,1000000,3000,4
209019,209019,836076,1346,30,120,245.0,0.0,245.0,307,307,160.3,7,0,1000000,3000,4
209117,209117,836468,1347,98,392,624.0,0.0,624.0,701,701,374.11224489795916,15,0,1000000,3000,4
209186,209186,836744,1348,69,276,609.0,0.0,609.0,680,680,340.27536231884056,14,0,1000000,3000,4
209265,209265,837060,1349,79,316,635.0,0.0,635.0,708,708,381.43037974683546,15,0,1000000,3000,4
209396,209396,837584,1350,131,524,817.0,0.0,817.0,898,898,545.8015267175573,18,0,1000000,3000,4
209427,209427,837708,1351,31,124,240.0,0.0,240.0,304,304,162.74193548387098,7,0,1000000,3000,4
209464,209464,837856,1352,37,148,238.0,0.0,238.0,303,303,160.35135135135135,7,0,1000000,3000,4
209537,209537,838148,1353,73,292,601.0,0.0,601.0,673,673,328.09589041095893,14,0,1000000,3000,4
209708,209708,838832,1354,171,684,1434.0,0.0,1434.0,1526,1526,720.5087719298245,31,0,1000000,3000,4
209876,209876,839504,1355,168,672,1352.0,0.0,1352.0,1443,1443,695.3630952380952,29,0,1000000,3000,4
209974,209974,839896,1356,98,392,632.0,0.0,632.0,709,709,396.8775510204082,15,0,1000000,3000,4
210057,210057,840228,1357,83,332,735.0,0.0,735.0,809,809,409.3975903614458,17,0,1000000,3000,4
210319,210319,841276,1358,262,1048,791.0,0.0,791.0,898,899,683.9694656488549,18,0,1000000,3000,4
210524,210524,842096,1359,205,820,1922.0,0.0,1922.0,2020,2020,979.8439024390244,41,0,1000000,3000,4
210708,210708,842832,1360,184,736,1037.0,0.0,1037.0,1129,1129,598.1413043478261,23,0,1000000,3000,4
210875,210875,843500,1361,167,668,744.0,0.0,744.0,835,835,529.4910179640718,17,0,1000000,3000,4
211101,211101,844404,1362,226,904,1030.0,0.0,1030.0,1131,1131,688.5884955752213,23,0,1000000,3000,4
211306,211306,845224,1363,205,820,1028.0,0.0,1028.0,1124,1124,688.4146341463414,23,0,1000000,3000,4
211450,211450,845800,1364,144,576,1044.0,0.0,1044.0,1128,1128,619.3194444444445,23,0,1000000,3000,4
211602,211602,846408,1365,152,608,767.0,0.0,767.0,854,854,549.9934210526316,18,0,1000000,3000,4
211633,211633,846532,1366,31,124,248.0,0.0,248.0,312,312,161.19354838709677,7,0,1000000,3000,4
211853,211853,847412,1367,220,880,1420.0,0.0,1420.0,1521,1521,682.9,31,0,1000000,3000,4
212019,212019,848076,1368,166,664,1035.0,0.0,1035.0,1123,1123,646.1084337349398,23,0,1000000,3000,4
212158,212158,848632,1369,139,556,712.0,0.0,712.0,796,796,482.294964028777,16,0,1000000,3000,4
212191,212191,848764,1370,33,132,245.0,0.0,245.0,309,309,147.27272727272728,7,0,1000000,3000,4
212325,212325,849300,1371,134,536,739.0,0.0,739.0,822,822,486.63432835820896,17,0,1000000,3000,4
212520,212520,850080,1372,195,780,1041.0,0.0,1041.0,1135,1135,609.0923076923077,23,0,1000000,3000,4
212830,212830,851320,1373,310,1240,1667.0,0.0,1667.0,1786,1786,894.825806451613,36,0,1000000,3000,4
212870,212870,851480,1374,40,160,247.0,0.0,247.0,313,313,134.875,7,0,1000000,3000,4
212913,212913,851652,1375,43,172,229.0,0.0,229.0,294,294,157.27906976744185,6,0,1000000,3000,4
212951,212951,851804,1376,38,152,244.0,0.0,244.0,309,309,145.10526315789474,7,0,1000000,3000,4
213051,213051,852204,1377,100,400,606.0,0.0,606.0,682,682,369.85,14,0,1000000,3000,4
213093,213093,852372,1378,42,168,226.0,0.0,226.0,290,290,172.54761904761904,6,0,1000000,3000,4
213204,213204,852816,1379,111,444,602.0,0.0,602.0,682,682,285.0810810810811,14,0,1000000,3000,4
213378,213378,853512,1380,174,696,633.0,0.0,633.0,722,722,478.6609195402299,15,0,1000000,3000,4
213415,213415,853660,1381,37,148,237.0,0.0,237.0,300,300,164.8918918918919,7,0,1000000,3000,4
213511,213511,854044,1382,96,384,604.0,0.0,604.0,680,680,356.0833333333333,14,0,1000000,3000,4
213695,213695,854780,1383,184,736,1034.0,0.0,1034.0,1126,1126,599.4945652173913,23,0,1000000,3000,4
213729,213729,854916,1384,34,136,234.0,0.0,234.0,298,298,164.85294117647058,6,0,1000000,3000,4
213859,213859,855436,1385,130,520,732.0,0.0,732.0,814,814,490.04615384615386,17,0,1000000,3000,4
213930,213930,855720,1386,71,284,608.0,0.0,608.0,680,680,325.67605633802816,14,0,1000000,3000,4
213963,213963,855852,1387,33,132,247.0,0.0,247.0,311,311,149.0,7,0,1000000,3000,4
214057,214057,856228,1388,94,376,614.0,0.0,614.0,689,689,402.71276595744683,14,0,1000000,3000,4
214220,214220,856880,1389,163,652,1039.0,0.0,1039.0,1127,1127,614.5030674846626,23,0,1000000,3000,4
214256,214256,857024,1390,36,144,236.0,0.0,236.0,301,301,164.41666666666666,7,0,1000000,3000,4
214338,214338,857352,1391,82,328,625.0,0.0,625.0,698,698,389.7439024390244,14,0,1000000,3000,4
214413,214413,857652,1392,75,300,623.0,0.0,623.0,695,695,340.0933333333333,14,0,1000000,3000,4
214689,214689,858756,1393,276,1104,1910.0,0.0,1910.0,2023,2023,1006.3768115942029,41,0,1000000,3000,4
214722,214722,858888,1394,33,132,245.0,0.0,245.0,308,308,162.3030303030303,7,0,1000000,3000,4
214910,214910,859640,1395,188,752,1032.0,0.0,1032.0,1125,1125,622.8670212765958,23,0,1000000,3000,4
214942,214942,859768,1396,32,128,247.0,0.0,247.0,310,310,155.3125,7,0,1000000,3000,4
214976,214976,859904,1397,34,136,248.0,0.0,248.0,311,311,148.3235294117647,7,0,1000000,3000,4
215011,215011,860044,1398,35,140,246.0,0.0,246.0,309,309,140.02857142857144,7,0,1000000,3000,4
215045,215045,860180,1399,34,136,246.0,0.0,246.0,309,309,155.11764705882354,7,0,1000000,3000,4
215079,215079,860316,1400,34,136,245.0,0.0,245.0,307,307,151.85294117647058,7,0,1000000,3000,4
215166,215166,860664,1401,87,348,622.0,0.0,622.0,697,697,388.2988505747126,14,0,1000000,3000,4
215365,215365,861460,1402,199,796,1344.0,0.0,1344.0,1441,1441,685.7839195979899,29,0,1000000,3000,4
215504,215504,862016,1403,139,556,575.0,0.0,575.0,659,659,398.1798561151079,14,0,1000000,3000,4
215610,215610,862440,1404,106,424,606.0,0.0,606.0,684,684,397.99056603773585,14,0,1000000,3000,4
215714,215714,862856,1405,104,416,612.0,0.0,612.0,689,689,389.50961538461536,14,0,1000000,3000,4
215961,215961,863844,1406,247,988,1691.0,0.0,1691.0,1797,1797,854.3603238866397,36,0,1000000,3000,4
216065,216065,864260,1407,104,416,621.0,0.0,621.0,698,698,376.9230769230769,14,0,1000000,3000,4
216109,216109,864436,1408,44,176,228.0,0.0,228.0,293,293,152.70454545454547,6,0,1000000,3000,4
216151,216151,864604,1409,42,168,232.0,0.0,232.0,296,296,156.78571428571428,6,0,1000000,3000,4
216191,216191,864764,1410,40,160,234.0,0.0,234.0,299,299,160.025,6,0,1000000,3000,4
216355,216355,865420,1411,164,656,811.0,0.0,811.0,898,899,573.2682926829268,18,0,1000000,3000,4
216424,216424,865696,1412,69,276,614.0,0.0,614.0,685,685,335.04347826086956,14,0,1000000,3000,4
216461,216461,865844,1413,37,148,242.0,0.0,242.0,306,306,154.45945945945945,7,0,1000000,3000,4
216501,216501,866004,1414,40,160,238.0,0.0,238.0,303,303,152.425,7,0,1000000,3000,4
216537,216537,866148,1415,36,144,238.0,0.0,238.0,302,302,152.86111111111111,7,0,1000000,3000,4
216571,216571,866284,1416,34,136,238.0,0.0,238.0,302,302,158.55882352941177,7,0,1000000,3000,4
216739,216739,866956,1417,168,672,1349.0,0.0,1349.0,1440,1440,706.9761904761905,29,0,1000000,3000,4
216772,216772,867088,1418,33,132,243.0,0.0,243.0,306,306,160.03030303030303,7,0,1000000,3000,4
216841,216841,867364,1419,69,276,608.0,0.0,608.0,679,679,308.6376811594203,14,0,1000000,3000,4
216987,216987,867948,1420,146,584,1045.0,0.0,1045.0,1130,1130,594.431506849315,23,0,1000000,3000,4
217135,217135,868540,1421,148,592,814.0,0.0,814.0,898,899,586.6959459459459,18,0,1000000,3000,4
217269,217269,869076,1422,134,536,757.0,0.0,757.0,839,839,519.5671641791045,17,0,1000000,3000,4
217362,217362,869448,1423,93,372,607.0,0.0,607.0,683,683,300.7741935483871,14,0,1000000,3000,4
217457,217457,869828,1424,95,380,611.0,0.0,611.0,687,687,394.61052631578946,14,0,1000000,3000,4
217617,217617,870468,1425,160,640,812.0,0.0,812.0,898,899,567.24375,18,0,1000000,3000,4
217856,217856,871424,1426,239,956,1329.0,0.0,1329.0,1434,1434,674.6694560669456,29,0,1000000,3000,4
218113,218113,872452,1427,257,1028,1679.0,0.0,1679.0,1786,1786,894.6614785992218,36,0,1000000,3000,4
218213,218213,872852,1428,100,400,621.0,0.0,621.0,698,698,330.02,14,0,1000000,3000,4
218410,218410,873640,1429,197,788,1035.0,0.0,1035.0,1130,1130,657.4771573604061,23,0,1000000,3000,4
218453,218453,873812,1430,43,172,218.0,0.0,218.0,284,284,167.4418604651163,6,0,1000000,3000,4
218617,218617,874468,1431,164,656,635.0,0.0,635.0,722,722,482.6829268292683,15,0,1000000,3000,4
218765,218765,875060,1432,148,592,638.0,0.0,638.0,722,722,511.61486486486484,15,0,1000000,3000,4
218798,218798,875192,1433,33,132,247.0,0.0,247.0,311,311,153.84848484848484,7,0,1000000,3000,4
218883,218883,875532,1434,85,340,635.0,0.0,635.0,708,708,368.0,15,0,1000000,3000,4
218917,218917,875668,1435,34,136,244.0,0.0,244.0,307,307,161.35294117647058,7,0,1000000,3000,4
218948,218948,875792,1436,31,124,245.0,0.0,245.0,309,309,155.03225806451613,7,0,1000000,3000,4
218977,218977,875908,1437,29,116,247.0,0.0,247.0,310,310,153.13793103448276,7,0,1000000,3000,4
219135,219135,876540,1438,158,632,1040.0,0.0,1040.0,1127,1127,614.3291139240506,23,0,1000000,3000,4
219430,219430,877720,1439,295,1180,1318.0,0.0,1318.0,1434,1434,749.8847457627119,29,0,1000000,3000,4
219515,219515,878060,1440,85,340,651.0,0.0,651.0,722,723,379.83529411764704,15,0,1000000,3000,4
219552,219552,878208,1441,37,148,235.0,0.0,235.0,299,299,164.43243243243242,6,0,1000000,3000,4
219635,219635,878540,1442,83,332,629.0,0.0,629.0,703,703,352.8313253012048,15,0,1000000,3000,4
219833,219833,879332,1443,198,792,1336.0,0.0,1336.0,1433,1433,654.2424242424242,29,0,1000000,3000,4
220080,220080,880320,1444,247,988,1415.0,0.0,1415.0,1520,1520,785.4453441295547,31,0,1000000,3000,4
220117,220117,880468,1445,37,148,235.0,0.0,235.0,300,300,154.35135135135135,7,0,1000000,3000,4
220333,220333,881332,1446,216,864,1030.0,0.0,1030.0,1129,1129,690.1296296296297,23,0,1000000,3000,4
220369,220369,881476,1447,36,144,244.0,0.0,244.0,308,308,154.80555555555554,7,0,1000000,3000,4
220455,220455,881820,1448,86,344,627.0,0.0,627.0,702,702,389.40697674418607,15,0,1000000,3000,4
220483,220483,881932,1449,28,112,248.0,0.0,248.0,311,311,155.82142857142858,7,0,1000000,3000,4
220612,220612,882448,1450,129,516,740.0,0.0,740.0,822,822,490.70542635658916,17,0,1000000,3000,4
220711,220711,882844,1451,99,396,634.0,0.0,634.0,711,711,383.0,15,0,1000000,3000,4
220942,220942,883768,1452,231,924,1031.0,0.0,1031.0,1134,1134,703.7792207792207,23,0,1000000,3000,4
221082,221082,884328,1453,140,560,719.0,0.0,719.0,804,804,492.73571428571427,17,0,1000000,3000,4
221270,221270,885080,1454,188,752,1325.0,0.0,1325.0,1418,1418,693.3776595744681,29,0,1000000,3000,4
221307,221307,885228,1455,37,148,241.0,0.0,241.0,306,306,154.43243243243242,7,0,1000000,3000,4
221340,221340,885360,1456,33,132,237.0,0.0,237.0,300,300,163.5151515151515,7,0,1000000,3000,4
221371,221371,885484,1457,31,124,245.0,0.0,245.0,307,307,167.0,7,0,1000000,3000,4
221408,221408,885632,1458,37,148,240.0,0.0,240.0,305,305,156.8918918918919,7,0,1000000,3000,4
221503,221503,886012,1459,95,380,604.0,0.0,604.0,680,680,390.53684210526313,14,0,1000000,3000,4
221598,221598,886392,1460,95,380,611.0,0.0,611.0,688,688,388.7263157894737,14,0,1000000,3000,4
222343,222343,889372,1461,745,2980,1602.0,0.0,1602.0,1809,1809,775.9651006711409,37,0,1000000,3000,4
222372,222372,889488,1462,29,116,249.0,0.0,249.0,312,312,158.3448275862069,7,0,1000000,3000,4
222577,222577,890308,1463,205,820,1029.0,0.0,1029.0,1126,1126,632.2682926829268,23,0,1000000,3000,4
222775,222775,891100,1464,198,792,804.0,0.0,804.0,898,898,573.6464646464647,18,0,1000000,3000,4
222809,222809,891236,1465,34,136,237.0,0.0,237.0,301,301,169.64705882352942,7,0,1000000,3000,4
222892,222892,891568,1466,83,332,625.0,0.0,625.0,699,699,385.9879518072289,14,0,1000000,3000,4
223100,223100,892400,1467,208,832,1028.0,0.0,1028.0,1125,1125,655.4038461538462,23,0,1000000,3000,4
223188,223188,892752,1468,88,352,620.0,0.0,620.0,694,694,367.85227272727275,14,0,1000000,3000,4
223469,223469,893876,1469,281,1124,1018.0,0.0,1018.0,1130,1130,705.8540925266904,23,0,1000000,3000,4
223635,223635,894540,1470,166,664,1342.0,0.0,1342.0,1433,1433,704.5542168674699,29,0,1000000,3000,4
223664,223664,894656,1471,29,116,247.0,0.0,247.0,310,310,158.55172413793105,7,0,1000000,3000,4
223787,223787,895148,1472,123,492,1055.0,0.0,1055.0,1136,1136,591.0569105691056,23,0,1000000,3000,4
223826,223826,895304,1473,39,156,234.0,0.0,234.0,299,299,159.2051282051282,6,0,1000000,3000,4
224030,224030,896120,1474,204,816,1127.0,0.0,1127.0,1223,1223,710.0147058823529,25,0,1000000,3000,4
224066,224066,896264,1475,36,144,239.0,0.0,239.0,303,303,162.55555555555554,7,0,1000000,3000,4
224130,224130,896520,1476,64,256,614.0,0.0,614.0,684,684,341.421875,14,0,1000000,3000,4
224222,224222,896888,1477,92,368,633.0,0.0,633.0,709,709,371.69565217391306,15,0,1000000,3000,4
224420,224420,897680,1478,198,792,1332.0,0.0,1332.0,1429,1429,728.9444444444445,29,0,1000000,3000,4
224452,224452,897808,1479,32,128,242.0,0.0,242.0,306,306,166.34375,7,0,1000000,3000,4
224593,224593,898372,1480,141,564,775.0,0.0,775.0,861,861,529.6808510638298,18,0,1000000,3000,4
224829,224829,899316,1481,236,944,1694.0,0.0,1694.0,1799,1799,883.3813559322034,36,0,1000000,3000,4
225001,225001,900004,1482,172,688,1432.0,0.0,1432.0,1524,1524,747.75,31,0,1000000,3000,4
225031,225031,900124,1483,30,120,244.0,0.0,244.0,306,306,163.43333333333334,7,0,1000000,3000,4
225266,225266,901064,1484,235,940,1025.0,0.0,1025.0,1126,1126,656.0212765957447,23,0,1000000,3000,4
225451,225451,901804,1485,185,740,1036.0,0.0,1036.0,1128,1128,618.1621621621622,23,0,1000000,3000,4
225484,225484,901936,1486,33,132,245.0,0.0,245.0,308,308,158.03030303030303,7,0,1000000,3000,4
225518,225518,902072,1487,34,136,243.0,0.0,243.0,306,306,161.64705882352942,7,0,1000000,3000,4
225604,225604,902416,1488,86,344,609.0,0.0,609.0,683,683,333.1279069767442,14,0,1000000,3000,4
225637,225637,902548,1489,33,132,246.0,0.0,246.0,310,310,149.0909090909091,7,0,1000000,3000,4
225674,225674,902696,1490,37,148,241.0,0.0,241.0,305,305,158.86486486486487,7,0,1000000,3000,4
225907,225907,903628,1491,233,932,1329.0,0.0,1329.0,1433,1433,692.8497854077253,29,0,1000000,3000,4
225947,225947,903788,1492,40,160,234.0,0.0,234.0,298,298,161.625,6,0,1000000,3000,4
226091,226091,904364,1493,144,576,781.0,0.0,781.0,865,865,534.2638888888889,18,0,1000000,3000,4
226317,226317,905268,1494,226,904,1852.0,0.0,1852.0,1955,1955,917.5752212389381,40,0,1000000,3000,4
226412,226412,905648,1495,95,380,649.0,0.0,649.0,722,722,385.4842105263158,15,0,1000000,3000,4
226447,226447,905788,1496,35,140,239.0,0.0,239.0,303,303,158.2,7,0,1000000,3000,4
226526,226526,906104,1497,79,316,652.0,0.0,652.0,722,722,369.3164556962025,15,0,1000000,3000,4
226707,226707,906828,1498,181,724,1151.0,0.0,1151.0,1245,1245,627.1436464088398,25,0,1000000,3000,4
226743,226743,906972,1499,36,144,239.0,0.0,239.0,304,304,161.33333333333334,7,0,1000000,3000,4
226886,226886,907544,1500,143,572,1043.0,0.0,1043.0,1127,1127,581.013986013986,23,0,1000000,3000,4
227079,227079,908316,1501,193,772,1415.0,0.0,1415.0,1510,1510,747.7461139896373,31,0,1000000,3000,4
227280,227280,909120,1502,201,804,1030.0,0.0,1030.0,1125,1125,630.8059701492538,23,0,1000000,3000,4
227308,227308,909232,1503,28,112,251.0,0.0,251.0,314,314,158.07142857142858,7,0,1000000,3000,4
227538,227538,910152,1504,230,920,1326.0,0.0,1326.0,1429,1429,708.4782608695652,29,0,1000000,3000,4
227573,227573,910292,1505,35,140,245.0,0.0,245.0,308,308,157.28571428571428,7,0,1000000,3000,4
227731,227731,910924,1506,158,632,1040.0,0.0,1040.0,1127,1127,623.9367088607595,23,0,1000000,3000,4
227934,227934,911736,1507,203,812,1339.0,0.0,1339.0,1437,1437,713.2413793103449,29,0,1000000,3000,4
227965,227965,911860,1508,31,124,246.0,0.0,246.0,310,310,156.80645161290323,7,0,1000000,3000,4
228003,228003,912012,1509,38,152,237.0,0.0,237.0,301,301,155.68421052631578,7,0,1000000,3000,4
228192,228192,912768,1510,189,756,1314.0,0.0,1314.0,1408,1408,687.9470899470899,29,0,1000000,3000,4
228222,228222,912888,1511,30,120,244.0,0.0,244.0,308,308,156.53333333333333,7,0,1000000,3000,4
228423,228423,913692,1512,201,804,1030.0,0.0,1030.0,1126,1126,623.2437810945273,23,0,1000000,3000,4
228573,228573,914292,1513,150,600,1156.0,0.0,1156.0,1243,1243,640.0066666666667,25,0,1000000,3000,4
228604,228604,914416,1514,31,124,247.0,0.0,247.0,310,310,157.16129032258064,7,0,1000000,3000,4
228762,228762,915048,1515,158,632,1042.0,0.0,1042.0,1129,1129,652.493670886076,23,0,1000000,3000,4
228791,228791,915164,1516,29,116,250.0,0.0,250.0,313,313,155.0,7,0,1000000,3000,4
229063,229063,916252,1517,272,1088,1559.0,0.0,1559.0,1670,1670,819.3602941176471,34,0,1000000,3000,4
229264,229264,917056,1518,201,804,1336.0,0.0,1336.0,1434,1434,740.8457711442786,29,0,1000000,3000,4
229528,229528,918112,1519,264,1056,1561.0,0.0,1561.0,1670,1670,801.469696969697,34,0,1000000,3000,4
229561,229561,918244,1520,33,132,250.0,0.0,250.0,314,314,150.33333333333334,7,0,1000000,3000,4
229646,229646,918584,1521,85,340,630.0,0.0,630.0,704,704,364.98823529411766,15,0,1000000,3000,4
229676,229676,918704,1522,30,120,251.0,0.0,251.0,314,314,158.26666666666668,7,0,1000000,3000,4
229710,229710,918840,1523,34,136,237.0,0.0,237.0,301,301,159.23529411764707,7,0,1000000,3000,4
229744,229744,918976,1524,34,136,243.0,0.0,243.0,307,307,155.3235294117647,7,0,1000000,3000,4
229824,229824,919296,1525,80,320,613.0,0.0,613.0,685,685,358.5125,14,0,1000000,3000,4
229856,229856,919424,1526,32,128,243.0,0.0,243.0,306,306,157.4375,7,0,1000000,3000,4
229895,229895,919580,1527,39,156,234.0,0.0,234.0,298,298,165.87179487179486,6,0,1000000,3000,4
229928,229928,919712,1528,33,132,240.0,0.0,240.0,303,303,166.75757575757575,7,0,1000000,3000,4
230106,230106,920424,1529,178,712,1328.0,0.0,1328.0,1421,1421,713.7247191011236,29,0,1000000,3000,4
230210,230210,920840,1530,104,416,613.0,0.0,613.0,690,690,382.21153846153845,14,0,1000000,3000,4
230247,230247,920988,1531,37,148,243.0,0.0,243.0,306,306,156.48648648648648,7,0,1000000,3000,4
230322,230322,921288,1532,75,300,637.0,0.0,637.0,710,710,378.6,15,0,1000000,3000,4
230354,230354,921416,1533,32,128,246.0,0.0,246.0,309,309,156.125,7,0,1000000,3000,4
230570,230570,922280,1534,216,864,1566.0,0.0,1566.0,1667,1667,832.4027777777778,34,0,1000000,3000,4
230672,230672,922688,1535,102,408,606.0,0.0,606.0,683,683,397.3921568627451,14,0,1000000,3000,4
230713,230713,922852,1536,41,164,233.0,0.0,233.0,298,298,162.65853658536585,6,0,1000000,3000,4
230871,230871,923484,1537,158,632,732.0,0.0,732.0,820,820,494.8481012658228,17,0,1000000,3000,4
231029,231029,924116,1538,158,632,1038.0,0.0,1038.0,1125,1125,589.2405063291139,23,0,1000000,3000,4
231160,231160,924640,1539,131,524,817.0,0.0,817.0,898,898,581.3740458015267,18,0,1000000,3000,4
231309,231309,925236,1540,149,596,733.0,0.0,733.0,820,820,491.0402684563758,17,0,1000000,3000,4
231338,231338,925352,1541,29,116,248.0,0.0,248.0,311,311,153.89655172413794,7,0,1000000,3000,4
231369,231369,925476,1542,31,124,250.0,0.0,250.0,313,313,160.19354838709677,7,0,1000000,3000,4
231460,231460,925840,1543,91,364,613.0,0.0,613.0,689,689,397.64835164835165,14,0,1000000,3000,4
231533,231533,926132,1544,73,292,611.0,0.0,611.0,682,682,319.2054794520548,14,0,1000000,3000,4
231677,231677,926708,1545,144,576,639.0,0.0,639.0,722,722,514.2361111111111,15,0,1000000,3000,4
231713,231713,926852,1546,36,144,236.0,0.0,236.0,301,301,165.44444444444446,7,0,1000000,3000,4
231900,231900,927600,1547,187,748,1035.0,0.0,1035.0,1128,1128,620.4812834224599,23,0,1000000,3000,4
232093,232093,928372,1548,193,772,1042.0,0.0,1042.0,1137,1137,602.259067357513,23,0,1000000,3000,4
232129,232129,928516,1549,36,144,237.0,0.0,237.0,302,302,166.47222222222223,7,0,1000000,3000,4
232160,232160,928640,1550,31,124,244.0,0.0,244.0,307,307,154.2258064516129,7,0,1000000,3000,4
232330,232330,929320,1551,170,680,1037.0,0.0,1037.0,1127,1127,565.4588235294118,23,0,1000000,3000,4
232433,232433,929732,1552,103,412,597.0,0.0,597.0,675,675,416.9805825242718,14,0,1000000,3000,4
232698,232698,930792,1553,265,1060,1014.0,0.0,1014.0,1122,1122,646.8943396226415,23,0,1000000,3000,4
232737,232737,930948,1554,39,156,237.0,0.0,237.0,301,301,152.02564102564102,7,0,1000000,3000,4
232771,232771,931084,1555,34,136,250.0,0.0,250.0,313,313,155.64705882352942,7,0,1000000,3000,4
232929,232929,931716,1556,158,632,1039.0,0.0,1039.0,1126,1126,551.5569620253165,23,0,1000000,3000,4
233111,233111,932444,1557,182,728,807.0,0.0,807.0,898,898,549.6263736263736,18,0,1000000,3000,4
233323,233323,933292,1558,212,848,1423.0,0.0,1423.0,1523,1523,709.4575471698113,31,0,1000000,3000,4
233394,233394,933576,1559,71,284,628.0,0.0,628.0,700,700,369.84507042253523,15,0,1000000,3000,4
233427,233427,933708,1560,33,132,246.0,0.0,246.0,309,309,163.15151515151516,7,0,1000000,3000,4
233599,233599,934396,1561,172,688,1046.0,0.0,1046.0,1137,1137,573.2093023255813,23,0,1000000,3000,4
233737,233737,934948,1562,138,552,746.0,0.0,746.0,830,830,499.5652173913044,17,0,1000000,3000,4
233766,233766,935064,1563,29,116,247.0,0.0,247.0,309,309,160.0,7,0,1000000,3000,4
233934,233934,935736,1564,168,672,719.0,0.0,719.0,809,809,511.80357142857144,17,0,1000000,3000,4
234032,234032,936128,1565,98,392,621.0,0.0,621.0,696,696,394.0,14,0,1000000,3000,4
234118,234118,936472,1566,86,344,629.0,0.0,629.0,703,703,397.8837209302326,15,0,1000000,3000,4
234153,234153,936612,1567,35,140,244.0,0.0,244.0,309,309,156.28571428571428,7,0,1000000,3000,4
234227,234227,936908,1568,74,296,608.0,0.0,608.0,680,680,335.81081081081084,14,0,1000000,3000,4
234313,234313,937252,1569,86,344,635.0,0.0,635.0,709,709,385.0348837209302,15,0,1000000,3000,4
234348,234348,937392,1570,35,140,247.0,0.0,247.0,311,311,159.74285714285713,7,0,1000000,3000,4
234497,234497,937988,1571,149,596,766.0,0.0,766.0,852,852,504.2953020134228,18,0,1000000,3000,4
234528,234528,938112,1572,31,124,247.0,0.0,247.0,311,311,148.83870967741936,7,0,1000000,3000,4
234621,234621,938484,1573,93,372,626.0,0.0,626.0,702,702,396.2258064516129,15,0,1000000,3000,4
234658,234658,938632,1574,37,148,239.0,0.0,239.0,304,304,157.32432432432432,7,0,1000000,3000,4
234929,234929,939716,1575,271,1084,1321.0,0.0,1321.0,1433,1433,693.5719557195572,29,0,1000000,3000,4
234963,234963,939852,1576,34,136,244.0,0.0,244.0,308,308,157.91176470588235,7,0,1000000,3000,4
234997,234997,939988,1577,34,136,235.0,0.0,235.0,299,299,170.94117647058823,6,0,1000000,3000,4
235195,235195,940780,1578,198,792,1313.0,0.0,1313.0,1408,1408,654.7727272727273,29,0,1000000,3000,4
235293,235293,941172,1579,98,392,597.0,0.0,597.0,674,674,413.7551020408163,14,0,1000000,3000,4
235380,235380,941520,1580,87,348,631.0,0.0,631.0,706,706,383.0574712643678,15,0,1000000,3000,4
235580,235580,942320,1581,200,800,1032.0,0.0,1032.0,1127,1127,683.24,23,0,1000000,3000,4
235616,235616,942464,1582,36,144,245.0,0.0,245.0,310,310,152.19444444444446,7,0,1000000,3000,4
235647,235647,942588,1583,31,124,248.0,0.0,248.0,312,312,155.06451612903226,7,0,1000000,3000,4
235677,235677,942708,1584,30,120,248.0,0.0,248.0,312,312,162.4,7,0,1000000,3000,4
235789,235789,943156,1585,112,448,615.0,0.0,615.0,695,695,383.35714285714283,14,0,1000000,3000,4
235824,235824,943296,1586,35,140,245.0,0.0,245.0,309,309,153.82857142857142,7,0,1000000,3000,4
235924,235924,943696,1587,100,400,616.0,0.0,616.0,692,692,349.34,14,0,1000000,3000,4
236085,236085,944340,1588,161,644,811.0,0.0,811.0,898,898,589.7950310559006,18,0,1000000,3000,4
236224,236224,944896,1589,139,556,640.0,0.0,640.0,722,722,530.3021582733813,15,0,1000000,3000,4
236255,236255,945020,1590,31,124,246.0,0.0,246.0,310,310,154.58064516129033,7,0,1000000,3000,4
236287,236287,945148,1591,32,128,249.0,0.0,249.0,313,313,149.84375,7,0,1000000,3000,4
236321,236321,945284,1592,34,136,241.0,0.0,241.0,305,305,151.23529411764707,7,0,1000000,3000,4
236350,236350,945400,1593,29,116,250.0,0.0,250.0,312,312,155.48275862068965,7,0,1000000,3000,4
236608,236608,946432,1594,258,1032,1846.0,0.0,1846.0,1954,1954,955.9108527131783,40,0,1000000,3000,4
236642,236642,946568,1595,34,136,237.0,0.0,237.0,300,300,164.7941176470588,7,0,1000000,3000,4
236908,236908,947632,1596,266,1064,1321.0,0.0,1321.0,1432,1432,714.3195488721805,29,0,1000000,3000,4
237105,237105,948420,1597,197,788,1408.0,0.0,1408.0,1504,1504,800.6395939086294,31,0,1000000,3000,4
237196,237196,948784,1598,91,364,630.0,0.0,630.0,705,705,365.97802197802196,15,0,1000000,3000,4
237375,237375,949500,1599,179,716,729.0,0.0,729.0,821,821,526.268156424581,17,0,1000000,3000,4
237527,237527,950108,1600,152,608,637.0,0.0,637.0,722,722,486.1118421052632,15,0,1000000,3000,4
237561,237561,950244,1601,34,136,232.0,0.0,232.0,295,295,166.5,6,0,1000000,3000,4
237784,237784,951136,1602,223,892,1029.0,0.0,1029.0,1129,1129,637.067264573991,23,0,1000000,3000,4
238083,238083,952332,1603,299,1196,2360.0,0.0,2360.0,2476,2476,1387.9933110367892,50,0,1000000,3000,4
238114,238114,952456,1604,31,124,244.0,0.0,244.0,307,307,161.8709677419355,7,0,1000000,3000,4
238155,238155,952620,1605,41,164,230.0,0.0,230.0,295,295,159.9268292682927,6,0,1000000,3000,4
238190,238190,952760,1606,35,140,244.0,0.0,244.0,308,308,150.28571428571428,7,0,1000000,3000,4
238382,238382,953528,1607,192,768,1036.0,0.0,1036.0,1131,1131,592.90625,23,0,1000000,3000,4
238584,238584,954336,1608,202,808,719.0,0.0,719.0,816,816,604.0544554455446,17,0,1000000,3000,4
238690,238690,954760,1609,106,424,611.0,0.0,611.0,690,690,381.92452830188677,14,0,1000000,3000,4
238843,238843,955372,1610,153,612,1042.0,0.0,1042.0,1128,1128,630.1633986928105,23,0,1000000,3000,4
239035,239035,956140,1611,192,768,1328.0,0.0,1328.0,1424,1424,716.390625,29,0,1000000,3000,4
239065,239065,956260,1612,30,120,251.0,0.0,251.0,314,314,154.13333333333333,7,0,1000000,3000,4
239316,239316,957264,1613,251,1004,1851.0,0.0,1851.0,1959,1959,864.8565737051792,40,0,1000000,3000,4
239502,239502,958008,1614,186,744,1056.0,0.0,1056.0,1151,1151,668.763440860215,24,0,1000000,3000,4
239535,239535,958140,1615,33,132,244.0,0.0,244.0,307,307,158.63636363636363,7,0,1000000,3000,4
239570,239570,958280,1616,35,140,236.0,0.0,236.0,298,298,168.45714285714286,6,0,1000000,3000,4
239649,239649,958596,1617,79,316,622.0,0.0,622.0,694,694,344.62025316455697,14,0,1000000,3000,4
239740,239740,958960,1618,91,364,617.0,0.0,617.0,693,693,350.6373626373626,14,0,1000000,3000,4
239840,239840,959360,1619,100,400,627.0,0.0,627.0,704,704,379.9,15,0,1000000,3000,4
239924,239924,959696,1620,84,336,629.0,0.0,629.0,703,703,395.26190476190476,15,0,1000000,3000,4
240006,240006,960024,1621,82,328,651.0,0.0,651.0,722,722,363.7926829268293,15,0,1000000,3000,4
240187,240187,960748,1622,181,724,1339.0,0.0,1339.0,1433,1433,713.4254143646409,29,0,1000000,3000,4
240371,240371,961484,1623,184,736,1317.0,0.0,1317.0,1410,1410,702.4347826086956,29,0,1000000,3000,4
240460,240460,961840,1624,89,356,650.0,0.0,650.0,722,722,383.1011235955056,15,0,1000000,3000,4
240649,240649,962596,1625,189,756,1423.0,0.0,1423.0,1518,1518,708.6402116402116,31,0,1000000,3000,4
240742,240742,962968,1626,93,372,618.0,0.0,618.0,693,693,393.8709677419355,14,0,1000000,3000,4
240776,240776,963104,1627,34,136,246.0,0.0,246.0,310,310,148.41176470588235,7,0,1000000,3000,4
241123,241123,964492,1628,347,1388,1003.0,0.0,1003.0,1128,1128,792.164265129683,23,0,1000000,3000,4
241275,241275,965100,1629,152,608,764.0,0.0,764.0,852,852,518.4013157894736,18,0,1000000,3000,4
241308,241308,965232,1630,33,132,249.0,0.0,249.0,313,313,140.78787878787878,7,0,1000000,3000,4
241462,241462,965848,1631,154,616,637.0,0.0,637.0,722,722,486.2207792207792,15,0,1000000,3000,4
241597,241597,966388,1632,135,540,1066.0,0.0,1066.0,1150,1150,576.8444444444444,24,0,1000000,3000,4
241708,241708,966832,1633,111,444,620.0,0.0,620.0,700,700,376.15315315315314,15,0,1000000,3000,4
241804,241804,967216,1634,96,384,629.0,0.0,629.0,706,706,378.7604166666667,15,0,1000000,3000,4
241901,241901,967604,1635,97,388,613.0,0.0,613.0,689,689,393.5773195876289,14,0,1000000,3000,4
241996,241996,967984,1636,95,380,631.0,0.0,631.0,706,706,381.2421052631579,15,0,1000000,3000,4
242345,242345,969380,1637,349,1396,1285.0,0.0,1285.0,1411,1411,775.541547277937,29,0,1000000,3000,4
242382,242382,969528,1638,37,148,230.0,0.0,230.0,294,294,167.24324324324326,6,0,1000000,3000,4
242416,242416,969664,1639,34,136,240.0,0.0,240.0,303,303,158.85294117647058,7,0,1000000,3000,4
242724,242724,970896,1640,308,1232,1299.0,0.0,1299.0,1416,1416,753.5551948051948,29,0,1000000,3000,4
242812,242812,971248,1641,88,352,613.0,0.0,613.0,687,687,331.3863636363636,14,0,1000000,3000,4
242894,242894,971576,1642,82,328,626.0,0.0,626.0,700,700,357.3658536585366,15,0,1000000,3000,4
242933,242933,971732,1643,39,156,225.0,0.0,225.0,289,289,169.97435897435898,6,0,1000000,3000,4
243307,243307,973228,1644,374,1496,996.0,0.0,996.0,1126,1126,721.6363636363636,23,0,1000000,3000,4
243542,243542,974168,1645,235,940,1414.0,0.0,1414.0,1518,1518,711.4212765957446,31,0,1000000,3000,4
243736,243736,974944,1646,194,776,1030.0,0.0,1030.0,1123,1123,634.5103092783505,23,0,1000000,3000,4
243997,243997,975988,1647,261,1044,1020.0,0.0,1020.0,1128,1128,660.8007662835249,23,0,1000000,3000,4
244149,244149,976596,1648,152,608,1038.0,0.0,1038.0,1124,1124,580.9342105263158,23,0,1000000,3000,4
244233,244233,976932,1649,84,336,630.0,0.0,630.0,703,703,378.0,15,0,1000000,3000,4
244359,244359,977436,1650,126,504,818.0,0.0,818.0,898,899,524.7063492063492,18,0,1000000,3000,4
244588,244588,978352,1651,229,916,1037.0,0.0,1037.0,1139,1139,668.1921397379913,23,0,1000000,3000,4
244623,244623,978492,1652,35,140,243.0,0.0,243.0,307,307,157.14285714285714,7,0,1000000,3000,4
244788,244788,979152,1653,165,660,750.0,0.0,750.0,840,840,491.8121212121212,17,0,1000000,3000,4
244928,244928,979712,1654,140,560,1053.0,0.0,1053.0,1137,1137,598.6357142857142,23,0,1000000,3000,4
245173,245173,980692,1655,245,980,1567.0,0.0,1567.0,1672,1672,813.0530612244899,34,0,1000000,3000,4
245289,245289,981156,1656,116,464,630.0,0.0,630.0,709,709,370.57758620689657,15,0,1000000,3000,4
245325,245325,981300,1657,36,144,247.0,0.0,247.0,312,312,148.75,7,0,1000000,3000,4
245495,245495,981980,1658,170,680,634.0,0.0,634.0,722,722,460.2823529411765,15,0,1000000,3000,4
245539,245539,982156,1659,44,176,222.0,0.0,222.0,286,286,171.79545454545453,6,0,1000000,3000,4
245580,245580,982320,1660,41,164,236.0,0.0,236.0,301,301,152.7560975609756,7,0,1000000,3000,4
245613,245613,982452,1661,33,132,241.0,0.0,241.0,304,304,161.75757575757575,7,0,1000000,3000,4
245648,245648,982592,1662,35,140,243.0,0.0,243.0,306,306,156.54285714285714,7,0,1000000,3000,4
245806,245806,983224,1663,158,632,1048.0,0.0,1048.0,1136,1136,609.1075949367089,23,0,1000000,3000,4
245846,245846,983384,1664,40,160,233.0,0.0,233.0,299,299,145.575,6,0,1000000,3000,4
246096,246096,984384,1665,250,1000,1032.0,0.0,1032.0,1137,1137,581.076,23,0,1000000,3000,4
246133,246133,984532,1666,37,148,246.0,0.0,246.0,311,311,147.32432432432432,7,0,1000000,3000,4
246297,246297,985188,1667,164,656,811.0,0.0,811.0,898,898,545.1158536585366,18,0,1000000,3000,4
246335,246335,985340,1668,38,152,234.0,0.0,234.0,297,297,157.28947368421052,6,0,1000000,3000,4
246370,246370,985480,1669,35,140,245.0,0.0,245.0,308,308,155.85714285714286,7,0,1000000,3000,4
246454,246454,985816,1670,84,336,617.0,0.0,617.0,691,691,340.4404761904762,14,0,1000000,3000,4
246684,246684,986736,1671,230,920,1161.0,0.0,1161.0,1263,1263,649.2913043478261,26,0,1000000,3000,4
246726,246726,986904,1672,42,168,219.0,0.0,219.0,284,284,169.5952380952381,6,0,1000000,3000,4
246897,246897,987588,1673,171,684,765.0,0.0,765.0,855,855,516.485380116959,18,0,1000000,3000,4
246934,246934,987736,1674,37,148,232.0,0.0,232.0,296,296,162.0,6,0,1000000,3000,4
246973,246973,987892,1675,39,156,240.0,0.0,240.0,304,304,149.94871794871796,7,0,1000000,3000,4
247283,247283,989132,1676,310,1240,1315.0,0.0,1315.0,1434,1434,631.0451612903225,29,0,1000000,3000,4
247565,247565,990260,1677,282,1128,1015.0,0.0,1015.0,1127,1127,696.1170212765958,23,0,1000000,3000,4
247669,247669,990676,1678,104,416,597.0,0.0,597.0,674,674,390.1923076923077,14,0,1000000,3000,4
247714,247714,990856,1679,45,180,226.0,0.0,226.0,292,292,151.13333333333333,6,0,1000000,3000,4
247819,247819,991276,1680,105,420,604.0,0.0,604.0,681,681,393.5047619047619,14,0,1000000,3000,4
248124,248124,992496,1681,305,1220,1527.0,0.0,1527.0,1645,1645,815.7770491803278,33,0,1000000,3000,4
248316,248316,993264,1682,192,768,1327.0,0.0,1327.0,1422,1422,684.4635416666666,29,0,1000000,3000,4
248352,248352,993408,1683,36,144,243.0,0.0,243.0,307,307,157.72222222222223,7,0,1000000,3000,4
248466,248466,993864,1684,114,456,609.0,0.0,609.0,688,688,379.5,14,0,1000000,3000,4
248644,248644,994576,1685,178,712,718.0,0.0,718.0,811,811,471.96067415730334,17,0,1000000,3000,4
248678,248678,994712,1686,34,136,243.0,0.0,243.0,305,305,160.0,7,0,1000000,3000,4
248854,248854,995416,1687,176,704,1045.0,0.0,1045.0,1137,1137,623.7613636363636,23,0,1000000,3000,4
248891,248891,995564,1688,37,148,236.0,0.0,236.0,300,300,160.0,7,0,1000000,3000,4
248928,248928,995712,1689,37,148,241.0,0.0,241.0,305,305,150.0,7,0,1000000,3000,4
249144,249144,996576,1690,216,864,1037.0,0.0,1037.0,1137,1137,654.9722222222222,23,0,1000000,3000,4
249393,249393,997572,1691,249,996,1407.0,0.0,1407.0,1513,1513,741.718875502008,31,0,1000000,3000,4
249498,249498,997992,1692,105,420,615.0,0.0,615.0,692,692,394.6380952380952,14,0,1000000,3000,4
249584,249584,998336,1693,86,344,623.0,0.0,623.0,697,697,362.8720930232558,14,0,1000000,3000,4
249670,249670,998680,1694,86,344,625.0,0.0,625.0,698,698,340.86046511627904,14,0,1000000,3000,4
249705,249705,998820,1695,35,140,242.0,0.0,242.0,306,306,156.8,7,0,1000000,3000,4
249870,249870,999480,1696,165,660,1049.0,0.0,1049.0,1137,1137,587.1818181818181,23,0,1000000,3000,4
249903,249903,999612,1697,33,132,243.0,0.0,243.0,306,306,161.33333333333334,7,0,1000000,3000,4
249940,249940,999760,1698,37,148,231.0,0.0,231.0,295,295,165.2972972972973,6,0,1000000,3000,4
249981,249981,999924,1699,41,164,231.0,0.0,231.0,296,296,160.85365853658536,6,0,1000000,3000,4
250236,250236,1000944,1700,255,1020,1416.0,0.0,1416.0,1524,1524,701.7686274509804,31,0,1000000,3000,4
250448,250448,1001792,1701,212,848,1413.0,0.0,1413.0,1512,1512,761.0141509433962,31,0,1000000,3000,4
250659,250659,1002636,1702,211,844,1037.0,0.0,1037.0,1136,1136,597.0947867298578,23,0,1000000,3000,4
250699,250699,1002796,1703,40,160,231.0,0.0,231.0,296,296,160.55,6,0,1000000,3000,4
250916,250916,1003664,1704,217,868,1036.0,0.0,1036.0,1136,1136,604.3364055299539,23,0,1000000,3000,4
250949,250949,1003796,1705,33,132,245.0,0.0,245.0,308,308,156.1818181818182,7,0,1000000,3000,4
250994,250994,1003976,1706,45,180,220.0,0.0,220.0,284,284,167.75555555555556,6,0,1000000,3000,4
251077,251077,1004308,1707,83,332,623.0,0.0,623.0,695,695,343.86746987951807,14,0,1000000,3000,4
251117,251117,1004468,1708,40,160,233.0,0.0,233.0,298,298,158.75,6,0,1000000,3000,4
251255,251255,1005020,1709,138,552,1046.0,0.0,1046.0,1129,1129,608.6304347826087,23,0,1000000,3000,4
251380,251380,1005520,1710,125,500,595.0,0.0,595.0,676,676,383.408,14,0,1000000,3000,4
251417,251417,1005668,1711,37,148,227.0,0.0,227.0,290,290,173.02702702702703,6,0,1000000,3000,4
251458,251458,1005832,1712,41,164,233.0,0.0,233.0,297,297,155.390243902439,6,0,1000000,3000,4
251497,251497,1005988,1713,39,156,234.0,0.0,234.0,299,299,155.35897435897436,6,0,1000000,3000,4
251720,251720,1006880,1714,223,892,1331.0,0.0,1331.0,1433,1433,676.8565022421525,29,0,1000000,3000,4
251814,251814,1007256,1715,94,376,618.0,0.0,618.0,693,693,386.5,14,0,1000000,3000,4
251992,251992,1007968,1716,178,712,808.0,0.0,808.0,898,898,560.443820224719,18,0,1000000,3000,4
252027,252027,1008108,1717,35,140,243.0,0.0,243.0,306,306,159.85714285714286,7,0,1000000,3000,4
252065,252065,1008260,1718,38,152,233.0,0.0,233.0,297,297,160.21052631578948,6,0,1000000,3000,4
252096,252096,1008384,1719,31,124,246.0,0.0,246.0,310,310,156.83870967741936,7,0,1000000,3000,4
252141,252141,1008564,1720,45,180,232.0,0.0,232.0,296,296,152.84444444444443,6,0,1000000,3000,4
252237,252237,1008948,1721,96,384,627.0,0.0,627.0,703,703,371.8854166666667,15,0,1000000,3000,4
252333,252333,1009332,1722,96,384,622.0,0.0,622.0,698,698,375.6770833333333,14,0,1000000,3000,4
252368,252368,1009472,1723,35,140,241.0,0.0,241.0,304,304,160.02857142857144,7,0,1000000,3000,4
252406,252406,1009624,1724,38,152,239.0,0.0,239.0,303,303,154.18421052631578,7,0,1000000,3000,4
252549,252549,1010196,1725,143,572,576.0,0.0,576.0,661,661,392.34965034965035,14,0,1000000,3000,4
252710,252710,1010840,1726,161,644,734.0,0.0,734.0,823,823,505.53416149068323,17,0,1000000,3000,4
252795,252795,1011180,1727,85,340,616.0,0.0,616.0,690,690,327.43529411764706,14,0,1000000,3000,4
252887,252887,1011548,1728,92,368,638.0,0.0,638.0,713,713,357.0,15,0,1000000,3000,4
252927,252927,1011708,1729,40,160,234.0,0.0,234.0,299,299,155.45,6,0,1000000,3000,4
252970,252970,1011880,1730,43,172,226.0,0.0,226.0,291,291,163.37209302325581,6,0,1000000,3000,4
253076,253076,1012304,1731,106,424,605.0,0.0,605.0,684,684,342.9811320754717,14,0,1000000,3000,4
253299,253299,1013196,1732,223,892,1307.0,0.0,1307.0,1407,1407,692.0627802690583,29,0,1000000,3000,4
253340,253340,1013360,1733,41,164,229.0,0.0,229.0,294,294,160.0,6,0,1000000,3000,4
253555,253555,1014220,1734,215,860,1319.0,0.0,1319.0,1417,1417,708.6651162790698,29,0,1000000,3000,4
253650,253650,1014600,1735,95,380,623.0,0.0,623.0,698,698,367.4315789473684,14,0,1000000,3000,4
253686,253686,1014744,1736,36,144,239.0,0.0,239.0,303,303,163.02777777777777,7,0,1000000,3000,4
253723,253723,1014892,1737,37,148,242.0,0.0,242.0,306,306,158.21621621621622,7,0,1000000,3000,4
253760,253760,1015040,1738,37,148,228.0,0.0,228.0,291,291,175.78378378378378,6,0,1000000,3000,4
253991,253991,1015964,1739,231,924,1310.0,0.0,1310.0,1412,1412,710.0,29,0,1000000,3000,4
254101,254101,1016404,1740,110,440,615.0,0.0,615.0,694,694,380.1545454545454,14,0,1000000,3000,4
254142,254142,1016568,1741,41,164,229.0,0.0,229.0,294,294,161.5121951219512,6,0,1000000,3000,4
254253,254253,1017012,1742,111,444,608.0,0.0,608.0,688,688,399.8828828828829,14,0,1000000,3000,4
254501,254501,1018004,1743,248,992,1415.0,0.0,1415.0,1522,1522,770.375,31,0,1000000,3000,4
254592,254592,1018368,1744,91,364,617.0,0.0,617.0,693,693,363.72527472527474,14,0,1000000,3000,4
254621,254621,1018484,1745,29,116,252.0,0.0,252.0,315,315,156.10344827586206,7,0,1000000,3000,4
254906,254906,1019624,1746,285,1140,1296.0,0.0,1296.0,1409,1409,724.4035087719299,29,0,1000000,3000,4
254942,254942,1019768,1747,36,144,235.0,0.0,235.0,299,299,164.61111111111111,6,0,1000000,3000,4
255061,255061,1020244,1748,119,476,607.0,0.0,607.0,686,686,402.781512605042,14,0,1000000,3000,4
255163,255163,1020652,1749,102,408,627.0,0.0,627.0,703,703,374.87254901960785,15,0,1000000,3000,4
255444,255444,1021776,1750,281,1124,1113.0,0.0,1113.0,1225,1225,699.7651245551601,25,0,1000000,3000,4
255671,255671,1022684,1751,227,908,1420.0,0.0,1420.0,1522,1522,755.295154185022,31,0,1000000,3000,4
255875,255875,1023500,1752,204,816,1055.0,0.0,1055.0,1153,1153,643.9460784313726,24,0,1000000,3000,4
255908,255908,1023632,1753,33,132,246.0,0.0,246.0,310,310,152.96969696969697,7,0,1000000,3000,4
256120,256120,1024480,1754,212,848,1027.0,0.0,1027.0,1124,1124,600.1933962264151,23,0,1000000,3000,4
256375,256375,1025500,1755,255,1020,1017.0,0.0,1017.0,1123,1123,623.0823529411765,23,0,1000000,3000,4
256501,256501,1026004,1756,126,504,727.0,0.0,727.0,809,809,483.06349206349205,17,0,1000000,3000,4
256540,256540,1026160,1757,39,156,238.0,0.0,238.0,303,303,146.33333333333334,7,0,1000000,3000,4
256632,256632,1026528,1758,92,368,603.0,0.0,603.0,679,679,304.0978260869565,14,0,1000000,3000,4
256668,256668,1026672,1759,36,144,237.0,0.0,237.0,302,302,159.88888888888889,7,0,1000000,3000,4
256754,256754,1027016,1760,86,344,614.0,0.0,614.0,689,689,340.2093023255814,14,0,1000000,3000,4
256893,256893,1027572,1761,139,556,640.0,0.0,640.0,722,722,538.8561151079136,15,0,1000000,3000,4
257130,257130,1028520,1762,237,948,1328.0,0.0,1328.0,1433,1433,730.7679324894515,29,0,1000000,3000,4
257220,257220,1028880,1763,90,360,622.0,0.0,622.0,695,695,406.1333333333333,14,0,1000000,3000,4
257408,257408,1029632,1764,188,752,745.0,0.0,745.0,839,839,522.2340425531914,17,0,1000000,3000,4
257568,257568,1030272,1765,160,640,811.0,0.0,811.0,898,898,561.1625,18,0,1000000,3000,4
257610,257610,1030440,1766,42,168,230.0,0.0,230.0,295,295,167.0952380952381,6,0,1000000,3000,4
257642,257642,1030568,1767,32,128,240.0,0.0,240.0,303,303,164.1875,7,0,1000000,3000,4
257721,257721,1030884,1768,79,316,639.0,0.0,639.0,711,711,378.17721518987344,15,0,1000000,3000,4
257827,257827,1031308,1769,106,424,630.0,0.0,630.0,708,708,388.6509433962264,15,0,1000000,3000,4
257994,257994,1031976,1770,167,668,1045.0,0.0,1045.0,1135,1135,624.0598802395209,23,0,1000000,3000,4
258231,258231,1032924,1771,237,948,796.0,0.0,796.0,898,898,632.831223628692,18,0,1000000,3000,4
258466,258466,1033864,1772,235,940,1130.0,0.0,1130.0,1233,1233,638.3446808510638,25,0,1000000,3000,4
258543,258543,1034172,1773,77,308,652.0,0.0,652.0,722,722,384.4415584415584,15,0,1000000,3000,4
258770,258770,1035080,1774,227,908,1028.0,0.0,1028.0,1129,1129,631.5374449339207,23,0,1000000,3000,4
258953,258953,1035812,1775,183,732,1323.0,0.0,1323.0,1415,1415,716.3169398907104,29,0,1000000,3000,4
258988,258988,1035952,1776,35,140,236.0,0.0,236.0,300,300,164.25714285714287,7,0,1000000,3000,4
259256,259256,1037024,1777,268,1072,1020.0,0.0,1020.0,1129,1129,667.3694029850747,23,0,1000000,3000,4
259326,259326,1037304,1778,70,280,630.0,0.0,630.0,701,701,368.1142857142857,15,0,1000000,3000,4
259406,259406,1037624,1779,80,320,633.0,0.0,633.0,706,706,383.675,15,0,1000000,3000,4
259580,259580,1038320,1780,174,696,1139.0,0.0,1139.0,1229,1229,661.0689655172414,25,0,1000000,3000,4
259610,259610,1038440,1781,30,120,252.0,0.0,252.0,315,315,157.76666666666668,7,0,1000000,3000,4
259639,259639,1038556,1782,29,116,245.0,0.0,245.0,308,308,160.93103448275863,7,0,1000000,3000,4
259835,259835,1039340,1783,196,784,1032.0,0.0,1032.0,1126,1126,683.6887755102041,23,0,1000000,3000,4
259925,259925,1039700,1784,90,360,625.0,0.0,625.0,700,700,391.52222222222224,15,0,1000000,3000,4
260008,260008,1040032,1785,83,332,634.0,0.0,634.0,707,707,381.9759036144578,15,0,1000000,3000,4
260299,260299,1041196,1786,291,1164,1013.0,0.0,1013.0,1126,1126,638.1958762886597,23,0,1000000,3000,4
260377,260377,1041508,1787,78,312,618.0,0.0,618.0,690,690,351.8974358974359,14,0,1000000,3000,4
260624,260624,1042496,1788,247,988,1837.0,0.0,1837.0,1943,1943,983.4412955465586,39,0,1000000,3000,4
260855,260855,1043420,1789,231,924,1684.0,0.0,1684.0,1787,1787,888.3896103896104,36,0,1000000,3000,4
260935,260935,1043740,1790,80,320,609.0,0.0,609.0,683,683,322.55,14,0,1000000,3000,4
261024,261024,1044096,1791,89,356,621.0,0.0,621.0,696,696,344.70786516853934,14,0,1000000,3000,4
261054,261054,1044216,1792,30,120,249.0,0.0,249.0,312,312,153.86666666666667,7,0,1000000,3000,4
261085,261085,1044340,1793,31,124,249.0,0.0,249.0,312,312,154.2258064516129,7,0,1000000,3000,4
261115,261115,1044460,1794,30,120,250.0,0.0,250.0,313,313,158.53333333333333,7,0,1000000,3000,4
261190,261190,1044760,1795,75,300,640.0,0.0,640.0,712,712,392.8666666666667,15,0,1000000,3000,4
261255,261255,1045020,1796,65,260,610.0,0.0,610.0,680,680,335.9076923076923,14,0,1000000,3000,4
261357,261357,1045428,1797,102,408,614.0,0.0,614.0,692,692,397.12745098039215,14,0,1000000,3000,4
261429,261429,1045716,1798,72,288,737.0,0.0,737.0,809,809,393.125,17,0,1000000,3000,4
261508,261508,1046032,1799,79,316,640.0,0.0,640.0,713,713,380.8354430379747,15,0,1000000,3000,4
261539,261539,1046156,1800,31,124,247.0,0.0,247.0,311,311,148.70967741935485,7,0,1000000,3000,4
261573,261573,1046292,1801,34,136,248.0,0.0,248.0,312,312,150.7058823529412,7,0,1000000,3000,4
261805,261805,1047220,1802,232,928,1030.0,0.0,1030.0,1133,1133,608.8491379310345,23,0,1000000,3000,4
262032,262032,1048128,1803,227,908,1029.0,0.0,1029.0,1130,1130,651.9251101321586,23,0,1000000,3000,4
262112,262112,1048448,1804,80,320,631.0,0.0,631.0,704,704,386.675,15,0,1000000,3000,4
262244,262244,1048976,1805,132,528,1043.0,0.0,1043.0,1125,1125,598.6666666666666,23,0,1000000,3000,4
262492,262492,1049968,1806,248,992,1682.0,0.0,1682.0,1788,1788,861.9959677419355,36,0,1000000,3000,4
263091,263091,1052364,1807,599,2396,2294.0,0.0,2294.0,2469,2469,1517.6494156928213,50,0,1000000,3000,4
263126,263126,1052504,1808,35,140,243.0,0.0,243.0,308,308,146.0857142857143,7,0,1000000,3000,4
263441,263441,1053764,1809,315,1260,1285.0,0.0,1285.0,1405,1405,737.3904761904762,29,0,1000000,3000,4
263870,263870,1055480,1810,429,1716,2326.0,0.0,2326.0,2467,2467,1319.118881118881,50,0,1000000,3000,4
263921,263921,1055684,1811,51,204,205.0,0.0,205.0,271,271,168.11764705882354,6,0,1000000,3000,4
264114,264114,1056456,1812,193,772,1033.0,0.0,1033.0,1127,1127,635.5284974093264,23,0,1000000,3000,4
264261,264261,1057044,1813,147,588,592.0,0.0,592.0,677,677,381.3265306122449,14,0,1000000,3000,4
264462,264462,1057848,1814,201,804,803.0,0.0,803.0,898,898,549.5174129353234,18,0,1000000,3000,4
264564,264564,1058256,1815,102,408,598.0,0.0,598.0,675,675,388.6862745098039,14,0,1000000,3000,4
264606,264606,1058424,1816,42,168,224.0,0.0,224.0,289,289,175.11904761904762,6,0,1000000,3000,4
264717,264717,1058868,1817,111,444,614.0,0.0,614.0,693,693,354.35135135135135,14,0,1000000,3000,4
264894,264894,1059576,1818,177,708,1140.0,0.0,1140.0,1231,1231,568.6271186440678,25,0,1000000,3000,4
264993,264993,1059972,1819,99,396,619.0,0.0,619.0,696,696,375.44444444444446,14,0,1000000,3000,4
265025,265025,1060100,1820,32,128,245.0,0.0,245.0,309,309,156.28125,7,0,1000000,3000,4
265226,265226,1060904,1821,201,804,1032.0,0.0,1032.0,1128,1128,580.2338308457712,23,0,1000000,3000,4
265300,265300,1061200,1822,74,296,653.0,0.0,653.0,722,722,383.22972972972974,15,0,1000000,3000,4
265534,265534,1062136,1823,234,936,1026.0,0.0,1026.0,1128,1128,662.2435897435897,23,0,1000000,3000,4
265563,265563,1062252,1824,29,116,249.0,0.0,249.0,312,312,158.55172413793105,7,0,1000000,3000,4
265742,265742,1062968,1825,179,716,1034.0,0.0,1034.0,1124,1124,622.391061452514,23,0,1000000,3000,4
265895,265895,1063580,1826,153,612,1040.0,0.0,1040.0,1126,1126,604.6078431372549,23,0,1000000,3000,4
265940,265940,1063760,1827,45,180,227.0,0.0,227.0,293,293,162.86666666666667,6,0,1000000,3000,4
265978,265978,1063912,1828,38,152,246.0,0.0,246.0,310,310,141.92105263157896,7,0,1000000,3000,4
266020,266020,1064080,1829,42,168,246.0,0.0,246.0,312,312,136.14285714285714,7,0,1000000,3000,4
266060,266060,1064240,1830,40,160,235.0,0.0,235.0,300,300,157.6,7,0,1000000,3000,4
266174,266174,1064696,1831,114,456,585.0,0.0,585.0,663,663,401.03508771929825,14,0,1000000,3000,4
266207,266207,1064828,1832,33,132,245.0,0.0,245.0,307,307,160.84848484848484,7,0,1000000,3000,4
266308,266308,1065232,1833,101,404,615.0,0.0,615.0,692,692,372.0792079207921,14,0,1000000,3000,4
266351,266351,1065404,1834,43,172,238.0,0.0,238.0,304,304,142.69767441860466,7,0,1000000,3000,4
266517,266517,1066068,1835,166,664,634.0,0.0,634.0,722,722,444.2048192771084,15,0,1000000,3000,4
266559,266559,1066236,1836,42,168,243.0,0.0,243.0,309,309,131.95238095238096,7,0,1000000,3000,4
266650,266650,1066600,1837,91,364,622.0,0.0,622.0,697,697,341.8131868131868,14,0,1000000,3000,4
266744,266744,1066976,1838,94,376,619.0,0.0,619.0,695,695,332.1276595744681,14,0,1000000,3000,4
266838,266838,1067352,1839,94,376,624.0,0.0,624.0,699,699,380.97872340425533,14,0,1000000,3000,4
266879,266879,1067516,1840,41,164,237.0,0.0,237.0,301,301,152.4390243902439,7,0,1000000,3000,4
267036,267036,1068144,1841,157,628,1153.0,0.0,1153.0,1241,1241,657.0254777070064,25,0,1000000,3000,4
267072,267072,1068288,1842,36,144,239.0,0.0,239.0,303,303,163.11111111111111,7,0,1000000,3000,4
267368,267368,1069472,1843,296,1184,1389.0,0.0,1389.0,1504,1504,750.9054054054054,31,0,1000000,3000,4
267528,267528,1070112,1844,160,640,750.0,0.0,750.0,838,838,527.8875,17,0,1000000,3000,4
267726,267726,1070904,1845,198,792,1032.0,0.0,1032.0,1127,1127,550.7929292929293,23,0,1000000,3000,4
267815,267815,1071260,1846,89,356,624.0,0.0,624.0,698,698,379.4269662921348,14,0,1000000,3000,4
268065,268065,1072260,1847,250,1000,1303.0,0.0,1303.0,1410,1410,681.36,29,0,1000000,3000,4
268203,268203,1072812,1848,138,552,585.0,0.0,585.0,669,669,364.3695652173913,14,0,1000000,3000,4
268321,268321,1073284,1849,118,472,610.0,0.0,610.0,691,691,359.33898305084745,14,0,1000000,3000,4
268367,268367,1073468,1850,46,184,229.0,0.0,229.0,295,295,148.91304347826087,6,0,1000000,3000,4
268623,268623,1074492,1851,256,1024,1145.0,0.0,1145.0,1253,1253,670.21484375,26,0,1000000,3000,4
268791,268791,1075164,1852,168,672,1148.0,0.0,1148.0,1239,1239,577.8988095238095,25,0,1000000,3000,4
268834,268834,1075336,1853,43,172,227.0,0.0,227.0,292,292,165.46511627906978,6,0,1000000,3000,4
268989,268989,1075956,1854,155,620,744.0,0.0,744.0,831,831,471.2774193548387,17,0,1000000,3000,4
269083,269083,1076332,1855,94,376,614.0,0.0,614.0,689,689,331.32978723404256,14,0,1000000,3000,4
269189,269189,1076756,1856,106,424,619.0,0.0,619.0,697,697,363.2358490566038,14,0,1000000,3000,4
269237,269237,1076948,1857,48,192,219.0,0.0,219.0,284,284,160.72916666666666,6,0,1000000,3000,4
269279,269279,1077116,1858,42,168,232.0,0.0,232.0,298,298,156.4047619047619,6,0,1000000,3000,4
269380,269380,1077520,1859,101,404,630.0,0.0,630.0,707,707,355.63366336633663,15,0,1000000,3000,4
269493,269493,1077972,1860,113,452,633.0,0.0,633.0,712,712,353.69026548672565,15,0,1000000,3000,4
269734,269734,1078936,1861,241,964,710.0,0.0,710.0,815,815,568.0746887966804,17,0,1000000,3000,4
269766,269766,1079064,1862,32,128,246.0,0.0,246.0,308,308,159.65625,7,0,1000000,3000,4
269804,269804,1079216,1863,38,152,238.0,0.0,238.0,302,302,157.60526315789474,7,0,1000000,3000,4
269904,269904,1079616,1864,100,400,624.0,0.0,624.0,699,699,360.87,14,0,1000000,3000,4
270096,270096,1080384,1865,192,768,1418.0,0.0,1418.0,1513,1513,783.40625,31,0,1000000,3000,4
270338,270338,1081352,1866,242,968,1033.0,0.0,1033.0,1138,1138,640.3140495867768,23,0,1000000,3000,4
270600,270600,1082400,1867,262,1048,1689.0,0.0,1689.0,1799,1799,790.3015267175573,36,0,1000000,3000,4
270723,270723,1082892,1868,123,492,611.0,0.0,611.0,693,693,364.4715447154472,14,0,1000000,3000,4
270766,270766,1083064,1869,43,172,227.0,0.0,227.0,292,292,157.02325581395348,6,0,1000000,3000,4
270951,270951,1083804,1870,185,740,755.0,0.0,755.0,849,849,529.7945945945946,17,0,1000000,3000,4
271107,271107,1084428,1871,156,624,636.0,0.0,636.0,722,722,475.0833333333333,15,0,1000000,3000,4
271221,271221,1084884,1872,114,456,613.0,0.0,613.0,692,692,371.8333333333333,14,0,1000000,3000,4
271418,271418,1085672,1873,197,788,1033.0,0.0,1033.0,1128,1128,623.6548223350254,23,0,1000000,3000,4
271517,271517,1086068,1874,99,396,610.0,0.0,610.0,687,687,388.030303030303,14,0,1000000,3000,4
271552,271552,1086208,1875,35,140,247.0,0.0,247.0,311,311,150.54285714285714,7,0,1000000,3000,4
271584,271584,1086336,1876,32,128,250.0,0.0,250.0,314,314,149.96875,7,0,1000000,3000,4
271667,271667,1086668,1877,83,332,633.0,0.0,633.0,705,705,343.71084337349396,15,0,1000000,3000,4
271760,271760,1087040,1878,93,372,629.0,0.0,629.0,704,704,356.64516129032256,15,0,1000000,3000,4
271856,271856,1087424,1879,96,384,627.0,0.0,627.0,704,704,362.6145833333333,15,0,1000000,3000,4
271955,271955,1087820,1880,99,396,627.0,0.0,627.0,704,704,365.3838383838384,15,0,1000000,3000,4
271990,271990,1087960,1881,35,140,246.0,0.0,246.0,310,310,152.9142857142857,7,0,1000000,3000,4
272067,272067,1088268,1882,77,308,608.0,0.0,608.0,681,681,344.4935064935065,14,0,1000000,3000,4
272233,272233,1088932,1883,166,664,1038.0,0.0,1038.0,1127,1127,600.1807228915662,23,0,1000000,3000,4
272261,272261,1089044,1884,28,112,251.0,0.0,251.0,314,314,158.07142857142858,7,0,1000000,3000,4
272345,272345,1089380,1885,84,336,625.0,0.0,625.0,699,699,388.92857142857144,14,0,1000000,3000,4
272451,272451,1089804,1886,106,424,624.0,0.0,624.0,701,701,375.1320754716981,15,0,1000000,3000,4
272762,272762,1091048,1887,311,1244,1892.0,0.0,1892.0,2012,2012,975.8167202572347,41,0,1000000,3000,4
272960,272960,1091840,1888,198,792,1144.0,0.0,1144.0,1241,1241,636.7525252525253,25,0,1000000,3000,4
273168,273168,1092672,1889,208,832,802.0,0.0,802.0,898,898,590.8028846153846,18,0,1000000,3000,4
273357,273357,1093428,1890,189,756,1034.0,0.0,1034.0,1127,1127,602.2645502645503,23,0,1000000,3000,4
273542,273542,1094168,1891,185,740,794.0,0.0,794.0,887,887,530.5891891891891,18,0,1000000,3000,4
273794,273794,1095176,1892,252,1008,761.0,0.0,761.0,868,868,611.5833333333334,18,0,1000000,3000,4
273939,273939,1095756,1893,145,580,720.0,0.0,720.0,804,804,455.07586206896553,17,0,1000000,3000,4
274036,274036,1096144,1894,97,388,629.0,0.0,629.0,705,705,373.6082474226804,15,0,1000000,3000,4
274268,274268,1097072,1895,232,928,1325.0,0.0,1325.0,1429,1429,734.8836206896551,29,0,1000000,3000,4
274540,274540,1098160,1896,272,1088,1297.0,0.0,1297.0,1408,1408,692.9779411764706,29,0,1000000,3000,4
274661,274661,1098644,1897,121,484,605.0,0.0,605.0,685,685,382.57851239669424,14,0,1000000,3000,4
274695,274695,1098780,1898,34,136,248.0,0.0,248.0,312,312,140.1764705882353,7,0,1000000,3000,4
274805,274805,1099220,1899,110,440,611.0,0.0,611.0,689,689,367.9909090909091,14,0,1000000,3000,4
275044,275044,1100176,1900,239,956,1310.0,0.0,1310.0,1413,1413,728.7949790794979,29,0,1000000,3000,4
275136,275136,1100544,1901,92,368,633.0,0.0,633.0,708,708,373.9673913043478,15,0,1000000,3000,4
275177,275177,1100708,1902,41,164,222.0,0.0,222.0,287,287,174.09756097560975,6,0,1000000,3000,4
275502,275502,1102008,1903,325,1300,1010.0,0.0,1010.0,1131,1131,646.1138461538461,23,0,1000000,3000,4
275710,275710,1102840,1904,208,832,1414.0,0.0,1414.0,1511,1511,754.5384615384615,31,0,1000000,3000,4
275976,275976,1103904,1905,266,1064,1678.0,0.0,1678.0,1787,1787,845.890977443609,36,0,1000000,3000,4
276153,276153,1104612,1906,177,708,808.0,0.0,808.0,898,898,562.2881355932203,18,0,1000000,3000,4
276224,276224,1104896,1907,71,284,618.0,0.0,618.0,689,689,338.1267605633803,14,0,1000000,3000,4
276394,276394,1105576,1908,170,680,1048.0,0.0,1048.0,1138,1138,648.9235294117647,23,0,1000000,3000,4
276499,276499,1105996,1909,105,420,631.0,0.0,631.0,709,709,336.64761904761906,15,0,1000000,3000,4
276540,276540,1106160,1910,41,164,235.0,0.0,235.0,301,301,157.90243902439025,7,0,1000000,3000,4
276705,276705,1106820,1911,165,660,810.0,0.0,810.0,898,899,567.1818181818181,18,0,1000000,3000,4
276815,276815,1107260,1912,110,440,614.0,0.0,614.0,693,693,394.3727272727273,14,0,1000000,3000,4
276860,276860,1107440,1913,45,180,232.0,0.0,232.0,297,297,152.0,6,0,1000000,3000,4
276899,276899,1107596,1914,39,156,232.0,0.0,232.0,295,295,161.17948717948718,6,0,1000000,3000,4
276991,276991,1107964,1915,92,368,632.0,0.0,632.0,708,708,343.9021739130435,15,0,1000000,3000,4
277030,277030,1108120,1916,39,156,240.0,0.0,240.0,303,303,159.17948717948718,7,0,1000000,3000,4
277069,277069,1108276,1917,39,156,238.0,0.0,238.0,302,302,149.7948717948718,7,0,1000000,3000,4
277174,277174,1108696,1918,105,420,618.0,0.0,618.0,694,694,385.9238095238095,14,0,1000000,3000,4
277423,277423,1109692,1919,249,996,1026.0,0.0,1026.0,1132,1132,634.6867469879518,23,0,1000000,3000,4
277463,277463,1109852,1920,40,160,230.0,0.0,230.0,294,294,163.4,6,0,1000000,3000,4
277616,277616,1110464,1921,153,612,637.0,0.0,637.0,722,723,493.2352941176471,15,0,1000000,3000,4
277866,277866,1111464,1922,250,1000,1397.0,0.0,1397.0,1502,1502,747.168,31,0,1000000,3000,4
278106,278106,1112424,1923,240,960,1306.0,0.0,1306.0,1409,1409,698.7958333333333,29,0,1000000,3000,4
278701,278701,1114804,1924,595,2380,686.0,0.0,686.0,862,862,653.4453781512605,18,0,1000000,3000,4
279262,279262,1117048,1925,561,2244,956.0,0.0,956.0,1123,1123,689.7094474153298,23,0,1000000,3000,4
279427,279427,1117708,1926,165,660,634.0,0.0,634.0,722,722,456.58181818181816,15,0,1000000,3000,4
279814,279814,1119256,1927,387,1548,992.0,0.0,992.0,1124,1124,658.0956072351421,23,0,1000000,3000,4
280090,280090,1120360,1928,276,1104,1016.0,0.0,1016.0,1127,1127,614.5579710144928,23,0,1000000,3000,4
280342,280342,1121368,1929,252,1008,690.0,0.0,690.0,797,797,492.9246031746032,16,0,1000000,3000,4
280534,280534,1122136,1930,192,768,790.0,0.0,790.0,885,885,526.6979166666666,18,0,1000000,3000,4
280582,280582,1122328,1931,48,192,219.0,0.0,219.0,285,285,161.83333333333334,6,0,1000000,3000,4
280772,280772,1123088,1932,190,760,630.0,0.0,630.0,722,722,433.39473684210526,15,0,1000000,3000,4
280878,280878,1123512,1933,106,424,617.0,0.0,617.0,696,696,352.1132075471698,14,0,1000000,3000,4
281026,281026,1124104,1934,148,592,606.0,0.0,606.0,692,692,332.56756756756755,14,0,1000000,3000,4
281228,281228,1124912,1935,202,808,803.0,0.0,803.0,898,898,465.83663366336634,18,0,1000000,3000,4
281401,281401,1125604,1936,173,692,601.0,0.0,601.0,692,692,416.8034682080925,14,0,1000000,3000,4
281536,281536,1126144,1937,135,540,617.0,0.0,617.0,700,700,346.2814814814815,15,0,1000000,3000,4
281852,281852,1127408,1938,316,1264,780.0,0.0,780.0,898,898,563.7278481012659,18,0,1000000,3000,4
281886,281886,1127544,1939,34,136,246.0,0.0,246.0,310,310,148.44117647058823,7,0,1000000,3000,4
281934,281934,1127736,1940,48,192,224.0,0.0,224.0,290,290,143.6875,6,0,1000000,3000,4
282152,282152,1128608,1941,218,872,1048.0,0.0,1048.0,1149,1149,612.743119266055,23,0,1000000,3000,4
282260,282260,1129040,1942,108,432,629.0,0.0,629.0,707,707,363.6111111111111,15,0,1000000,3000,4
282349,282349,1129396,1943,89,356,613.0,0.0,613.0,688,688,321.14606741573033,14,0,1000000,3000,4
282391,282391,1129564,1944,42,168,225.0,0.0,225.0,290,290,159.52380952380952,6,0,1000000,3000,4
282478,282478,1129912,1945,87,348,628.0,0.0,628.0,703,703,377.57471264367814,15,0,1000000,3000,4
282522,282522,1130088,1946,44,176,229.0,0.0,229.0,295,295,152.1590909090909,6,0,1000000,3000,4
282571,282571,1130284,1947,49,196,231.0,0.0,231.0,297,297,138.22448979591837,6,0,1000000,3000,4
282805,282805,1131220,1948,234,936,1307.0,0.0,1307.0,1410,1410,671.7222222222222,29,0,1000000,3000,4
282901,282901,1131604,1949,96,384,630.0,0.0,630.0,706,706,363.9479166666667,15,0,1000000,3000,4
283034,283034,1132136,1950,133,532,596.0,0.0,596.0,680,680,365.2781954887218,14,0,1000000,3000,4
283275,283275,1133100,1951,241,964,1023.0,0.0,1023.0,1127,1127,639.643153526971,23,0,1000000,3000,4
283381,283381,1133524,1952,106,424,602.0,0.0,602.0,680,680,393.8301886792453,14,0,1000000,3000,4
283483,283483,1133932,1953,102,408,621.0,0.0,621.0,699,699,366.6666666666667,14,0,1000000,3000,4
283526,283526,1134104,1954,43,172,225.0,0.0,225.0,289,289,166.67441860465115,6,0,1000000,3000,4
283677,283677,1134708,1955,151,604,731.0,0.0,731.0,818,818,505.0066225165563,17,0,1000000,3000,4
283857,283857,1135428,1956,180,720,1036.0,0.0,1036.0,1127,1127,584.8111111111111,23,0,1000000,3000,4
284054,284054,1136216,1957,197,788,1035.0,0.0,1035.0,1130,1130,647.4568527918782,23,0,1000000,3000,4
284160,284160,1136640,1958,106,424,611.0,0.0,611.0,690,690,359.4056603773585,14,0,1000000,3000,4
284258,284258,1137032,1959,98,392,613.0,0.0,613.0,689,689,345.3775510204082,14,0,1000000,3000,4
284289,284289,1137156,1960,31,124,245.0,0.0,245.0,307,307,161.03225806451613,7,0,1000000,3000,4
284324,284324,1137296,1961,35,140,241.0,0.0,241.0,304,304,161.65714285714284,7,0,1000000,3000,4
284411,284411,1137644,1962,87,348,624.0,0.0,624.0,699,699,341.7471264367816,14,0,1000000,3000,4
284445,284445,1137780,1963,34,136,238.0,0.0,238.0,302,302,164.41176470588235,7,0,1000000,3000,4
284619,284619,1138476,1964,174,696,1039.0,0.0,1039.0,1130,1130,692.4080459770115,23,0,1000000,3000,4
284826,284826,1139304,1965,207,828,1132.0,0.0,1132.0,1229,1229,659.0869565217391,25,0,1000000,3000,4
284859,284859,1139436,1966,33,132,238.0,0.0,238.0,300,300,163.66666666666666,7,0,1000000,3000,4
285280,285280,1141120,1967,421,1684,2332.0,0.0,2332.0,2472,2472,1248.5795724465559,50,0,1000000,3000,4
285381,285381,1141524,1968,101,404,623.0,0.0,623.0,700,700,370.41584158415844,15,0,1000000,3000,4
285413,285413,1141652,1969,32,128,245.0,0.0,245.0,308,308,158.78125,7,0,1000000,3000,4
285613,285613,1142452,1970,200,800,768.0,0.0,768.0,864,864,521.61,18,0,1000000,3000,4
285721,285721,1142884,1971,108,432,629.0,0.0,629.0,706,706,366.68518518518516,15,0,1000000,3000,4
285821,285821,1143284,1972,100,400,610.0,0.0,610.0,687,687,377.49,14,0,1000000,3000,4
286005,286005,1144020,1973,184,736,807.0,0.0,807.0,898,899,545.6902173913044,18,0,1000000,3000,4
286223,286223,1144892,1974,218,872,1035.0,0.0,1035.0,1135,1135,605.9908256880734,23,0,1000000,3000,4
286380,286380,1145520,1975,157,628,733.0,0.0,733.0,821,821,488.4968152866242,17,0,1000000,3000,4
286583,286583,1146332,1976,203,812,1030.0,0.0,1030.0,1126,1126,651.9704433497537,23,0,1000000,3000,4
286838,286838,1147352,1977,255,1020,1401.0,0.0,1401.0,1509,1509,778.0549019607843,31,0,1000000,3000,4
287150,287150,1148600,1978,312,1248,1547.0,0.0,1547.0,1667,1667,829.1057692307693,34,0,1000000,3000,4
287345,287345,1149380,1979,195,780,722.0,0.0,722.0,816,816,534.8410256410257,17,0,1000000,3000,4
287387,287387,1149548,1980,42,168,233.0,0.0,233.0,297,297,159.61904761904762,6,0,1000000,3000,4
287491,287491,1149964,1981,104,416,614.0,0.0,614.0,691,691,367.03846153846155,14,0,1000000,3000,4
287685,287685,1150740,1982,194,776,1040.0,0.0,1040.0,1135,1135,589.7371134020618,23,0,1000000,3000,4
287803,287803,1151212,1983,118,472,644.0,0.0,644.0,722,722,353.04237288135596,15,0,1000000,3000,4
287949,287949,1151796,1984,146,584,638.0,0.0,638.0,722,723,512.5479452054794,15,0,1000000,3000,4
288330,288330,1153320,1985,381,1524,997.0,0.0,997.0,1129,1129,676.9160104986877,23,0,1000000,3000,4
288684,288684,1154736,1986,354,1416,1002.0,0.0,1002.0,1128,1128,736.7401129943503,23,0,1000000,3000,4
288831,288831,1155324,1987,147,588,776.0,0.0,776.0,862,862,533.0884353741496,18,0,1000000,3000,4
289146,289146,1156584,1988,315,1260,1301.0,0.0,1301.0,1420,1420,711.552380952381,29,0,1000000,3000,4
289278,289278,1157112,1989,132,528,596.0,0.0,596.0,680,680,398.82575757575756,14,0,1000000,3000,4
289462,289462,1157848,1990,184,736,1033.0,0.0,1033.0,1125,1125,597.4510869565217,23,0,1000000,3000,4
289618,289618,1158472,1991,156,624,812.0,0.0,812.0,898,898,565.5192307692307,18,0,1000000,3000,4
289701,289701,1158804,1992,83,332,606.0,0.0,606.0,680,680,318.8433734939759,14,0,1000000,3000,4
289819,289819,1159276,1993,118,472,601.0,0.0,601.0,681,681,385.8813559322034,14,0,1000000,3000,4
289858,289858,1159432,1994,39,156,238.0,0.0,238.0,301,301,154.02564102564102,7,0,1000000,3000,4
290513,290513,1162052,1995,655,2620,938.0,0.0,938.0,1123,1123,815.4885496183206,23,0,1000000,3000,4
290691,290691,1162764,1996,178,712,1035.0,0.0,1035.0,1126,1126,653.0393258426966,23,0,1000000,3000,4
290780,290780,1163120,1997,89,356,615.0,0.0,615.0,689,689,345.5056179775281,14,0,1000000,3000,4
291280,291280,1165120,1998,500,2000,663.0,0.0,663.0,819,819,649.482,17,0,1000000,3000,4
291642,291642,1166568,1999,362,1448,1289.0,0.0,1289.0,1417,1417,787.2127071823204,29,0,1000000,3000,4
291935,291935,1167740,2000,293,1172,785.0,0.0,785.0,898,898,642.9146757679181,18,0,1000000,3000,4
291971,291971,1167884,2001,36,144,244.0,0.0,244.0,307,307,162.38888888888889,7,0,1000000,3000,4
292238,292238,1168952,2002,267,1068,760.0,0.0,760.0,870,870,583.4307116104869,18,0,1000000,3000,4
292432,292432,1169728,2003,194,776,1041.0,0.0,1041.0,1136,1136,551.8092783505155,23,0,1000000,3000,4
292540,292540,1170160,2004,108,432,609.0,0.0,609.0,687,687,387.4166666666667,14,0,1000000,3000,4
292572,292572,1170288,2005,32,128,247.0,0.0,247.0,310,310,158.03125,7,0,1000000,3000,4
292738,292738,1170952,2006,166,664,810.0,0.0,810.0,898,898,555.9036144578313,18,0,1000000,3000,4
292917,292917,1171668,2007,179,716,1038.0,0.0,1038.0,1129,1129,629.3631284916202,23,0,1000000,3000,4
293012,293012,1172048,2008,95,380,628.0,0.0,628.0,704,704,362.4526315789474,15,0,1000000,3000,4
293053,293053,1172212,2009,41,164,233.0,0.0,233.0,298,298,159.58536585365854,6,0,1000000,3000,4
293170,293170,1172680,2010,117,468,589.0,0.0,589.0,669,669,395.61538461538464,14,0,1000000,3000,4
293203,293203,1172812,2011,33,132,243.0,0.0,243.0,306,306,159.78787878787878,7,0,1000000,3000,4
293240,293240,1172960,2012,37,148,240.0,0.0,240.0,304,304,158.40540540540542,7,0,1000000,3000,4
293274,293274,1173096,2013,34,136,240.0,0.0,240.0,304,304,161.85294117647058,7,0,1000000,3000,4
293356,293356,1173424,2014,82,328,613.0,0.0,613.0,686,686,330.890243902439,14,0,1000000,3000,4
293456,293456,1173824,2015,100,400,626.0,0.0,626.0,704,704,378.67,15,0,1000000,3000,4
293595,293595,1174380,2016,139,556,816.0,0.0,816.0,898,898,601.4748201438849,18,0,1000000,3000,4
293675,293675,1174700,2017,80,320,615.0,0.0,615.0,688,688,333.1875,14,0,1000000,3000,4
293715,293715,1174860,2018,40,160,231.0,0.0,231.0,295,295,163.2,6,0,1000000,3000,4
293952,293952,1175808,2019,237,948,796.0,0.0,796.0,898,898,639.1518987341772,18,0,1000000,3000,4
294141,294141,1176564,2020,189,756,1138.0,0.0,1138.0,1232,1232,698.3386243386243,25,0,1000000,3000,4
294229,294229,1176916,2021,88,352,634.0,0.0,634.0,708,708,400.60227272727275,15,0,1000000,3000,4
294317,294317,1177268,2022,88,352,612.0,0.0,612.0,685,685,344.71590909090907,14,0,1000000,3000,4
294353,294353,1177412,2023,36,144,243.0,0.0,243.0,308,308,157.55555555555554,7,0,1000000,3000,4
294389,294389,1177556,2024,36,144,241.0,0.0,241.0,305,305,157.16666666666666,7,0,1000000,3000,4
294427,294427,1177708,2025,38,152,238.0,0.0,238.0,302,302,156.39473684210526,7,0,1000000,3000,4
294460,294460,1177840,2026,33,132,249.0,0.0,249.0,312,312,157.6060606060606,7,0,1000000,3000,4
294498,294498,1177992,2027,38,152,237.0,0.0,237.0,300,300,155.23684210526315,7,0,1000000,3000,4
294689,294689,1178756,2028,191,764,1337.0,0.0,1337.0,1433,1433,696.0157068062828,29,0,1000000,3000,4
295164,295164,1180656,2029,475,1900,3021.0,0.0,3021.0,3161,3161,1781.983157894737,64,0,1000000,3000,4
295427,295427,1181708,2030,263,1052,1305.0,0.0,1305.0,1412,1412,715.1140684410647,29,0,1000000,3000,4
295696,295696,1182784,2031,269,1076,1305.0,0.0,1305.0,1415,1415,704.9776951672862,29,0,1000000,3000,4
295845,295845,1183380,2032,149,596,1327.0,0.0,1327.0,1413,1413,740.9194630872483,29,0,1000000,3000,4
295878,295878,1183512,2033,33,132,243.0,0.0,243.0,307,307,158.96969696969697,7,0,1000000,3000,4
296536,296536,1186144,2034,658,2632,712.0,0.0,712.0,898,898,684.0227963525836,18,0,1000000,3000,4
296625,296625,1186500,2035,89,356,638.0,0.0,638.0,713,713,367.5168539325843,15,0,1000000,3000,4
296922,296922,1187688,2036,297,1188,1318.0,0.0,1318.0,1435,1435,709.0370370370371,29,0,1000000,3000,4
297384,297384,1189536,2037,462,1848,988.0,0.0,988.0,1137,1137,712.7359307359308,23,0,1000000,3000,4
297572,297572,1190288,2038,188,752,1328.0,0.0,1328.0,1423,1423,647.3191489361702,29,0,1000000,3000,4
297728,297728,1190912,2039,156,624,1154.0,0.0,1154.0,1243,1243,602.5192307692307,25,0,1000000,3000,4
297990,297990,1191960,2040,262,1048,1150.0,0.0,1150.0,1259,1259,700.5916030534352,26,0,1000000,3000,4
298025,298025,1192100,2041,35,140,250.0,0.0,250.0,315,315,143.65714285714284,7,0,1000000,3000,4
298113,298113,1192452,2042,88,352,650.0,0.0,650.0,722,723,367.7613636363636,15,0,1000000,3000,4
298382,298382,1193528,2043,269,1076,1317.0,0.0,1317.0,1427,1427,755.1189591078067,29,0,1000000,3000,4
298462,298462,1193848,2044,80,320,634.0,0.0,634.0,707,707,385.75,15,0,1000000,3000,4
298678,298678,1194712,2045,216,864,1319.0,0.0,1319.0,1419,1419,741.0416666666666,29,0,1000000,3000,4
298881,298881,1195524,2046,203,812,1040.0,0.0,1040.0,1136,1136,637.8275862068965,23,0,1000000,3000,4
299122,299122,1196488,2047,241,964,1558.0,0.0,1558.0,1664,1664,830.7468879668049,34,0,1000000,3000,4
299225,299225,1196900,2048,103,412,603.0,0.0,603.0,679,679,411.6796116504854,14,0,1000000,3000,4
299366,299366,1197464,2049,141,564,732.0,0.0,732.0,817,817,490.92907801418437,17,0,1000000,3000,4
299654,299654,1198616,2050,288,1152,1297.0,0.0,1297.0,1411,1411,708.03125,29,0,1000000,3000,4
299747,299747,1198988,2051,93,372,649.0,0.0,649.0,722,723,362.48387096774195,15,0,1000000,3000,4
299845,299845,1199380,2052,98,392,609.0,0.0,609.0,684,684,390.07142857142856,14,0,1000000,3000,4
300123,300123,1200492,2053,278,1112,1308.0,0.0,1308.0,1420,1420,689.5935251798561,29,0,1000000,3000,4
300304,300304,1201216,2054,181,724,759.0,0.0,759.0,853,853,515.7790055248619,18,0,1000000,3000,4
300408,300408,1201632,2055,104,416,617.0,0.0,617.0,694,694,394.9807692307692,14,0,1000000,3000,4
300448,300448,1201792,2056,40,160,231.0,0.0,231.0,295,295,160.525,6,0,1000000,3000,4
300522,300522,1202088,2057,74,296,616.0,0.0,616.0,687,687,354.44594594594594,14,0,1000000,3000,4
300639,300639,1202556,2058,117,468,608.0,0.0,608.0,688,688,371.6752136752137,14,0,1000000,3000,4
300726,300726,1202904,2059,87,348,627.0,0.0,627.0,700,700,360.0919540229885,15,0,1000000,3000,4
300875,300875,1203500,2060,149,596,1045.0,0.0,1045.0,1130,1130,576.7046979865772,23,0,1000000,3000,4
301150,301150,1204600,2061,275,1100,1410.0,0.0,1410.0,1522,1522,777.3236363636364,31,0,1000000,3000,4
301374,301374,1205496,2062,224,896,1333.0,0.0,1333.0,1435,1435,715.6964285714286,29,0,1000000,3000,4
301526,301526,1206104,2063,152,608,637.0,0.0,637.0,722,723,514.9144736842105,15,0,1000000,3000,4
301564,301564,1206256,2064,38,152,240.0,0.0,240.0,304,304,158.78947368421052,7,0,1000000,3000,4
301673,301673,1206692,2065,109,436,609.0,0.0,609.0,686,686,378.73394495412845,14,0,1000000,3000,4
301757,301757,1207028,2066,84,336,613.0,0.0,613.0,686,686,408.5952380952381,14,0,1000000,3000,4
301834,301834,1207336,2067,77,308,612.0,0.0,612.0,684,684,341.2857142857143,14,0,1000000,3000,4
301999,301999,1207996,2068,165,660,1148.0,0.0,1148.0,1238,1238,596.1696969696969,25,0,1000000,3000,4
302131,302131,1208524,2069,132,528,1069.0,0.0,1069.0,1153,1153,611.4772727272727,24,0,1000000,3000,4
302198,302198,1208792,2070,67,268,624.0,0.0,624.0,695,695,350.5820895522388,14,0,1000000,3000,4
302364,302364,1209456,2071,166,664,1341.0,0.0,1341.0,1432,1432,720.5060240963855,29,0,1000000,3000,4
302520,302520,1210080,2072,156,624,636.0,0.0,636.0,722,723,485.0769230769231,15,0,1000000,3000,4
302729,302729,1210916,2073,209,836,1336.0,0.0,1336.0,1435,1435,678.4114832535885,29,0,1000000,3000,4
302882,302882,1211528,2074,153,612,736.0,0.0,736.0,823,823,486.3137254901961,17,0,1000000,3000,4
303030,303030,1212120,2075,148,592,736.0,0.0,736.0,822,822,484.1689189189189,17,0,1000000,3000,4
303223,303223,1212892,2076,193,772,1036.0,0.0,1036.0,1130,1130,656.4559585492228,23,0,1000000,3000,4
303298,303298,1213192,2077,75,300,608.0,0.0,608.0,680,680,347.28,14,0,1000000,3000,4
303521,303521,1214084,2078,223,892,1334.0,0.0,1334.0,1436,1436,691.5964125560538,29,0,1000000,3000,4
303626,303626,1214504,2079,105,420,609.0,0.0,609.0,685,685,377.1714285714286,14,0,1000000,3000,4
303656,303656,1214624,2080,30,120,251.0,0.0,251.0,314,314,157.73333333333332,7,0,1000000,3000,4
303737,303737,1214948,2081,81,324,619.0,0.0,619.0,693,693,397.65432098765433,14,0,1000000,3000,4
303766,303766,1215064,2082,29,116,250.0,0.0,250.0,312,312,161.31034482758622,7,0,1000000,3000,4
304034,304034,1216136,2083,268,1072,1020.0,0.0,1020.0,1130,1130,625.2574626865671,23,0,1000000,3000,4
304245,304245,1216980,2084,211,844,705.0,0.0,705.0,804,804,540.4786729857819,17,0,1000000,3000,4
304525,304525,1218100,2085,280,1120,1295.0,0.0,1295.0,1406,1406,749.0,29,0,1000000,3000,4
304657,304657,1218628,2086,132,528,817.0,0.0,817.0,898,898,578.4545454545455,18,0,1000000,3000,4
304840,304840,1219360,2087,183,732,1035.0,0.0,1035.0,1127,1127,641.7486338797814,23,0,1000000,3000,4
305112,305112,1220448,2088,272,1088,1411.0,0.0,1411.0,1522,1522,753.3308823529412,31,0,1000000,3000,4
305144,305144,1220576,2089,32,128,250.0,0.0,250.0,314,314,149.90625,7,0,1000000,3000,4
305330,305330,1221320,2090,186,744,1335.0,0.0,1335.0,1430,1430,704.6021505376344,29,0,1000000,3000,4
305368,305368,1221472,2091,38,152,242.0,0.0,242.0,306,306,154.42105263157896,7,0,1000000,3000,4
305398,305398,1221592,2092,30,120,250.0,0.0,250.0,314,314,154.0,7,0,1000000,3000,4
305491,305491,1221964,2093,93,372,628.0,0.0,628.0,704,704,388.96774193548384,15,0,1000000,3000,4
305703,305703,1222812,2094,212,848,1694.0,0.0,1694.0,1793,1793,865.5943396226415,36,0,1000000,3000,4
305867,305867,1223468,2095,164,656,1061.0,0.0,1061.0,1151,1151,654.609756097561,24,0,1000000,3000,4
305991,305991,1223964,2096,124,496,733.0,0.0,733.0,814,814,511.2903225806452,17,0,1000000,3000,4
306298,306298,1225192,2097,307,1228,1532.0,0.0,1532.0,1651,1651,826.7882736156351,34,0,1000000,3000,4
306338,306338,1225352,2098,40,160,234.0,0.0,234.0,300,300,146.95,7,0,1000000,3000,4
306374,306374,1225496,2099,36,144,247.0,0.0,247.0,312,312,145.02777777777777,7,0,1000000,3000,4
306479,306479,1225916,2100,105,420,597.0,0.0,597.0,674,674,410.42857142857144,14,0,1000000,3000,4
306560,306560,1226240,2101,81,324,621.0,0.0,621.0,694,694,362.4074074074074,14,0,1000000,3000,4
306598,306598,1226392,2102,38,152,244.0,0.0,244.0,306,306,152.89473684210526,7,0,1000000,3000,4
306630,306630,1226520,2103,32,128,250.0,0.0,250.0,314,314,155.09375,7,0,1000000,3000,4
306801,306801,1227204,2104,171,684,1035.0,0.0,1035.0,1124,1125,645.0175438596491,23,0,1000000,3000,4
306892,306892,1227568,2105,91,364,626.0,0.0,626.0,702,702,382.34065934065933,15,0,1000000,3000,4
306925,306925,1227700,2106,33,132,234.0,0.0,234.0,298,298,168.0,6,0,1000000,3000,4
306962,306962,1227848,2107,37,148,248.0,0.0,248.0,313,313,148.56756756756758,7,0,1000000,3000,4
307062,307062,1228248,2108,100,400,617.0,0.0,617.0,694,694,372.91,14,0,1000000,3000,4
307359,307359,1229436,2109,297,1188,1679.0,0.0,1679.0,1796,1796,868.5858585858585,36,0,1000000,3000,4
307564,307564,1230256,2110,205,820,1029.0,0.0,1029.0,1124,1124,691.4341463414634,23,0,1000000,3000,4
307598,307598,1230392,2111,34,136,239.0,0.0,239.0,303,303,162.7058823529412,7,0,1000000,3000,4
307845,307845,1231380,2112,247,988,1021.0,0.0,1021.0,1126,1126,716.085020242915,23,0,1000000,3000,4
307962,307962,1231848,2113,117,468,586.0,0.0,586.0,666,666,394.1111111111111,14,0,1000000,3000,4
308258,308258,1233032,2114,296,1184,1012.0,0.0,1012.0,1126,1126,717.777027027027,23,0,1000000,3000,4
308810,308810,1235240,2115,552,2208,2577.0,0.0,2577.0,2744,2744,1598.3605072463768,55,0,1000000,3000,4
308947,308947,1235788,2116,137,548,760.0,0.0,760.0,844,844,528.8686131386861,17,0,1000000,3000,4
309037,309037,1236148,2117,90,360,625.0,0.0,625.0,701,701,391.43333333333334,15,0,1000000,3000,4
309156,309156,1236624,2118,119,476,593.0,0.0,593.0,673,673,404.1932773109244,14,0,1000000,3000,4
309586,309586,1238344,2119,430,1720,1291.0,0.0,1291.0,1434,1434,752.7813953488372,29,0,1000000,3000,4
309623,309623,1238492,2120,37,148,230.0,0.0,230.0,294,294,173.21621621621622,6,0,1000000,3000,4
309663,309663,1238652,2121,40,160,229.0,0.0,229.0,294,294,162.525,6,0,1000000,3000,4
309707,309707,1238828,2122,44,176,228.0,0.0,228.0,293,293,153.3409090909091,6,0,1000000,3000,4
309966,309966,1239864,2123,259,1036,1019.0,0.0,1019.0,1126,1126,617.8648648648649,23,0,1000000,3000,4
309998,309998,1239992,2124,32,128,248.0,0.0,248.0,311,311,149.34375,7,0,1000000,3000,4
310032,310032,1240128,2125,34,136,251.0,0.0,251.0,315,315,148.3235294117647,7,0,1000000,3000,4
310072,310072,1240288,2126,40,160,235.0,0.0,235.0,299,299,157.85,6,0,1000000,3000,4
310175,310175,1240700,2127,103,412,596.0,0.0,596.0,673,673,403.0485436893204,14,0,1000000,3000,4
310220,310220,1240880,2128,45,180,234.0,0.0,234.0,300,300,142.37777777777777,7,0,1000000,3000,4
310260,310260,1241040,2129,40,160,233.0,0.0,233.0,298,298,155.425,6,0,1000000,3000,4
310505,310505,1242020,2130,245,980,1304.0,0.0,1304.0,1410,1410,698.1346938775511,29,0,1000000,3000,4
310583,310583,1242332,2131,78,312,634.0,0.0,634.0,707,707,387.8974358974359,15,0,1000000,3000,4
310621,310621,1242484,2132,38,152,234.0,0.0,234.0,297,297,163.89473684210526,6,0,1000000,3000,4
310657,310657,1242628,2133,36,144,239.0,0.0,239.0,304,304,153.61111111111111,7,0,1000000,3000,4
310693,310693,1242772,2134,36,144,244.0,0.0,244.0,309,309,149.66666666666666,7,0,1000000,3000,4
310725,310725,1242900,2135,32,128,251.0,0.0,251.0,315,315,151.65625,7,0,1000000,3000,4
310888,310888,1243552,2136,163,652,1337.0,0.0,1337.0,1427,1427,727.2760736196319,29,0,1000000,3000,4
310924,310924,1243696,2137,36,144,247.0,0.0,247.0,312,312,142.05555555555554,7,0,1000000,3000,4
311052,311052,1244208,2138,128,512,739.0,0.0,739.0,820,820,503.40625,17,0,1000000,3000,4
311320,311320,1245280,2139,268,1072,1681.0,0.0,1681.0,1790,1790,888.6007462686567,36,0,1000000,3000,4
311482,311482,1245928,2140,162,648,1038.0,0.0,1038.0,1125,1125,555.1296296296297,23,0,1000000,3000,4
311570,311570,1246280,2141,88,352,628.0,0.0,628.0,702,702,373.3181818181818,15,0,1000000,3000,4
311723,311723,1246892,2142,153,612,637.0,0.0,637.0,722,723,502.47058823529414,15,0,1000000,3000,4
311934,311934,1247736,2143,211,844,801.0,0.0,801.0,898,898,557.6398104265403,18,0,1000000,3000,4
311983,311983,1247932,2144,49,196,221.0,0.0,221.0,287,287,145.20408163265307,6,0,1000000,3000,4
312028,312028,1248112,2145,45,180,221.0,0.0,221.0,287,287,161.48888888888888,6,0,1000000,3000,4
312251,312251,1249004,2146,223,892,1302.0,0.0,1302.0,1402,1402,655.0896860986547,29,0,1000000,3000,4
312297,312297,1249188,2147,46,184,226.0,0.0,226.0,292,292,152.65217391304347,6,0,1000000,3000,4
312338,312338,1249352,2148,41,164,231.0,0.0,231.0,296,296,159.609756097561,6,0,1000000,3000,4
312380,312380,1249520,2149,42,168,234.0,0.0,234.0,298,298,156.04761904761904,6,0,1000000,3000,4
312425,312425,1249700,2150,45,180,226.0,0.0,226.0,292,292,151.0888888888889,6,0,1000000,3000,4
312538,312538,1250152,2151,113,452,611.0,0.0,611.0,690,690,363.46017699115043,14,0,1000000,3000,4
312696,312696,1250784,2152,158,632,755.0,0.0,755.0,843,843,481.4113924050633,17,0,1000000,3000,4
312862,312862,1251448,2153,166,664,738.0,0.0,738.0,828,828,457.6385542168675,17,0,1000000,3000,4
313081,313081,1252324,2154,219,876,765.0,0.0,765.0,865,865,503.6027397260274,18,0,1000000,3000,4
313124,313124,1252496,2155,43,172,234.0,0.0,234.0,298,298,146.97674418604652,6,0,1000000,3000,4
313329,313329,1253316,2156,205,820,1128.0,0.0,1128.0,1225,1225,648.6731707317073,25,0,1000000,3000,4
313371,313371,1253484,2157,42,168,227.0,0.0,227.0,291,291,155.0,6,0,1000000,3000,4
313415,313415,1253660,2158,44,176,232.0,0.0,232.0,297,297,151.4318181818182,6,0,1000000,3000,4
313530,313530,1254120,2159,115,460,585.0,0.0,585.0,665,665,403.4086956521739,14,0,1000000,3000,4
313685,313685,1254740,2160,155,620,637.0,0.0,637.0,722,723,476.63870967741934,15,0,1000000,3000,4
313816,313816,1255264,2161,131,524,592.0,0.0,592.0,674,674,389.2977099236641,14,0,1000000,3000,4
313850,313850,1255400,2162,34,136,239.0,0.0,239.0,302,302,160.58823529411765,7,0,1000000,3000,4
313890,313890,1255560,2163,40,160,236.0,0.0,236.0,300,300,154.45,7,0,1000000,3000,4
314069,314069,1256276,2164,179,716,740.0,0.0,740.0,833,833,489.9329608938547,17,0,1000000,3000,4
314114,314114,1256456,2165,45,180,221.0,0.0,221.0,286,286,169.95555555555555,6,0,1000000,3000,4
314148,314148,1256592,2166,34,136,243.0,0.0,243.0,306,306,158.2058823529412,7,0,1000000,3000,4
314274,314274,1257096,2167,126,504,588.0,0.0,588.0,670,670,386.1666666666667,14,0,1000000,3000,4
314382,314382,1257528,2168,108,432,612.0,0.0,612.0,690,690,359.01851851851853,14,0,1000000,3000,4
314422,314422,1257688,2169,40,160,229.0,0.0,229.0,294,294,161.0,6,0,1000000,3000,4
314610,314610,1258440,2170,188,752,733.0,0.0,733.0,827,827,547.5053191489362,17,0,1000000,3000,4
314710,314710,1258840,2171,100,400,622.0,0.0,622.0,699,699,373.09,14,0,1000000,3000,4
315021,315021,1260084,2172,311,1244,781.0,0.0,781.0,898,898,660.6881028938907,18,0,1000000,3000,4
315063,315063,1260252,2173,42,168,229.0,0.0,229.0,293,293,159.38095238095238,6,0,1000000,3000,4
315234,315234,1260936,2174,171,684,809.0,0.0,809.0,898,898,547.1111111111111,18,0,1000000,3000,4
315328,315328,1261312,2175,94,376,604.0,0.0,604.0,679,679,396.031914893617,14,0,1000000,3000,4
315425,315425,1261700,2176,97,388,614.0,0.0,614.0,690,690,382.02061855670104,14,0,1000000,3000,4
315815,315815,1263260,2177,390,1560,1299.0,0.0,1299.0,1435,1435,717.9692307692308,29,0,1000000,3000,4
315911,315911,1263644,2178,96,384,648.0,0.0,648.0,722,722,351.0208333333333,15,0,1000000,3000,4
315961,315961,1263844,2179,50,200,210.0,0.0,210.0,277,277,163.46,6,0,1000000,3000,4
316108,316108,1264432,2180,147,588,726.0,0.0,726.0,812,812,490.8095238095238,17,0,1000000,3000,4
316140,316140,1264560,2181,32,128,246.0,0.0,246.0,310,310,150.375,7,0,1000000,3000,4
316268,316268,1265072,2182,128,512,613.0,0.0,613.0,694,694,372.0625,14,0,1000000,3000,4
316497,316497,1265988,2183,229,916,740.0,0.0,740.0,843,843,556.4541484716157,17,0,1000000,3000,4
316678,316678,1266712,2184,181,724,1418.0,0.0,1418.0,1510,1510,761.353591160221,31,0,1000000,3000,4
316716,316716,1266864,2185,38,152,240.0,0.0,240.0,305,305,155.73684210526315,7,0,1000000,3000,4
316807,316807,1267228,2186,91,364,610.0,0.0,610.0,684,684,394.46153846153845,14,0,1000000,3000,4
317018,317018,1268072,2187,211,844,1038.0,0.0,1038.0,1136,1136,591.8625592417062,23,0,1000000,3000,4
317319,317319,1269276,2188,301,1204,1905.0,0.0,1905.0,2023,2023,964.1162790697674,41,0,1000000,3000,4
317422,317422,1269688,2189,103,412,607.0,0.0,607.0,684,684,379.84466019417476,14,0,1000000,3000,4
317464,317464,1269856,2190,42,168,234.0,0.0,234.0,300,300,144.1904761904762,7,0,1000000,3000,4
317759,317759,1271036,2191,295,1180,682.0,0.0,682.0,797,797,619.457627118644,16,0,1000000,3000,4
317992,317992,1271968,2192,233,932,1321.0,0.0,1321.0,1423,1423,723.7081545064377,29,0,1000000,3000,4
318145,318145,1272580,2193,153,612,637.0,0.0,637.0,722,724,509.70588235294116,15,0,1000000,3000,4
318804,318804,1275216,2194,659,2636,1221.0,0.0,1221.0,1409,1409,736.2670713201821,29,0,1000000,3000,4
318852,318852,1275408,2195,48,192,225.0,0.0,225.0,291,291,148.33333333333334,6,0,1000000,3000,4
318966,318966,1275864,2196,114,456,603.0,0.0,603.0,681,681,384.5877192982456,14,0,1000000,3000,4
319014,319014,1276056,2197,48,192,214.0,0.0,214.0,280,280,168.60416666666666,6,0,1000000,3000,4
319053,319053,1276212,2198,39,156,237.0,0.0,237.0,301,301,153.94871794871796,7,0,1000000,3000,4
319233,319233,1276932,2199,180,720,776.0,0.0,776.0,867,867,496.72222222222223,18,0,1000000,3000,4
319559,319559,1278236,2200,326,1304,1017.0,0.0,1017.0,1139,1139,657.2116564417178,23,0,1000000,3000,4
319753,319753,1279012,2201,194,776,1325.0,0.0,1325.0,1421,1421,670.2938144329897,29,0,1000000,3000,4
320266,320266,1281064,2202,513,2052,1266.0,0.0,1266.0,1426,1426,807.4795321637426,29,0,1000000,3000,4
320515,320515,1282060,2203,249,996,1021.0,0.0,1021.0,1125,1125,654.3172690763053,23,0,1000000,3000,4
320558,320558,1282232,2204,43,172,227.0,0.0,227.0,291,291,164.62790697674419,6,0,1000000,3000,4
320590,320590,1282360,2205,32,128,244.0,0.0,244.0,307,307,161.09375,7,0,1000000,3000,4
320696,320696,1282784,2206,106,424,607.0,0.0,607.0,685,685,368.5566037735849,14,0,1000000,3000,4
320934,320934,1283736,2207,238,952,728.0,0.0,728.0,831,831,578.5588235294117,17,0,1000000,3000,4
321226,321226,1284904,2208,292,1168,1015.0,0.0,1015.0,1129,1129,639.4212328767123,23,0,1000000,3000,4
321412,321412,1285648,2209,186,744,720.0,0.0,720.0,814,814,484.4569892473118,17,0,1000000,3000,4
321456,321456,1285824,2210,44,176,239.0,0.0,239.0,303,303,143.0681818181818,7,0,1000000,3000,4
321529,321529,1286116,2211,73,292,621.0,0.0,621.0,692,692,360.6027397260274,14,0,1000000,3000,4
321645,321645,1286580,2212,116,464,600.0,0.0,600.0,680,680,384.1551724137931,14,0,1000000,3000,4
321907,321907,1287628,2213,262,1048,687.0,0.0,687.0,796,796,552.9809160305343,16,0,1000000,3000,4
322501,322501,1290004,2214,594,2376,1233.0,0.0,1233.0,1408,1408,746.7373737373738,29,0,1000000,3000,4
322550,322550,1290200,2215,49,196,230.0,0.0,230.0,297,297,134.9387755102041,6,0,1000000,3000,4
322727,322727,1290908,2216,177,708,598.0,0.0,598.0,689,689,427.8757062146893,14,0,1000000,3000,4
322899,322899,1291596,2217,172,688,633.0,0.0,633.0,722,722,454.8255813953488,15,0,1000000,3000,4
323009,323009,1292036,2218,110,440,604.0,0.0,604.0,683,683,364.1818181818182,14,0,1000000,3000,4
323417,323417,1293668,2219,408,1632,1276.0,0.0,1276.0,1414,1414,768.3823529411765,29,0,1000000,3000,4
323591,323591,1294364,2220,174,696,1035.0,0.0,1035.0,1125,1125,609.580459770115,23,0,1000000,3000,4
323696,323696,1294784,2221,105,420,614.0,0.0,614.0,691,691,385.8666666666667,14,0,1000000,3000,4
324033,324033,1296132,2222,337,1348,1297.0,0.0,1297.0,1422,1422,703.6320474777448,29,0,1000000,3000,4
324281,324281,1297124,2223,248,992,714.0,0.0,714.0,821,821,580.6572580645161,17,0,1000000,3000,4
324663,324663,1298652,2224,382,1528,997.0,0.0,997.0,1129,1129,704.1596858638743,23,0,1000000,3000,4
324903,324903,1299612,2225,240,960,1034.0,0.0,1034.0,1138,1138,604.9541666666667,23,0,1000000,3000,4
325132,325132,1300528,2226,229,916,1322.0,0.0,1322.0,1425,1425,709.9956331877729,29,0,1000000,3000,4
325398,325398,1301592,2227,266,1064,1014.0,0.0,1014.0,1122,1122,629.6804511278195,23,0,1000000,3000,4
325574,325574,1302296,2228,176,704,632.0,0.0,632.0,722,723,483.60795454545456,15,0,1000000,3000,4
325755,325755,1303020,2229,181,724,1033.0,0.0,1033.0,1125,1125,589.0883977900553,23,0,1000000,3000,4
325874,325874,1303496,2230,119,476,616.0,0.0,616.0,695,695,356.92436974789916,14,0,1000000,3000,4
325906,325906,1303624,2231,32,128,245.0,0.0,245.0,308,308,147.90625,7,0,1000000,3000,4
326016,326016,1304064,2232,110,440,615.0,0.0,615.0,694,694,381.0090909090909,14,0,1000000,3000,4
326411,326411,1305644,2233,395,1580,1002.0,0.0,1002.0,1137,1137,784.2379746835443,23,0,1000000,3000,4
326449,326449,1305796,2234,38,152,245.0,0.0,245.0,308,308,153.71052631578948,7,0,1000000,3000,4
326792,326792,1307168,2235,343,1372,1297.0,0.0,1297.0,1423,1423,723.8600583090379,29,0,1000000,3000,4
326955,326955,1307820,2236,163,652,635.0,0.0,635.0,722,722,452.86503067484665,15,0,1000000,3000,4
327069,327069,1308276,2237,114,456,599.0,0.0,599.0,678,678,369.7631578947368,14,0,1000000,3000,4
327164,327164,1308656,2238,95,380,617.0,0.0,617.0,693,693,351.5157894736842,14,0,1000000,3000,4
327343,327343,1309372,2239,179,716,579.0,0.0,579.0,671,671,459.3743016759777,14,0,1000000,3000,4
327509,327509,1310036,2240,166,664,810.0,0.0,810.0,898,899,553.6385542168674,18,0,1000000,3000,4
327550,327550,1310200,2241,41,164,228.0,0.0,228.0,293,293,157.26829268292684,6,0,1000000,3000,4
327708,327708,1310832,2242,158,632,636.0,0.0,636.0,722,722,470.2848101265823,15,0,1000000,3000,4
327818,327818,1311272,2243,110,440,600.0,0.0,600.0,677,677,392.53636363636366,14,0,1000000,3000,4
327990,327990,1311960,2244,172,688,1035.0,0.0,1035.0,1124,1124,577.1104651162791,23,0,1000000,3000,4
328029,328029,1312116,2245,39,156,243.0,0.0,243.0,308,308,141.66666666666666,7,0,1000000,3000,4
328310,328310,1313240,2246,281,1124,1323.0,0.0,1323.0,1437,1437,723.2170818505338,29,0,1000000,3000,4
328351,328351,1313404,2247,41,164,235.0,0.0,235.0,301,301,152.1951219512195,7,0,1000000,3000,4
328609,328609,1314436,2248,258,1032,1301.0,0.0,1301.0,1409,1409,706.1395348837209,29,0,1000000,3000,4
328798,328798,1315192,2249,189,756,1034.0,0.0,1034.0,1126,1126,581.6984126984127,23,0,1000000,3000,4
328838,328838,1315352,2250,40,160,223.0,0.0,223.0,288,288,168.625,6,0,1000000,3000,4
328887,328887,1315548,2251,49,196,222.0,0.0,222.0,287,287,154.24489795918367,6,0,1000000,3000,4
328960,328960,1315840,2252,73,292,220.0,0.0,220.0,290,290,124.0958904109589,6,0,1000000,3000,4
329172,329172,1316688,2253,212,848,765.0,0.0,765.0,863,863,513.2594339622641,18,0,1000000,3000,4
329411,329411,1317644,2254,239,956,1309.0,0.0,1309.0,1412,1412,676.3347280334729,29,0,1000000,3000,4
329686,329686,1318744,2255,275,1100,1301.0,0.0,1301.0,1410,1410,757.9272727272727,29,0,1000000,3000,4
329727,329727,1318908,2256,41,164,235.0,0.0,235.0,301,301,150.6341463414634,7,0,1000000,3000,4
329776,329776,1319104,2257,49,196,216.0,0.0,216.0,281,281,164.53061224489795,6,0,1000000,3000,4
329821,329821,1319284,2258,45,180,223.0,0.0,223.0,288,288,159.4,6,0,1000000,3000,4
330117,330117,1320468,2259,296,1184,1392.0,0.0,1392.0,1506,1506,747.3581081081081,31,0,1000000,3000,4
330221,330221,1320884,2260,104,416,593.0,0.0,593.0,670,670,396.9519230769231,14,0,1000000,3000,4
330417,330417,1321668,2261,196,784,804.0,0.0,804.0,898,899,566.1530612244898,18,0,1000000,3000,4
330760,330760,1323040,2262,343,1372,1884.0,0.0,1884.0,2009,2009,923.9679300291546,41,0,1000000,3000,4
331211,331211,1324844,2263,451,1804,2322.0,0.0,2322.0,2467,2467,1314.4212860310422,50,0,1000000,3000,4
331241,331241,1324964,2264,30,120,247.0,0.0,247.0,311,311,154.76666666666668,7,0,1000000,3000,4
331280,331280,1325120,2265,39,156,240.0,0.0,240.0,305,305,148.28205128205127,7,0,1000000,3000,4
331314,331314,1325256,2266,34,136,242.0,0.0,242.0,306,306,155.94117647058823,7,0,1000000,3000,4
331359,331359,1325436,2267,45,180,219.0,0.0,219.0,284,284,168.51111111111112,6,0,1000000,3000,4
331509,331509,1326036,2268,150,600,1041.0,0.0,1041.0,1126,1126,588.2933333333333,23,0,1000000,3000,4
331607,331607,1326428,2269,98,392,618.0,0.0,618.0,695,695,398.234693877551,14,0,1000000,3000,4
331640,331640,1326560,2270,33,132,251.0,0.0,251.0,314,314,153.33333333333334,7,0,1000000,3000,4
331671,331671,1326684,2271,31,124,246.0,0.0,246.0,310,310,153.32258064516128,7,0,1000000,3000,4
331862,331862,1327448,2272,191,764,1035.0,0.0,1035.0,1129,1129,591.979057591623,23,0,1000000,3000,4
332034,332034,1328136,2273,172,688,1432.0,0.0,1432.0,1524,1524,705.2441860465116,31,0,1000000,3000,4
332240,332240,1328960,2274,206,824,1027.0,0.0,1027.0,1123,1123,640.1941747572815,23,0,1000000,3000,4
332374,332374,1329496,2275,134,536,735.0,0.0,735.0,819,819,510.67910447761193,17,0,1000000,3000,4
332409,332409,1329636,2276,35,140,236.0,0.0,236.0,301,301,166.62857142857143,7,0,1000000,3000,4
332479,332479,1329916,2277,70,280,630.0,0.0,630.0,700,700,371.5571428571429,15,0,1000000,3000,4
332514,332514,1330056,2278,35,140,242.0,0.0,242.0,307,307,150.28571428571428,7,0,1000000,3000,4
332580,332580,1330320,2279,66,264,621.0,0.0,621.0,692,692,355.77272727272725,14,0,1000000,3000,4
332794,332794,1331176,2280,214,856,1335.0,0.0,1335.0,1435,1435,732.9205607476636,29,0,1000000,3000,4
332829,332829,1331316,2281,35,140,246.0,0.0,246.0,311,311,144.42857142857142,7,0,1000000,3000,4
332864,332864,1331456,2282,35,140,235.0,0.0,235.0,298,298,168.77142857142857,6,0,1000000,3000,4
332894,332894,1331576,2283,30,120,250.0,0.0,250.0,313,313,154.8,7,0,1000000,3000,4
333064,333064,1332256,2284,170,680,1062.0,0.0,1062.0,1153,1153,606.7235294117647,24,0,1000000,3000,4
333105,333105,1332420,2285,41,164,234.0,0.0,234.0,300,300,153.21951219512195,7,0,1000000,3000,4
333347,333347,1333388,2286,242,968,1691.0,0.0,1691.0,1797,1797,873.49173553719,36,0,1000000,3000,4
333427,333427,1333708,2287,80,320,634.0,0.0,634.0,706,706,377.7625,15,0,1000000,3000,4
333466,333466,1333864,2288,39,156,230.0,0.0,230.0,294,294,167.30769230769232,6,0,1000000,3000,4
333726,333726,1334904,2289,260,1040,1021.0,0.0,1021.0,1129,1129,685.7884615384615,23,0,1000000,3000,4
333762,333762,1335048,2290,36,144,246.0,0.0,246.0,310,310,151.55555555555554,7,0,1000000,3000,4
333800,333800,1335200,2291,38,152,235.0,0.0,235.0,300,300,152.3684210526316,7,0,1000000,3000,4
333836,333836,1335344,2292,36,144,244.0,0.0,244.0,309,309,149.75,7,0,1000000,3000,4
333879,333879,1335516,2293,43,172,232.0,0.0,232.0,297,297,153.37209302325581,6,0,1000000,3000,4
333987,333987,1335948,2294,108,432,601.0,0.0,601.0,679,679,386.8796296296296,14,0,1000000,3000,4
334115,334115,1336460,2295,128,512,589.0,0.0,589.0,671,671,376.125,14,0,1000000,3000,4
334276,334276,1337104,2296,161,644,1039.0,0.0,1039.0,1127,1127,584.1739130434783,23,0,1000000,3000,4
334585,334585,1338340,2297,309,1236,1010.0,0.0,1010.0,1127,1127,666.4336569579287,23,0,1000000,3000,4
334615,334615,1338460,2298,30,120,252.0,0.0,252.0,316,316,155.0,7,0,1000000,3000,4
334645,334645,1338580,2299,30,120,247.0,0.0,247.0,311,311,150.86666666666667,7,0,1000000,3000,4
334821,334821,1339284,2300,176,704,1036.0,0.0,1036.0,1126,1126,583.9488636363636,23,0,1000000,3000,4
334863,334863,1339452,2301,42,168,231.0,0.0,231.0,297,297,156.76190476190476,6,0,1000000,3000,4
335063,335063,1340252,2302,200,800,1030.0,0.0,1030.0,1126,1126,623.105,23,0,1000000,3000,4
335135,335135,1340540,2303,72,288,628.0,0.0,628.0,700,700,368.0416666666667,15,0,1000000,3000,4
335173,335173,1340692,2304,38,152,235.0,0.0,235.0,300,300,160.8684210526316,7,0,1000000,3000,4
335260,335260,1341040,2305,87,348,633.0,0.0,633.0,708,708,384.4597701149425,15,0,1000000,3000,4
335293,335293,1341172,2306,33,132,247.0,0.0,247.0,311,311,152.06060606060606,7,0,1000000,3000,4
335325,335325,1341300,2307,32,128,247.0,0.0,247.0,311,311,152.625,7,0,1000000,3000,4
335357,335357,1341428,2308,32,128,247.0,0.0,247.0,310,310,149.9375,7,0,1000000,3000,4
335388,335388,1341552,2309,31,124,248.0,0.0,248.0,312,312,153.48387096774192,7,0,1000000,3000,4
335577,335577,1342308,2310,189,756,1034.0,0.0,1034.0,1126,1126,580.978835978836,23,0,1000000,3000,4
335747,335747,1342988,2311,170,680,809.0,0.0,809.0,898,899,505.9529411764706,18,0,1000000,3000,4
335943,335943,1343772,2312,196,784,1030.0,0.0,1030.0,1124,1124,584.3469387755102,23,0,1000000,3000,4
336044,336044,1344176,2313,101,404,617.0,0.0,617.0,695,695,317.44554455445547,14,0,1000000,3000,4
336083,336083,1344332,2314,39,156,240.0,0.0,240.0,305,305,144.71794871794873,7,0,1000000,3000,4
336121,336121,1344484,2315,38,152,238.0,0.0,238.0,302,302,157.76315789473685,7,0,1000000,3000,4
336202,336202,1344808,2316,81,324,615.0,0.0,615.0,689,689,341.8024691358025,14,0,1000000,3000,4
336312,336312,1345248,2317,110,440,605.0,0.0,605.0,682,682,382.40909090909093,14,0,1000000,3000,4
336483,336483,1345932,2318,171,684,766.0,0.0,766.0,858,858,520.0701754385965,18,0,1000000,3000,4
336826,336826,1347304,2319,343,1372,775.0,0.0,775.0,898,899,583.1895043731779,18,0,1000000,3000,4
336867,336867,1347468,2320,41,164,233.0,0.0,233.0,299,299,150.02439024390245,6,0,1000000,3000,4
336904,336904,1347616,2321,37,148,236.0,0.0,236.0,300,300,155.27027027027026,7,0,1000000,3000,4
336934,336934,1347736,2322,30,120,249.0,0.0,249.0,313,313,150.7,7,0,1000000,3000,4
337370,337370,1349480,2323,436,1744,1262.0,0.0,1262.0,1406,1406,736.183486238532,29,0,1000000,3000,4
337532,337532,1350128,2324,162,648,763.0,0.0,763.0,852,852,536.2716049382716,18,0,1000000,3000,4
337636,337636,1350544,2325,104,416,610.0,0.0,610.0,688,688,371.90384615384613,14,0,1000000,3000,4
337777,337777,1351108,2326,141,564,597.0,0.0,597.0,683,683,376.5248226950355,14,0,1000000,3000,4
337816,337816,1351264,2327,39,156,224.0,0.0,224.0,289,289,171.3846153846154,6,0,1000000,3000,4
338013,338013,1352052,2328,197,788,740.0,0.0,740.0,836,836,552.015228426396,17,0,1000000,3000,4
338115,338115,1352460,2329,102,408,729.0,0.0,729.0,807,807,360.87254901960785,17,0,1000000,3000,4
338314,338314,1353256,2330,199,796,1144.0,0.0,1144.0,1241,1241,611.6231155778894,25,0,1000000,3000,4
338345,338345,1353380,2331,31,124,246.0,0.0,246.0,310,310,146.32258064516128,7,0,1000000,3000,4
338388,338388,1353552,2332,43,172,229.0,0.0,229.0,294,294,153.7674418604651,6,0,1000000,3000,4
338469,338469,1353876,2333,81,324,611.0,0.0,611.0,685,685,322.8024691358025,14,0,1000000,3000,4
338549,338549,1354196,2334,80,320,605.0,0.0,605.0,678,678,323.975,14,0,1000000,3000,4
338872,338872,1355488,2335,323,1292,1886.0,0.0,1886.0,2008,2008,938.2198142414861,41,0,1000000,3000,4
338933,338933,1355732,2336,61,244,609.0,0.0,609.0,679,679,332.1311475409836,14,0,1000000,3000,4
338963,338963,1355852,2337,30,120,250.0,0.0,250.0,314,314,153.06666666666666,7,0,1000000,3000,4
339058,339058,1356232,2338,95,380,616.0,0.0,616.0,691,691,395.3157894736842,14,0,1000000,3000,4
339232,339232,1356928,2339,174,696,1036.0,0.0,1036.0,1126,1126,633.4022988505748,23,0,1000000,3000,4
339263,339263,1357052,2340,31,124,250.0,0.0,250.0,312,312,148.09677419354838,7,0,1000000,3000,4
339293,339293,1357172,2341,30,120,248.0,0.0,248.0,311,311,154.1,7,0,1000000,3000,4
339332,339332,1357328,2342,39,156,237.0,0.0,237.0,302,302,150.76923076923077,7,0,1000000,3000,4
339365,339365,1357460,2343,33,132,248.0,0.0,248.0,312,312,148.12121212121212,7,0,1000000,3000,4
339398,339398,1357592,2344,33,132,248.0,0.0,248.0,312,312,148.96969696969697,7,0,1000000,3000,4
339434,339434,1357736,2345,36,144,246.0,0.0,246.0,311,311,147.38888888888889,7,0,1000000,3000,4
339472,339472,1357888,2346,38,152,228.0,0.0,228.0,293,293,167.44736842105263,6,0,1000000,3000,4
339577,339577,1358308,2347,105,420,619.0,0.0,619.0,697,697,376.51428571428573,14,0,1000000,3000,4
339727,339727,1358908,2348,150,600,813.0,0.0,813.0,898,898,591.56,18,0,1000000,3000,4
339948,339948,1359792,2349,221,884,1576.0,0.0,1576.0,1678,1678,767.0180995475113,34,0,1000000,3000,4
339983,339983,1359932,2350,35,140,234.0,0.0,234.0,298,298,167.5142857142857,6,0,1000000,3000,4
340163,340163,1360652,2351,180,720,1037.0,0.0,1037.0,1129,1129,594.0666666666667,23,0,1000000,3000,4
340328,340328,1361312,2352,165,660,1038.0,0.0,1038.0,1125,1125,566.6121212121212,23,0,1000000,3000,4
340703,340703,1362812,2353,375,1500,1293.0,0.0,1293.0,1425,1425,751.0213333333334,29,0,1000000,3000,4
340796,340796,1363184,2354,93,372,615.0,0.0,615.0,690,690,390.02150537634407,14,0,1000000,3000,4
340830,340830,1363320,2355,34,136,242.0,0.0,242.0,305,305,160.11764705882354,7,0,1000000,3000,4
340863,340863,1363452,2356,33,132,240.0,0.0,240.0,303,303,161.54545454545453,7,0,1000000,3000,4
340961,340961,1363844,2357,98,392,619.0,0.0,619.0,696,696,379.90816326530614,14,0,1000000,3000,4
341047,341047,1364188,2358,86,344,631.0,0.0,631.0,705,705,381.56976744186045,15,0,1000000,3000,4
341084,341084,1364336,2359,37,148,243.0,0.0,243.0,307,307,151.48648648648648,7,0,1000000,3000,4
341448,341448,1365792,2360,364,1456,1279.0,0.0,1279.0,1408,1408,753.1318681318681,29,0,1000000,3000,4
341672,341672,1366688,2361,224,896,1050.0,0.0,1050.0,1152,1152,673.5178571428571,24,0,1000000,3000,4
341914,341914,1367656,2362,242,968,1023.0,0.0,1023.0,1127,1127,705.7603305785124,23,0,1000000,3000,4
342165,342165,1368660,2363,251,1004,1020.0,0.0,1020.0,1126,1126,656.0756972111553,23,0,1000000,3000,4
342256,342256,1369024,2364,91,364,605.0,0.0,605.0,681,681,310.35164835164835,14,0,1000000,3000,4
342316,342316,1369264,2365,60,240,611.0,0.0,611.0,680,680,336.81666666666666,14,0,1000000,3000,4
342524,342524,1370096,2366,208,832,1337.0,0.0,1337.0,1436,1436,770.3701923076923,29,0,1000000,3000,4
342666,342666,1370664,2367,142,568,1147.0,0.0,1147.0,1232,1232,576.8098591549295,25,0,1000000,3000,4
342864,342864,1371456,2368,198,792,1323.0,0.0,1323.0,1419,1419,726.0252525252525,29,0,1000000,3000,4
342901,342901,1371604,2369,37,148,236.0,0.0,236.0,301,301,153.94594594594594,7,0,1000000,3000,4
343091,343091,1372364,2370,190,760,1044.0,0.0,1044.0,1137,1137,682.3421052631579,23,0,1000000,3000,4
343239,343239,1372956,2371,148,592,730.0,0.0,730.0,816,816,495.8716216216216,17,0,1000000,3000,4
343280,343280,1373120,2372,41,164,233.0,0.0,233.0,298,298,159.73170731707316,6,0,1000000,3000,4
343498,343498,1373992,2373,218,872,1332.0,0.0,1332.0,1433,1433,712.6009174311927,29,0,1000000,3000,4
343617,343617,1374468,2374,119,476,631.0,0.0,631.0,712,712,370.9579831932773,15,0,1000000,3000,4
343653,343653,1374612,2375,36,144,236.0,0.0,236.0,300,300,165.36111111111111,7,0,1000000,3000,4
343877,343877,1375508,2376,224,896,1123.0,0.0,1123.0,1223,1223,646.1160714285714,25,0,1000000,3000,4
343917,343917,1375668,2377,40,160,233.0,0.0,233.0,299,299,154.125,6,0,1000000,3000,4
343991,343991,1375964,2378,74,296,614.0,0.0,614.0,685,685,328.1621621621622,14,0,1000000,3000,4
344147,344147,1376588,2379,156,624,1345.0,0.0,1345.0,1434,1434,697.7179487179487,29,0,1000000,3000,4
344181,344181,1376724,2380,34,136,241.0,0.0,241.0,304,304,165.05882352941177,7,0,1000000,3000,4
344250,344250,1377000,2381,69,276,623.0,0.0,623.0,694,694,358.39130434782606,14,0,1000000,3000,4
344342,344342,1377368,2382,92,368,625.0,0.0,625.0,700,700,371.4782608695652,15,0,1000000,3000,4
344522,344522,1378088,2383,180,720,773.0,0.0,773.0,865,865,524.9388888888889,18,0,1000000,3000,4
344758,344758,1379032,2384,236,944,1317.0,0.0,1317.0,1422,1422,730.9406779661017,29,0,1000000,3000,4
344982,344982,1379928,2385,224,896,1053.0,0.0,1053.0,1155,1155,662.90625,24,0,1000000,3000,4
345062,345062,1380248,2386,80,320,627.0,0.0,627.0,700,700,401.325,15,0,1000000,3000,4
345239,345239,1380956,2387,177,708,808.0,0.0,808.0,898,899,593.2259887005649,18,0,1000000,3000,4
345276,345276,1381104,2388,37,148,244.0,0.0,244.0,309,309,149.97297297297297,7,0,1000000,3000,4
345310,345310,1381240,2389,34,136,243.0,0.0,243.0,306,306,155.7058823529412,7,0,1000000,3000,4
345344,345344,1381376,2390,34,136,249.0,0.0,249.0,313,313,154.55882352941177,7,0,1000000,3000,4
345486,345486,1381944,2391,142,568,639.0,0.0,639.0,722,723,509.9718309859155,15,0,1000000,3000,4
345584,345584,1382336,2392,98,392,600.0,0.0,600.0,676,676,408.33673469387753,14,0,1000000,3000,4
345689,345689,1382756,2393,105,420,620.0,0.0,620.0,698,698,380.25714285714287,14,0,1000000,3000,4
345890,345890,1383560,2394,201,804,1698.0,0.0,1698.0,1795,1795,882.2437810945273,36,0,1000000,3000,4
346043,346043,1384172,2395,153,612,1041.0,0.0,1041.0,1127,1127,540.3986928104575,23,0,1000000,3000,4
346071,346071,1384284,2396,28,112,247.0,0.0,247.0,310,310,155.17857142857142,7,0,1000000,3000,4
346168,346168,1384672,2397,97,388,608.0,0.0,608.0,684,684,413.680412371134,14,0,1000000,3000,4
346295,346295,1385180,2398,127,508,1152.0,0.0,1152.0,1233,1233,642.7401574803149,25,0,1000000,3000,4
346328,346328,1385312,2399,33,132,249.0,0.0,249.0,311,311,155.57575757575756,7,0,1000000,3000,4
346571,346571,1386284,2400,243,972,1412.0,0.0,1412.0,1518,1518,704.5802469135803,31,0,1000000,3000,4
346723,346723,1386892,2401,152,608,715.0,0.0,715.0,802,802,528.0197368421053,17,0,1000000,3000,4
346889,346889,1387556,2402,166,664,1059.0,0.0,1059.0,1150,1150,564.3192771084338,24,0,1000000,3000,4
346919,346919,1387676,2403,30,120,247.0,0.0,247.0,309,309,163.16666666666666,7,0,1000000,3000,4
347028,347028,1388112,2404,109,436,599.0,0.0,599.0,677,677,413.3211009174312,14,0,1000000,3000,4
347217,347217,1388868,2405,189,756,1340.0,0.0,1340.0,1435,1435,671.6084656084656,29,0,1000000,3000,4
347250,347250,1389000,2406,33,132,244.0,0.0,244.0,308,308,156.63636363636363,7,0,1000000,3000,4
347411,347411,1389644,2407,161,644,1048.0,0.0,1048.0,1136,1136,612.360248447205,23,0,1000000,3000,4
347490,347490,1389960,2408,79,316,633.0,0.0,633.0,706,706,392.56962025316454,15,0,1000000,3000,4
347525,347525,1390100,2409,35,140,234.0,0.0,234.0,298,298,173.0857142857143,6,0,1000000,3000,4
347558,347558,1390232,2410,33,132,241.0,0.0,241.0,303,303,164.96969696969697,7,0,1000000,3000,4
347648,347648,1390592,2411,90,360,650.0,0.0,650.0,722,722,377.27777777777777,15,0,1000000,3000,4
347840,347840,1391360,2412,192,768,1313.0,0.0,1313.0,1408,1408,719.6302083333334,29,0,1000000,3000,4
348100,348100,1392400,2413,260,1040,1562.0,0.0,1562.0,1672,1672,779.6692307692308,34,0,1000000,3000,4
348303,348303,1393212,2414,203,812,1032.0,0.0,1032.0,1127,1127,637.615763546798,23,0,1000000,3000,4
348394,348394,1393576,2415,91,364,614.0,0.0,614.0,689,689,391.85714285714283,14,0,1000000,3000,4
348428,348428,1393712,2416,34,136,247.0,0.0,247.0,311,311,155.44117647058823,7,0,1000000,3000,4
348580,348580,1394320,2417,152,608,1345.0,0.0,1345.0,1433,1433,672.5263157894736,29,0,1000000,3000,4
348664,348664,1394656,2418,84,336,620.0,0.0,620.0,694,694,367.1666666666667,14,0,1000000,3000,4
348698,348698,1394792,2419,34,136,239.0,0.0,239.0,303,303,164.44117647058823,7,0,1000000,3000,4
348952,348952,1395808,2420,254,1016,1846.0,0.0,1846.0,1953,1953,931.2283464566929,40,0,1000000,3000,4
349164,349164,1396656,2421,212,848,1037.0,0.0,1037.0,1136,1136,635.5849056603773,23,0,1000000,3000,4
349196,349196,1396784,2422,32,128,248.0,0.0,248.0,311,311,148.46875,7,0,1000000,3000,4
349351,349351,1397404,2423,155,620,1043.0,0.0,1043.0,1129,1129,631.4774193548387,23,0,1000000,3000,4
349511,349511,1398044,2424,160,640,1344.0,0.0,1344.0,1433,1433,730.675,29,0,1000000,3000,4
349608,349608,1398432,2425,97,388,615.0,0.0,615.0,691,691,391.11340206185565,14,0,1000000,3000,4
349643,349643,1398572,2426,35,140,234.0,0.0,234.0,298,298,169.57142857142858,6,0,1000000,3000,4
349676,349676,1398704,2427,33,132,241.0,0.0,241.0,304,304,162.54545454545453,7,0,1000000,3000,4
349708,349708,1398832,2428,32,128,247.0,0.0,247.0,310,310,153.96875,7,0,1000000,3000,4
349743,349743,1398972,2429,35,140,240.0,0.0,240.0,302,302,159.0,7,0,1000000,3000,4
349816,349816,1399264,2430,73,292,607.0,0.0,607.0,679,679,328.47945205479454,14,0,1000000,3000,4
349912,349912,1399648,2431,96,384,625.0,0.0,625.0,702,702,383.9895833333333,15,0,1000000,3000,4
349996,349996,1399984,2432,84,336,609.0,0.0,609.0,683,683,334.7261904761905,14,0,1000000,3000,4
350030,350030,1400120,2433,34,136,239.0,0.0,239.0,302,302,162.52941176470588,7,0,1000000,3000,4
350145,350145,1400580,2434,115,460,622.0,0.0,622.0,703,703,376.89565217391305,15,0,1000000,3000,4
350512,350512,1402048,2435,367,1468,1392.0,0.0,1392.0,1521,1521,735.6185286103542,31,0,1000000,3000,4
350674,350674,1402696,2436,162,648,763.0,0.0,763.0,853,853,543.4012345679013,18,0,1000000,3000,4
350949,350949,1403796,2437,275,1100,1674.0,0.0,1674.0,1786,1786,943.4036363636363,36,0,1000000,3000,4
351032,351032,1404128,2438,83,332,603.0,0.0,603.0,677,677,328.09638554216866,14,0,1000000,3000,4
351258,351258,1405032,2439,226,904,1332.0,0.0,1332.0,1435,1435,758.8141592920354,29,0,1000000,3000,4
351358,351358,1405432,2440,100,400,597.0,0.0,597.0,674,674,415.15,14,0,1000000,3000,4
351609,351609,1406436,2441,251,1004,741.0,0.0,741.0,847,847,605.5458167330677,17,0,1000000,3000,4
351908,351908,1407632,2442,299,1196,1297.0,0.0,1297.0,1411,1411,802.6421404682275,29,0,1000000,3000,4
352057,352057,1408228,2443,149,596,638.0,0.0,638.0,722,723,509.51677852348996,15,0,1000000,3000,4
352337,352337,1409348,2444,280,1120,1320.0,0.0,1320.0,1433,1433,715.3892857142857,29,0,1000000,3000,4
352368,352368,1409472,2445,31,124,246.0,0.0,246.0,310,310,152.6451612903226,7,0,1000000,3000,4
352627,352627,1410508,2446,259,1036,1017.0,0.0,1017.0,1124,1124,733.6177606177606,23,0,1000000,3000,4
352732,352732,1410928,2447,105,420,626.0,0.0,626.0,704,704,405.5904761904762,15,0,1000000,3000,4
352866,352866,1411464,2448,134,536,817.0,0.0,817.0,898,898,575.9701492537314,18,0,1000000,3000,4
352901,352901,1411604,2449,35,140,235.0,0.0,235.0,299,299,163.0857142857143,6,0,1000000,3000,4
352931,352931,1411724,2450,30,120,250.0,0.0,250.0,313,313,156.96666666666667,7,0,1000000,3000,4
353083,353083,1412332,2451,152,608,729.0,0.0,729.0,816,816,534.5131578947369,17,0,1000000,3000,4
353166,353166,1412664,2452,83,332,617.0,0.0,617.0,691,691,395.32530120481925,14,0,1000000,3000,4
353196,353196,1412784,2453,30,120,251.0,0.0,251.0,315,315,153.86666666666667,7,0,1000000,3000,4
353272,353272,1413088,2454,76,304,637.0,0.0,637.0,710,710,378.67105263157896,15,0,1000000,3000,4
353488,353488,1413952,2455,216,864,1031.0,0.0,1031.0,1130,1130,627.5648148148148,23,0,1000000,3000,4
353669,353669,1414676,2456,181,724,1341.0,0.0,1341.0,1435,1435,671.4309392265193,29,0,1000000,3000,4
353789,353789,1415156,2457,120,480,1058.0,0.0,1058.0,1138,1138,596.875,23,0,1000000,3000,4
353821,353821,1415284,2458,32,128,251.0,0.0,251.0,315,315,149.71875,7,0,1000000,3000,4
353919,353919,1415676,2459,98,392,611.0,0.0,611.0,687,687,396.8979591836735,14,0,1000000,3000,4
353948,353948,1415792,2460,29,116,246.0,0.0,246.0,308,308,159.93103448275863,7,0,1000000,3000,4
354032,354032,1416128,2461,84,336,627.0,0.0,627.0,701,701,387.4642857142857,15,0,1000000,3000,4
354122,354122,1416488,2462,90,360,612.0,0.0,612.0,686,686,411.1111111111111,14,0,1000000,3000,4
354152,354152,1416608,2463,30,120,251.0,0.0,251.0,314,314,158.03333333333333,7,0,1000000,3000,4
354235,354235,1416940,2464,83,332,634.0,0.0,634.0,708,708,391.30120481927713,15,0,1000000,3000,4
354461,354461,1417844,2465,226,904,1681.0,0.0,1681.0,1783,1783,832.5884955752213,36,0,1000000,3000,4
354504,354504,1418016,2466,43,172,231.0,0.0,231.0,297,297,157.65116279069767,6,0,1000000,3000,4
354624,354624,1418496,2467,120,480,737.0,0.0,737.0,817,817,467.81666666666666,17,0,1000000,3000,4
354727,354727,1418908,2468,103,412,631.0,0.0,631.0,708,708,406.6407766990291,15,0,1000000,3000,4
354881,354881,1419524,2469,154,616,1347.0,0.0,1347.0,1435,1435,669.6948051948052,29,0,1000000,3000,4
354913,354913,1419652,2470,32,128,243.0,0.0,243.0,307,307,155.34375,7,0,1000000,3000,4
355049,355049,1420196,2471,136,544,816.0,0.0,816.0,898,898,544.6911764705883,18,0,1000000,3000,4
355081,355081,1420324,2472,32,128,247.0,0.0,247.0,311,311,149.25,7,0,1000000,3000,4
355214,355214,1420856,2473,133,532,754.0,0.0,754.0,838,838,532.5187969924812,17,0,1000000,3000,4
355246,355246,1420984,2474,32,128,247.0,0.0,247.0,310,310,152.65625,7,0,1000000,3000,4
355312,355312,1421248,2475,66,264,617.0,0.0,617.0,687,687,347.469696969697,14,0,1000000,3000,4
355403,355403,1421612,2476,91,364,624.0,0.0,624.0,699,699,383.04395604395603,14,0,1000000,3000,4
355445,355445,1421780,2477,42,168,225.0,0.0,225.0,290,290,167.97619047619048,6,0,1000000,3000,4
355537,355537,1422148,2478,92,368,606.0,0.0,606.0,682,682,347.9891304347826,14,0,1000000,3000,4
355624,355624,1422496,2479,87,348,619.0,0.0,619.0,693,693,393.39080459770116,14,0,1000000,3000,4
355710,355710,1422840,2480,86,344,616.0,0.0,616.0,690,690,395.3139534883721,14,0,1000000,3000,4
355848,355848,1423392,2481,138,552,1041.0,0.0,1041.0,1124,1124,621.2028985507246,23,0,1000000,3000,4
356001,356001,1424004,2482,153,612,637.0,0.0,637.0,722,722,504.47058823529414,15,0,1000000,3000,4
356104,356104,1424416,2483,103,412,594.0,0.0,594.0,671,671,411.31067961165047,14,0,1000000,3000,4
356191,356191,1424764,2484,87,348,614.0,0.0,614.0,689,689,334.04597701149424,14,0,1000000,3000,4
356288,356288,1425152,2485,97,388,648.0,0.0,648.0,722,724,347.5773195876289,15,0,1000000,3000,4
356466,356466,1425864,2486,178,712,1132.0,0.0,1132.0,1223,1223,665.5,25,0,1000000,3000,4
356580,356580,1426320,2487,114,456,645.0,0.0,645.0,722,722,352.0701754385965,15,0,1000000,3000,4
356616,356616,1426464,2488,36,144,248.0,0.0,248.0,312,312,151.36111111111111,7,0,1000000,3000,4
356648,356648,1426592,2489,32,128,243.0,0.0,243.0,306,306,164.78125,7,0,1000000,3000,4
356868,356868,1427472,2490,220,880,1029.0,0.0,1029.0,1128,1128,621.9318181818181,23,0,1000000,3000,4
356899,356899,1427596,2491,31,124,248.0,0.0,248.0,312,312,159.8709677419355,7,0,1000000,3000,4
357129,357129,1428516,2492,230,920,1573.0,0.0,1573.0,1676,1676,767.1739130434783,34,0,1000000,3000,4
357164,357164,1428656,2493,35,140,236.0,0.0,236.0,298,298,172.62857142857143,6,0,1000000,3000,4
357196,357196,1428784,2494,32,128,248.0,0.0,248.0,312,312,149.0625,7,0,1000000,3000,4
357298,357298,1429192,2495,102,408,620.0,0.0,620.0,698,698,371.95098039215685,14,0,1000000,3000,4
357338,357338,1429352,2496,40,160,227.0,0.0,227.0,291,291,169.025,6,0,1000000,3000,4
357444,357444,1429776,2497,106,424,616.0,0.0,616.0,694,694,391.6132075471698,14,0,1000000,3000,4
357587,357587,1430348,2498,143,572,731.0,0.0,731.0,816,816,500.5524475524476,17,0,1000000,3000,4
357798,357798,1431192,2499,211,844,1329.0,0.0,1329.0,1429,1429,711.5023696682465,29,0,1000000,3000,4
357835,357835,1431340,2500,37,148,232.0,0.0,232.0,296,296,170.9189189189189,6,0,1000000,3000,4
358036,358036,1432144,2501,201,804,1029.0,0.0,1029.0,1125,1125,653.3830845771145,23,0,1000000,3000,4
358222,358222,1432888,2502,186,744,1036.0,0.0,1036.0,1129,1129,609.4462365591398,23,0,1000000,3000,4
358255,358255,1433020,2503,33,132,247.0,0.0,247.0,311,311,144.54545454545453,7,0,1000000,3000,4
358463,358463,1433852,2504,208,832,1030.0,0.0,1030.0,1126,1126,688.0769230769231,23,0,1000000,3000,4
358492,358492,1433968,2505,29,116,247.0,0.0,247.0,310,310,157.3448275862069,7,0,1000000,3000,4
358685,358685,1434740,2506,193,772,761.0,0.0,761.0,856,856,534.0,18,0,1000000,3000,4
358759,358759,1435036,2507,74,296,608.0,0.0,608.0,680,680,315.9189189189189,14,0,1000000,3000,4
358995,358995,1435980,2508,236,944,1553.0,0.0,1553.0,1656,1656,811.2754237288135,34,0,1000000,3000,4
359337,359337,1437348,2509,342,1368,1821.0,0.0,1821.0,1945,1945,922.5877192982456,39,0,1000000,3000,4
359374,359374,1437496,2510,37,148,244.0,0.0,244.0,309,309,138.35135135135135,7,0,1000000,3000,4
359410,359410,1437640,2511,36,144,242.0,0.0,242.0,307,307,149.25,7,0,1000000,3000,4
359452,359452,1437808,2512,42,168,243.0,0.0,243.0,308,308,138.11904761904762,7,0,1000000,3000,4
359556,359556,1438224,2513,104,416,621.0,0.0,621.0,698,698,388.8269230769231,14,0,1000000,3000,4
359596,359596,1438384,2514,40,160,234.0,0.0,234.0,300,300,151.425,7,0,1000000,3000,4
359637,359637,1438548,2515,41,164,237.0,0.0,237.0,302,302,156.34146341463415,7,0,1000000,3000,4
359676,359676,1438704,2516,39,156,244.0,0.0,244.0,309,309,143.89743589743588,7,0,1000000,3000,4
359725,359725,1438900,2517,49,196,239.0,0.0,239.0,306,306,133.20408163265307,7,0,1000000,3000,4
359761,359761,1439044,2518,36,144,236.0,0.0,236.0,300,300,163.86111111111111,7,0,1000000,3000,4
359796,359796,1439184,2519,35,140,244.0,0.0,244.0,307,307,152.31428571428572,7,0,1000000,3000,4
359996,359996,1439984,2520,200,800,803.0,0.0,803.0,898,898,541.81,18,0,1000000,3000,4
360082,360082,1440328,2521,86,344,635.0,0.0,635.0,709,709,359.09302325581393,15,0,1000000,3000,4
360234,360234,1440936,2522,152,608,1430.0,0.0,1430.0,1518,1518,743.8157894736842,31,0,1000000,3000,4
360269,360269,1441076,2523,35,140,250.0,0.0,250.0,314,314,149.4857142857143,7,0,1000000,3000,4
360341,360341,1441364,2524,72,288,605.0,0.0,605.0,677,677,318.97222222222223,14,0,1000000,3000,4
360524,360524,1442096,2525,183,732,759.0,0.0,759.0,853,853,521.1256830601093,18,0,1000000,3000,4
360557,360557,1442228,2526,33,132,247.0,0.0,247.0,311,311,154.8181818181818,7,0,1000000,3000,4
360760,360760,1443040,2527,203,812,1032.0,0.0,1032.0,1128,1128,718.2118226600985,23,0,1000000,3000,4
360994,360994,1443976,2528,234,936,1701.0,0.0,1701.0,1805,1805,789.2350427350427,37,0,1000000,3000,4
361182,361182,1444728,2529,188,752,806.0,0.0,806.0,898,898,577.8244680851063,18,0,1000000,3000,4
361260,361260,1445040,2530,78,312,640.0,0.0,640.0,713,713,369.55128205128204,15,0,1000000,3000,4
361483,361483,1445932,2531,223,892,1026.0,0.0,1026.0,1125,1125,642.3094170403588,23,0,1000000,3000,4
361578,361578,1446312,2532,95,380,602.0,0.0,602.0,678,678,394.0842105263158,14,0,1000000,3000,4
361720,361720,1446880,2533,142,568,748.0,0.0,748.0,834,834,520.1760563380282,17,0,1000000,3000,4
361884,361884,1447536,2534,164,656,1040.0,0.0,1040.0,1128,1128,590.030487804878,23,0,1000000,3000,4
362136,362136,1448544,2535,252,1008,1394.0,0.0,1394.0,1500,1500,816.1706349206349,31,0,1000000,3000,4
362303,362303,1449212,2536,167,668,1040.0,0.0,1040.0,1129,1129,632.502994011976,23,0,1000000,3000,4
362487,362487,1449948,2537,184,736,1318.0,0.0,1318.0,1411,1411,715.1195652173913,29,0,1000000,3000,4
362666,362666,1450664,2538,179,716,1035.0,0.0,1035.0,1126,1126,646.5083798882681,23,0,1000000,3000,4
362754,362754,1451016,2539,88,352,633.0,0.0,633.0,708,708,356.65909090909093,15,0,1000000,3000,4
362875,362875,1451500,2540,121,484,581.0,0.0,581.0,662,662,409.2892561983471,14,0,1000000,3000,4
363107,363107,1452428,2541,232,928,1025.0,0.0,1025.0,1127,1127,649.6508620689655,23,0,1000000,3000,4
363150,363150,1452600,2542,43,172,236.0,0.0,236.0,302,302,150.34883720930233,7,0,1000000,3000,4
363245,363245,1452980,2543,95,380,616.0,0.0,616.0,691,691,375.0842105263158,14,0,1000000,3000,4
363453,363453,1453812,2544,208,832,1031.0,0.0,1031.0,1128,1128,614.9903846153846,23,0,1000000,3000,4
363665,363665,1454660,2545,212,848,1428.0,0.0,1428.0,1528,1528,735.1556603773585,31,0,1000000,3000,4
363697,363697,1454788,2546,32,128,252.0,0.0,252.0,316,316,149.0625,7,0,1000000,3000,4
363896,363896,1455584,2547,199,796,1336.0,0.0,1336.0,1433,1433,631.1005025125628,29,0,1000000,3000,4
363932,363932,1455728,2548,36,144,242.0,0.0,242.0,306,306,144.69444444444446,7,0,1000000,3000,4
364094,364094,1456376,2549,162,648,1040.0,0.0,1040.0,1127,1127,636.2345679012345,23,0,1000000,3000,4
364209,364209,1456836,2550,115,460,590.0,0.0,590.0,670,670,402.3304347826087,14,0,1000000,3000,4
364537,364537,1458148,2551,328,1312,1383.0,0.0,1383.0,1504,1504,705.3658536585366,31,0,1000000,3000,4
364811,364811,1459244,2552,274,1096,1688.0,0.0,1688.0,1800,1800,921.4379562043796,37,0,1000000,3000,4
364855,364855,1459420,2553,44,176,232.0,0.0,232.0,297,297,148.77272727272728,6,0,1000000,3000,4
364945,364945,1459780,2554,90,360,620.0,0.0,620.0,695,695,341.74444444444447,14,0,1000000,3000,4
364976,364976,1459904,2555,31,124,248.0,0.0,248.0,312,312,149.25806451612902,7,0,1000000,3000,4
365012,365012,1460048,2556,36,144,244.0,0.0,244.0,309,309,153.77777777777777,7,0,1000000,3000,4
365200,365200,1460800,2557,188,752,1703.0,0.0,1703.0,1798,1798,872.5265957446809,36,0,1000000,3000,4
365352,365352,1461408,2558,152,608,813.0,0.0,813.0,898,898,558.0855263157895,18,0,1000000,3000,4
365392,365392,1461568,2559,40,160,245.0,0.0,245.0,311,311,139.275,7,0,1000000,3000,4
365474,365474,1461896,2560,82,328,627.0,0.0,627.0,701,701,385.0243902439024,15,0,1000000,3000,4
365636,365636,1462544,2561,162,648,1037.0,0.0,1037.0,1124,1124,571.8024691358024,23,0,1000000,3000,4
365671,365671,1462684,2562,35,140,246.0,0.0,246.0,311,311,147.17142857142858,7,0,1000000,3000,4
365829,365829,1463316,2563,158,632,1038.0,0.0,1038.0,1124,1124,568.0759493670886,23,0,1000000,3000,4
365897,365897,1463588,2564,68,272,605.0,0.0,605.0,676,676,307.75,14,0,1000000,3000,4
365929,365929,1463716,2565,32,128,247.0,0.0,247.0,311,311,150.25,7,0,1000000,3000,4
366007,366007,1464028,2566,78,312,652.0,0.0,652.0,722,723,364.29487179487177,15,0,1000000,3000,4
366156,366156,1464624,2567,149,596,1342.0,0.0,1342.0,1429,1429,676.6174496644295,29,0,1000000,3000,4
366225,366225,1464900,2568,69,276,609.0,0.0,609.0,680,680,307.7826086956522,14,0,1000000,3000,4
366457,366457,1465828,2569,232,928,1025.0,0.0,1025.0,1127,1127,700.0086206896551,23,0,1000000,3000,4
366684,366684,1466736,2570,227,908,1919.0,0.0,1919.0,2022,2022,1042.6696035242292,41,0,1000000,3000,4
366726,366726,1466904,2571,42,168,230.0,0.0,230.0,294,294,155.47619047619048,6,0,1000000,3000,4
366761,366761,1467044,2572,35,140,251.0,0.0,251.0,315,315,145.57142857142858,7,0,1000000,3000,4
366970,366970,1467880,2573,209,836,1427.0,0.0,1427.0,1526,1526,692.9569377990431,31,0,1000000,3000,4
367148,367148,1468592,2574,178,712,1336.0,0.0,1336.0,1429,1429,704.5449438202247,29,0,1000000,3000,4
367255,367255,1469020,2575,107,428,582.0,0.0,582.0,660,660,408.5981308411215,14,0,1000000,3000,4
367342,367342,1469368,2576,87,348,607.0,0.0,607.0,682,682,355.08045977011494,14,0,1000000,3000,4
367442,367442,1469768,2577,100,400,632.0,0.0,632.0,708,708,341.67,15,0,1000000,3000,4
367575,367575,1470300,2578,133,532,1047.0,0.0,1047.0,1129,1129,527.1578947368421,23,0,1000000,3000,4
367663,367663,1470652,2579,88,352,635.0,0.0,635.0,709,709,369.07954545454544,15,0,1000000,3000,4
367816,367816,1471264,2580,153,612,751.0,0.0,751.0,839,839,526.1045751633987,17,0,1000000,3000,4
368024,368024,1472096,2581,208,832,1037.0,0.0,1037.0,1134,1134,651.3894230769231,23,0,1000000,3000,4
368056,368056,1472224,2582,32,128,247.0,0.0,247.0,311,311,149.5,7,0,1000000,3000,4
368199,368199,1472796,2583,143,572,1041.0,0.0,1041.0,1125,1125,566.2587412587412,23,0,1000000,3000,4
368380,368380,1473520,2584,181,724,1321.0,0.0,1321.0,1413,1413,739.0994475138122,29,0,1000000,3000,4
368410,368410,1473640,2585,30,120,247.0,0.0,247.0,311,311,152.26666666666668,7,0,1000000,3000,4
368440,368440,1473760,2586,30,120,250.0,0.0,250.0,313,313,161.26666666666668,7,0,1000000,3000,4
368530,368530,1474120,2587,90,360,609.0,0.0,609.0,684,684,346.96666666666664,14,0,1000000,3000,4
368565,368565,1474260,2588,35,140,236.0,0.0,236.0,300,300,165.9142857142857,7,0,1000000,3000,4
368722,368722,1474888,2589,157,628,1440.0,0.0,1440.0,1529,1529,722.6369426751593,31,0,1000000,3000,4
368752,368752,1475008,2590,30,120,250.0,0.0,250.0,313,313,155.56666666666666,7,0,1000000,3000,4
368783,368783,1475132,2591,31,124,250.0,0.0,250.0,314,314,153.25806451612902,7,0,1000000,3000,4
368859,368859,1475436,2592,76,304,614.0,0.0,614.0,687,687,352.2236842105263,14,0,1000000,3000,4
368942,368942,1475768,2593,83,332,619.0,0.0,619.0,692,692,407.1686746987952,14,0,1000000,3000,4
369040,369040,1476160,2594,98,392,630.0,0.0,630.0,706,706,385.6938775510204,15,0,1000000,3000,4
369200,369200,1476800,2595,160,640,636.0,0.0,636.0,722,723,494.04375,15,0,1000000,3000,4
369241,369241,1476964,2596,41,164,235.0,0.0,235.0,301,301,159.609756097561,7,0,1000000,3000,4
369278,369278,1477112,2597,37,148,235.0,0.0,235.0,299,299,162.3783783783784,6,0,1000000,3000,4
369369,369369,1477476,2598,91,364,619.0,0.0,619.0,694,694,396.4065934065934,14,0,1000000,3000,4
369408,369408,1477632,2599,39,156,249.0,0.0,249.0,313,313,142.53846153846155,7,0,1000000,3000,4
369444,369444,1477776,2600,36,144,234.0,0.0,234.0,298,298,164.41666666666666,6,0,1000000,3000,4
369774,369774,1479096,2601,330,1320,699.0,0.0,699.0,821,821,633.6727272727272,17,0,1000000,3000,4
369921,369921,1479684,2602,147,588,1066.0,0.0,1066.0,1153,1153,600.9659863945578,24,0,1000000,3000,4
369960,369960,1479840,2603,39,156,229.0,0.0,229.0,293,293,170.48717948717947,6,0,1000000,3000,4
370108,370108,1480432,2604,148,592,1042.0,0.0,1042.0,1127,1127,592.7027027027027,23,0,1000000,3000,4
370238,370238,1480952,2605,130,520,1046.0,0.0,1046.0,1127,1127,564.4692307692308,23,0,1000000,3000,4
370424,370424,1481696,2606,186,744,806.0,0.0,806.0,898,898,650.4784946236559,18,0,1000000,3000,4
370458,370458,1481832,2607,34,136,246.0,0.0,246.0,309,309,145.1764705882353,7,0,1000000,3000,4
370697,370697,1482788,2608,239,956,1024.0,0.0,1024.0,1126,1126,620.8577405857741,23,0,1000000,3000,4
370734,370734,1482936,2609,37,148,242.0,0.0,242.0,306,306,157.3783783783784,7,0,1000000,3000,4
370816,370816,1483264,2610,82,328,624.0,0.0,624.0,697,697,391.6951219512195,14,0,1000000,3000,4
370911,370911,1483644,2611,95,380,627.0,0.0,627.0,702,702,387.4526315789474,15,0,1000000,3000,4
371017,371017,1484068,2612,106,424,624.0,0.0,624.0,702,702,369.39622641509436,15,0,1000000,3000,4
371240,371240,1484960,2613,223,892,1040.0,0.0,1040.0,1141,1141,638.322869955157,23,0,1000000,3000,4
371454,371454,1485816,2614,214,856,1858.0,0.0,1858.0,1958,1958,956.3598130841121,40,0,1000000,3000,4
371545,371545,1486180,2615,91,364,611.0,0.0,611.0,686,686,329.9120879120879,14,0,1000000,3000,4
371649,371649,1486596,2616,104,416,619.0,0.0,619.0,697,697,384.71153846153845,14,0,1000000,3000,4
371725,371725,1486900,2617,76,304,652.0,0.0,652.0,722,723,369.4868421052632,15,0,1000000,3000,4
371907,371907,1487628,2618,182,728,738.0,0.0,738.0,831,831,511.25824175824175,17,0,1000000,3000,4
372080,372080,1488320,2619,173,692,1036.0,0.0,1036.0,1126,1126,625.5722543352601,23,0,1000000,3000,4
372116,372116,1488464,2620,36,144,245.0,0.0,245.0,310,310,146.16666666666666,7,0,1000000,3000,4
372146,372146,1488584,2621,30,120,249.0,0.0,249.0,312,312,157.4,7,0,1000000,3000,4
372189,372189,1488756,2622,43,172,228.0,0.0,228.0,293,293,161.48837209302326,6,0,1000000,3000,4
372441,372441,1489764,2623,252,1008,1327.0,0.0,1327.0,1435,1435,737.9166666666666,29,0,1000000,3000,4
372545,372545,1490180,2624,104,416,603.0,0.0,603.0,681,681,383.0673076923077,14,0,1000000,3000,4
372731,372731,1490924,2625,186,744,1034.0,0.0,1034.0,1126,1126,606.6182795698925,23,0,1000000,3000,4
372765,372765,1491060,2626,34,136,252.0,0.0,252.0,316,316,144.26470588235293,7,0,1000000,3000,4
372903,372903,1491612,2627,138,552,744.0,0.0,744.0,828,828,517.9130434782609,17,0,1000000,3000,4
372933,372933,1491732,2628,30,120,250.0,0.0,250.0,314,314,153.26666666666668,7,0,1000000,3000,4
373103,373103,1492412,2629,170,680,1036.0,0.0,1036.0,1124,1124,635.6117647058824,23,0,1000000,3000,4
373143,373143,1492572,2630,40,160,228.0,0.0,228.0,293,293,162.75,6,0,1000000,3000,4
373175,373175,1492700,2631,32,128,251.0,0.0,251.0,315,315,157.90625,7,0,1000000,3000,4
373317,373317,1493268,2632,142,568,732.0,0.0,732.0,817,817,483.11971830985914,17,0,1000000,3000,4
373349,373349,1493396,2633,32,128,245.0,0.0,245.0,308,308,160.3125,7,0,1000000,3000,4
373380,373380,1493520,2634,31,124,247.0,0.0,247.0,311,311,154.2258064516129,7,0,1000000,3000,4
373448,373448,1493792,2635,68,272,624.0,0.0,624.0,695,695,363.19117647058823,14,0,1000000,3000,4
373537,373537,1494148,2636,89,356,609.0,0.0,609.0,684,684,330.7303370786517,14,0,1000000,3000,4
373574,373574,1494296,2637,37,148,235.0,0.0,235.0,298,298,163.9189189189189,6,0,1000000,3000,4
373650,373650,1494600,2638,76,304,637.0,0.0,637.0,710,710,384.5,15,0,1000000,3000,4
373796,373796,1495184,2639,146,584,814.0,0.0,814.0,898,898,570.9520547945206,18,0,1000000,3000,4
373887,373887,1495548,2640,91,364,622.0,0.0,622.0,698,698,344.25274725274727,14,0,1000000,3000,4
373964,373964,1495856,2641,77,308,617.0,0.0,617.0,690,690,335.87012987012986,14,0,1000000,3000,4
374134,374134,1496536,2642,170,680,1038.0,0.0,1038.0,1126,1126,660.4823529411765,23,0,1000000,3000,4
374275,374275,1497100,2643,141,564,1043.0,0.0,1043.0,1127,1127,603.8014184397163,23,0,1000000,3000,4
374412,374412,1497648,2644,137,548,1043.0,0.0,1043.0,1125,1125,586.029197080292,23,0,1000000,3000,4
374591,374591,1498364,2645,179,716,1038.0,0.0,1038.0,1129,1129,630.5027932960894,23,0,1000000,3000,4
374694,374694,1498776,2646,103,412,634.0,0.0,634.0,711,711,359.6407766990291,15,0,1000000,3000,4
374847,374847,1499388,2647,153,612,813.0,0.0,813.0,898,898,550.6013071895425,18,0,1000000,3000,4
374927,374927,1499708,2648,80,320,614.0,0.0,614.0,688,688,343.625,14,0,1000000,3000,4
375166,375166,1500664,2649,239,956,796.0,0.0,796.0,898,898,629.3640167364017,18,0,1000000,3000,4
375348,375348,1501392,2650,182,728,1424.0,0.0,1424.0,1517,1517,732.7802197802198,31,0,1000000,3000,4
375505,375505,1502020,2651,157,628,1337.0,0.0,1337.0,1426,1426,720.4331210191083,29,0,1000000,3000,4
375734,375734,1502936,2652,229,916,1327.0,0.0,1327.0,1430,1430,704.4934497816594,29,0,1000000,3000,4
375767,375767,1503068,2653,33,132,243.0,0.0,243.0,307,307,160.8181818181818,7,0,1000000,3000,4
375860,375860,1503440,2654,93,372,624.0,0.0,624.0,698,698,364.39784946236557,14,0,1000000,3000,4
375936,375936,1503744,2655,76,304,611.0,0.0,611.0,684,684,319.89473684210526,14,0,1000000,3000,4
375972,375972,1503888,2656,36,144,248.0,0.0,248.0,313,313,147.52777777777777,7,0,1000000,3000,4
376006,376006,1504024,2657,34,136,250.0,0.0,250.0,314,314,147.97058823529412,7,0,1000000,3000,4
376196,376196,1504784,2658,190,760,1323.0,0.0,1323.0,1417,1417,700.2368421052631,29,0,1000000,3000,4
376417,376417,1505668,2659,221,884,1029.0,0.0,1029.0,1129,1129,636.5656108597285,23,0,1000000,3000,4
376455,376455,1505820,2660,38,152,242.0,0.0,242.0,307,307,139.31578947368422,7,0,1000000,3000,4
376672,376672,1506688,2661,217,868,1053.0,0.0,1053.0,1154,1154,618.6405529953917,24,0,1000000,3000,4
376874,376874,1507496,2662,202,808,1425.0,0.0,1425.0,1522,1522,734.6683168316831,31,0,1000000,3000,4
376918,376918,1507672,2663,44,176,233.0,0.0,233.0,297,297,150.8409090909091,6,0,1000000,3000,4
377107,377107,1508428,2664,189,756,747.0,0.0,747.0,841,841,505.037037037037,17,0,1000000,3000,4
377146,377146,1508584,2665,39,156,234.0,0.0,234.0,297,297,161.7948717948718,6,0,1000000,3000,4
377187,377187,1508748,2666,41,164,230.0,0.0,230.0,295,295,159.09756097560975,6,0,1000000,3000,4
377225,377225,1508900,2667,38,152,242.0,0.0,242.0,307,307,145.71052631578948,7,0,1000000,3000,4
377260,377260,1509040,2668,35,140,239.0,0.0,239.0,303,303,157.77142857142857,7,0,1000000,3000,4
377369,377369,1509476,2669,109,436,624.0,0.0,624.0,702,702,364.8256880733945,15,0,1000000,3000,4
377409,377409,1509636,2670,40,160,231.0,0.0,231.0,295,295,162.95,6,0,1000000,3000,4
377606,377606,1510424,2671,197,788,1043.0,0.0,1043.0,1139,1139,596.2944162436548,23,0,1000000,3000,4
377779,377779,1511116,2672,173,692,1035.0,0.0,1035.0,1124,1124,627.5375722543353,23,0,1000000,3000,4
377964,377964,1511856,2673,185,740,1043.0,0.0,1043.0,1136,1136,569.0648648648648,23,0,1000000,3000,4
378139,378139,1512556,2674,175,700,773.0,0.0,773.0,865,865,525.7485714285714,18,0,1000000,3000,4
378177,378177,1512708,2675,38,152,241.0,0.0,241.0,305,305,147.8684210526316,7,0,1000000,3000,4
378271,378271,1513084,2676,94,376,633.0,0.0,633.0,707,707,382.1489361702128,15,0,1000000,3000,4
378580,378580,1514320,2677,309,1236,1855.0,0.0,1855.0,1974,1974,910.1909385113269,40,0,1000000,3000,4
378628,378628,1514512,2678,48,192,214.0,0.0,214.0,279,279,168.97916666666666,6,0,1000000,3000,4
378661,378661,1514644,2679,33,132,243.0,0.0,243.0,306,306,161.24242424242425,7,0,1000000,3000,4
378691,378691,1514764,2680,30,120,245.0,0.0,245.0,307,307,161.3,7,0,1000000,3000,4
378874,378874,1515496,2681,183,732,1336.0,0.0,1336.0,1430,1430,743.0,29,0,1000000,3000,4
379086,379086,1516344,2682,212,848,1420.0,0.0,1420.0,1519,1519,697.7971698113207,31,0,1000000,3000,4
379128,379128,1516512,2683,42,168,231.0,0.0,231.0,296,296,162.76190476190476,6,0,1000000,3000,4
379288,379288,1517152,2684,160,640,1347.0,0.0,1347.0,1436,1436,741.725,29,0,1000000,3000,4
379523,379523,1518092,2685,235,940,1560.0,0.0,1560.0,1665,1665,809.5106382978723,34,0,1000000,3000,4
379553,379553,1518212,2686,30,120,250.0,0.0,250.0,313,313,154.96666666666667,7,0,1000000,3000,4
379592,379592,1518368,2687,39,156,242.0,0.0,242.0,306,306,151.3846153846154,7,0,1000000,3000,4
379689,379689,1518756,2688,97,388,588.0,0.0,588.0,664,664,411.0,14,0,1000000,3000,4
379975,379975,1519900,2689,286,1144,1676.0,0.0,1676.0,1790,1790,812.9615384615385,36,0,1000000,3000,4
380011,380011,1520044,2690,36,144,244.0,0.0,244.0,308,308,156.25,7,0,1000000,3000,4
380188,380188,1520752,2691,177,708,1035.0,0.0,1035.0,1126,1126,627.7514124293785,23,0,1000000,3000,4
380302,380302,1521208,2692,114,456,610.0,0.0,610.0,689,689,394.14912280701753,14,0,1000000,3000,4
380340,380340,1521360,2693,38,152,243.0,0.0,243.0,308,308,147.78947368421052,7,0,1000000,3000,4
380420,380420,1521680,2694,80,320,625.0,0.0,625.0,697,697,368.9125,14,0,1000000,3000,4
380505,380505,1522020,2695,85,340,613.0,0.0,613.0,687,687,400.1411764705882,14,0,1000000,3000,4
380788,380788,1523152,2696,283,1132,1041.0,0.0,1041.0,1155,1155,642.7844522968198,24,0,1000000,3000,4
380870,380870,1523480,2697,82,328,651.0,0.0,651.0,722,722,375.4024390243902,15,0,1000000,3000,4
380905,380905,1523620,2698,35,140,250.0,0.0,250.0,313,313,151.4,7,0,1000000,3000,4
381125,381125,1524500,2699,220,880,1026.0,0.0,1026.0,1125,1125,647.25,23,0,1000000,3000,4
381765,381765,1527060,2700,640,2560,2994.0,0.0,2994.0,3161,3161,1798.8578125,64,0,1000000,3000,4
381836,381836,1527344,2701,71,284,625.0,0.0,625.0,696,696,352.6478873239437,14,0,1000000,3000,4
382022,382022,1528088,2702,186,744,1144.0,0.0,1144.0,1239,1239,622.8709677419355,25,0,1000000,3000,4
382202,382202,1528808,2703,180,720,791.0,0.0,791.0,885,885,540.1222222222223,18,0,1000000,3000,4
382237,382237,1528948,2704,35,140,232.0,0.0,232.0,296,296,172.05714285714285,6,0,1000000,3000,4
382275,382275,1529100,2705,38,152,243.0,0.0,243.0,308,308,156.73684210526315,7,0,1000000,3000,4
382424,382424,1529696,2706,149,596,638.0,0.0,638.0,722,722,495.48993288590606,15,0,1000000,3000,4
382498,382498,1529992,2707,74,296,617.0,0.0,617.0,688,688,335.0405405405405,14,0,1000000,3000,4
382673,382673,1530692,2708,175,700,1038.0,0.0,1038.0,1128,1128,617.4514285714286,23,0,1000000,3000,4
382739,382739,1530956,2709,66,264,621.0,0.0,621.0,691,691,354.7878787878788,14,0,1000000,3000,4
382810,382810,1531240,2710,71,284,653.0,0.0,653.0,722,722,384.71830985915494,15,0,1000000,3000,4
382840,382840,1531360,2711,30,120,248.0,0.0,248.0,312,312,151.66666666666666,7,0,1000000,3000,4
383003,383003,1532012,2712,163,652,740.0,0.0,740.0,829,829,530.4601226993865,17,0,1000000,3000,4
383036,383036,1532144,2713,33,132,250.0,0.0,250.0,314,314,154.78787878787878,7,0,1000000,3000,4
383067,383067,1532268,2714,31,124,250.0,0.0,250.0,314,314,149.70967741935485,7,0,1000000,3000,4
383144,383144,1532576,2715,77,308,636.0,0.0,636.0,709,709,382.3636363636364,15,0,1000000,3000,4
383219,383219,1532876,2716,75,300,635.0,0.0,635.0,707,707,371.17333333333335,15,0,1000000,3000,4
383254,383254,1533016,2717,35,140,250.0,0.0,250.0,314,314,152.68571428571428,7,0,1000000,3000,4
383424,383424,1533696,2718,170,680,1342.0,0.0,1342.0,1433,1433,678.864705882353,29,0,1000000,3000,4
383506,383506,1534024,2719,82,328,626.0,0.0,626.0,700,700,389.0609756097561,15,0,1000000,3000,4
383665,383665,1534660,2720,159,636,1041.0,0.0,1041.0,1128,1128,644.6855345911949,23,0,1000000,3000,4
383696,383696,1534784,2721,31,124,248.0,0.0,248.0,312,312,150.93548387096774,7,0,1000000,3000,4
383726,383726,1534904,2722,30,120,247.0,0.0,247.0,310,310,153.7,7,0,1000000,3000,4
383763,383763,1535052,2723,37,148,230.0,0.0,230.0,295,295,166.0810810810811,6,0,1000000,3000,4
383796,383796,1535184,2724,33,132,240.0,0.0,240.0,304,304,156.03030303030303,7,0,1000000,3000,4
383833,383833,1535332,2725,37,148,237.0,0.0,237.0,302,302,164.8918918918919,7,0,1000000,3000,4
384019,384019,1536076,2726,186,744,1418.0,0.0,1418.0,1512,1512,738.0483870967741,31,0,1000000,3000,4
384159,384159,1536636,2727,140,560,639.0,0.0,639.0,722,722,518.9785714285714,15,0,1000000,3000,4
384321,384321,1537284,2728,162,648,811.0,0.0,811.0,898,898,576.7962962962963,18,0,1000000,3000,4
384419,384419,1537676,2729,98,392,606.0,0.0,606.0,683,683,399.1938775510204,14,0,1000000,3000,4
384510,384510,1538040,2730,91,364,621.0,0.0,621.0,697,697,357.2967032967033,14,0,1000000,3000,4
384600,384600,1538400,2731,90,360,616.0,0.0,616.0,692,692,378.64444444444445,14,0,1000000,3000,4
384752,384752,1539008,2732,152,608,813.0,0.0,813.0,898,898,563.7434210526316,18,0,1000000,3000,4
384911,384911,1539644,2733,159,636,812.0,0.0,812.0,898,900,576.503144654088,19,0,1000000,3000,4
384944,384944,1539776,2734,33,132,248.0,0.0,248.0,312,312,155.21212121212122,7,0,1000000,3000,4
385078,385078,1540312,2735,134,536,1150.0,0.0,1150.0,1233,1233,621.7313432835821,25,0,1000000,3000,4
385312,385312,1541248,2736,234,936,1847.0,0.0,1847.0,1950,1950,970.7564102564103,40,0,1000000,3000,4
385404,385404,1541616,2737,92,368,620.0,0.0,620.0,696,696,381.3695652173913,14,0,1000000,3000,4
385686,385686,1542744,2738,282,1128,1304.0,0.0,1304.0,1416,1416,718.8120567375887,29,0,1000000,3000,4
385720,385720,1542880,2739,34,136,252.0,0.0,252.0,316,316,152.73529411764707,7,0,1000000,3000,4
385790,385790,1543160,2740,70,280,653.0,0.0,653.0,722,722,384.92857142857144,15,0,1000000,3000,4
385870,385870,1543480,2741,80,320,625.0,0.0,625.0,698,698,397.6,14,0,1000000,3000,4
385952,385952,1543808,2742,82,328,640.0,0.0,640.0,714,714,377.7682926829268,15,0,1000000,3000,4
386077,386077,1544308,2743,125,500,770.0,0.0,770.0,851,851,512.56,18,0,1000000,3000,4
386111,386111,1544444,2744,34,136,239.0,0.0,239.0,303,303,152.73529411764707,7,0,1000000,3000,4
386421,386421,1545684,2745,310,1240,1009.0,0.0,1009.0,1125,1125,669.3193548387097,23,0,1000000,3000,4
386652,386652,1546608,2746,231,924,1852.0,0.0,1852.0,1956,1956,924.012987012987,40,0,1000000,3000,4
386793,386793,1547172,2747,141,564,744.0,0.0,744.0,829,829,502.6099290780142,17,0,1000000,3000,4
386883,386883,1547532,2748,90,360,634.0,0.0,634.0,708,708,361.3666666666667,15,0,1000000,3000,4
387134,387134,1548536,2749,251,1004,1569.0,0.0,1569.0,1677,1677,753.7689243027888,34,0,1000000,3000,4
387382,387382,1549528,2750,248,992,1327.0,0.0,1327.0,1434,1434,769.125,29,0,1000000,3000,4
387598,387598,1550392,2751,216,864,1026.0,0.0,1026.0,1124,1124,700.0833333333334,23,0,1000000,3000,4
387871,387871,1551484,2752,273,1092,736.0,0.0,736.0,848,848,602.5641025641025,17,0,1000000,3000,4
388136,388136,1552544,2753,265,1060,791.0,0.0,791.0,898,899,653.5169811320754,18,0,1000000,3000,4
388289,388289,1553156,2754,153,612,1149.0,0.0,1149.0,1236,1236,563.3594771241831,25,0,1000000,3000,4
388500,388500,1554000,2755,211,844,1309.0,0.0,1309.0,1407,1407,710.8957345971564,29,0,1000000,3000,4
388537,388537,1554148,2756,37,148,239.0,0.0,239.0,304,304,151.72972972972974,7,0,1000000,3000,4
388615,388615,1554460,2757,78,312,613.0,0.0,613.0,685,685,326.02564102564105,14,0,1000000,3000,4
388782,388782,1555128,2758,167,668,1342.0,0.0,1342.0,1433,1433,735.9940119760479,29,0,1000000,3000,4
388817,388817,1555268,2759,35,140,230.0,0.0,230.0,294,294,173.05714285714285,6,0,1000000,3000,4
388852,388852,1555408,2760,35,140,236.0,0.0,236.0,299,299,168.4857142857143,6,0,1000000,3000,4
389007,389007,1556028,2761,155,620,741.0,0.0,741.0,829,829,525.2645161290322,17,0,1000000,3000,4
389043,389043,1556172,2762,36,144,250.0,0.0,250.0,314,314,151.58333333333334,7,0,1000000,3000,4
389218,389218,1556872,2763,175,700,808.0,0.0,808.0,898,899,558.1542857142857,18,0,1000000,3000,4
389314,389314,1557256,2764,96,384,606.0,0.0,606.0,682,682,402.25,14,0,1000000,3000,4
389355,389355,1557420,2765,41,164,233.0,0.0,233.0,298,298,150.3170731707317,6,0,1000000,3000,4
389605,389605,1558420,2766,250,1000,1032.0,0.0,1032.0,1137,1137,684.572,23,0,1000000,3000,4
389822,389822,1559288,2767,217,868,1334.0,0.0,1334.0,1435,1435,717.3364055299539,29,0,1000000,3000,4
389921,389921,1559684,2768,99,396,597.0,0.0,597.0,674,674,420.2020202020202,14,0,1000000,3000,4
389960,389960,1559840,2769,39,156,233.0,0.0,233.0,297,297,163.3846153846154,6,0,1000000,3000,4
390128,390128,1560512,2770,168,672,1037.0,0.0,1037.0,1126,1126,580.6130952380952,23,0,1000000,3000,4
390306,390306,1561224,2771,178,712,1037.0,0.0,1037.0,1128,1128,593.623595505618,23,0,1000000,3000,4
390534,390534,1562136,2772,228,912,1026.0,0.0,1026.0,1128,1128,635.5219298245614,23,0,1000000,3000,4
390670,390670,1562680,2773,136,544,597.0,0.0,597.0,681,681,358.66911764705884,14,0,1000000,3000,4
390711,390711,1562844,2774,41,164,243.0,0.0,243.0,309,309,142.9512195121951,7,0,1000000,3000,4
390849,390849,1563396,2775,138,552,1041.0,0.0,1041.0,1123,1123,516.9202898550725,23,0,1000000,3000,4
391238,391238,1564952,2776,389,1556,1298.0,0.0,1298.0,1433,1433,682.6863753213368,29,0,1000000,3000,4
391280,391280,1565120,2777,42,168,234.0,0.0,234.0,300,300,149.5952380952381,7,0,1000000,3000,4
391477,391477,1565908,2778,197,788,1706.0,0.0,1706.0,1802,1802,895.8680203045685,37,0,1000000,3000,4
391512,391512,1566048,2779,35,140,251.0,0.0,251.0,315,315,152.5142857142857,7,0,1000000,3000,4
391551,391551,1566204,2780,39,156,233.0,0.0,233.0,298,298,161.76923076923077,6,0,1000000,3000,4
391737,391737,1566948,2781,186,744,1038.0,0.0,1038.0,1131,1131,640.9086021505376,23,0,1000000,3000,4
392004,392004,1568016,2782,267,1068,1016.0,0.0,1016.0,1124,1124,661.9550561797753,23,0,1000000,3000,4
392112,392112,1568448,2783,108,432,612.0,0.0,612.0,690,690,409.3611111111111,14,0,1000000,3000,4
392342,392342,1569368,2784,230,920,1326.0,0.0,1326.0,1430,1430,794.3782608695652,29,0,1000000,3000,4
392519,392519,1570076,2785,177,708,752.0,0.0,752.0,844,844,561.9717514124294,17,0,1000000,3000,4
392719,392719,1570876,2786,200,800,1318.0,0.0,1318.0,1413,1413,707.97,29,0,1000000,3000,4
392801,392801,1571204,2787,82,328,635.0,0.0,635.0,709,709,381.0609756097561,15,0,1000000,3000,4
392966,392966,1571864,2788,165,660,1035.0,0.0,1035.0,1124,1124,617.5878787878788,23,0,1000000,3000,4
393153,393153,1572612,2789,187,748,756.0,0.0,756.0,849,849,546.1122994652407,17,0,1000000,3000,4
393244,393244,1572976,2790,91,364,624.0,0.0,624.0,699,699,395.4725274725275,14,0,1000000,3000,4
393277,393277,1573108,2791,33,132,244.0,0.0,244.0,308,308,162.24242424242425,7,0,1000000,3000,4
393432,393432,1573728,2792,155,620,636.0,0.0,636.0,722,723,492.6258064516129,15,0,1000000,3000,4
393582,393582,1574328,2793,150,600,768.0,0.0,768.0,854,854,563.5333333333333,18,0,1000000,3000,4
393620,393620,1574480,2794,38,152,244.0,0.0,244.0,308,308,152.71052631578948,7,0,1000000,3000,4
393704,393704,1574816,2795,84,336,630.0,0.0,630.0,703,703,395.1547619047619,15,0,1000000,3000,4
393739,393739,1574956,2796,35,140,228.0,0.0,228.0,292,292,175.2,6,0,1000000,3000,4
393923,393923,1575692,2797,184,736,1034.0,0.0,1034.0,1126,1126,678.1630434782609,23,0,1000000,3000,4
393963,393963,1575852,2798,40,160,238.0,0.0,238.0,302,302,151.6,7,0,1000000,3000,4
394095,394095,1576380,2799,132,528,817.0,0.0,817.0,898,898,576.5909090909091,18,0,1000000,3000,4
394272,394272,1577088,2800,177,708,1140.0,0.0,1140.0,1233,1233,686.361581920904,25,0,1000000,3000,4
394307,394307,1577228,2801,35,140,244.0,0.0,244.0,308,308,157.4,7,0,1000000,3000,4
394351,394351,1577404,2802,44,176,236.0,0.0,236.0,301,301,140.5,7,0,1000000,3000,4
394523,394523,1578092,2803,172,688,1333.0,0.0,1333.0,1425,1425,694.1802325581396,29,0,1000000,3000,4
394603,394603,1578412,2804,80,320,615.0,0.0,615.0,688,688,331.375,14,0,1000000,3000,4
394667,394667,1578668,2805,64,256,615.0,0.0,615.0,684,684,337.78125,14,0,1000000,3000,4
394888,394888,1579552,2806,221,884,1028.0,0.0,1028.0,1129,1129,686.0904977375566,23,0,1000000,3000,4
394923,394923,1579692,2807,35,140,237.0,0.0,237.0,301,301,163.62857142857143,7,0,1000000,3000,4
394963,394963,1579852,2808,40,160,233.0,0.0,233.0,298,298,160.65,6,0,1000000,3000,4
395287,395287,1581148,2809,324,1296,1289.0,0.0,1289.0,1409,1409,747.7345679012345,29,0,1000000,3000,4
395392,395392,1581568,2810,105,420,625.0,0.0,625.0,703,703,372.44761904761907,15,0,1000000,3000,4
395562,395562,1582248,2811,170,680,633.0,0.0,633.0,722,722,454.08235294117645,15,0,1000000,3000,4
395672,395672,1582688,2812,110,440,627.0,0.0,627.0,706,706,355.1090909090909,15,0,1000000,3000,4
395834,395834,1583336,2813,162,648,777.0,0.0,777.0,866,866,489.14814814814815,18,0,1000000,3000,4
395932,395932,1583728,2814,98,392,631.0,0.0,631.0,707,707,363.51020408163265,15,0,1000000,3000,4
396042,396042,1584168,2815,110,440,625.0,0.0,625.0,702,702,351.74545454545455,15,0,1000000,3000,4
396216,396216,1584864,2816,174,696,1037.0,0.0,1037.0,1126,1126,593.0977011494252,23,0,1000000,3000,4
396257,396257,1585028,2817,41,164,233.0,0.0,233.0,298,298,160.6829268292683,6,0,1000000,3000,4
396294,396294,1585176,2818,37,148,244.0,0.0,244.0,308,308,147.56756756756758,7,0,1000000,3000,4
396501,396501,1586004,2819,207,828,742.0,0.0,742.0,840,840,519.1690821256038,17,0,1000000,3000,4
396684,396684,1586736,2820,183,732,702.0,0.0,702.0,795,795,454.8360655737705,16,0,1000000,3000,4
396867,396867,1587468,2821,183,732,807.0,0.0,807.0,898,898,531.24043715847,18,0,1000000,3000,4
396905,396905,1587620,2822,38,152,233.0,0.0,233.0,298,298,162.47368421052633,6,0,1000000,3000,4
397076,397076,1588304,2823,171,684,759.0,0.0,759.0,850,850,525.2923976608187,18,0,1000000,3000,4
397674,397674,1590696,2824,598,2392,2297.0,0.0,2297.0,2472,2472,1289.9096989966556,50,0,1000000,3000,4
397706,397706,1590824,2825,32,128,242.0,0.0,242.0,305,305,162.0,7,0,1000000,3000,4
397742,397742,1590968,2826,36,144,233.0,0.0,233.0,297,297,164.19444444444446,6,0,1000000,3000,4
398005,398005,1592020,2827,263,1052,1299.0,0.0,1299.0,1408,1408,717.5171102661596,29,0,1000000,3000,4
398046,398046,1592184,2828,41,164,237.0,0.0,237.0,303,303,148.65853658536585,7,0,1000000,3000,4
398084,398084,1592336,2829,38,152,235.0,0.0,235.0,298,298,165.47368421052633,6,0,1000000,3000,4
398242,398242,1592968,2830,158,632,1040.0,0.0,1040.0,1127,1127,577.3860759493671,23,0,1000000,3000,4
398323,398323,1593292,2831,81,324,620.0,0.0,620.0,693,693,342.5308641975309,14,0,1000000,3000,4
398415,398415,1593660,2832,92,368,621.0,0.0,621.0,696,696,321.5326086956522,14,0,1000000,3000,4
398516,398516,1594064,2833,101,404,647.0,0.0,647.0,722,722,367.1188118811881,15,0,1000000,3000,4
398556,398556,1594224,2834,40,160,237.0,0.0,237.0,303,303,151.825,7,0,1000000,3000,4
398585,398585,1594340,2835,29,116,249.0,0.0,249.0,312,312,153.55172413793105,7,0,1000000,3000,4
398854,398854,1595416,2836,269,1076,1560.0,0.0,1560.0,1670,1670,754.2304832713754,34,0,1000000,3000,4
399090,399090,1596360,2837,236,944,1408.0,0.0,1408.0,1512,1512,761.5508474576271,31,0,1000000,3000,4
399260,399260,1597040,2838,170,680,633.0,0.0,633.0,722,722,451.9235294117647,15,0,1000000,3000,4
399331,399331,1597324,2839,71,284,181.0,0.0,181.0,250,250,154.05633802816902,6,0,1000000,3000,4
399398,399398,1597592,2840,67,268,196.0,0.0,196.0,265,265,139.65671641791045,6,0,1000000,3000,4
399646,399646,1598584,2841,248,992,1032.0,0.0,1032.0,1137,1137,620.1814516129032,23,0,1000000,3000,4
399752,399752,1599008,2842,106,424,615.0,0.0,615.0,693,693,366.08490566037733,14,0,1000000,3000,4
400018,400018,1600072,2843,266,1064,1409.0,0.0,1409.0,1520,1520,743.7781954887218,31,0,1000000,3000,4
400056,400056,1600224,2844,38,152,237.0,0.0,237.0,301,301,154.1578947368421,7,0,1000000,3000,4
400101,400101,1600404,2845,45,180,226.0,0.0,226.0,292,292,149.37777777777777,6,0,1000000,3000,4
400144,400144,1600576,2846,43,172,227.0,0.0,227.0,292,292,156.65116279069767,6,0,1000000,3000,4
400180,400180,1600720,2847,36,144,250.0,0.0,250.0,315,315,149.58333333333334,7,0,1000000,3000,4
400230,400230,1600920,2848,50,200,238.0,0.0,238.0,305,305,135.52,7,0,1000000,3000,4
400428,400428,1601712,2849,198,792,1029.0,0.0,1029.0,1123,1123,601.3686868686868,23,0,1000000,3000,4
400630,400630,1602520,2850,202,808,1328.0,0.0,1328.0,1425,1425,724.3960396039604,29,0,1000000,3000,4
400676,400676,1602704,2851,46,184,220.0,0.0,220.0,286,286,163.56521739130434,6,0,1000000,3000,4
400946,400946,1603784,2852,270,1080,1018.0,0.0,1018.0,1127,1127,610.5518518518519,23,0,1000000,3000,4
401218,401218,1604872,2853,272,1088,1027.0,0.0,1027.0,1138,1138,660.5330882352941,23,0,1000000,3000,4
401436,401436,1605744,2854,218,872,1027.0,0.0,1027.0,1126,1126,682.4266055045872,23,0,1000000,3000,4
401568,401568,1606272,2855,132,528,1047.0,0.0,1047.0,1129,1129,647.689393939394,23,0,1000000,3000,4
401644,401644,1606576,2856,76,304,627.0,0.0,627.0,700,700,344.82894736842104,15,0,1000000,3000,4
401782,401782,1607128,2857,138,552,1145.0,0.0,1145.0,1228,1228,580.1811594202899,25,0,1000000,3000,4
401827,401827,1607308,2858,45,180,223.0,0.0,223.0,288,288,158.51111111111112,6,0,1000000,3000,4
401992,401992,1607968,2859,165,660,1330.0,0.0,1330.0,1420,1420,652.8545454545455,29,0,1000000,3000,4
402145,402145,1608580,2860,153,612,1037.0,0.0,1037.0,1122,1122,607.6405228758169,23,0,1000000,3000,4
402240,402240,1608960,2861,95,380,618.0,0.0,618.0,694,694,368.33684210526314,14,0,1000000,3000,4
402429,402429,1609716,2862,189,756,1042.0,0.0,1042.0,1136,1136,614.058201058201,23,0,1000000,3000,4
402572,402572,1610288,2863,143,572,710.0,0.0,710.0,795,795,503.9160839160839,16,0,1000000,3000,4
402674,402674,1610696,2864,102,408,623.0,0.0,623.0,699,699,355.80392156862746,14,0,1000000,3000,4
402711,402711,1610844,2865,37,148,238.0,0.0,238.0,302,302,157.21621621621622,7,0,1000000,3000,4
402790,402790,1611160,2866,79,316,622.0,0.0,622.0,694,694,337.37974683544303,14,0,1000000,3000,4
402895,402895,1611580,2867,105,420,623.0,0.0,623.0,700,700,371.0095238095238,15,0,1000000,3000,4
402936,402936,1611744,2868,41,164,232.0,0.0,232.0,297,297,154.41463414634146,6,0,1000000,3000,4
403094,403094,1612376,2869,158,632,636.0,0.0,636.0,722,722,477.15822784810126,15,0,1000000,3000,4
403475,403475,1613900,2870,381,1524,1109.0,0.0,1109.0,1242,1242,721.9475065616798,25,0,1000000,3000,4
403704,403704,1614816,2871,229,916,1027.0,0.0,1027.0,1127,1127,570.3275109170306,23,0,1000000,3000,4
403813,403813,1615252,2872,109,436,600.0,0.0,600.0,678,678,405.7798165137615,14,0,1000000,3000,4
404006,404006,1616024,2873,193,772,1315.0,0.0,1315.0,1410,1410,738.0310880829015,29,0,1000000,3000,4
404242,404242,1616968,2874,236,944,1298.0,0.0,1298.0,1401,1401,666.6652542372881,29,0,1000000,3000,4
404473,404473,1617892,2875,231,924,1023.0,0.0,1023.0,1125,1125,624.987012987013,23,0,1000000,3000,4
404506,404506,1618024,2876,33,132,241.0,0.0,241.0,305,305,160.63636363636363,7,0,1000000,3000,4
404543,404543,1618172,2877,37,148,226.0,0.0,226.0,290,290,175.2972972972973,6,0,1000000,3000,4
404586,404586,1618344,2878,43,172,228.0,0.0,228.0,292,292,156.72093023255815,6,0,1000000,3000,4
404622,404622,1618488,2879,36,144,231.0,0.0,231.0,295,295,170.83333333333334,6,0,1000000,3000,4
404742,404742,1618968,2880,120,480,607.0,0.0,607.0,688,688,377.94166666666666,14,0,1000000,3000,4
404934,404934,1619736,2881,192,768,1315.0,0.0,1315.0,1410,1410,720.9635416666666,29,0,1000000,3000,4
405044,405044,1620176,2882,110,440,626.0,0.0,626.0,706,706,367.8818181818182,15,0,1000000,3000,4
405075,405075,1620300,2883,31,124,249.0,0.0,249.0,313,313,159.16129032258064,7,0,1000000,3000,4
405233,405233,1620932,2884,158,632,1042.0,0.0,1042.0,1129,1129,573.9050632911392,23,0,1000000,3000,4
405321,405321,1621284,2885,88,352,625.0,0.0,625.0,699,699,361.125,14,0,1000000,3000,4
405518,405518,1622072,2886,197,788,1338.0,0.0,1338.0,1435,1435,710.4263959390863,29,0,1000000,3000,4
405578,405578,1622312,2887,60,240,609.0,0.0,609.0,678,678,335.1666666666667,14,0,1000000,3000,4
405608,405608,1622432,2888,30,120,247.0,0.0,247.0,311,311,154.93333333333334,7,0,1000000,3000,4
405639,405639,1622556,2889,31,124,249.0,0.0,249.0,313,313,155.03225806451613,7,0,1000000,3000,4
405673,405673,1622692,2890,34,136,251.0,0.0,251.0,315,315,153.7941176470588,7,0,1000000,3000,4
405703,405703,1622812,2891,30,120,247.0,0.0,247.0,310,310,151.76666666666668,7,0,1000000,3000,4
405944,405944,1623776,2892,241,964,1676.0,0.0,1676.0,1781,1781,831.0622406639004,36,0,1000000,3000,4
406017,406017,1624068,2893,73,292,617.0,0.0,617.0,687,687,335.6027397260274,14,0,1000000,3000,4
406048,406048,1624192,2894,31,124,245.0,0.0,245.0,307,307,162.58064516129033,7,0,1000000,3000,4
406086,406086,1624344,2895,38,152,240.0,0.0,240.0,305,305,156.44736842105263,7,0,1000000,3000,4
406177,406177,1624708,2896,91,364,616.0,0.0,616.0,692,692,359.27472527472526,14,0,1000000,3000,4
406359,406359,1625436,2897,182,728,1035.0,0.0,1035.0,1127,1127,581.434065934066,23,0,1000000,3000,4
406397,406397,1625588,2898,38,152,232.0,0.0,232.0,297,297,164.23684210526315,6,0,1000000,3000,4
406431,406431,1625724,2899,34,136,248.0,0.0,248.0,311,311,139.8235294117647,7,0,1000000,3000,4
406512,406512,1626048,2900,81,324,618.0,0.0,618.0,691,691,350.641975308642,14,0,1000000,3000,4
406547,406547,1626188,2901,35,140,234.0,0.0,234.0,298,298,161.25714285714287,6,0,1000000,3000,4
406752,406752,1627008,2902,205,820,1123.0,0.0,1123.0,1218,1219,687.9219512195122,25,0,1000000,3000,4
407050,407050,1628200,2903,298,1192,1546.0,0.0,1546.0,1661,1661,834.2785234899329,34,0,1000000,3000,4
407091,407091,1628364,2904,41,164,216.0,0.0,216.0,281,281,178.0,6,0,1000000,3000,4
407264,407264,1629056,2905,173,692,1046.0,0.0,1046.0,1137,1137,587.8728323699422,23,0,1000000,3000,4
407314,407314,1629256,2906,50,200,208.0,0.0,208.0,275,275,166.2,6,0,1000000,3000,4
407527,407527,1630108,2907,213,852,764.0,0.0,764.0,863,863,541.4178403755868,18,0,1000000,3000,4
407746,407746,1630984,2908,219,876,711.0,0.0,711.0,811,811,547.9680365296804,17,0,1000000,3000,4
407999,407999,1631996,2909,253,1012,1305.0,0.0,1305.0,1411,1411,726.5731225296443,29,0,1000000,3000,4
408031,408031,1632124,2910,32,128,244.0,0.0,244.0,308,308,154.65625,7,0,1000000,3000,4
408134,408134,1632536,2911,103,412,620.0,0.0,620.0,697,697,380.0388349514563,14,0,1000000,3000,4
408180,408180,1632720,2912,46,184,222.0,0.0,222.0,288,288,166.1086956521739,6,0,1000000,3000,4
408288,408288,1633152,2913,108,432,627.0,0.0,627.0,705,705,391.48148148148147,15,0,1000000,3000,4
408425,408425,1633700,2914,137,548,1046.0,0.0,1046.0,1129,1129,572.8613138686131,23,0,1000000,3000,4
408456,408456,1633824,2915,31,124,247.0,0.0,247.0,311,311,159.8709677419355,7,0,1000000,3000,4
408543,408543,1634172,2916,87,348,622.0,0.0,622.0,696,696,401.2413793103448,14,0,1000000,3000,4
408576,408576,1634304,2917,33,132,243.0,0.0,243.0,306,306,161.24242424242425,7,0,1000000,3000,4
408759,408759,1635036,2918,183,732,1036.0,0.0,1036.0,1128,1128,597.5300546448087,23,0,1000000,3000,4
408858,408858,1635432,2919,99,396,616.0,0.0,616.0,692,692,396.2929292929293,14,0,1000000,3000,4
408896,408896,1635584,2920,38,152,230.0,0.0,230.0,294,294,170.97368421052633,6,0,1000000,3000,4
408994,408994,1635976,2921,98,392,620.0,0.0,620.0,696,696,380.1224489795918,14,0,1000000,3000,4
409030,409030,1636120,2922,36,144,235.0,0.0,235.0,298,298,166.33333333333334,6,0,1000000,3000,4
409071,409071,1636284,2923,41,164,221.0,0.0,221.0,286,286,171.90243902439025,6,0,1000000,3000,4
409312,409312,1637248,2924,241,964,1399.0,0.0,1399.0,1502,1502,823.0539419087137,31,0,1000000,3000,4
409359,409359,1637436,2925,47,188,223.0,0.0,223.0,289,289,156.4468085106383,6,0,1000000,3000,4
409399,409399,1637596,2926,40,160,234.0,0.0,234.0,298,298,156.175,6,0,1000000,3000,4
409441,409441,1637764,2927,42,168,232.0,0.0,232.0,297,297,158.78571428571428,6,0,1000000,3000,4
409554,409554,1638216,2928,113,452,606.0,0.0,606.0,684,684,375.76106194690266,14,0,1000000,3000,4
409594,409594,1638376,2929,40,160,233.0,0.0,233.0,299,299,163.95,6,0,1000000,3000,4
409689,409689,1638756,2930,95,380,630.0,0.0,630.0,706,706,369.6,15,0,1000000,3000,4
409927,409927,1639708,2931,238,952,1305.0,0.0,1305.0,1409,1409,718.6680672268908,29,0,1000000,3000,4
410026,410026,1640104,2932,99,396,628.0,0.0,628.0,704,704,366.19191919191917,15,0,1000000,3000,4
410254,410254,1641016,2933,228,912,1027.0,0.0,1027.0,1128,1128,682.9736842105264,23,0,1000000,3000,4
410355,410355,1641420,2934,101,404,624.0,0.0,624.0,700,700,363.66336633663366,15,0,1000000,3000,4
410468,410468,1641872,2935,113,452,628.0,0.0,628.0,707,707,359.4778761061947,15,0,1000000,3000,4
410589,410589,1642356,2936,121,484,612.0,0.0,612.0,692,692,385.1652892561983,14,0,1000000,3000,4
410867,410867,1643468,2937,278,1112,1302.0,0.0,1302.0,1412,1412,740.6007194244604,29,0,1000000,3000,4
410913,410913,1643652,2938,46,184,221.0,0.0,221.0,286,286,158.6086956521739,6,0,1000000,3000,4
411078,411078,1644312,2939,165,660,727.0,0.0,727.0,816,816,516.6242424242424,17,0,1000000,3000,4
411272,411272,1645088,2940,194,776,1037.0,0.0,1037.0,1130,1130,644.159793814433,23,0,1000000,3000,4
411475,411475,1645900,2941,203,812,1328.0,0.0,1328.0,1426,1426,703.0788177339901,29,0,1000000,3000,4
411651,411651,1646604,2942,176,704,753.0,0.0,753.0,844,844,504.32954545454544,17,0,1000000,3000,4
411740,411740,1646960,2943,89,356,623.0,0.0,623.0,697,697,349.1685393258427,14,0,1000000,3000,4
411831,411831,1647324,2944,91,364,613.0,0.0,613.0,688,688,324.7912087912088,14,0,1000000,3000,4
411876,411876,1647504,2945,45,180,221.0,0.0,221.0,286,286,163.17777777777778,6,0,1000000,3000,4
412081,412081,1648324,2946,205,820,728.0,0.0,728.0,827,827,550.0780487804878,17,0,1000000,3000,4
412128,412128,1648512,2947,47,188,222.0,0.0,222.0,288,288,155.95744680851064,6,0,1000000,3000,4
412320,412320,1649280,2948,192,768,1044.0,0.0,1044.0,1139,1139,620.3697916666666,23,0,1000000,3000,4
412362,412362,1649448,2949,42,168,231.0,0.0,231.0,296,296,155.33333333333334,6,0,1000000,3000,4
412403,412403,1649612,2950,41,164,230.0,0.0,230.0,295,295,156.609756097561,6,0,1000000,3000,4
412443,412443,1649772,2951,40,160,233.0,0.0,233.0,297,297,160.05,6,0,1000000,3000,4
412621,412621,1650484,2952,178,712,1329.0,0.0,1329.0,1421,1421,685.3988764044943,29,0,1000000,3000,4
412727,412727,1650908,2953,106,424,626.0,0.0,626.0,704,704,356.97169811320754,15,0,1000000,3000,4
412985,412985,1651940,2954,258,1032,1309.0,0.0,1309.0,1417,1417,721.7751937984497,29,0,1000000,3000,4
413125,413125,1652500,2955,140,560,737.0,0.0,737.0,822,822,506.34285714285716,17,0,1000000,3000,4
413165,413165,1652660,2956,40,160,236.0,0.0,236.0,300,300,153.425,7,0,1000000,3000,4
413269,413269,1653076,2957,104,416,618.0,0.0,618.0,694,694,381.125,14,0,1000000,3000,4
413362,413362,1653448,2958,93,372,618.0,0.0,618.0,693,693,392.2258064516129,14,0,1000000,3000,4
413546,413546,1654184,2959,184,736,1047.0,0.0,1047.0,1139,1139,590.9565217391304,23,0,1000000,3000,4
413652,413652,1654608,2960,106,424,613.0,0.0,613.0,690,690,369.16037735849056,14,0,1000000,3000,4
413693,413693,1654772,2961,41,164,236.0,0.0,236.0,302,302,147.8780487804878,7,0,1000000,3000,4
413920,413920,1655680,2962,227,908,1308.0,0.0,1308.0,1409,1409,711.2466960352423,29,0,1000000,3000,4
413973,413973,1655892,2963,53,212,235.0,0.0,235.0,302,302,130.1509433962264,7,0,1000000,3000,4
414094,414094,1656376,2964,121,484,592.0,0.0,592.0,673,673,369.0165289256198,14,0,1000000,3000,4
414209,414209,1656836,2965,115,460,628.0,0.0,628.0,707,707,336.7391304347826,15,0,1000000,3000,4
414396,414396,1657584,2966,187,748,806.0,0.0,806.0,898,899,538.283422459893,18,0,1000000,3000,4
414580,414580,1658320,2967,184,736,734.0,0.0,734.0,827,827,524.2934782608696,17,0,1000000,3000,4
414628,414628,1658512,2968,48,192,214.0,0.0,214.0,280,280,170.54166666666666,6,0,1000000,3000,4
414921,414921,1659684,2969,293,1172,1307.0,0.0,1307.0,1423,1423,700.19795221843,29,0,1000000,3000,4
415204,415204,1660816,2970,283,1132,1546.0,0.0,1546.0,1659,1659,833.7985865724381,34,0,1000000,3000,4
415250,415250,1661000,2971,46,184,231.0,0.0,231.0,297,297,147.80434782608697,6,0,1000000,3000,4
415293,415293,1661172,2972,43,172,232.0,0.0,232.0,297,297,151.46511627906978,6,0,1000000,3000,4
415340,415340,1661360,2973,47,188,220.0,0.0,220.0,287,287,162.74468085106383,6,0,1000000,3000,4
415386,415386,1661544,2974,46,184,224.0,0.0,224.0,290,290,149.8913043478261,6,0,1000000,3000,4
415589,415589,1662356,2975,203,812,1044.0,0.0,1044.0,1141,1141,630.5665024630542,23,0,1000000,3000,4
415722,415722,1662888,2976,133,532,599.0,0.0,599.0,681,681,371.49624060150376,14,0,1000000,3000,4
415875,415875,1663500,2977,153,612,637.0,0.0,637.0,722,722,484.3529411764706,15,0,1000000,3000,4
415981,415981,1663924,2978,106,424,624.0,0.0,624.0,702,702,374.8018867924528,15,0,1000000,3000,4
416025,416025,1664100,2979,44,176,234.0,0.0,234.0,300,300,152.9090909090909,7,0,1000000,3000,4
416071,416071,1664284,2980,46,184,236.0,0.0,236.0,303,303,143.65217391304347,7,0,1000000,3000,4
416323,416323,1665292,2981,252,1008,1017.0,0.0,1017.0,1122,1122,641.234126984127,23,0,1000000,3000,4
416361,416361,1665444,2982,38,152,241.0,0.0,241.0,306,306,149.52631578947367,7,0,1000000,3000,4
416597,416597,1666388,2983,236,944,1316.0,0.0,1316.0,1419,1419,707.9067796610169,29,0,1000000,3000,4
416742,416742,1666968,2984,145,580,815.0,0.0,815.0,898,898,560.6896551724138,18,0,1000000,3000,4
416929,416929,1667716,2985,187,748,1035.0,0.0,1035.0,1128,1128,626.6096256684492,23,0,1000000,3000,4
417069,417069,1668276,2986,140,560,731.0,0.0,731.0,817,817,483.8642857142857,17,0,1000000,3000,4
417288,417288,1669152,2987,219,876,1036.0,0.0,1036.0,1136,1136,591.2785388127854,23,0,1000000,3000,4
417403,417403,1669612,2988,115,460,632.0,0.0,632.0,710,710,381.6,15,0,1000000,3000,4
417624,417624,1670496,2989,221,884,1037.0,0.0,1037.0,1138,1138,628.3619909502263,23,0,1000000,3000,4
417791,417791,1671164,2990,167,668,726.0,0.0,726.0,816,816,532.3173652694611,17,0,1000000,3000,4
417900,417900,1671600,2991,109,436,605.0,0.0,605.0,683,683,377.8807339449541,14,0,1000000,3000,4
418232,418232,1672928,2992,332,1328,777.0,0.0,777.0,898,899,605.2530120481928,18,0,1000000,3000,4
418457,418457,1673828,2993,225,900,1327.0,0.0,1327.0,1429,1429,705.2977777777778,29,0,1000000,3000,4
418554,418554,1674216,2994,97,388,618.0,0.0,618.0,695,695,365.2371134020619,14,0,1000000,3000,4
418792,418792,1675168,2995,238,952,1032.0,0.0,1032.0,1136,1136,629.2352941176471,23,0,1000000,3000,4
418894,418894,1675576,2996,102,408,628.0,0.0,628.0,706,706,340.2352941176471,15,0,1000000,3000,4
419098,419098,1676392,2997,204,816,1313.0,0.0,1313.0,1410,1410,768.5833333333334,29,0,1000000,3000,4
419290,419290,1677160,2998,192,768,1427.0,0.0,1427.0,1523,1523,706.5104166666666,31,0,1000000,3000,4
419504,419504,1678016,2999,214,856,1030.0,0.0,1030.0,1127,1127,629.5700934579439,23,0,1000000,3000,4
419596,419596,1678384,3000,92,368,611.0,0.0,611.0,687,687,330.55434782608694,14,0,1000000,3000,4
419633,419633,1678532,3001,37,148,248.0,0.0,248.0,313,313,147.59459459459458,7,0,1000000,3000,4
419709,419709,1678836,3002,76,304,611.0,0.0,611.0,684,684,334.4605263157895,14,0,1000000,3000,4
419891,419891,1679564,3003,182,728,1339.0,0.0,1339.0,1433,1433,707.8571428571429,29,0,1000000,3000,4
420041,420041,1680164,3004,150,600,813.0,0.0,813.0,898,898,599.6933333333334,18,0,1000000,3000,4
420072,420072,1680288,3005,31,124,242.0,0.0,242.0,306,306,158.0,7,0,1000000,3000,4
420108,420108,1680432,3006,36,144,243.0,0.0,243.0,307,307,158.02777777777777,7,0,1000000,3000,4
420277,420277,1681108,3007,169,676,766.0,0.0,766.0,857,857,544.9644970414201,18,0,1000000,3000,4
420309,420309,1681236,3008,32,128,248.0,0.0,248.0,310,310,158.0,7,0,1000000,3000,4
420341,420341,1681364,3009,32,128,239.0,0.0,239.0,303,303,161.375,7,0,1000000,3000,4
420425,420425,1681700,3010,84,336,616.0,0.0,616.0,690,690,340.3809523809524,14,0,1000000,3000,4
420621,420621,1682484,3011,196,784,1425.0,0.0,1425.0,1522,1522,753.2908163265306,31,0,1000000,3000,4
420655,420655,1682620,3012,34,136,246.0,0.0,246.0,309,309,151.11764705882354,7,0,1000000,3000,4
420748,420748,1682992,3013,93,372,621.0,0.0,621.0,697,697,384.4301075268817,14,0,1000000,3000,4
420777,420777,1683108,3014,29,116,251.0,0.0,251.0,314,314,155.9655172413793,7,0,1000000,3000,4
420868,420868,1683472,3015,91,364,625.0,0.0,625.0,700,700,374.010989010989,15,0,1000000,3000,4
420897,420897,1683588,3016,29,116,245.0,0.0,245.0,308,308,156.82758620689654,7,0,1000000,3000,4
420986,420986,1683944,3017,89,356,637.0,0.0,637.0,711,711,378.2808988764045,15,0,1000000,3000,4
421084,421084,1684336,3018,98,392,629.0,0.0,629.0,706,706,397.14285714285717,15,0,1000000,3000,4
421161,421161,1684644,3019,77,308,630.0,0.0,630.0,702,702,371.23376623376623,15,0,1000000,3000,4
421280,421280,1685120,3020,119,476,1048.0,0.0,1048.0,1127,1127,584.1848739495798,23,0,1000000,3000,4
421484,421484,1685936,3021,204,816,1691.0,0.0,1691.0,1788,1788,894.6470588235294,36,0,1000000,3000,4
421686,421686,1686744,3022,202,808,1029.0,0.0,1029.0,1125,1125,578.009900990099,23,0,1000000,3000,4
421787,421787,1687148,3023,101,404,628.0,0.0,628.0,705,705,381.3168316831683,15,0,1000000,3000,4
421817,421817,1687268,3024,30,120,247.0,0.0,247.0,310,310,160.73333333333332,7,0,1000000,3000,4
421859,421859,1687436,3025,42,168,233.0,0.0,233.0,297,297,157.8095238095238,6,0,1000000,3000,4
421977,421977,1687908,3026,118,472,728.0,0.0,728.0,809,809,396.4406779661017,17,0,1000000,3000,4
422128,422128,1688512,3027,151,604,719.0,0.0,719.0,806,806,498.88079470198676,17,0,1000000,3000,4
422325,422325,1689300,3028,197,788,1422.0,0.0,1422.0,1519,1519,699.6142131979695,31,0,1000000,3000,4
422358,422358,1689432,3029,33,132,247.0,0.0,247.0,309,309,148.54545454545453,7,0,1000000,3000,4
422398,422398,1689592,3030,40,160,229.0,0.0,229.0,294,294,164.975,6,0,1000000,3000,4
422504,422504,1690016,3031,106,424,590.0,0.0,590.0,668,668,413.6698113207547,14,0,1000000,3000,4
422637,422637,1690548,3032,133,532,1041.0,0.0,1041.0,1122,1122,576.4736842105264,23,0,1000000,3000,4
422746,422746,1690984,3033,109,436,611.0,0.0,611.0,689,689,358.22935779816515,14,0,1000000,3000,4
422783,422783,1691132,3034,37,148,241.0,0.0,241.0,305,305,156.94594594594594,7,0,1000000,3000,4
422940,422940,1691760,3035,157,628,766.0,0.0,766.0,854,854,563.6369426751593,18,0,1000000,3000,4
422970,422970,1691880,3036,30,120,246.0,0.0,246.0,309,309,162.73333333333332,7,0,1000000,3000,4
423075,423075,1692300,3037,105,420,634.0,0.0,634.0,713,713,368.4761904761905,15,0,1000000,3000,4
423166,423166,1692664,3038,91,364,608.0,0.0,608.0,683,683,406.54945054945057,14,0,1000000,3000,4
423245,423245,1692980,3039,79,316,610.0,0.0,610.0,683,683,331.46835443037975,14,0,1000000,3000,4
423285,423285,1693140,3040,40,160,239.0,0.0,239.0,305,305,139.725,7,0,1000000,3000,4
423375,423375,1693500,3041,90,360,630.0,0.0,630.0,705,705,393.31111111111113,15,0,1000000,3000,4
423505,423505,1694020,3042,130,520,591.0,0.0,591.0,673,673,394.5615384615385,14,0,1000000,3000,4
423723,423723,1694892,3043,218,872,1029.0,0.0,1029.0,1128,1128,625.9311926605504,23,0,1000000,3000,4
423973,423973,1695892,3044,250,1000,1301.0,0.0,1301.0,1408,1408,705.756,29,0,1000000,3000,4
424004,424004,1696016,3045,31,124,251.0,0.0,251.0,315,315,154.58064516129033,7,0,1000000,3000,4
424076,424076,1696304,3046,72,288,611.0,0.0,611.0,683,683,346.0138888888889,14,0,1000000,3000,4
424234,424234,1696936,3047,158,632,1041.0,0.0,1041.0,1127,1127,582.0886075949367,23,0,1000000,3000,4
424327,424327,1697308,3048,93,372,622.0,0.0,622.0,698,698,385.03225806451616,14,0,1000000,3000,4
424365,424365,1697460,3049,38,152,248.0,0.0,248.0,313,313,143.18421052631578,7,0,1000000,3000,4
424399,424399,1697596,3050,34,136,251.0,0.0,251.0,315,315,151.0,7,0,1000000,3000,4
424576,424576,1698304,3051,177,708,1324.0,0.0,1324.0,1415,1415,701.5932203389831,29,0,1000000,3000,4
424788,424788,1699152,3052,212,848,1339.0,0.0,1339.0,1439,1439,703.4245283018868,29,0,1000000,3000,4
424828,424828,1699312,3053,40,160,234.0,0.0,234.0,298,298,160.425,6,0,1000000,3000,4
424921,424921,1699684,3054,93,372,610.0,0.0,610.0,685,685,395.64516129032256,14,0,1000000,3000,4
425190,425190,1700760,3055,269,1076,1031.0,0.0,1031.0,1141,1141,666.8029739776952,23,0,1000000,3000,4
425286,425286,1701144,3056,96,384,634.0,0.0,634.0,711,711,355.3645833333333,15,0,1000000,3000,4
425324,425324,1701296,3057,38,152,239.0,0.0,239.0,304,304,153.81578947368422,7,0,1000000,3000,4
425396,425396,1701584,3058,72,288,623.0,0.0,623.0,694,694,354.4166666666667,14,0,1000000,3000,4
425430,425430,1701720,3059,34,136,235.0,0.0,235.0,299,299,161.6764705882353,6,0,1000000,3000,4
425500,425500,1702000,3060,70,280,622.0,0.0,622.0,692,692,352.01428571428573,14,0,1000000,3000,4
425577,425577,1702308,3061,77,308,608.0,0.0,608.0,681,681,316.64935064935065,14,0,1000000,3000,4
425618,425618,1702472,3062,41,164,231.0,0.0,231.0,297,297,158.7560975609756,6,0,1000000,3000,4
425655,425655,1702620,3063,37,148,237.0,0.0,237.0,302,302,161.51351351351352,7,0,1000000,3000,4
425840,425840,1703360,3064,185,740,1035.0,0.0,1035.0,1129,1129,611.3243243243244,23,0,1000000,3000,4
425882,425882,1703528,3065,42,168,233.0,0.0,233.0,299,299,152.28571428571428,6,0,1000000,3000,4
426077,426077,1704308,3066,195,780,784.0,0.0,784.0,878,878,510.0358974358974,18,0,1000000,3000,4
426175,426175,1704700,3067,98,392,620.0,0.0,620.0,697,697,332.7959183673469,14,0,1000000,3000,4
426206,426206,1704824,3068,31,124,249.0,0.0,249.0,313,313,150.41935483870967,7,0,1000000,3000,4
426236,426236,1704944,3069,30,120,247.0,0.0,247.0,310,310,155.0,7,0,1000000,3000,4
426390,426390,1705560,3070,154,616,1150.0,0.0,1150.0,1237,1237,614.2662337662338,25,0,1000000,3000,4
426681,426681,1706724,3071,291,1164,1897.0,0.0,1897.0,2012,2012,904.9415807560138,41,0,1000000,3000,4
426815,426815,1707260,3072,134,536,1070.0,0.0,1070.0,1154,1154,535.3955223880597,24,0,1000000,3000,4
426852,426852,1707408,3073,37,148,243.0,0.0,243.0,307,307,154.86486486486487,7,0,1000000,3000,4
426953,426953,1707812,3074,101,404,601.0,0.0,601.0,679,679,375.2079207920792,14,0,1000000,3000,4
427057,427057,1708228,3075,104,416,630.0,0.0,630.0,708,708,382.97115384615387,15,0,1000000,3000,4
427309,427309,1709236,3076,252,1008,1855.0,0.0,1855.0,1963,1963,905.8253968253969,40,0,1000000,3000,4
427540,427540,1710160,3077,231,924,1308.0,0.0,1308.0,1411,1411,716.8571428571429,29,0,1000000,3000,4
427581,427581,1710324,3078,41,164,228.0,0.0,228.0,293,293,164.9268292682927,6,0,1000000,3000,4
427611,427611,1710444,3079,30,120,248.0,0.0,248.0,312,312,151.93333333333334,7,0,1000000,3000,4
427720,427720,1710880,3080,109,436,612.0,0.0,612.0,690,690,378.13761467889907,14,0,1000000,3000,4
427753,427753,1711012,3081,33,132,246.0,0.0,246.0,310,310,152.8181818181818,7,0,1000000,3000,4
427834,427834,1711336,3082,81,324,610.0,0.0,610.0,684,684,331.679012345679,14,0,1000000,3000,4
428095,428095,1712380,3083,261,1044,1555.0,0.0,1555.0,1665,1665,807.7816091954023,34,0,1000000,3000,4
428338,428338,1713352,3084,243,972,1848.0,0.0,1848.0,1954,1954,897.1769547325102,40,0,1000000,3000,4
428422,428422,1713688,3085,84,336,626.0,0.0,626.0,700,700,378.9761904761905,15,0,1000000,3000,4
428677,428677,1714708,3086,255,1020,1545.0,0.0,1545.0,1653,1653,839.1529411764706,34,0,1000000,3000,4
428716,428716,1714864,3087,39,156,234.0,0.0,234.0,299,299,155.43589743589743,6,0,1000000,3000,4
428750,428750,1715000,3088,34,136,251.0,0.0,251.0,315,315,154.0,7,0,1000000,3000,4
428977,428977,1715908,3089,227,908,1420.0,0.0,1420.0,1523,1523,754.8502202643172,31,0,1000000,3000,4
429049,429049,1716196,3090,72,288,620.0,0.0,620.0,692,692,362.84722222222223,14,0,1000000,3000,4
429260,429260,1717040,3091,211,844,1329.0,0.0,1329.0,1428,1428,729.2938388625593,29,0,1000000,3000,4
429460,429460,1717840,3092,200,800,1034.0,0.0,1034.0,1128,1128,631.795,23,0,1000000,3000,4
429504,429504,1718016,3093,44,176,223.0,0.0,223.0,288,288,166.63636363636363,6,0,1000000,3000,4
429611,429611,1718444,3094,107,428,600.0,0.0,600.0,678,678,391.41121495327104,14,0,1000000,3000,4
429685,429685,1718740,3095,74,296,606.0,0.0,606.0,677,677,329.7432432432432,14,0,1000000,3000,4
429782,429782,1719128,3096,97,388,609.0,0.0,609.0,686,686,385.36082474226805,14,0,1000000,3000,4
430033,430033,1720132,3097,251,1004,1124.0,0.0,1124.0,1231,1231,716.9721115537849,25,0,1000000,3000,4
430074,430074,1720296,3098,41,164,230.0,0.0,230.0,295,295,160.8780487804878,6,0,1000000,3000,4
430172,430172,1720688,3099,98,392,623.0,0.0,623.0,699,699,363.59183673469386,14,0,1000000,3000,4
430210,430210,1720840,3100,38,152,238.0,0.0,238.0,301,301,159.6578947368421,7,0,1000000,3000,4
430243,430243,1720972,3101,33,132,242.0,0.0,242.0,305,305,167.0909090909091,7,0,1000000,3000,4
430389,430389,1721556,3102,146,584,638.0,0.0,638.0,722,723,466.04794520547944,15,0,1000000,3000,4
430497,430497,1721988,3103,108,432,600.0,0.0,600.0,679,679,399.51851851851853,14,0,1000000,3000,4
430725,430725,1722900,3104,228,912,1308.0,0.0,1308.0,1409,1409,678.1052631578947,29,0,1000000,3000,4
430863,430863,1723452,3105,138,552,1046.0,0.0,1046.0,1130,1130,628.9057971014493,23,0,1000000,3000,4
430895,430895,1723580,3106,32,128,241.0,0.0,241.0,305,305,159.0625,7,0,1000000,3000,4
430939,430939,1723756,3107,44,176,221.0,0.0,221.0,287,287,165.86363636363637,6,0,1000000,3000,4
430986,430986,1723944,3108,47,188,220.0,0.0,220.0,286,286,162.6595744680851,6,0,1000000,3000,4
431223,431223,1724892,3109,237,948,1424.0,0.0,1424.0,1529,1529,746.2489451476794,31,0,1000000,3000,4
431260,431260,1725040,3110,37,148,243.0,0.0,243.0,308,308,148.7027027027027,7,0,1000000,3000,4
431387,431387,1725548,3111,127,508,730.0,0.0,730.0,812,812,478.11811023622045,17,0,1000000,3000,4
431548,431548,1726192,3112,161,644,1040.0,0.0,1040.0,1128,1128,600.8757763975156,23,0,1000000,3000,4
431679,431679,1726716,3113,131,524,590.0,0.0,590.0,673,673,391.59541984732823,14,0,1000000,3000,4
431781,431781,1727124,3114,102,408,615.0,0.0,615.0,692,692,365.22549019607845,14,0,1000000,3000,4
431813,431813,1727252,3115,32,128,251.0,0.0,251.0,315,315,150.125,7,0,1000000,3000,4
431859,431859,1727436,3116,46,184,229.0,0.0,229.0,294,294,147.19565217391303,6,0,1000000,3000,4
431931,431931,1727724,3117,72,288,608.0,0.0,608.0,680,680,296.5138888888889,14,0,1000000,3000,4
432123,432123,1728492,3118,192,768,1139.0,0.0,1139.0,1234,1234,590.0364583333334,25,0,1000000,3000,4
432161,432161,1728644,3119,38,152,238.0,0.0,238.0,303,303,161.1578947368421,7,0,1000000,3000,4
432391,432391,1729564,3120,230,920,1131.0,0.0,1131.0,1232,1232,623.5434782608696,25,0,1000000,3000,4
432544,432544,1730176,3121,153,612,1051.0,0.0,1051.0,1137,1137,577.3594771241831,23,0,1000000,3000,4
432582,432582,1730328,3122,38,152,248.0,0.0,248.0,313,313,135.73684210526315,7,0,1000000,3000,4
432615,432615,1730460,3123,33,132,247.0,0.0,247.0,311,311,149.93939393939394,7,0,1000000,3000,4
432759,432759,1731036,3124,144,576,606.0,0.0,606.0,691,691,458.72222222222223,14,0,1000000,3000,4
432793,432793,1731172,3125,34,136,246.0,0.0,246.0,309,309,156.94117647058823,7,0,1000000,3000,4
432867,432867,1731468,3126,74,296,619.0,0.0,619.0,690,690,351.85135135135135,14,0,1000000,3000,4
432901,432901,1731604,3127,34,136,243.0,0.0,243.0,307,307,155.11764705882354,7,0,1000000,3000,4
432978,432978,1731912,3128,77,308,632.0,0.0,632.0,705,705,386.6363636363636,15,0,1000000,3000,4
433009,433009,1732036,3129,31,124,250.0,0.0,250.0,314,314,149.06451612903226,7,0,1000000,3000,4
433041,433041,1732164,3130,32,128,243.0,0.0,243.0,305,305,163.625,7,0,1000000,3000,4
433082,433082,1732328,3131,41,164,232.0,0.0,232.0,297,297,162.90243902439025,6,0,1000000,3000,4
433119,433119,1732476,3132,37,148,229.0,0.0,229.0,294,294,165.7027027027027,6,0,1000000,3000,4
433267,433267,1733068,3133,148,592,814.0,0.0,814.0,898,898,528.7567567567568,18,0,1000000,3000,4
433304,433304,1733216,3134,37,148,234.0,0.0,234.0,298,298,168.02702702702703,6,0,1000000,3000,4
433456,433456,1733824,3135,152,608,773.0,0.0,773.0,861,861,530.0723684210526,18,0,1000000,3000,4
433487,433487,1733948,3136,31,124,249.0,0.0,249.0,313,313,152.41935483870967,7,0,1000000,3000,4
433518,433518,1734072,3137,31,124,246.0,0.0,246.0,310,310,157.2258064516129,7,0,1000000,3000,4
433592,433592,1734368,3138,74,296,609.0,0.0,609.0,681,681,321.55405405405406,14,0,1000000,3000,4
433670,433670,1734680,3139,78,312,632.0,0.0,632.0,705,705,391.84615384615387,15,0,1000000,3000,4
433701,433701,1734804,3140,31,124,248.0,0.0,248.0,312,312,154.80645161290323,7,0,1000000,3000,4
433794,433794,1735176,3141,93,372,607.0,0.0,607.0,683,683,359.96774193548384,14,0,1000000,3000,4
433825,433825,1735300,3142,31,124,248.0,0.0,248.0,312,312,148.25806451612902,7,0,1000000,3000,4
433918,433918,1735672,3143,93,372,616.0,0.0,616.0,692,692,397.6236559139785,14,0,1000000,3000,4
434080,434080,1736320,3144,162,648,1343.0,0.0,1343.0,1433,1433,731.179012345679,29,0,1000000,3000,4
434111,434111,1736444,3145,31,124,249.0,0.0,249.0,312,312,154.93548387096774,7,0,1000000,3000,4
434300,434300,1737200,3146,189,756,1337.0,0.0,1337.0,1432,1432,701.4074074074074,29,0,1000000,3000,4
434338,434338,1737352,3147,38,152,237.0,0.0,237.0,300,300,163.31578947368422,7,0,1000000,3000,4
434465,434465,1737860,3148,127,508,1046.0,0.0,1046.0,1126,1126,609.0314960629921,23,0,1000000,3000,4
434499,434499,1737996,3149,34,136,246.0,0.0,246.0,309,309,151.47058823529412,7,0,1000000,3000,4
434578,434578,1738312,3150,79,316,634.0,0.0,634.0,707,707,365.2911392405063,15,0,1000000,3000,4
434738,434738,1738952,3151,160,640,717.0,0.0,717.0,805,805,497.6625,17,0,1000000,3000,4
434822,434822,1739288,3152,84,336,651.0,0.0,651.0,722,722,365.07142857142856,15,0,1000000,3000,4
434920,434920,1739680,3153,98,392,632.0,0.0,632.0,709,709,394.8469387755102,15,0,1000000,3000,4
435065,435065,1740260,3154,145,580,1046.0,0.0,1046.0,1130,1130,623.1310344827587,23,0,1000000,3000,4
435094,435094,1740376,3155,29,116,250.0,0.0,250.0,313,313,154.6206896551724,7,0,1000000,3000,4
435249,435249,1740996,3156,155,620,1157.0,0.0,1157.0,1246,1246,586.1677419354838,25,0,1000000,3000,4
435279,435279,1741116,3157,30,120,245.0,0.0,245.0,308,308,163.73333333333332,7,0,1000000,3000,4
435317,435317,1741268,3158,38,152,236.0,0.0,236.0,300,300,164.76315789473685,7,0,1000000,3000,4
435457,435457,1741828,3159,140,560,780.0,0.0,780.0,864,864,513.2642857142857,18,0,1000000,3000,4
435541,435541,1742164,3160,84,336,613.0,0.0,613.0,686,686,336.0357142857143,14,0,1000000,3000,4
435577,435577,1742308,3161,36,144,245.0,0.0,245.0,309,309,153.52777777777777,7,0,1000000,3000,4
435608,435608,1742432,3162,31,124,246.0,0.0,246.0,309,309,156.96774193548387,7,0,1000000,3000,4
435710,435710,1742840,3163,102,408,629.0,0.0,629.0,707,707,366.80392156862746,15,0,1000000,3000,4
435980,435980,1743920,3164,270,1080,1673.0,0.0,1673.0,1783,1783,945.2259259259259,36,0,1000000,3000,4
436148,436148,1744592,3165,168,672,1037.0,0.0,1037.0,1125,1125,618.827380952381,23,0,1000000,3000,4
436350,436350,1745400,3166,202,808,1330.0,0.0,1330.0,1426,1426,744.8762376237623,29,0,1000000,3000,4
436436,436436,1745744,3167,86,344,628.0,0.0,628.0,701,701,376.56976744186045,15,0,1000000,3000,4
436619,436619,1746476,3168,183,732,1316.0,0.0,1316.0,1408,1408,672.0327868852459,29,0,1000000,3000,4
436659,436659,1746636,3169,40,160,231.0,0.0,231.0,296,296,165.3,6,0,1000000,3000,4
436822,436822,1747288,3170,163,652,745.0,0.0,745.0,835,835,514.9018404907976,17,0,1000000,3000,4
436858,436858,1747432,3171,36,144,240.0,0.0,240.0,305,305,152.33333333333334,7,0,1000000,3000,4
436897,436897,1747588,3172,39,156,238.0,0.0,238.0,302,302,159.23076923076923,7,0,1000000,3000,4
437005,437005,1748020,3173,108,432,633.0,0.0,633.0,711,711,380.51851851851853,15,0,1000000,3000,4
437039,437039,1748156,3174,34,136,242.0,0.0,242.0,304,304,158.6764705882353,7,0,1000000,3000,4
437075,437075,1748300,3175,36,144,238.0,0.0,238.0,302,302,163.83333333333334,7,0,1000000,3000,4
437114,437114,1748456,3176,39,156,233.0,0.0,233.0,298,298,155.89743589743588,6,0,1000000,3000,4
437150,437150,1748600,3177,36,144,239.0,0.0,239.0,303,303,160.05555555555554,7,0,1000000,3000,4
437190,437190,1748760,3178,40,160,237.0,0.0,237.0,301,301,156.775,7,0,1000000,3000,4
437227,437227,1748908,3179,37,148,236.0,0.0,236.0,300,300,168.0,7,0,1000000,3000,4
437266,437266,1749064,3180,39,156,238.0,0.0,238.0,302,302,158.05128205128204,7,0,1000000,3000,4
437306,437306,1749224,3181,40,160,235.0,0.0,235.0,298,298,161.575,6,0,1000000,3000,4
437346,437346,1749384,3182,40,160,235.0,0.0,235.0,300,300,159.8,7,0,1000000,3000,4
437540,437540,1750160,3183,194,776,1166.0,0.0,1166.0,1261,1261,641.3969072164948,26,0,1000000,3000,4
437571,437571,1750284,3184,31,124,244.0,0.0,244.0,307,307,166.16129032258064,7,0,1000000,3000,4
437609,437609,1750436,3185,38,152,241.0,0.0,241.0,306,306,150.76315789473685,7,0,1000000,3000,4
437731,437731,1750924,3186,122,488,578.0,0.0,578.0,659,659,406.05737704918033,14,0,1000000,3000,4
437915,437915,1751660,3187,184,736,1134.0,0.0,1134.0,1225,1225,696.0163043478261,25,0,1000000,3000,4
437953,437953,1751812,3188,38,152,233.0,0.0,233.0,297,297,157.1578947368421,6,0,1000000,3000,4
438191,438191,1752764,3189,238,952,1328.0,0.0,1328.0,1433,1433,729.1806722689075,29,0,1000000,3000,4
438482,438482,1753928,3190,291,1164,1316.0,0.0,1316.0,1432,1432,737.6013745704468,29,0,1000000,3000,4
438676,438676,1754704,3191,194,776,706.0,0.0,706.0,801,801,483.7319587628866,17,0,1000000,3000,4
438748,438748,1754992,3192,72,288,612.0,0.0,612.0,684,684,351.5,14,0,1000000,3000,4
438782,438782,1755128,3193,34,136,236.0,0.0,236.0,299,299,164.2941176470588,6,0,1000000,3000,4
438846,438846,1755384,3194,64,256,609.0,0.0,609.0,679,679,331.3125,14,0,1000000,3000,4
439065,439065,1756260,3195,219,876,738.0,0.0,738.0,838,838,600.9954337899543,17,0,1000000,3000,4
439254,439254,1757016,3196,189,756,1163.0,0.0,1163.0,1257,1257,630.2116402116402,26,0,1000000,3000,4
439297,439297,1757188,3197,43,172,224.0,0.0,224.0,288,288,167.8139534883721,6,0,1000000,3000,4
439471,439471,1757884,3198,174,696,778.0,0.0,778.0,869,869,522.0,18,0,1000000,3000,4
439663,439663,1758652,3199,192,768,1033.0,0.0,1033.0,1127,1127,595.4895833333334,23,0,1000000,3000,4
439758,439758,1759032,3200,95,380,629.0,0.0,629.0,704,704,382.2421052631579,15,0,1000000,3000,4
439836,439836,1759344,3201,78,312,622.0,0.0,622.0,695,695,362.12820512820514,14,0,1000000,3000,4
439925,439925,1759700,3202,89,356,619.0,0.0,619.0,693,693,396.91011235955057,14,0,1000000,3000,4
439959,439959,1759836,3203,34,136,248.0,0.0,248.0,312,312,153.2941176470588,7,0,1000000,3000,4
440047,440047,1760188,3204,88,352,634.0,0.0,634.0,708,708,382.82954545454544,15,0,1000000,3000,4
440209,440209,1760836,3205,162,648,1037.0,0.0,1037.0,1125,1125,638.5679012345679,23,0,1000000,3000,4
440241,440241,1760964,3206,32,128,248.0,0.0,248.0,311,311,147.375,7,0,1000000,3000,4
440509,440509,1762036,3207,268,1072,1296.0,0.0,1296.0,1406,1406,747.9776119402985,29,0,1000000,3000,4
440688,440688,1762752,3208,179,716,1150.0,0.0,1150.0,1243,1243,603.245810055866,25,0,1000000,3000,4
440732,440732,1762928,3209,44,176,227.0,0.0,227.0,292,292,162.1590909090909,6,0,1000000,3000,4
440772,440772,1763088,3210,40,160,236.0,0.0,236.0,300,300,155.875,7,0,1000000,3000,4
440806,440806,1763224,3211,34,136,244.0,0.0,244.0,308,308,161.64705882352942,7,0,1000000,3000,4
440977,440977,1763908,3212,171,684,1047.0,0.0,1047.0,1138,1138,594.2982456140351,23,0,1000000,3000,4
441022,441022,1764088,3213,45,180,230.0,0.0,230.0,296,296,146.9111111111111,6,0,1000000,3000,4
441241,441241,1764964,3214,219,876,1335.0,0.0,1335.0,1436,1436,669.7899543378995,29,0,1000000,3000,4
441444,441444,1765776,3215,203,812,1031.0,0.0,1031.0,1127,1127,585.8669950738916,23,0,1000000,3000,4
441480,441480,1765920,3216,36,144,245.0,0.0,245.0,309,309,150.77777777777777,7,0,1000000,3000,4
441522,441522,1766088,3217,42,168,223.0,0.0,223.0,288,288,166.73809523809524,6,0,1000000,3000,4
441772,441772,1767088,3218,250,1000,1388.0,0.0,1388.0,1494,1494,744.872,30,0,1000000,3000,4
441861,441861,1767444,3219,89,356,635.0,0.0,635.0,710,710,376.2247191011236,15,0,1000000,3000,4
441963,441963,1767852,3220,102,408,612.0,0.0,612.0,690,690,325.6764705882353,14,0,1000000,3000,4
442066,442066,1768264,3221,103,412,605.0,0.0,605.0,683,683,311.84466019417476,14,0,1000000,3000,4
442115,442115,1768460,3222,49,196,234.0,0.0,234.0,300,300,129.89795918367346,7,0,1000000,3000,4
442317,442317,1769268,3223,202,808,1042.0,0.0,1042.0,1138,1138,675.8019801980198,23,0,1000000,3000,4
442445,442445,1769780,3224,128,512,582.0,0.0,582.0,663,663,385.7734375,14,0,1000000,3000,4
442537,442537,1770148,3225,92,368,603.0,0.0,603.0,679,679,314.39130434782606,14,0,1000000,3000,4
442696,442696,1770784,3226,159,636,1050.0,0.0,1050.0,1137,1137,640.2641509433962,23,0,1000000,3000,4
442913,442913,1771652,3227,217,868,737.0,0.0,737.0,838,838,545.2903225806451,17,0,1000000,3000,4
442951,442951,1771804,3228,38,152,246.0,0.0,246.0,309,309,147.68421052631578,7,0,1000000,3000,4
442986,442986,1771944,3229,35,140,237.0,0.0,237.0,301,301,158.37142857142857,7,0,1000000,3000,4
443213,443213,1772852,3230,227,908,1036.0,0.0,1036.0,1137,1137,705.5110132158591,23,0,1000000,3000,4
443415,443415,1773660,3231,202,808,1319.0,0.0,1319.0,1415,1415,670.0792079207921,29,0,1000000,3000,4
443515,443515,1774060,3232,100,400,624.0,0.0,624.0,701,701,368.28,15,0,1000000,3000,4
443558,443558,1774232,3233,43,172,232.0,0.0,232.0,296,296,150.2093023255814,6,0,1000000,3000,4
443664,443664,1774656,3234,106,424,606.0,0.0,606.0,683,683,386.2169811320755,14,0,1000000,3000,4
443869,443869,1775476,3235,205,820,1035.0,0.0,1035.0,1132,1132,704.5268292682927,23,0,1000000,3000,4
444088,444088,1776352,3236,219,876,1028.0,0.0,1028.0,1126,1126,599.3926940639269,23,0,1000000,3000,4
444410,444410,1777640,3237,322,1288,1815.0,0.0,1815.0,1936,1936,967.1987577639752,39,0,1000000,3000,4
444450,444450,1777800,3238,40,160,230.0,0.0,230.0,295,295,158.05,6,0,1000000,3000,4
444724,444724,1778896,3239,274,1096,1554.0,0.0,1554.0,1666,1666,784.6277372262774,34,0,1000000,3000,4
444784,444784,1779136,3240,60,240,609.0,0.0,609.0,679,679,336.81666666666666,14,0,1000000,3000,4
444828,444828,1779312,3241,44,176,216.0,0.0,216.0,281,281,175.63636363636363,6,0,1000000,3000,4
444976,444976,1779904,3242,148,592,638.0,0.0,638.0,722,723,492.5337837837838,15,0,1000000,3000,4
445011,445011,1780044,3243,35,140,236.0,0.0,236.0,301,301,159.17142857142858,7,0,1000000,3000,4
445131,445131,1780524,3244,120,480,617.0,0.0,617.0,697,697,376.40833333333336,14,0,1000000,3000,4
445290,445290,1781160,3245,159,636,636.0,0.0,636.0,722,724,493.8301886792453,15,0,1000000,3000,4
445389,445389,1781556,3246,99,396,614.0,0.0,614.0,691,691,397.06060606060606,14,0,1000000,3000,4
445508,445508,1782032,3247,119,476,599.0,0.0,599.0,678,678,330.66386554621846,14,0,1000000,3000,4
446449,446449,1785796,3248,941,3764,892.0,0.0,892.0,1137,1137,736.8352816153028,23,0,1000000,3000,4
446829,446829,1787316,3249,380,1520,996.0,0.0,996.0,1126,1126,801.1315789473684,23,0,1000000,3000,4
446865,446865,1787460,3250,36,144,241.0,0.0,241.0,305,305,150.69444444444446,7,0,1000000,3000,4
447185,447185,1788740,3251,320,1280,1009.0,0.0,1009.0,1127,1127,698.121875,23,0,1000000,3000,4
447356,447356,1789424,3252,171,684,809.0,0.0,809.0,898,898,595.6432748538011,18,0,1000000,3000,4
447407,447407,1789628,3253,51,204,207.0,0.0,207.0,274,274,168.7843137254902,6,0,1000000,3000,4
447486,447486,1789944,3254,79,316,619.0,0.0,619.0,692,692,341.8481012658228,14,0,1000000,3000,4
447592,447592,1790368,3255,106,424,609.0,0.0,609.0,686,686,389.16037735849056,14,0,1000000,3000,4
447815,447815,1791260,3256,223,892,1428.0,0.0,1428.0,1530,1530,733.8923766816143,31,0,1000000,3000,4
447849,447849,1791396,3257,34,136,250.0,0.0,250.0,314,314,147.14705882352942,7,0,1000000,3000,4
448263,448263,1793052,3258,414,1656,726.0,0.0,726.0,865,865,633.8164251207729,18,0,1000000,3000,4
448568,448568,1794272,3259,305,1220,1398.0,0.0,1398.0,1515,1515,780.5311475409836,31,0,1000000,3000,4
448673,448673,1794692,3260,105,420,599.0,0.0,599.0,677,677,410.42857142857144,14,0,1000000,3000,4
449011,449011,1796044,3261,338,1352,1554.0,0.0,1554.0,1679,1679,809.9881656804733,34,0,1000000,3000,4
449047,449047,1796188,3262,36,144,232.0,0.0,232.0,296,296,171.58333333333334,6,0,1000000,3000,4
449381,449381,1797524,3263,334,1336,1293.0,0.0,1293.0,1415,1415,786.9461077844311,29,0,1000000,3000,4
449714,449714,1798856,3264,333,1332,1400.0,0.0,1400.0,1523,1523,714.3753753753754,31,0,1000000,3000,4
449941,449941,1799764,3265,227,908,1683.0,0.0,1683.0,1785,1785,874.4581497797357,36,0,1000000,3000,4
450131,450131,1800524,3266,190,760,1034.0,0.0,1034.0,1128,1128,678.3684210526316,23,0,1000000,3000,4
450413,450413,1801652,3267,282,1128,1309.0,0.0,1309.0,1423,1423,780.7375886524823,29,0,1000000,3000,4
450452,450452,1801808,3268,39,156,244.0,0.0,244.0,309,309,140.2051282051282,7,0,1000000,3000,4
450489,450489,1801956,3269,37,148,242.0,0.0,242.0,306,306,157.9189189189189,7,0,1000000,3000,4
450527,450527,1802108,3270,38,152,230.0,0.0,230.0,294,294,171.8684210526316,6,0,1000000,3000,4
450736,450736,1802944,3271,209,836,1326.0,0.0,1326.0,1425,1425,734.2679425837321,29,0,1000000,3000,4
450943,450943,1803772,3272,207,828,1052.0,0.0,1052.0,1151,1151,627.3526570048309,24,0,1000000,3000,4
450987,450987,1803948,3273,44,176,226.0,0.0,226.0,291,291,163.36363636363637,6,0,1000000,3000,4
451179,451179,1804716,3274,192,768,754.0,0.0,754.0,849,849,518.234375,17,0,1000000,3000,4
451298,451298,1805192,3275,119,476,592.0,0.0,592.0,672,672,391.7310924369748,14,0,1000000,3000,4
451393,451393,1805572,3276,95,380,620.0,0.0,620.0,696,696,377.90526315789475,14,0,1000000,3000,4
451443,451443,1805772,3277,50,200,226.0,0.0,226.0,293,293,141.94,6,0,1000000,3000,4
451632,451632,1806528,3278,189,756,1036.0,0.0,1036.0,1129,1129,609.2962962962963,23,0,1000000,3000,4
451718,451718,1806872,3279,86,344,607.0,0.0,607.0,682,682,340.75581395348837,14,0,1000000,3000,4
451811,451811,1807244,3280,93,372,609.0,0.0,609.0,684,684,399.23655913978496,14,0,1000000,3000,4
452065,452065,1808260,3281,254,1016,1022.0,0.0,1022.0,1128,1128,645.6771653543307,23,0,1000000,3000,4
452152,452152,1808608,3282,87,348,635.0,0.0,635.0,709,709,382.3448275862069,15,0,1000000,3000,4
452183,452183,1808732,3283,31,124,250.0,0.0,250.0,314,314,153.4516129032258,7,0,1000000,3000,4
452445,452445,1809780,3284,262,1048,1684.0,0.0,1684.0,1793,1793,916.7862595419847,36,0,1000000,3000,4
452550,452550,1810200,3285,105,420,614.0,0.0,614.0,692,692,406.6952380952381,14,0,1000000,3000,4
452801,452801,1811204,3286,251,1004,1032.0,0.0,1032.0,1139,1139,702.3027888446215,23,0,1000000,3000,4
452955,452955,1811820,3287,154,616,760.0,0.0,760.0,847,847,503.84415584415586,17,0,1000000,3000,4
452994,452994,1811976,3288,39,156,242.0,0.0,242.0,307,307,139.74358974358975,7,0,1000000,3000,4
453093,453093,1812372,3289,99,396,612.0,0.0,612.0,689,689,329.26262626262627,14,0,1000000,3000,4
453309,453309,1813236,3290,216,864,1028.0,0.0,1028.0,1127,1127,646.949074074074,23,0,1000000,3000,4
453427,453427,1813708,3291,118,472,624.0,0.0,624.0,705,705,357.6779661016949,15,0,1000000,3000,4
453679,453679,1814716,3292,252,1008,1849.0,0.0,1849.0,1957,1957,901.5238095238095,40,0,1000000,3000,4
453766,453766,1815064,3293,87,348,613.0,0.0,613.0,687,687,395.13793103448273,14,0,1000000,3000,4
453936,453936,1815744,3294,170,680,1049.0,0.0,1049.0,1138,1138,603.7176470588236,23,0,1000000,3000,4
453976,453976,1815904,3295,40,160,242.0,0.0,242.0,307,307,148.575,7,0,1000000,3000,4
454109,454109,1816436,3296,133,532,764.0,0.0,764.0,847,847,505.5187969924812,17,0,1000000,3000,4
454340,454340,1817360,3297,231,924,1331.0,0.0,1331.0,1435,1435,666.8528138528138,29,0,1000000,3000,4
454416,454416,1817664,3298,76,304,604.0,0.0,604.0,677,677,335.5,14,0,1000000,3000,4
454504,454504,1818016,3299,88,352,608.0,0.0,608.0,683,683,358.5,14,0,1000000,3000,4
454700,454700,1818800,3300,196,784,1340.0,0.0,1340.0,1437,1437,743.1785714285714,29,0,1000000,3000,4
454735,454735,1818940,3301,35,140,246.0,0.0,246.0,311,311,149.28571428571428,7,0,1000000,3000,4
454974,454974,1819896,3302,239,956,1328.0,0.0,1328.0,1428,1428,590.5397489539749,29,0,1000000,3000,4
455012,455012,1820048,3303,38,152,240.0,0.0,240.0,305,305,153.10526315789474,7,0,1000000,3000,4
455049,455049,1820196,3304,37,148,250.0,0.0,250.0,315,315,141.78378378378378,7,0,1000000,3000,4
455195,455195,1820780,3305,146,584,1044.0,0.0,1044.0,1128,1128,629.9589041095891,23,0,1000000,3000,4
455275,455275,1821100,3306,80,320,630.0,0.0,630.0,702,702,375.9125,15,0,1000000,3000,4
455360,455360,1821440,3307,85,340,620.0,0.0,620.0,693,693,362.2705882352941,14,0,1000000,3000,4
455392,455392,1821568,3308,32,128,242.0,0.0,242.0,306,306,155.09375,7,0,1000000,3000,4
455515,455515,1822060,3309,123,492,1069.0,0.0,1069.0,1151,1151,556.69918699187,24,0,1000000,3000,4
455548,455548,1822192,3310,33,132,250.0,0.0,250.0,314,314,143.8181818181818,7,0,1000000,3000,4
455766,455766,1823064,3311,218,872,1051.0,0.0,1051.0,1152,1152,621.9036697247707,24,0,1000000,3000,4
455799,455799,1823196,3312,33,132,244.0,0.0,244.0,307,307,164.0909090909091,7,0,1000000,3000,4
456000,456000,1824000,3313,201,804,1040.0,0.0,1040.0,1136,1136,627.1044776119403,23,0,1000000,3000,4
456040,456040,1824160,3314,40,160,232.0,0.0,232.0,296,296,159.0,6,0,1000000,3000,4
456289,456289,1825156,3315,249,996,1335.0,0.0,1335.0,1442,1442,676.9759036144578,29,0,1000000,3000,4
456367,456367,1825468,3316,78,312,606.0,0.0,606.0,679,679,333.2307692307692,14,0,1000000,3000,4
456542,456542,1826168,3317,175,700,1037.0,0.0,1037.0,1127,1127,600.5657142857143,23,0,1000000,3000,4
456690,456690,1826760,3318,148,592,1038.0,0.0,1038.0,1123,1123,526.7162162162163,23,0,1000000,3000,4
456726,456726,1826904,3319,36,144,234.0,0.0,234.0,297,297,167.08333333333334,6,0,1000000,3000,4
456834,456834,1827336,3320,108,432,619.0,0.0,619.0,698,698,347.4074074074074,14,0,1000000,3000,4
456975,456975,1827900,3321,141,564,1149.0,0.0,1149.0,1235,1235,601.7801418439716,25,0,1000000,3000,4
457108,457108,1828432,3322,133,532,742.0,0.0,742.0,825,825,477.43609022556393,17,0,1000000,3000,4
457256,457256,1829024,3323,148,592,814.0,0.0,814.0,898,899,580.8445945945946,18,0,1000000,3000,4
457398,457398,1829592,3324,142,568,719.0,0.0,719.0,803,803,501.49295774647885,17,0,1000000,3000,4
457437,457437,1829748,3325,39,156,237.0,0.0,237.0,301,301,153.56410256410257,7,0,1000000,3000,4
457531,457531,1830124,3326,94,376,649.0,0.0,649.0,722,722,385.0425531914894,15,0,1000000,3000,4
457611,457611,1830444,3327,80,320,634.0,0.0,634.0,707,707,369.1125,15,0,1000000,3000,4
457731,457731,1830924,3328,120,480,594.0,0.0,594.0,675,675,383.3666666666667,14,0,1000000,3000,4
457812,457812,1831248,3329,81,324,611.0,0.0,611.0,684,684,346.75308641975306,14,0,1000000,3000,4
457930,457930,1831720,3330,118,472,607.0,0.0,607.0,688,688,373.59322033898303,14,0,1000000,3000,4
458041,458041,1832164,3331,111,444,748.0,0.0,748.0,827,827,510.2432432432432,17,0,1000000,3000,4
458241,458241,1832964,3332,200,800,1307.0,0.0,1307.0,1404,1404,693.815,29,0,1000000,3000,4
458316,458316,1833264,3333,75,300,638.0,0.0,638.0,711,711,388.24,15,0,1000000,3000,4
458354,458354,1833416,3334,38,152,228.0,0.0,228.0,292,292,170.76315789473685,6,0,1000000,3000,4
458538,458538,1834152,3335,184,736,1039.0,0.0,1039.0,1131,1131,614.0869565217391,23,0,1000000,3000,4
458577,458577,1834308,3336,39,156,242.0,0.0,242.0,307,307,153.25641025641025,7,0,1000000,3000,4
458663,458663,1834652,3337,86,344,650.0,0.0,650.0,722,723,389.54651162790697,15,0,1000000,3000,4
458764,458764,1835056,3338,101,404,614.0,0.0,614.0,692,692,380.18811881188117,14,0,1000000,3000,4
458801,458801,1835204,3339,37,148,239.0,0.0,239.0,303,303,159.48648648648648,7,0,1000000,3000,4
458832,458832,1835328,3340,31,124,248.0,0.0,248.0,312,312,152.93548387096774,7,0,1000000,3000,4
458932,458932,1835728,3341,100,400,605.0,0.0,605.0,682,682,402.16,14,0,1000000,3000,4
459075,459075,1836300,3342,143,572,751.0,0.0,751.0,836,836,480.1958041958042,17,0,1000000,3000,4
459330,459330,1837320,3343,255,1020,1122.0,0.0,1122.0,1230,1230,653.4705882352941,25,0,1000000,3000,4
459682,459682,1838728,3344,352,1408,1307.0,0.0,1307.0,1435,1435,723.2471590909091,29,0,1000000,3000,4
459774,459774,1839096,3345,92,368,619.0,0.0,619.0,694,694,383.55434782608694,14,0,1000000,3000,4
459884,459884,1839536,3346,110,440,626.0,0.0,626.0,705,705,362.96363636363634,15,0,1000000,3000,4
460057,460057,1840228,3347,173,692,809.0,0.0,809.0,898,898,588.2254335260116,18,0,1000000,3000,4
460283,460283,1841132,3348,226,904,1035.0,0.0,1035.0,1137,1137,666.8407079646017,23,0,1000000,3000,4
460427,460427,1841708,3349,144,576,718.0,0.0,718.0,803,803,492.78472222222223,17,0,1000000,3000,4
460536,460536,1842144,3350,109,436,632.0,0.0,632.0,709,709,365.1559633027523,15,0,1000000,3000,4
460629,460629,1842516,3351,93,372,627.0,0.0,627.0,701,701,366.64516129032256,15,0,1000000,3000,4
460728,460728,1842912,3352,99,396,617.0,0.0,617.0,694,694,381.6363636363636,14,0,1000000,3000,4
460830,460830,1843320,3353,102,408,614.0,0.0,614.0,691,691,375.38235294117646,14,0,1000000,3000,4
461019,461019,1844076,3354,189,756,1043.0,0.0,1043.0,1136,1136,611.1587301587301,23,0,1000000,3000,4
461111,461111,1844444,3355,92,368,632.0,0.0,632.0,708,708,357.3695652173913,15,0,1000000,3000,4
461338,461338,1845352,3356,227,908,1331.0,0.0,1331.0,1434,1434,717.5859030837005,29,0,1000000,3000,4
461403,461403,1845612,3357,65,260,607.0,0.0,607.0,677,677,315.03076923076924,14,0,1000000,3000,4
461627,461627,1846508,3358,224,896,1031.0,0.0,1031.0,1131,1131,624.6875,23,0,1000000,3000,4
461902,461902,1847608,3359,275,1100,1016.0,0.0,1016.0,1126,1126,685.3272727272728,23,0,1000000,3000,4
462125,462125,1848500,3360,223,892,1327.0,0.0,1327.0,1429,1429,721.0089686098655,29,0,1000000,3000,4
462357,462357,1849428,3361,232,928,1677.0,0.0,1677.0,1781,1781,852.6551724137931,36,0,1000000,3000,4
462665,462665,1850660,3362,308,1232,1009.0,0.0,1009.0,1125,1125,684.9090909090909,23,0,1000000,3000,4
462750,462750,1851000,3363,85,340,637.0,0.0,637.0,712,712,372.08235294117645,15,0,1000000,3000,4
462789,462789,1851156,3364,39,156,244.0,0.0,244.0,309,309,147.76923076923077,7,0,1000000,3000,4
462823,462823,1851292,3365,34,136,243.0,0.0,243.0,307,307,163.94117647058823,7,0,1000000,3000,4
462905,462905,1851620,3366,82,328,633.0,0.0,633.0,706,706,387.6829268292683,15,0,1000000,3000,4
463150,463150,1852600,3367,245,980,1305.0,0.0,1305.0,1410,1410,700.6367346938775,29,0,1000000,3000,4
463181,463181,1852724,3368,31,124,250.0,0.0,250.0,312,312,151.83870967741936,7,0,1000000,3000,4
463269,463269,1853076,3369,88,352,631.0,0.0,631.0,706,706,384.29545454545456,15,0,1000000,3000,4
463308,463308,1853232,3370,39,156,233.0,0.0,233.0,298,298,152.4102564102564,6,0,1000000,3000,4
463345,463345,1853380,3371,37,148,246.0,0.0,246.0,310,310,140.21621621621622,7,0,1000000,3000,4
463414,463414,1853656,3372,69,276,618.0,0.0,618.0,688,688,338.69565217391306,14,0,1000000,3000,4
463460,463460,1853840,3373,46,184,221.0,0.0,221.0,287,287,162.69565217391303,6,0,1000000,3000,4
463499,463499,1853996,3374,39,156,241.0,0.0,241.0,304,304,147.51282051282053,7,0,1000000,3000,4
463619,463619,1854476,3375,120,480,604.0,0.0,604.0,685,685,375.7416666666667,14,0,1000000,3000,4
463734,463734,1854936,3376,115,460,619.0,0.0,619.0,698,698,374.5130434782609,14,0,1000000,3000,4
463766,463766,1855064,3377,32,128,245.0,0.0,245.0,309,309,147.03125,7,0,1000000,3000,4
463928,463928,1855712,3378,162,648,1039.0,0.0,1039.0,1126,1126,609.5925925925926,23,0,1000000,3000,4
463965,463965,1855860,3379,37,148,247.0,0.0,247.0,312,312,147.64864864864865,7,0,1000000,3000,4
464131,464131,1856524,3380,166,664,1153.0,0.0,1153.0,1243,1243,592.7951807228916,25,0,1000000,3000,4
464246,464246,1856984,3381,115,460,581.0,0.0,581.0,660,660,384.7739130434783,14,0,1000000,3000,4
464295,464295,1857180,3382,49,196,215.0,0.0,215.0,279,279,168.0612244897959,6,0,1000000,3000,4
464395,464395,1857580,3383,100,400,634.0,0.0,634.0,711,711,355.66,15,0,1000000,3000,4
464428,464428,1857712,3384,33,132,252.0,0.0,252.0,316,316,150.12121212121212,7,0,1000000,3000,4
464470,464470,1857880,3385,42,168,233.0,0.0,233.0,298,298,153.38095238095238,6,0,1000000,3000,4
464589,464589,1858356,3386,119,476,589.0,0.0,589.0,669,669,381.87394957983196,14,0,1000000,3000,4
464628,464628,1858512,3387,39,156,236.0,0.0,236.0,300,300,154.2051282051282,7,0,1000000,3000,4
464707,464707,1858828,3388,79,316,629.0,0.0,629.0,701,701,394.0126582278481,15,0,1000000,3000,4
464955,464955,1859820,3389,248,992,1559.0,0.0,1559.0,1666,1666,818.875,34,0,1000000,3000,4
464991,464991,1859964,3390,36,144,235.0,0.0,235.0,298,298,169.83333333333334,6,0,1000000,3000,4
465030,465030,1860120,3391,39,156,232.0,0.0,232.0,296,296,159.17948717948718,6,0,1000000,3000,4
465230,465230,1860920,3392,200,800,1331.0,0.0,1331.0,1428,1428,719.035,29,0,1000000,3000,4
465266,465266,1861064,3393,36,144,235.0,0.0,235.0,299,299,162.02777777777777,6,0,1000000,3000,4
465451,465451,1861804,3394,185,740,1335.0,0.0,1335.0,1429,1429,705.7189189189189,29,0,1000000,3000,4
465483,465483,1861932,3395,32,128,243.0,0.0,243.0,306,306,163.9375,7,0,1000000,3000,4
465517,465517,1862068,3396,34,136,248.0,0.0,248.0,312,312,151.38235294117646,7,0,1000000,3000,4
465546,465546,1862184,3397,29,116,252.0,0.0,252.0,314,314,155.93103448275863,7,0,1000000,3000,4
465698,465698,1862792,3398,152,608,1041.0,0.0,1041.0,1127,1127,596.9407894736842,23,0,1000000,3000,4
465835,465835,1863340,3399,137,548,598.0,0.0,598.0,683,683,446.51824817518246,14,0,1000000,3000,4
465927,465927,1863708,3400,92,368,606.0,0.0,606.0,682,682,334.3152173913044,14,0,1000000,3000,4
465962,465962,1863848,3401,35,140,235.0,0.0,235.0,299,299,160.88571428571427,6,0,1000000,3000,4
466030,466030,1864120,3402,68,272,610.0,0.0,610.0,681,681,327.5147058823529,14,0,1000000,3000,4
466110,466110,1864440,3403,80,320,612.0,0.0,612.0,685,685,324.0625,14,0,1000000,3000,4
466307,466307,1865228,3404,197,788,1030.0,0.0,1030.0,1125,1125,643.7005076142132,23,0,1000000,3000,4
466686,466686,1866744,3405,379,1516,1380.0,0.0,1380.0,1512,1512,727.7915567282322,31,0,1000000,3000,4
466722,466722,1866888,3406,36,144,231.0,0.0,231.0,295,295,165.75,6,0,1000000,3000,4
466815,466815,1867260,3407,93,372,618.0,0.0,618.0,694,694,409.7204301075269,14,0,1000000,3000,4
467286,467286,1869144,3408,471,1884,979.0,0.0,979.0,1129,1129,723.8874734607218,23,0,1000000,3000,4
467370,467370,1869480,3409,84,336,633.0,0.0,633.0,707,707,363.3333333333333,15,0,1000000,3000,4
467570,467570,1870280,3410,200,800,1033.0,0.0,1033.0,1128,1128,638.955,23,0,1000000,3000,4
467632,467632,1870528,3411,62,248,611.0,0.0,611.0,681,681,343.2903225806452,14,0,1000000,3000,4
467749,467749,1870996,3412,117,468,730.0,0.0,730.0,810,810,500.5213675213675,17,0,1000000,3000,4
467899,467899,1871596,3413,150,600,1046.0,0.0,1046.0,1131,1131,606.24,23,0,1000000,3000,4
468155,468155,1872620,3414,256,1024,1406.0,0.0,1406.0,1514,1514,712.37109375,31,0,1000000,3000,4
468238,468238,1872952,3415,83,332,617.0,0.0,617.0,691,691,351.0240963855422,14,0,1000000,3000,4
468394,468394,1873576,3416,156,624,1061.0,0.0,1061.0,1150,1150,607.2820512820513,24,0,1000000,3000,4
468554,468554,1874216,3417,160,640,763.0,0.0,763.0,852,852,527.49375,18,0,1000000,3000,4
468722,468722,1874888,3418,168,672,1040.0,0.0,1040.0,1129,1129,596.8809523809524,23,0,1000000,3000,4
468814,468814,1875256,3419,92,368,599.0,0.0,599.0,674,674,411.2173913043478,14,0,1000000,3000,4
468844,468844,1875376,3420,30,120,252.0,0.0,252.0,315,315,158.56666666666666,7,0,1000000,3000,4
468982,468982,1875928,3421,138,552,1045.0,0.0,1045.0,1128,1128,573.8913043478261,23,0,1000000,3000,4
469014,469014,1876056,3422,32,128,247.0,0.0,247.0,310,310,157.875,7,0,1000000,3000,4
469097,469097,1876388,3423,83,332,611.0,0.0,611.0,684,684,412.49397590361446,14,0,1000000,3000,4
469226,469226,1876904,3424,129,516,1047.0,0.0,1047.0,1128,1128,575.7906976744187,23,0,1000000,3000,4
469309,469309,1877236,3425,83,332,635.0,0.0,635.0,709,709,384.56626506024094,15,0,1000000,3000,4
469398,469398,1877592,3426,89,356,612.0,0.0,612.0,686,686,410.60674157303373,14,0,1000000,3000,4
469633,469633,1878532,3427,235,940,1567.0,0.0,1567.0,1672,1672,817.4595744680851,34,0,1000000,3000,4
469704,469704,1878816,3428,71,284,610.0,0.0,610.0,682,682,353.3380281690141,14,0,1000000,3000,4
469734,469734,1878936,3429,30,120,247.0,0.0,247.0,311,311,151.43333333333334,7,0,1000000,3000,4
469825,469825,1879300,3430,91,364,612.0,0.0,612.0,688,688,410.2857142857143,14,0,1000000,3000,4
469856,469856,1879424,3431,31,124,251.0,0.0,251.0,315,315,155.67741935483872,7,0,1000000,3000,4
469890,469890,1879560,3432,34,136,239.0,0.0,239.0,303,303,158.64705882352942,7,0,1000000,3000,4
470020,470020,1880080,3433,130,520,771.0,0.0,771.0,855,855,522.0538461538462,18,0,1000000,3000,4
470050,470050,1880200,3434,30,120,249.0,0.0,249.0,313,313,153.0,7,0,1000000,3000,4
470264,470264,1881056,3435,214,856,1423.0,0.0,1423.0,1522,1522,727.7336448598131,31,0,1000000,3000,4
470300,470300,1881200,3436,36,144,247.0,0.0,247.0,312,312,148.69444444444446,7,0,1000000,3000,4
470331,470331,1881324,3437,31,124,248.0,0.0,248.0,311,311,149.74193548387098,7,0,1000000,3000,4
470375,470375,1881500,3438,44,176,221.0,0.0,221.0,286,286,164.25,6,0,1000000,3000,4
470405,470405,1881620,3439,30,120,250.0,0.0,250.0,313,313,156.76666666666668,7,0,1000000,3000,4
470439,470439,1881756,3440,34,136,245.0,0.0,245.0,309,309,149.35294117647058,7,0,1000000,3000,4
470478,470478,1881912,3441,39,156,239.0,0.0,239.0,304,304,158.10256410256412,7,0,1000000,3000,4
470559,470559,1882236,3442,81,324,629.0,0.0,629.0,703,703,378.0740740740741,15,0,1000000,3000,4
470621,470621,1882484,3443,62,248,610.0,0.0,610.0,680,680,332.9193548387097,14,0,1000000,3000,4
470651,470651,1882604,3444,30,120,251.0,0.0,251.0,315,315,153.66666666666666,7,0,1000000,3000,4
470831,470831,1883324,3445,180,720,1036.0,0.0,1036.0,1128,1128,603.3777777777777,23,0,1000000,3000,4
470904,470904,1883616,3446,73,292,607.0,0.0,607.0,679,679,341.83561643835617,14,0,1000000,3000,4
470994,470994,1883976,3447,90,360,608.0,0.0,608.0,682,682,412.4222222222222,14,0,1000000,3000,4
471023,471023,1884092,3448,29,116,248.0,0.0,248.0,311,311,154.24137931034483,7,0,1000000,3000,4
471064,471064,1884256,3449,41,164,232.0,0.0,232.0,298,298,165.390243902439,6,0,1000000,3000,4
471144,471144,1884576,3450,80,320,626.0,0.0,626.0,698,698,353.1375,14,0,1000000,3000,4
471176,471176,1884704,3451,32,128,248.0,0.0,248.0,312,312,148.90625,7,0,1000000,3000,4
471206,471206,1884824,3452,30,120,250.0,0.0,250.0,313,313,155.2,7,0,1000000,3000,4
471241,471241,1884964,3453,35,140,246.0,0.0,246.0,310,310,154.11428571428573,7,0,1000000,3000,4
471368,471368,1885472,3454,127,508,1048.0,0.0,1048.0,1129,1129,624.992125984252,23,0,1000000,3000,4
471462,471462,1885848,3455,94,376,617.0,0.0,617.0,693,693,409.6063829787234,14,0,1000000,3000,4
471493,471493,1885972,3456,31,124,250.0,0.0,250.0,314,314,157.96774193548387,7,0,1000000,3000,4
471529,471529,1886116,3457,36,144,247.0,0.0,247.0,312,312,145.22222222222223,7,0,1000000,3000,4
471558,471558,1886232,3458,29,116,250.0,0.0,250.0,313,313,155.79310344827587,7,0,1000000,3000,4
471737,471737,1886948,3459,179,716,1032.0,0.0,1032.0,1122,1122,617.7821229050279,23,0,1000000,3000,4
471931,471931,1887724,3460,194,776,1032.0,0.0,1032.0,1126,1126,696.1855670103092,23,0,1000000,3000,4
472113,472113,1888452,3461,182,728,1140.0,0.0,1140.0,1233,1233,677.1978021978022,25,0,1000000,3000,4
472201,472201,1888804,3462,88,352,607.0,0.0,607.0,682,682,335.54545454545456,14,0,1000000,3000,4
472237,472237,1888948,3463,36,144,251.0,0.0,251.0,316,316,146.38888888888889,7,0,1000000,3000,4
472273,472273,1889092,3464,36,144,235.0,0.0,235.0,299,299,164.83333333333334,6,0,1000000,3000,4
472311,472311,1889244,3465,38,152,240.0,0.0,240.0,304,304,149.44736842105263,7,0,1000000,3000,4
472427,472427,1889708,3466,116,464,619.0,0.0,619.0,700,700,358.98275862068965,15,0,1000000,3000,4
472521,472521,1890084,3467,94,376,631.0,0.0,631.0,707,707,366.9255319148936,15,0,1000000,3000,4
472757,472757,1891028,3468,236,944,1024.0,0.0,1024.0,1127,1127,608.5042372881356,23,0,1000000,3000,4
472889,472889,1891556,3469,132,528,1046.0,0.0,1046.0,1128,1128,584.6439393939394,23,0,1000000,3000,4
472930,472930,1891720,3470,41,164,232.0,0.0,232.0,298,298,149.9268292682927,6,0,1000000,3000,4
472971,472971,1891884,3471,41,164,247.0,0.0,247.0,313,313,128.5121951219512,7,0,1000000,3000,4
473008,473008,1892032,3472,37,148,245.0,0.0,245.0,309,309,154.9189189189189,7,0,1000000,3000,4
473049,473049,1892196,3473,41,164,237.0,0.0,237.0,303,303,147.85365853658536,7,0,1000000,3000,4
473194,473194,1892776,3474,145,580,1042.0,0.0,1042.0,1125,1125,545.6827586206897,23,0,1000000,3000,4
473327,473327,1893308,3475,133,532,755.0,0.0,755.0,839,839,503.34586466165416,17,0,1000000,3000,4
473364,473364,1893456,3476,37,148,242.0,0.0,242.0,307,307,148.1891891891892,7,0,1000000,3000,4
473395,473395,1893580,3477,31,124,248.0,0.0,248.0,312,312,153.61290322580646,7,0,1000000,3000,4
473426,473426,1893704,3478,31,124,246.0,0.0,246.0,309,309,159.06451612903226,7,0,1000000,3000,4
473574,473574,1894296,3479,148,592,782.0,0.0,782.0,869,869,538.5135135135135,18,0,1000000,3000,4
473804,473804,1895216,3480,230,920,1129.0,0.0,1129.0,1229,1229,664.8391304347826,25,0,1000000,3000,4
474010,474010,1896040,3481,206,824,1426.0,0.0,1426.0,1525,1525,687.7281553398059,31,0,1000000,3000,4
474134,474134,1896536,3482,124,496,723.0,0.0,723.0,805,805,468.0967741935484,17,0,1000000,3000,4
474323,474323,1897292,3483,189,756,1426.0,0.0,1426.0,1520,1520,742.7248677248677,31,0,1000000,3000,4
474418,474418,1897672,3484,95,380,610.0,0.0,610.0,687,687,326.9894736842105,14,0,1000000,3000,4
474605,474605,1898420,3485,187,748,1322.0,0.0,1322.0,1414,1414,649.283422459893,29,0,1000000,3000,4
474682,474682,1898728,3486,77,308,628.0,0.0,628.0,701,701,359.97402597402595,15,0,1000000,3000,4
474864,474864,1899456,3487,182,728,1321.0,0.0,1321.0,1412,1412,701.7912087912088,29,0,1000000,3000,4
474935,474935,1899740,3488,71,284,607.0,0.0,607.0,679,679,303.59154929577466,14,0,1000000,3000,4
474974,474974,1899896,3489,39,156,243.0,0.0,243.0,308,308,147.33333333333334,7,0,1000000,3000,4
475018,475018,1900072,3490,44,176,242.0,0.0,242.0,307,307,140.88636363636363,7,0,1000000,3000,4
475049,475049,1900196,3491,31,124,248.0,0.0,248.0,311,311,155.2258064516129,7,0,1000000,3000,4
475242,475242,1900968,3492,193,772,1035.0,0.0,1035.0,1129,1129,593.8497409326425,23,0,1000000,3000,4
475349,475349,1901396,3493,107,428,611.0,0.0,611.0,690,690,380.85981308411215,14,0,1000000,3000,4
475380,475380,1901520,3494,31,124,246.0,0.0,246.0,310,310,158.58064516129033,7,0,1000000,3000,4
475414,475414,1901656,3495,34,136,248.0,0.0,248.0,311,311,152.2941176470588,7,0,1000000,3000,4
475502,475502,1902008,3496,88,352,636.0,0.0,636.0,710,710,371.6136363636364,15,0,1000000,3000,4
475723,475723,1902892,3497,221,884,1574.0,0.0,1574.0,1676,1676,784.4343891402715,34,0,1000000,3000,4
475862,475862,1903448,3498,139,556,1042.0,0.0,1042.0,1124,1124,540.3309352517986,23,0,1000000,3000,4
476018,476018,1904072,3499,156,624,1038.0,0.0,1038.0,1125,1125,583.9551282051282,23,0,1000000,3000,4
476099,476099,1904396,3500,81,324,626.0,0.0,626.0,700,700,338.3333333333333,15,0,1000000,3000,4
476249,476249,1904996,3501,150,600,783.0,0.0,783.0,868,868,519.62,18,0,1000000,3000,4
476291,476291,1905164,3502,42,168,238.0,0.0,238.0,304,304,145.16666666666666,7,0,1000000,3000,4
476323,476323,1905292,3503,32,128,247.0,0.0,247.0,311,311,148.9375,7,0,1000000,3000,4
476358,476358,1905432,3504,35,140,231.0,0.0,231.0,295,295,168.82857142857142,6,0,1000000,3000,4
476465,476465,1905860,3505,107,428,611.0,0.0,611.0,690,690,342.0,14,0,1000000,3000,4
476628,476628,1906512,3506,163,652,723.0,0.0,723.0,813,813,472.93865030674846,17,0,1000000,3000,4
476952,476952,1907808,3507,324,1296,1890.0,0.0,1890.0,2011,2011,914.604938271605,41,0,1000000,3000,4
477149,477149,1908596,3508,197,788,1336.0,0.0,1336.0,1433,1433,648.015228426396,29,0,1000000,3000,4
477191,477191,1908764,3509,42,168,240.0,0.0,240.0,305,305,143.47619047619048,7,0,1000000,3000,4
477343,477343,1909372,3510,152,608,1040.0,0.0,1040.0,1125,1125,620.1907894736842,23,0,1000000,3000,4
477621,477621,1910484,3511,278,1112,1310.0,0.0,1310.0,1422,1422,741.0971223021583,29,0,1000000,3000,4
477819,477819,1911276,3512,198,792,1030.0,0.0,1030.0,1125,1125,608.3686868686868,23,0,1000000,3000,4
478138,478138,1912552,3513,319,1276,1317.0,0.0,1317.0,1438,1438,690.2978056426332,29,0,1000000,3000,4
478231,478231,1912924,3514,93,372,635.0,0.0,635.0,710,710,357.98924731182797,15,0,1000000,3000,4
478276,478276,1913104,3515,45,180,229.0,0.0,229.0,295,295,148.57777777777778,6,0,1000000,3000,4
478423,478423,1913692,3516,147,588,638.0,0.0,638.0,722,722,499.78231292517006,15,0,1000000,3000,4
478456,478456,1913824,3517,33,132,246.0,0.0,246.0,310,310,155.8181818181818,7,0,1000000,3000,4
478788,478788,1915152,3518,332,1328,1017.0,0.0,1017.0,1140,1140,677.9096385542168,23,0,1000000,3000,4
478900,478900,1915600,3519,112,448,617.0,0.0,617.0,697,697,365.58035714285717,14,0,1000000,3000,4
479180,479180,1916720,3520,280,1120,1116.0,0.0,1116.0,1228,1228,678.8464285714285,25,0,1000000,3000,4
479272,479272,1917088,3521,92,368,619.0,0.0,619.0,694,694,351.6847826086956,14,0,1000000,3000,4
479439,479439,1917756,3522,167,668,810.0,0.0,810.0,898,899,597.0598802395209,18,0,1000000,3000,4
479622,479622,1918488,3523,183,732,1037.0,0.0,1037.0,1130,1130,602.7868852459017,23,0,1000000,3000,4
479718,479718,1918872,3524,96,384,609.0,0.0,609.0,686,686,311.8229166666667,14,0,1000000,3000,4
479905,479905,1919620,3525,187,748,1032.0,0.0,1032.0,1124,1124,635.4652406417113,23,0,1000000,3000,4
479977,479977,1919908,3526,72,288,613.0,0.0,613.0,684,684,320.59722222222223,14,0,1000000,3000,4
480216,480216,1920864,3527,239,956,1035.0,0.0,1035.0,1139,1139,674.4560669456067,23,0,1000000,3000,4
480315,480315,1921260,3528,99,396,623.0,0.0,623.0,699,699,374.65656565656565,14,0,1000000,3000,4
480362,480362,1921448,3529,47,188,221.0,0.0,221.0,286,286,163.04255319148936,6,0,1000000,3000,4
480402,480402,1921608,3530,40,160,230.0,0.0,230.0,296,296,160.0,6,0,1000000,3000,4
480444,480444,1921776,3531,42,168,233.0,0.0,233.0,297,297,159.92857142857142,6,0,1000000,3000,4
480841,480841,1923364,3532,397,1588,1293.0,0.0,1293.0,1429,1429,769.4760705289673,29,0,1000000,3000,4
480949,480949,1923796,3533,108,432,590.0,0.0,590.0,669,669,405.462962962963,14,0,1000000,3000,4
481221,481221,1924884,3534,272,1088,1314.0,0.0,1314.0,1425,1425,797.8051470588235,29,0,1000000,3000,4
481266,481266,1925064,3535,45,180,218.0,0.0,218.0,284,284,167.0222222222222,6,0,1000000,3000,4
481474,481474,1925896,3536,208,832,1040.0,0.0,1040.0,1138,1138,631.8221153846154,23,0,1000000,3000,4
481507,481507,1926028,3537,33,132,237.0,0.0,237.0,301,301,156.6969696969697,7,0,1000000,3000,4
481588,481588,1926352,3538,81,324,618.0,0.0,618.0,692,692,327.641975308642,14,0,1000000,3000,4
481665,481665,1926660,3539,77,308,612.0,0.0,612.0,683,683,328.4935064935065,14,0,1000000,3000,4
481702,481702,1926808,3540,37,148,231.0,0.0,231.0,295,295,165.8918918918919,6,0,1000000,3000,4
482035,482035,1928140,3541,333,1332,1015.0,0.0,1015.0,1138,1138,688.4384384384384,23,0,1000000,3000,4
482133,482133,1928532,3542,98,392,623.0,0.0,623.0,700,700,384.7040816326531,15,0,1000000,3000,4
482276,482276,1929104,3543,143,572,779.0,0.0,779.0,864,864,506.95104895104896,18,0,1000000,3000,4
482477,482477,1929908,3544,201,804,803.0,0.0,803.0,898,898,568.1293532338309,18,0,1000000,3000,4
483044,483044,1932176,3545,567,2268,1265.0,0.0,1265.0,1436,1436,726.6649029982364,29,0,1000000,3000,4
483078,483078,1932312,3546,34,136,247.0,0.0,247.0,311,311,149.85294117647058,7,0,1000000,3000,4
483120,483120,1932480,3547,42,168,232.0,0.0,232.0,296,296,158.33333333333334,6,0,1000000,3000,4
483371,483371,1933484,3548,251,1004,1021.0,0.0,1021.0,1126,1126,622.1513944223108,23,0,1000000,3000,4
483791,483791,1935164,3549,420,1680,988.0,0.0,988.0,1126,1126,700.995238095238,23,0,1000000,3000,4
483898,483898,1935592,3550,107,428,728.0,0.0,728.0,807,807,385.4485981308411,17,0,1000000,3000,4
483972,483972,1935888,3551,74,296,653.0,0.0,653.0,722,722,387.13513513513516,15,0,1000000,3000,4
484427,484427,1937708,3552,455,1820,1640.0,0.0,1640.0,1787,1787,783.9868131868132,36,0,1000000,3000,4
484556,484556,1938224,3553,129,516,712.0,0.0,712.0,794,794,456.1782945736434,16,0,1000000,3000,4
484764,484764,1939056,3554,208,832,1338.0,0.0,1338.0,1437,1437,695.7884615384615,29,0,1000000,3000,4
484798,484798,1939192,3555,34,136,251.0,0.0,251.0,315,315,151.61764705882354,7,0,1000000,3000,4
484880,484880,1939520,3556,82,328,617.0,0.0,617.0,690,690,341.7682926829268,14,0,1000000,3000,4
485034,485034,1940136,3557,154,616,767.0,0.0,767.0,855,855,506.90909090909093,18,0,1000000,3000,4
485172,485172,1940688,3558,138,552,1044.0,0.0,1044.0,1127,1127,562.7028985507246,23,0,1000000,3000,4
485463,485463,1941852,3559,291,1164,1299.0,0.0,1299.0,1413,1413,755.4226804123712,29,0,1000000,3000,4
485692,485692,1942768,3560,229,916,1030.0,0.0,1030.0,1131,1131,626.0218340611353,23,0,1000000,3000,4
486229,486229,1944916,3561,537,2148,1269.0,0.0,1269.0,1434,1434,756.9329608938548,29,0,1000000,3000,4
486266,486266,1945064,3562,37,148,234.0,0.0,234.0,298,298,172.16216216216216,6,0,1000000,3000,4
486507,486507,1946028,3563,241,964,1024.0,0.0,1024.0,1128,1128,661.1659751037345,23,0,1000000,3000,4
486736,486736,1946944,3564,229,916,1050.0,0.0,1050.0,1153,1153,637.9082969432314,24,0,1000000,3000,4
486771,486771,1947084,3565,35,140,250.0,0.0,250.0,314,314,147.0,7,0,1000000,3000,4
486857,486857,1947428,3566,86,344,632.0,0.0,632.0,706,706,368.06976744186045,15,0,1000000,3000,4
486942,486942,1947768,3567,85,340,635.0,0.0,635.0,709,709,376.6823529411765,15,0,1000000,3000,4
487161,487161,1948644,3568,219,876,1039.0,0.0,1039.0,1138,1138,648.7214611872146,23,0,1000000,3000,4
487318,487318,1949272,3569,157,628,636.0,0.0,636.0,722,723,475.21019108280257,15,0,1000000,3000,4
487495,487495,1949980,3570,177,708,1037.0,0.0,1037.0,1129,1129,589.1638418079096,23,0,1000000,3000,4
487536,487536,1950144,3571,41,164,231.0,0.0,231.0,295,295,163.1219512195122,6,0,1000000,3000,4
487575,487575,1950300,3572,39,156,239.0,0.0,239.0,302,302,156.05128205128204,7,0,1000000,3000,4
487671,487671,1950684,3573,96,384,619.0,0.0,619.0,696,696,369.3541666666667,14,0,1000000,3000,4
487719,487719,1950876,3574,48,192,216.0,0.0,216.0,282,282,168.91666666666666,6,0,1000000,3000,4
487813,487813,1951252,3575,94,376,622.0,0.0,622.0,697,697,385.17021276595744,14,0,1000000,3000,4
487858,487858,1951432,3576,45,180,222.0,0.0,222.0,288,288,160.7111111111111,6,0,1000000,3000,4
488082,488082,1952328,3577,224,896,1171.0,0.0,1171.0,1272,1272,654.1696428571429,26,0,1000000,3000,4
488177,488177,1952708,3578,95,380,622.0,0.0,622.0,696,696,382.8315789473684,14,0,1000000,3000,4
488297,488297,1953188,3579,120,480,590.0,0.0,590.0,669,669,396.76666666666665,14,0,1000000,3000,4
488332,488332,1953328,3580,35,140,247.0,0.0,247.0,311,311,152.14285714285714,7,0,1000000,3000,4
488444,488444,1953776,3581,112,448,602.0,0.0,602.0,681,681,385.42857142857144,14,0,1000000,3000,4
488539,488539,1954156,3582,95,380,622.0,0.0,622.0,696,696,325.2842105263158,14,0,1000000,3000,4
488581,488581,1954324,3583,42,168,231.0,0.0,231.0,295,295,154.28571428571428,6,0,1000000,3000,4
488766,488766,1955064,3584,185,740,1333.0,0.0,1333.0,1427,1427,715.0162162162162,29,0,1000000,3000,4
488950,488950,1955800,3585,184,736,1045.0,0.0,1045.0,1137,1137,585.5489130434783,23,0,1000000,3000,4
489008,489008,1956032,3586,58,232,213.0,0.0,213.0,281,281,146.05172413793105,6,0,1000000,3000,4
489138,489138,1956552,3587,130,520,712.0,0.0,712.0,794,794,491.24615384615385,16,0,1000000,3000,4
489233,489233,1956932,3588,95,380,602.0,0.0,602.0,678,678,319.5684210526316,14,0,1000000,3000,4
489271,489271,1957084,3589,38,152,244.0,0.0,244.0,308,308,136.8684210526316,7,0,1000000,3000,4
489403,489403,1957612,3590,132,528,755.0,0.0,755.0,838,838,498.8712121212121,17,0,1000000,3000,4
489658,489658,1958632,3591,255,1020,1411.0,0.0,1411.0,1518,1518,694.9333333333333,31,0,1000000,3000,4
489697,489697,1958788,3592,39,156,242.0,0.0,242.0,306,306,153.23076923076923,7,0,1000000,3000,4
489803,489803,1959212,3593,106,424,603.0,0.0,603.0,680,680,381.0377358490566,14,0,1000000,3000,4
489836,489836,1959344,3594,33,132,251.0,0.0,251.0,315,315,153.06060606060606,7,0,1000000,3000,4
489914,489914,1959656,3595,78,312,624.0,0.0,624.0,697,697,338.7564102564103,14,0,1000000,3000,4
489956,489956,1959824,3596,42,168,240.0,0.0,240.0,306,306,148.66666666666666,7,0,1000000,3000,4
489990,489990,1959960,3597,34,136,251.0,0.0,251.0,315,315,145.76470588235293,7,0,1000000,3000,4
490021,490021,1960084,3598,31,124,248.0,0.0,248.0,312,312,153.4516129032258,7,0,1000000,3000,4
490174,490174,1960696,3599,153,612,1050.0,0.0,1050.0,1137,1137,621.1764705882352,23,0,1000000,3000,4
490206,490206,1960824,3600,32,128,245.0,0.0,245.0,309,309,153.46875,7,0,1000000,3000,4
490241,490241,1960964,3601,35,140,247.0,0.0,247.0,312,312,146.54285714285714,7,0,1000000,3000,4
490344,490344,1961376,3602,103,412,647.0,0.0,647.0,722,722,367.8543689320388,15,0,1000000,3000,4
490645,490645,1962580,3603,301,1204,1819.0,0.0,1819.0,1937,1937,918.126245847176,39,0,1000000,3000,4
490679,490679,1962716,3604,34,136,249.0,0.0,249.0,313,313,145.47058823529412,7,0,1000000,3000,4
490775,490775,1963100,3605,96,384,629.0,0.0,629.0,706,706,337.6770833333333,15,0,1000000,3000,4
490814,490814,1963256,3606,39,156,238.0,0.0,238.0,302,302,157.71794871794873,7,0,1000000,3000,4
491087,491087,1964348,3607,273,1092,1017.0,0.0,1017.0,1126,1126,708.8131868131868,23,0,1000000,3000,4
491633,491633,1966532,3608,546,2184,1237.0,0.0,1237.0,1403,1403,752.3461538461538,29,0,1000000,3000,4
491978,491978,1967912,3609,345,1380,1308.0,0.0,1308.0,1435,1435,787.5536231884058,29,0,1000000,3000,4
492067,492067,1968268,3610,89,356,650.0,0.0,650.0,722,722,365.35955056179773,15,0,1000000,3000,4
492165,492165,1968660,3611,98,392,616.0,0.0,616.0,693,693,324.6734693877551,14,0,1000000,3000,4
492367,492367,1969468,3612,202,808,1033.0,0.0,1033.0,1129,1129,635.1435643564356,23,0,1000000,3000,4
492567,492567,1970268,3613,200,800,1033.0,0.0,1033.0,1128,1128,699.59,23,0,1000000,3000,4
492605,492605,1970420,3614,38,152,245.0,0.0,245.0,309,309,149.8421052631579,7,0,1000000,3000,4
492808,492808,1971232,3615,203,812,1337.0,0.0,1337.0,1435,1435,697.5566502463054,29,0,1000000,3000,4
492912,492912,1971648,3616,104,416,614.0,0.0,614.0,691,691,390.0192307692308,14,0,1000000,3000,4
492946,492946,1971784,3617,34,136,252.0,0.0,252.0,316,316,151.64705882352942,7,0,1000000,3000,4
493040,493040,1972160,3618,94,376,629.0,0.0,629.0,704,704,378.29787234042556,15,0,1000000,3000,4
493114,493114,1972456,3619,74,296,618.0,0.0,618.0,689,689,349.1621621621622,14,0,1000000,3000,4
493243,493243,1972972,3620,129,516,818.0,0.0,818.0,898,898,553.937984496124,18,0,1000000,3000,4
493393,493393,1973572,3621,150,600,1040.0,0.0,1040.0,1124,1124,566.0866666666667,23,0,1000000,3000,4
493477,493477,1973908,3622,84,336,629.0,0.0,629.0,703,703,382.6904761904762,15,0,1000000,3000,4
493602,493602,1974408,3623,125,500,739.0,0.0,739.0,820,820,468.272,17,0,1000000,3000,4
493634,493634,1974536,3624,32,128,241.0,0.0,241.0,305,305,158.84375,7,0,1000000,3000,4
493697,493697,1974788,3625,63,252,606.0,0.0,606.0,675,675,333.6507936507937,14,0,1000000,3000,4
493733,493733,1974932,3626,36,144,235.0,0.0,235.0,299,299,169.86111111111111,6,0,1000000,3000,4
493813,493813,1975252,3627,80,320,633.0,0.0,633.0,705,705,365.3125,15,0,1000000,3000,4
493996,493996,1975984,3628,183,732,1340.0,0.0,1340.0,1434,1434,680.7213114754098,29,0,1000000,3000,4
494075,494075,1976300,3629,79,316,612.0,0.0,612.0,685,685,344.40506329113924,14,0,1000000,3000,4
494153,494153,1976612,3630,78,312,613.0,0.0,613.0,686,686,348.3076923076923,14,0,1000000,3000,4
494184,494184,1976736,3631,31,124,247.0,0.0,247.0,311,311,154.96774193548387,7,0,1000000,3000,4
494222,494222,1976888,3632,38,152,242.0,0.0,242.0,307,307,150.57894736842104,7,0,1000000,3000,4
494253,494253,1977012,3633,31,124,250.0,0.0,250.0,314,314,155.61290322580646,7,0,1000000,3000,4
494281,494281,1977124,3634,28,112,251.0,0.0,251.0,314,314,158.07142857142858,7,0,1000000,3000,4
494405,494405,1977620,3635,124,496,1048.0,0.0,1048.0,1128,1128,557.6774193548387,23,0,1000000,3000,4
494613,494613,1978452,3636,208,832,1426.0,0.0,1426.0,1525,1525,751.7115384615385,31,0,1000000,3000,4
494703,494703,1978812,3637,90,360,620.0,0.0,620.0,693,693,389.0,14,0,1000000,3000,4
494734,494734,1978936,3638,31,124,250.0,0.0,250.0,314,314,148.80645161290323,7,0,1000000,3000,4
494869,494869,1979476,3639,135,540,1068.0,0.0,1068.0,1152,1152,582.237037037037,24,0,1000000,3000,4
495013,495013,1980052,3640,144,576,639.0,0.0,639.0,722,722,489.8333333333333,15,0,1000000,3000,4
495448,495448,1981792,3641,435,1740,2332.0,0.0,2332.0,2474,2474,1282.528735632184,50,0,1000000,3000,4
495484,495484,1981936,3642,36,144,243.0,0.0,243.0,308,308,151.72222222222223,7,0,1000000,3000,4
495519,495519,1982076,3643,35,140,234.0,0.0,234.0,298,298,159.77142857142857,6,0,1000000,3000,4
495554,495554,1982216,3644,35,140,236.0,0.0,236.0,299,299,163.9142857142857,6,0,1000000,3000,4
495760,495760,1983040,3645,206,824,1033.0,0.0,1033.0,1130,1130,593.1213592233009,23,0,1000000,3000,4
496285,496285,1985140,3646,525,2100,1798.0,0.0,1798.0,1960,1960,908.5219047619048,40,0,1000000,3000,4
496491,496491,1985964,3647,206,824,730.0,0.0,730.0,827,827,554.1699029126214,17,0,1000000,3000,4
496843,496843,1987372,3648,352,1408,1004.0,0.0,1004.0,1130,1130,663.40625,23,0,1000000,3000,4
497267,497267,1989068,3649,424,1696,1880.0,0.0,1880.0,2022,2022,887.6674528301887,41,0,1000000,3000,4
497307,497307,1989228,3650,40,160,229.0,0.0,229.0,295,295,154.675,6,0,1000000,3000,4
497345,497345,1989380,3651,38,152,224.0,0.0,224.0,288,288,171.97368421052633,6,0,1000000,3000,4
497457,497457,1989828,3652,112,448,628.0,0.0,628.0,707,707,358.95535714285717,15,0,1000000,3000,4
497561,497561,1990244,3653,104,416,594.0,0.0,594.0,671,671,392.1730769230769,14,0,1000000,3000,4
497681,497681,1990724,3654,120,480,624.0,0.0,624.0,705,705,343.7583333333333,15,0,1000000,3000,4
497818,497818,1991272,3655,137,548,1053.0,0.0,1053.0,1137,1137,554.5985401459855,23,0,1000000,3000,4
497855,497855,1991420,3656,37,148,239.0,0.0,239.0,303,303,158.51351351351352,7,0,1000000,3000,4
498168,498168,1992672,3657,313,1252,1022.0,0.0,1022.0,1141,1141,676.1916932907349,23,0,1000000,3000,4
498287,498287,1993148,3658,119,476,614.0,0.0,614.0,695,695,363.85714285714283,14,0,1000000,3000,4
498328,498328,1993312,3659,41,164,238.0,0.0,238.0,302,302,149.7560975609756,7,0,1000000,3000,4
498370,498370,1993480,3660,42,168,230.0,0.0,230.0,295,295,162.28571428571428,6,0,1000000,3000,4
498657,498657,1994628,3661,287,1148,1010.0,0.0,1010.0,1122,1122,694.170731707317,23,0,1000000,3000,4
498812,498812,1995248,3662,155,620,737.0,0.0,737.0,824,824,481.65806451612906,17,0,1000000,3000,4
499036,499036,1996144,3663,224,896,1408.0,0.0,1408.0,1509,1509,746.3973214285714,31,0,1000000,3000,4
499232,499232,1996928,3664,196,784,768.0,0.0,768.0,864,864,528.1020408163265,18,0,1000000,3000,4
499450,499450,1997800,3665,218,872,1025.0,0.0,1025.0,1124,1124,647.2981651376147,23,0,1000000,3000,4
499670,499670,1998680,3666,220,880,1024.0,0.0,1024.0,1122,1122,604.1681818181818,23,0,1000000,3000,4
499721,499721,1998884,3667,51,204,221.0,0.0,221.0,288,288,147.98039215686273,6,0,1000000,3000,4
499756,499756,1999024,3668,35,140,243.0,0.0,243.0,308,308,147.28571428571428,7,0,1000000,3000,4
499999,499999,1999996,3669,243,972,795.0,0.0,795.0,898,899,631.1975308641976,18,0,1000000,3000,4
500104,500104,2000416,3670,105,420,606.0,0.0,606.0,683,683,383.3047619047619,14,0,1000000,3000,4
500298,500298,2001192,3671,194,776,1036.0,0.0,1036.0,1130,1130,596.180412371134,23,0,1000000,3000,4
500691,500691,2002764,3672,393,1572,2625.0,0.0,2625.0,2761,2761,1421.1577608142493,56,0,1000000,3000,4
500855,500855,2003420,3673,164,656,1040.0,0.0,1040.0,1128,1128,549.0670731707318,23,0,1000000,3000,4
500947,500947,2003788,3674,92,368,617.0,0.0,617.0,692,692,339.1630434782609,14,0,1000000,3000,4
501106,501106,2004424,3675,159,636,701.0,0.0,701.0,788,788,472.35849056603774,16,0,1000000,3000,4
501136,501136,2004544,3676,30,120,249.0,0.0,249.0,312,312,151.23333333333332,7,0,1000000,3000,4
501178,501178,2004712,3677,42,168,231.0,0.0,231.0,296,296,161.02380952380952,6,0,1000000,3000,4
501413,501413,2005652,3678,235,940,1422.0,0.0,1422.0,1526,1526,691.8765957446808,31,0,1000000,3000,4
501450,501450,2005800,3679,37,148,241.0,0.0,241.0,305,305,157.02702702702703,7,0,1000000,3000,4
501561,501561,2006244,3680,111,444,615.0,0.0,615.0,694,694,377.06306306306305,14,0,1000000,3000,4
501764,501764,2007056,3681,203,812,1029.0,0.0,1029.0,1125,1125,669.8423645320197,23,0,1000000,3000,4
501901,501901,2007604,3682,137,548,640.0,0.0,640.0,722,723,506.2992700729927,15,0,1000000,3000,4
501972,501972,2007888,3683,71,284,610.0,0.0,610.0,681,681,345.7323943661972,14,0,1000000,3000,4
502113,502113,2008452,3684,141,564,639.0,0.0,639.0,722,722,496.7588652482269,15,0,1000000,3000,4
502315,502315,2009260,3685,202,808,1132.0,0.0,1132.0,1229,1229,707.3564356435644,25,0,1000000,3000,4
502405,502405,2009620,3686,90,360,621.0,0.0,621.0,697,697,370.27777777777777,14,0,1000000,3000,4
502586,502586,2010344,3687,181,724,1036.0,0.0,1036.0,1129,1129,621.5690607734807,23,0,1000000,3000,4
502779,502779,2011116,3688,193,772,1330.0,0.0,1330.0,1426,1426,719.8497409326425,29,0,1000000,3000,4
502850,502850,2011400,3689,71,284,610.0,0.0,610.0,682,682,335.2957746478873,14,0,1000000,3000,4
502884,502884,2011536,3690,34,136,236.0,0.0,236.0,300,300,170.08823529411765,7,0,1000000,3000,4
502958,502958,2011832,3691,74,296,637.0,0.0,637.0,709,709,385.47297297297297,15,0,1000000,3000,4
502999,502999,2011996,3692,41,164,234.0,0.0,234.0,299,299,162.0,6,0,1000000,3000,4
503089,503089,2012356,3693,90,360,636.0,0.0,636.0,711,711,366.47777777777776,15,0,1000000,3000,4
503243,503243,2012972,3694,154,616,617.0,0.0,617.0,705,705,460.46753246753246,15,0,1000000,3000,4
503274,503274,2013096,3695,31,124,248.0,0.0,248.0,311,311,157.1290322580645,7,0,1000000,3000,4
503616,503616,2014464,3696,342,1368,1396.0,0.0,1396.0,1522,1522,736.6491228070175,31,0,1000000,3000,4
503710,503710,2014840,3697,94,376,626.0,0.0,626.0,701,701,363.1914893617021,15,0,1000000,3000,4
503751,503751,2015004,3698,41,164,232.0,0.0,232.0,296,296,156.8048780487805,6,0,1000000,3000,4
503837,503837,2015348,3699,86,344,616.0,0.0,616.0,689,689,399.4767441860465,14,0,1000000,3000,4
503867,503867,2015468,3700,30,120,246.0,0.0,246.0,309,309,156.76666666666668,7,0,1000000,3000,4
503935,503935,2015740,3701,68,272,605.0,0.0,605.0,676,676,319.1470588235294,14,0,1000000,3000,4
503974,503974,2015896,3702,39,156,244.0,0.0,244.0,309,309,154.76923076923077,7,0,1000000,3000,4
504216,504216,2016864,3703,242,968,1422.0,0.0,1422.0,1528,1528,740.4338842975206,31,0,1000000,3000,4
504248,504248,2016992,3704,32,128,246.0,0.0,246.0,310,310,152.65625,7,0,1000000,3000,4
504284,504284,2017136,3705,36,144,243.0,0.0,243.0,308,308,152.75,7,0,1000000,3000,4
504320,504320,2017280,3706,36,144,238.0,0.0,238.0,303,303,162.77777777777777,7,0,1000000,3000,4
504482,504482,2017928,3707,162,648,635.0,0.0,635.0,722,722,490.5740740740741,15,0,1000000,3000,4
504568,504568,2018272,3708,86,344,610.0,0.0,610.0,685,685,324.2093023255814,14,0,1000000,3000,4
504647,504647,2018588,3709,79,316,630.0,0.0,630.0,703,703,372.5822784810127,15,0,1000000,3000,4
504743,504743,2018972,3710,96,384,636.0,0.0,636.0,713,713,351.3125,15,0,1000000,3000,4
504835,504835,2019340,3711,92,368,623.0,0.0,623.0,698,698,385.5,14,0,1000000,3000,4
504913,504913,2019652,3712,78,312,634.0,0.0,634.0,707,707,387.34615384615387,15,0,1000000,3000,4
505051,505051,2020204,3713,138,552,786.0,0.0,786.0,870,870,541.5072463768116,18,0,1000000,3000,4
505136,505136,2020544,3714,85,340,650.0,0.0,650.0,722,724,373.4470588235294,15,0,1000000,3000,4
505349,505349,2021396,3715,213,852,1318.0,0.0,1318.0,1417,1417,669.0140845070423,29,0,1000000,3000,4
505451,505451,2021804,3716,102,408,610.0,0.0,610.0,688,688,415.3921568627451,14,0,1000000,3000,4
505544,505544,2022176,3717,93,372,618.0,0.0,618.0,693,693,400.16129032258067,14,0,1000000,3000,4
505615,505615,2022460,3718,71,284,611.0,0.0,611.0,683,683,341.40845070422534,14,0,1000000,3000,4
505784,505784,2023136,3719,169,676,1047.0,0.0,1047.0,1136,1136,588.5976331360947,23,0,1000000,3000,4
505954,505954,2023816,3720,170,680,1037.0,0.0,1037.0,1126,1126,589.635294117647,23,0,1000000,3000,4
506191,506191,2024764,3721,237,948,1409.0,0.0,1409.0,1513,1513,741.7679324894515,31,0,1000000,3000,4
506399,506399,2025596,3722,208,832,1169.0,0.0,1169.0,1267,1267,681.3125,26,0,1000000,3000,4
506624,506624,2026496,3723,225,900,1836.0,0.0,1836.0,1938,1938,984.0577777777778,39,0,1000000,3000,4
506833,506833,2027332,3724,209,836,1030.0,0.0,1030.0,1127,1127,637.7942583732057,23,0,1000000,3000,4
506871,506871,2027484,3725,38,152,245.0,0.0,245.0,310,310,149.1315789473684,7,0,1000000,3000,4
507111,507111,2028444,3726,240,960,1328.0,0.0,1328.0,1433,1433,759.2166666666667,29,0,1000000,3000,4
507200,507200,2028800,3727,89,356,650.0,0.0,650.0,722,722,384.314606741573,15,0,1000000,3000,4
507311,507311,2029244,3728,111,444,629.0,0.0,629.0,709,709,384.2522522522523,15,0,1000000,3000,4
507411,507411,2029644,3729,100,400,731.0,0.0,731.0,809,809,429.33,17,0,1000000,3000,4
507547,507547,2030188,3730,136,544,1046.0,0.0,1046.0,1129,1129,567.2573529411765,23,0,1000000,3000,4
507577,507577,2030308,3731,30,120,250.0,0.0,250.0,314,314,152.46666666666667,7,0,1000000,3000,4
507608,507608,2030432,3732,31,124,248.0,0.0,248.0,311,311,155.48387096774192,7,0,1000000,3000,4
507789,507789,2031156,3733,181,724,1340.0,0.0,1340.0,1434,1434,689.9834254143647,29,0,1000000,3000,4
507885,507885,2031540,3734,96,384,596.0,0.0,596.0,672,672,411.8333333333333,14,0,1000000,3000,4
507973,507973,2031892,3735,88,352,616.0,0.0,616.0,690,690,340.0568181818182,14,0,1000000,3000,4
508005,508005,2032020,3736,32,128,251.0,0.0,251.0,315,315,155.46875,7,0,1000000,3000,4
508092,508092,2032368,3737,87,348,637.0,0.0,637.0,712,712,363.7241379310345,15,0,1000000,3000,4
508123,508123,2032492,3738,31,124,247.0,0.0,247.0,311,311,158.80645161290323,7,0,1000000,3000,4
508448,508448,2033792,3739,325,1300,1552.0,0.0,1552.0,1675,1675,709.6123076923077,34,0,1000000,3000,4
508481,508481,2033924,3740,33,132,250.0,0.0,250.0,314,314,153.3030303030303,7,0,1000000,3000,4
508657,508657,2034628,3741,176,704,1433.0,0.0,1433.0,1526,1526,694.3011363636364,31,0,1000000,3000,4
508688,508688,2034752,3742,31,124,241.0,0.0,241.0,305,305,165.90322580645162,7,0,1000000,3000,4
508791,508791,2035164,3743,103,412,622.0,0.0,622.0,700,700,400.3398058252427,15,0,1000000,3000,4
508821,508821,2035284,3744,30,120,248.0,0.0,248.0,312,312,152.53333333333333,7,0,1000000,3000,4
508854,508854,2035416,3745,33,132,247.0,0.0,247.0,311,311,146.36363636363637,7,0,1000000,3000,4
508935,508935,2035740,3746,81,324,625.0,0.0,625.0,699,699,390.48148148148147,14,0,1000000,3000,4
508971,508971,2035884,3747,36,144,236.0,0.0,236.0,300,300,165.25,7,0,1000000,3000,4
509002,509002,2036008,3748,31,124,248.0,0.0,248.0,312,312,153.0,7,0,1000000,3000,4
509039,509039,2036156,3749,37,148,233.0,0.0,233.0,298,298,168.56756756756758,6,0,1000000,3000,4
509069,509069,2036276,3750,30,120,249.0,0.0,249.0,313,313,152.46666666666667,7,0,1000000,3000,4
509152,509152,2036608,3751,83,332,609.0,0.0,609.0,683,683,338.5903614457831,14,0,1000000,3000,4
509183,509183,2036732,3752,31,124,246.0,0.0,246.0,309,309,156.8709677419355,7,0,1000000,3000,4
509221,509221,2036884,3753,38,152,238.0,0.0,238.0,302,302,158.1578947368421,7,0,1000000,3000,4
509256,509256,2037024,3754,35,140,238.0,0.0,238.0,302,302,155.0857142857143,7,0,1000000,3000,4
509289,509289,2037156,3755,33,132,246.0,0.0,246.0,310,310,158.33333333333334,7,0,1000000,3000,4
509321,509321,2037284,3756,32,128,247.0,0.0,247.0,310,310,159.34375,7,0,1000000,3000,4
509495,509495,2037980,3757,174,696,1048.0,0.0,1048.0,1139,1139,567.9885057471264,23,0,1000000,3000,4
509667,509667,2038668,3758,172,688,1037.0,0.0,1037.0,1127,1127,561.9186046511628,23,0,1000000,3000,4
509741,509741,2038964,3759,74,296,632.0,0.0,632.0,704,704,381.47297297297297,15,0,1000000,3000,4
509778,509778,2039112,3760,37,148,243.0,0.0,243.0,308,308,149.1081081081081,7,0,1000000,3000,4
509928,509928,2039712,3761,150,600,638.0,0.0,638.0,722,723,493.6666666666667,15,0,1000000,3000,4
509960,509960,2039840,3762,32,128,248.0,0.0,248.0,311,311,158.59375,7,0,1000000,3000,4
510124,510124,2040496,3763,164,656,1038.0,0.0,1038.0,1126,1126,594.4329268292682,23,0,1000000,3000,4
510211,510211,2040844,3764,87,348,609.0,0.0,609.0,684,684,344.7931034482759,14,0,1000000,3000,4
510441,510441,2041764,3765,230,920,1029.0,0.0,1029.0,1130,1130,731.8217391304348,23,0,1000000,3000,4
510640,510640,2042560,3766,199,796,1032.0,0.0,1032.0,1127,1127,670.7839195979899,23,0,1000000,3000,4
510741,510741,2042964,3767,101,404,624.0,0.0,624.0,701,701,378.26732673267327,15,0,1000000,3000,4
510867,510867,2043468,3768,126,504,739.0,0.0,739.0,821,821,498.25396825396825,17,0,1000000,3000,4
510958,510958,2043832,3769,91,364,606.0,0.0,606.0,682,682,336.9010989010989,14,0,1000000,3000,4
510990,510990,2043960,3770,32,128,247.0,0.0,247.0,311,311,153.5,7,0,1000000,3000,4
511138,511138,2044552,3771,148,592,1042.0,0.0,1042.0,1127,1127,628.5405405405405,23,0,1000000,3000,4
511324,511324,2045296,3772,186,744,1044.0,0.0,1044.0,1138,1138,580.1344086021505,23,0,1000000,3000,4
511366,511366,2045464,3773,42,168,223.0,0.0,223.0,288,288,166.28571428571428,6,0,1000000,3000,4
511545,511545,2046180,3774,179,716,1038.0,0.0,1038.0,1129,1129,608.9608938547486,23,0,1000000,3000,4
511622,511622,2046488,3775,77,308,629.0,0.0,629.0,701,701,368.7012987012987,15,0,1000000,3000,4
511714,511714,2046856,3776,92,368,633.0,0.0,633.0,709,709,386.67391304347825,15,0,1000000,3000,4
511971,511971,2047884,3777,257,1028,1326.0,0.0,1326.0,1435,1435,671.3852140077821,29,0,1000000,3000,4
512123,512123,2048492,3778,152,608,776.0,0.0,776.0,864,864,539.25,18,0,1000000,3000,4
512294,512294,2049176,3779,171,684,1329.0,0.0,1329.0,1421,1421,711.4970760233919,29,0,1000000,3000,4
512463,512463,2049852,3780,169,676,810.0,0.0,810.0,898,898,627.5443786982248,18,0,1000000,3000,4
512554,512554,2050216,3781,91,364,613.0,0.0,613.0,688,688,394.86813186813185,14,0,1000000,3000,4
512590,512590,2050360,3782,36,144,243.0,0.0,243.0,306,306,158.19444444444446,7,0,1000000,3000,4
512628,512628,2050512,3783,38,152,242.0,0.0,242.0,306,306,151.73684210526315,7,0,1000000,3000,4
512915,512915,2051660,3784,287,1148,1695.0,0.0,1695.0,1810,1810,818.9721254355401,37,0,1000000,3000,4
512954,512954,2051816,3785,39,156,235.0,0.0,235.0,300,300,160.2051282051282,7,0,1000000,3000,4
513127,513127,2052508,3786,173,692,809.0,0.0,809.0,898,898,524.6300578034682,18,0,1000000,3000,4
513553,513553,2054212,3787,426,1704,983.0,0.0,983.0,1123,1124,741.6009389671361,23,0,1000000,3000,4
513591,513591,2054364,3788,38,152,244.0,0.0,244.0,307,307,151.8684210526316,7,0,1000000,3000,4
513628,513628,2054512,3789,37,148,239.0,0.0,239.0,303,303,162.43243243243242,7,0,1000000,3000,4
513850,513850,2055400,3790,222,888,1550.0,0.0,1550.0,1651,1651,809.5360360360361,34,0,1000000,3000,4
514157,514157,2056628,3791,307,1228,1020.0,0.0,1020.0,1138,1138,695.4657980456026,23,0,1000000,3000,4
514195,514195,2056780,3792,38,152,241.0,0.0,241.0,305,305,149.31578947368422,7,0,1000000,3000,4
514302,514302,2057208,3793,107,428,623.0,0.0,623.0,701,701,370.5607476635514,15,0,1000000,3000,4
514541,514541,2058164,3794,239,956,1313.0,0.0,1313.0,1416,1416,801.8200836820083,29,0,1000000,3000,4
514695,514695,2058780,3795,154,616,782.0,0.0,782.0,868,868,533.9285714285714,18,0,1000000,3000,4
514767,514767,2059068,3796,72,288,607.0,0.0,607.0,679,679,302.5416666666667,14,0,1000000,3000,4
514990,514990,2059960,3797,223,892,1327.0,0.0,1327.0,1428,1428,706.4170403587444,29,0,1000000,3000,4
515026,515026,2060104,3798,36,144,241.0,0.0,241.0,305,305,151.94444444444446,7,0,1000000,3000,4
515066,515066,2060264,3799,40,160,237.0,0.0,237.0,302,302,150.15,7,0,1000000,3000,4
515105,515105,2060420,3800,39,156,236.0,0.0,236.0,300,300,151.94871794871796,7,0,1000000,3000,4
515196,515196,2060784,3801,91,364,612.0,0.0,612.0,687,687,380.46153846153845,14,0,1000000,3000,4
515240,515240,2060960,3802,44,176,220.0,0.0,220.0,286,286,172.79545454545453,6,0,1000000,3000,4
515448,515448,2061792,3803,208,832,1051.0,0.0,1051.0,1150,1150,693.5096153846154,24,0,1000000,3000,4
515496,515496,2061984,3804,48,192,227.0,0.0,227.0,292,292,141.47916666666666,6,0,1000000,3000,4
515667,515667,2062668,3805,171,684,633.0,0.0,633.0,722,722,449.7719298245614,15,0,1000000,3000,4
515744,515744,2062976,3806,77,308,207.0,0.0,207.0,278,278,121.53246753246754,6,0,1000000,3000,4
515855,515855,2063420,3807,111,444,613.0,0.0,613.0,693,693,300.5405405405405,14,0,1000000,3000,4
516191,516191,2064764,3808,336,1344,1004.0,0.0,1004.0,1127,1127,597.4702380952381,23,0,1000000,3000,4
516244,516244,2064976,3809,53,212,224.0,0.0,224.0,291,291,133.0754716981132,6,0,1000000,3000,4
516298,516298,2065192,3810,54,216,235.0,0.0,235.0,303,303,127.70370370370371,7,0,1000000,3000,4
516614,516614,2066456,3811,316,1264,1009.0,0.0,1009.0,1127,1127,661.0696202531645,23,0,1000000,3000,4
516728,516728,2066912,3812,114,456,621.0,0.0,621.0,701,701,377.8070175438597,15,0,1000000,3000,4
516887,516887,2067548,3813,159,636,1040.0,0.0,1040.0,1127,1127,616.6100628930818,23,0,1000000,3000,4
516926,516926,2067704,3814,39,156,244.0,0.0,244.0,309,309,139.35897435897436,7,0,1000000,3000,4
516959,516959,2067836,3815,33,132,246.0,0.0,246.0,310,310,142.78787878787878,7,0,1000000,3000,4
517063,517063,2068252,3816,104,416,617.0,0.0,617.0,694,694,353.66346153846155,14,0,1000000,3000,4
517108,517108,2068432,3817,45,180,226.0,0.0,226.0,293,293,159.15555555555557,6,0,1000000,3000,4
517195,517195,2068780,3818,87,348,610.0,0.0,610.0,685,685,321.735632183908,14,0,1000000,3000,4
517260,517260,2069040,3819,65,260,609.0,0.0,609.0,679,679,329.0,14,0,1000000,3000,4
517290,517290,2069160,3820,30,120,244.0,0.0,244.0,308,308,153.83333333333334,7,0,1000000,3000,4
517366,517366,2069464,3821,76,304,633.0,0.0,633.0,706,706,393.60526315789474,15,0,1000000,3000,4
517512,517512,2070048,3822,146,584,1044.0,0.0,1044.0,1129,1129,622.5068493150685,23,0,1000000,3000,4
517674,517674,2070696,3823,162,648,1048.0,0.0,1048.0,1137,1137,606.3148148148148,23,0,1000000,3000,4
517757,517757,2071028,3824,83,332,613.0,0.0,613.0,686,686,349.9759036144578,14,0,1000000,3000,4
517896,517896,2071584,3825,139,556,1348.0,0.0,1348.0,1433,1433,668.0215827338129,29,0,1000000,3000,4
518057,518057,2072228,3826,161,644,1343.0,0.0,1343.0,1433,1433,668.7577639751553,29,0,1000000,3000,4
518122,518122,2072488,3827,65,260,615.0,0.0,615.0,684,684,336.16923076923075,14,0,1000000,3000,4
518151,518151,2072604,3828,29,116,245.0,0.0,245.0,308,308,156.13793103448276,7,0,1000000,3000,4
518313,518313,2073252,3829,162,648,1042.0,0.0,1042.0,1130,1130,640.0679012345679,23,0,1000000,3000,4
518343,518343,2073372,3830,30,120,248.0,0.0,248.0,312,312,151.83333333333334,7,0,1000000,3000,4
518438,518438,2073752,3831,95,380,626.0,0.0,626.0,703,703,384.7684210526316,15,0,1000000,3000,4
518481,518481,2073924,3832,43,172,234.0,0.0,234.0,299,299,150.04651162790697,6,0,1000000,3000,4
518513,518513,2074052,3833,32,128,250.0,0.0,250.0,314,314,150.53125,7,0,1000000,3000,4
518675,518675,2074700,3834,162,648,745.0,0.0,745.0,835,835,502.037037037037,17,0,1000000,3000,4
518832,518832,2075328,3835,157,628,1049.0,0.0,1049.0,1137,1137,592.1273885350319,23,0,1000000,3000,4
518866,518866,2075464,3836,34,136,246.0,0.0,246.0,310,310,153.2941176470588,7,0,1000000,3000,4
518898,518898,2075592,3837,32,128,251.0,0.0,251.0,315,315,150.0625,7,0,1000000,3000,4
518967,518967,2075868,3838,69,276,611.0,0.0,611.0,682,682,342.2173913043478,14,0,1000000,3000,4
518997,518997,2075988,3839,30,120,249.0,0.0,249.0,312,312,152.86666666666667,7,0,1000000,3000,4
519033,519033,2076132,3840,36,144,236.0,0.0,236.0,301,301,166.33333333333334,7,0,1000000,3000,4
519066,519066,2076264,3841,33,132,251.0,0.0,251.0,315,315,153.93939393939394,7,0,1000000,3000,4
519097,519097,2076388,3842,31,124,248.0,0.0,248.0,312,312,150.90322580645162,7,0,1000000,3000,4
519128,519128,2076512,3843,31,124,246.0,0.0,246.0,309,309,160.41935483870967,7,0,1000000,3000,4
519161,519161,2076644,3844,33,132,247.0,0.0,247.0,310,310,153.75757575757575,7,0,1000000,3000,4
519293,519293,2077172,3845,132,528,1047.0,0.0,1047.0,1129,1129,646.4469696969697,23,0,1000000,3000,4
519324,519324,2077296,3846,31,124,247.0,0.0,247.0,310,310,154.90322580645162,7,0,1000000,3000,4
519355,519355,2077420,3847,31,124,250.0,0.0,250.0,314,314,155.96774193548387,7,0,1000000,3000,4
519387,519387,2077548,3848,32,128,242.0,0.0,242.0,306,306,165.71875,7,0,1000000,3000,4
519415,519415,2077660,3849,28,112,247.0,0.0,247.0,310,310,156.21428571428572,7,0,1000000,3000,4
519484,519484,2077936,3850,69,276,626.0,0.0,626.0,696,696,361.4492753623188,14,0,1000000,3000,4
519692,519692,2078768,3851,208,832,1691.0,0.0,1691.0,1789,1789,933.375,36,0,1000000,3000,4
519867,519867,2079468,3852,175,700,1036.0,0.0,1036.0,1126,1126,599.8571428571429,23,0,1000000,3000,4
520052,520052,2080208,3853,185,740,759.0,0.0,759.0,853,853,523.1945945945946,18,0,1000000,3000,4
520116,520116,2080464,3854,64,256,607.0,0.0,607.0,676,676,321.640625,14,0,1000000,3000,4
520196,520196,2080784,3855,80,320,607.0,0.0,607.0,679,679,342.925,14,0,1000000,3000,4
520272,520272,2081088,3856,76,304,614.0,0.0,614.0,686,686,342.8157894736842,14,0,1000000,3000,4
520300,520300,2081200,3857,28,112,249.0,0.0,249.0,311,311,157.0,7,0,1000000,3000,4
520470,520470,2081880,3858,170,680,1351.0,0.0,1351.0,1442,1442,663.7058823529412,29,0,1000000,3000,4
520570,520570,2082280,3859,100,400,616.0,0.0,616.0,693,693,386.71,14,0,1000000,3000,4
520766,520766,2083064,3860,196,784,1127.0,0.0,1127.0,1221,1221,659.7857142857143,25,0,1000000,3000,4
520915,520915,2083660,3861,149,596,814.0,0.0,814.0,898,898,531.2013422818792,18,0,1000000,3000,4
521009,521009,2084036,3862,94,376,625.0,0.0,625.0,700,700,390.56382978723406,15,0,1000000,3000,4
521045,521045,2084180,3863,36,144,242.0,0.0,242.0,307,307,152.77777777777777,7,0,1000000,3000,4
521083,521083,2084332,3864,38,152,239.0,0.0,239.0,302,302,158.52631578947367,7,0,1000000,3000,4
521120,521120,2084480,3865,37,148,239.0,0.0,239.0,302,302,154.64864864864865,7,0,1000000,3000,4
521234,521234,2084936,3866,114,456,728.0,0.0,728.0,807,807,498.4035087719298,17,0,1000000,3000,4
521310,521310,2085240,3867,76,304,602.0,0.0,602.0,674,674,316.57894736842104,14,0,1000000,3000,4
521388,521388,2085552,3868,78,312,620.0,0.0,620.0,693,693,345.9230769230769,14,0,1000000,3000,4
521559,521559,2086236,3869,171,684,592.0,0.0,592.0,683,683,448.1578947368421,14,0,1000000,3000,4
521595,521595,2086380,3870,36,144,243.0,0.0,243.0,307,307,161.27777777777777,7,0,1000000,3000,4
521625,521625,2086500,3871,30,120,251.0,0.0,251.0,314,314,157.43333333333334,7,0,1000000,3000,4
521770,521770,2087080,3872,145,580,1044.0,0.0,1044.0,1128,1128,626.5586206896552,23,0,1000000,3000,4
521868,521868,2087472,3873,98,392,608.0,0.0,608.0,685,685,393.03061224489795,14,0,1000000,3000,4
521901,521901,2087604,3874,33,132,238.0,0.0,238.0,301,301,168.06060606060606,7,0,1000000,3000,4
521938,521938,2087752,3875,37,148,240.0,0.0,240.0,304,304,158.21621621621622,7,0,1000000,3000,4
522098,522098,2088392,3876,160,640,1143.0,0.0,1143.0,1230,1230,635.75,25,0,1000000,3000,4
522130,522130,2088520,3877,32,128,245.0,0.0,245.0,308,308,161.5625,7,0,1000000,3000,4
522269,522269,2089076,3878,139,556,816.0,0.0,816.0,898,898,580.3741007194244,18,0,1000000,3000,4
522301,522301,2089204,3879,32,128,241.0,0.0,241.0,305,305,165.8125,7,0,1000000,3000,4
522333,522333,2089332,3880,32,128,242.0,0.0,242.0,305,305,156.03125,7,0,1000000,3000,4
522425,522425,2089700,3881,92,368,614.0,0.0,614.0,689,689,403.9782608695652,14,0,1000000,3000,4
522460,522460,2089840,3882,35,140,233.0,0.0,233.0,297,297,158.25714285714287,6,0,1000000,3000,4
522658,522658,2090632,3883,198,792,1336.0,0.0,1336.0,1433,1433,757.3585858585859,29,0,1000000,3000,4
522741,522741,2090964,3884,83,332,623.0,0.0,623.0,696,696,398.0722891566265,14,0,1000000,3000,4
522775,522775,2091100,3885,34,136,245.0,0.0,245.0,308,308,153.64705882352942,7,0,1000000,3000,4
522935,522935,2091740,3886,160,640,811.0,0.0,811.0,898,898,552.1875,18,0,1000000,3000,4
523218,523218,2092872,3887,283,1132,1303.0,0.0,1303.0,1414,1414,706.6007067137809,29,0,1000000,3000,4
523513,523513,2094052,3888,295,1180,1293.0,0.0,1293.0,1408,1408,693.457627118644,29,0,1000000,3000,4
523682,523682,2094728,3889,169,676,1322.0,0.0,1322.0,1412,1412,691.9940828402367,29,0,1000000,3000,4
523768,523768,2095072,3890,86,344,624.0,0.0,624.0,699,699,352.30232558139534,14,0,1000000,3000,4
523869,523869,2095476,3891,101,404,620.0,0.0,620.0,697,697,368.6831683168317,14,0,1000000,3000,4
523965,523965,2095860,3892,96,384,732.0,0.0,732.0,809,809,411.3229166666667,17,0,1000000,3000,4
524041,524041,2096164,3893,76,304,623.0,0.0,623.0,696,696,350.61842105263156,14,0,1000000,3000,4
524242,524242,2096968,3894,201,804,1040.0,0.0,1040.0,1137,1137,648.7960199004975,23,0,1000000,3000,4
524279,524279,2097116,3895,37,148,244.0,0.0,244.0,308,308,150.8918918918919,7,0,1000000,3000,4
524464,524464,2097856,3896,185,740,1341.0,0.0,1341.0,1435,1435,738.8810810810811,29,0,1000000,3000,4
524673,524673,2098692,3897,209,836,1031.0,0.0,1031.0,1128,1128,610.9904306220096,23,0,1000000,3000,4
524877,524877,2099508,3898,204,816,1029.0,0.0,1029.0,1124,1124,596.5588235294117,23,0,1000000,3000,4
524911,524911,2099644,3899,34,136,251.0,0.0,251.0,315,315,151.35294117647058,7,0,1000000,3000,4
525130,525130,2100520,3900,219,876,1026.0,0.0,1026.0,1124,1124,583.662100456621,23,0,1000000,3000,4
525238,525238,2100952,3901,108,432,622.0,0.0,622.0,701,701,350.05555555555554,15,0,1000000,3000,4
525277,525277,2101108,3902,39,156,231.0,0.0,231.0,295,295,160.28205128205127,6,0,1000000,3000,4
525317,525317,2101268,3903,40,160,232.0,0.0,232.0,298,298,153.675,6,0,1000000,3000,4
525558,525558,2102232,3904,241,964,1304.0,0.0,1304.0,1408,1408,694.9917012448133,29,0,1000000,3000,4
525669,525669,2102676,3905,111,444,610.0,0.0,610.0,689,689,378.54954954954957,14,0,1000000,3000,4
525783,525783,2103132,3906,114,456,615.0,0.0,615.0,694,694,363.6666666666667,14,0,1000000,3000,4
526023,526023,2104092,3907,240,960,1331.0,0.0,1331.0,1436,1436,685.9,29,0,1000000,3000,4
526118,526118,2104472,3908,95,380,632.0,0.0,632.0,709,709,345.7684210526316,15,0,1000000,3000,4
526291,526291,2105164,3909,173,692,741.0,0.0,741.0,832,832,485.6936416184971,17,0,1000000,3000,4
526440,526440,2105760,3910,149,596,638.0,0.0,638.0,722,722,475.32214765100673,15,0,1000000,3000,4
526526,526526,2106104,3911,86,344,626.0,0.0,626.0,701,701,375.16279069767444,15,0,1000000,3000,4
526642,526642,2106568,3912,116,464,594.0,0.0,594.0,673,673,393.12931034482756,14,0,1000000,3000,4
526749,526749,2106996,3913,107,428,604.0,0.0,604.0,682,682,379.94392523364485,14,0,1000000,3000,4
526789,526789,2107156,3914,40,160,237.0,0.0,237.0,302,302,156.4,7,0,1000000,3000,4
526905,526905,2107620,3915,116,464,601.0,0.0,601.0,681,681,381.8965517241379,14,0,1000000,3000,4
527074,527074,2108296,3916,169,676,736.0,0.0,736.0,826,826,480.79289940828403,17,0,1000000,3000,4
527301,527301,2109204,3917,227,908,1035.0,0.0,1035.0,1137,1137,589.114537444934,23,0,1000000,3000,4
527411,527411,2109644,3918,110,440,619.0,0.0,619.0,696,696,363.6727272727273,14,0,1000000,3000,4
527653,527653,2110612,3919,242,968,1289.0,0.0,1289.0,1393,1393,687.6818181818181,28,0,1000000,3000,4
527906,527906,2111624,3920,253,1012,714.0,0.0,714.0,821,821,571.395256916996,17,0,1000000,3000,4
527952,527952,2111808,3921,46,184,229.0,0.0,229.0,295,295,152.7173913043478,6,0,1000000,3000,4
528192,528192,2112768,3922,240,960,1034.0,0.0,1034.0,1137,1137,620.9125,23,0,1000000,3000,4
528226,528226,2112904,3923,34,136,238.0,0.0,238.0,300,300,161.91176470588235,7,0,1000000,3000,4
528424,528424,2113696,3924,198,792,1124.0,0.0,1124.0,1218,1221,621.4494949494949,25,0,1000000,3000,4
528555,528555,2114220,3925,131,524,625.0,0.0,625.0,708,708,357.9389312977099,15,0,1000000,3000,4
528596,528596,2114384,3926,41,164,233.0,0.0,233.0,298,298,163.14634146341464,6,0,1000000,3000,4
528812,528812,2115248,3927,216,864,1124.0,0.0,1124.0,1224,1224,615.2361111111111,25,0,1000000,3000,4
529009,529009,2116036,3928,197,788,711.0,0.0,711.0,807,807,569.746192893401,17,0,1000000,3000,4
529127,529127,2116508,3929,118,472,595.0,0.0,595.0,675,675,388.43220338983053,14,0,1000000,3000,4
529263,529263,2117052,3930,136,544,581.0,0.0,581.0,664,664,384.44117647058823,14,0,1000000,3000,4
529476,529476,2117904,3931,213,852,1310.0,0.0,1310.0,1409,1409,672.3849765258216,29,0,1000000,3000,4
529509,529509,2118036,3932,33,132,238.0,0.0,238.0,301,301,166.6969696969697,7,0,1000000,3000,4
529599,529599,2118396,3933,90,360,618.0,0.0,618.0,694,694,333.6333333333333,14,0,1000000,3000,4
529684,529684,2118736,3934,85,340,618.0,0.0,618.0,692,692,333.63529411764705,14,0,1000000,3000,4
529721,529721,2118884,3935,37,148,235.0,0.0,235.0,299,299,157.86486486486487,6,0,1000000,3000,4
529763,529763,2119052,3936,42,168,231.0,0.0,231.0,296,296,155.23809523809524,6,0,1000000,3000,4
529805,529805,2119220,3937,42,168,232.0,0.0,232.0,296,296,159.78571428571428,6,0,1000000,3000,4
529851,529851,2119404,3938,46,184,221.0,0.0,221.0,287,287,165.69565217391303,6,0,1000000,3000,4
529887,529887,2119548,3939,36,144,235.0,0.0,235.0,300,300,161.02777777777777,7,0,1000000,3000,4
530007,530007,2120028,3940,120,480,617.0,0.0,617.0,697,697,369.84166666666664,14,0,1000000,3000,4
530211,530211,2120844,3941,204,816,1041.0,0.0,1041.0,1138,1138,624.3725490196078,23,0,1000000,3000,4
530398,530398,2121592,3942,187,748,1034.0,0.0,1034.0,1127,1127,659.3155080213904,23,0,1000000,3000,4
530677,530677,2122708,3943,279,1116,1547.0,0.0,1547.0,1658,1658,796.989247311828,34,0,1000000,3000,4
530789,530789,2123156,3944,112,448,588.0,0.0,588.0,666,666,413.3392857142857,14,0,1000000,3000,4
531030,531030,2124120,3945,241,964,1019.0,0.0,1019.0,1123,1123,643.1701244813278,23,0,1000000,3000,4
531062,531062,2124248,3946,32,128,240.0,0.0,240.0,303,303,163.84375,7,0,1000000,3000,4
531261,531261,2125044,3947,199,796,742.0,0.0,742.0,838,838,531.929648241206,17,0,1000000,3000,4
531292,531292,2125168,3948,31,124,245.0,0.0,245.0,308,308,158.80645161290323,7,0,1000000,3000,4
531337,531337,2125348,3949,45,180,224.0,0.0,224.0,290,290,158.48888888888888,6,0,1000000,3000,4
531548,531548,2126192,3950,211,844,1028.0,0.0,1028.0,1126,1126,598.0758293838862,23,0,1000000,3000,4
531721,531721,2126884,3951,173,692,1045.0,0.0,1045.0,1136,1136,681.4393063583815,23,0,1000000,3000,4
531762,531762,2127048,3952,41,164,229.0,0.0,229.0,294,294,157.390243902439,6,0,1000000,3000,4
531815,531815,2127260,3953,53,212,207.0,0.0,207.0,273,273,166.64150943396226,6,0,1000000,3000,4
531953,531953,2127812,3954,138,552,579.0,0.0,579.0,663,663,449.04347826086956,14,0,1000000,3000,4
532227,532227,2128908,3955,274,1096,1403.0,0.0,1403.0,1515,1515,708.0328467153284,31,0,1000000,3000,4
532265,532265,2129060,3956,38,152,248.0,0.0,248.0,313,313,149.71052631578948,7,0,1000000,3000,4
532520,532520,2130080,3957,255,1020,1136.0,0.0,1136.0,1244,1244,657.3058823529411,25,0,1000000,3000,4
532614,532614,2130456,3958,94,376,627.0,0.0,627.0,703,703,381.0,15,0,1000000,3000,4
532781,532781,2131124,3959,167,668,1343.0,0.0,1343.0,1434,1434,717.556886227545,29,0,1000000,3000,4
532881,532881,2131524,3960,100,400,581.0,0.0,581.0,657,657,421.04,14,0,1000000,3000,4
532972,532972,2131888,3961,91,364,626.0,0.0,626.0,701,701,381.24175824175825,15,0,1000000,3000,4
533010,533010,2132040,3962,38,152,238.0,0.0,238.0,302,302,152.89473684210526,7,0,1000000,3000,4
533143,533143,2132572,3963,133,532,726.0,0.0,726.0,809,809,481.54887218045116,17,0,1000000,3000,4
533472,533472,2133888,3964,329,1316,1310.0,0.0,1310.0,1433,1433,736.8145896656534,29,0,1000000,3000,4
533566,533566,2134264,3965,94,376,634.0,0.0,634.0,710,710,388.78723404255317,15,0,1000000,3000,4
533600,533600,2134400,3966,34,136,243.0,0.0,243.0,305,305,161.2941176470588,7,0,1000000,3000,4
533699,533699,2134796,3967,99,396,602.0,0.0,602.0,678,678,393.67676767676767,14,0,1000000,3000,4
533735,533735,2134940,3968,36,144,237.0,0.0,237.0,302,302,160.75,7,0,1000000,3000,4
533930,533930,2135720,3969,195,780,1033.0,0.0,1033.0,1127,1127,579.9794871794871,23,0,1000000,3000,4
534029,534029,2136116,3970,99,396,614.0,0.0,614.0,691,691,339.8989898989899,14,0,1000000,3000,4
534061,534061,2136244,3971,32,128,248.0,0.0,248.0,312,312,148.0,7,0,1000000,3000,4
534142,534142,2136568,3972,81,324,636.0,0.0,636.0,710,710,376.9382716049383,15,0,1000000,3000,4
534173,534173,2136692,3973,31,124,249.0,0.0,249.0,313,313,153.4516129032258,7,0,1000000,3000,4
534274,534274,2137096,3974,101,404,613.0,0.0,613.0,691,691,384.13861386138615,14,0,1000000,3000,4
534446,534446,2137784,3975,172,688,1039.0,0.0,1039.0,1129,1129,628.2209302325581,23,0,1000000,3000,4
534533,534533,2138132,3976,87,348,626.0,0.0,626.0,701,701,382.97701149425285,15,0,1000000,3000,4
534564,534564,2138256,3977,31,124,247.0,0.0,247.0,311,311,153.70967741935485,7,0,1000000,3000,4
534595,534595,2138380,3978,31,124,248.0,0.0,248.0,312,312,151.29032258064515,7,0,1000000,3000,4
534763,534763,2139052,3979,168,672,1037.0,0.0,1037.0,1125,1125,604.7619047619048,23,0,1000000,3000,4
534793,534793,2139172,3980,30,120,248.0,0.0,248.0,311,311,156.3,7,0,1000000,3000,4
534829,534829,2139316,3981,36,144,243.0,0.0,243.0,308,308,149.69444444444446,7,0,1000000,3000,4
535187,535187,2140748,3982,358,1432,2341.0,0.0,2341.0,2467,2467,1257.2569832402235,50,0,1000000,3000,4
535270,535270,2141080,3983,83,332,632.0,0.0,632.0,706,706,372.32530120481925,15,0,1000000,3000,4
535377,535377,2141508,3984,107,428,609.0,0.0,609.0,688,688,370.3551401869159,14,0,1000000,3000,4
535578,535578,2142312,3985,201,804,803.0,0.0,803.0,898,898,556.5572139303482,18,0,1000000,3000,4
535620,535620,2142480,3986,42,168,221.0,0.0,221.0,286,286,174.35714285714286,6,0,1000000,3000,4
535701,535701,2142804,3987,81,324,631.0,0.0,631.0,705,705,373.641975308642,15,0,1000000,3000,4
535733,535733,2142932,3988,32,128,247.0,0.0,247.0,309,309,160.75,7,0,1000000,3000,4
535763,535763,2143052,3989,30,120,245.0,0.0,245.0,307,307,160.5,7,0,1000000,3000,4
535834,535834,2143336,3990,71,284,605.0,0.0,605.0,677,677,309.0422535211268,14,0,1000000,3000,4
536051,536051,2144204,3991,217,868,1040.0,0.0,1040.0,1139,1139,670.7603686635945,23,0,1000000,3000,4
536266,536266,2145064,3992,215,860,1026.0,0.0,1026.0,1123,1123,639.7162790697674,23,0,1000000,3000,4
536416,536416,2145664,3993,150,600,813.0,0.0,813.0,898,899,572.98,18,0,1000000,3000,4
536671,536671,2146684,3994,255,1020,1029.0,0.0,1029.0,1137,1137,623.2392156862745,23,0,1000000,3000,4
536813,536813,2147252,3995,142,568,1040.0,0.0,1040.0,1123,1123,555.4084507042254,23,0,1000000,3000,4
536851,536851,2147404,3996,38,152,250.0,0.0,250.0,314,314,140.8421052631579,7,0,1000000,3000,4
537080,537080,2148320,3997,229,916,1025.0,0.0,1025.0,1126,1126,618.4017467248908,23,0,1000000,3000,4
537298,537298,2149192,3998,218,872,1050.0,0.0,1050.0,1151,1151,648.3990825688073,24,0,1000000,3000,4
537337,537337,2149348,3999,39,156,236.0,0.0,236.0,301,301,147.7948717948718,7,0,1000000,3000,4
537380,537380,2149520,4000,43,172,227.0,0.0,227.0,293,293,167.25581395348837,6,0,1000000,3000,4
537660,537660,2150640,4001,280,1120,1121.0,0.0,1121.0,1233,1233,671.1642857142857,25,0,1000000,3000,4
537691,537691,2150764,4002,31,124,246.0,0.0,246.0,310,310,155.5483870967742,7,0,1000000,3000,4
537915,537915,2151660,4003,224,896,1413.0,0.0,1413.0,1513,1513,740.1607142857143,31,0,1000000,3000,4
537955,537955,2151820,4004,40,160,242.0,0.0,242.0,307,307,151.55,7,0,1000000,3000,4
538183,538183,2152732,4005,228,912,1419.0,0.0,1419.0,1522,1522,707.7061403508771,31,0,1000000,3000,4
538224,538224,2152896,4006,41,164,238.0,0.0,238.0,303,303,153.78048780487805,7,0,1000000,3000,4
538324,538324,2153296,4007,100,400,621.0,0.0,621.0,697,697,392.94,14,0,1000000,3000,4
538406,538406,2153624,4008,82,328,617.0,0.0,617.0,690,690,303.1829268292683,14,0,1000000,3000,4
538448,538448,2153792,4009,42,168,236.0,0.0,236.0,301,301,147.02380952380952,7,0,1000000,3000,4
538547,538547,2154188,4010,99,396,613.0,0.0,613.0,689,689,370.65656565656565,14,0,1000000,3000,4
538590,538590,2154360,4011,43,172,231.0,0.0,231.0,296,296,155.86046511627907,6,0,1000000,3000,4
538674,538674,2154696,4012,84,336,626.0,0.0,626.0,700,700,378.0238095238095,15,0,1000000,3000,4
538859,538859,2155436,4013,185,740,1037.0,0.0,1037.0,1129,1129,608.6162162162162,23,0,1000000,3000,4
539088,539088,2156352,4014,229,916,1313.0,0.0,1313.0,1414,1414,672.6724890829694,29,0,1000000,3000,4
539126,539126,2156504,4015,38,152,244.0,0.0,244.0,309,309,153.0,7,0,1000000,3000,4
539169,539169,2156676,4016,43,172,232.0,0.0,232.0,298,298,151.90697674418604,6,0,1000000,3000,4
539417,539417,2157668,4017,248,992,1408.0,0.0,1408.0,1513,1513,704.4112903225806,31,0,1000000,3000,4
539519,539519,2158076,4018,102,408,608.0,0.0,608.0,685,685,383.3627450980392,14,0,1000000,3000,4
539570,539570,2158280,4019,51,204,219.0,0.0,219.0,286,286,150.49019607843138,6,0,1000000,3000,4
539655,539655,2158620,4020,85,340,622.0,0.0,622.0,696,696,385.61176470588236,14,0,1000000,3000,4
540029,540029,2160116,4021,374,1496,1638.0,0.0,1638.0,1768,1768,857.2005347593583,36,0,1000000,3000,4
540180,540180,2160720,4022,151,604,788.0,0.0,788.0,875,875,533.6887417218543,18,0,1000000,3000,4
540256,540256,2161024,4023,76,304,607.0,0.0,607.0,680,680,315.75,14,0,1000000,3000,4
540434,540434,2161736,4024,178,712,632.0,0.0,632.0,722,723,444.7247191011236,15,0,1000000,3000,4
540483,540483,2161932,4025,49,196,233.0,0.0,233.0,299,299,129.79591836734693,6,0,1000000,3000,4
540518,540518,2162072,4026,35,140,243.0,0.0,243.0,308,308,151.28571428571428,7,0,1000000,3000,4
540642,540642,2162568,4027,124,496,623.0,0.0,623.0,704,704,289.53225806451616,15,0,1000000,3000,4
540837,540837,2163348,4028,195,780,1041.0,0.0,1041.0,1137,1137,620.8564102564103,23,0,1000000,3000,4
540883,540883,2163532,4029,46,184,221.0,0.0,221.0,288,288,160.80434782608697,6,0,1000000,3000,4
541096,541096,2164384,4030,213,852,1335.0,0.0,1335.0,1435,1435,615.2535211267606,29,0,1000000,3000,4
541135,541135,2164540,4031,39,156,239.0,0.0,239.0,302,302,156.51282051282053,7,0,1000000,3000,4
541337,541337,2165348,4032,202,808,1335.0,0.0,1335.0,1433,1433,671.9158415841584,29,0,1000000,3000,4
541429,541429,2165716,4033,92,368,606.0,0.0,606.0,681,681,395.2282608695652,14,0,1000000,3000,4
541699,541699,2166796,4034,270,1080,1019.0,0.0,1019.0,1127,1127,640.1185185185185,23,0,1000000,3000,4
541881,541881,2167524,4035,182,728,807.0,0.0,807.0,898,898,547.7307692307693,18,0,1000000,3000,4
542038,542038,2168152,4036,157,628,742.0,0.0,742.0,829,829,454.80254777070064,17,0,1000000,3000,4
542140,542140,2168560,4037,102,408,618.0,0.0,618.0,694,694,348.5980392156863,14,0,1000000,3000,4
542223,542223,2168892,4038,83,332,611.0,0.0,611.0,683,683,324.12048192771084,14,0,1000000,3000,4
542259,542259,2169036,4039,36,144,244.0,0.0,244.0,307,307,155.97222222222223,7,0,1000000,3000,4
542300,542300,2169200,4040,41,164,232.0,0.0,232.0,296,296,149.4390243902439,6,0,1000000,3000,4
542334,542334,2169336,4041,34,136,238.0,0.0,238.0,301,301,165.58823529411765,7,0,1000000,3000,4
542466,542466,2169864,4042,132,528,724.0,0.0,724.0,808,808,412.9848484848485,17,0,1000000,3000,4
542592,542592,2170368,4043,126,504,613.0,0.0,613.0,695,695,385.75396825396825,14,0,1000000,3000,4
542631,542631,2170524,4044,39,156,233.0,0.0,233.0,297,297,161.66666666666666,6,0,1000000,3000,4
542788,542788,2171152,4045,157,628,735.0,0.0,735.0,822,822,473.6751592356688,17,0,1000000,3000,4
542918,542918,2171672,4046,130,520,615.0,0.0,615.0,699,699,358.67692307692306,14,0,1000000,3000,4
542959,542959,2171836,4047,41,164,240.0,0.0,240.0,304,304,145.85365853658536,7,0,1000000,3000,4
543135,543135,2172540,4048,176,704,1044.0,0.0,1044.0,1136,1136,648.0,23,0,1000000,3000,4
543236,543236,2172944,4049,101,404,596.0,0.0,596.0,673,673,397.5247524752475,14,0,1000000,3000,4
543472,543472,2173888,4050,236,944,1326.0,0.0,1326.0,1431,1431,731.2203389830509,29,0,1000000,3000,4
543544,543544,2174176,4051,72,288,612.0,0.0,612.0,684,684,332.1111111111111,14,0,1000000,3000,4
543582,543582,2174328,4052,38,152,236.0,0.0,236.0,300,300,154.44736842105263,7,0,1000000,3000,4
543692,543692,2174768,4053,110,440,628.0,0.0,628.0,706,706,365.0272727272727,15,0,1000000,3000,4
543871,543871,2175484,4054,179,716,1321.0,0.0,1321.0,1411,1411,698.8659217877095,29,0,1000000,3000,4
544113,544113,2176452,4055,242,968,1023.0,0.0,1023.0,1127,1127,624.4090909090909,23,0,1000000,3000,4
544219,544219,2176876,4056,106,424,618.0,0.0,618.0,696,696,370.1981132075472,14,0,1000000,3000,4
544255,544255,2177020,4057,36,144,248.0,0.0,248.0,312,312,148.63888888888889,7,0,1000000,3000,4
544418,544418,2177672,4058,163,652,635.0,0.0,635.0,722,722,494.3128834355828,15,0,1000000,3000,4
544673,544673,2178692,4059,255,1020,1307.0,0.0,1307.0,1415,1415,748.2705882352941,29,0,1000000,3000,4
544788,544788,2179152,4060,115,460,645.0,0.0,645.0,722,722,320.5217391304348,15,0,1000000,3000,4
544954,544954,2179816,4061,166,664,810.0,0.0,810.0,898,898,536.9698795180723,18,0,1000000,3000,4
545178,545178,2180712,4062,224,896,1036.0,0.0,1036.0,1137,1137,595.7410714285714,23,0,1000000,3000,4
545311,545311,2181244,4063,133,532,599.0,0.0,599.0,682,682,405.82706766917295,14,0,1000000,3000,4
545394,545394,2181576,4064,83,332,651.0,0.0,651.0,722,722,368.7831325301205,15,0,1000000,3000,4
545428,545428,2181712,4065,34,136,249.0,0.0,249.0,313,313,154.47058823529412,7,0,1000000,3000,4
545619,545619,2182476,4066,191,764,1423.0,0.0,1423.0,1519,1519,755.6335078534031,31,0,1000000,3000,4
545654,545654,2182616,4067,35,140,248.0,0.0,248.0,311,311,153.97142857142856,7,0,1000000,3000,4
545760,545760,2183040,4068,106,424,593.0,0.0,593.0,671,671,383.188679245283,14,0,1000000,3000,4
545803,545803,2183212,4069,43,172,232.0,0.0,232.0,297,297,154.37209302325581,6,0,1000000,3000,4
545964,545964,2183856,4070,161,644,1047.0,0.0,1047.0,1136,1136,558.5900621118012,23,0,1000000,3000,4
546159,546159,2184636,4071,195,780,1338.0,0.0,1338.0,1434,1434,715.3128205128205,29,0,1000000,3000,4
546193,546193,2184772,4072,34,136,237.0,0.0,237.0,300,300,160.8235294117647,7,0,1000000,3000,4
546339,546339,2185356,4073,146,584,1052.0,0.0,1052.0,1138,1138,596.1232876712329,23,0,1000000,3000,4
546571,546571,2186284,4074,232,928,1326.0,0.0,1326.0,1430,1430,753.7801724137931,29,0,1000000,3000,4
546689,546689,2186756,4075,118,472,605.0,0.0,605.0,685,685,385.83898305084745,14,0,1000000,3000,4
546944,546944,2187776,4076,255,1020,1325.0,0.0,1325.0,1434,1434,681.356862745098,29,0,1000000,3000,4
547068,547068,2188272,4077,124,496,723.0,0.0,723.0,804,804,461.06451612903226,17,0,1000000,3000,4
547243,547243,2188972,4078,175,700,752.0,0.0,752.0,844,844,527.72,17,0,1000000,3000,4
547361,547361,2189444,4079,118,472,603.0,0.0,603.0,683,683,388.79661016949154,14,0,1000000,3000,4
547477,547477,2189908,4080,116,464,593.0,0.0,593.0,673,673,393.1810344827586,14,0,1000000,3000,4
547604,547604,2190416,4081,127,508,715.0,0.0,715.0,797,797,446.79527559055117,16,0,1000000,3000,4
547783,547783,2191132,4082,179,716,808.0,0.0,808.0,898,898,533.9553072625698,18,0,1000000,3000,4
547829,547829,2191316,4083,46,184,229.0,0.0,229.0,296,296,146.1304347826087,6,0,1000000,3000,4
547913,547913,2191652,4084,84,336,627.0,0.0,627.0,700,700,376.6666666666667,15,0,1000000,3000,4
547961,547961,2191844,4085,48,192,221.0,0.0,221.0,287,287,145.125,6,0,1000000,3000,4
548060,548060,2192240,4086,99,396,621.0,0.0,621.0,698,698,357.7979797979798,14,0,1000000,3000,4
548277,548277,2193108,4087,217,868,1027.0,0.0,1027.0,1125,1125,575.3963133640553,23,0,1000000,3000,4
548313,548313,2193252,4088,36,144,239.0,0.0,239.0,304,304,161.55555555555554,7,0,1000000,3000,4
548355,548355,2193420,4089,42,168,235.0,0.0,235.0,300,300,154.92857142857142,7,0,1000000,3000,4
548630,548630,2194520,4090,275,1100,1315.0,0.0,1315.0,1427,1427,710.9672727272728,29,0,1000000,3000,4
548731,548731,2194924,4091,101,404,614.0,0.0,614.0,691,691,386.009900990099,14,0,1000000,3000,4
548964,548964,2195856,4092,233,932,1035.0,0.0,1035.0,1137,1137,653.7124463519314,23,0,1000000,3000,4
549092,549092,2196368,4093,128,512,626.0,0.0,626.0,707,707,360.359375,15,0,1000000,3000,4
549406,549406,2197624,4094,314,1256,1291.0,0.0,1291.0,1410,1410,702.9649681528663,29,0,1000000,3000,4
549454,549454,2197816,4095,48,192,234.0,0.0,234.0,300,300,144.66666666666666,7,0,1000000,3000,4
549514,549514,2198056,4096,60,240,219.0,0.0,219.0,287,287,131.4,6,0,1000000,3000,4
549683,549683,2198732,4097,169,676,1047.0,0.0,1047.0,1137,1137,639.1360946745563,23,0,1000000,3000,4
549926,549926,2199704,4098,243,972,1031.0,0.0,1031.0,1136,1136,688.3621399176955,23,0,1000000,3000,4
549968,549968,2199872,4099,42,168,235.0,0.0,235.0,301,301,155.16666666666666,7,0,1000000,3000,4
550079,550079,2200316,4100,111,444,726.0,0.0,726.0,805,805,402.68468468468467,17,0,1000000,3000,4
550161,550161,2200644,4101,82,328,616.0,0.0,616.0,689,689,344.8658536585366,14,0,1000000,3000,4
550390,550390,2201560,4102,229,916,1301.0,0.0,1301.0,1403,1403,708.1048034934498,29,0,1000000,3000,4
550713,550713,2202852,4103,323,1292,1295.0,0.0,1295.0,1415,1415,713.4643962848297,29,0,1000000,3000,4
550760,550760,2203040,4104,47,188,221.0,0.0,221.0,286,286,162.40425531914894,6,0,1000000,3000,4
550912,550912,2203648,4105,152,608,766.0,0.0,766.0,852,852,494.80263157894734,18,0,1000000,3000,4
551028,551028,2204112,4106,116,464,584.0,0.0,584.0,663,663,386.4741379310345,14,0,1000000,3000,4
551081,551081,2204324,4107,53,212,210.0,0.0,210.0,275,275,160.18867924528303,6,0,1000000,3000,4
551267,551267,2205068,4108,186,744,1045.0,0.0,1045.0,1138,1138,594.0376344086021,23,0,1000000,3000,4
551316,551316,2205264,4109,49,196,224.0,0.0,224.0,290,290,144.71428571428572,6,0,1000000,3000,4
551504,551504,2206016,4110,188,752,757.0,0.0,757.0,851,851,488.7340425531915,18,0,1000000,3000,4
551685,551685,2206740,4111,181,724,807.0,0.0,807.0,898,898,559.4419889502763,18,0,1000000,3000,4
551863,551863,2207452,4112,178,712,1318.0,0.0,1318.0,1409,1409,707.2865168539325,29,0,1000000,3000,4
551901,551901,2207604,4113,38,152,247.0,0.0,247.0,311,311,140.6315789473684,7,0,1000000,3000,4
552123,552123,2208492,4114,222,888,728.0,0.0,728.0,828,828,493.4594594594595,17,0,1000000,3000,4
552163,552163,2208652,4115,40,160,237.0,0.0,237.0,301,301,155.6,7,0,1000000,3000,4
552265,552265,2209060,4116,102,408,585.0,0.0,585.0,662,662,402.0980392156863,14,0,1000000,3000,4
552307,552307,2209228,4117,42,168,229.0,0.0,229.0,293,293,158.04761904761904,6,0,1000000,3000,4
552518,552518,2210072,4118,211,844,801.0,0.0,801.0,898,898,517.6919431279621,18,0,1000000,3000,4
552751,552751,2211004,4119,233,932,1311.0,0.0,1311.0,1413,1413,776.31330472103,29,0,1000000,3000,4
553027,553027,2212108,4120,276,1104,1302.0,0.0,1302.0,1413,1413,711.5507246376811,29,0,1000000,3000,4
553201,553201,2212804,4121,174,696,774.0,0.0,774.0,864,864,547.051724137931,18,0,1000000,3000,4
553434,553434,2213736,4122,233,932,1317.0,0.0,1317.0,1421,1421,673.618025751073,29,0,1000000,3000,4
553624,553624,2214496,4123,190,760,1340.0,0.0,1340.0,1435,1435,682.2157894736843,29,0,1000000,3000,4
553814,553814,2215256,4124,190,760,806.0,0.0,806.0,898,898,543.7842105263157,18,0,1000000,3000,4
553854,553854,2215416,4125,40,160,238.0,0.0,238.0,303,303,152.65,7,0,1000000,3000,4
553900,553900,2215600,4126,46,184,230.0,0.0,230.0,296,296,151.58695652173913,6,0,1000000,3000,4
554159,554159,2216636,4127,259,1036,1310.0,0.0,1310.0,1416,1416,741.6332046332046,29,0,1000000,3000,4
554196,554196,2216784,4128,37,148,248.0,0.0,248.0,313,313,145.0,7,0,1000000,3000,4
554491,554491,2217964,4129,295,1180,785.0,0.0,785.0,898,900,593.2542372881356,19,0,1000000,3000,4
554601,554601,2218404,4130,110,440,628.0,0.0,628.0,706,706,364.9909090909091,15,0,1000000,3000,4
554636,554636,2218544,4131,35,140,247.0,0.0,247.0,312,312,145.28571428571428,7,0,1000000,3000,4
554781,554781,2219124,4132,145,580,1066.0,0.0,1066.0,1152,1152,535.7172413793104,24,0,1000000,3000,4
554813,554813,2219252,4133,32,128,247.0,0.0,247.0,311,311,155.75,7,0,1000000,3000,4
555036,555036,2220144,4134,223,892,1682.0,0.0,1682.0,1782,1782,843.0627802690583,36,0,1000000,3000,4
555168,555168,2220672,4135,132,528,744.0,0.0,744.0,827,827,493.22727272727275,17,0,1000000,3000,4
555341,555341,2221364,4136,173,692,1332.0,0.0,1332.0,1424,1424,668.9248554913295,29,0,1000000,3000,4
555475,555475,2221900,4137,134,536,1053.0,0.0,1053.0,1136,1136,563.4402985074627,23,0,1000000,3000,4
555565,555565,2222260,4138,90,360,628.0,0.0,628.0,703,703,393.52222222222224,15,0,1000000,3000,4
555644,555644,2222576,4139,79,316,614.0,0.0,614.0,686,686,334.253164556962,14,0,1000000,3000,4
555736,555736,2222944,4140,92,368,620.0,0.0,620.0,695,695,398.3804347826087,14,0,1000000,3000,4
555917,555917,2223668,4141,181,724,1034.0,0.0,1034.0,1126,1126,550.5138121546961,23,0,1000000,3000,4
556006,556006,2224024,4142,89,356,606.0,0.0,606.0,679,679,339.91011235955057,14,0,1000000,3000,4
556315,556315,2225260,4143,309,1236,1839.0,0.0,1839.0,1958,1958,892.6504854368932,40,0,1000000,3000,4
556482,556482,2225928,4144,167,668,810.0,0.0,810.0,898,898,540.6047904191616,18,0,1000000,3000,4
556563,556563,2226252,4145,81,324,623.0,0.0,623.0,697,697,398.5432098765432,14,0,1000000,3000,4
556607,556607,2226428,4146,44,176,233.0,0.0,233.0,299,299,150.45454545454547,6,0,1000000,3000,4
556688,556688,2226752,4147,81,324,614.0,0.0,614.0,688,688,351.9382716049383,14,0,1000000,3000,4
556718,556718,2226872,4148,30,120,246.0,0.0,246.0,310,310,149.23333333333332,7,0,1000000,3000,4
556754,556754,2227016,4149,36,144,231.0,0.0,231.0,296,296,164.16666666666666,6,0,1000000,3000,4
557002,557002,2228008,4150,248,992,1321.0,0.0,1321.0,1428,1428,688.5725806451613,29,0,1000000,3000,4
557186,557186,2228744,4151,184,736,1032.0,0.0,1032.0,1124,1124,614.2391304347826,23,0,1000000,3000,4
557220,557220,2228880,4152,34,136,244.0,0.0,244.0,308,308,153.47058823529412,7,0,1000000,3000,4
557301,557301,2229204,4153,81,324,614.0,0.0,614.0,688,688,357.34567901234567,14,0,1000000,3000,4
557331,557331,2229324,4154,30,120,250.0,0.0,250.0,314,314,154.3,7,0,1000000,3000,4
557430,557430,2229720,4155,99,396,606.0,0.0,606.0,683,683,371.04040404040404,14,0,1000000,3000,4
557462,557462,2229848,4156,32,128,249.0,0.0,249.0,312,312,149.53125,7,0,1000000,3000,4
557493,557493,2229972,4157,31,124,247.0,0.0,247.0,311,311,150.6451612903226,7,0,1000000,3000,4
557528,557528,2230112,4158,35,140,236.0,0.0,236.0,301,301,159.4857142857143,7,0,1000000,3000,4
557567,557567,2230268,4159,39,156,237.0,0.0,237.0,302,302,153.7948717948718,7,0,1000000,3000,4
557603,557603,2230412,4160,36,144,248.0,0.0,248.0,313,313,151.30555555555554,7,0,1000000,3000,4
557777,557777,2231108,4161,174,696,1059.0,0.0,1059.0,1151,1151,563.3563218390805,24,0,1000000,3000,4
557808,557808,2231232,4162,31,124,248.0,0.0,248.0,312,312,153.16129032258064,7,0,1000000,3000,4
558064,558064,2232256,4163,256,1024,1306.0,0.0,1306.0,1412,1412,719.43359375,29,0,1000000,3000,4
558093,558093,2232372,4164,29,116,248.0,0.0,248.0,311,311,157.13793103448276,7,0,1000000,3000,4
558123,558123,2232492,4165,30,120,247.0,0.0,247.0,311,311,149.36666666666667,7,0,1000000,3000,4
558308,558308,2233232,4166,185,740,726.0,0.0,726.0,821,821,546.0324324324324,17,0,1000000,3000,4
558399,558399,2233596,4167,91,364,621.0,0.0,621.0,697,697,332.5054945054945,14,0,1000000,3000,4
558435,558435,2233740,4168,36,144,246.0,0.0,246.0,311,311,146.61111111111111,7,0,1000000,3000,4
558521,558521,2234084,4169,86,344,630.0,0.0,630.0,705,705,389.3953488372093,15,0,1000000,3000,4
558693,558693,2234772,4170,172,688,1038.0,0.0,1038.0,1128,1128,568.9302325581396,23,0,1000000,3000,4
558924,558924,2235696,4171,231,924,1318.0,0.0,1318.0,1420,1420,725.7619047619048,29,0,1000000,3000,4
558961,558961,2235844,4172,37,148,234.0,0.0,234.0,298,298,161.1081081081081,6,0,1000000,3000,4
559172,559172,2236688,4173,211,844,1050.0,0.0,1050.0,1150,1150,662.1090047393365,24,0,1000000,3000,4
559261,559261,2237044,4174,89,356,611.0,0.0,611.0,686,686,322.97752808988764,14,0,1000000,3000,4
559362,559362,2237448,4175,101,404,613.0,0.0,613.0,691,691,390.9009900990099,14,0,1000000,3000,4
559399,559399,2237596,4176,37,148,248.0,0.0,248.0,313,313,150.0,7,0,1000000,3000,4
559578,559578,2238312,4177,179,716,1035.0,0.0,1035.0,1126,1126,611.463687150838,23,0,1000000,3000,4
559609,559609,2238436,4178,31,124,250.0,0.0,250.0,314,314,151.80645161290323,7,0,1000000,3000,4
559771,559771,2239084,4179,162,648,1042.0,0.0,1042.0,1130,1130,619.8641975308642,23,0,1000000,3000,4
559870,559870,2239480,4180,99,396,612.0,0.0,612.0,688,688,333.2121212121212,14,0,1000000,3000,4
559970,559970,2239880,4181,100,400,616.0,0.0,616.0,692,692,346.57,14,0,1000000,3000,4
560058,560058,2240232,4182,88,352,628.0,0.0,628.0,703,703,372.625,15,0,1000000,3000,4
560148,560148,2240592,4183,90,360,616.0,0.0,616.0,692,692,357.65555555555557,14,0,1000000,3000,4
560247,560247,2240988,4184,99,396,625.0,0.0,625.0,701,701,390.72727272727275,15,0,1000000,3000,4
560278,560278,2241112,4185,31,124,246.0,0.0,246.0,310,310,147.67741935483872,7,0,1000000,3000,4
560456,560456,2241824,4186,178,712,1056.0,0.0,1056.0,1149,1149,622.4943820224719,23,0,1000000,3000,4
560494,560494,2241976,4187,38,152,237.0,0.0,237.0,302,302,157.92105263157896,7,0,1000000,3000,4
560528,560528,2242112,4188,34,136,243.0,0.0,243.0,305,305,164.41176470588235,7,0,1000000,3000,4
560601,560601,2242404,4189,73,292,614.0,0.0,614.0,686,686,348.041095890411,14,0,1000000,3000,4
560637,560637,2242548,4190,36,144,241.0,0.0,241.0,305,305,161.72222222222223,7,0,1000000,3000,4
560786,560786,2243144,4191,149,596,1045.0,0.0,1045.0,1131,1131,610.6375838926175,23,0,1000000,3000,4
560862,560862,2243448,4192,76,304,616.0,0.0,616.0,688,688,343.7894736842105,14,0,1000000,3000,4
560962,560962,2243848,4193,100,400,625.0,0.0,625.0,702,702,363.73,15,0,1000000,3000,4
561228,561228,2244912,4194,266,1064,1401.0,0.0,1401.0,1509,1509,791.0864661654135,31,0,1000000,3000,4
561322,561322,2245288,4195,94,376,622.0,0.0,622.0,698,698,331.90425531914894,14,0,1000000,3000,4
561550,561550,2246200,4196,228,912,1417.0,0.0,1417.0,1518,1518,744.4035087719299,31,0,1000000,3000,4
561628,561628,2246512,4197,78,312,607.0,0.0,607.0,680,680,305.14102564102564,14,0,1000000,3000,4
561742,561742,2246968,4198,114,456,606.0,0.0,606.0,685,685,307.0964912280702,14,0,1000000,3000,4
561868,561868,2247472,4199,126,504,589.0,0.0,589.0,671,671,386.45238095238096,14,0,1000000,3000,4
562037,562037,2248148,4200,169,676,1036.0,0.0,1036.0,1125,1125,502.4556213017751,23,0,1000000,3000,4
562318,562318,2249272,4201,281,1124,1024.0,0.0,1024.0,1137,1137,616.9750889679715,23,0,1000000,3000,4
562574,562574,2250296,4202,256,1024,1018.0,0.0,1018.0,1124,1124,658.32421875,23,0,1000000,3000,4
562626,562626,2250504,4203,52,208,219.0,0.0,219.0,285,285,144.73076923076923,6,0,1000000,3000,4
562749,562749,2250996,4204,123,492,620.0,0.0,620.0,702,702,319.390243902439,15,0,1000000,3000,4
562875,562875,2251500,4205,126,504,618.0,0.0,618.0,699,699,333.76984126984127,14,0,1000000,3000,4
562918,562918,2251672,4206,43,172,233.0,0.0,233.0,298,298,155.46511627906978,6,0,1000000,3000,4
563173,563173,2252692,4207,255,1020,1021.0,0.0,1021.0,1126,1126,578.4862745098039,23,0,1000000,3000,4
563231,563231,2252924,4208,58,232,193.0,0.0,193.0,260,260,161.5344827586207,6,0,1000000,3000,4
563277,563277,2253108,4209,46,184,224.0,0.0,224.0,290,290,153.91304347826087,6,0,1000000,3000,4
563459,563459,2253836,4210,182,728,721.0,0.0,721.0,814,814,461.0879120879121,17,0,1000000,3000,4
563655,563655,2254620,4211,196,784,1029.0,0.0,1029.0,1123,1123,624.0051020408164,23,0,1000000,3000,4
563697,563697,2254788,4212,42,168,233.0,0.0,233.0,298,298,145.71428571428572,6,0,1000000,3000,4
563743,563743,2254972,4213,46,184,224.0,0.0,224.0,290,290,157.65217391304347,6,0,1000000,3000,4
563794,563794,2255176,4214,51,204,219.0,0.0,219.0,286,286,142.50980392156862,6,0,1000000,3000,4
563996,563996,2255984,4215,202,808,1030.0,0.0,1030.0,1125,1125,605.0792079207921,23,0,1000000,3000,4
564117,564117,2256468,4216,121,484,746.0,0.0,746.0,827,827,486.22314049586777,17,0,1000000,3000,4
564156,564156,2256624,4217,39,156,238.0,0.0,238.0,302,302,148.46153846153845,7,0,1000000,3000,4
564303,564303,2257212,4218,147,588,734.0,0.0,734.0,820,820,499.05442176870747,17,0,1000000,3000,4
564509,564509,2258036,4219,206,824,696.0,0.0,696.0,794,794,548.9417475728155,16,0,1000000,3000,4
564643,564643,2258572,4220,134,536,609.0,0.0,609.0,692,692,345.8805970149254,14,0,1000000,3000,4
564972,564972,2259888,4221,329,1316,1674.0,0.0,1674.0,1797,1797,825.3829787234042,36,0,1000000,3000,4
565234,565234,2260936,4222,262,1048,1299.0,0.0,1299.0,1408,1408,763.6297709923664,29,0,1000000,3000,4
565426,565426,2261704,4223,192,768,1032.0,0.0,1032.0,1125,1125,554.8125,23,0,1000000,3000,4
565600,565600,2262400,4224,174,696,1045.0,0.0,1045.0,1136,1136,601.8333333333334,23,0,1000000,3000,4
565721,565721,2262884,4225,121,484,608.0,0.0,608.0,689,689,354.495867768595,14,0,1000000,3000,4
565768,565768,2263072,4226,47,188,228.0,0.0,228.0,293,293,155.36170212765958,6,0,1000000,3000,4
565945,565945,2263780,4227,177,708,726.0,0.0,726.0,818,818,503.75141242937855,17,0,1000000,3000,4
565990,565990,2263960,4228,45,180,223.0,0.0,223.0,289,289,157.11111111111111,6,0,1000000,3000,4
566030,566030,2264120,4229,40,160,241.0,0.0,241.0,307,307,148.6,7,0,1000000,3000,4
566361,566361,2265444,4230,331,1324,1004.0,0.0,1004.0,1126,1126,675.178247734139,23,0,1000000,3000,4
566479,566479,2265916,4231,118,472,606.0,0.0,606.0,686,686,396.0593220338983,14,0,1000000,3000,4
566524,566524,2266096,4232,45,180,227.0,0.0,227.0,293,293,159.66666666666666,6,0,1000000,3000,4
566773,566773,2267092,4233,249,996,1023.0,0.0,1023.0,1127,1127,611.0321285140562,23,0,1000000,3000,4
567003,567003,2268012,4234,230,920,1336.0,0.0,1336.0,1439,1439,709.395652173913,29,0,1000000,3000,4
567044,567044,2268176,4235,41,164,225.0,0.0,225.0,290,290,166.85365853658536,6,0,1000000,3000,4
567076,567076,2268304,4236,32,128,248.0,0.0,248.0,312,312,148.15625,7,0,1000000,3000,4
567228,567228,2268912,4237,152,608,736.0,0.0,736.0,823,823,490.55263157894734,17,0,1000000,3000,4
567384,567384,2269536,4238,156,624,1344.0,0.0,1344.0,1433,1433,730.2820512820513,29,0,1000000,3000,4
567417,567417,2269668,4239,33,132,251.0,0.0,251.0,315,315,148.06060606060606,7,0,1000000,3000,4
567507,567507,2270028,4240,90,360,606.0,0.0,606.0,681,681,344.7,14,0,1000000,3000,4
567539,567539,2270156,4241,32,128,249.0,0.0,249.0,313,313,152.59375,7,0,1000000,3000,4
567569,567569,2270276,4242,30,120,246.0,0.0,246.0,310,310,152.13333333333333,7,0,1000000,3000,4
567602,567602,2270408,4243,33,132,250.0,0.0,250.0,314,314,148.3030303030303,7,0,1000000,3000,4
567636,567636,2270544,4244,34,136,246.0,0.0,246.0,310,310,151.08823529411765,7,0,1000000,3000,4
567667,567667,2270668,4245,31,124,250.0,0.0,250.0,314,314,148.93548387096774,7,0,1000000,3000,4
567698,567698,2270792,4246,31,124,252.0,0.0,252.0,316,316,154.3548387096774,7,0,1000000,3000,4
567729,567729,2270916,4247,31,124,250.0,0.0,250.0,314,314,152.09677419354838,7,0,1000000,3000,4
567760,567760,2271040,4248,31,124,248.0,0.0,248.0,312,312,152.29032258064515,7,0,1000000,3000,4
567791,567791,2271164,4249,31,124,248.0,0.0,248.0,312,312,147.93548387096774,7,0,1000000,3000,4
567903,567903,2271612,4250,112,448,634.0,0.0,634.0,714,714,390.1607142857143,15,0,1000000,3000,4
567934,567934,2271736,4251,31,124,249.0,0.0,249.0,313,313,155.51612903225808,7,0,1000000,3000,4
567965,567965,2271860,4252,31,124,247.0,0.0,247.0,311,311,149.41935483870967,7,0,1000000,3000,4
567995,567995,2271980,4253,30,120,248.0,0.0,248.0,312,312,152.86666666666667,7,0,1000000,3000,4
568030,568030,2272120,4254,35,140,239.0,0.0,239.0,303,303,164.17142857142858,7,0,1000000,3000,4
568062,568062,2272248,4255,32,128,246.0,0.0,246.0,309,309,154.40625,7,0,1000000,3000,4
568093,568093,2272372,4256,31,124,248.0,0.0,248.0,312,312,154.38709677419354,7,0,1000000,3000,4
568130,568130,2272520,4257,37,148,246.0,0.0,246.0,311,311,153.9189189189189,7,0,1000000,3000,4
568212,568212,2272848,4258,82,328,631.0,0.0,631.0,705,705,384.1829268292683,15,0,1000000,3000,4
568244,568244,2272976,4259,32,128,249.0,0.0,249.0,313,313,145.5,7,0,1000000,3000,4
568278,568278,2273112,4260,34,136,247.0,0.0,247.0,311,311,144.8235294117647,7,0,1000000,3000,4
568376,568376,2273504,4261,98,392,633.0,0.0,633.0,710,710,394.90816326530614,15,0,1000000,3000,4
568408,568408,2273632,4262,32,128,248.0,0.0,248.0,312,312,147.9375,7,0,1000000,3000,4
568566,568566,2274264,4263,158,632,769.0,0.0,769.0,857,857,525.6518987341772,18,0,1000000,3000,4
568597,568597,2274388,4264,31,124,245.0,0.0,245.0,309,309,154.2258064516129,7,0,1000000,3000,4
568829,568829,2275316,4265,232,928,1022.0,0.0,1022.0,1123,1123,641.7198275862069,23,0,1000000,3000,4
568860,568860,2275440,4266,31,124,249.0,0.0,249.0,313,313,150.61290322580646,7,0,1000000,3000,4
568898,568898,2275592,4267,38,152,233.0,0.0,233.0,297,297,169.18421052631578,6,0,1000000,3000,4
569103,569103,2276412,4268,205,820,1336.0,0.0,1336.0,1435,1435,707.8780487804878,29,0,1000000,3000,4
569295,569295,2277180,4269,192,768,1029.0,0.0,1029.0,1122,1122,620.6822916666666,23,0,1000000,3000,4
569562,569562,2278248,4270,267,1068,1028.0,0.0,1028.0,1138,1138,633.2509363295881,23,0,1000000,3000,4
569788,569788,2279152,4271,226,904,1327.0,0.0,1327.0,1430,1430,762.3938053097345,29,0,1000000,3000,4
570063,570063,2280252,4272,275,1100,1125.0,0.0,1125.0,1236,1236,703.0872727272728,25,0,1000000,3000,4
570095,570095,2280380,4273,32,128,249.0,0.0,249.0,312,312,150.40625,7,0,1000000,3000,4
570218,570218,2280872,4274,123,492,585.0,0.0,585.0,666,666,405.2764227642276,14,0,1000000,3000,4
570265,570265,2281060,4275,47,188,221.0,0.0,221.0,286,286,167.7872340425532,6,0,1000000,3000,4
570300,570300,2281200,4276,35,140,252.0,0.0,252.0,316,316,145.71428571428572,7,0,1000000,3000,4
570406,570406,2281624,4277,106,424,615.0,0.0,615.0,693,693,372.5566037735849,14,0,1000000,3000,4
570518,570518,2282072,4278,112,448,615.0,0.0,615.0,694,694,370.5982142857143,14,0,1000000,3000,4
570868,570868,2283472,4279,350,1400,1398.0,0.0,1398.0,1524,1524,704.5514285714286,31,0,1000000,3000,4
571002,571002,2284008,4280,134,536,760.0,0.0,760.0,843,843,530.1044776119403,17,0,1000000,3000,4
571040,571040,2284160,4281,38,152,242.0,0.0,242.0,306,306,155.18421052631578,7,0,1000000,3000,4
571124,571124,2284496,4282,84,336,631.0,0.0,631.0,704,704,390.17857142857144,15,0,1000000,3000,4
571155,571155,2284620,4283,31,124,246.0,0.0,246.0,310,310,150.19354838709677,7,0,1000000,3000,4
571370,571370,2285480,4284,215,860,1031.0,0.0,1031.0,1130,1130,678.4372093023255,23,0,1000000,3000,4
571598,571598,2286392,4285,228,912,1910.0,0.0,1910.0,2011,2011,1033.4912280701753,41,0,1000000,3000,4
571633,571633,2286532,4286,35,140,235.0,0.0,235.0,299,299,157.6,6,0,1000000,3000,4
571724,571724,2286896,4287,91,364,623.0,0.0,623.0,699,699,375.61538461538464,14,0,1000000,3000,4
571768,571768,2287072,4288,44,176,227.0,0.0,227.0,292,292,156.88636363636363,6,0,1000000,3000,4
571801,571801,2287204,4289,33,132,242.0,0.0,242.0,305,305,158.45454545454547,7,0,1000000,3000,4
572080,572080,2288320,4290,279,1116,1673.0,0.0,1673.0,1784,1784,883.258064516129,36,0,1000000,3000,4
572116,572116,2288464,4291,36,144,246.0,0.0,246.0,310,310,155.08333333333334,7,0,1000000,3000,4
572373,572373,2289492,4292,257,1028,1557.0,0.0,1557.0,1665,1665,807.3579766536965,34,0,1000000,3000,4
572582,572582,2290328,4293,209,836,1319.0,0.0,1319.0,1416,1416,701.7799043062201,29,0,1000000,3000,4
572679,572679,2290716,4294,97,388,631.0,0.0,631.0,708,708,369.0103092783505,15,0,1000000,3000,4
572785,572785,2291140,4295,106,424,625.0,0.0,625.0,702,702,368.14150943396226,15,0,1000000,3000,4
572830,572830,2291320,4296,45,180,219.0,0.0,219.0,284,284,169.24444444444444,6,0,1000000,3000,4
573093,573093,2292372,4297,263,1052,1559.0,0.0,1559.0,1668,1668,788.4980988593156,34,0,1000000,3000,4
573175,573175,2292700,4298,82,328,615.0,0.0,615.0,689,689,340.2317073170732,14,0,1000000,3000,4
573352,573352,2293408,4299,177,708,1341.0,0.0,1341.0,1434,1434,707.6723163841808,29,0,1000000,3000,4
573448,573448,2293792,4300,96,384,614.0,0.0,614.0,691,691,345.3645833333333,14,0,1000000,3000,4
573540,573540,2294160,4301,92,368,628.0,0.0,628.0,704,704,352.82608695652175,15,0,1000000,3000,4
573685,573685,2294740,4302,145,580,1044.0,0.0,1044.0,1127,1127,609.3862068965517,23,0,1000000,3000,4
573731,573731,2294924,4303,46,184,222.0,0.0,222.0,287,287,161.91304347826087,6,0,1000000,3000,4
573914,573914,2295656,4304,183,732,1035.0,0.0,1035.0,1127,1127,558.8087431693989,23,0,1000000,3000,4
574027,574027,2296108,4305,113,452,612.0,0.0,612.0,691,691,403.50442477876106,14,0,1000000,3000,4
574062,574062,2296248,4306,35,140,242.0,0.0,242.0,306,306,160.37142857142857,7,0,1000000,3000,4
574097,574097,2296388,4307,35,140,245.0,0.0,245.0,308,308,152.57142857142858,7,0,1000000,3000,4
574239,574239,2296956,4308,142,568,779.0,0.0,779.0,864,864,541.1830985915493,18,0,1000000,3000,4
574269,574269,2297076,4309,30,120,248.0,0.0,248.0,312,312,150.8,7,0,1000000,3000,4
574306,574306,2297224,4310,37,148,237.0,0.0,237.0,301,301,156.97297297297297,7,0,1000000,3000,4
574340,574340,2297360,4311,34,136,249.0,0.0,249.0,311,311,147.05882352941177,7,0,1000000,3000,4
574596,574596,2298384,4312,256,1024,1546.0,0.0,1546.0,1654,1654,866.3984375,34,0,1000000,3000,4
574678,574678,2298712,4313,82,328,615.0,0.0,615.0,689,689,323.5121951219512,14,0,1000000,3000,4
574869,574869,2299476,4314,191,764,1030.0,0.0,1030.0,1123,1123,631.1361256544502,23,0,1000000,3000,4
574902,574902,2299608,4315,33,132,240.0,0.0,240.0,303,303,159.66666666666666,7,0,1000000,3000,4
575089,575089,2300356,4316,187,748,700.0,0.0,700.0,794,794,486.06417112299465,16,0,1000000,3000,4
575133,575133,2300532,4317,44,176,232.0,0.0,232.0,296,296,148.77272727272728,6,0,1000000,3000,4
575241,575241,2300964,4318,108,432,620.0,0.0,620.0,697,697,365.10185185185185,14,0,1000000,3000,4
575309,575309,2301236,4319,68,272,609.0,0.0,609.0,680,680,314.6764705882353,14,0,1000000,3000,4
575711,575711,2302844,4320,402,1608,2336.0,0.0,2336.0,2472,2472,1309.3681592039802,50,0,1000000,3000,4
575753,575753,2303012,4321,42,168,228.0,0.0,228.0,293,293,165.4047619047619,6,0,1000000,3000,4
575831,575831,2303324,4322,78,312,652.0,0.0,652.0,722,722,370.15384615384613,15,0,1000000,3000,4
576010,576010,2304040,4323,179,716,1343.0,0.0,1343.0,1436,1436,731.8379888268156,29,0,1000000,3000,4
576105,576105,2304420,4324,95,380,634.0,0.0,634.0,710,710,352.4842105263158,15,0,1000000,3000,4
576279,576279,2305116,4325,174,696,809.0,0.0,809.0,898,899,584.9942528735633,18,0,1000000,3000,4
576322,576322,2305288,4326,43,172,220.0,0.0,220.0,285,285,171.51162790697674,6,0,1000000,3000,4
576436,576436,2305744,4327,114,456,733.0,0.0,733.0,813,813,494.640350877193,17,0,1000000,3000,4
576775,576775,2307100,4328,339,1356,1653.0,0.0,1653.0,1777,1777,874.0678466076696,36,0,1000000,3000,4
577010,577010,2308040,4329,235,940,1325.0,0.0,1325.0,1428,1428,717.7744680851064,29,0,1000000,3000,4
577256,577256,2309024,4330,246,984,1424.0,0.0,1424.0,1530,1530,769.6056910569106,31,0,1000000,3000,4
577291,577291,2309164,4331,35,140,249.0,0.0,249.0,314,314,147.0857142857143,7,0,1000000,3000,4
577331,577331,2309324,4332,40,160,231.0,0.0,231.0,295,295,162.825,6,0,1000000,3000,4
577426,577426,2309704,4333,95,380,628.0,0.0,628.0,704,704,369.42105263157896,15,0,1000000,3000,4
577594,577594,2310376,4334,168,672,1038.0,0.0,1038.0,1126,1126,606.8154761904761,23,0,1000000,3000,4
577743,577743,2310972,4335,149,596,775.0,0.0,775.0,862,862,525.8993288590603,18,0,1000000,3000,4
578017,578017,2312068,4336,274,1096,789.0,0.0,789.0,898,898,618.8868613138686,18,0,1000000,3000,4
578100,578100,2312400,4337,83,332,618.0,0.0,618.0,691,691,346.3734939759036,14,0,1000000,3000,4
578196,578196,2312784,4338,96,384,627.0,0.0,627.0,703,703,340.5104166666667,15,0,1000000,3000,4
578465,578465,2313860,4339,269,1076,1326.0,0.0,1326.0,1437,1437,678.2007434944238,29,0,1000000,3000,4
578595,578595,2314380,4340,130,520,598.0,0.0,598.0,680,680,388.9153846153846,14,0,1000000,3000,4
578642,578642,2314568,4341,47,188,213.0,0.0,213.0,279,279,172.36170212765958,6,0,1000000,3000,4
578775,578775,2315100,4342,133,532,710.0,0.0,710.0,793,793,462.6466165413534,16,0,1000000,3000,4
578815,578815,2315260,4343,40,160,234.0,0.0,234.0,298,298,162.2,6,0,1000000,3000,4
578858,578858,2315432,4344,43,172,229.0,0.0,229.0,294,294,157.4418604651163,6,0,1000000,3000,4
578978,578978,2315912,4345,120,480,623.0,0.0,623.0,703,703,389.95,15,0,1000000,3000,4
579011,579011,2316044,4346,33,132,241.0,0.0,241.0,304,304,164.1818181818182,7,0,1000000,3000,4
579249,579249,2316996,4347,238,952,1309.0,0.0,1309.0,1412,1412,725.3781512605042,29,0,1000000,3000,4
579292,579292,2317168,4348,43,172,227.0,0.0,227.0,292,292,162.27906976744185,6,0,1000000,3000,4
579443,579443,2317772,4349,151,604,1040.0,0.0,1040.0,1126,1126,580.5695364238411,23,0,1000000,3000,4
579606,579606,2318424,4350,163,652,759.0,0.0,759.0,848,848,527.4049079754601,17,0,1000000,3000,4
579692,579692,2318768,4351,86,344,636.0,0.0,636.0,710,710,388.6511627906977,15,0,1000000,3000,4
579736,579736,2318944,4352,44,176,241.0,0.0,241.0,305,305,138.04545454545453,7,0,1000000,3000,4
579770,579770,2319080,4353,34,136,248.0,0.0,248.0,311,311,151.38235294117646,7,0,1000000,3000,4
579967,579967,2319868,4354,197,788,1341.0,0.0,1341.0,1438,1438,744.7005076142132,29,0,1000000,3000,4
580008,580008,2320032,4355,41,164,232.0,0.0,232.0,297,297,161.58536585365854,6,0,1000000,3000,4
580105,580105,2320420,4356,97,388,637.0,0.0,637.0,713,713,365.2680412371134,15,0,1000000,3000,4
580334,580334,2321336,4357,229,916,1309.0,0.0,1309.0,1410,1410,754.5545851528384,29,0,1000000,3000,4
580521,580521,2322084,4358,187,748,1044.0,0.0,1044.0,1138,1138,628.1122994652407,23,0,1000000,3000,4
580615,580615,2322460,4359,94,376,620.0,0.0,620.0,696,696,348.9468085106383,14,0,1000000,3000,4
580710,580710,2322840,4360,95,380,636.0,0.0,636.0,711,711,337.41052631578947,15,0,1000000,3000,4
580828,580828,2323312,4361,118,472,625.0,0.0,625.0,705,705,370.4830508474576,15,0,1000000,3000,4
580911,580911,2323644,4362,83,332,610.0,0.0,610.0,682,682,359.6024096385542,14,0,1000000,3000,4
580951,580951,2323804,4363,40,160,234.0,0.0,234.0,298,298,166.55,6,0,1000000,3000,4
580992,580992,2323968,4364,41,164,232.0,0.0,232.0,298,298,156.65853658536585,6,0,1000000,3000,4
581120,581120,2324480,4365,128,512,619.0,0.0,619.0,701,701,376.8359375,15,0,1000000,3000,4
581154,581154,2324616,4366,34,136,243.0,0.0,243.0,305,305,160.85294117647058,7,0,1000000,3000,4
581185,581185,2324740,4367,31,124,249.0,0.0,249.0,313,313,148.38709677419354,7,0,1000000,3000,4
581379,581379,2325516,4368,194,776,1044.0,0.0,1044.0,1138,1138,662.5876288659794,23,0,1000000,3000,4
581484,581484,2325936,4369,105,420,609.0,0.0,609.0,686,686,397.23809523809524,14,0,1000000,3000,4
581524,581524,2326096,4370,40,160,230.0,0.0,230.0,295,295,164.275,6,0,1000000,3000,4
581665,581665,2326660,4371,141,564,1045.0,0.0,1045.0,1130,1130,554.3617021276596,23,0,1000000,3000,4
581771,581771,2327084,4372,106,424,599.0,0.0,599.0,677,677,384.35849056603774,14,0,1000000,3000,4
581807,581807,2327228,4373,36,144,242.0,0.0,242.0,305,305,159.97222222222223,7,0,1000000,3000,4
581842,581842,2327368,4374,35,140,244.0,0.0,244.0,307,307,157.54285714285714,7,0,1000000,3000,4
581943,581943,2327772,4375,101,404,617.0,0.0,617.0,693,693,380.0990099009901,14,0,1000000,3000,4
581977,581977,2327908,4376,34,136,245.0,0.0,245.0,308,308,162.7058823529412,7,0,1000000,3000,4
582112,582112,2328448,4377,135,540,724.0,0.0,724.0,807,807,500.9259259259259,17,0,1000000,3000,4
582308,582308,2329232,4378,196,784,1057.0,0.0,1057.0,1154,1154,616.719387755102,24,0,1000000,3000,4
582345,582345,2329380,4379,37,148,237.0,0.0,237.0,301,301,156.51351351351352,7,0,1000000,3000,4
582613,582613,2330452,4380,268,1072,1127.0,0.0,1127.0,1237,1237,646.3544776119403,25,0,1000000,3000,4
582755,582755,2331020,4381,142,568,1043.0,0.0,1043.0,1127,1127,553.7323943661971,23,0,1000000,3000,4
582826,582826,2331304,4382,71,284,616.0,0.0,616.0,686,686,342.28169014084506,14,0,1000000,3000,4
582863,582863,2331452,4383,37,148,232.0,0.0,232.0,296,296,170.32432432432432,6,0,1000000,3000,4
583124,583124,2332496,4384,261,1044,1322.0,0.0,1322.0,1432,1432,672.44061302682,29,0,1000000,3000,4
583420,583420,2333680,4385,296,1184,1020.0,0.0,1020.0,1135,1135,603.3243243243244,23,0,1000000,3000,4
583586,583586,2334344,4386,166,664,1134.0,0.0,1134.0,1224,1224,583.4036144578313,25,0,1000000,3000,4
583630,583630,2334520,4387,44,176,224.0,0.0,224.0,289,289,159.5681818181818,6,0,1000000,3000,4
583808,583808,2335232,4388,178,712,731.0,0.0,731.0,823,823,518.2808988764045,17,0,1000000,3000,4
583875,583875,2335500,4389,67,268,185.0,0.0,185.0,253,253,151.7910447761194,6,0,1000000,3000,4
584078,584078,2336312,4390,203,812,718.0,0.0,718.0,816,816,458.807881773399,17,0,1000000,3000,4
584264,584264,2337056,4391,186,744,806.0,0.0,806.0,898,898,511.64516129032256,18,0,1000000,3000,4
584309,584309,2337236,4392,45,180,229.0,0.0,229.0,295,295,146.0,6,0,1000000,3000,4
584579,584579,2338316,4393,270,1080,1016.0,0.0,1016.0,1125,1125,693.3,23,0,1000000,3000,4
584630,584630,2338520,4394,51,204,214.0,0.0,214.0,280,280,144.98039215686273,6,0,1000000,3000,4
584673,584673,2338692,4395,43,172,231.0,0.0,231.0,296,296,153.30232558139534,6,0,1000000,3000,4
584827,584827,2339308,4396,154,616,1041.0,0.0,1041.0,1127,1127,622.012987012987,23,0,1000000,3000,4
584863,584863,2339452,4397,36,144,241.0,0.0,241.0,305,305,155.41666666666666,7,0,1000000,3000,4
584915,584915,2339660,4398,52,208,218.0,0.0,218.0,285,285,147.0,6,0,1000000,3000,4
584954,584954,2339816,4399,39,156,243.0,0.0,243.0,308,308,141.4102564102564,7,0,1000000,3000,4
585378,585378,2341512,4400,424,1696,997.0,0.0,997.0,1138,1138,770.5495283018868,23,0,1000000,3000,4
585607,585607,2342428,4401,229,916,1026.0,0.0,1026.0,1126,1126,603.6200873362445,23,0,1000000,3000,4
585642,585642,2342568,4402,35,140,249.0,0.0,249.0,313,313,146.45714285714286,7,0,1000000,3000,4
585848,585848,2343392,4403,206,824,737.0,0.0,737.0,835,835,523.4708737864078,17,0,1000000,3000,4
585918,585918,2343672,4404,70,280,621.0,0.0,621.0,692,692,347.9714285714286,14,0,1000000,3000,4
586070,586070,2344280,4405,152,608,637.0,0.0,637.0,722,722,503.70394736842104,15,0,1000000,3000,4
586291,586291,2345164,4406,221,884,1028.0,0.0,1028.0,1128,1128,642.4886877828054,23,0,1000000,3000,4
586691,586691,2346764,4407,400,1600,1375.0,0.0,1375.0,1510,1510,754.045,31,0,1000000,3000,4
586789,586789,2347156,4408,98,392,615.0,0.0,615.0,691,691,386.33673469387753,14,0,1000000,3000,4
586824,586824,2347296,4409,35,140,243.0,0.0,243.0,305,305,160.37142857142857,7,0,1000000,3000,4
587202,587202,2348808,4410,378,1512,1378.0,0.0,1378.0,1509,1509,781.6587301587301,31,0,1000000,3000,4
587237,587237,2348948,4411,35,140,248.0,0.0,248.0,311,311,156.42857142857142,7,0,1000000,3000,4
587479,587479,2349916,4412,242,968,795.0,0.0,795.0,898,899,681.4380165289256,18,0,1000000,3000,4
587512,587512,2350048,4413,33,132,231.0,0.0,231.0,295,295,176.75757575757575,6,0,1000000,3000,4
587550,587550,2350200,4414,38,152,232.0,0.0,232.0,297,297,159.1578947368421,6,0,1000000,3000,4
587894,587894,2351576,4415,344,1376,1299.0,0.0,1299.0,1425,1425,791.9505813953489,29,0,1000000,3000,4
588288,588288,2353152,4416,394,1576,1387.0,0.0,1387.0,1522,1522,831.8299492385787,31,0,1000000,3000,4
588365,588365,2353460,4417,77,308,626.0,0.0,626.0,698,698,365.90909090909093,14,0,1000000,3000,4
588405,588405,2353620,4418,40,160,231.0,0.0,231.0,296,296,159.675,6,0,1000000,3000,4
588439,588439,2353756,4419,34,136,234.0,0.0,234.0,297,297,172.0,6,0,1000000,3000,4
588474,588474,2353896,4420,35,140,246.0,0.0,246.0,310,310,149.57142857142858,7,0,1000000,3000,4
588555,588555,2354220,4421,81,324,611.0,0.0,611.0,685,685,350.22222222222223,14,0,1000000,3000,4
588587,588587,2354348,4422,32,128,248.0,0.0,248.0,312,312,147.9375,7,0,1000000,3000,4
588685,588685,2354740,4423,98,392,618.0,0.0,618.0,694,694,405.5,14,0,1000000,3000,4
588874,588874,2355496,4424,189,756,756.0,0.0,756.0,849,849,561.6878306878307,17,0,1000000,3000,4
588905,588905,2355620,4425,31,124,251.0,0.0,251.0,315,315,153.80645161290323,7,0,1000000,3000,4
589001,589001,2356004,4426,96,384,619.0,0.0,619.0,696,696,359.1145833333333,14,0,1000000,3000,4
589220,589220,2356880,4427,219,876,1321.0,0.0,1321.0,1422,1422,728.8127853881278,29,0,1000000,3000,4
589488,589488,2357952,4428,268,1072,1418.0,0.0,1418.0,1528,1528,812.473880597015,31,0,1000000,3000,4
589664,589664,2358656,4429,176,704,1134.0,0.0,1134.0,1225,1225,613.4943181818181,25,0,1000000,3000,4
589834,589834,2359336,4430,170,680,1038.0,0.0,1038.0,1127,1127,612.2411764705882,23,0,1000000,3000,4
590013,590013,2360052,4431,179,716,1037.0,0.0,1037.0,1128,1128,549.3351955307263,23,0,1000000,3000,4
590182,590182,2360728,4432,169,676,1320.0,0.0,1320.0,1409,1409,683.7218934911242,29,0,1000000,3000,4
590465,590465,2361860,4433,283,1132,787.0,0.0,787.0,898,898,661.7314487632509,18,0,1000000,3000,4
590496,590496,2361984,4434,31,124,252.0,0.0,252.0,316,316,150.67741935483872,7,0,1000000,3000,4
590535,590535,2362140,4435,39,156,233.0,0.0,233.0,297,297,158.94871794871796,6,0,1000000,3000,4
590655,590655,2362620,4436,120,480,609.0,0.0,609.0,689,689,382.65833333333336,14,0,1000000,3000,4
590745,590745,2362980,4437,90,360,620.0,0.0,620.0,695,695,400.0888888888889,14,0,1000000,3000,4
590983,590983,2363932,4438,238,952,1047.0,0.0,1047.0,1152,1152,678.8991596638656,24,0,1000000,3000,4
591210,591210,2364840,4439,227,908,1023.0,0.0,1023.0,1123,1123,623.0088105726873,23,0,1000000,3000,4
591329,591329,2365316,4440,119,476,750.0,0.0,750.0,830,830,500.6470588235294,17,0,1000000,3000,4
591403,591403,2365612,4441,74,296,616.0,0.0,616.0,688,688,338.7837837837838,14,0,1000000,3000,4
591534,591534,2366136,4442,131,524,725.0,0.0,725.0,809,809,506.40458015267177,17,0,1000000,3000,4
591570,591570,2366280,4443,36,144,237.0,0.0,237.0,302,302,159.02777777777777,7,0,1000000,3000,4
591667,591667,2366668,4444,97,388,612.0,0.0,612.0,688,688,406.22680412371136,14,0,1000000,3000,4
591862,591862,2367448,4445,195,780,1040.0,0.0,1040.0,1136,1136,595.2461538461539,23,0,1000000,3000,4
591895,591895,2367580,4446,33,132,248.0,0.0,248.0,312,312,154.0,7,0,1000000,3000,4
592021,592021,2368084,4447,126,504,1042.0,0.0,1042.0,1122,1122,571.547619047619,23,0,1000000,3000,4
592061,592061,2368244,4448,40,160,241.0,0.0,241.0,307,307,145.525,7,0,1000000,3000,4
592094,592094,2368376,4449,33,132,239.0,0.0,239.0,302,302,162.93939393939394,7,0,1000000,3000,4
592305,592305,2369220,4450,211,844,1568.0,0.0,1568.0,1667,1667,834.7488151658767,34,0,1000000,3000,4
592345,592345,2369380,4451,40,160,228.0,0.0,228.0,292,292,166.475,6,0,1000000,3000,4
592493,592493,2369972,4452,148,592,711.0,0.0,711.0,796,796,461.94594594594594,16,0,1000000,3000,4
592532,592532,2370128,4453,39,156,227.0,0.0,227.0,291,291,169.4102564102564,6,0,1000000,3000,4
592615,592615,2370460,4454,83,332,621.0,0.0,621.0,694,694,350.87951807228916,14,0,1000000,3000,4
592762,592762,2371048,4455,147,588,638.0,0.0,638.0,722,723,491.4013605442177,15,0,1000000,3000,4
593072,593072,2372288,4456,310,1240,1312.0,0.0,1312.0,1431,1431,752.3838709677419,29,0,1000000,3000,4
593235,593235,2372940,4457,163,652,1040.0,0.0,1040.0,1128,1128,610.8895705521472,23,0,1000000,3000,4
593612,593612,2374448,4458,377,1508,1005.0,0.0,1005.0,1137,1137,703.2599469496021,23,0,1000000,3000,4
593649,593649,2374596,4459,37,148,231.0,0.0,231.0,294,294,162.2972972972973,6,0,1000000,3000,4
593851,593851,2375404,4460,202,808,1551.0,0.0,1551.0,1648,1648,848.1287128712871,33,0,1000000,3000,4
594023,594023,2376092,4461,172,688,775.0,0.0,775.0,867,867,544.7151162790698,18,0,1000000,3000,4
594113,594113,2376452,4462,90,360,637.0,0.0,637.0,711,711,383.77777777777777,15,0,1000000,3000,4
594246,594246,2376984,4463,133,532,735.0,0.0,735.0,818,818,471.8872180451128,17,0,1000000,3000,4
594457,594457,2377828,4464,211,844,1027.0,0.0,1027.0,1125,1125,575.8009478672985,23,0,1000000,3000,4
594504,594504,2378016,4465,47,188,218.0,0.0,218.0,283,283,162.17021276595744,6,0,1000000,3000,4
594686,594686,2378744,4466,182,728,731.0,0.0,731.0,823,823,443.56043956043953,17,0,1000000,3000,4
594725,594725,2378900,4467,39,156,240.0,0.0,240.0,303,303,156.69230769230768,7,0,1000000,3000,4
594806,594806,2379224,4468,81,324,610.0,0.0,610.0,684,684,310.39506172839504,14,0,1000000,3000,4
594856,594856,2379424,4469,50,200,227.0,0.0,227.0,293,293,141.54,6,0,1000000,3000,4
594963,594963,2379852,4470,107,428,599.0,0.0,599.0,677,677,388.30841121495325,14,0,1000000,3000,4
595050,595050,2380200,4471,87,348,623.0,0.0,623.0,697,697,383.9425287356322,14,0,1000000,3000,4
595085,595085,2380340,4472,35,140,246.0,0.0,246.0,309,309,147.94285714285715,7,0,1000000,3000,4
595265,595265,2381060,4473,180,720,1035.0,0.0,1035.0,1126,1126,624.7166666666667,23,0,1000000,3000,4
595429,595429,2381716,4474,164,656,1320.0,0.0,1320.0,1409,1409,660.780487804878,29,0,1000000,3000,4
595474,595474,2381896,4475,45,180,228.0,0.0,228.0,294,294,155.35555555555555,6,0,1000000,3000,4
595626,595626,2382504,4476,152,608,1152.0,0.0,1152.0,1240,1240,608.6052631578947,25,0,1000000,3000,4
595668,595668,2382672,4477,42,168,232.0,0.0,232.0,298,298,164.38095238095238,6,0,1000000,3000,4
595817,595817,2383268,4478,149,596,747.0,0.0,747.0,833,833,465.79194630872485,17,0,1000000,3000,4
595860,595860,2383440,4479,43,172,221.0,0.0,221.0,287,287,165.1860465116279,6,0,1000000,3000,4
595969,595969,2383876,4480,109,436,602.0,0.0,602.0,680,680,391.23853211009174,14,0,1000000,3000,4
596084,596084,2384336,4481,115,460,610.0,0.0,610.0,691,691,380.4,14,0,1000000,3000,4
596271,596271,2385084,4482,187,748,1035.0,0.0,1035.0,1128,1128,594.6096256684492,23,0,1000000,3000,4
596494,596494,2385976,4483,223,892,1029.0,0.0,1029.0,1130,1130,625.9865470852018,23,0,1000000,3000,4
596594,596594,2386376,4484,100,400,610.0,0.0,610.0,687,687,380.22,14,0,1000000,3000,4
596688,596688,2386752,4485,94,376,610.0,0.0,610.0,685,685,397.6063829787234,14,0,1000000,3000,4
596840,596840,2387360,4486,152,608,1049.0,0.0,1049.0,1136,1136,556.046052631579,23,0,1000000,3000,4
597040,597040,2388160,4487,200,800,1032.0,0.0,1032.0,1127,1127,626.485,23,0,1000000,3000,4
597193,597193,2388772,4488,153,612,712.0,0.0,712.0,799,799,483.437908496732,16,0,1000000,3000,4
597234,597234,2388936,4489,41,164,236.0,0.0,236.0,302,302,151.21951219512195,7,0,1000000,3000,4
597274,597274,2389096,4490,40,160,221.0,0.0,221.0,285,285,179.55,6,0,1000000,3000,4
597311,597311,2389244,4491,37,148,233.0,0.0,233.0,298,298,164.54054054054055,6,0,1000000,3000,4
597432,597432,2389728,4492,121,484,620.0,0.0,620.0,701,701,368.57851239669424,15,0,1000000,3000,4
597468,597468,2389872,4493,36,144,241.0,0.0,241.0,305,305,158.16666666666666,7,0,1000000,3000,4
597749,597749,2390996,4494,281,1124,1297.0,0.0,1297.0,1409,1409,686.3879003558719,29,0,1000000,3000,4
597921,597921,2391684,4495,172,688,1426.0,0.0,1426.0,1518,1518,727.0174418604652,31,0,1000000,3000,4
598054,598054,2392216,4496,133,532,747.0,0.0,747.0,831,831,491.5263157894737,17,0,1000000,3000,4
598213,598213,2392852,4497,159,636,1040.0,0.0,1040.0,1127,1127,615.2138364779875,23,0,1000000,3000,4
598257,598257,2393028,4498,44,176,240.0,0.0,240.0,306,306,140.52272727272728,7,0,1000000,3000,4
598298,598298,2393192,4499,41,164,229.0,0.0,229.0,295,295,154.02439024390245,6,0,1000000,3000,4
598336,598336,2393344,4500,38,152,228.0,0.0,228.0,293,293,165.6578947368421,6,0,1000000,3000,4
598503,598503,2394012,4501,167,668,741.0,0.0,741.0,831,831,494.65269461077844,17,0,1000000,3000,4
598623,598623,2394492,4502,120,480,604.0,0.0,604.0,684,684,396.98333333333335,14,0,1000000,3000,4
598802,598802,2395208,4503,179,716,808.0,0.0,808.0,898,899,562.4245810055866,18,0,1000000,3000,4
598849,598849,2395396,4504,47,188,241.0,0.0,241.0,307,307,136.2340425531915,7,0,1000000,3000,4
598888,598888,2395552,4505,39,156,248.0,0.0,248.0,312,312,142.84615384615384,7,0,1000000,3000,4
599014,599014,2396056,4506,126,504,739.0,0.0,739.0,821,821,473.42857142857144,17,0,1000000,3000,4
599104,599104,2396416,4507,90,360,622.0,0.0,622.0,697,697,367.25555555555553,14,0,1000000,3000,4
599351,599351,2397404,4508,247,988,1323.0,0.0,1323.0,1430,1430,733.0080971659919,29,0,1000000,3000,4
599806,599806,2399224,4509,455,1820,753.0,0.0,753.0,898,898,655.2197802197802,18,0,1000000,3000,4
600159,600159,2400636,4510,353,1412,728.0,0.0,728.0,855,855,622.0226628895184,18,0,1000000,3000,4
600486,600486,2401944,4511,327,1308,1823.0,0.0,1823.0,1945,1945,949.3149847094801,39,0,1000000,3000,4
600568,600568,2402272,4512,82,328,630.0,0.0,630.0,702,702,389.6585365853659,15,0,1000000,3000,4
600603,600603,2402412,4513,35,140,237.0,0.0,237.0,300,300,164.37142857142857,7,0,1000000,3000,4
600687,600687,2402748,4514,84,336,626.0,0.0,626.0,699,699,382.5952380952381,14,0,1000000,3000,4
600724,600724,2402896,4515,37,148,238.0,0.0,238.0,302,302,157.86486486486487,7,0,1000000,3000,4
600973,600973,2403892,4516,249,996,794.0,0.0,794.0,898,899,652.5180722891566,18,0,1000000,3000,4
601009,601009,2404036,4517,36,144,244.0,0.0,244.0,308,308,153.19444444444446,7,0,1000000,3000,4
601051,601051,2404204,4518,42,168,234.0,0.0,234.0,299,299,151.02380952380952,6,0,1000000,3000,4
601258,601258,2405032,4519,207,828,771.0,0.0,771.0,869,869,529.7487922705315,18,0,1000000,3000,4
601424,601424,2405696,4520,166,664,1325.0,0.0,1325.0,1414,1414,760.6204819277109,29,0,1000000,3000,4
601572,601572,2406288,4521,148,592,638.0,0.0,638.0,722,724,497.88513513513516,15,0,1000000,3000,4
601607,601607,2406428,4522,35,140,235.0,0.0,235.0,297,297,161.14285714285714,6,0,1000000,3000,4
601755,601755,2407020,4523,148,592,638.0,0.0,638.0,722,723,502.77702702702703,15,0,1000000,3000,4
602034,602034,2408136,4524,279,1116,1015.0,0.0,1015.0,1125,1125,665.5232974910394,23,0,1000000,3000,4
602131,602131,2408524,4525,97,388,620.0,0.0,620.0,697,697,385.4329896907216,14,0,1000000,3000,4
602372,602372,2409488,4526,241,964,1031.0,0.0,1031.0,1136,1136,621.6307053941908,23,0,1000000,3000,4
602690,602690,2410760,4527,318,1272,1291.0,0.0,1291.0,1411,1411,720.7578616352201,29,0,1000000,3000,4
602852,602852,2411408,4528,162,648,811.0,0.0,811.0,898,899,576.1604938271605,18,0,1000000,3000,4
603009,603009,2412036,4529,157,628,636.0,0.0,636.0,722,722,476.78980891719743,15,0,1000000,3000,4
603049,603049,2412196,4530,40,160,231.0,0.0,231.0,295,295,166.975,6,0,1000000,3000,4
603081,603081,2412324,4531,32,128,246.0,0.0,246.0,310,310,156.84375,7,0,1000000,3000,4
603320,603320,2413280,4532,239,956,1025.0,0.0,1025.0,1128,1128,640.2384937238494,23,0,1000000,3000,4
603364,603364,2413456,4533,44,176,219.0,0.0,219.0,285,285,163.88636363636363,6,0,1000000,3000,4
603463,603463,2413852,4534,99,396,630.0,0.0,630.0,706,706,364.82828282828285,15,0,1000000,3000,4
603496,603496,2413984,4535,33,132,243.0,0.0,243.0,307,307,161.5151515151515,7,0,1000000,3000,4
603531,603531,2414124,4536,35,140,231.0,0.0,231.0,296,296,161.85714285714286,6,0,1000000,3000,4
603680,603680,2414720,4537,149,596,814.0,0.0,814.0,898,898,590.1677852348994,18,0,1000000,3000,4
603712,603712,2414848,4538,32,128,245.0,0.0,245.0,308,308,160.3125,7,0,1000000,3000,4
603744,603744,2414976,4539,32,128,248.0,0.0,248.0,312,312,156.21875,7,0,1000000,3000,4
603909,603909,2415636,4540,165,660,1182.0,0.0,1182.0,1272,1272,636.7333333333333,26,0,1000000,3000,4
603944,603944,2415776,4541,35,140,242.0,0.0,242.0,306,306,159.14285714285714,7,0,1000000,3000,4
603986,603986,2415944,4542,42,168,231.0,0.0,231.0,295,295,157.35714285714286,6,0,1000000,3000,4
604221,604221,2416884,4543,235,940,1026.0,0.0,1026.0,1128,1128,695.7914893617021,23,0,1000000,3000,4
604323,604323,2417292,4544,102,408,603.0,0.0,603.0,681,681,328.1862745098039,14,0,1000000,3000,4
604361,604361,2417444,4545,38,152,239.0,0.0,239.0,304,304,157.3421052631579,7,0,1000000,3000,4
604553,604553,2418212,4546,192,768,741.0,0.0,741.0,835,835,557.8229166666666,17,0,1000000,3000,4
604596,604596,2418384,4547,43,172,232.0,0.0,232.0,298,298,152.7906976744186,6,0,1000000,3000,4
604760,604760,2419040,4548,164,656,1048.0,0.0,1048.0,1137,1137,629.8719512195122,23,0,1000000,3000,4
604859,604859,2419436,4549,99,396,631.0,0.0,631.0,708,708,381.77777777777777,15,0,1000000,3000,4
605003,605003,2420012,4550,144,576,815.0,0.0,815.0,898,898,599.3125,18,0,1000000,3000,4
605266,605266,2421064,4551,263,1052,738.0,0.0,738.0,847,847,585.4144486692015,17,0,1000000,3000,4
605526,605526,2422104,4552,260,1040,721.0,0.0,721.0,829,829,558.4307692307692,17,0,1000000,3000,4
605558,605558,2422232,4553,32,128,244.0,0.0,244.0,307,307,154.5625,7,0,1000000,3000,4
605656,605656,2422624,4554,98,392,600.0,0.0,600.0,676,676,397.4591836734694,14,0,1000000,3000,4
605819,605819,2423276,4555,163,652,730.0,0.0,730.0,819,819,498.95705521472394,17,0,1000000,3000,4
605859,605859,2423436,4556,40,160,224.0,0.0,224.0,287,287,171.125,6,0,1000000,3000,4
606087,606087,2424348,4557,228,912,1025.0,0.0,1025.0,1126,1126,614.2675438596491,23,0,1000000,3000,4
606258,606258,2425032,4558,171,684,1342.0,0.0,1342.0,1434,1434,716.6491228070175,29,0,1000000,3000,4
606471,606471,2425884,4559,213,852,1559.0,0.0,1559.0,1656,1656,866.9953051643192,34,0,1000000,3000,4
606521,606521,2426084,4560,50,200,218.0,0.0,218.0,285,285,148.2,6,0,1000000,3000,4
606725,606725,2426900,4561,204,816,741.0,0.0,741.0,838,838,525.7892156862745,17,0,1000000,3000,4
606998,606998,2427992,4562,273,1092,1297.0,0.0,1297.0,1407,1407,708.2600732600732,29,0,1000000,3000,4
607358,607358,2429432,4563,360,1440,1283.0,0.0,1283.0,1411,1411,725.725,29,0,1000000,3000,4
607635,607635,2430540,4564,277,1108,1026.0,0.0,1026.0,1138,1138,721.0,23,0,1000000,3000,4
607677,607677,2430708,4565,42,168,233.0,0.0,233.0,299,299,150.0,6,0,1000000,3000,4
607722,607722,2430888,4566,45,180,241.0,0.0,241.0,307,307,135.7111111111111,7,0,1000000,3000,4
607854,607854,2431416,4567,132,528,749.0,0.0,749.0,833,833,477.3560606060606,17,0,1000000,3000,4
608093,608093,2432372,4568,239,956,1308.0,0.0,1308.0,1412,1412,759.7698744769874,29,0,1000000,3000,4
608164,608164,2432656,4569,71,284,607.0,0.0,607.0,679,679,324.4788732394366,14,0,1000000,3000,4
608264,608264,2433056,4570,100,400,728.0,0.0,728.0,805,805,396.6,17,0,1000000,3000,4
608305,608305,2433220,4571,41,164,243.0,0.0,243.0,309,309,135.85365853658536,7,0,1000000,3000,4
608349,608349,2433396,4572,44,176,232.0,0.0,232.0,297,297,158.5,6,0,1000000,3000,4
608571,608571,2434284,4573,222,888,1048.0,0.0,1048.0,1150,1150,658.518018018018,24,0,1000000,3000,4
608818,608818,2435272,4574,247,988,1122.0,0.0,1122.0,1227,1227,658.6518218623481,25,0,1000000,3000,4
609007,609007,2436028,4575,189,756,630.0,0.0,630.0,722,722,449.6878306878307,15,0,1000000,3000,4
609330,609330,2437320,4576,323,1292,1017.0,0.0,1017.0,1138,1138,690.0092879256966,23,0,1000000,3000,4
609653,609653,2438612,4577,323,1292,709.0,0.0,709.0,830,830,607.3993808049536,17,0,1000000,3000,4
609892,609892,2439568,4578,239,956,1333.0,0.0,1333.0,1438,1438,753.723849372385,29,0,1000000,3000,4
610065,610065,2440260,4579,173,692,809.0,0.0,809.0,898,900,589.3179190751445,19,0,1000000,3000,4
610208,610208,2440832,4580,143,572,705.0,0.0,705.0,790,790,507.1468531468532,16,0,1000000,3000,4
610313,610313,2441252,4581,105,420,602.0,0.0,602.0,679,679,379.6095238095238,14,0,1000000,3000,4
610350,610350,2441400,4582,37,148,226.0,0.0,226.0,290,290,170.8108108108108,6,0,1000000,3000,4
610387,610387,2441548,4583,37,148,246.0,0.0,246.0,311,311,147.86486486486487,7,0,1000000,3000,4
610474,610474,2441896,4584,87,348,621.0,0.0,621.0,696,696,339.7816091954023,14,0,1000000,3000,4
610764,610764,2443056,4585,290,1160,1038.0,0.0,1038.0,1153,1153,720.3068965517241,24,0,1000000,3000,4
610918,610918,2443672,4586,154,616,756.0,0.0,756.0,844,844,470.7012987012987,17,0,1000000,3000,4
611111,611111,2444444,4587,193,772,769.0,0.0,769.0,864,864,526.1295336787565,18,0,1000000,3000,4
611347,611347,2445388,4588,236,944,1034.0,0.0,1034.0,1138,1138,694.4915254237288,23,0,1000000,3000,4
611622,611622,2446488,4589,275,1100,789.0,0.0,789.0,898,898,632.6981818181819,18,0,1000000,3000,4
611903,611903,2447612,4590,281,1124,1015.0,0.0,1015.0,1126,1126,658.6120996441281,23,0,1000000,3000,4
612063,612063,2448252,4591,160,640,1049.0,0.0,1049.0,1137,1137,534.31875,23,0,1000000,3000,4
612112,612112,2448448,4592,49,196,222.0,0.0,222.0,287,287,149.0204081632653,6,0,1000000,3000,4
612152,612152,2448608,4593,40,160,236.0,0.0,236.0,301,301,151.7,7,0,1000000,3000,4
612414,612414,2449656,4594,262,1048,1029.0,0.0,1029.0,1138,1138,627.0687022900763,23,0,1000000,3000,4
612536,612536,2450144,4595,122,488,605.0,0.0,605.0,686,686,352.25409836065575,14,0,1000000,3000,4
612576,612576,2450304,4596,40,160,232.0,0.0,232.0,297,297,157.775,6,0,1000000,3000,4
612777,612777,2451108,4597,201,804,715.0,0.0,715.0,812,812,556.1691542288557,17,0,1000000,3000,4
612885,612885,2451540,4598,108,432,625.0,0.0,625.0,704,704,362.5833333333333,15,0,1000000,3000,4
613053,613053,2452212,4599,168,672,1038.0,0.0,1038.0,1127,1127,543.0892857142857,23,0,1000000,3000,4
613236,613236,2452944,4600,183,732,1043.0,0.0,1043.0,1136,1136,569.0491803278688,23,0,1000000,3000,4
613349,613349,2453396,4601,113,452,613.0,0.0,613.0,692,692,348.6194690265487,14,0,1000000,3000,4
613391,613391,2453564,4602,42,168,230.0,0.0,230.0,295,295,154.35714285714286,6,0,1000000,3000,4
613428,613428,2453712,4603,37,148,248.0,0.0,248.0,313,313,146.8918918918919,7,0,1000000,3000,4
613540,613540,2454160,4604,112,448,598.0,0.0,598.0,677,677,399.85714285714283,14,0,1000000,3000,4
613571,613571,2454284,4605,31,124,251.0,0.0,251.0,314,314,152.6451612903226,7,0,1000000,3000,4
613610,613610,2454440,4606,39,156,238.0,0.0,238.0,301,301,152.3846153846154,7,0,1000000,3000,4
613719,613719,2454876,4607,109,436,617.0,0.0,617.0,696,696,391.70642201834863,14,0,1000000,3000,4
613836,613836,2455344,4608,117,468,590.0,0.0,590.0,670,670,364.2393162393162,14,0,1000000,3000,4
613881,613881,2455524,4609,45,180,221.0,0.0,221.0,287,287,166.0222222222222,6,0,1000000,3000,4
614023,614023,2456092,4610,142,568,708.0,0.0,708.0,792,792,456.49295774647885,16,0,1000000,3000,4
614257,614257,2457028,4611,234,936,1319.0,0.0,1319.0,1423,1423,685.0811965811965,29,0,1000000,3000,4
614451,614451,2457804,4612,194,776,1313.0,0.0,1313.0,1408,1408,660.6855670103092,29,0,1000000,3000,4
614610,614610,2458440,4613,159,636,1065.0,0.0,1065.0,1154,1154,563.0062893081761,24,0,1000000,3000,4
614641,614641,2458564,4614,31,124,252.0,0.0,252.0,316,316,151.41935483870967,7,0,1000000,3000,4
614673,614673,2458692,4615,32,128,248.0,0.0,248.0,312,312,150.75,7,0,1000000,3000,4
614707,614707,2458828,4616,34,136,239.0,0.0,239.0,302,302,158.61764705882354,7,0,1000000,3000,4
614898,614898,2459592,4617,191,764,1324.0,0.0,1324.0,1418,1418,726.9842931937172,29,0,1000000,3000,4
614932,614932,2459728,4618,34,136,247.0,0.0,247.0,311,311,154.23529411764707,7,0,1000000,3000,4
615055,615055,2460220,4619,123,492,743.0,0.0,743.0,824,824,486.349593495935,17,0,1000000,3000,4
615145,615145,2460580,4620,90,360,620.0,0.0,620.0,695,695,399.96666666666664,14,0,1000000,3000,4
615318,615318,2461272,4621,173,692,1436.0,0.0,1436.0,1527,1527,740.5780346820809,31,0,1000000,3000,4
615354,615354,2461416,4622,36,144,234.0,0.0,234.0,298,298,161.77777777777777,6,0,1000000,3000,4
615440,615440,2461760,4623,86,344,625.0,0.0,625.0,700,700,354.13953488372096,15,0,1000000,3000,4
615580,615580,2462320,4624,140,560,816.0,0.0,816.0,898,898,568.6214285714286,18,0,1000000,3000,4
615659,615659,2462636,4625,79,316,608.0,0.0,608.0,681,681,313.4810126582278,14,0,1000000,3000,4
615695,615695,2462780,4626,36,144,239.0,0.0,239.0,303,303,156.55555555555554,7,0,1000000,3000,4
615943,615943,2463772,4627,248,992,1034.0,0.0,1034.0,1140,1140,652.9637096774194,23,0,1000000,3000,4
615984,615984,2463936,4628,41,164,231.0,0.0,231.0,297,297,159.9512195121951,6,0,1000000,3000,4
616198,616198,2464792,4629,214,856,801.0,0.0,801.0,898,899,593.5841121495328,18,0,1000000,3000,4
616606,616606,2466424,4630,408,1632,2336.0,0.0,2336.0,2473,2473,1210.9950980392157,50,0,1000000,3000,4
616801,616801,2467204,4631,195,780,1037.0,0.0,1037.0,1133,1133,579.1538461538462,23,0,1000000,3000,4
617048,617048,2468192,4632,247,988,1024.0,0.0,1024.0,1129,1129,624.2307692307693,23,0,1000000,3000,4
617308,617308,2469232,4633,260,1040,1560.0,0.0,1560.0,1669,1669,828.7884615384615,34,0,1000000,3000,4
617342,617342,2469368,4634,34,136,248.0,0.0,248.0,311,311,153.52941176470588,7,0,1000000,3000,4
617581,617581,2470324,4635,239,956,1047.0,0.0,1047.0,1152,1152,611.6066945606694,24,0,1000000,3000,4
617736,617736,2470944,4636,155,620,1049.0,0.0,1049.0,1135,1135,578.9612903225807,23,0,1000000,3000,4
617895,617895,2471580,4637,159,636,1339.0,0.0,1339.0,1428,1428,743.811320754717,29,0,1000000,3000,4
617928,617928,2471712,4638,33,132,245.0,0.0,245.0,307,307,160.84848484848484,7,0,1000000,3000,4
617962,617962,2471848,4639,34,136,246.0,0.0,246.0,309,309,157.94117647058823,7,0,1000000,3000,4
618050,618050,2472200,4640,88,352,631.0,0.0,631.0,706,706,364.09090909090907,15,0,1000000,3000,4
618157,618157,2472628,4641,107,428,625.0,0.0,625.0,704,704,344.98130841121497,15,0,1000000,3000,4
618376,618376,2473504,4642,219,876,1317.0,0.0,1317.0,1416,1416,743.0867579908676,29,0,1000000,3000,4
618406,618406,2473624,4643,30,120,245.0,0.0,245.0,308,308,153.0,7,0,1000000,3000,4
618590,618590,2474360,4644,184,736,1433.0,0.0,1433.0,1526,1526,704.2771739130435,31,0,1000000,3000,4
618748,618748,2474992,4645,158,632,1338.0,0.0,1338.0,1427,1427,668.9810126582279,29,0,1000000,3000,4
618841,618841,2475364,4646,93,372,628.0,0.0,628.0,704,704,368.247311827957,15,0,1000000,3000,4
619098,619098,2476392,4647,257,1028,1302.0,0.0,1302.0,1409,1409,729.147859922179,29,0,1000000,3000,4
619128,619128,2476512,4648,30,120,246.0,0.0,246.0,309,309,161.1,7,0,1000000,3000,4
619320,619320,2477280,4649,192,768,1325.0,0.0,1325.0,1421,1421,718.390625,29,0,1000000,3000,4
619445,619445,2477780,4650,125,500,1056.0,0.0,1056.0,1137,1137,563.704,23,0,1000000,3000,4
619476,619476,2477904,4651,31,124,247.0,0.0,247.0,311,311,160.5483870967742,7,0,1000000,3000,4
619668,619668,2478672,4652,192,768,1034.0,0.0,1034.0,1127,1127,597.7083333333334,23,0,1000000,3000,4
619752,619752,2479008,4653,84,336,606.0,0.0,606.0,680,680,356.4404761904762,14,0,1000000,3000,4
619784,619784,2479136,4654,32,128,249.0,0.0,249.0,313,313,148.75,7,0,1000000,3000,4
619881,619881,2479524,4655,97,388,604.0,0.0,604.0,680,680,334.3814432989691,14,0,1000000,3000,4
619960,619960,2479840,4656,79,316,605.0,0.0,605.0,678,678,307.65822784810126,14,0,1000000,3000,4
620032,620032,2480128,4657,72,288,618.0,0.0,618.0,690,690,350.1388888888889,14,0,1000000,3000,4
620065,620065,2480260,4658,33,132,247.0,0.0,247.0,311,311,157.75757575757575,7,0,1000000,3000,4
620212,620212,2480848,4659,147,588,1154.0,0.0,1154.0,1241,1241,635.374149659864,25,0,1000000,3000,4
620410,620410,2481640,4660,198,792,1030.0,0.0,1030.0,1124,1124,647.2373737373738,23,0,1000000,3000,4
620444,620444,2481776,4661,34,136,244.0,0.0,244.0,308,308,150.76470588235293,7,0,1000000,3000,4
620590,620590,2482360,4662,146,584,814.0,0.0,814.0,898,899,575.582191780822,18,0,1000000,3000,4
620919,620919,2483676,4663,329,1316,1394.0,0.0,1394.0,1516,1516,757.1854103343466,31,0,1000000,3000,4
621003,621003,2484012,4664,84,336,615.0,0.0,615.0,688,688,406.8809523809524,14,0,1000000,3000,4
621069,621069,2484276,4665,66,264,604.0,0.0,604.0,675,675,321.6818181818182,14,0,1000000,3000,4
621103,621103,2484412,4666,34,136,236.0,0.0,236.0,299,299,168.11764705882354,6,0,1000000,3000,4
621137,621137,2484548,4667,34,136,236.0,0.0,236.0,300,300,163.91176470588235,7,0,1000000,3000,4
621321,621321,2485284,4668,184,736,1031.0,0.0,1031.0,1122,1123,635.0597826086956,23,0,1000000,3000,4
621354,621354,2485416,4669,33,132,251.0,0.0,251.0,315,315,148.75757575757575,7,0,1000000,3000,4
621528,621528,2486112,4670,174,696,1034.0,0.0,1034.0,1124,1124,631.3735632183908,23,0,1000000,3000,4
621562,621562,2486248,4671,34,136,241.0,0.0,241.0,305,305,155.38235294117646,7,0,1000000,3000,4
621690,621690,2486760,4672,128,512,716.0,0.0,716.0,798,798,483.28125,16,0,1000000,3000,4
621724,621724,2486896,4673,34,136,238.0,0.0,238.0,301,301,170.7058823529412,7,0,1000000,3000,4
621756,621756,2487024,4674,32,128,247.0,0.0,247.0,311,311,146.125,7,0,1000000,3000,4
621956,621956,2487824,4675,200,800,1341.0,0.0,1341.0,1438,1438,720.455,29,0,1000000,3000,4
622041,622041,2488164,4676,85,340,632.0,0.0,632.0,706,706,381.9529411764706,15,0,1000000,3000,4
622119,622119,2488476,4677,78,312,608.0,0.0,608.0,681,681,352.3076923076923,14,0,1000000,3000,4
622194,622194,2488776,4678,75,300,624.0,0.0,624.0,696,696,351.82666666666665,14,0,1000000,3000,4
622232,622232,2488928,4679,38,152,244.0,0.0,244.0,308,308,152.68421052631578,7,0,1000000,3000,4
622478,622478,2489912,4680,246,984,1323.0,0.0,1323.0,1430,1430,713.4430894308944,29,0,1000000,3000,4
622652,622652,2490608,4681,174,696,633.0,0.0,633.0,722,722,482.63793103448273,15,0,1000000,3000,4
622848,622848,2491392,4682,196,784,1334.0,0.0,1334.0,1431,1431,726.8724489795918,29,0,1000000,3000,4
623166,623166,2492664,4683,318,1272,1289.0,0.0,1289.0,1409,1409,716.62893081761,29,0,1000000,3000,4
623528,623528,2494112,4684,362,1448,2347.0,0.0,2347.0,2476,2476,1384.8453038674033,50,0,1000000,3000,4
623752,623752,2495008,4685,224,896,1413.0,0.0,1413.0,1514,1514,787.1116071428571,31,0,1000000,3000,4
623786,623786,2495144,4686,34,136,245.0,0.0,245.0,309,309,145.7058823529412,7,0,1000000,3000,4
623977,623977,2495908,4687,191,764,1031.0,0.0,1031.0,1124,1124,570.6230366492147,23,0,1000000,3000,4
624006,624006,2496024,4688,29,116,252.0,0.0,252.0,315,315,156.41379310344828,7,0,1000000,3000,4
624267,624267,2497068,4689,261,1044,1319.0,0.0,1319.0,1429,1429,750.6513409961685,29,0,1000000,3000,4
624473,624473,2497892,4690,206,824,1577.0,0.0,1577.0,1675,1675,753.9223300970874,34,0,1000000,3000,4
624511,624511,2498044,4691,38,152,235.0,0.0,235.0,299,299,166.97368421052633,6,0,1000000,3000,4
624586,624586,2498344,4692,75,300,628.0,0.0,628.0,701,701,366.70666666666665,15,0,1000000,3000,4
624668,624668,2498672,4693,82,328,620.0,0.0,620.0,693,693,343.8414634146341,14,0,1000000,3000,4
624737,624737,2498948,4694,69,276,607.0,0.0,607.0,677,677,302.4492753623188,14,0,1000000,3000,4
624895,624895,2499580,4695,158,632,1041.0,0.0,1041.0,1128,1128,557.8924050632911,23,0,1000000,3000,4
624992,624992,2499968,4696,97,388,587.0,0.0,587.0,663,663,415.03092783505156,14,0,1000000,3000,4
625024,625024,2500096,4697,32,128,247.0,0.0,247.0,311,311,155.8125,7,0,1000000,3000,4
625104,625104,2500416,4698,80,320,609.0,0.0,609.0,681,681,352.5875,14,0,1000000,3000,4
625137,625137,2500548,4699,33,132,244.0,0.0,244.0,308,308,150.36363636363637,7,0,1000000,3000,4
625258,625258,2501032,4700,121,484,747.0,0.0,747.0,829,829,506.3801652892562,17,0,1000000,3000,4
625287,625287,2501148,4701,29,116,252.0,0.0,252.0,315,315,160.48275862068965,7,0,1000000,3000,4
625322,625322,2501288,4702,35,140,247.0,0.0,247.0,310,310,155.45714285714286,7,0,1000000,3000,4
625383,625383,2501532,4703,61,244,609.0,0.0,609.0,679,679,330.8196721311475,14,0,1000000,3000,4
625453,625453,2501812,4704,70,280,610.0,0.0,610.0,681,681,354.62857142857143,14,0,1000000,3000,4
625483,625483,2501932,4705,30,120,247.0,0.0,247.0,310,310,155.03333333333333,7,0,1000000,3000,4
625513,625513,2502052,4706,30,120,247.0,0.0,247.0,309,309,160.9,7,0,1000000,3000,4
625544,625544,2502176,4707,31,124,252.0,0.0,252.0,316,316,154.74193548387098,7,0,1000000,3000,4
625577,625577,2502308,4708,33,132,252.0,0.0,252.0,316,316,153.3030303030303,7,0,1000000,3000,4
625615,625615,2502460,4709,38,152,245.0,0.0,245.0,310,310,142.42105263157896,7,0,1000000,3000,4
625645,625645,2502580,4710,30,120,251.0,0.0,251.0,314,314,155.23333333333332,7,0,1000000,3000,4
625722,625722,2502888,4711,77,308,616.0,0.0,616.0,689,689,360.24675324675326,14,0,1000000,3000,4
625843,625843,2503372,4712,121,484,757.0,0.0,757.0,839,839,523.4380165289256,17,0,1000000,3000,4
626011,626011,2504044,4713,168,672,764.0,0.0,764.0,854,854,544.875,18,0,1000000,3000,4
626103,626103,2504412,4714,92,368,626.0,0.0,626.0,702,702,385.45652173913044,15,0,1000000,3000,4
626343,626343,2505372,4715,240,960,1415.0,0.0,1415.0,1520,1520,737.6666666666666,31,0,1000000,3000,4
626386,626386,2505544,4716,43,172,228.0,0.0,228.0,293,293,157.13953488372093,6,0,1000000,3000,4
626418,626418,2505672,4717,32,128,245.0,0.0,245.0,309,309,155.09375,7,0,1000000,3000,4
626494,626494,2505976,4718,76,304,635.0,0.0,635.0,708,708,370.64473684210526,15,0,1000000,3000,4
626647,626647,2506588,4719,153,612,769.0,0.0,769.0,857,857,549.0065359477125,18,0,1000000,3000,4
626684,626684,2506736,4720,37,148,246.0,0.0,246.0,311,311,145.05405405405406,7,0,1000000,3000,4
626786,626786,2507144,4721,102,408,624.0,0.0,624.0,701,701,365.51960784313724,15,0,1000000,3000,4
626818,626818,2507272,4722,32,128,250.0,0.0,250.0,314,314,146.09375,7,0,1000000,3000,4
626856,626856,2507424,4723,38,152,240.0,0.0,240.0,304,304,155.05263157894737,7,0,1000000,3000,4
627034,627034,2508136,4724,178,712,1312.0,0.0,1312.0,1404,1404,756.5280898876405,29,0,1000000,3000,4
627203,627203,2508812,4725,169,676,810.0,0.0,810.0,898,899,565.9704142011834,18,0,1000000,3000,4
627375,627375,2509500,4726,172,688,1045.0,0.0,1045.0,1136,1136,578.8779069767442,23,0,1000000,3000,4
627475,627475,2509900,4727,100,400,629.0,0.0,629.0,706,706,370.64,15,0,1000000,3000,4
627706,627706,2510824,4728,231,924,1407.0,0.0,1407.0,1510,1510,693.952380952381,31,0,1000000,3000,4
627892,627892,2511568,4729,186,744,1033.0,0.0,1033.0,1125,1125,633.236559139785,23,0,1000000,3000,4
628055,628055,2512220,4730,163,652,1038.0,0.0,1038.0,1126,1126,622.4723926380368,23,0,1000000,3000,4
628195,628195,2512780,4731,140,560,1069.0,0.0,1069.0,1155,1155,580.65,24,0,1000000,3000,4
628228,628228,2512912,4732,33,132,249.0,0.0,249.0,313,313,150.1818181818182,7,0,1000000,3000,4
628260,628260,2513040,4733,32,128,252.0,0.0,252.0,316,316,150.9375,7,0,1000000,3000,4
628291,628291,2513164,4734,31,124,249.0,0.0,249.0,313,313,152.41935483870967,7,0,1000000,3000,4
628324,628324,2513296,4735,33,132,246.0,0.0,246.0,310,310,152.66666666666666,7,0,1000000,3000,4
628484,628484,2513936,4736,160,640,1039.0,0.0,1039.0,1126,1126,583.34375,23,0,1000000,3000,4
628518,628518,2514072,4737,34,136,236.0,0.0,236.0,300,300,163.8235294117647,7,0,1000000,3000,4
628730,628730,2514920,4738,212,848,1336.0,0.0,1336.0,1436,1436,731.4669811320755,29,0,1000000,3000,4
628762,628762,2515048,4739,32,128,243.0,0.0,243.0,307,307,153.5,7,0,1000000,3000,4
628803,628803,2515212,4740,41,164,232.0,0.0,232.0,297,297,160.14634146341464,6,0,1000000,3000,4
628840,628840,2515360,4741,37,148,237.0,0.0,237.0,301,301,154.54054054054055,7,0,1000000,3000,4
629009,629009,2516036,4742,169,676,1335.0,0.0,1335.0,1425,1425,750.3727810650887,29,0,1000000,3000,4
629050,629050,2516200,4743,41,164,235.0,0.0,235.0,301,301,145.02439024390245,7,0,1000000,3000,4
629090,629090,2516360,4744,40,160,237.0,0.0,237.0,303,303,148.5,7,0,1000000,3000,4
629218,629218,2516872,4745,128,512,738.0,0.0,738.0,820,820,461.6484375,17,0,1000000,3000,4
629577,629577,2518308,4746,359,1436,1393.0,0.0,1393.0,1522,1522,748.4512534818941,31,0,1000000,3000,4
629619,629619,2518476,4747,42,168,238.0,0.0,238.0,302,302,147.02380952380952,7,0,1000000,3000,4
629700,629700,2518800,4748,81,324,618.0,0.0,618.0,691,691,336.7901234567901,14,0,1000000,3000,4
629865,629865,2519460,4749,165,660,1153.0,0.0,1153.0,1244,1244,612.6727272727272,25,0,1000000,3000,4
629947,629947,2519788,4750,82,328,637.0,0.0,637.0,710,710,368.3292682926829,15,0,1000000,3000,4
630046,630046,2520184,4751,99,396,604.0,0.0,604.0,680,680,388.27272727272725,14,0,1000000,3000,4
630199,630199,2520796,4752,153,612,637.0,0.0,637.0,722,722,491.1830065359477,15,0,1000000,3000,4
630365,630365,2521460,4753,166,664,1038.0,0.0,1038.0,1127,1127,538.777108433735,23,0,1000000,3000,4
630616,630616,2522464,4754,251,1004,1335.0,0.0,1335.0,1443,1443,726.9960159362549,29,0,1000000,3000,4
630803,630803,2523212,4755,187,748,757.0,0.0,757.0,851,851,553.7647058823529,18,0,1000000,3000,4
630905,630905,2523620,4756,102,408,600.0,0.0,600.0,677,677,385.6862745098039,14,0,1000000,3000,4
631074,631074,2524296,4757,169,676,1035.0,0.0,1035.0,1123,1123,622.810650887574,23,0,1000000,3000,4
631304,631304,2525216,4758,230,920,726.0,0.0,726.0,830,830,513.0347826086957,17,0,1000000,3000,4
631405,631405,2525620,4759,101,404,618.0,0.0,618.0,695,695,352.0990099009901,14,0,1000000,3000,4
631948,631948,2527792,4760,543,2172,676.0,0.0,676.0,842,842,615.6224677716391,17,0,1000000,3000,4
631987,631987,2527948,4761,39,156,246.0,0.0,246.0,310,310,144.51282051282053,7,0,1000000,3000,4
632089,632089,2528356,4762,102,408,602.0,0.0,602.0,679,679,383.3235294117647,14,0,1000000,3000,4
632201,632201,2528804,4763,112,448,595.0,0.0,595.0,674,674,378.92857142857144,14,0,1000000,3000,4
632251,632251,2529004,4764,50,200,207.0,0.0,207.0,274,274,171.94,6,0,1000000,3000,4
632469,632469,2529876,4765,218,872,800.0,0.0,800.0,898,898,574.0504587155963,18,0,1000000,3000,4
632788,632788,2531152,4766,319,1276,1393.0,0.0,1393.0,1513,1513,762.8181818181819,31,0,1000000,3000,4
632831,632831,2531324,4767,43,172,231.0,0.0,231.0,296,296,156.97674418604652,6,0,1000000,3000,4
632873,632873,2531492,4768,42,168,231.0,0.0,231.0,295,295,155.45238095238096,6,0,1000000,3000,4
633598,633598,2534392,4769,725,2900,929.0,0.0,929.0,1129,1129,811.255172413793,23,0,1000000,3000,4
633636,633636,2534544,4770,38,152,240.0,0.0,240.0,305,305,150.68421052631578,7,0,1000000,3000,4
633860,633860,2535440,4771,224,896,757.0,0.0,757.0,857,857,527.1741071428571,18,0,1000000,3000,4
633895,633895,2535580,4772,35,140,244.0,0.0,244.0,308,308,145.94285714285715,7,0,1000000,3000,4
634168,634168,2536672,4773,273,1092,751.0,0.0,751.0,862,862,572.080586080586,18,0,1000000,3000,4
634519,634519,2538076,4774,351,1404,773.0,0.0,773.0,898,898,691.6324786324786,18,0,1000000,3000,4
634628,634628,2538512,4775,109,436,598.0,0.0,598.0,677,677,410.23853211009174,14,0,1000000,3000,4
634740,634740,2538960,4776,112,448,608.0,0.0,608.0,687,687,370.9375,14,0,1000000,3000,4
635313,635313,2541252,4777,573,2292,956.0,0.0,956.0,1126,1126,733.9650959860384,23,0,1000000,3000,4
635677,635677,2542708,4778,364,1456,1647.0,0.0,1647.0,1776,1776,847.3818681318681,36,0,1000000,3000,4
635888,635888,2543552,4779,211,844,1315.0,0.0,1315.0,1413,1413,679.9241706161138,29,0,1000000,3000,4
636491,636491,2545964,4780,603,2412,1063.0,0.0,1063.0,1241,1241,776.0796019900497,25,0,1000000,3000,4
636532,636532,2546128,4781,41,164,246.0,0.0,246.0,312,312,133.09756097560975,7,0,1000000,3000,4
636877,636877,2547508,4782,345,1380,1295.0,0.0,1295.0,1420,1420,760.5159420289855,29,0,1000000,3000,4
636966,636966,2547864,4783,89,356,621.0,0.0,621.0,696,696,367.85393258426967,14,0,1000000,3000,4
637175,637175,2548700,4784,209,836,1145.0,0.0,1145.0,1243,1243,690.2535885167464,25,0,1000000,3000,4
637287,637287,2549148,4785,112,448,617.0,0.0,617.0,696,696,348.7232142857143,14,0,1000000,3000,4
637405,637405,2549620,4786,118,472,587.0,0.0,587.0,667,667,380.9237288135593,14,0,1000000,3000,4
637521,637521,2550084,4787,116,464,591.0,0.0,591.0,670,670,377.01724137931035,14,0,1000000,3000,4
637567,637567,2550268,4788,46,184,228.0,0.0,228.0,295,295,141.67391304347825,6,0,1000000,3000,4
637611,637611,2550444,4789,44,176,233.0,0.0,233.0,298,298,148.0,6,0,1000000,3000,4
637830,637830,2551320,4790,219,876,692.0,0.0,692.0,792,792,555.6940639269407,16,0,1000000,3000,4
637957,637957,2551828,4791,127,508,624.0,0.0,624.0,705,705,337.20472440944883,15,0,1000000,3000,4
638192,638192,2552768,4792,235,940,1307.0,0.0,1307.0,1411,1411,680.7787234042553,29,0,1000000,3000,4
638224,638224,2552896,4793,32,128,243.0,0.0,243.0,306,306,169.875,7,0,1000000,3000,4
638307,638307,2553228,4794,83,332,606.0,0.0,606.0,679,679,310.9759036144578,14,0,1000000,3000,4
638474,638474,2553896,4795,167,668,737.0,0.0,737.0,827,827,514.5748502994012,17,0,1000000,3000,4
638510,638510,2554040,4796,36,144,234.0,0.0,234.0,297,297,168.72222222222223,6,0,1000000,3000,4
638544,638544,2554176,4797,34,136,244.0,0.0,244.0,307,307,159.1764705882353,7,0,1000000,3000,4
638612,638612,2554448,4798,68,272,612.0,0.0,612.0,683,683,321.95588235294116,14,0,1000000,3000,4
638771,638771,2555084,4799,159,636,636.0,0.0,636.0,722,722,472.66037735849056,15,0,1000000,3000,4
638813,638813,2555252,4800,42,168,240.0,0.0,240.0,306,306,138.07142857142858,7,0,1000000,3000,4
638857,638857,2555428,4801,44,176,235.0,0.0,235.0,300,300,142.77272727272728,7,0,1000000,3000,4
639257,639257,2557028,4802,400,1600,1809.0,0.0,1809.0,1945,1945,876.2775,39,0,1000000,3000,4
639299,639299,2557196,4803,42,168,228.0,0.0,228.0,293,293,163.61904761904762,6,0,1000000,3000,4
639403,639403,2557612,4804,104,416,605.0,0.0,605.0,682,682,394.6057692307692,14,0,1000000,3000,4
639439,639439,2557756,4805,36,144,243.0,0.0,243.0,306,306,159.05555555555554,7,0,1000000,3000,4
639722,639722,2558888,4806,283,1132,787.0,0.0,787.0,898,898,619.904593639576,18,0,1000000,3000,4
639759,639759,2559036,4807,37,148,249.0,0.0,249.0,314,314,138.78378378378378,7,0,1000000,3000,4
639879,639879,2559516,4808,120,480,589.0,0.0,589.0,670,670,378.85833333333335,14,0,1000000,3000,4
640012,640012,2560048,4809,133,532,591.0,0.0,591.0,674,674,449.18045112781954,14,0,1000000,3000,4
640100,640100,2560400,4810,88,352,620.0,0.0,620.0,694,694,302.625,14,0,1000000,3000,4
640502,640502,2562008,4811,402,1608,1515.0,0.0,1515.0,1651,1651,838.6218905472637,34,0,1000000,3000,4
640586,640586,2562344,4812,84,336,616.0,0.0,616.0,689,689,328.2142857142857,14,0,1000000,3000,4
640689,640689,2562756,4813,103,412,607.0,0.0,607.0,684,684,371.4271844660194,14,0,1000000,3000,4
640798,640798,2563192,4814,109,436,627.0,0.0,627.0,705,705,339.7522935779817,15,0,1000000,3000,4
640927,640927,2563708,4815,129,516,1054.0,0.0,1054.0,1136,1136,550.5736434108527,23,0,1000000,3000,4
641270,641270,2565080,4816,343,1372,1317.0,0.0,1317.0,1443,1443,754.1778425655976,29,0,1000000,3000,4
641474,641474,2565896,4817,204,816,1042.0,0.0,1042.0,1138,1138,589.5049019607843,23,0,1000000,3000,4
641535,641535,2566140,4818,61,244,201.0,0.0,201.0,269,269,153.29508196721312,6,0,1000000,3000,4
641574,641574,2566296,4819,39,156,238.0,0.0,238.0,301,301,142.35897435897436,7,0,1000000,3000,4
641821,641821,2567284,4820,247,988,1030.0,0.0,1030.0,1135,1135,694.0323886639676,23,0,1000000,3000,4
641921,641921,2567684,4821,100,400,648.0,0.0,648.0,722,723,330.68,15,0,1000000,3000,4
642030,642030,2568120,4822,109,436,625.0,0.0,625.0,704,704,364.4678899082569,15,0,1000000,3000,4
642469,642469,2569876,4823,439,1756,994.0,0.0,994.0,1138,1138,712.503416856492,23,0,1000000,3000,4
642723,642723,2570892,4824,254,1016,1020.0,0.0,1020.0,1126,1126,603.8582677165355,23,0,1000000,3000,4
642776,642776,2571104,4825,53,212,199.0,0.0,199.0,265,265,173.45283018867926,6,0,1000000,3000,4
643057,643057,2572228,4826,281,1124,1026.0,0.0,1026.0,1139,1139,649.3879003558719,23,0,1000000,3000,4
643110,643110,2572440,4827,53,212,219.0,0.0,219.0,285,285,141.37735849056602,6,0,1000000,3000,4
643163,643163,2572652,4828,53,212,209.0,0.0,209.0,276,276,157.22641509433961,6,0,1000000,3000,4
643351,643351,2573404,4829,188,752,806.0,0.0,806.0,898,898,540.6117021276596,18,0,1000000,3000,4
643927,643927,2575708,4830,576,2304,954.0,0.0,954.0,1124,1124,780.0052083333334,23,0,1000000,3000,4
644080,644080,2576320,4831,153,612,637.0,0.0,637.0,722,723,485.4575163398693,15,0,1000000,3000,4
644198,644198,2576792,4832,118,472,598.0,0.0,598.0,679,679,372.3305084745763,14,0,1000000,3000,4
644240,644240,2576960,4833,42,168,240.0,0.0,240.0,305,305,138.66666666666666,7,0,1000000,3000,4
644415,644415,2577660,4834,175,700,592.0,0.0,592.0,684,684,460.8285714285714,14,0,1000000,3000,4
644654,644654,2578616,4835,239,956,1034.0,0.0,1034.0,1138,1138,631.092050209205,23,0,1000000,3000,4
644687,644687,2578748,4836,33,132,251.0,0.0,251.0,315,315,153.75757575757575,7,0,1000000,3000,4
644775,644775,2579100,4837,88,352,606.0,0.0,606.0,681,681,320.57954545454544,14,0,1000000,3000,4
645000,645000,2580000,4838,225,900,1027.0,0.0,1027.0,1129,1129,628.1911111111111,23,0,1000000,3000,4
645099,645099,2580396,4839,99,396,622.0,0.0,622.0,698,698,372.8686868686869,14,0,1000000,3000,4
645421,645421,2581684,4840,322,1288,1553.0,0.0,1553.0,1675,1675,784.9844720496894,34,0,1000000,3000,4
645502,645502,2582008,4841,81,324,617.0,0.0,617.0,690,690,334.8024691358025,14,0,1000000,3000,4
645674,645674,2582696,4842,172,688,1061.0,0.0,1061.0,1153,1153,628.6279069767442,24,0,1000000,3000,4
645716,645716,2582864,4843,42,168,231.0,0.0,231.0,296,296,158.9047619047619,6,0,1000000,3000,4
645944,645944,2583776,4844,228,912,1315.0,0.0,1315.0,1416,1416,749.280701754386,29,0,1000000,3000,4
645985,645985,2583940,4845,41,164,225.0,0.0,225.0,291,291,168.4390243902439,6,0,1000000,3000,4
646287,646287,2585148,4846,302,1208,1397.0,0.0,1397.0,1514,1514,745.3774834437086,31,0,1000000,3000,4
646386,646386,2585544,4847,99,396,633.0,0.0,633.0,708,708,360.5959595959596,15,0,1000000,3000,4
646422,646422,2585688,4848,36,144,242.0,0.0,242.0,305,305,154.97222222222223,7,0,1000000,3000,4
646696,646696,2586784,4849,274,1096,1016.0,0.0,1016.0,1126,1126,683.6605839416059,23,0,1000000,3000,4
646739,646739,2586956,4850,43,172,235.0,0.0,235.0,300,300,149.67441860465115,7,0,1000000,3000,4
646948,646948,2587792,4851,209,836,1040.0,0.0,1040.0,1138,1138,692.4114832535885,23,0,1000000,3000,4
646992,646992,2587968,4852,44,176,238.0,0.0,238.0,302,302,139.52272727272728,7,0,1000000,3000,4
647035,647035,2588140,4853,43,172,210.0,0.0,210.0,274,274,177.37209302325581,6,0,1000000,3000,4
647135,647135,2588540,4854,100,400,618.0,0.0,618.0,695,695,341.34,14,0,1000000,3000,4
647184,647184,2588736,4855,49,196,212.0,0.0,212.0,278,278,162.81632653061226,6,0,1000000,3000,4
647226,647226,2588904,4856,42,168,230.0,0.0,230.0,294,294,152.66666666666666,6,0,1000000,3000,4
647332,647332,2589328,4857,106,424,611.0,0.0,611.0,690,690,327.16037735849056,14,0,1000000,3000,4
647437,647437,2589748,4858,105,420,631.0,0.0,631.0,709,709,369.74285714285713,15,0,1000000,3000,4
647472,647472,2589888,4859,35,140,242.0,0.0,242.0,305,305,157.65714285714284,7,0,1000000,3000,4
647679,647679,2590716,4860,207,828,756.0,0.0,756.0,855,855,543.2850241545893,18,0,1000000,3000,4
647712,647712,2590848,4861,33,132,243.0,0.0,243.0,305,305,158.54545454545453,7,0,1000000,3000,4
647793,647793,2591172,4862,81,324,636.0,0.0,636.0,709,709,375.95061728395063,15,0,1000000,3000,4
647888,647888,2591552,4863,95,380,615.0,0.0,615.0,691,691,394.36842105263156,14,0,1000000,3000,4
647923,647923,2591692,4864,35,140,250.0,0.0,250.0,314,314,153.82857142857142,7,0,1000000,3000,4
647962,647962,2591848,4865,39,156,239.0,0.0,239.0,303,303,154.05128205128204,7,0,1000000,3000,4
648240,648240,2592960,4866,278,1112,1018.0,0.0,1018.0,1129,1129,715.8057553956835,23,0,1000000,3000,4
648319,648319,2593276,4867,79,316,609.0,0.0,609.0,682,682,323.0759493670886,14,0,1000000,3000,4
648567,648567,2594268,4868,248,992,1031.0,0.0,1031.0,1137,1137,656.891129032258,23,0,1000000,3000,4
648769,648769,2595076,4869,202,808,1034.0,0.0,1034.0,1130,1130,647.2277227722773,23,0,1000000,3000,4
648968,648968,2595872,4870,199,796,1035.0,0.0,1035.0,1131,1131,620.4874371859296,23,0,1000000,3000,4
649046,649046,2596184,4871,78,312,631.0,0.0,631.0,703,703,394.3974358974359,15,0,1000000,3000,4
649136,649136,2596544,4872,90,360,609.0,0.0,609.0,684,684,342.3888888888889,14,0,1000000,3000,4
649209,649209,2596836,4873,73,292,616.0,0.0,616.0,688,688,329.6575342465753,14,0,1000000,3000,4
649468,649468,2597872,4874,259,1036,1324.0,0.0,1324.0,1433,1433,687.057915057915,29,0,1000000,3000,4
649647,649647,2598588,4875,179,716,1328.0,0.0,1328.0,1421,1421,709.9944134078212,29,0,1000000,3000,4
649676,649676,2598704,4876,29,116,247.0,0.0,247.0,310,310,154.17241379310346,7,0,1000000,3000,4
649711,649711,2598844,4877,35,140,246.0,0.0,246.0,311,311,139.54285714285714,7,0,1000000,3000,4
649792,649792,2599168,4878,81,324,610.0,0.0,610.0,684,684,342.74074074074076,14,0,1000000,3000,4
649824,649824,2599296,4879,32,128,244.0,0.0,244.0,307,307,159.03125,7,0,1000000,3000,4
650015,650015,2600060,4880,191,764,1334.0,0.0,1334.0,1429,1429,722.7696335078534,29,0,1000000,3000,4
650048,650048,2600192,4881,33,132,247.0,0.0,247.0,310,310,155.78787878787878,7,0,1000000,3000,4
650084,650084,2600336,4882,36,144,248.0,0.0,248.0,313,313,142.33333333333334,7,0,1000000,3000,4
650220,650220,2600880,4883,136,544,760.0,0.0,760.0,845,845,528.2941176470588,17,0,1000000,3000,4
650258,650258,2601032,4884,38,152,239.0,0.0,239.0,304,304,159.07894736842104,7,0,1000000,3000,4
650299,650299,2601196,4885,41,164,232.0,0.0,232.0,297,297,155.0487804878049,6,0,1000000,3000,4
650548,650548,2602192,4886,249,996,1022.0,0.0,1022.0,1127,1127,649.0401606425703,23,0,1000000,3000,4
650638,650638,2602552,4887,90,360,614.0,0.0,614.0,689,689,388.64444444444445,14,0,1000000,3000,4
650671,650671,2602684,4888,33,132,246.0,0.0,246.0,310,310,151.42424242424244,7,0,1000000,3000,4
650833,650833,2603332,4889,162,648,811.0,0.0,811.0,898,898,538.0555555555555,18,0,1000000,3000,4
651002,651002,2604008,4890,169,676,1344.0,0.0,1344.0,1435,1435,668.3372781065088,29,0,1000000,3000,4
651035,651035,2604140,4891,33,132,244.0,0.0,244.0,307,307,161.57575757575756,7,0,1000000,3000,4
651118,651118,2604472,4892,83,332,622.0,0.0,622.0,696,696,398.7951807228916,14,0,1000000,3000,4
651329,651329,2605316,4893,211,844,1051.0,0.0,1051.0,1151,1151,640.6587677725119,24,0,1000000,3000,4
651430,651430,2605720,4894,101,404,624.0,0.0,624.0,702,702,369.7227722772277,15,0,1000000,3000,4
651467,651467,2605868,4895,37,148,242.0,0.0,242.0,306,306,155.72972972972974,7,0,1000000,3000,4
651578,651578,2606312,4896,111,444,598.0,0.0,598.0,676,676,394.009009009009,14,0,1000000,3000,4
651754,651754,2607016,4897,176,704,1047.0,0.0,1047.0,1139,1139,578.7613636363636,23,0,1000000,3000,4
651870,651870,2607480,4898,116,464,614.0,0.0,614.0,695,695,380.5258620689655,14,0,1000000,3000,4
651949,651949,2607796,4899,79,316,621.0,0.0,621.0,693,693,335.4177215189873,14,0,1000000,3000,4
652040,652040,2608160,4900,91,364,630.0,0.0,630.0,706,706,371.72527472527474,15,0,1000000,3000,4
652080,652080,2608320,4901,40,160,238.0,0.0,238.0,303,303,156.825,7,0,1000000,3000,4
652234,652234,2608936,4902,154,616,1039.0,0.0,1039.0,1124,1124,594.8831168831168,23,0,1000000,3000,4
652274,652274,2609096,4903,40,160,238.0,0.0,238.0,302,302,157.0,7,0,1000000,3000,4
652357,652357,2609428,4904,83,332,605.0,0.0,605.0,679,679,335.48192771084337,14,0,1000000,3000,4
652582,652582,2610328,4905,225,900,1562.0,0.0,1562.0,1665,1665,800.7422222222223,34,0,1000000,3000,4
652820,652820,2611280,4906,238,952,1307.0,0.0,1307.0,1411,1411,716.6134453781513,29,0,1000000,3000,4
653001,653001,2612004,4907,181,724,592.0,0.0,592.0,686,686,456.1381215469613,14,0,1000000,3000,4
653156,653156,2612624,4908,155,620,1042.0,0.0,1042.0,1129,1129,597.0516129032258,23,0,1000000,3000,4
653244,653244,2612976,4909,88,352,627.0,0.0,627.0,701,701,344.7386363636364,15,0,1000000,3000,4
653507,653507,2614028,4910,263,1052,1027.0,0.0,1027.0,1136,1136,616.3916349809886,23,0,1000000,3000,4
653833,653833,2615332,4911,326,1304,1016.0,0.0,1016.0,1137,1137,628.6625766871166,23,0,1000000,3000,4
653880,653880,2615520,4912,47,188,219.0,0.0,219.0,285,285,164.12765957446808,6,0,1000000,3000,4
654101,654101,2616404,4913,221,884,1333.0,0.0,1333.0,1435,1435,687.4932126696832,29,0,1000000,3000,4
654204,654204,2616816,4914,103,412,622.0,0.0,622.0,700,700,373.43689320388347,15,0,1000000,3000,4
654350,654350,2617400,4915,146,584,638.0,0.0,638.0,722,722,480.8904109589041,15,0,1000000,3000,4
654634,654634,2618536,4916,284,1136,1675.0,0.0,1675.0,1788,1788,813.1338028169014,36,0,1000000,3000,4
654740,654740,2618960,4917,106,424,709.0,0.0,709.0,787,787,419.16037735849056,16,0,1000000,3000,4
654778,654778,2619112,4918,38,152,236.0,0.0,236.0,300,300,154.73684210526315,7,0,1000000,3000,4
654981,654981,2619924,4919,203,812,1689.0,0.0,1689.0,1786,1786,877.9408866995074,36,0,1000000,3000,4
655017,655017,2620068,4920,36,144,250.0,0.0,250.0,315,315,150.0,7,0,1000000,3000,4
655120,655120,2620480,4921,103,412,631.0,0.0,631.0,708,708,381.3883495145631,15,0,1000000,3000,4
655351,655351,2621404,4922,231,924,1308.0,0.0,1308.0,1411,1411,714.5670995670996,29,0,1000000,3000,4
655386,655386,2621544,4923,35,140,249.0,0.0,249.0,313,313,150.34285714285716,7,0,1000000,3000,4
655604,655604,2622416,4924,218,872,1045.0,0.0,1045.0,1146,1146,648.1651376146789,23,0,1000000,3000,4
655850,655850,2623400,4925,246,984,794.0,0.0,794.0,898,898,556.8536585365854,18,0,1000000,3000,4
656031,656031,2624124,4926,181,724,729.0,0.0,729.0,821,821,465.76795580110496,17,0,1000000,3000,4
656175,656175,2624700,4927,144,576,591.0,0.0,591.0,676,676,365.34722222222223,14,0,1000000,3000,4
656486,656486,2625944,4928,311,1244,1112.0,0.0,1112.0,1232,1232,647.9067524115756,25,0,1000000,3000,4
656763,656763,2627052,4929,277,1108,1300.0,0.0,1300.0,1410,1410,730.6462093862816,29,0,1000000,3000,4
656892,656892,2627568,4930,129,516,591.0,0.0,591.0,673,673,383.4573643410853,14,0,1000000,3000,4
657041,657041,2628164,4931,149,596,1043.0,0.0,1043.0,1127,1127,515.6442953020135,23,0,1000000,3000,4
657184,657184,2628736,4932,143,572,639.0,0.0,639.0,722,722,518.6573426573426,15,0,1000000,3000,4
657515,657515,2630060,4933,331,1324,1883.0,0.0,1883.0,2006,2006,1016.6888217522659,41,0,1000000,3000,4
657794,657794,2631176,4934,279,1116,1012.0,0.0,1012.0,1122,1122,610.5125448028674,23,0,1000000,3000,4
658022,658022,2632088,4935,228,912,1122.0,0.0,1122.0,1222,1222,657.7017543859649,25,0,1000000,3000,4
658146,658146,2632584,4936,124,496,599.0,0.0,599.0,680,680,367.508064516129,14,0,1000000,3000,4
658271,658271,2633084,4937,125,500,594.0,0.0,594.0,676,676,375.312,14,0,1000000,3000,4
658381,658381,2633524,4938,110,440,614.0,0.0,614.0,694,694,349.6181818181818,14,0,1000000,3000,4
658480,658480,2633920,4939,99,396,637.0,0.0,637.0,713,713,335.979797979798,15,0,1000000,3000,4
658635,658635,2634540,4940,155,620,777.0,0.0,777.0,865,865,523.2064516129033,18,0,1000000,3000,4
658690,658690,2634760,4941,55,220,210.0,0.0,210.0,278,278,154.05454545454546,6,0,1000000,3000,4
658865,658865,2635460,4942,175,700,763.0,0.0,763.0,855,855,518.6628571428571,18,0,1000000,3000,4
659030,659030,2636120,4943,165,660,758.0,0.0,758.0,846,846,484.7818181818182,17,0,1000000,3000,4
659227,659227,2636908,4944,197,788,804.0,0.0,804.0,898,899,529.3604060913706,18,0,1000000,3000,4
659525,659525,2638100,4945,298,1192,1010.0,0.0,1010.0,1124,1124,628.8355704697987,23,0,1000000,3000,4
659559,659559,2638236,4946,34,136,242.0,0.0,242.0,305,305,161.47058823529412,7,0,1000000,3000,4
659603,659603,2638412,4947,44,176,225.0,0.0,225.0,290,290,167.5,6,0,1000000,3000,4
659645,659645,2638580,4948,42,168,237.0,0.0,237.0,302,302,146.95238095238096,7,0,1000000,3000,4
659677,659677,2638708,4949,32,128,245.0,0.0,245.0,307,307,158.9375,7,0,1000000,3000,4
659877,659877,2639508,4950,200,800,1318.0,0.0,1318.0,1412,1412,662.195,29,0,1000000,3000,4
660002,660002,2640008,4951,125,500,1047.0,0.0,1047.0,1127,1127,579.144,23,0,1000000,3000,4
660039,660039,2640156,4952,37,148,232.0,0.0,232.0,296,296,168.3783783783784,6,0,1000000,3000,4
660181,660181,2640724,4953,142,568,1040.0,0.0,1040.0,1123,1123,584.7816901408451,23,0,1000000,3000,4
660267,660267,2641068,4954,86,344,619.0,0.0,619.0,694,694,399.56976744186045,14,0,1000000,3000,4
660340,660340,2641360,4955,73,292,616.0,0.0,616.0,688,688,353.1232876712329,14,0,1000000,3000,4
660500,660500,2642000,4956,160,640,1043.0,0.0,1043.0,1129,1129,605.175,23,0,1000000,3000,4
660530,660530,2642120,4957,30,120,247.0,0.0,247.0,309,309,156.66666666666666,7,0,1000000,3000,4
660565,660565,2642260,4958,35,140,234.0,0.0,234.0,299,299,170.22857142857143,6,0,1000000,3000,4
660814,660814,2643256,4959,249,996,1128.0,0.0,1128.0,1233,1233,610.6385542168674,25,0,1000000,3000,4
661069,661069,2644276,4960,255,1020,793.0,0.0,793.0,898,898,592.8509803921569,18,0,1000000,3000,4
661295,661295,2645180,4961,226,904,1311.0,0.0,1311.0,1412,1412,673.5575221238938,29,0,1000000,3000,4
661488,661488,2645952,4962,193,772,1044.0,0.0,1044.0,1138,1138,585.5595854922279,23,0,1000000,3000,4
661581,661581,2646324,4963,93,372,609.0,0.0,609.0,684,684,319.73118279569894,14,0,1000000,3000,4
661762,661762,2647048,4964,181,724,1033.0,0.0,1033.0,1125,1125,619.6961325966851,23,0,1000000,3000,4
661946,661946,2647784,4965,184,736,1044.0,0.0,1044.0,1137,1137,584.2282608695652,23,0,1000000,3000,4
661994,661994,2647976,4966,48,192,221.0,0.0,221.0,286,286,159.97916666666666,6,0,1000000,3000,4
662172,662172,2648688,4967,178,712,1035.0,0.0,1035.0,1125,1125,652.6516853932584,23,0,1000000,3000,4
662393,662393,2649572,4968,221,884,1412.0,0.0,1412.0,1512,1512,817.4253393665158,31,0,1000000,3000,4
662473,662473,2649892,4969,80,320,626.0,0.0,626.0,700,700,344.4875,15,0,1000000,3000,4
662510,662510,2650040,4970,37,148,240.0,0.0,240.0,304,304,156.0,7,0,1000000,3000,4
662656,662656,2650624,4971,146,584,638.0,0.0,638.0,722,722,478.28767123287673,15,0,1000000,3000,4
662751,662751,2651004,4972,95,380,624.0,0.0,624.0,700,700,361.38947368421054,15,0,1000000,3000,4
662795,662795,2651180,4973,44,176,224.0,0.0,224.0,289,289,165.22727272727272,6,0,1000000,3000,4
662970,662970,2651880,4974,175,700,732.0,0.0,732.0,823,823,524.8628571428571,17,0,1000000,3000,4
663010,663010,2652040,4975,40,160,240.0,0.0,240.0,306,306,144.15,7,0,1000000,3000,4
663130,663130,2652520,4976,120,480,605.0,0.0,605.0,685,685,378.93333333333334,14,0,1000000,3000,4
663451,663451,2653804,4977,321,1284,1312.0,0.0,1312.0,1434,1434,671.8971962616822,29,0,1000000,3000,4
663544,663544,2654176,4978,93,372,631.0,0.0,631.0,706,706,343.3763440860215,15,0,1000000,3000,4
663584,663584,2654336,4979,40,160,235.0,0.0,235.0,298,298,154.775,6,0,1000000,3000,4
663687,663687,2654748,4980,103,412,605.0,0.0,605.0,682,682,361.43689320388347,14,0,1000000,3000,4
663728,663728,2654912,4981,41,164,231.0,0.0,231.0,297,297,158.4390243902439,6,0,1000000,3000,4
663762,663762,2655048,4982,34,136,243.0,0.0,243.0,307,307,154.08823529411765,7,0,1000000,3000,4
663918,663918,2655672,4983,156,624,706.0,0.0,706.0,794,794,470.62820512820514,16,0,1000000,3000,4
664200,664200,2656800,4984,282,1128,1115.0,0.0,1115.0,1229,1229,661.0709219858156,25,0,1000000,3000,4
664300,664300,2657200,4985,100,400,600.0,0.0,600.0,676,676,402.44,14,0,1000000,3000,4
664407,664407,2657628,4986,107,428,600.0,0.0,600.0,678,678,392.67289719626166,14,0,1000000,3000,4
664451,664451,2657804,4987,44,176,229.0,0.0,229.0,293,293,153.79545454545453,6,0,1000000,3000,4
664488,664488,2657952,4988,37,148,239.0,0.0,239.0,303,303,156.64864864864865,7,0,1000000,3000,4
664604,664604,2658416,4989,116,464,619.0,0.0,619.0,699,699,331.2155172413793,14,0,1000000,3000,4
664647,664647,2658588,4990,43,172,229.0,0.0,229.0,294,294,155.7674418604651,6,0,1000000,3000,4
664824,664824,2659296,4991,177,708,747.0,0.0,747.0,839,839,489.9378531073446,17,0,1000000,3000,4
665003,665003,2660012,4992,179,716,769.0,0.0,769.0,860,860,529.5977653631285,18,0,1000000,3000,4
665041,665041,2660164,4993,38,152,237.0,0.0,237.0,301,301,155.1315789473684,7,0,1000000,3000,4
665082,665082,2660328,4994,41,164,225.0,0.0,225.0,290,290,167.1219512195122,6,0,1000000,3000,4
665125,665125,2660500,4995,43,172,229.0,0.0,229.0,294,294,156.32558139534885,6,0,1000000,3000,4
665170,665170,2660680,4996,45,180,229.0,0.0,229.0,294,294,150.77777777777777,6,0,1000000,3000,4
665218,665218,2660872,4997,48,192,221.0,0.0,221.0,286,286,155.375,6,0,1000000,3000,4
665263,665263,2661052,4998,45,180,227.0,0.0,227.0,292,292,153.51111111111112,6,0,1000000,3000,4
665382,665382,2661528,4999,119,476,605.0,0.0,605.0,686,686,378.0,14,0,1000000,3000,4
665488,665488,2661952,5000,106,424,623.0,0.0,623.0,701,701,328.0,15,0,1000000,3000,4
666008,666008,2664032,5001,520,2080,2308.0,0.0,2308.0,2466,2466,1173.875,50,0,1000000,3000,4
666455,666455,2665820,5002,447,1788,754.0,0.0,754.0,898,898,622.0380313199105,18,0,1000000,3000,4
666545,666545,2666180,5003,90,360,147.0,0.0,147.0,221,221,132.15555555555557,5,0,1000000,3000,4
666610,666610,2666440,5004,65,260,197.0,0.0,197.0,264,264,147.8,6,0,1000000,3000,4
666861,666861,2667444,5005,251,1004,1032.0,0.0,1032.0,1139,1139,492.59760956175296,23,0,1000000,3000,4
666976,666976,2667904,5006,115,460,583.0,0.0,583.0,662,662,409.2,14,0,1000000,3000,4
667156,667156,2668624,5007,180,720,707.0,0.0,707.0,799,799,475.3833333333333,16,0,1000000,3000,4
667280,667280,2669120,5008,124,496,595.0,0.0,595.0,676,676,359.10483870967744,14,0,1000000,3000,4
667324,667324,2669296,5009,44,176,229.0,0.0,229.0,293,293,155.36363636363637,6,0,1000000,3000,4
667374,667374,2669496,5010,50,200,226.0,0.0,226.0,292,292,138.64,6,0,1000000,3000,4
667471,667471,2669884,5011,97,388,633.0,0.0,633.0,708,708,352.3917525773196,15,0,1000000,3000,4
667512,667512,2670048,5012,41,164,229.0,0.0,229.0,295,295,156.390243902439,6,0,1000000,3000,4
667634,667634,2670536,5013,122,488,604.0,0.0,604.0,685,685,360.827868852459,14,0,1000000,3000,4
667788,667788,2671152,5014,154,616,637.0,0.0,637.0,722,722,487.74675324675326,15,0,1000000,3000,4
668075,668075,2672300,5015,287,1148,1306.0,0.0,1306.0,1419,1419,729.616724738676,29,0,1000000,3000,4
668356,668356,2673424,5016,281,1124,1297.0,0.0,1297.0,1410,1410,741.6334519572954,29,0,1000000,3000,4
668458,668458,2673832,5017,102,408,634.0,0.0,634.0,710,710,354.2647058823529,15,0,1000000,3000,4
668805,668805,2675220,5018,347,1388,1002.0,0.0,1002.0,1127,1127,740.5389048991354,23,0,1000000,3000,4
668839,668839,2675356,5019,34,136,246.0,0.0,246.0,310,310,159.1764705882353,7,0,1000000,3000,4
668880,668880,2675520,5020,41,164,241.0,0.0,241.0,307,307,145.26829268292684,7,0,1000000,3000,4
669060,669060,2676240,5021,180,720,1034.0,0.0,1034.0,1125,1125,597.2666666666667,23,0,1000000,3000,4
669222,669222,2676888,5022,162,648,635.0,0.0,635.0,722,722,468.9567901234568,15,0,1000000,3000,4
669336,669336,2677344,5023,114,456,614.0,0.0,614.0,692,692,356.57894736842104,14,0,1000000,3000,4
669428,669428,2677712,5024,92,368,623.0,0.0,623.0,698,698,346.67391304347825,14,0,1000000,3000,4
669552,669552,2678208,5025,124,496,599.0,0.0,599.0,680,680,374.7096774193548,14,0,1000000,3000,4
669659,669659,2678636,5026,107,428,603.0,0.0,603.0,680,680,380.5140186915888,14,0,1000000,3000,4
669762,669762,2679048,5027,103,412,629.0,0.0,629.0,706,706,352.77669902912623,15,0,1000000,3000,4
669812,669812,2679248,5028,50,200,211.0,0.0,211.0,278,278,163.66,6,0,1000000,3000,4
670168,670168,2680672,5029,356,1424,1877.0,0.0,1877.0,2005,2005,980.1067415730337,41,0,1000000,3000,4
670488,670488,2681952,5030,320,1280,1404.0,0.0,1404.0,1524,1524,738.46875,31,0,1000000,3000,4
670687,670687,2682748,5031,199,796,1039.0,0.0,1039.0,1135,1135,592.5175879396985,23,0,1000000,3000,4
670838,670838,2683352,5032,151,604,745.0,0.0,745.0,832,832,496.2450331125828,17,0,1000000,3000,4
670876,670876,2683504,5033,38,152,238.0,0.0,238.0,303,303,151.5,7,0,1000000,3000,4
671038,671038,2684152,5034,162,648,811.0,0.0,811.0,898,898,551.8024691358024,18,0,1000000,3000,4
671134,671134,2684536,5035,96,384,631.0,0.0,631.0,707,707,378.1770833333333,15,0,1000000,3000,4
671256,671256,2685024,5036,122,488,588.0,0.0,588.0,668,668,391.37704918032784,14,0,1000000,3000,4
671348,671348,2685392,5037,92,368,611.0,0.0,611.0,686,686,338.2608695652174,14,0,1000000,3000,4
671446,671446,2685784,5038,98,392,603.0,0.0,603.0,679,679,401.1938775510204,14,0,1000000,3000,4
671701,671701,2686804,5039,255,1020,1305.0,0.0,1305.0,1411,1411,768.6196078431373,29,0,1000000,3000,4
671836,671836,2687344,5040,135,540,731.0,0.0,731.0,815,815,476.9185185185185,17,0,1000000,3000,4
672072,672072,2688288,5041,236,944,1035.0,0.0,1035.0,1139,1139,593.478813559322,23,0,1000000,3000,4
672117,672117,2688468,5042,45,180,222.0,0.0,222.0,286,286,164.35555555555555,6,0,1000000,3000,4
672160,672160,2688640,5043,43,172,231.0,0.0,231.0,296,296,157.09302325581396,6,0,1000000,3000,4
672378,672378,2689512,5044,218,872,1308.0,0.0,1308.0,1408,1408,691.9678899082569,29,0,1000000,3000,4
672480,672480,2689920,5045,102,408,601.0,0.0,601.0,678,678,401.34313725490193,14,0,1000000,3000,4
672518,672518,2690072,5046,38,152,231.0,0.0,231.0,294,294,171.68421052631578,6,0,1000000,3000,4
672644,672644,2690576,5047,126,504,618.0,0.0,618.0,699,699,354.92857142857144,14,0,1000000,3000,4
673042,673042,2692168,5048,398,1592,2617.0,0.0,2617.0,2753,2753,1340.1155778894472,56,0,1000000,3000,4
673356,673356,2693424,5049,314,1256,1675.0,0.0,1675.0,1795,1795,823.7165605095541,36,0,1000000,3000,4
673604,673604,2694416,5050,248,992,1022.0,0.0,1022.0,1126,1126,587.7620967741935,23,0,1000000,3000,4
673788,673788,2695152,5051,184,736,1031.0,0.0,1031.0,1122,1122,627.1847826086956,23,0,1000000,3000,4
673918,673918,2695672,5052,130,520,578.0,0.0,578.0,660,660,388.68461538461537,14,0,1000000,3000,4
674185,674185,2696740,5053,267,1068,1556.0,0.0,1556.0,1666,1666,757.5468164794007,34,0,1000000,3000,4
674292,674292,2697168,5054,107,428,607.0,0.0,607.0,685,685,394.76635514018693,14,0,1000000,3000,4
674437,674437,2697748,5055,145,580,614.0,0.0,614.0,700,700,465.9793103448276,15,0,1000000,3000,4
674553,674553,2698212,5056,116,464,612.0,0.0,612.0,693,693,357.4913793103448,14,0,1000000,3000,4
674652,674652,2698608,5057,99,396,588.0,0.0,588.0,663,663,416.2828282828283,14,0,1000000,3000,4
674969,674969,2699876,5058,317,1268,1307.0,0.0,1307.0,1428,1428,695.4511041009464,29,0,1000000,3000,4
675004,675004,2700016,5059,35,140,249.0,0.0,249.0,314,314,147.05714285714285,7,0,1000000,3000,4
675080,675080,2700320,5060,76,304,607.0,0.0,607.0,680,680,324.38157894736844,14,0,1000000,3000,4
675125,675125,2700500,5061,45,180,246.0,0.0,246.0,312,312,133.0888888888889,7,0,1000000,3000,4
675210,675210,2700840,5062,85,340,612.0,0.0,612.0,687,687,404.3411764705882,14,0,1000000,3000,4
675275,675275,2701100,5063,65,260,602.0,0.0,602.0,673,673,326.4923076923077,14,0,1000000,3000,4
675589,675589,2702356,5064,314,1256,1299.0,0.0,1299.0,1418,1418,728.4235668789809,29,0,1000000,3000,4
675683,675683,2702732,5065,94,376,620.0,0.0,620.0,696,696,360.1063829787234,14,0,1000000,3000,4
675805,675805,2703220,5066,122,488,593.0,0.0,593.0,674,674,379.8360655737705,14,0,1000000,3000,4
675851,675851,2703404,5067,46,184,219.0,0.0,219.0,285,285,162.8913043478261,6,0,1000000,3000,4
675999,675999,2703996,5068,148,592,1052.0,0.0,1052.0,1138,1138,626.4662162162163,23,0,1000000,3000,4
676036,676036,2704144,5069,37,148,243.0,0.0,243.0,308,308,151.8918918918919,7,0,1000000,3000,4
676117,676117,2704468,5070,81,324,624.0,0.0,624.0,698,698,364.962962962963,14,0,1000000,3000,4
676361,676361,2705444,5071,244,976,1305.0,0.0,1305.0,1410,1410,625.4795081967213,29,0,1000000,3000,4
676393,676393,2705572,5072,32,128,251.0,0.0,251.0,314,314,147.0625,7,0,1000000,3000,4
676531,676531,2706124,5073,138,552,733.0,0.0,733.0,817,817,476.9927536231884,17,0,1000000,3000,4
676570,676570,2706280,5074,39,156,231.0,0.0,231.0,295,295,162.7948717948718,6,0,1000000,3000,4
676762,676762,2707048,5075,192,768,1032.0,0.0,1032.0,1126,1126,651.3385416666666,23,0,1000000,3000,4
677010,677010,2708040,5076,248,992,763.0,0.0,763.0,869,869,610.7298387096774,18,0,1000000,3000,4
677087,677087,2708348,5077,77,308,621.0,0.0,621.0,694,694,339.4935064935065,14,0,1000000,3000,4
677325,677325,2709300,5078,238,952,1311.0,0.0,1311.0,1414,1414,688.9327731092437,29,0,1000000,3000,4
677519,677519,2710076,5079,194,776,1326.0,0.0,1326.0,1420,1420,752.3969072164948,29,0,1000000,3000,4
677552,677552,2710208,5080,33,132,245.0,0.0,245.0,308,308,164.33333333333334,7,0,1000000,3000,4
677643,677643,2710572,5081,91,364,635.0,0.0,635.0,710,710,382.16483516483515,15,0,1000000,3000,4
677673,677673,2710692,5082,30,120,246.0,0.0,246.0,309,309,157.76666666666668,7,0,1000000,3000,4
677817,677817,2711268,5083,144,576,815.0,0.0,815.0,898,899,606.3680555555555,18,0,1000000,3000,4
678040,678040,2712160,5084,223,892,1052.0,0.0,1052.0,1154,1154,692.6457399103139,24,0,1000000,3000,4
678070,678070,2712280,5085,30,120,250.0,0.0,250.0,312,312,164.56666666666666,7,0,1000000,3000,4
678099,678099,2712396,5086,29,116,249.0,0.0,249.0,312,312,153.44827586206895,7,0,1000000,3000,4
678133,678133,2712532,5087,34,136,235.0,0.0,235.0,298,298,166.41176470588235,6,0,1000000,3000,4
678300,678300,2713200,5088,167,668,759.0,0.0,759.0,850,850,546.0538922155689,18,0,1000000,3000,4
678385,678385,2713540,5089,85,340,634.0,0.0,634.0,709,709,383.7647058823529,15,0,1000000,3000,4
678476,678476,2713904,5090,91,364,624.0,0.0,624.0,699,699,386.68131868131866,14,0,1000000,3000,4
678509,678509,2714036,5091,33,132,251.0,0.0,251.0,315,315,152.78787878787878,7,0,1000000,3000,4
678601,678601,2714404,5092,92,368,633.0,0.0,633.0,708,708,390.89130434782606,15,0,1000000,3000,4
678636,678636,2714544,5093,35,140,244.0,0.0,244.0,307,307,156.97142857142856,7,0,1000000,3000,4
678811,678811,2715244,5094,175,700,1036.0,0.0,1036.0,1127,1127,615.8171428571428,23,0,1000000,3000,4
678891,678891,2715564,5095,80,320,652.0,0.0,652.0,722,723,368.5375,15,0,1000000,3000,4
679127,679127,2716508,5096,236,944,1560.0,0.0,1560.0,1665,1665,821.3220338983051,34,0,1000000,3000,4
679207,679207,2716828,5097,80,320,617.0,0.0,617.0,689,689,351.525,14,0,1000000,3000,4
679240,679240,2716960,5098,33,132,235.0,0.0,235.0,299,299,165.63636363636363,6,0,1000000,3000,4
679275,679275,2717100,5099,35,140,241.0,0.0,241.0,305,305,160.17142857142858,7,0,1000000,3000,4
679306,679306,2717224,5100,31,124,250.0,0.0,250.0,313,313,159.25806451612902,7,0,1000000,3000,4
679387,679387,2717548,5101,81,324,624.0,0.0,624.0,698,698,351.44444444444446,14,0,1000000,3000,4
679560,679560,2718240,5102,173,692,1038.0,0.0,1038.0,1128,1128,652.0057803468208,23,0,1000000,3000,4
679650,679650,2718600,5103,90,360,650.0,0.0,650.0,722,722,384.75555555555553,15,0,1000000,3000,4
679978,679978,2719912,5104,328,1312,1311.0,0.0,1311.0,1434,1434,729.185975609756,29,0,1000000,3000,4
680225,680225,2720900,5105,247,988,1025.0,0.0,1025.0,1131,1131,686.914979757085,23,0,1000000,3000,4
680271,680271,2721084,5106,46,184,223.0,0.0,223.0,288,288,164.58695652173913,6,0,1000000,3000,4
680307,680307,2721228,5107,36,144,227.0,0.0,227.0,291,291,169.22222222222223,6,0,1000000,3000,4
680490,680490,2721960,5108,183,732,1034.0,0.0,1034.0,1126,1126,578.1092896174863,23,0,1000000,3000,4
680660,680660,2722640,5109,170,680,1039.0,0.0,1039.0,1128,1128,635.935294117647,23,0,1000000,3000,4
680694,680694,2722776,5110,34,136,245.0,0.0,245.0,307,307,160.14705882352942,7,0,1000000,3000,4
680776,680776,2723104,5111,82,328,623.0,0.0,623.0,696,696,337.4268292682927,14,0,1000000,3000,4
681006,681006,2724024,5112,230,920,1690.0,0.0,1690.0,1792,1792,800.9347826086956,36,0,1000000,3000,4
681217,681217,2724868,5113,211,844,1857.0,0.0,1857.0,1957,1957,923.2417061611375,40,0,1000000,3000,4
681246,681246,2724984,5114,29,116,250.0,0.0,250.0,313,313,153.79310344827587,7,0,1000000,3000,4
681279,681279,2725116,5115,33,132,243.0,0.0,243.0,307,307,158.45454545454547,7,0,1000000,3000,4
681362,681362,2725448,5116,83,332,622.0,0.0,622.0,696,696,355.09638554216866,14,0,1000000,3000,4
681398,681398,2725592,5117,36,144,237.0,0.0,237.0,302,302,163.55555555555554,7,0,1000000,3000,4
681470,681470,2725880,5118,72,288,634.0,0.0,634.0,705,705,387.4166666666667,15,0,1000000,3000,4
681501,681501,2726004,5119,31,124,249.0,0.0,249.0,313,313,153.96774193548387,7,0,1000000,3000,4
681710,681710,2726840,5120,209,836,1334.0,0.0,1334.0,1433,1433,682.3444976076555,29,0,1000000,3000,4
682022,682022,2728088,5121,312,1248,1008.0,0.0,1008.0,1126,1126,709.3782051282051,23,0,1000000,3000,4
682254,682254,2729016,5122,232,928,1027.0,0.0,1027.0,1129,1129,667.125,23,0,1000000,3000,4
682348,682348,2729392,5123,94,376,631.0,0.0,631.0,707,707,387.22340425531917,15,0,1000000,3000,4
682514,682514,2730056,5124,166,664,810.0,0.0,810.0,898,898,583.9457831325301,18,0,1000000,3000,4
682548,682548,2730192,5125,34,136,248.0,0.0,248.0,312,312,150.7058823529412,7,0,1000000,3000,4
682725,682725,2730900,5126,177,708,808.0,0.0,808.0,898,898,578.8361581920904,18,0,1000000,3000,4
682754,682754,2731016,5127,29,116,251.0,0.0,251.0,314,314,155.13793103448276,7,0,1000000,3000,4
682847,682847,2731388,5128,93,372,629.0,0.0,629.0,704,704,365.1505376344086,15,0,1000000,3000,4
682959,682959,2731836,5129,112,448,729.0,0.0,729.0,809,809,407.85714285714283,17,0,1000000,3000,4
683033,683033,2732132,5130,74,296,611.0,0.0,611.0,682,682,317.7027027027027,14,0,1000000,3000,4
683179,683179,2732716,5131,146,584,638.0,0.0,638.0,722,723,479.9109589041096,15,0,1000000,3000,4
683380,683380,2733520,5132,201,804,1031.0,0.0,1031.0,1127,1127,628.1840796019901,23,0,1000000,3000,4
683601,683601,2734404,5133,221,884,1026.0,0.0,1026.0,1126,1126,712.289592760181,23,0,1000000,3000,4
683749,683749,2734996,5134,148,592,755.0,0.0,755.0,841,841,527.8108108108108,17,0,1000000,3000,4
683914,683914,2735656,5135,165,660,725.0,0.0,725.0,814,814,521.7575757575758,17,0,1000000,3000,4
684049,684049,2736196,5136,135,540,1043.0,0.0,1043.0,1126,1126,598.9481481481481,23,0,1000000,3000,4
684080,684080,2736320,5137,31,124,245.0,0.0,245.0,309,309,157.38709677419354,7,0,1000000,3000,4
684160,684160,2736640,5138,80,320,625.0,0.0,625.0,699,699,392.625,14,0,1000000,3000,4
684191,684191,2736764,5139,31,124,245.0,0.0,245.0,309,309,156.38709677419354,7,0,1000000,3000,4
684264,684264,2737056,5140,73,292,608.0,0.0,608.0,680,680,321.05479452054794,14,0,1000000,3000,4
684294,684294,2737176,5141,30,120,251.0,0.0,251.0,314,314,156.3,7,0,1000000,3000,4
684325,684325,2737300,5142,31,124,247.0,0.0,247.0,310,310,154.80645161290323,7,0,1000000,3000,4
684355,684355,2737420,5143,30,120,245.0,0.0,245.0,309,309,160.4,7,0,1000000,3000,4
684584,684584,2738336,5144,229,916,1691.0,0.0,1691.0,1792,1792,824.7336244541485,36,0,1000000,3000,4
684745,684745,2738980,5145,161,644,1427.0,0.0,1427.0,1517,1517,752.472049689441,31,0,1000000,3000,4
684914,684914,2739656,5146,169,676,1325.0,0.0,1325.0,1413,1413,689.5029585798817,29,0,1000000,3000,4
684947,684947,2739788,5147,33,132,236.0,0.0,236.0,299,299,172.0909090909091,6,0,1000000,3000,4
685026,685026,2740104,5148,79,316,630.0,0.0,630.0,702,702,378.49367088607596,15,0,1000000,3000,4
685101,685101,2740404,5149,75,300,606.0,0.0,606.0,677,677,342.0133333333333,14,0,1000000,3000,4
685170,685170,2740680,5150,69,276,654.0,0.0,654.0,722,722,393.1159420289855,15,0,1000000,3000,4
685541,685541,2742164,5151,371,1484,998.0,0.0,998.0,1128,1128,685.4851752021564,23,0,1000000,3000,4
685569,685569,2742276,5152,28,112,248.0,0.0,248.0,311,311,155.82142857142858,7,0,1000000,3000,4
685656,685656,2742624,5153,87,348,619.0,0.0,619.0,693,693,357.60919540229884,14,0,1000000,3000,4
685735,685735,2742940,5154,79,316,652.0,0.0,652.0,722,722,384.8607594936709,15,0,1000000,3000,4
685765,685765,2743060,5155,30,120,245.0,0.0,245.0,309,309,157.43333333333334,7,0,1000000,3000,4
685799,685799,2743196,5156,34,136,249.0,0.0,249.0,313,313,151.11764705882354,7,0,1000000,3000,4
685835,685835,2743340,5157,36,144,235.0,0.0,235.0,300,300,160.30555555555554,7,0,1000000,3000,4
685931,685931,2743724,5158,96,384,628.0,0.0,628.0,704,704,357.5416666666667,15,0,1000000,3000,4
686026,686026,2744104,5159,95,380,632.0,0.0,632.0,707,707,379.88421052631577,15,0,1000000,3000,4
686253,686253,2745012,5160,227,908,1305.0,0.0,1305.0,1406,1406,714.6740088105727,29,0,1000000,3000,4
686628,686628,2746512,5161,375,1500,706.0,0.0,706.0,838,838,625.7813333333334,17,0,1000000,3000,4
686793,686793,2747172,5162,165,660,1325.0,0.0,1325.0,1415,1415,727.1757575757575,29,0,1000000,3000,4
686893,686893,2747572,5163,100,400,599.0,0.0,599.0,676,676,399.83,14,0,1000000,3000,4
686930,686930,2747720,5164,37,148,232.0,0.0,232.0,297,297,161.78378378378378,6,0,1000000,3000,4
687054,687054,2748216,5165,124,496,761.0,0.0,761.0,843,843,535.983870967742,17,0,1000000,3000,4
687333,687333,2749332,5166,279,1116,1404.0,0.0,1404.0,1516,1516,763.7598566308244,31,0,1000000,3000,4
687609,687609,2750436,5167,276,1104,788.0,0.0,788.0,898,899,687.6594202898551,18,0,1000000,3000,4
687642,687642,2750568,5168,33,132,240.0,0.0,240.0,304,304,158.03030303030303,7,0,1000000,3000,4
687672,687672,2750688,5169,30,120,243.0,0.0,243.0,306,306,166.33333333333334,7,0,1000000,3000,4
687764,687764,2751056,5170,92,368,605.0,0.0,605.0,680,680,396.60869565217394,14,0,1000000,3000,4
687904,687904,2751616,5171,140,560,768.0,0.0,768.0,852,852,525.2785714285715,18,0,1000000,3000,4
688077,688077,2752308,5172,173,692,1139.0,0.0,1139.0,1231,1231,653.3236994219653,25,0,1000000,3000,4
688114,688114,2752456,5173,37,148,234.0,0.0,234.0,298,298,166.32432432432432,6,0,1000000,3000,4
688149,688149,2752596,5174,35,140,241.0,0.0,241.0,305,305,157.68571428571428,7,0,1000000,3000,4
688393,688393,2753572,5175,244,976,1023.0,0.0,1023.0,1127,1127,708.1598360655738,23,0,1000000,3000,4
688535,688535,2754140,5176,142,568,757.0,0.0,757.0,841,841,509.0633802816901,17,0,1000000,3000,4
688564,688564,2754256,5177,29,116,250.0,0.0,250.0,313,313,156.17241379310346,7,0,1000000,3000,4
688597,688597,2754388,5178,33,132,248.0,0.0,248.0,312,312,150.15151515151516,7,0,1000000,3000,4
688795,688795,2755180,5179,198,792,1031.0,0.0,1031.0,1126,1126,648.2676767676768,23,0,1000000,3000,4
688835,688835,2755340,5180,40,160,236.0,0.0,236.0,300,300,162.9,7,0,1000000,3000,4
688867,688867,2755468,5181,32,128,242.0,0.0,242.0,304,304,166.1875,7,0,1000000,3000,4
688900,688900,2755600,5182,33,132,239.0,0.0,239.0,303,303,164.78787878787878,7,0,1000000,3000,4
689290,689290,2757160,5183,390,1560,1658.0,0.0,1658.0,1792,1792,780.1435897435897,36,0,1000000,3000,4
689379,689379,2757516,5184,89,356,625.0,0.0,625.0,699,699,361.3707865168539,14,0,1000000,3000,4
689417,689417,2757668,5185,38,152,237.0,0.0,237.0,300,300,155.47368421052633,7,0,1000000,3000,4
689451,689451,2757804,5186,34,136,237.0,0.0,237.0,300,300,171.47058823529412,7,0,1000000,3000,4
689481,689481,2757924,5187,30,120,248.0,0.0,248.0,312,312,155.93333333333334,7,0,1000000,3000,4
689583,689583,2758332,5188,102,408,613.0,0.0,613.0,690,690,381.6470588235294,14,0,1000000,3000,4
689612,689612,2758448,5189,29,116,250.0,0.0,250.0,313,313,157.9655172413793,7,0,1000000,3000,4
689700,689700,2758800,5190,88,352,620.0,0.0,620.0,695,695,407.09090909090907,14,0,1000000,3000,4
689787,689787,2759148,5191,87,348,629.0,0.0,629.0,704,704,374.1034482758621,15,0,1000000,3000,4
690126,690126,2760504,5192,339,1356,1005.0,0.0,1005.0,1128,1128,724.2566371681415,23,0,1000000,3000,4
690158,690158,2760632,5193,32,128,240.0,0.0,240.0,304,304,164.53125,7,0,1000000,3000,4
690291,690291,2761164,5194,133,532,591.0,0.0,591.0,674,674,461.3984962406015,14,0,1000000,3000,4
690386,690386,2761544,5195,95,380,631.0,0.0,631.0,708,708,387.61052631578946,15,0,1000000,3000,4
690595,690595,2762380,5196,209,836,760.0,0.0,760.0,859,859,547.8516746411483,18,0,1000000,3000,4
690667,690667,2762668,5197,72,288,653.0,0.0,653.0,722,722,377.55555555555554,15,0,1000000,3000,4
690699,690699,2762796,5198,32,128,246.0,0.0,246.0,310,310,146.75,7,0,1000000,3000,4
690928,690928,2763712,5199,229,916,1027.0,0.0,1027.0,1129,1129,647.5807860262008,23,0,1000000,3000,4
690957,690957,2763828,5200,29,116,247.0,0.0,247.0,310,310,167.9655172413793,7,0,1000000,3000,4
691149,691149,2764596,5201,192,768,1032.0,0.0,1032.0,1126,1126,626.171875,23,0,1000000,3000,4
691186,691186,2764744,5202,37,148,223.0,0.0,223.0,288,288,171.05405405405406,6,0,1000000,3000,4
691491,691491,2765964,5203,305,1220,1011.0,0.0,1011.0,1127,1127,689.1639344262295,23,0,1000000,3000,4
691525,691525,2766100,5204,34,136,241.0,0.0,241.0,305,305,162.73529411764707,7,0,1000000,3000,4
691664,691664,2766656,5205,139,556,743.0,0.0,743.0,827,827,537.9640287769785,17,0,1000000,3000,4
691700,691700,2766800,5206,36,144,234.0,0.0,234.0,298,298,165.5,6,0,1000000,3000,4
692093,692093,2768372,5207,393,1572,1298.0,0.0,1298.0,1434,1434,761.4732824427481,29,0,1000000,3000,4
692185,692185,2768740,5208,92,368,621.0,0.0,621.0,696,696,338.5326086956522,14,0,1000000,3000,4
692365,692365,2769460,5209,180,720,807.0,0.0,807.0,898,899,585.1444444444444,18,0,1000000,3000,4
692690,692690,2770760,5210,325,1300,1017.0,0.0,1017.0,1138,1138,750.2923076923076,23,0,1000000,3000,4
692726,692726,2770904,5211,36,144,241.0,0.0,241.0,305,305,155.11111111111111,7,0,1000000,3000,4
692760,692760,2771040,5212,34,136,236.0,0.0,236.0,299,299,170.7058823529412,6,0,1000000,3000,4
692979,692979,2771916,5213,219,876,1027.0,0.0,1027.0,1125,1125,688.4566210045662,23,0,1000000,3000,4
693081,693081,2772324,5214,102,408,630.0,0.0,630.0,706,706,382.02941176470586,15,0,1000000,3000,4
693234,693234,2772936,5215,153,612,637.0,0.0,637.0,722,724,479.98692810457516,15,0,1000000,3000,4
693305,693305,2773220,5216,71,284,615.0,0.0,615.0,687,687,326.19718309859155,14,0,1000000,3000,4
693649,693649,2774596,5217,344,1376,1303.0,0.0,1303.0,1428,1428,785.3197674418604,29,0,1000000,3000,4
693828,693828,2775312,5218,179,716,766.0,0.0,766.0,859,859,530.6256983240223,18,0,1000000,3000,4
694009,694009,2776036,5219,181,724,807.0,0.0,807.0,898,899,563.5248618784531,18,0,1000000,3000,4
694152,694152,2776608,5220,143,572,744.0,0.0,744.0,829,829,507.6293706293706,17,0,1000000,3000,4
694303,694303,2777212,5221,151,604,1043.0,0.0,1043.0,1129,1129,647.317880794702,23,0,1000000,3000,4
694375,694375,2777500,5222,72,288,609.0,0.0,609.0,681,681,316.7361111111111,14,0,1000000,3000,4
694543,694543,2778172,5223,168,672,810.0,0.0,810.0,898,898,545.4702380952381,18,0,1000000,3000,4
694852,694852,2779408,5224,309,1236,1110.0,0.0,1110.0,1227,1227,663.0291262135922,25,0,1000000,3000,4
695067,695067,2780268,5225,215,860,1040.0,0.0,1040.0,1139,1139,668.8186046511628,23,0,1000000,3000,4
695106,695106,2780424,5226,39,156,233.0,0.0,233.0,297,297,163.12820512820514,6,0,1000000,3000,4
695187,695187,2780748,5227,81,324,636.0,0.0,636.0,710,710,387.44444444444446,15,0,1000000,3000,4
695317,695317,2781268,5228,130,520,736.0,0.0,736.0,819,819,466.46153846153845,17,0,1000000,3000,4
695409,695409,2781636,5229,92,368,605.0,0.0,605.0,681,681,349.45652173913044,14,0,1000000,3000,4
695447,695447,2781788,5230,38,152,243.0,0.0,243.0,307,307,150.23684210526315,7,0,1000000,3000,4
695524,695524,2782096,5231,77,308,605.0,0.0,605.0,678,678,313.90909090909093,14,0,1000000,3000,4
695573,695573,2782292,5232,49,196,237.0,0.0,237.0,303,303,134.77551020408163,7,0,1000000,3000,4
695648,695648,2782592,5233,75,300,610.0,0.0,610.0,683,683,339.82666666666665,14,0,1000000,3000,4
695689,695689,2782756,5234,41,164,240.0,0.0,240.0,306,306,146.4878048780488,7,0,1000000,3000,4
695803,695803,2783212,5235,114,456,612.0,0.0,612.0,691,691,377.719298245614,14,0,1000000,3000,4
695838,695838,2783352,5236,35,140,243.0,0.0,243.0,308,308,152.34285714285716,7,0,1000000,3000,4
696006,696006,2784024,5237,168,672,759.0,0.0,759.0,850,850,544.2797619047619,18,0,1000000,3000,4
696088,696088,2784352,5238,82,328,634.0,0.0,634.0,707,707,369.7560975609756,15,0,1000000,3000,4
696300,696300,2785200,5239,212,848,1317.0,0.0,1317.0,1415,1415,705.3207547169811,29,0,1000000,3000,4
696383,696383,2785532,5240,83,332,628.0,0.0,628.0,701,701,387.9156626506024,15,0,1000000,3000,4
696465,696465,2785860,5241,82,328,618.0,0.0,618.0,692,692,325.9146341463415,14,0,1000000,3000,4
696500,696500,2786000,5242,35,140,248.0,0.0,248.0,311,311,154.4857142857143,7,0,1000000,3000,4
696531,696531,2786124,5243,31,124,248.0,0.0,248.0,311,311,151.61290322580646,7,0,1000000,3000,4
696569,696569,2786276,5244,38,152,238.0,0.0,238.0,303,303,149.89473684210526,7,0,1000000,3000,4
696727,696727,2786908,5245,158,632,1343.0,0.0,1343.0,1432,1432,665.4620253164557,29,0,1000000,3000,4
696775,696775,2787100,5246,48,192,224.0,0.0,224.0,289,289,159.29166666666666,6,0,1000000,3000,4
696888,696888,2787552,5247,113,452,612.0,0.0,612.0,692,692,377.9646017699115,14,0,1000000,3000,4
697057,697057,2788228,5248,169,676,578.0,0.0,578.0,668,668,478.2899408284024,14,0,1000000,3000,4
697148,697148,2788592,5249,91,364,629.0,0.0,629.0,705,705,366.97802197802196,15,0,1000000,3000,4
697260,697260,2789040,5250,112,448,613.0,0.0,613.0,691,691,382.91964285714283,14,0,1000000,3000,4
697400,697400,2789600,5251,140,560,1034.0,0.0,1034.0,1117,1117,650.0928571428572,23,0,1000000,3000,4
697565,697565,2790260,5252,165,660,810.0,0.0,810.0,898,898,528.6424242424242,18,0,1000000,3000,4
697712,697712,2790848,5253,147,588,1044.0,0.0,1044.0,1129,1129,594.3877551020408,23,0,1000000,3000,4
697885,697885,2791540,5254,173,692,1033.0,0.0,1033.0,1122,1123,633.7803468208092,23,0,1000000,3000,4
698063,698063,2792252,5255,178,712,1034.0,0.0,1034.0,1125,1125,553.4494382022472,23,0,1000000,3000,4
698141,698141,2792564,5256,78,312,618.0,0.0,618.0,691,691,344.11538461538464,14,0,1000000,3000,4
698172,698172,2792688,5257,31,124,247.0,0.0,247.0,311,311,153.5483870967742,7,0,1000000,3000,4
698436,698436,2793744,5258,264,1056,1120.0,0.0,1120.0,1230,1230,676.2121212121212,25,0,1000000,3000,4
698595,698595,2794380,5259,159,636,723.0,0.0,723.0,812,812,489.7987421383648,17,0,1000000,3000,4
698636,698636,2794544,5260,41,164,235.0,0.0,235.0,301,301,158.21951219512195,7,0,1000000,3000,4
698790,698790,2795160,5261,154,616,813.0,0.0,813.0,898,898,564.6558441558442,18,0,1000000,3000,4
699132,699132,2796528,5262,342,1368,1389.0,0.0,1389.0,1514,1514,773.5584795321637,31,0,1000000,3000,4
699217,699217,2796868,5263,85,340,614.0,0.0,614.0,688,688,338.11764705882354,14,0,1000000,3000,4
699382,699382,2797528,5264,165,660,1039.0,0.0,1039.0,1127,1127,555.3090909090909,23,0,1000000,3000,4
699612,699612,2798448,5265,230,920,1327.0,0.0,1327.0,1431,1431,754.7565217391304,29,0,1000000,3000,4
699720,699720,2798880,5266,108,432,607.0,0.0,607.0,685,685,395.72222222222223,14,0,1000000,3000,4
699867,699867,2799468,5267,147,588,814.0,0.0,814.0,898,898,579.374149659864,18,0,1000000,3000,4
699907,699907,2799628,5268,40,160,231.0,0.0,231.0,296,296,160.125,6,0,1000000,3000,4
700281,700281,2801124,5269,374,1496,1304.0,0.0,1304.0,1436,1436,747.9705882352941,29,0,1000000,3000,4
700364,700364,2801456,5270,83,332,618.0,0.0,618.0,692,692,348.26506024096386,14,0,1000000,3000,4
700473,700473,2801892,5271,109,436,610.0,0.0,610.0,687,687,380.39449541284404,14,0,1000000,3000,4
700554,700554,2802216,5272,81,324,622.0,0.0,622.0,696,696,353.962962962963,14,0,1000000,3000,4
700730,700730,2802920,5273,176,704,1044.0,0.0,1044.0,1136,1136,638.7159090909091,23,0,1000000,3000,4
700933,700933,2803732,5274,203,812,1336.0,0.0,1336.0,1434,1434,680.0738916256157,29,0,1000000,3000,4
700971,700971,2803884,5275,38,152,244.0,0.0,244.0,307,307,156.39473684210526,7,0,1000000,3000,4
701135,701135,2804540,5276,164,656,635.0,0.0,635.0,722,722,472.359756097561,15,0,1000000,3000,4
701266,701266,2805064,5277,131,524,589.0,0.0,589.0,672,672,363.4503816793893,14,0,1000000,3000,4
701339,701339,2805356,5278,73,292,606.0,0.0,606.0,678,678,296.2191780821918,14,0,1000000,3000,4
701594,701594,2806376,5279,255,1020,1115.0,0.0,1115.0,1222,1222,684.4470588235295,25,0,1000000,3000,4
701632,701632,2806528,5280,38,152,240.0,0.0,240.0,303,303,155.10526315789474,7,0,1000000,3000,4
701679,701679,2806716,5281,47,188,235.0,0.0,235.0,302,302,136.12765957446808,7,0,1000000,3000,4
701719,701719,2806876,5282,40,160,235.0,0.0,235.0,299,299,161.225,6,0,1000000,3000,4
701842,701842,2807368,5283,123,492,596.0,0.0,596.0,677,677,391.2113821138211,14,0,1000000,3000,4
701884,701884,2807536,5284,42,168,230.0,0.0,230.0,294,294,161.26190476190476,6,0,1000000,3000,4
701926,701926,2807704,5285,42,168,231.0,0.0,231.0,296,296,155.0952380952381,6,0,1000000,3000,4
701967,701967,2807868,5286,41,164,229.0,0.0,229.0,294,294,159.41463414634146,6,0,1000000,3000,4
702099,702099,2808396,5287,132,528,580.0,0.0,580.0,663,663,392.93939393939394,14,0,1000000,3000,4
702311,702311,2809244,5288,212,848,1039.0,0.0,1039.0,1138,1138,617.0754716981132,23,0,1000000,3000,4
702489,702489,2809956,5289,178,712,1036.0,0.0,1036.0,1127,1127,561.5730337078652,23,0,1000000,3000,4
702782,702782,2811128,5290,293,1172,1302.0,0.0,1302.0,1415,1415,729.4914675767918,29,0,1000000,3000,4
702813,702813,2811252,5291,31,124,247.0,0.0,247.0,310,310,154.06451612903226,7,0,1000000,3000,4
702853,702853,2811412,5292,40,160,242.0,0.0,242.0,308,308,141.95,7,0,1000000,3000,4
702967,702967,2811868,5293,114,456,626.0,0.0,626.0,705,705,354.5877192982456,15,0,1000000,3000,4
703127,703127,2812508,5294,160,640,812.0,0.0,812.0,898,898,543.0625,18,0,1000000,3000,4
703203,703203,2812812,5295,76,304,636.0,0.0,636.0,709,709,371.5657894736842,15,0,1000000,3000,4
703235,703235,2812940,5296,32,128,246.0,0.0,246.0,309,309,161.1875,7,0,1000000,3000,4
703264,703264,2813056,5297,29,116,246.0,0.0,246.0,309,309,156.44827586206895,7,0,1000000,3000,4
703432,703432,2813728,5298,168,672,1036.0,0.0,1036.0,1124,1124,632.9285714285714,23,0,1000000,3000,4
703507,703507,2814028,5299,75,300,616.0,0.0,616.0,689,689,336.6,14,0,1000000,3000,4
703546,703546,2814184,5300,39,156,228.0,0.0,228.0,292,292,165.0,6,0,1000000,3000,4
703575,703575,2814300,5301,29,116,247.0,0.0,247.0,309,309,155.79310344827587,7,0,1000000,3000,4
703837,703837,2815348,5302,262,1048,1022.0,0.0,1022.0,1130,1130,636.3511450381679,23,0,1000000,3000,4
704053,704053,2816212,5303,216,864,1130.0,0.0,1130.0,1230,1230,652.9166666666666,25,0,1000000,3000,4
704144,704144,2816576,5304,91,364,621.0,0.0,621.0,696,696,397.1978021978022,14,0,1000000,3000,4
704235,704235,2816940,5305,91,364,628.0,0.0,628.0,704,704,380.84615384615387,15,0,1000000,3000,4
704335,704335,2817340,5306,100,400,622.0,0.0,622.0,699,699,403.86,14,0,1000000,3000,4
704475,704475,2817900,5307,140,560,764.0,0.0,764.0,848,848,511.5357142857143,17,0,1000000,3000,4
704630,704630,2818520,5308,155,620,1039.0,0.0,1039.0,1126,1126,598.0451612903225,23,0,1000000,3000,4
704725,704725,2818900,5309,95,380,614.0,0.0,614.0,690,690,334.86315789473684,14,0,1000000,3000,4
704880,704880,2819520,5310,155,620,637.0,0.0,637.0,722,722,466.0967741935484,15,0,1000000,3000,4
704982,704982,2819928,5311,102,408,600.0,0.0,600.0,676,676,409.2352941176471,14,0,1000000,3000,4
705144,705144,2820576,5312,162,648,738.0,0.0,738.0,827,827,494.17283950617286,17,0,1000000,3000,4
705185,705185,2820740,5313,41,164,230.0,0.0,230.0,295,295,160.5121951219512,6,0,1000000,3000,4
705366,705366,2821464,5314,181,724,1331.0,0.0,1331.0,1424,1424,735.7016574585635,29,0,1000000,3000,4
705408,705408,2821632,5315,42,168,229.0,0.0,229.0,294,294,157.83333333333334,6,0,1000000,3000,4
705453,705453,2821812,5316,45,180,219.0,0.0,219.0,284,284,166.95555555555555,6,0,1000000,3000,4
705489,705489,2821956,5317,36,144,233.0,0.0,233.0,296,296,168.44444444444446,6,0,1000000,3000,4
705530,705530,2822120,5318,41,164,226.0,0.0,226.0,292,292,165.26829268292684,6,0,1000000,3000,4
705731,705731,2822924,5319,201,804,748.0,0.0,748.0,846,846,529.7910447761194,17,0,1000000,3000,4
705770,705770,2823080,5320,39,156,230.0,0.0,230.0,294,294,163.66666666666666,6,0,1000000,3000,4
706056,706056,2824224,5321,286,1144,1320.0,0.0,1320.0,1435,1435,744.0314685314685,29,0,1000000,3000,4
706287,706287,2825148,5322,231,924,1326.0,0.0,1326.0,1430,1430,716.6666666666666,29,0,1000000,3000,4
706493,706493,2825972,5323,206,824,1320.0,0.0,1320.0,1417,1417,666.5873786407767,29,0,1000000,3000,4
706594,706594,2826376,5324,101,404,613.0,0.0,613.0,690,690,372.3960396039604,14,0,1000000,3000,4
706771,706771,2827084,5325,177,708,1345.0,0.0,1345.0,1438,1438,733.180790960452,29,0,1000000,3000,4
706873,706873,2827492,5326,102,408,624.0,0.0,624.0,702,702,350.52941176470586,15,0,1000000,3000,4
707034,707034,2828136,5327,161,644,1320.0,0.0,1320.0,1408,1408,683.1180124223603,29,0,1000000,3000,4
707068,707068,2828272,5328,34,136,244.0,0.0,244.0,306,306,163.47058823529412,7,0,1000000,3000,4
707103,707103,2828412,5329,35,140,244.0,0.0,244.0,309,309,151.97142857142856,7,0,1000000,3000,4
707246,707246,2828984,5330,143,572,1055.0,0.0,1055.0,1140,1140,590.013986013986,23,0,1000000,3000,4
707447,707447,2829788,5331,201,804,1692.0,0.0,1692.0,1789,1789,912.2437810945273,36,0,1000000,3000,4
707487,707487,2829948,5332,40,160,235.0,0.0,235.0,299,299,160.1,6,0,1000000,3000,4
707526,707526,2830104,5333,39,156,237.0,0.0,237.0,301,301,162.6153846153846,7,0,1000000,3000,4
707646,707646,2830584,5334,120,480,610.0,0.0,610.0,691,691,373.525,14,0,1000000,3000,4
707690,707690,2830760,5335,44,176,229.0,0.0,229.0,294,294,156.04545454545453,6,0,1000000,3000,4
707779,707779,2831116,5336,89,356,627.0,0.0,627.0,701,701,401.3820224719101,15,0,1000000,3000,4
708352,708352,2833408,5337,573,2292,959.0,0.0,959.0,1129,1129,697.2687609075043,23,0,1000000,3000,4
708517,708517,2834068,5338,165,660,723.0,0.0,723.0,812,812,565.7454545454545,17,0,1000000,3000,4
709191,709191,2836764,5339,674,2696,1217.0,0.0,1217.0,1408,1408,778.9094955489614,29,0,1000000,3000,4
709371,709371,2837484,5340,180,720,1045.0,0.0,1045.0,1137,1137,655.3111111111111,23,0,1000000,3000,4
709405,709405,2837620,5341,34,136,236.0,0.0,236.0,298,298,167.58823529411765,6,0,1000000,3000,4
709436,709436,2837744,5342,31,124,242.0,0.0,242.0,306,306,163.96774193548387,7,0,1000000,3000,4
709531,709531,2838124,5343,95,380,632.0,0.0,632.0,706,706,378.2631578947368,15,0,1000000,3000,4
709695,709695,2838780,5344,164,656,1345.0,0.0,1345.0,1435,1435,693.9634146341464,29,0,1000000,3000,4
709956,709956,2839824,5345,261,1044,1021.0,0.0,1021.0,1129,1129,699.383141762452,23,0,1000000,3000,4
710118,710118,2840472,5346,162,648,1049.0,0.0,1049.0,1138,1138,657.6111111111111,23,0,1000000,3000,4
710150,710150,2840600,5347,32,128,249.0,0.0,249.0,313,313,149.1875,7,0,1000000,3000,4
710296,710296,2841184,5348,146,584,761.0,0.0,761.0,848,848,541.486301369863,17,0,1000000,3000,4
710325,710325,2841300,5349,29,116,246.0,0.0,246.0,309,309,160.79310344827587,7,0,1000000,3000,4
710362,710362,2841448,5350,37,148,245.0,0.0,245.0,309,309,153.51351351351352,7,0,1000000,3000,4
710458,710458,2841832,5351,96,384,629.0,0.0,629.0,705,705,358.09375,15,0,1000000,3000,4
710532,710532,2842128,5352,74,296,653.0,0.0,653.0,722,722,382.4189189189189,15,0,1000000,3000,4
710618,710618,2842472,5353,86,344,632.0,0.0,632.0,707,707,377.25581395348837,15,0,1000000,3000,4
710809,710809,2843236,5354,191,764,1031.0,0.0,1031.0,1125,1125,669.5497382198953,23,0,1000000,3000,4
710971,710971,2843884,5355,162,648,1037.0,0.0,1037.0,1125,1125,608.8641975308642,23,0,1000000,3000,4
711209,711209,2844836,5356,238,952,1335.0,0.0,1335.0,1440,1440,789.1134453781513,29,0,1000000,3000,4
711370,711370,2845480,5357,161,644,1040.0,0.0,1040.0,1127,1127,598.2049689440994,23,0,1000000,3000,4
711463,711463,2845852,5358,93,372,628.0,0.0,628.0,703,703,380.5376344086022,15,0,1000000,3000,4
711540,711540,2846160,5359,77,308,599.0,0.0,599.0,672,672,333.27272727272725,14,0,1000000,3000,4
711709,711709,2846836,5360,169,676,1327.0,0.0,1327.0,1416,1416,698.0059171597633,29,0,1000000,3000,4
711739,711739,2846956,5361,30,120,250.0,0.0,250.0,313,313,153.23333333333332,7,0,1000000,3000,4
711848,711848,2847392,5362,109,436,610.0,0.0,610.0,688,688,386.9633027522936,14,0,1000000,3000,4
711988,711988,2847952,5363,140,560,1043.0,0.0,1043.0,1126,1126,577.3142857142857,23,0,1000000,3000,4
712145,712145,2848580,5364,157,628,636.0,0.0,636.0,722,722,507.0828025477707,15,0,1000000,3000,4
712252,712252,2849008,5365,107,428,618.0,0.0,618.0,696,696,353.4672897196262,14,0,1000000,3000,4
712423,712423,2849692,5366,171,684,1326.0,0.0,1326.0,1416,1416,770.6491228070175,29,0,1000000,3000,4
712497,712497,2849988,5367,74,296,608.0,0.0,608.0,680,680,355.5810810810811,14,0,1000000,3000,4
712678,712678,2850712,5368,181,724,1428.0,0.0,1428.0,1522,1522,762.6243093922652,31,0,1000000,3000,4
712709,712709,2850836,5369,31,124,247.0,0.0,247.0,311,311,147.80645161290323,7,0,1000000,3000,4
712742,712742,2850968,5370,33,132,246.0,0.0,246.0,310,310,154.57575757575756,7,0,1000000,3000,4
712873,712873,2851492,5371,131,524,1046.0,0.0,1046.0,1128,1128,599.5038167938932,23,0,1000000,3000,4
713076,713076,2852304,5372,203,812,1033.0,0.0,1033.0,1129,1129,619.5369458128079,23,0,1000000,3000,4
713113,713113,2852452,5373,37,148,234.0,0.0,234.0,299,299,165.43243243243242,6,0,1000000,3000,4
713151,713151,2852604,5374,38,152,240.0,0.0,240.0,305,305,152.68421052631578,7,0,1000000,3000,4
713296,713296,2853184,5375,145,580,755.0,0.0,755.0,842,842,523.9724137931034,17,0,1000000,3000,4
713396,713396,2853584,5376,100,400,604.0,0.0,604.0,680,680,409.27,14,0,1000000,3000,4
713429,713429,2853716,5377,33,132,250.0,0.0,250.0,313,313,156.45454545454547,7,0,1000000,3000,4
713465,713465,2853860,5378,36,144,234.0,0.0,234.0,298,298,168.55555555555554,6,0,1000000,3000,4
713500,713500,2854000,5379,35,140,246.0,0.0,246.0,310,310,149.11428571428573,7,0,1000000,3000,4
713758,713758,2855032,5380,258,1032,1023.0,0.0,1023.0,1130,1130,685.9147286821706,23,0,1000000,3000,4
713794,713794,2855176,5381,36,144,245.0,0.0,245.0,310,310,148.66666666666666,7,0,1000000,3000,4
713880,713880,2855520,5382,86,344,650.0,0.0,650.0,722,722,354.6511627906977,15,0,1000000,3000,4
713950,713950,2855800,5383,70,280,610.0,0.0,610.0,680,680,315.25714285714287,14,0,1000000,3000,4
714037,714037,2856148,5384,87,348,607.0,0.0,607.0,682,682,316.02298850574715,14,0,1000000,3000,4
714268,714268,2857072,5385,231,924,719.0,0.0,719.0,822,822,605.5411255411256,17,0,1000000,3000,4
714442,714442,2857768,5386,174,696,770.0,0.0,770.0,861,861,551.028735632184,18,0,1000000,3000,4
714531,714531,2858124,5387,89,356,612.0,0.0,612.0,686,686,339.0112359550562,14,0,1000000,3000,4
714569,714569,2858276,5388,38,152,230.0,0.0,230.0,294,294,169.28947368421052,6,0,1000000,3000,4
714714,714714,2858856,5389,145,580,638.0,0.0,638.0,722,722,497.0344827586207,15,0,1000000,3000,4
714814,714814,2859256,5390,100,400,589.0,0.0,589.0,666,666,407.9,14,0,1000000,3000,4
714916,714916,2859664,5391,102,408,729.0,0.0,729.0,806,806,475.6862745098039,17,0,1000000,3000,4
715039,715039,2860156,5392,123,492,592.0,0.0,592.0,674,674,409.1869918699187,14,0,1000000,3000,4
715070,715070,2860280,5393,31,124,247.0,0.0,247.0,310,310,155.83870967741936,7,0,1000000,3000,4
715219,715219,2860876,5394,149,596,638.0,0.0,638.0,722,722,496.36241610738256,15,0,1000000,3000,4
715308,715308,2861232,5395,89,356,614.0,0.0,614.0,689,689,392.08988764044943,14,0,1000000,3000,4
715390,715390,2861560,5396,82,328,604.0,0.0,604.0,678,678,324.1219512195122,14,0,1000000,3000,4
715431,715431,2861724,5397,41,164,241.0,0.0,241.0,307,307,148.1219512195122,7,0,1000000,3000,4
715554,715554,2862216,5398,123,492,597.0,0.0,597.0,679,679,387.9512195121951,14,0,1000000,3000,4
715719,715719,2862876,5399,165,660,732.0,0.0,732.0,820,820,493.03636363636366,17,0,1000000,3000,4
715750,715750,2863000,5400,31,124,245.0,0.0,245.0,308,308,161.70967741935485,7,0,1000000,3000,4
715881,715881,2863524,5401,131,524,602.0,0.0,602.0,685,685,380.22137404580155,14,0,1000000,3000,4
715919,715919,2863676,5402,38,152,239.0,0.0,239.0,304,304,148.8684210526316,7,0,1000000,3000,4
715961,715961,2863844,5403,42,168,232.0,0.0,232.0,297,297,155.0,6,0,1000000,3000,4
715997,715997,2863988,5404,36,144,244.0,0.0,244.0,309,309,152.25,7,0,1000000,3000,4
716035,716035,2864140,5405,38,152,236.0,0.0,236.0,301,301,152.8684210526316,7,0,1000000,3000,4
716197,716197,2864788,5406,162,648,756.0,0.0,756.0,845,845,521.5555555555555,17,0,1000000,3000,4
716320,716320,2865280,5407,123,492,592.0,0.0,592.0,673,673,384.0243902439024,14,0,1000000,3000,4
716389,716389,2865556,5408,69,276,609.0,0.0,609.0,680,680,308.0869565217391,14,0,1000000,3000,4
716671,716671,2866684,5409,282,1128,1303.0,0.0,1303.0,1415,1415,712.4468085106383,29,0,1000000,3000,4
716920,716920,2867680,5410,249,996,1297.0,0.0,1297.0,1403,1403,767.3734939759037,29,0,1000000,3000,4
717147,717147,2868588,5411,227,908,1049.0,0.0,1049.0,1152,1152,631.8546255506608,24,0,1000000,3000,4
717186,717186,2868744,5412,39,156,246.0,0.0,246.0,311,311,141.05128205128204,7,0,1000000,3000,4
717450,717450,2869800,5413,264,1056,1559.0,0.0,1559.0,1668,1668,690.875,34,0,1000000,3000,4
717626,717626,2870504,5414,176,704,808.0,0.0,808.0,898,900,551.7272727272727,19,0,1000000,3000,4
717676,717676,2870704,5415,50,200,210.0,0.0,210.0,275,275,170.22,6,0,1000000,3000,4
717828,717828,2871312,5416,152,608,769.0,0.0,769.0,855,855,529.2763157894736,18,0,1000000,3000,4
718135,718135,2872540,5417,307,1228,1519.0,0.0,1519.0,1636,1636,822.9706840390879,33,0,1000000,3000,4
718179,718179,2872716,5418,44,176,237.0,0.0,237.0,302,302,138.86363636363637,7,0,1000000,3000,4
718230,718230,2872920,5419,51,204,221.0,0.0,221.0,287,287,143.9607843137255,6,0,1000000,3000,4
718401,718401,2873604,5420,171,684,760.0,0.0,760.0,850,850,486.37426900584796,18,0,1000000,3000,4
718440,718440,2873760,5421,39,156,235.0,0.0,235.0,299,299,158.82051282051282,6,0,1000000,3000,4
718548,718548,2874192,5422,108,432,620.0,0.0,620.0,697,697,358.3425925925926,14,0,1000000,3000,4
718591,718591,2874364,5423,43,172,231.0,0.0,231.0,296,296,143.48837209302326,6,0,1000000,3000,4
718861,718861,2875444,5424,270,1080,1114.0,0.0,1114.0,1222,1222,624.4814814814815,25,0,1000000,3000,4
718920,718920,2875680,5425,59,236,236.0,0.0,236.0,304,304,117.03389830508475,7,0,1000000,3000,4
719594,719594,2878376,5426,674,2696,2987.0,0.0,2987.0,3161,3161,1628.393175074184,64,0,1000000,3000,4
719824,719824,2879296,5427,230,920,1309.0,0.0,1309.0,1410,1413,721.2434782608696,29,0,1000000,3000,4
719939,719939,2879756,5428,115,460,598.0,0.0,598.0,677,677,383.6608695652174,14,0,1000000,3000,4
719969,719969,2879876,5429,30,120,250.0,0.0,250.0,314,314,152.93333333333334,7,0,1000000,3000,4
720107,720107,2880428,5430,138,552,1065.0,0.0,1065.0,1150,1150,537.1521739130435,24,0,1000000,3000,4
720344,720344,2881376,5431,237,948,1536.0,0.0,1536.0,1640,1640,778.2320675105485,33,0,1000000,3000,4
720443,720443,2881772,5432,99,396,632.0,0.0,632.0,708,708,362.2929292929293,15,0,1000000,3000,4
720535,720535,2882140,5433,92,368,624.0,0.0,624.0,700,700,342.5,15,0,1000000,3000,4
720711,720711,2882844,5434,176,704,1046.0,0.0,1046.0,1138,1138,613.2556818181819,23,0,1000000,3000,4
720958,720958,2883832,5435,247,988,1331.0,0.0,1331.0,1438,1438,724.7408906882591,29,0,1000000,3000,4
721053,721053,2884212,5436,95,380,623.0,0.0,623.0,700,700,383.0315789473684,15,0,1000000,3000,4
721286,721286,2885144,5437,233,932,1024.0,0.0,1024.0,1126,1126,638.9785407725321,23,0,1000000,3000,4
721543,721543,2886172,5438,257,1028,1324.0,0.0,1324.0,1433,1433,627.8871595330739,29,0,1000000,3000,4
721710,721710,2886840,5439,167,668,724.0,0.0,724.0,814,814,497.38922155688624,17,0,1000000,3000,4
722134,722134,2888536,5440,424,1696,984.0,0.0,984.0,1124,1124,737.625,23,0,1000000,3000,4
722222,722222,2888888,5441,88,352,650.0,0.0,650.0,722,722,361.04545454545456,15,0,1000000,3000,4
722465,722465,2889860,5442,243,972,1027.0,0.0,1027.0,1132,1132,635.5267489711935,23,0,1000000,3000,4
722550,722550,2890200,5443,85,340,629.0,0.0,629.0,704,704,378.7176470588235,15,0,1000000,3000,4
722667,722667,2890668,5444,117,468,610.0,0.0,610.0,690,690,400.0769230769231,14,0,1000000,3000,4
722706,722706,2890824,5445,39,156,234.0,0.0,234.0,298,298,158.89743589743588,6,0,1000000,3000,4
722861,722861,2891444,5446,155,620,726.0,0.0,726.0,814,814,484.2451612903226,17,0,1000000,3000,4
723018,723018,2892072,5447,157,628,758.0,0.0,758.0,846,846,559.3057324840764,17,0,1000000,3000,4
723238,723238,2892952,5448,220,880,1327.0,0.0,1327.0,1427,1427,701.1772727272727,29,0,1000000,3000,4
723272,723272,2893088,5449,34,136,243.0,0.0,243.0,305,305,161.14705882352942,7,0,1000000,3000,4
723560,723560,2894240,5450,288,1152,1842.0,0.0,1842.0,1956,1956,863.4826388888889,40,0,1000000,3000,4
723653,723653,2894612,5451,93,372,603.0,0.0,603.0,679,679,397.61290322580646,14,0,1000000,3000,4
723694,723694,2894776,5452,41,164,231.0,0.0,231.0,296,296,161.90243902439025,6,0,1000000,3000,4
723726,723726,2894904,5453,32,128,247.0,0.0,247.0,311,311,146.5625,7,0,1000000,3000,4
723826,723826,2895304,5454,100,400,611.0,0.0,611.0,686,686,374.53,14,0,1000000,3000,4
723867,723867,2895468,5455,41,164,226.0,0.0,226.0,290,290,162.0731707317073,6,0,1000000,3000,4
723900,723900,2895600,5456,33,132,242.0,0.0,242.0,305,305,158.84848484848484,7,0,1000000,3000,4
723934,723934,2895736,5457,34,136,251.0,0.0,251.0,315,315,144.47058823529412,7,0,1000000,3000,4
724051,724051,2896204,5458,117,468,581.0,0.0,581.0,661,661,410.7264957264957,14,0,1000000,3000,4
724163,724163,2896652,5459,112,448,608.0,0.0,608.0,688,688,364.19642857142856,14,0,1000000,3000,4
724198,724198,2896792,5460,35,140,234.0,0.0,234.0,298,298,168.2,6,0,1000000,3000,4
724294,724294,2897176,5461,96,384,598.0,0.0,598.0,674,674,411.375,14,0,1000000,3000,4
724372,724372,2897488,5462,78,312,631.0,0.0,631.0,703,703,396.43589743589746,15,0,1000000,3000,4
724560,724560,2898240,5463,188,752,768.0,0.0,768.0,862,862,512.1223404255319,18,0,1000000,3000,4
724679,724679,2898716,5464,119,476,728.0,0.0,728.0,809,809,491.6890756302521,17,0,1000000,3000,4
724792,724792,2899168,5465,113,452,616.0,0.0,616.0,695,695,390.2300884955752,14,0,1000000,3000,4
724965,724965,2899860,5466,173,692,633.0,0.0,633.0,722,722,471.73988439306356,15,0,1000000,3000,4
725137,725137,2900548,5467,172,688,1035.0,0.0,1035.0,1125,1125,603.1860465116279,23,0,1000000,3000,4
725283,725283,2901132,5468,146,584,756.0,0.0,756.0,841,841,530.5616438356165,17,0,1000000,3000,4
725325,725325,2901300,5469,42,168,234.0,0.0,234.0,299,299,152.4047619047619,6,0,1000000,3000,4
725494,725494,2901976,5470,169,676,710.0,0.0,710.0,801,801,469.46153846153845,17,0,1000000,3000,4
725784,725784,2903136,5471,290,1160,1296.0,0.0,1296.0,1411,1411,703.6689655172414,29,0,1000000,3000,4
725937,725937,2903748,5472,153,612,813.0,0.0,813.0,898,898,552.7320261437909,18,0,1000000,3000,4
725977,725977,2903908,5473,40,160,223.0,0.0,223.0,288,288,167.7,6,0,1000000,3000,4
726016,726016,2904064,5474,39,156,230.0,0.0,230.0,295,295,162.33333333333334,6,0,1000000,3000,4
726329,726329,2905316,5475,313,1252,1010.0,0.0,1010.0,1127,1127,739.0990415335464,23,0,1000000,3000,4
726362,726362,2905448,5476,33,132,239.0,0.0,239.0,302,302,161.5151515151515,7,0,1000000,3000,4
726391,726391,2905564,5477,29,116,247.0,0.0,247.0,310,310,152.48275862068965,7,0,1000000,3000,4
726433,726433,2905732,5478,42,168,234.0,0.0,234.0,299,299,149.0,6,0,1000000,3000,4
726467,726467,2905868,5479,34,136,250.0,0.0,250.0,314,314,146.52941176470588,7,0,1000000,3000,4
726544,726544,2906176,5480,77,308,652.0,0.0,652.0,722,722,369.4415584415584,15,0,1000000,3000,4
726577,726577,2906308,5481,33,132,248.0,0.0,248.0,312,312,144.3030303030303,7,0,1000000,3000,4
726720,726720,2906880,5482,143,572,720.0,0.0,720.0,805,805,508.54545454545456,17,0,1000000,3000,4
726802,726802,2907208,5483,82,328,625.0,0.0,625.0,699,699,391.890243902439,14,0,1000000,3000,4
727117,727117,2908468,5484,315,1260,1314.0,0.0,1314.0,1434,1434,734.4,29,0,1000000,3000,4
727260,727260,2909040,5485,143,572,758.0,0.0,758.0,844,844,557.93006993007,17,0,1000000,3000,4
727294,727294,2909176,5486,34,136,239.0,0.0,239.0,303,303,167.0,7,0,1000000,3000,4
727378,727378,2909512,5487,84,336,635.0,0.0,635.0,709,709,374.54761904761904,15,0,1000000,3000,4
727543,727543,2910172,5488,165,660,1343.0,0.0,1343.0,1433,1433,715.3333333333334,29,0,1000000,3000,4
727730,727730,2910920,5489,187,748,806.0,0.0,806.0,898,899,576.0374331550802,18,0,1000000,3000,4
727876,727876,2911504,5490,146,584,638.0,0.0,638.0,722,722,526.0958904109589,15,0,1000000,3000,4
727909,727909,2911636,5491,33,132,250.0,0.0,250.0,313,313,150.75757575757575,7,0,1000000,3000,4
727940,727940,2911760,5492,31,124,249.0,0.0,249.0,313,313,153.4516129032258,7,0,1000000,3000,4
728006,728006,2912024,5493,66,264,609.0,0.0,609.0,680,680,330.3787878787879,14,0,1000000,3000,4
728167,728167,2912668,5494,161,644,1436.0,0.0,1436.0,1526,1526,732.8074534161491,31,0,1000000,3000,4
728198,728198,2912792,5495,31,124,246.0,0.0,246.0,310,310,152.1290322580645,7,0,1000000,3000,4
728326,728326,2913304,5496,128,512,751.0,0.0,751.0,834,834,513.84375,17,0,1000000,3000,4
728480,728480,2913920,5497,154,616,1044.0,0.0,1044.0,1130,1130,618.1168831168832,23,0,1000000,3000,4
728552,728552,2914208,5498,72,288,653.0,0.0,653.0,722,722,392.2916666666667,15,0,1000000,3000,4
728767,728767,2915068,5499,215,860,1577.0,0.0,1577.0,1677,1677,812.8186046511628,34,0,1000000,3000,4
728804,728804,2915216,5500,37,148,242.0,0.0,242.0,307,307,150.72972972972974,7,0,1000000,3000,4
728935,728935,2915740,5501,131,524,1046.0,0.0,1046.0,1127,1127,618.0687022900763,23,0,1000000,3000,4
729012,729012,2916048,5502,77,308,617.0,0.0,617.0,690,690,342.5064935064935,14,0,1000000,3000,4
729109,729109,2916436,5503,97,388,621.0,0.0,621.0,697,697,392.2680412371134,14,0,1000000,3000,4
729200,729200,2916800,5504,91,364,627.0,0.0,627.0,702,702,391.31868131868134,15,0,1000000,3000,4
729430,729430,2917720,5505,230,920,1566.0,0.0,1566.0,1670,1670,796.2739130434783,34,0,1000000,3000,4
729586,729586,2918344,5506,156,624,770.0,0.0,770.0,859,859,542.7948717948718,18,0,1000000,3000,4
729702,729702,2918808,5507,116,464,1044.0,0.0,1044.0,1122,1122,567.25,23,0,1000000,3000,4
729850,729850,2919400,5508,148,592,1042.0,0.0,1042.0,1127,1127,557.3243243243244,23,0,1000000,3000,4
729947,729947,2919788,5509,97,388,603.0,0.0,603.0,680,680,402.36082474226805,14,0,1000000,3000,4
729980,729980,2919920,5510,33,132,247.0,0.0,247.0,311,311,145.03030303030303,7,0,1000000,3000,4
730062,730062,2920248,5511,82,328,637.0,0.0,637.0,711,711,384.9512195121951,15,0,1000000,3000,4
730094,730094,2920376,5512,32,128,250.0,0.0,250.0,314,314,155.71875,7,0,1000000,3000,4
730256,730256,2921024,5513,162,648,1350.0,0.0,1350.0,1440,1440,711.5555555555555,29,0,1000000,3000,4
730336,730336,2921344,5514,80,320,625.0,0.0,625.0,698,698,375.9875,14,0,1000000,3000,4
730383,730383,2921532,5515,47,188,224.0,0.0,224.0,289,289,158.82978723404256,6,0,1000000,3000,4
730591,730591,2922364,5516,208,832,1336.0,0.0,1336.0,1435,1435,658.9375,29,0,1000000,3000,4
730669,730669,2922676,5517,78,312,617.0,0.0,617.0,690,690,332.0897435897436,14,0,1000000,3000,4
730816,730816,2923264,5518,147,588,1040.0,0.0,1040.0,1124,1124,637.2585034013606,23,0,1000000,3000,4
731019,731019,2924076,5519,203,812,1571.0,0.0,1571.0,1668,1668,772.0985221674877,34,0,1000000,3000,4
731162,731162,2924648,5520,143,572,815.0,0.0,815.0,898,899,549.2447552447552,18,0,1000000,3000,4
731503,731503,2926012,5521,341,1364,1290.0,0.0,1290.0,1414,1414,779.1348973607038,29,0,1000000,3000,4
731538,731538,2926152,5522,35,140,240.0,0.0,240.0,305,305,155.34285714285716,7,0,1000000,3000,4
731571,731571,2926284,5523,33,132,247.0,0.0,247.0,311,311,153.96969696969697,7,0,1000000,3000,4
731610,731610,2926440,5524,39,156,243.0,0.0,243.0,308,308,148.2051282051282,7,0,1000000,3000,4
731794,731794,2927176,5525,184,736,1143.0,0.0,1143.0,1236,1236,635.3913043478261,25,0,1000000,3000,4
732574,732574,2930296,5526,780,3120,1018.0,0.0,1018.0,1231,1231,792.2589743589743,25,0,1000000,3000,4
732820,732820,2931280,5527,246,984,794.0,0.0,794.0,898,898,666.7439024390244,18,0,1000000,3000,4
732858,732858,2931432,5528,38,152,230.0,0.0,230.0,294,294,173.6315789473684,6,0,1000000,3000,4
733101,733101,2932404,5529,243,972,1128.0,0.0,1128.0,1234,1234,647.9012345679013,25,0,1000000,3000,4
733213,733213,2932852,5530,112,448,616.0,0.0,616.0,696,696,362.9375,14,0,1000000,3000,4
733328,733328,2933312,5531,115,460,645.0,0.0,645.0,722,723,362.7739130434783,15,0,1000000,3000,4
733365,733365,2933460,5532,37,148,241.0,0.0,241.0,306,306,162.05405405405406,7,0,1000000,3000,4
733404,733404,2933616,5533,39,156,241.0,0.0,241.0,306,306,149.35897435897436,7,0,1000000,3000,4
733443,733443,2933772,5534,39,156,239.0,0.0,239.0,303,303,156.97435897435898,7,0,1000000,3000,4
733482,733482,2933928,5535,39,156,235.0,0.0,235.0,299,299,163.28205128205127,6,0,1000000,3000,4
733699,733699,2934796,5536,217,868,709.0,0.0,709.0,809,809,584.0,17,0,1000000,3000,4
733884,733884,2935536,5537,185,740,762.0,0.0,762.0,856,856,543.4054054054054,18,0,1000000,3000,4
734135,734135,2936540,5538,251,1004,1136.0,0.0,1136.0,1244,1244,671.199203187251,25,0,1000000,3000,4
734169,734169,2936676,5539,34,136,234.0,0.0,234.0,298,298,160.8235294117647,6,0,1000000,3000,4
734258,734258,2937032,5540,89,356,650.0,0.0,650.0,722,722,361.5280898876405,15,0,1000000,3000,4
734355,734355,2937420,5541,97,388,624.0,0.0,624.0,700,700,368.97938144329896,15,0,1000000,3000,4
734472,734472,2937888,5542,117,468,604.0,0.0,604.0,683,683,398.7435897435897,14,0,1000000,3000,4
734660,734660,2938640,5543,188,752,1346.0,0.0,1346.0,1441,1441,728.6648936170212,29,0,1000000,3000,4
734766,734766,2939064,5544,106,424,589.0,0.0,589.0,666,666,414.5377358490566,14,0,1000000,3000,4
734862,734862,2939448,5545,96,384,618.0,0.0,618.0,695,695,375.4791666666667,14,0,1000000,3000,4
735025,735025,2940100,5546,163,652,1039.0,0.0,1039.0,1127,1127,650.6257668711656,23,0,1000000,3000,4
735182,735182,2940728,5547,157,628,759.0,0.0,759.0,847,847,503.7452229299363,17,0,1000000,3000,4
735213,735213,2940852,5548,31,124,248.0,0.0,248.0,312,312,147.25806451612902,7,0,1000000,3000,4
735361,735361,2941444,5549,148,592,781.0,0.0,781.0,867,867,540.8243243243244,18,0,1000000,3000,4
735425,735425,2941700,5550,64,256,610.0,0.0,610.0,680,680,318.765625,14,0,1000000,3000,4
735590,735590,2942360,5551,165,660,1036.0,0.0,1036.0,1124,1124,621.7939393939394,23,0,1000000,3000,4
735665,735665,2942660,5552,75,300,653.0,0.0,653.0,722,722,377.88,15,0,1000000,3000,4
735820,735820,2943280,5553,155,620,779.0,0.0,779.0,868,868,524.2774193548387,18,0,1000000,3000,4
735863,735863,2943452,5554,43,172,237.0,0.0,237.0,302,302,145.09302325581396,7,0,1000000,3000,4
736001,736001,2944004,5555,138,552,779.0,0.0,779.0,863,863,530.2898550724638,18,0,1000000,3000,4
736200,736200,2944800,5556,199,796,1324.0,0.0,1324.0,1420,1420,739.1457286432161,29,0,1000000,3000,4
736292,736292,2945168,5557,92,368,609.0,0.0,609.0,684,684,347.7282608695652,14,0,1000000,3000,4
736368,736368,2945472,5558,76,304,638.0,0.0,638.0,711,711,380.17105263157896,15,0,1000000,3000,4
736533,736533,2946132,5559,165,660,635.0,0.0,635.0,722,722,479.9818181818182,15,0,1000000,3000,4
736685,736685,2946740,5560,152,608,637.0,0.0,637.0,722,722,490.4605263157895,15,0,1000000,3000,4
736718,736718,2946872,5561,33,132,243.0,0.0,243.0,307,307,162.57575757575756,7,0,1000000,3000,4
736758,736758,2947032,5562,40,160,233.0,0.0,233.0,298,298,151.4,6,0,1000000,3000,4
736847,736847,2947388,5563,89,356,620.0,0.0,620.0,694,694,333.85393258426967,14,0,1000000,3000,4
737066,737066,2948264,5564,219,876,722.0,0.0,722.0,823,823,506.29680365296804,17,0,1000000,3000,4
737230,737230,2948920,5565,164,656,811.0,0.0,811.0,898,899,558.829268292683,18,0,1000000,3000,4
737271,737271,2949084,5566,41,164,231.0,0.0,231.0,296,296,165.3170731707317,6,0,1000000,3000,4
737308,737308,2949232,5567,37,148,240.0,0.0,240.0,304,304,155.1891891891892,7,0,1000000,3000,4
737391,737391,2949564,5568,83,332,632.0,0.0,632.0,704,704,393.4698795180723,15,0,1000000,3000,4
737428,737428,2949712,5569,37,148,241.0,0.0,241.0,306,306,155.8918918918919,7,0,1000000,3000,4
737631,737631,2950524,5570,203,812,1032.0,0.0,1032.0,1129,1129,610.2512315270936,23,0,1000000,3000,4
737878,737878,2951512,5571,247,988,1018.0,0.0,1018.0,1123,1123,676.7206477732793,23,0,1000000,3000,4
737948,737948,2951792,5572,70,280,605.0,0.0,605.0,677,677,315.6857142857143,14,0,1000000,3000,4
738174,738174,2952696,5573,226,904,1324.0,0.0,1324.0,1427,1427,717.0840707964602,29,0,1000000,3000,4
738204,738204,2952816,5574,30,120,251.0,0.0,251.0,314,314,158.23333333333332,7,0,1000000,3000,4
738368,738368,2953472,5575,164,656,811.0,0.0,811.0,898,899,523.359756097561,18,0,1000000,3000,4
738524,738524,2954096,5576,156,624,702.0,0.0,702.0,790,790,483.6794871794872,16,0,1000000,3000,4
738572,738572,2954288,5577,48,192,213.0,0.0,213.0,278,278,170.64583333333334,6,0,1000000,3000,4
738728,738728,2954912,5578,156,624,721.0,0.0,721.0,810,810,474.36538461538464,17,0,1000000,3000,4
738905,738905,2955620,5579,177,708,808.0,0.0,808.0,898,898,512.7005649717514,18,0,1000000,3000,4
739002,739002,2956008,5580,97,388,603.0,0.0,603.0,678,678,398.69072164948454,14,0,1000000,3000,4
739039,739039,2956156,5581,37,148,243.0,0.0,243.0,307,307,150.2972972972973,7,0,1000000,3000,4
739072,739072,2956288,5582,33,132,242.0,0.0,242.0,305,305,153.66666666666666,7,0,1000000,3000,4
739197,739197,2956788,5583,125,500,625.0,0.0,625.0,707,707,368.712,15,0,1000000,3000,4
739236,739236,2956944,5584,39,156,235.0,0.0,235.0,299,299,160.12820512820514,6,0,1000000,3000,4
739431,739431,2957724,5585,195,780,1042.0,0.0,1042.0,1137,1137,595.7692307692307,23,0,1000000,3000,4
739628,739628,2958512,5586,197,788,748.0,0.0,748.0,843,843,545.8071065989848,17,0,1000000,3000,4
739667,739667,2958668,5587,39,156,240.0,0.0,240.0,305,305,153.05128205128204,7,0,1000000,3000,4
739708,739708,2958832,5588,41,164,235.0,0.0,235.0,301,301,155.29268292682926,7,0,1000000,3000,4
739875,739875,2959500,5589,167,668,1044.0,0.0,1044.0,1134,1134,607.4071856287425,23,0,1000000,3000,4
740099,740099,2960396,5590,224,896,1309.0,0.0,1309.0,1409,1409,713.3883928571429,29,0,1000000,3000,4
740363,740363,2961452,5591,264,1056,791.0,0.0,791.0,898,898,612.7575757575758,18,0,1000000,3000,4
740632,740632,2962528,5592,269,1076,1560.0,0.0,1560.0,1669,1669,778.9814126394052,34,0,1000000,3000,4
740883,740883,2963532,5593,251,1004,1321.0,0.0,1321.0,1429,1429,736.2350597609561,29,0,1000000,3000,4
741031,741031,2964124,5594,148,592,723.0,0.0,723.0,809,809,474.06756756756755,17,0,1000000,3000,4
741182,741182,2964728,5595,151,604,752.0,0.0,752.0,839,839,483.887417218543,17,0,1000000,3000,4
741393,741393,2965572,5596,211,844,750.0,0.0,750.0,849,849,492.3744075829384,17,0,1000000,3000,4
741431,741431,2965724,5597,38,152,241.0,0.0,241.0,305,305,147.73684210526315,7,0,1000000,3000,4
741592,741592,2966368,5598,161,644,1048.0,0.0,1048.0,1137,1137,617.9627329192547,23,0,1000000,3000,4
741672,741672,2966688,5599,80,320,616.0,0.0,616.0,689,689,317.775,14,0,1000000,3000,4
741719,741719,2966876,5600,47,188,234.0,0.0,234.0,300,300,136.29787234042553,7,0,1000000,3000,4
741758,741758,2967032,5601,39,156,236.0,0.0,236.0,299,299,153.2051282051282,6,0,1000000,3000,4
741885,741885,2967540,5602,127,508,601.0,0.0,601.0,684,684,368.2204724409449,14,0,1000000,3000,4
742153,742153,2968612,5603,268,1072,1304.0,0.0,1304.0,1414,1414,712.3470149253732,29,0,1000000,3000,4
742247,742247,2968988,5604,94,376,611.0,0.0,611.0,686,686,384.6808510638298,14,0,1000000,3000,4
742303,742303,2969212,5605,56,224,206.0,0.0,206.0,273,273,158.85714285714286,6,0,1000000,3000,4
742339,742339,2969356,5606,36,144,245.0,0.0,245.0,310,310,138.27777777777777,7,0,1000000,3000,4
742416,742416,2969664,5607,77,308,612.0,0.0,612.0,685,685,348.4935064935065,14,0,1000000,3000,4
742487,742487,2969948,5608,71,284,610.0,0.0,610.0,682,682,316.01408450704224,14,0,1000000,3000,4
742588,742588,2970352,5609,101,404,627.0,0.0,627.0,704,704,364.8217821782178,15,0,1000000,3000,4
742777,742777,2971108,5610,189,756,709.0,0.0,709.0,802,802,546.1428571428571,17,0,1000000,3000,4
742893,742893,2971572,5611,116,464,584.0,0.0,584.0,663,663,394.87931034482756,14,0,1000000,3000,4
742937,742937,2971748,5612,44,176,227.0,0.0,227.0,292,292,156.3409090909091,6,0,1000000,3000,4
743249,743249,2972996,5613,312,1248,1638.0,0.0,1638.0,1756,1756,981.2115384615385,36,0,1000000,3000,4
743723,743723,2974892,5614,474,1896,1259.0,0.0,1259.0,1410,1410,696.5801687763714,29,0,1000000,3000,4
744123,744123,2976492,5615,400,1600,992.0,0.0,992.0,1127,1127,688.4775,23,0,1000000,3000,4
744165,744165,2976660,5616,42,168,239.0,0.0,239.0,304,304,149.28571428571428,7,0,1000000,3000,4
744210,744210,2976840,5617,45,180,228.0,0.0,228.0,294,294,151.48888888888888,6,0,1000000,3000,4
744260,744260,2977040,5618,50,200,225.0,0.0,225.0,290,290,151.54,6,0,1000000,3000,4
744300,744300,2977200,5619,40,160,236.0,0.0,236.0,301,301,153.025,7,0,1000000,3000,4
744339,744339,2977356,5620,39,156,238.0,0.0,238.0,301,301,155.56410256410257,7,0,1000000,3000,4
744448,744448,2977792,5621,109,436,602.0,0.0,602.0,680,680,369.27522935779814,14,0,1000000,3000,4
744734,744734,2978936,5622,286,1144,1305.0,0.0,1305.0,1419,1419,702.6783216783217,29,0,1000000,3000,4
744817,744817,2979268,5623,83,332,615.0,0.0,615.0,688,688,318.32530120481925,14,0,1000000,3000,4
744928,744928,2979712,5624,111,444,609.0,0.0,609.0,689,689,333.39639639639637,14,0,1000000,3000,4
745078,745078,2980312,5625,150,600,1042.0,0.0,1042.0,1127,1127,524.4333333333333,23,0,1000000,3000,4
745339,745339,2981356,5626,261,1044,1300.0,0.0,1300.0,1409,1409,713.2528735632184,29,0,1000000,3000,4
745619,745619,2982476,5627,280,1120,1026.0,0.0,1026.0,1137,1137,664.2178571428572,23,0,1000000,3000,4
745812,745812,2983248,5628,193,772,1043.0,0.0,1043.0,1137,1137,642.3626943005181,23,0,1000000,3000,4
745848,745848,2983392,5629,36,144,248.0,0.0,248.0,312,312,149.27777777777777,7,0,1000000,3000,4
746080,746080,2984320,5630,232,928,764.0,0.0,764.0,867,867,552.0474137931035,18,0,1000000,3000,4
746585,746585,2986340,5631,505,2020,2314.0,0.0,2314.0,2469,2469,1240.8950495049505,50,0,1000000,3000,4
746871,746871,2987484,5632,286,1144,1910.0,0.0,1910.0,2025,2025,962.6888111888112,41,0,1000000,3000,4
746912,746912,2987648,5633,41,164,234.0,0.0,234.0,298,298,157.41463414634146,6,0,1000000,3000,4
747227,747227,2988908,5634,315,1260,1012.0,0.0,1012.0,1131,1131,639.8888888888889,23,0,1000000,3000,4
747267,747267,2989068,5635,40,160,245.0,0.0,245.0,310,310,140.85,7,0,1000000,3000,4
747503,747503,2990012,5636,236,944,1338.0,0.0,1338.0,1443,1443,654.6271186440678,29,0,1000000,3000,4
747613,747613,2990452,5637,110,440,646.0,0.0,646.0,722,722,364.6909090909091,15,0,1000000,3000,4
748111,748111,2992444,5638,498,1992,1256.0,0.0,1256.0,1410,1410,769.7951807228916,29,0,1000000,3000,4
748147,748147,2992588,5639,36,144,246.0,0.0,246.0,311,311,147.86111111111111,7,0,1000000,3000,4
748545,748545,2994180,5640,398,1592,1002.0,0.0,1002.0,1138,1138,660.9673366834171,23,0,1000000,3000,4
748651,748651,2994604,5641,106,424,633.0,0.0,633.0,711,711,336.57547169811323,15,0,1000000,3000,4
748702,748702,2994808,5642,51,204,217.0,0.0,217.0,283,283,154.33333333333334,6,0,1000000,3000,4
748860,748860,2995440,5643,158,632,744.0,0.0,744.0,832,832,505.5379746835443,17,0,1000000,3000,4
748954,748954,2995816,5644,94,376,599.0,0.0,599.0,675,675,396.9148936170213,14,0,1000000,3000,4
748993,748993,2995972,5645,39,156,241.0,0.0,241.0,305,305,141.35897435897436,7,0,1000000,3000,4
749147,749147,2996588,5646,154,616,637.0,0.0,637.0,722,722,474.65584415584414,15,0,1000000,3000,4
749378,749378,2997512,5647,231,924,1026.0,0.0,1026.0,1128,1128,596.5974025974026,23,0,1000000,3000,4
749422,749422,2997688,5648,44,176,228.0,0.0,228.0,292,292,156.20454545454547,6,0,1000000,3000,4
749467,749467,2997868,5649,45,180,216.0,0.0,216.0,282,282,165.95555555555555,6,0,1000000,3000,4
749723,749723,2998892,5650,256,1024,1301.0,0.0,1301.0,1409,1409,722.546875,29,0,1000000,3000,4
749761,749761,2999044,5651,38,152,243.0,0.0,243.0,307,307,150.81578947368422,7,0,1000000,3000,4
749997,749997,2999988,5652,236,944,1316.0,0.0,1316.0,1420,1420,711.1779661016949,29,0,1000000,3000,4
750166,750166,3000664,5653,169,676,725.0,0.0,725.0,815,815,466.2899408284024,17,0,1000000,3000,4
750212,750212,3000848,5654,46,184,215.0,0.0,215.0,280,280,167.45652173913044,6,0,1000000,3000,4
750470,750470,3001880,5655,258,1032,1017.0,0.0,1017.0,1124,1124,655.5271317829457,23,0,1000000,3000,4
750666,750666,3002664,5656,196,784,804.0,0.0,804.0,898,900,534.4336734693877,19,0,1000000,3000,4
750709,750709,3002836,5657,43,172,233.0,0.0,233.0,299,299,152.58139534883722,6,0,1000000,3000,4
750944,750944,3003776,5658,235,940,1133.0,0.0,1133.0,1237,1237,688.4638297872341,25,0,1000000,3000,4
751041,751041,3004164,5659,97,388,608.0,0.0,608.0,685,685,400.03092783505156,14,0,1000000,3000,4
751157,751157,3004628,5660,116,464,612.0,0.0,612.0,693,693,390.57758620689657,14,0,1000000,3000,4
751343,751343,3005372,5661,186,744,1322.0,0.0,1322.0,1415,1415,686.6559139784946,29,0,1000000,3000,4
751432,751432,3005728,5662,89,356,633.0,0.0,633.0,708,708,365.4831460674157,15,0,1000000,3000,4
751621,751621,3006484,5663,189,756,1340.0,0.0,1340.0,1435,1435,699.925925925926,29,0,1000000,3000,4
751742,751742,3006968,5664,121,484,595.0,0.0,595.0,675,675,379.504132231405,14,0,1000000,3000,4
751913,751913,3007652,5665,171,684,1346.0,0.0,1346.0,1438,1438,747.3099415204679,29,0,1000000,3000,4
751951,751951,3007804,5666,38,152,236.0,0.0,236.0,301,301,154.68421052631578,7,0,1000000,3000,4
751993,751993,3007972,5667,42,168,217.0,0.0,217.0,282,282,171.42857142857142,6,0,1000000,3000,4
752104,752104,3008416,5668,111,444,599.0,0.0,599.0,679,679,319.34234234234236,14,0,1000000,3000,4
752150,752150,3008600,5669,46,184,245.0,0.0,245.0,311,311,129.34782608695653,7,0,1000000,3000,4
752248,752248,3008992,5670,98,392,610.0,0.0,610.0,687,687,343.3061224489796,14,0,1000000,3000,4
752496,752496,3009984,5671,248,992,1322.0,0.0,1322.0,1429,1429,720.1451612903226,29,0,1000000,3000,4
752673,752673,3010692,5672,177,708,1033.0,0.0,1033.0,1124,1124,647.6779661016949,23,0,1000000,3000,4
752708,752708,3010832,5673,35,140,249.0,0.0,249.0,313,313,147.94285714285715,7,0,1000000,3000,4
753008,753008,3012032,5674,300,1200,1679.0,0.0,1679.0,1797,1797,812.9833333333333,36,0,1000000,3000,4
753245,753245,3012980,5675,237,948,1328.0,0.0,1328.0,1433,1433,726.506329113924,29,0,1000000,3000,4
753277,753277,3013108,5676,32,128,249.0,0.0,249.0,312,312,147.71875,7,0,1000000,3000,4
753445,753445,3013780,5677,168,672,1058.0,0.0,1058.0,1149,1149,591.2559523809524,23,0,1000000,3000,4
753648,753648,3014592,5678,203,812,1344.0,0.0,1344.0,1442,1442,663.0837438423646,29,0,1000000,3000,4
753759,753759,3015036,5679,111,444,613.0,0.0,613.0,693,693,348.1081081081081,14,0,1000000,3000,4
753938,753938,3015752,5680,179,716,1041.0,0.0,1041.0,1132,1132,634.9217877094972,23,0,1000000,3000,4
753977,753977,3015908,5681,39,156,237.0,0.0,237.0,301,301,155.10256410256412,7,0,1000000,3000,4
754057,754057,3016228,5682,80,320,637.0,0.0,637.0,709,709,373.5375,15,0,1000000,3000,4
754147,754147,3016588,5683,90,360,629.0,0.0,629.0,705,705,346.77777777777777,15,0,1000000,3000,4
754369,754369,3017476,5684,222,888,1423.0,0.0,1423.0,1525,1525,725.5675675675676,31,0,1000000,3000,4
754598,754598,3018392,5685,229,916,1312.0,0.0,1312.0,1413,1413,721.4847161572052,29,0,1000000,3000,4
754638,754638,3018552,5686,40,160,233.0,0.0,233.0,298,298,157.125,6,0,1000000,3000,4
754777,754777,3019108,5687,139,556,600.0,0.0,600.0,684,684,353.6978417266187,14,0,1000000,3000,4
754880,754880,3019520,5688,103,412,592.0,0.0,592.0,670,670,398.5339805825243,14,0,1000000,3000,4
754983,754983,3019932,5689,103,412,622.0,0.0,622.0,699,699,351.4271844660194,14,0,1000000,3000,4
755075,755075,3020300,5690,92,368,635.0,0.0,635.0,711,711,367.45652173913044,15,0,1000000,3000,4
755244,755244,3020976,5691,169,676,1049.0,0.0,1049.0,1138,1138,589.7751479289941,23,0,1000000,3000,4
755350,755350,3021400,5692,106,424,594.0,0.0,594.0,672,672,393.8018867924528,14,0,1000000,3000,4
755388,755388,3021552,5693,38,152,231.0,0.0,231.0,295,295,174.44736842105263,6,0,1000000,3000,4
755484,755484,3021936,5694,96,384,628.0,0.0,628.0,704,704,365.2395833333333,15,0,1000000,3000,4
755666,755666,3022664,5695,182,728,1039.0,0.0,1039.0,1131,1131,558.1318681318681,23,0,1000000,3000,4
755709,755709,3022836,5696,43,172,231.0,0.0,231.0,295,295,155.90697674418604,6,0,1000000,3000,4
755985,755985,3023940,5697,276,1104,1561.0,0.0,1561.0,1674,1674,811.8804347826087,34,0,1000000,3000,4
756028,756028,3024112,5698,43,172,225.0,0.0,225.0,290,290,164.97674418604652,6,0,1000000,3000,4
756116,756116,3024464,5699,88,352,622.0,0.0,622.0,697,697,359.22727272727275,14,0,1000000,3000,4
756294,756294,3025176,5700,178,712,1046.0,0.0,1046.0,1138,1138,572.3314606741573,23,0,1000000,3000,4
756399,756399,3025596,5701,105,420,624.0,0.0,624.0,701,701,356.64761904761906,15,0,1000000,3000,4
756496,756496,3025984,5702,97,388,624.0,0.0,624.0,700,700,391.0515463917526,15,0,1000000,3000,4
756537,756537,3026148,5703,41,164,234.0,0.0,234.0,300,300,155.2439024390244,7,0,1000000,3000,4
756756,756756,3027024,5704,219,876,772.0,0.0,772.0,871,871,518.5114155251141,18,0,1000000,3000,4
757005,757005,3028020,5705,249,996,1020.0,0.0,1020.0,1125,1125,623.1807228915662,23,0,1000000,3000,4
757050,757050,3028200,5706,45,180,222.0,0.0,222.0,287,287,161.9111111111111,6,0,1000000,3000,4
757242,757242,3028968,5707,192,768,1133.0,0.0,1133.0,1228,1228,599.8125,25,0,1000000,3000,4
757686,757686,3030744,5708,444,1776,1265.0,0.0,1265.0,1409,1409,782.5833333333334,29,0,1000000,3000,4
757730,757730,3030920,5709,44,176,225.0,0.0,225.0,289,289,167.1590909090909,6,0,1000000,3000,4
757834,757834,3031336,5710,104,416,616.0,0.0,616.0,694,694,382.0769230769231,14,0,1000000,3000,4
758187,758187,3032748,5711,353,1412,1668.0,0.0,1668.0,1796,1796,830.2691218130311,36,0,1000000,3000,4
758380,758380,3033520,5712,193,772,1320.0,0.0,1320.0,1413,1413,702.8860103626943,29,0,1000000,3000,4
758514,758514,3034056,5713,134,536,1044.0,0.0,1044.0,1126,1126,597.6417910447761,23,0,1000000,3000,4
758594,758594,3034376,5714,80,320,635.0,0.0,635.0,709,709,396.9625,15,0,1000000,3000,4
758695,758695,3034780,5715,101,404,621.0,0.0,621.0,699,699,366.8712871287129,14,0,1000000,3000,4
758730,758730,3034920,5716,35,140,247.0,0.0,247.0,311,311,149.2,7,0,1000000,3000,4
758969,758969,3035876,5717,239,956,1692.0,0.0,1692.0,1796,1796,873.8661087866109,36,0,1000000,3000,4
759098,759098,3036392,5718,129,516,1045.0,0.0,1045.0,1125,1125,595.2093023255813,23,0,1000000,3000,4
759136,759136,3036544,5719,38,152,243.0,0.0,243.0,307,307,154.81578947368422,7,0,1000000,3000,4
759227,759227,3036908,5720,91,364,608.0,0.0,608.0,684,684,335.31868131868134,14,0,1000000,3000,4
759313,759313,3037252,5721,86,344,633.0,0.0,633.0,707,707,382.01162790697674,15,0,1000000,3000,4
759396,759396,3037584,5722,83,332,638.0,0.0,638.0,711,711,361.8072289156627,15,0,1000000,3000,4
759434,759434,3037736,5723,38,152,230.0,0.0,230.0,295,295,165.89473684210526,6,0,1000000,3000,4
759483,759483,3037932,5724,49,196,219.0,0.0,219.0,285,285,156.26530612244898,6,0,1000000,3000,4
759514,759514,3038056,5725,31,124,251.0,0.0,251.0,315,315,153.74193548387098,7,0,1000000,3000,4
759680,759680,3038720,5726,166,664,634.0,0.0,634.0,722,723,454.6024096385542,15,0,1000000,3000,4
759851,759851,3039404,5727,171,684,1036.0,0.0,1036.0,1125,1125,585.5029239766081,23,0,1000000,3000,4
759898,759898,3039592,5728,47,188,234.0,0.0,234.0,301,301,144.7659574468085,7,0,1000000,3000,4
760036,760036,3040144,5729,138,552,640.0,0.0,640.0,722,722,520.2173913043479,15,0,1000000,3000,4
760257,760257,3041028,5730,221,884,1334.0,0.0,1334.0,1436,1436,679.8054298642534,29,0,1000000,3000,4
760331,760331,3041324,5731,74,296,619.0,0.0,619.0,691,691,329.4594594594595,14,0,1000000,3000,4
760435,760435,3041740,5732,104,416,629.0,0.0,629.0,706,706,375.38461538461536,15,0,1000000,3000,4
760581,760581,3042324,5733,146,584,1040.0,0.0,1040.0,1124,1125,590.9931506849315,23,0,1000000,3000,4
760623,760623,3042492,5734,42,168,232.0,0.0,232.0,297,297,156.4047619047619,6,0,1000000,3000,4
760798,760798,3043192,5735,175,700,761.0,0.0,761.0,852,852,511.8857142857143,18,0,1000000,3000,4
760955,760955,3043820,5736,157,628,731.0,0.0,731.0,819,819,485.3375796178344,17,0,1000000,3000,4
761043,761043,3044172,5737,88,352,611.0,0.0,611.0,685,685,400.0,14,0,1000000,3000,4
761086,761086,3044344,5738,43,172,230.0,0.0,230.0,294,294,156.69767441860466,6,0,1000000,3000,4
761316,761316,3045264,5739,230,920,1312.0,0.0,1312.0,1412,1412,733.8521739130434,29,0,1000000,3000,4
761486,761486,3045944,5740,170,680,1316.0,0.0,1316.0,1407,1407,680.6823529411764,29,0,1000000,3000,4
761670,761670,3046680,5741,184,736,1324.0,0.0,1324.0,1417,1417,785.1467391304348,29,0,1000000,3000,4
761780,761780,3047120,5742,110,440,606.0,0.0,606.0,684,684,387.6181818181818,14,0,1000000,3000,4
761815,761815,3047260,5743,35,140,233.0,0.0,233.0,297,297,167.5142857142857,6,0,1000000,3000,4
761855,761855,3047420,5744,40,160,242.0,0.0,242.0,308,308,146.225,7,0,1000000,3000,4
762012,762012,3048048,5745,157,628,1042.0,0.0,1042.0,1129,1129,562.2611464968153,23,0,1000000,3000,4
762049,762049,3048196,5746,37,148,242.0,0.0,242.0,306,306,151.32432432432432,7,0,1000000,3000,4
762086,762086,3048344,5747,37,148,240.0,0.0,240.0,305,305,154.59459459459458,7,0,1000000,3000,4
762300,762300,3049200,5748,214,856,1421.0,0.0,1421.0,1521,1521,774.481308411215,31,0,1000000,3000,4
762338,762338,3049352,5749,38,152,234.0,0.0,234.0,298,298,153.71052631578948,6,0,1000000,3000,4
762376,762376,3049504,5750,38,152,231.0,0.0,231.0,294,294,159.8684210526316,6,0,1000000,3000,4
762423,762423,3049692,5751,47,188,233.0,0.0,233.0,300,300,132.63829787234042,7,0,1000000,3000,4
762606,762606,3050424,5752,183,732,807.0,0.0,807.0,898,898,541.5191256830601,18,0,1000000,3000,4
762886,762886,3051544,5753,280,1120,1017.0,0.0,1017.0,1125,1125,603.9607142857143,23,0,1000000,3000,4
763025,763025,3052100,5754,139,556,592.0,0.0,592.0,676,676,367.9496402877698,14,0,1000000,3000,4
763058,763058,3052232,5755,33,132,250.0,0.0,250.0,314,314,146.03030303030303,7,0,1000000,3000,4
763216,763216,3052864,5756,158,632,812.0,0.0,812.0,898,899,567.6835443037975,18,0,1000000,3000,4
763314,763314,3053256,5757,98,392,633.0,0.0,633.0,710,710,354.57142857142856,15,0,1000000,3000,4
763561,763561,3054244,5758,247,988,707.0,0.0,707.0,812,812,569.0364372469636,17,0,1000000,3000,4
763662,763662,3054648,5759,101,404,605.0,0.0,605.0,682,682,395.74257425742576,14,0,1000000,3000,4
763708,763708,3054832,5760,46,184,230.0,0.0,230.0,295,295,152.30434782608697,6,0,1000000,3000,4
763742,763742,3054968,5761,34,136,250.0,0.0,250.0,314,314,153.58823529411765,7,0,1000000,3000,4
763925,763925,3055700,5762,183,732,631.0,0.0,631.0,722,722,454.8469945355191,15,0,1000000,3000,4
764138,764138,3056552,5763,213,852,1026.0,0.0,1026.0,1124,1124,561.7230046948357,23,0,1000000,3000,4
764247,764247,3056988,5764,109,436,613.0,0.0,613.0,691,691,354.1651376146789,14,0,1000000,3000,4
764364,764364,3057456,5765,117,468,605.0,0.0,605.0,685,685,375.9145299145299,14,0,1000000,3000,4
764445,764445,3057780,5766,81,324,212.0,0.0,212.0,285,285,123.76543209876543,6,0,1000000,3000,4
764480,764480,3057920,5767,35,140,249.0,0.0,249.0,312,312,153.2,7,0,1000000,3000,4
764625,764625,3058500,5768,145,580,603.0,0.0,603.0,688,688,349.4758620689655,14,0,1000000,3000,4
764856,764856,3059424,5769,231,924,1034.0,0.0,1034.0,1137,1137,605.4935064935065,23,0,1000000,3000,4
764983,764983,3059932,5770,127,508,602.0,0.0,602.0,685,685,363.8346456692913,14,0,1000000,3000,4
765215,765215,3060860,5771,232,928,1022.0,0.0,1022.0,1124,1124,626.7586206896551,23,0,1000000,3000,4
765263,765263,3061052,5772,48,192,224.0,0.0,224.0,290,290,148.60416666666666,6,0,1000000,3000,4
765302,765302,3061208,5773,39,156,242.0,0.0,242.0,307,307,143.10256410256412,7,0,1000000,3000,4
765344,765344,3061376,5774,42,168,234.0,0.0,234.0,299,299,154.0,6,0,1000000,3000,4
765470,765470,3061880,5775,126,504,608.0,0.0,608.0,690,690,339.04761904761904,14,0,1000000,3000,4
765516,765516,3062064,5776,46,184,231.0,0.0,231.0,297,297,147.54347826086956,6,0,1000000,3000,4
765659,765659,3062636,5777,143,572,1043.0,0.0,1043.0,1126,1126,563.5944055944055,23,0,1000000,3000,4
765701,765701,3062804,5778,42,168,231.0,0.0,231.0,295,295,154.6904761904762,6,0,1000000,3000,4
765798,765798,3063192,5779,97,388,604.0,0.0,604.0,680,680,393.4742268041237,14,0,1000000,3000,4
765839,765839,3063356,5780,41,164,236.0,0.0,236.0,302,302,147.3170731707317,7,0,1000000,3000,4
765952,765952,3063808,5781,113,452,604.0,0.0,604.0,683,683,349.69026548672565,14,0,1000000,3000,4
766144,766144,3064576,5782,192,768,728.0,0.0,728.0,824,824,491.0625,17,0,1000000,3000,4
766242,766242,3064968,5783,98,392,630.0,0.0,630.0,705,705,377.9183673469388,15,0,1000000,3000,4
766285,766285,3065140,5784,43,172,234.0,0.0,234.0,298,298,145.90697674418604,6,0,1000000,3000,4
766322,766322,3065288,5785,37,148,243.0,0.0,243.0,307,307,155.24324324324326,7,0,1000000,3000,4
766360,766360,3065440,5786,38,152,245.0,0.0,245.0,309,309,146.31578947368422,7,0,1000000,3000,4
766402,766402,3065608,5787,42,168,230.0,0.0,230.0,295,295,157.0952380952381,6,0,1000000,3000,4
766577,766577,3066308,5788,175,700,1046.0,0.0,1046.0,1137,1137,578.8514285714285,23,0,1000000,3000,4
766669,766669,3066676,5789,92,368,607.0,0.0,607.0,683,683,335.29347826086956,14,0,1000000,3000,4
767294,767294,3069176,5790,625,2500,2291.0,0.0,2291.0,2471,2471,1295.6192,50,0,1000000,3000,4
767380,767380,3069520,5791,86,344,614.0,0.0,614.0,689,689,337.1162790697674,14,0,1000000,3000,4
767747,767747,3070988,5792,367,1468,1272.0,0.0,1272.0,1402,1402,790.1307901907356,29,0,1000000,3000,4
767955,767955,3071820,5793,208,832,802.0,0.0,802.0,898,898,561.1442307692307,18,0,1000000,3000,4
767994,767994,3071976,5794,39,156,236.0,0.0,236.0,301,301,153.76923076923077,7,0,1000000,3000,4
768031,768031,3072124,5795,37,148,242.0,0.0,242.0,307,307,153.21621621621622,7,0,1000000,3000,4
768250,768250,3073000,5796,219,876,1316.0,0.0,1316.0,1415,1415,739.4566210045662,29,0,1000000,3000,4
768289,768289,3073156,5797,39,156,233.0,0.0,233.0,298,298,157.48717948717947,6,0,1000000,3000,4
768330,768330,3073320,5798,41,164,222.0,0.0,222.0,287,287,169.5121951219512,6,0,1000000,3000,4
768424,768424,3073696,5799,94,376,627.0,0.0,627.0,703,703,373.1595744680851,15,0,1000000,3000,4
768680,768680,3074720,5800,256,1024,1329.0,0.0,1329.0,1438,1438,704.8203125,29,0,1000000,3000,4
768796,768796,3075184,5801,116,464,600.0,0.0,600.0,680,680,389.4051724137931,14,0,1000000,3000,4
769079,769079,3076316,5802,283,1132,1014.0,0.0,1014.0,1126,1126,622.1837455830389,23,0,1000000,3000,4
769181,769181,3076724,5803,102,408,607.0,0.0,607.0,684,684,388.51960784313724,14,0,1000000,3000,4
769215,769215,3076860,5804,34,136,245.0,0.0,245.0,309,309,152.85294117647058,7,0,1000000,3000,4
769384,769384,3077536,5805,169,676,1049.0,0.0,1049.0,1139,1139,629.0118343195267,23,0,1000000,3000,4
769542,769542,3078168,5806,158,632,812.0,0.0,812.0,898,899,525.2151898734177,18,0,1000000,3000,4
769575,769575,3078300,5807,33,132,251.0,0.0,251.0,315,315,153.66666666666666,7,0,1000000,3000,4
769786,769786,3079144,5808,211,844,1419.0,0.0,1419.0,1518,1518,760.2890995260664,31,0,1000000,3000,4
769868,769868,3079472,5809,82,328,626.0,0.0,626.0,700,700,397.9268292682927,15,0,1000000,3000,4
769912,769912,3079648,5810,44,176,226.0,0.0,226.0,292,292,161.3409090909091,6,0,1000000,3000,4
770144,770144,3080576,5811,232,928,1024.0,0.0,1024.0,1126,1126,671.9181034482758,23,0,1000000,3000,4
770176,770176,3080704,5812,32,128,252.0,0.0,252.0,316,316,147.78125,7,0,1000000,3000,4
770342,770342,3081368,5813,166,664,1338.0,0.0,1338.0,1429,1429,722.8373493975904,29,0,1000000,3000,4
770370,770370,3081480,5814,28,112,249.0,0.0,249.0,312,312,157.10714285714286,7,0,1000000,3000,4
770405,770405,3081620,5815,35,140,248.0,0.0,248.0,312,312,155.05714285714285,7,0,1000000,3000,4
770481,770481,3081924,5816,76,304,616.0,0.0,616.0,688,688,356.60526315789474,14,0,1000000,3000,4
770550,770550,3082200,5817,69,276,601.0,0.0,601.0,672,672,328.8550724637681,14,0,1000000,3000,4
770590,770590,3082360,5818,40,160,223.0,0.0,223.0,287,287,174.55,6,0,1000000,3000,4
770621,770621,3082484,5819,31,124,247.0,0.0,247.0,310,310,160.6451612903226,7,0,1000000,3000,4
770763,770763,3083052,5820,142,568,815.0,0.0,815.0,898,898,543.2957746478874,18,0,1000000,3000,4
770960,770960,3083840,5821,197,788,1321.0,0.0,1321.0,1417,1417,685.0355329949239,29,0,1000000,3000,4
771177,771177,3084708,5822,217,868,1050.0,0.0,1050.0,1151,1151,608.6728110599079,24,0,1000000,3000,4
771284,771284,3085136,5823,107,428,614.0,0.0,614.0,691,691,383.50467289719626,14,0,1000000,3000,4
771322,771322,3085288,5824,38,152,239.0,0.0,239.0,303,303,155.97368421052633,7,0,1000000,3000,4
771416,771416,3085664,5825,94,376,627.0,0.0,627.0,703,703,360.8510638297872,15,0,1000000,3000,4
771455,771455,3085820,5826,39,156,228.0,0.0,228.0,293,293,163.97435897435898,6,0,1000000,3000,4
771710,771710,3086840,5827,255,1020,1024.0,0.0,1024.0,1132,1132,616.8470588235294,23,0,1000000,3000,4
771746,771746,3086984,5828,36,144,228.0,0.0,228.0,293,293,169.41666666666666,6,0,1000000,3000,4
771939,771939,3087756,5829,193,772,1058.0,0.0,1058.0,1154,1154,609.8445595854922,24,0,1000000,3000,4
772111,772111,3088444,5830,172,688,809.0,0.0,809.0,898,898,573.5930232558139,18,0,1000000,3000,4
772147,772147,3088588,5831,36,144,246.0,0.0,246.0,311,311,151.66666666666666,7,0,1000000,3000,4
772285,772285,3089140,5832,138,552,1047.0,0.0,1047.0,1130,1130,612.8115942028985,23,0,1000000,3000,4
772433,772433,3089732,5833,148,592,1045.0,0.0,1045.0,1130,1130,579.2702702702703,23,0,1000000,3000,4
772519,772519,3090076,5834,86,344,617.0,0.0,617.0,692,692,351.4186046511628,14,0,1000000,3000,4
772719,772719,3090876,5835,200,800,1428.0,0.0,1428.0,1525,1525,745.515,31,0,1000000,3000,4
772957,772957,3091828,5836,238,952,1048.0,0.0,1048.0,1153,1153,723.0714285714286,24,0,1000000,3000,4
773054,773054,3092216,5837,97,388,632.0,0.0,632.0,709,709,368.9484536082474,15,0,1000000,3000,4
773232,773232,3092928,5838,178,712,1329.0,0.0,1329.0,1422,1422,710.4550561797753,29,0,1000000,3000,4
773392,773392,3093568,5839,160,640,1041.0,0.0,1041.0,1129,1129,640.4375,23,0,1000000,3000,4
773550,773550,3094200,5840,158,632,1042.0,0.0,1042.0,1129,1129,635.9050632911392,23,0,1000000,3000,4
773585,773585,3094340,5841,35,140,233.0,0.0,233.0,297,297,172.82857142857142,6,0,1000000,3000,4
773614,773614,3094456,5842,29,116,246.0,0.0,246.0,309,309,161.44827586206895,7,0,1000000,3000,4
773649,773649,3094596,5843,35,140,247.0,0.0,247.0,312,312,151.4,7,0,1000000,3000,4
773677,773677,3094708,5844,28,112,248.0,0.0,248.0,311,311,155.82142857142858,7,0,1000000,3000,4
773714,773714,3094856,5845,37,148,235.0,0.0,235.0,299,299,166.35135135135135,6,0,1000000,3000,4
773864,773864,3095456,5846,150,600,637.0,0.0,637.0,722,723,518.0733333333334,15,0,1000000,3000,4
773898,773898,3095592,5847,34,136,238.0,0.0,238.0,301,301,168.0,7,0,1000000,3000,4
773939,773939,3095756,5848,41,164,232.0,0.0,232.0,297,297,156.21951219512195,6,0,1000000,3000,4
773979,773979,3095916,5849,40,160,230.0,0.0,230.0,295,295,160.125,6,0,1000000,3000,4
774007,774007,3096028,5850,28,112,251.0,0.0,251.0,314,314,158.07142857142858,7,0,1000000,3000,4
774102,774102,3096408,5851,95,380,624.0,0.0,624.0,701,701,392.2526315789474,15,0,1000000,3000,4
774200,774200,3096800,5852,98,392,620.0,0.0,620.0,697,697,363.61224489795916,14,0,1000000,3000,4
774229,774229,3096916,5853,29,116,248.0,0.0,248.0,311,311,157.13793103448276,7,0,1000000,3000,4
774392,774392,3097568,5854,163,652,811.0,0.0,811.0,898,898,589.3128834355829,18,0,1000000,3000,4
774430,774430,3097720,5855,38,152,240.0,0.0,240.0,305,305,147.81578947368422,7,0,1000000,3000,4
774509,774509,3098036,5856,79,316,621.0,0.0,621.0,694,694,370.8607594936709,14,0,1000000,3000,4
774599,774599,3098396,5857,90,360,736.0,0.0,736.0,812,812,391.5444444444444,17,0,1000000,3000,4
774699,774699,3098796,5858,100,400,634.0,0.0,634.0,711,711,382.56,15,0,1000000,3000,4
774868,774868,3099472,5859,169,676,1149.0,0.0,1149.0,1240,1240,650.7396449704142,25,0,1000000,3000,4
775077,775077,3100308,5860,209,836,1030.0,0.0,1030.0,1127,1127,604.6459330143541,23,0,1000000,3000,4
775168,775168,3100672,5861,91,364,637.0,0.0,637.0,713,713,368.72527472527474,15,0,1000000,3000,4
775423,775423,3101692,5862,255,1020,1558.0,0.0,1558.0,1666,1666,791.278431372549,34,0,1000000,3000,4
775529,775529,3102116,5863,106,424,618.0,0.0,618.0,696,696,385.85849056603774,14,0,1000000,3000,4
775692,775692,3102768,5864,163,652,595.0,0.0,595.0,684,684,472.0858895705521,14,0,1000000,3000,4
775784,775784,3103136,5865,92,368,616.0,0.0,616.0,692,692,384.7717391304348,14,0,1000000,3000,4
775818,775818,3103272,5866,34,136,245.0,0.0,245.0,307,307,163.8235294117647,7,0,1000000,3000,4
775850,775850,3103400,5867,32,128,239.0,0.0,239.0,303,303,165.21875,7,0,1000000,3000,4
775890,775890,3103560,5868,40,160,233.0,0.0,233.0,297,297,162.775,6,0,1000000,3000,4
776094,776094,3104376,5869,204,816,717.0,0.0,717.0,815,815,550.1666666666666,17,0,1000000,3000,4
776184,776184,3104736,5870,90,360,636.0,0.0,636.0,711,711,380.3888888888889,15,0,1000000,3000,4
776224,776224,3104896,5871,40,160,229.0,0.0,229.0,295,295,165.775,6,0,1000000,3000,4
776262,776262,3105048,5872,38,152,236.0,0.0,236.0,299,299,162.55263157894737,6,0,1000000,3000,4
776557,776557,3106228,5873,295,1180,1014.0,0.0,1014.0,1129,1129,693.1355932203389,23,0,1000000,3000,4
777027,777027,3108108,5874,470,1880,1261.0,0.0,1261.0,1410,1410,740.0148936170212,29,0,1000000,3000,4
777064,777064,3108256,5875,37,148,240.0,0.0,240.0,304,304,155.1081081081081,7,0,1000000,3000,4
777103,777103,3108412,5876,39,156,238.0,0.0,238.0,303,303,157.89743589743588,7,0,1000000,3000,4
777200,777200,3108800,5877,97,388,610.0,0.0,610.0,685,685,384.63917525773195,14,0,1000000,3000,4
777244,777244,3108976,5878,44,176,223.0,0.0,223.0,288,288,162.5681818181818,6,0,1000000,3000,4
777469,777469,3109876,5879,225,900,1310.0,0.0,1310.0,1411,1411,717.6088888888889,29,0,1000000,3000,4
777574,777574,3110296,5880,105,420,619.0,0.0,619.0,698,698,380.9904761904762,14,0,1000000,3000,4
777697,777697,3110788,5881,123,492,584.0,0.0,584.0,666,666,398.1626016260163,14,0,1000000,3000,4
777794,777794,3111176,5882,97,388,620.0,0.0,620.0,697,697,371.49484536082474,14,0,1000000,3000,4
777839,777839,3111356,5883,45,180,220.0,0.0,220.0,286,286,168.6,6,0,1000000,3000,4
777878,777878,3111512,5884,39,156,233.0,0.0,233.0,297,297,162.2051282051282,6,0,1000000,3000,4
777912,777912,3111648,5885,34,136,239.0,0.0,239.0,303,303,157.14705882352942,7,0,1000000,3000,4
778192,778192,3112768,5886,280,1120,752.0,0.0,752.0,865,865,598.4428571428572,18,0,1000000,3000,4
778353,778353,3113412,5887,161,644,1040.0,0.0,1040.0,1128,1128,619.9627329192547,23,0,1000000,3000,4
778557,778557,3114228,5888,204,816,1332.0,0.0,1332.0,1430,1430,696.5539215686274,29,0,1000000,3000,4
778632,778632,3114528,5889,75,300,617.0,0.0,617.0,689,689,351.73333333333335,14,0,1000000,3000,4
778704,778704,3114816,5890,72,288,636.0,0.0,636.0,707,707,388.09722222222223,15,0,1000000,3000,4
778921,778921,3115684,5891,217,868,1027.0,0.0,1027.0,1125,1125,647.5990783410139,23,0,1000000,3000,4
779167,779167,3116668,5892,246,984,1128.0,0.0,1128.0,1234,1234,688.7845528455284,25,0,1000000,3000,4
779341,779341,3117364,5893,174,696,1336.0,0.0,1336.0,1428,1428,668.051724137931,29,0,1000000,3000,4
779418,779418,3117672,5894,77,308,634.0,0.0,634.0,707,707,387.02597402597405,15,0,1000000,3000,4
779447,779447,3117788,5895,29,116,248.0,0.0,248.0,311,311,156.82758620689654,7,0,1000000,3000,4
779486,779486,3117944,5896,39,156,237.0,0.0,237.0,301,301,163.89743589743588,7,0,1000000,3000,4
779516,779516,3118064,5897,30,120,248.0,0.0,248.0,311,311,155.8,7,0,1000000,3000,4
779728,779728,3118912,5898,212,848,1334.0,0.0,1334.0,1434,1434,682.9858490566038,29,0,1000000,3000,4
779759,779759,3119036,5899,31,124,241.0,0.0,241.0,304,304,168.70967741935485,7,0,1000000,3000,4
779790,779790,3119160,5900,31,124,248.0,0.0,248.0,312,312,154.16129032258064,7,0,1000000,3000,4
780040,780040,3120160,5901,250,1000,1024.0,0.0,1024.0,1129,1129,665.336,23,0,1000000,3000,4
780194,780194,3120776,5902,154,616,1334.0,0.0,1334.0,1422,1422,671.3831168831168,29,0,1000000,3000,4
780227,780227,3120908,5903,33,132,252.0,0.0,252.0,316,316,150.6060606060606,7,0,1000000,3000,4
780402,780402,3121608,5904,175,700,1332.0,0.0,1332.0,1422,1422,721.0742857142857,29,0,1000000,3000,4
780440,780440,3121760,5905,38,152,233.0,0.0,233.0,298,298,162.10526315789474,6,0,1000000,3000,4
780623,780623,3122492,5906,183,732,1570.0,0.0,1570.0,1664,1664,836.9125683060109,34,0,1000000,3000,4
780660,780660,3122640,5907,37,148,237.0,0.0,237.0,302,302,152.16216216216216,7,0,1000000,3000,4
780699,780699,3122796,5908,39,156,231.0,0.0,231.0,296,296,154.17948717948718,6,0,1000000,3000,4
780735,780735,3122940,5909,36,144,234.0,0.0,234.0,299,299,168.36111111111111,6,0,1000000,3000,4
780917,780917,3123668,5910,182,728,1315.0,0.0,1315.0,1408,1408,709.5604395604396,29,0,1000000,3000,4
781145,781145,3124580,5911,228,912,798.0,0.0,798.0,898,898,684.5131578947369,18,0,1000000,3000,4
781471,781471,3125884,5912,326,1304,1008.0,0.0,1008.0,1129,1129,680.282208588957,23,0,1000000,3000,4
781571,781571,3126284,5913,100,400,602.0,0.0,602.0,679,679,396.98,14,0,1000000,3000,4
781677,781677,3126708,5914,106,424,608.0,0.0,608.0,685,685,382.42452830188677,14,0,1000000,3000,4
781711,781711,3126844,5915,34,136,236.0,0.0,236.0,300,300,161.52941176470588,7,0,1000000,3000,4
781800,781800,3127200,5916,89,356,616.0,0.0,616.0,691,691,347.2696629213483,14,0,1000000,3000,4
782087,782087,3128348,5917,287,1148,1923.0,0.0,1923.0,2037,2037,1028.8048780487804,41,0,1000000,3000,4
782186,782186,3128744,5918,99,396,623.0,0.0,623.0,700,700,364.32323232323233,15,0,1000000,3000,4
782517,782517,3130068,5919,331,1324,1007.0,0.0,1007.0,1130,1130,717.5377643504531,23,0,1000000,3000,4
782677,782677,3130708,5920,160,640,1039.0,0.0,1039.0,1126,1126,543.15625,23,0,1000000,3000,4
782707,782707,3130828,5921,30,120,245.0,0.0,245.0,308,308,157.4,7,0,1000000,3000,4
782740,782740,3130960,5922,33,132,244.0,0.0,244.0,307,307,165.4848484848485,7,0,1000000,3000,4
782775,782775,3131100,5923,35,140,244.0,0.0,244.0,309,309,149.54285714285714,7,0,1000000,3000,4
782988,782988,3131952,5924,213,852,1302.0,0.0,1302.0,1401,1401,681.962441314554,29,0,1000000,3000,4
783083,783083,3132332,5925,95,380,601.0,0.0,601.0,676,676,388.7894736842105,14,0,1000000,3000,4
783180,783180,3132720,5926,97,388,597.0,0.0,597.0,673,673,403.82474226804123,14,0,1000000,3000,4
783260,783260,3133040,5927,80,320,652.0,0.0,652.0,722,722,372.4625,15,0,1000000,3000,4
783358,783358,3133432,5928,98,392,619.0,0.0,619.0,696,696,369.6020408163265,14,0,1000000,3000,4
783399,783399,3133596,5929,41,164,232.0,0.0,232.0,297,297,160.6341463414634,6,0,1000000,3000,4
783541,783541,3134164,5930,142,568,1041.0,0.0,1041.0,1124,1124,601.9788732394367,23,0,1000000,3000,4
783753,783753,3135012,5931,212,848,1037.0,0.0,1037.0,1136,1136,589.9858490566038,23,0,1000000,3000,4
784094,784094,3136376,5932,341,1364,1823.0,0.0,1823.0,1949,1949,965.2991202346041,39,0,1000000,3000,4
784133,784133,3136532,5933,39,156,232.0,0.0,232.0,296,296,162.23076923076923,6,0,1000000,3000,4
784173,784173,3136692,5934,40,160,230.0,0.0,230.0,295,295,160.0,6,0,1000000,3000,4
784272,784272,3137088,5935,99,396,614.0,0.0,614.0,691,691,336.8686868686869,14,0,1000000,3000,4
784586,784586,3138344,5936,314,1256,1292.0,0.0,1292.0,1411,1411,722.3566878980891,29,0,1000000,3000,4
784711,784711,3138844,5937,125,500,592.0,0.0,592.0,673,673,383.416,14,0,1000000,3000,4
784748,784748,3138992,5938,37,148,231.0,0.0,231.0,295,295,163.54054054054055,6,0,1000000,3000,4
784789,784789,3139156,5939,41,164,231.0,0.0,231.0,295,295,161.21951219512195,6,0,1000000,3000,4
784830,784830,3139320,5940,41,164,229.0,0.0,229.0,295,295,157.17073170731706,6,0,1000000,3000,4
785036,785036,3140144,5941,206,824,1040.0,0.0,1040.0,1137,1137,599.8689320388349,23,0,1000000,3000,4
785072,785072,3140288,5942,36,144,233.0,0.0,233.0,298,298,171.19444444444446,6,0,1000000,3000,4
785250,785250,3141000,5943,178,712,1038.0,0.0,1038.0,1130,1130,531.7528089887641,23,0,1000000,3000,4
785291,785291,3141164,5944,41,164,229.0,0.0,229.0,294,294,155.97560975609755,6,0,1000000,3000,4
785335,785335,3141340,5945,44,176,222.0,0.0,222.0,287,287,166.5,6,0,1000000,3000,4
785374,785374,3141496,5946,39,156,234.0,0.0,234.0,298,298,159.05128205128204,6,0,1000000,3000,4
785567,785567,3142268,5947,193,772,1037.0,0.0,1037.0,1131,1131,640.1088082901555,23,0,1000000,3000,4
785678,785678,3142712,5948,111,444,609.0,0.0,609.0,689,689,371.07207207207205,14,0,1000000,3000,4
785853,785853,3143412,5949,175,700,1336.0,0.0,1336.0,1429,1429,645.9371428571428,29,0,1000000,3000,4
785978,785978,3143912,5950,125,500,598.0,0.0,598.0,680,680,408.808,14,0,1000000,3000,4
786093,786093,3144372,5951,115,460,603.0,0.0,603.0,683,683,401.9304347826087,14,0,1000000,3000,4
786219,786219,3144876,5952,126,504,742.0,0.0,742.0,824,824,498.4761904761905,17,0,1000000,3000,4
786386,786386,3145544,5953,167,668,1037.0,0.0,1037.0,1125,1125,625.5149700598803,23,0,1000000,3000,4
786420,786420,3145680,5954,34,136,249.0,0.0,249.0,313,313,151.23529411764707,7,0,1000000,3000,4
786563,786563,3146252,5955,143,572,1344.0,0.0,1344.0,1430,1430,699.3846153846154,29,0,1000000,3000,4
786686,786686,3146744,5956,123,492,1048.0,0.0,1048.0,1128,1128,592.2032520325204,23,0,1000000,3000,4
786727,786727,3146908,5957,41,164,233.0,0.0,233.0,297,297,161.3658536585366,6,0,1000000,3000,4
786764,786764,3147056,5958,37,148,237.0,0.0,237.0,302,302,157.8918918918919,7,0,1000000,3000,4
786866,786866,3147464,5959,102,408,733.0,0.0,733.0,811,811,370.0882352941176,17,0,1000000,3000,4
787092,787092,3148368,5960,226,904,1337.0,0.0,1337.0,1440,1440,717.3451327433628,29,0,1000000,3000,4
787252,787252,3149008,5961,160,640,618.0,0.0,618.0,706,706,459.9625,15,0,1000000,3000,4
787558,787558,3150232,5962,306,1224,1009.0,0.0,1009.0,1126,1126,771.3627450980392,23,0,1000000,3000,4
787591,787591,3150364,5963,33,132,250.0,0.0,250.0,314,314,150.75757575757575,7,0,1000000,3000,4
787805,787805,3151220,5964,214,856,1553.0,0.0,1553.0,1652,1652,822.5841121495328,34,0,1000000,3000,4
787842,787842,3151368,5965,37,148,242.0,0.0,242.0,307,307,154.02702702702703,7,0,1000000,3000,4
787873,787873,3151492,5966,31,124,248.0,0.0,248.0,312,312,160.51612903225808,7,0,1000000,3000,4
787960,787960,3151840,5967,87,348,637.0,0.0,637.0,711,711,384.98850574712645,15,0,1000000,3000,4
788148,788148,3152592,5968,188,752,769.0,0.0,769.0,863,863,515.8829787234042,18,0,1000000,3000,4
788251,788251,3153004,5969,103,412,630.0,0.0,630.0,707,707,374.3980582524272,15,0,1000000,3000,4
788288,788288,3153152,5970,37,148,241.0,0.0,241.0,305,305,160.64864864864865,7,0,1000000,3000,4
788437,788437,3153748,5971,149,596,748.0,0.0,748.0,835,835,510.9261744966443,17,0,1000000,3000,4
788476,788476,3153904,5972,39,156,242.0,0.0,242.0,307,307,152.23076923076923,7,0,1000000,3000,4
788716,788716,3154864,5973,240,960,1306.0,0.0,1306.0,1411,1411,731.4458333333333,29,0,1000000,3000,4
788818,788818,3155272,5974,102,408,627.0,0.0,627.0,705,705,382.3137254901961,15,0,1000000,3000,4
788913,788913,3155652,5975,95,380,634.0,0.0,634.0,711,711,368.7263157894737,15,0,1000000,3000,4
789066,789066,3156264,5976,153,612,725.0,0.0,725.0,812,812,497.01307189542484,17,0,1000000,3000,4
789250,789250,3157000,5977,184,736,1036.0,0.0,1036.0,1128,1128,595.0760869565217,23,0,1000000,3000,4
789353,789353,3157412,5978,103,412,625.0,0.0,625.0,702,702,377.6601941747573,15,0,1000000,3000,4
789519,789519,3158076,5979,166,664,770.0,0.0,770.0,861,861,539.277108433735,18,0,1000000,3000,4
789618,789618,3158472,5980,99,396,603.0,0.0,603.0,680,680,390.5353535353535,14,0,1000000,3000,4
789698,789698,3158792,5981,80,320,629.0,0.0,629.0,702,702,359.575,15,0,1000000,3000,4
789937,789937,3159748,5982,239,956,1025.0,0.0,1025.0,1128,1128,625.1171548117155,23,0,1000000,3000,4
789970,789970,3159880,5983,33,132,239.0,0.0,239.0,302,302,158.72727272727272,7,0,1000000,3000,4
790001,790001,3160004,5984,31,124,248.0,0.0,248.0,311,311,160.80645161290323,7,0,1000000,3000,4
790274,790274,3161096,5985,273,1092,1297.0,0.0,1297.0,1408,1408,735.6483516483516,29,0,1000000,3000,4
790419,790419,3161676,5986,145,580,748.0,0.0,748.0,833,833,484.4689655172414,17,0,1000000,3000,4
790526,790526,3162104,5987,107,428,599.0,0.0,599.0,677,677,378.2616822429907,14,0,1000000,3000,4
790617,790617,3162468,5988,91,364,602.0,0.0,602.0,677,677,412.43956043956047,14,0,1000000,3000,4
790738,790738,3162952,5989,121,484,1070.0,0.0,1070.0,1152,1152,569.6363636363636,24,0,1000000,3000,4
790773,790773,3163092,5990,35,140,244.0,0.0,244.0,309,309,155.02857142857144,7,0,1000000,3000,4
790811,790811,3163244,5991,38,152,239.0,0.0,239.0,303,303,155.57894736842104,7,0,1000000,3000,4
791036,791036,3164144,5992,225,900,1408.0,0.0,1408.0,1509,1509,779.5066666666667,31,0,1000000,3000,4
791140,791140,3164560,5993,104,416,633.0,0.0,633.0,710,710,362.78846153846155,15,0,1000000,3000,4
791334,791334,3165336,5994,194,776,1337.0,0.0,1337.0,1433,1433,729.8505154639175,29,0,1000000,3000,4
791531,791531,3166124,5995,197,788,1320.0,0.0,1320.0,1415,1415,696.1979695431472,29,0,1000000,3000,4
791876,791876,3167504,5996,345,1380,1660.0,0.0,1660.0,1785,1785,868.4927536231884,36,0,1000000,3000,4
792056,792056,3168224,5997,180,720,808.0,0.0,808.0,898,899,506.6722222222222,18,0,1000000,3000,4
792305,792305,3169220,5998,249,996,727.0,0.0,727.0,834,834,598.7991967871486,17,0,1000000,3000,4
792507,792507,3170028,5999,202,808,1033.0,0.0,1033.0,1129,1129,697.7178217821782,23,0,1000000,3000,4
792592,792592,3170368,6000,85,340,632.0,0.0,632.0,706,706,377.74117647058824,15,0,1000000,3000,4
792666,792666,3170664,6001,74,296,614.0,0.0,614.0,686,686,324.6216216216216,14,0,1000000,3000,4
792805,792805,3171220,6002,139,556,816.0,0.0,816.0,898,898,568.1079136690647,18,0,1000000,3000,4
793000,793000,3172000,6003,195,780,1323.0,0.0,1323.0,1418,1418,710.1846153846154,29,0,1000000,3000,4
793084,793084,3172336,6004,84,336,607.0,0.0,607.0,681,681,335.01190476190476,14,0,1000000,3000,4
793117,793117,3172468,6005,33,132,245.0,0.0,245.0,306,306,158.75757575757575,7,0,1000000,3000,4
793150,793150,3172600,6006,33,132,251.0,0.0,251.0,314,314,151.75757575757575,7,0,1000000,3000,4
793182,793182,3172728,6007,32,128,245.0,0.0,245.0,308,308,157.5625,7,0,1000000,3000,4
793223,793223,3172892,6008,41,164,224.0,0.0,224.0,289,289,164.09756097560975,6,0,1000000,3000,4
793260,793260,3173040,6009,37,148,241.0,0.0,241.0,305,305,151.21621621621622,7,0,1000000,3000,4
793296,793296,3173184,6010,36,144,235.0,0.0,235.0,300,300,156.66666666666666,7,0,1000000,3000,4
793519,793519,3174076,6011,223,892,1049.0,0.0,1049.0,1151,1151,638.5515695067264,24,0,1000000,3000,4
793553,793553,3174212,6012,34,136,250.0,0.0,250.0,314,314,153.35294117647058,7,0,1000000,3000,4
793632,793632,3174528,6013,79,316,613.0,0.0,613.0,685,685,337.67088607594934,14,0,1000000,3000,4
793850,793850,3175400,6014,218,872,1840.0,0.0,1840.0,1941,1941,986.7201834862385,39,0,1000000,3000,4
794025,794025,3176100,6015,175,700,1037.0,0.0,1037.0,1126,1126,576.4571428571429,23,0,1000000,3000,4
794204,794204,3176816,6016,179,716,1038.0,0.0,1038.0,1129,1129,565.5418994413408,23,0,1000000,3000,4
794454,794454,3177816,6017,250,1000,692.0,0.0,692.0,799,799,545.212,16,0,1000000,3000,4
794539,794539,3178156,6018,85,340,651.0,0.0,651.0,722,722,388.3529411764706,15,0,1000000,3000,4
794681,794681,3178724,6019,142,568,752.0,0.0,752.0,837,837,472.38028169014086,17,0,1000000,3000,4
794868,794868,3179472,6020,187,748,1042.0,0.0,1042.0,1136,1136,590.2941176470588,23,0,1000000,3000,4
795074,795074,3180296,6021,206,824,1334.0,0.0,1334.0,1433,1433,720.3543689320388,29,0,1000000,3000,4
795112,795112,3180448,6022,38,152,241.0,0.0,241.0,306,306,154.10526315789474,7,0,1000000,3000,4
795290,795290,3181160,6023,178,712,1036.0,0.0,1036.0,1127,1127,635.2191011235955,23,0,1000000,3000,4
795369,795369,3181476,6024,79,316,639.0,0.0,639.0,711,711,388.34177215189874,15,0,1000000,3000,4
795634,795634,3182536,6025,265,1060,1321.0,0.0,1321.0,1431,1431,708.3471698113208,29,0,1000000,3000,4
795824,795824,3183296,6026,190,760,777.0,0.0,777.0,872,872,550.4157894736842,18,0,1000000,3000,4
796075,796075,3184300,6027,251,1004,1303.0,0.0,1303.0,1410,1410,757.5816733067729,29,0,1000000,3000,4
796320,796320,3185280,6028,245,980,1021.0,0.0,1021.0,1125,1125,641.6122448979592,23,0,1000000,3000,4
796755,796755,3187020,6029,435,1740,1813.0,0.0,1813.0,1956,1956,844.9103448275862,40,0,1000000,3000,4
796901,796901,3187604,6030,146,584,778.0,0.0,778.0,865,865,538.3767123287671,18,0,1000000,3000,4
797226,797226,3188904,6031,325,1300,1898.0,0.0,1898.0,2019,2019,888.9046153846153,41,0,1000000,3000,4
797329,797329,3189316,6032,103,412,594.0,0.0,594.0,672,672,417.31067961165047,14,0,1000000,3000,4
797362,797362,3189448,6033,33,132,241.0,0.0,241.0,304,304,159.9090909090909,7,0,1000000,3000,4
797604,797604,3190416,6034,242,968,1310.0,0.0,1310.0,1414,1414,714.6735537190083,29,0,1000000,3000,4
797749,797749,3190996,6035,145,580,1040.0,0.0,1040.0,1124,1124,572.1724137931035,23,0,1000000,3000,4
797841,797841,3191364,6036,92,368,611.0,0.0,611.0,687,687,402.85869565217394,14,0,1000000,3000,4
797916,797916,3191664,6037,75,300,622.0,0.0,622.0,694,694,365.9866666666667,14,0,1000000,3000,4
797998,797998,3191992,6038,82,328,622.0,0.0,622.0,696,696,352.890243902439,14,0,1000000,3000,4
798102,798102,3192408,6039,104,416,626.0,0.0,626.0,704,704,370.13461538461536,15,0,1000000,3000,4
798239,798239,3192956,6040,137,548,1050.0,0.0,1050.0,1134,1134,583.1386861313869,23,0,1000000,3000,4
798337,798337,3193348,6041,98,392,633.0,0.0,633.0,710,710,379.0612244897959,15,0,1000000,3000,4
798536,798536,3194144,6042,199,796,1321.0,0.0,1321.0,1417,1417,738.929648241206,29,0,1000000,3000,4
798579,798579,3194316,6043,43,172,225.0,0.0,225.0,290,290,162.30232558139534,6,0,1000000,3000,4
798720,798720,3194880,6044,141,564,749.0,0.0,749.0,834,834,534.063829787234,17,0,1000000,3000,4
798752,798752,3195008,6045,32,128,241.0,0.0,241.0,304,304,162.4375,7,0,1000000,3000,4
798936,798936,3195744,6046,184,736,1329.0,0.0,1329.0,1423,1423,742.6086956521739,29,0,1000000,3000,4
799066,799066,3196264,6047,130,520,726.0,0.0,726.0,809,809,470.34615384615387,17,0,1000000,3000,4
799136,799136,3196544,6048,70,280,602.0,0.0,602.0,673,673,325.07142857142856,14,0,1000000,3000,4
799174,799174,3196696,6049,38,152,237.0,0.0,237.0,301,301,156.3421052631579,7,0,1000000,3000,4
799212,799212,3196848,6050,38,152,248.0,0.0,248.0,312,312,140.26315789473685,7,0,1000000,3000,4
799379,799379,3197516,6051,167,668,1040.0,0.0,1040.0,1129,1129,672.1077844311377,23,0,1000000,3000,4
799415,799415,3197660,6052,36,144,244.0,0.0,244.0,309,309,148.47222222222223,7,0,1000000,3000,4
799451,799451,3197804,6053,36,144,242.0,0.0,242.0,306,306,159.55555555555554,7,0,1000000,3000,4
799549,799549,3198196,6054,98,392,631.0,0.0,631.0,707,707,372.9387755102041,15,0,1000000,3000,4
799657,799657,3198628,6055,108,432,629.0,0.0,629.0,708,708,361.8888888888889,15,0,1000000,3000,4
799694,799694,3198776,6056,37,148,236.0,0.0,236.0,300,300,159.2972972972973,7,0,1000000,3000,4
799896,799896,3199584,6057,202,808,1336.0,0.0,1336.0,1434,1434,700.1831683168317,29,0,1000000,3000,4
800149,800149,3200596,6058,253,1012,1325.0,0.0,1325.0,1433,1433,703.098814229249,29,0,1000000,3000,4
800230,800230,3200920,6059,81,324,612.0,0.0,612.0,686,686,344.5308641975309,14,0,1000000,3000,4
800332,800332,3201328,6060,102,408,607.0,0.0,607.0,685,685,378.0686274509804,14,0,1000000,3000,4
800501,800501,3202004,6061,169,676,1339.0,0.0,1339.0,1428,1428,785.1005917159763,29,0,1000000,3000,4
800622,800622,3202488,6062,121,484,607.0,0.0,607.0,689,689,375.68595041322317,14,0,1000000,3000,4
800801,800801,3203204,6063,179,716,1334.0,0.0,1334.0,1427,1427,661.5307262569833,29,0,1000000,3000,4
800997,800997,3203988,6064,196,784,1033.0,0.0,1033.0,1128,1128,601.7244897959183,23,0,1000000,3000,4
801035,801035,3204140,6065,38,152,241.0,0.0,241.0,304,304,156.26315789473685,7,0,1000000,3000,4
801222,801222,3204888,6066,187,748,1034.0,0.0,1034.0,1127,1127,662.4010695187166,23,0,1000000,3000,4
801307,801307,3205228,6067,85,340,625.0,0.0,625.0,699,699,339.43529411764706,14,0,1000000,3000,4
801343,801343,3205372,6068,36,144,236.0,0.0,236.0,300,300,167.55555555555554,7,0,1000000,3000,4
801378,801378,3205512,6069,35,140,240.0,0.0,240.0,305,305,151.85714285714286,7,0,1000000,3000,4
801525,801525,3206100,6070,147,588,1044.0,0.0,1044.0,1130,1130,582.6530612244898,23,0,1000000,3000,4
801751,801751,3207004,6071,226,904,1690.0,0.0,1690.0,1793,1793,895.5044247787611,36,0,1000000,3000,4
801839,801839,3207356,6072,88,352,632.0,0.0,632.0,707,707,373.85227272727275,15,0,1000000,3000,4
802055,802055,3208220,6073,216,864,1332.0,0.0,1332.0,1433,1433,764.0,29,0,1000000,3000,4
802300,802300,3209200,6074,245,980,794.0,0.0,794.0,898,900,697.2979591836735,19,0,1000000,3000,4
802378,802378,3209512,6075,78,312,637.0,0.0,637.0,709,709,388.1666666666667,15,0,1000000,3000,4
802481,802481,3209924,6076,103,412,607.0,0.0,607.0,684,684,409.8349514563107,14,0,1000000,3000,4
802640,802640,3210560,6077,159,636,1345.0,0.0,1345.0,1434,1434,704.559748427673,29,0,1000000,3000,4
802675,802675,3210700,6078,35,140,233.0,0.0,233.0,298,298,168.82857142857142,6,0,1000000,3000,4
802739,802739,3210956,6079,64,256,606.0,0.0,606.0,676,676,343.828125,14,0,1000000,3000,4
802901,802901,3211604,6080,162,648,1333.0,0.0,1333.0,1423,1423,717.5123456790124,29,0,1000000,3000,4
802935,802935,3211740,6081,34,136,235.0,0.0,235.0,298,298,171.23529411764707,6,0,1000000,3000,4
803008,803008,3212032,6082,73,292,610.0,0.0,610.0,681,681,355.64383561643837,14,0,1000000,3000,4
803201,803201,3212804,6083,193,772,1338.0,0.0,1338.0,1434,1434,759.020725388601,29,0,1000000,3000,4
803273,803273,3213092,6084,72,288,628.0,0.0,628.0,700,700,380.3888888888889,15,0,1000000,3000,4
803407,803407,3213628,6085,134,536,597.0,0.0,597.0,681,681,468.05223880597015,14,0,1000000,3000,4
803595,803595,3214380,6086,188,752,1035.0,0.0,1035.0,1128,1128,645.5691489361702,23,0,1000000,3000,4
803827,803827,3215308,6087,232,928,1414.0,0.0,1414.0,1517,1517,778.5818965517242,31,0,1000000,3000,4
803856,803856,3215424,6088,29,116,252.0,0.0,252.0,315,315,159.93103448275863,7,0,1000000,3000,4
803977,803977,3215908,6089,121,484,1049.0,0.0,1049.0,1129,1129,577.198347107438,23,0,1000000,3000,4
804012,804012,3216048,6090,35,140,244.0,0.0,244.0,308,308,151.88571428571427,7,0,1000000,3000,4
804094,804094,3216376,6091,82,328,636.0,0.0,636.0,710,710,383.4024390243902,15,0,1000000,3000,4
804133,804133,3216532,6092,39,156,229.0,0.0,229.0,293,293,167.23076923076923,6,0,1000000,3000,4
804292,804292,3217168,6093,159,636,636.0,0.0,636.0,722,724,477.72327044025155,15,0,1000000,3000,4
804327,804327,3217308,6094,35,140,230.0,0.0,230.0,294,294,165.85714285714286,6,0,1000000,3000,4
804479,804479,3217916,6095,152,608,758.0,0.0,758.0,845,845,566.2105263157895,17,0,1000000,3000,4
804564,804564,3218256,6096,85,340,605.0,0.0,605.0,679,679,339.61176470588236,14,0,1000000,3000,4
804753,804753,3219012,6097,189,756,1043.0,0.0,1043.0,1136,1136,674.3333333333334,23,0,1000000,3000,4
804782,804782,3219128,6098,29,116,248.0,0.0,248.0,311,311,162.17241379310346,7,0,1000000,3000,4
804813,804813,3219252,6099,31,124,243.0,0.0,243.0,307,307,164.06451612903226,7,0,1000000,3000,4
804851,804851,3219404,6100,38,152,241.0,0.0,241.0,305,305,161.1578947368421,7,0,1000000,3000,4
805039,805039,3220156,6101,188,752,1335.0,0.0,1335.0,1430,1430,704.9148936170212,29,0,1000000,3000,4
805126,805126,3220504,6102,87,348,635.0,0.0,635.0,710,710,389.41379310344826,15,0,1000000,3000,4
805288,805288,3221152,6103,162,648,1038.0,0.0,1038.0,1126,1126,625.4135802469136,23,0,1000000,3000,4
805372,805372,3221488,6104,84,336,632.0,0.0,632.0,706,706,376.1190476190476,15,0,1000000,3000,4
805407,805407,3221628,6105,35,140,239.0,0.0,239.0,303,303,170.2,7,0,1000000,3000,4
805436,805436,3221744,6106,29,116,247.0,0.0,247.0,310,310,157.10344827586206,7,0,1000000,3000,4
805608,805608,3222432,6107,172,688,775.0,0.0,775.0,867,867,545.25,18,0,1000000,3000,4
805839,805839,3223356,6108,231,924,1907.0,0.0,1907.0,2010,2010,1044.5454545454545,41,0,1000000,3000,4
805996,805996,3223984,6109,157,628,812.0,0.0,812.0,898,898,565.5350318471337,18,0,1000000,3000,4
806091,806091,3224364,6110,95,380,607.0,0.0,607.0,684,684,404.63157894736844,14,0,1000000,3000,4
806281,806281,3225124,6111,190,760,1033.0,0.0,1033.0,1126,1126,650.9631578947368,23,0,1000000,3000,4
806379,806379,3225516,6112,98,392,608.0,0.0,608.0,684,684,403.35714285714283,14,0,1000000,3000,4
806583,806583,3226332,6113,204,816,1034.0,0.0,1034.0,1130,1130,620.9509803921569,23,0,1000000,3000,4
806661,806661,3226644,6114,78,312,612.0,0.0,612.0,684,684,335.5897435897436,14,0,1000000,3000,4
806922,806922,3227688,6115,261,1044,1018.0,0.0,1018.0,1125,1125,637.4329501915709,23,0,1000000,3000,4
806957,806957,3227828,6116,35,140,242.0,0.0,242.0,306,306,161.31428571428572,7,0,1000000,3000,4
807133,807133,3228532,6117,176,704,1041.0,0.0,1041.0,1133,1133,651.6022727272727,23,0,1000000,3000,4
807163,807163,3228652,6118,30,120,251.0,0.0,251.0,314,314,155.76666666666668,7,0,1000000,3000,4
807251,807251,3229004,6119,88,352,618.0,0.0,618.0,692,692,386.2613636363636,14,0,1000000,3000,4
807350,807350,3229400,6120,99,396,609.0,0.0,609.0,686,686,326.4949494949495,14,0,1000000,3000,4
807389,807389,3229556,6121,39,156,232.0,0.0,232.0,297,297,164.66666666666666,6,0,1000000,3000,4
807431,807431,3229724,6122,42,168,237.0,0.0,237.0,301,301,144.04761904761904,7,0,1000000,3000,4
807733,807733,3230932,6123,302,1208,1523.0,0.0,1523.0,1640,1640,834.384105960265,33,0,1000000,3000,4
807776,807776,3231104,6124,43,172,228.0,0.0,228.0,293,293,162.02325581395348,6,0,1000000,3000,4
807869,807869,3231476,6125,93,372,649.0,0.0,649.0,722,723,373.6774193548387,15,0,1000000,3000,4
807958,807958,3231832,6126,89,356,623.0,0.0,623.0,698,698,382.13483146067415,14,0,1000000,3000,4
808103,808103,3232412,6127,145,580,1042.0,0.0,1042.0,1126,1126,528.255172413793,23,0,1000000,3000,4
808327,808327,3233308,6128,224,896,1047.0,0.0,1047.0,1149,1149,637.0089285714286,23,0,1000000,3000,4
808363,808363,3233452,6129,36,144,239.0,0.0,239.0,304,304,149.77777777777777,7,0,1000000,3000,4
808590,808590,3234360,6130,227,908,1024.0,0.0,1024.0,1124,1124,665.0,23,0,1000000,3000,4
808694,808694,3234776,6131,104,416,613.0,0.0,613.0,691,691,372.7019230769231,14,0,1000000,3000,4
808910,808910,3235640,6132,216,864,739.0,0.0,739.0,839,839,533.7129629629629,17,0,1000000,3000,4
809255,809255,3237020,6133,345,1380,1669.0,0.0,1669.0,1796,1796,813.072463768116,36,0,1000000,3000,4
809654,809654,3238616,6134,399,1596,1277.0,0.0,1277.0,1412,1412,742.7117794486215,29,0,1000000,3000,4
809867,809867,3239468,6135,213,852,723.0,0.0,723.0,822,822,501.018779342723,17,0,1000000,3000,4
810080,810080,3240320,6136,213,852,1035.0,0.0,1035.0,1134,1134,633.131455399061,23,0,1000000,3000,4
810131,810131,3240524,6137,51,204,240.0,0.0,240.0,307,307,123.54901960784314,7,0,1000000,3000,4
810176,810176,3240704,6138,45,180,228.0,0.0,228.0,293,293,163.48888888888888,6,0,1000000,3000,4
810344,810344,3241376,6139,168,672,1046.0,0.0,1046.0,1136,1136,593.7202380952381,23,0,1000000,3000,4
810714,810714,3242856,6140,370,1480,1010.0,0.0,1010.0,1140,1140,725.3513513513514,23,0,1000000,3000,4
810756,810756,3243024,6141,42,168,229.0,0.0,229.0,294,294,157.97619047619048,6,0,1000000,3000,4
811039,811039,3244156,6142,283,1132,1026.0,0.0,1026.0,1139,1139,644.3356890459364,23,0,1000000,3000,4
811195,811195,3244780,6143,156,624,1037.0,0.0,1037.0,1124,1124,651.4935897435897,23,0,1000000,3000,4
811294,811294,3245176,6144,99,396,616.0,0.0,616.0,692,692,347.979797979798,14,0,1000000,3000,4
811332,811332,3245328,6145,38,152,241.0,0.0,241.0,305,305,156.52631578947367,7,0,1000000,3000,4
811476,811476,3245904,6146,144,576,717.0,0.0,717.0,802,802,491.7986111111111,17,0,1000000,3000,4
811525,811525,3246100,6147,49,196,218.0,0.0,218.0,284,284,153.59183673469389,6,0,1000000,3000,4
811572,811572,3246288,6148,47,188,220.0,0.0,220.0,286,286,157.91489361702128,6,0,1000000,3000,4
811655,811655,3246620,6149,83,332,651.0,0.0,651.0,722,723,369.50602409638554,15,0,1000000,3000,4
811728,811728,3246912,6150,73,292,615.0,0.0,615.0,687,687,338.63013698630135,14,0,1000000,3000,4
811767,811767,3247068,6151,39,156,235.0,0.0,235.0,300,300,154.92307692307693,7,0,1000000,3000,4
811956,811956,3247824,6152,189,756,1042.0,0.0,1042.0,1136,1136,603.2433862433862,23,0,1000000,3000,4
812254,812254,3249016,6153,298,1192,1298.0,0.0,1298.0,1412,1412,756.5,29,0,1000000,3000,4
812337,812337,3249348,6154,83,332,632.0,0.0,632.0,706,706,366.2048192771084,15,0,1000000,3000,4
812465,812465,3249860,6155,128,512,602.0,0.0,602.0,684,684,368.6875,14,0,1000000,3000,4
812500,812500,3250000,6156,35,140,232.0,0.0,232.0,296,296,172.0,6,0,1000000,3000,4
812576,812576,3250304,6157,76,304,618.0,0.0,618.0,690,690,348.5394736842105,14,0,1000000,3000,4
812606,812606,3250424,6158,30,120,247.0,0.0,247.0,310,310,156.93333333333334,7,0,1000000,3000,4
812724,812724,3250896,6159,118,472,586.0,0.0,586.0,666,666,392.3728813559322,14,0,1000000,3000,4
812756,812756,3251024,6160,32,128,248.0,0.0,248.0,310,310,156.8125,7,0,1000000,3000,4
812906,812906,3251624,6161,150,600,753.0,0.0,753.0,840,840,492.1066666666667,17,0,1000000,3000,4
813062,813062,3252248,6162,156,624,636.0,0.0,636.0,722,723,494.4166666666667,15,0,1000000,3000,4
813334,813334,3253336,6163,272,1088,1015.0,0.0,1015.0,1124,1124,636.1397058823529,23,0,1000000,3000,4
813681,813681,3254724,6164,347,1388,2345.0,0.0,2345.0,2470,2470,1351.0,50,0,1000000,3000,4
813828,813828,3255312,6165,147,588,638.0,0.0,638.0,722,722,513.1292517006802,15,0,1000000,3000,4
813862,813862,3255448,6166,34,136,246.0,0.0,246.0,309,309,155.2058823529412,7,0,1000000,3000,4
814080,814080,3256320,6167,218,872,1337.0,0.0,1337.0,1438,1438,683.605504587156,29,0,1000000,3000,4
814173,814173,3256692,6168,93,372,600.0,0.0,600.0,676,676,411.0752688172043,14,0,1000000,3000,4
814385,814385,3257540,6169,212,848,1318.0,0.0,1318.0,1417,1417,733.7783018867924,29,0,1000000,3000,4
814483,814483,3257932,6170,98,392,607.0,0.0,607.0,683,683,399.94897959183675,14,0,1000000,3000,4
814826,814826,3259304,6171,343,1372,2346.0,0.0,2346.0,2470,2470,1329.3819241982508,50,0,1000000,3000,4
814862,814862,3259448,6172,36,144,231.0,0.0,231.0,296,296,174.63888888888889,6,0,1000000,3000,4
814954,814954,3259816,6173,92,368,602.0,0.0,602.0,678,678,406.19565217391306,14,0,1000000,3000,4
815280,815280,3261120,6174,326,1304,1900.0,0.0,1900.0,2022,2022,942.8926380368098,41,0,1000000,3000,4
815625,815625,3262500,6175,345,1380,1144.0,0.0,1144.0,1270,1270,742.0840579710145,26,0,1000000,3000,4
815665,815665,3262660,6176,40,160,231.0,0.0,231.0,296,296,163.1,6,0,1000000,3000,4
815925,815925,3263700,6177,260,1040,1045.0,0.0,1045.0,1154,1154,687.8615384615384,24,0,1000000,3000,4
815958,815958,3263832,6178,33,132,250.0,0.0,250.0,314,314,151.36363636363637,7,0,1000000,3000,4
816035,816035,3264140,6179,77,308,633.0,0.0,633.0,706,706,368.2207792207792,15,0,1000000,3000,4
816187,816187,3264748,6180,152,608,731.0,0.0,731.0,818,818,527.3486842105264,17,0,1000000,3000,4
816276,816276,3265104,6181,89,356,633.0,0.0,633.0,708,708,369.3820224719101,15,0,1000000,3000,4
816458,816458,3265832,6182,182,728,1055.0,0.0,1055.0,1149,1149,605.2252747252747,23,0,1000000,3000,4
816548,816548,3266192,6183,90,360,638.0,0.0,638.0,714,714,367.7888888888889,15,0,1000000,3000,4
816578,816578,3266312,6184,30,120,251.0,0.0,251.0,315,315,152.26666666666668,7,0,1000000,3000,4
816663,816663,3266652,6185,85,340,650.0,0.0,650.0,722,722,358.8235294117647,15,0,1000000,3000,4
816703,816703,3266812,6186,40,160,238.0,0.0,238.0,303,303,153.275,7,0,1000000,3000,4
816843,816843,3267372,6187,140,560,1044.0,0.0,1044.0,1127,1127,640.0285714285715,23,0,1000000,3000,4
816940,816940,3267760,6188,97,388,631.0,0.0,631.0,708,708,390.82474226804123,15,0,1000000,3000,4
817027,817027,3268108,6189,87,348,630.0,0.0,630.0,705,705,376.1609195402299,15,0,1000000,3000,4
817069,817069,3268276,6190,42,168,234.0,0.0,234.0,300,300,160.1904761904762,7,0,1000000,3000,4
817213,817213,3268852,6191,144,576,1156.0,0.0,1156.0,1242,1242,620.7708333333334,25,0,1000000,3000,4
817414,817414,3269656,6192,201,804,1330.0,0.0,1330.0,1427,1427,730.8109452736319,29,0,1000000,3000,4
817509,817509,3270036,6193,95,380,611.0,0.0,611.0,686,686,378.30526315789473,14,0,1000000,3000,4
817541,817541,3270164,6194,32,128,247.0,0.0,247.0,311,311,145.0,7,0,1000000,3000,4
817977,817977,3271908,6195,436,1744,1004.0,0.0,1004.0,1149,1149,763.151376146789,23,0,1000000,3000,4
818167,818167,3272668,6196,190,760,1031.0,0.0,1031.0,1124,1124,636.0052631578948,23,0,1000000,3000,4
818202,818202,3272808,6197,35,140,241.0,0.0,241.0,305,305,158.45714285714286,7,0,1000000,3000,4
818233,818233,3272932,6198,31,124,246.0,0.0,246.0,309,309,161.29032258064515,7,0,1000000,3000,4
818485,818485,3273940,6199,252,1008,1019.0,0.0,1019.0,1125,1125,728.7460317460317,23,0,1000000,3000,4
818585,818585,3274340,6200,100,400,624.0,0.0,624.0,701,701,385.38,15,0,1000000,3000,4
818740,818740,3274960,6201,155,620,637.0,0.0,637.0,722,723,502.81290322580645,15,0,1000000,3000,4
818850,818850,3275400,6202,110,440,613.0,0.0,613.0,692,692,391.72727272727275,14,0,1000000,3000,4
819199,819199,3276796,6203,349,1396,1645.0,0.0,1645.0,1771,1771,873.7765042979943,36,0,1000000,3000,4
819271,819271,3277084,6204,72,288,620.0,0.0,620.0,692,692,345.8333333333333,14,0,1000000,3000,4
819362,819362,3277448,6205,91,364,619.0,0.0,619.0,695,695,322.72527472527474,14,0,1000000,3000,4
819450,819450,3277800,6206,88,352,630.0,0.0,630.0,704,704,347.60227272727275,15,0,1000000,3000,4
819485,819485,3277940,6207,35,140,246.0,0.0,246.0,310,310,151.71428571428572,7,0,1000000,3000,4
819608,819608,3278432,6208,123,492,595.0,0.0,595.0,676,676,384.7560975609756,14,0,1000000,3000,4
819657,819657,3278628,6209,49,196,216.0,0.0,216.0,282,282,166.75510204081633,6,0,1000000,3000,4
819909,819909,3279636,6210,252,1008,1326.0,0.0,1326.0,1434,1434,758.3690476190476,29,0,1000000,3000,4
819984,819984,3279936,6211,75,300,607.0,0.0,607.0,679,679,312.48,14,0,1000000,3000,4
820139,820139,3280556,6212,155,620,812.0,0.0,812.0,898,899,550.0709677419355,18,0,1000000,3000,4
820219,820219,3280876,6213,80,320,639.0,0.0,639.0,712,712,366.6,15,0,1000000,3000,4
820292,820292,3281168,6214,73,292,637.0,0.0,637.0,709,709,383.45205479452056,15,0,1000000,3000,4
820336,820336,3281344,6215,44,176,225.0,0.0,225.0,291,291,160.79545454545453,6,0,1000000,3000,4
820448,820448,3281792,6216,112,448,759.0,0.0,759.0,838,838,509.51785714285717,17,0,1000000,3000,4
820737,820737,3282948,6217,289,1156,1906.0,0.0,1906.0,2021,2021,874.8200692041522,41,0,1000000,3000,4
820825,820825,3283300,6218,88,352,629.0,0.0,629.0,704,704,382.65909090909093,15,0,1000000,3000,4
820994,820994,3283976,6219,169,676,1040.0,0.0,1040.0,1129,1129,551.6686390532544,23,0,1000000,3000,4
821082,821082,3284328,6220,88,352,612.0,0.0,612.0,687,687,347.78409090909093,14,0,1000000,3000,4
821246,821246,3284984,6221,164,656,735.0,0.0,735.0,824,824,494.3048780487805,17,0,1000000,3000,4
821348,821348,3285392,6222,102,408,626.0,0.0,626.0,704,704,380.55882352941177,15,0,1000000,3000,4
821557,821557,3286228,6223,209,836,1336.0,0.0,1336.0,1435,1435,687.6076555023924,29,0,1000000,3000,4
821839,821839,3287356,6224,282,1128,1558.0,0.0,1558.0,1672,1672,814.8439716312057,34,0,1000000,3000,4
821875,821875,3287500,6225,36,144,245.0,0.0,245.0,310,310,150.97222222222223,7,0,1000000,3000,4
822125,822125,3288500,6226,250,1000,1419.0,0.0,1419.0,1527,1527,722.196,31,0,1000000,3000,4
822353,822353,3289412,6227,228,912,1570.0,0.0,1570.0,1673,1673,811.8640350877193,34,0,1000000,3000,4
822528,822528,3290112,6228,175,700,1037.0,0.0,1037.0,1127,1127,588.1257142857143,23,0,1000000,3000,4
822681,822681,3290724,6229,153,612,1052.0,0.0,1052.0,1139,1139,634.6797385620915,23,0,1000000,3000,4
822849,822849,3291396,6230,168,672,1039.0,0.0,1039.0,1128,1128,646.3511904761905,23,0,1000000,3000,4
823043,823043,3292172,6231,194,776,1340.0,0.0,1340.0,1436,1436,690.4329896907217,29,0,1000000,3000,4
823078,823078,3292312,6232,35,140,244.0,0.0,244.0,308,308,153.02857142857144,7,0,1000000,3000,4
823148,823148,3292592,6233,70,280,628.0,0.0,628.0,700,700,365.25714285714287,15,0,1000000,3000,4
823188,823188,3292752,6234,40,160,221.0,0.0,221.0,285,285,176.25,6,0,1000000,3000,4
823284,823284,3293136,6235,96,384,624.0,0.0,624.0,701,701,381.1354166666667,15,0,1000000,3000,4
823388,823388,3293552,6236,104,416,591.0,0.0,591.0,668,668,417.28846153846155,14,0,1000000,3000,4
823563,823563,3294252,6237,175,700,1035.0,0.0,1035.0,1125,1125,687.3085714285714,23,0,1000000,3000,4
823595,823595,3294380,6238,32,128,248.0,0.0,248.0,312,312,155.9375,7,0,1000000,3000,4
823626,823626,3294504,6239,31,124,249.0,0.0,249.0,313,313,152.32258064516128,7,0,1000000,3000,4
823801,823801,3295204,6240,175,700,1433.0,0.0,1433.0,1526,1526,722.9085714285715,31,0,1000000,3000,4
823896,823896,3295584,6241,95,380,612.0,0.0,612.0,688,688,392.8,14,0,1000000,3000,4
823999,823999,3295996,6242,103,412,632.0,0.0,632.0,709,709,394.59223300970876,15,0,1000000,3000,4
824030,824030,3296120,6243,31,124,251.0,0.0,251.0,315,315,153.03225806451613,7,0,1000000,3000,4
824138,824138,3296552,6244,108,432,621.0,0.0,621.0,700,700,376.02777777777777,15,0,1000000,3000,4
824174,824174,3296696,6245,36,144,247.0,0.0,247.0,312,312,148.41666666666666,7,0,1000000,3000,4
824341,824341,3297364,6246,167,668,1037.0,0.0,1037.0,1126,1126,558.2395209580839,23,0,1000000,3000,4
824370,824370,3297480,6247,29,116,246.0,0.0,246.0,309,309,159.0344827586207,7,0,1000000,3000,4
824625,824625,3298500,6248,255,1020,1136.0,0.0,1136.0,1243,1243,688.9176470588235,25,0,1000000,3000,4
824801,824801,3299204,6249,176,704,1037.0,0.0,1037.0,1128,1128,604.2272727272727,23,0,1000000,3000,4
824904,824904,3299616,6250,103,412,614.0,0.0,614.0,691,691,403.252427184466,14,0,1000000,3000,4
824990,824990,3299960,6251,86,344,624.0,0.0,624.0,699,699,395.24418604651163,14,0,1000000,3000,4
825022,825022,3300088,6252,32,128,250.0,0.0,250.0,314,314,151.65625,7,0,1000000,3000,4
825057,825057,3300228,6253,35,140,245.0,0.0,245.0,309,309,152.0857142857143,7,0,1000000,3000,4
825276,825276,3301104,6254,219,876,1331.0,0.0,1331.0,1432,1432,718.9497716894978,29,0,1000000,3000,4
825351,825351,3301404,6255,75,300,626.0,0.0,626.0,698,698,358.7866666666667,14,0,1000000,3000,4
825520,825520,3302080,6256,169,676,810.0,0.0,810.0,898,898,597.5325443786983,18,0,1000000,3000,4
825669,825669,3302676,6257,149,596,736.0,0.0,736.0,822,822,512.496644295302,17,0,1000000,3000,4
825749,825749,3302996,6258,80,320,638.0,0.0,638.0,710,710,372.3125,15,0,1000000,3000,4
825972,825972,3303888,6259,223,892,1026.0,0.0,1026.0,1125,1125,644.7174887892377,23,0,1000000,3000,4
826169,826169,3304676,6260,197,788,1337.0,0.0,1337.0,1434,1434,674.9340101522843,29,0,1000000,3000,4
826280,826280,3305120,6261,111,444,601.0,0.0,601.0,680,680,372.3873873873874,14,0,1000000,3000,4
826316,826316,3305264,6262,36,144,236.0,0.0,236.0,301,301,166.94444444444446,7,0,1000000,3000,4
826357,826357,3305428,6263,41,164,223.0,0.0,223.0,288,288,166.1951219512195,6,0,1000000,3000,4
826570,826570,3306280,6264,213,852,1311.0,0.0,1311.0,1410,1410,750.4178403755868,29,0,1000000,3000,4
826640,826640,3306560,6265,70,280,609.0,0.0,609.0,680,680,305.9,14,0,1000000,3000,4
826678,826678,3306712,6266,38,152,241.0,0.0,241.0,306,306,151.02631578947367,7,0,1000000,3000,4
826723,826723,3306892,6267,45,180,228.0,0.0,228.0,293,293,163.51111111111112,6,0,1000000,3000,4
826911,826911,3307644,6268,188,752,1334.0,0.0,1334.0,1427,1427,758.5478723404256,29,0,1000000,3000,4
827043,827043,3308172,6269,132,528,817.0,0.0,817.0,898,898,571.7878787878788,18,0,1000000,3000,4
827196,827196,3308784,6270,153,612,637.0,0.0,637.0,722,723,473.8627450980392,15,0,1000000,3000,4
827401,827401,3309604,6271,205,820,1147.0,0.0,1147.0,1246,1246,661.8926829268293,25,0,1000000,3000,4
827434,827434,3309736,6272,33,132,243.0,0.0,243.0,306,306,161.06060606060606,7,0,1000000,3000,4
827522,827522,3310088,6273,88,352,603.0,0.0,603.0,678,678,307.25,14,0,1000000,3000,4
827613,827613,3310452,6274,91,364,613.0,0.0,613.0,689,689,340.45054945054943,14,0,1000000,3000,4
827840,827840,3311360,6275,227,908,1332.0,0.0,1332.0,1435,1435,672.1982378854625,29,0,1000000,3000,4
827949,827949,3311796,6276,109,436,614.0,0.0,614.0,693,693,365.8807339449541,14,0,1000000,3000,4
828067,828067,3312268,6277,118,472,596.0,0.0,596.0,676,676,379.73728813559325,14,0,1000000,3000,4
828279,828279,3313116,6278,212,848,1038.0,0.0,1038.0,1137,1137,643.3962264150944,23,0,1000000,3000,4
828317,828317,3313268,6279,38,152,240.0,0.0,240.0,304,304,155.5,7,0,1000000,3000,4
828406,828406,3313624,6280,89,356,633.0,0.0,633.0,707,707,353.1123595505618,15,0,1000000,3000,4
828443,828443,3313772,6281,37,148,239.0,0.0,239.0,303,303,152.48648648648648,7,0,1000000,3000,4
828488,828488,3313952,6282,45,180,232.0,0.0,232.0,298,298,147.0222222222222,6,0,1000000,3000,4
828617,828617,3314468,6283,129,516,818.0,0.0,818.0,898,898,581.5658914728682,18,0,1000000,3000,4
828809,828809,3315236,6284,192,768,1426.0,0.0,1426.0,1522,1522,716.4479166666666,31,0,1000000,3000,4
828840,828840,3315360,6285,31,124,249.0,0.0,249.0,313,313,156.1290322580645,7,0,1000000,3000,4
828879,828879,3315516,6286,39,156,245.0,0.0,245.0,310,310,142.0,7,0,1000000,3000,4
828968,828968,3315872,6287,89,356,625.0,0.0,625.0,700,700,344.12359550561797,15,0,1000000,3000,4
829151,829151,3316604,6288,183,732,1431.0,0.0,1431.0,1525,1525,748.5573770491803,31,0,1000000,3000,4
829189,829189,3316756,6289,38,152,241.0,0.0,241.0,304,304,152.71052631578948,7,0,1000000,3000,4
829231,829231,3316924,6290,42,168,229.0,0.0,229.0,294,294,158.85714285714286,6,0,1000000,3000,4
829418,829418,3317672,6291,187,748,1316.0,0.0,1316.0,1410,1410,672.9090909090909,29,0,1000000,3000,4
829577,829577,3318308,6292,159,636,757.0,0.0,757.0,845,845,514.8553459119497,17,0,1000000,3000,4
829849,829849,3319396,6293,272,1088,1328.0,0.0,1328.0,1440,1440,739.4779411764706,29,0,1000000,3000,4
830032,830032,3320128,6294,183,732,1043.0,0.0,1043.0,1136,1136,596.8142076502733,23,0,1000000,3000,4
830067,830067,3320268,6295,35,140,245.0,0.0,245.0,308,308,157.37142857142857,7,0,1000000,3000,4
830292,830292,3321168,6296,225,900,1026.0,0.0,1026.0,1125,1125,658.2577777777777,23,0,1000000,3000,4
830381,830381,3321524,6297,89,356,618.0,0.0,618.0,692,692,386.0674157303371,14,0,1000000,3000,4
830495,830495,3321980,6298,114,456,615.0,0.0,615.0,694,694,375.10526315789474,14,0,1000000,3000,4
830588,830588,3322352,6299,93,372,607.0,0.0,607.0,682,682,333.1182795698925,14,0,1000000,3000,4
830841,830841,3323364,6300,253,1012,1301.0,0.0,1301.0,1407,1407,709.0158102766799,29,0,1000000,3000,4
830928,830928,3323712,6301,87,348,630.0,0.0,630.0,703,703,374.2068965517241,15,0,1000000,3000,4
831136,831136,3324544,6302,208,832,768.0,0.0,768.0,865,865,530.2211538461538,18,0,1000000,3000,4
831176,831176,3324704,6303,40,160,235.0,0.0,235.0,298,298,159.4,6,0,1000000,3000,4
831333,831333,3325332,6304,157,628,636.0,0.0,636.0,722,722,495.71974522292993,15,0,1000000,3000,4
831373,831373,3325492,6305,40,160,241.0,0.0,241.0,305,305,148.625,7,0,1000000,3000,4
831663,831663,3326652,6306,290,1160,1301.0,0.0,1301.0,1415,1415,724.1551724137931,29,0,1000000,3000,4
831765,831765,3327060,6307,102,408,636.0,0.0,636.0,713,713,366.1862745098039,15,0,1000000,3000,4
831997,831997,3327988,6308,232,928,1312.0,0.0,1312.0,1413,1413,745.7974137931035,29,0,1000000,3000,4
832040,832040,3328160,6309,43,172,225.0,0.0,225.0,290,290,157.90697674418604,6,0,1000000,3000,4
832224,832224,3328896,6310,184,736,631.0,0.0,631.0,722,722,456.6847826086956,15,0,1000000,3000,4
832433,832433,3329732,6311,209,836,1419.0,0.0,1419.0,1518,1518,740.2344497607655,31,0,1000000,3000,4
832612,832612,3330448,6312,179,716,737.0,0.0,737.0,829,829,561.1843575418994,17,0,1000000,3000,4
832656,832656,3330624,6313,44,176,234.0,0.0,234.0,300,300,141.5,7,0,1000000,3000,4
832697,832697,3330788,6314,41,164,233.0,0.0,233.0,297,297,158.1219512195122,6,0,1000000,3000,4
832735,832735,3330940,6315,38,152,242.0,0.0,242.0,306,306,158.47368421052633,7,0,1000000,3000,4
832942,832942,3331768,6316,207,828,1026.0,0.0,1026.0,1123,1123,608.7874396135265,23,0,1000000,3000,4
833288,833288,3333152,6317,346,1384,1544.0,0.0,1544.0,1670,1670,773.4884393063584,34,0,1000000,3000,4
833458,833458,3333832,6318,170,680,1038.0,0.0,1038.0,1128,1128,582.0235294117647,23,0,1000000,3000,4
833624,833624,3334496,6319,166,664,1038.0,0.0,1038.0,1126,1126,636.2469879518072,23,0,1000000,3000,4
833710,833710,3334840,6320,86,344,609.0,0.0,609.0,683,683,335.93023255813955,14,0,1000000,3000,4
833819,833819,3335276,6321,109,436,612.0,0.0,612.0,691,691,397.79816513761466,14,0,1000000,3000,4
833854,833854,3335416,6322,35,140,237.0,0.0,237.0,301,301,156.28571428571428,7,0,1000000,3000,4
834170,834170,3336680,6323,316,1264,1314.0,0.0,1314.0,1435,1435,775.3291139240506,29,0,1000000,3000,4
834282,834282,3337128,6324,112,448,612.0,0.0,612.0,690,690,326.63392857142856,14,0,1000000,3000,4
834320,834320,3337280,6325,38,152,245.0,0.0,245.0,309,309,152.60526315789474,7,0,1000000,3000,4
834349,834349,3337396,6326,29,116,247.0,0.0,247.0,310,310,156.48275862068965,7,0,1000000,3000,4
834457,834457,3337828,6327,108,432,596.0,0.0,596.0,675,675,391.23148148148147,14,0,1000000,3000,4
834560,834560,3338240,6328,103,412,617.0,0.0,617.0,694,694,372.41747572815535,14,0,1000000,3000,4
834762,834762,3339048,6329,202,808,1031.0,0.0,1031.0,1127,1127,621.1782178217821,23,0,1000000,3000,4
834801,834801,3339204,6330,39,156,249.0,0.0,249.0,314,314,141.48717948717947,7,0,1000000,3000,4
835047,835047,3340188,6331,246,984,1308.0,0.0,1308.0,1412,1412,766.8373983739838,29,0,1000000,3000,4
835202,835202,3340808,6332,155,620,637.0,0.0,637.0,722,722,482.64516129032256,15,0,1000000,3000,4
835357,835357,3341428,6333,155,620,637.0,0.0,637.0,722,722,499.1483870967742,15,0,1000000,3000,4
835391,835391,3341564,6334,34,136,247.0,0.0,247.0,311,311,149.47058823529412,7,0,1000000,3000,4
835738,835738,3342952,6335,347,1388,1292.0,0.0,1292.0,1417,1417,767.2824207492796,29,0,1000000,3000,4
835849,835849,3343396,6336,111,444,603.0,0.0,603.0,681,681,383.02702702702703,14,0,1000000,3000,4
835897,835897,3343588,6337,48,192,227.0,0.0,227.0,292,292,143.16666666666666,6,0,1000000,3000,4
835941,835941,3343764,6338,44,176,235.0,0.0,235.0,301,301,143.20454545454547,7,0,1000000,3000,4
835982,835982,3343928,6339,41,164,231.0,0.0,231.0,297,297,154.3658536585366,6,0,1000000,3000,4
836068,836068,3344272,6340,86,344,631.0,0.0,631.0,706,706,355.86046511627904,15,0,1000000,3000,4
836295,836295,3345180,6341,227,908,1035.0,0.0,1035.0,1137,1137,609.4405286343613,23,0,1000000,3000,4
836434,836434,3345736,6342,139,556,741.0,0.0,741.0,824,824,461.0647482014389,17,0,1000000,3000,4
836640,836640,3346560,6343,206,824,1325.0,0.0,1325.0,1424,1424,674.9174757281553,29,0,1000000,3000,4
837033,837033,3348132,6344,393,1572,1278.0,0.0,1278.0,1412,1412,711.470737913486,29,0,1000000,3000,4
837179,837179,3348716,6345,146,584,582.0,0.0,582.0,667,667,362.76027397260276,14,0,1000000,3000,4
837360,837360,3349440,6346,181,724,572.0,0.0,572.0,665,665,458.09944751381215,14,0,1000000,3000,4
837444,837444,3349776,6347,84,336,626.0,0.0,626.0,699,699,344.54761904761904,14,0,1000000,3000,4
837536,837536,3350144,6348,92,368,614.0,0.0,614.0,689,689,390.9021739130435,14,0,1000000,3000,4
837621,837621,3350484,6349,85,340,626.0,0.0,626.0,699,699,394.6823529411765,14,0,1000000,3000,4
837720,837720,3350880,6350,99,396,616.0,0.0,616.0,692,692,312.2323232323232,14,0,1000000,3000,4
837863,837863,3351452,6351,143,572,639.0,0.0,639.0,722,723,478.5174825174825,15,0,1000000,3000,4
837901,837901,3351604,6352,38,152,233.0,0.0,233.0,297,297,163.68421052631578,6,0,1000000,3000,4
838013,838013,3352052,6353,112,448,578.0,0.0,578.0,657,657,402.75,14,0,1000000,3000,4
838183,838183,3352732,6354,170,680,1320.0,0.0,1320.0,1410,1410,773.7117647058824,29,0,1000000,3000,4
838263,838263,3353052,6355,80,320,609.0,0.0,609.0,683,683,330.625,14,0,1000000,3000,4
838336,838336,3353344,6356,73,292,611.0,0.0,611.0,682,682,339.1506849315069,14,0,1000000,3000,4
838429,838429,3353716,6357,93,372,606.0,0.0,606.0,682,682,330.01075268817203,14,0,1000000,3000,4
838469,838469,3353876,6358,40,160,239.0,0.0,239.0,304,304,144.5,7,0,1000000,3000,4
838564,838564,3354256,6359,95,380,603.0,0.0,603.0,679,679,318.7894736842105,14,0,1000000,3000,4
838849,838849,3355396,6360,285,1140,1835.0,0.0,1835.0,1950,1950,978.4315789473684,40,0,1000000,3000,4
838885,838885,3355540,6361,36,144,245.0,0.0,245.0,310,310,154.44444444444446,7,0,1000000,3000,4
838967,838967,3355868,6362,82,328,628.0,0.0,628.0,702,702,397.5975609756098,15,0,1000000,3000,4
839143,839143,3356572,6363,176,704,1333.0,0.0,1333.0,1424,1424,708.5397727272727,29,0,1000000,3000,4
839178,839178,3356712,6364,35,140,244.0,0.0,244.0,308,308,140.14285714285714,7,0,1000000,3000,4
839208,839208,3356832,6365,30,120,249.0,0.0,249.0,310,310,165.9,7,0,1000000,3000,4
839364,839364,3357456,6366,156,624,1040.0,0.0,1040.0,1126,1126,642.9807692307693,23,0,1000000,3000,4
839452,839452,3357808,6367,88,352,623.0,0.0,623.0,697,697,381.57954545454544,14,0,1000000,3000,4
839802,839802,3359208,6368,350,1400,2347.0,0.0,2347.0,2472,2472,1211.9257142857143,50,0,1000000,3000,4
839889,839889,3359556,6369,87,348,625.0,0.0,625.0,700,700,356.3103448275862,15,0,1000000,3000,4
839925,839925,3359700,6370,36,144,243.0,0.0,243.0,308,308,153.05555555555554,7,0,1000000,3000,4
840090,840090,3360360,6371,165,660,1037.0,0.0,1037.0,1124,1124,612.4787878787879,23,0,1000000,3000,4
840290,840290,3361160,6372,200,800,1419.0,0.0,1419.0,1514,1514,795.33,31,0,1000000,3000,4
840399,840399,3361596,6373,109,436,597.0,0.0,597.0,675,675,394.45871559633025,14,0,1000000,3000,4
840439,840439,3361756,6374,40,160,233.0,0.0,233.0,297,297,157.55,6,0,1000000,3000,4
840579,840579,3362316,6375,140,560,721.0,0.0,721.0,805,805,468.12142857142857,17,0,1000000,3000,4
840784,840784,3363136,6376,205,820,1328.0,0.0,1328.0,1426,1426,691.819512195122,29,0,1000000,3000,4
840824,840824,3363296,6377,40,160,239.0,0.0,239.0,303,303,147.675,7,0,1000000,3000,4
841082,841082,3364328,6378,258,1032,1031.0,0.0,1031.0,1139,1139,694.6395348837209,23,0,1000000,3000,4
841195,841195,3364780,6379,113,452,627.0,0.0,627.0,706,706,362.6371681415929,15,0,1000000,3000,4
841509,841509,3366036,6380,314,1256,1403.0,0.0,1403.0,1523,1523,745.2261146496816,31,0,1000000,3000,4
841608,841608,3366432,6381,99,396,608.0,0.0,608.0,684,684,390.6363636363636,14,0,1000000,3000,4
841673,841673,3366692,6382,65,260,619.0,0.0,619.0,689,689,360.6461538461538,14,0,1000000,3000,4
841894,841894,3367576,6383,221,884,1315.0,0.0,1315.0,1416,1416,745.4841628959276,29,0,1000000,3000,4
842076,842076,3368304,6384,182,728,764.0,0.0,764.0,856,856,534.1318681318681,18,0,1000000,3000,4
842269,842269,3369076,6385,193,772,743.0,0.0,743.0,837,837,512.5336787564767,17,0,1000000,3000,4
842448,842448,3369792,6386,179,716,1046.0,0.0,1046.0,1138,1138,594.8826815642458,23,0,1000000,3000,4
842691,842691,3370764,6387,243,972,1022.0,0.0,1022.0,1126,1126,595.5267489711935,23,0,1000000,3000,4
842986,842986,3371944,6388,295,1180,1023.0,0.0,1023.0,1138,1138,591.735593220339,23,0,1000000,3000,4
843044,843044,3372176,6389,58,232,206.0,0.0,206.0,273,273,142.6206896551724,6,0,1000000,3000,4
843240,843240,3372960,6390,196,784,735.0,0.0,735.0,831,831,453.57142857142856,17,0,1000000,3000,4
843483,843483,3373932,6391,243,972,1313.0,0.0,1313.0,1418,1418,724.9218106995885,29,0,1000000,3000,4
843529,843529,3374116,6392,46,184,231.0,0.0,231.0,296,296,152.52173913043478,6,0,1000000,3000,4
843569,843569,3374276,6393,40,160,237.0,0.0,237.0,302,302,152.725,7,0,1000000,3000,4
843612,843612,3374448,6394,43,172,230.0,0.0,230.0,295,295,150.1627906976744,6,0,1000000,3000,4
843652,843652,3374608,6395,40,160,245.0,0.0,245.0,310,310,136.625,7,0,1000000,3000,4
843705,843705,3374820,6396,53,212,229.0,0.0,229.0,295,295,135.69811320754718,6,0,1000000,3000,4
843747,843747,3374988,6397,42,168,224.0,0.0,224.0,289,289,164.76190476190476,6,0,1000000,3000,4
844080,844080,3376320,6398,333,1332,1106.0,0.0,1106.0,1229,1229,633.2282282282282,25,0,1000000,3000,4
844245,844245,3376980,6399,165,660,765.0,0.0,765.0,855,855,512.8545454545455,18,0,1000000,3000,4
844375,844375,3377500,6400,130,520,818.0,0.0,818.0,898,898,562.8461538461538,18,0,1000000,3000,4
844408,844408,3377632,6401,33,132,251.0,0.0,251.0,313,313,146.5151515151515,7,0,1000000,3000,4
844572,844572,3378288,6402,164,656,1063.0,0.0,1063.0,1153,1153,557.280487804878,24,0,1000000,3000,4
844608,844608,3378432,6403,36,144,238.0,0.0,238.0,302,302,154.19444444444446,7,0,1000000,3000,4
844651,844651,3378604,6404,43,172,231.0,0.0,231.0,295,295,158.97674418604652,6,0,1000000,3000,4
844687,844687,3378748,6405,36,144,247.0,0.0,247.0,312,312,144.27777777777777,7,0,1000000,3000,4
844728,844728,3378912,6406,41,164,234.0,0.0,234.0,299,299,160.5609756097561,6,0,1000000,3000,4
844928,844928,3379712,6407,200,800,1313.0,0.0,1313.0,1410,1410,722.555,29,0,1000000,3000,4
844967,844967,3379868,6408,39,156,239.0,0.0,239.0,303,303,150.3846153846154,7,0,1000000,3000,4
845090,845090,3380360,6409,123,492,742.0,0.0,742.0,823,823,455.780487804878,17,0,1000000,3000,4
845306,845306,3381224,6410,216,864,1038.0,0.0,1038.0,1138,1138,589.2037037037037,23,0,1000000,3000,4
845423,845423,3381692,6411,117,468,623.0,0.0,623.0,702,702,371.8290598290598,15,0,1000000,3000,4
845541,845541,3382164,6412,118,472,585.0,0.0,585.0,664,664,389.7118644067797,14,0,1000000,3000,4
845749,845749,3382996,6413,208,832,1031.0,0.0,1031.0,1128,1128,634.6971153846154,23,0,1000000,3000,4
845930,845930,3383720,6414,181,724,1045.0,0.0,1045.0,1138,1138,540.0994475138122,23,0,1000000,3000,4
846170,846170,3384680,6415,240,960,1297.0,0.0,1297.0,1402,1402,760.975,29,0,1000000,3000,4
846276,846276,3385104,6416,106,424,601.0,0.0,601.0,679,679,384.188679245283,14,0,1000000,3000,4
846493,846493,3385972,6417,217,868,1026.0,0.0,1026.0,1125,1125,627.7603686635945,23,0,1000000,3000,4
846535,846535,3386140,6418,42,168,230.0,0.0,230.0,295,295,154.78571428571428,6,0,1000000,3000,4
846586,846586,3386344,6419,51,204,226.0,0.0,226.0,293,293,141.0,6,0,1000000,3000,4
846825,846825,3387300,6420,239,956,1323.0,0.0,1323.0,1427,1427,698.9372384937238,29,0,1000000,3000,4
846860,846860,3387440,6421,35,140,247.0,0.0,247.0,310,310,150.5142857142857,7,0,1000000,3000,4
847080,847080,3388320,6422,220,880,1134.0,0.0,1134.0,1235,1235,642.459090909091,25,0,1000000,3000,4
847121,847121,3388484,6423,41,164,230.0,0.0,230.0,294,294,162.46341463414635,6,0,1000000,3000,4
847528,847528,3390112,6424,407,1628,1276.0,0.0,1276.0,1412,1412,752.0540540540541,29,0,1000000,3000,4
847671,847671,3390684,6425,143,572,639.0,0.0,639.0,722,722,500.034965034965,15,0,1000000,3000,4
847953,847953,3391812,6426,282,1128,1297.0,0.0,1297.0,1410,1410,715.8439716312057,29,0,1000000,3000,4
847990,847990,3391960,6427,37,148,228.0,0.0,228.0,292,292,168.27027027027026,6,0,1000000,3000,4
848236,848236,3392944,6428,246,984,1561.0,0.0,1561.0,1668,1668,841.939024390244,34,0,1000000,3000,4
848465,848465,3393860,6429,229,916,721.0,0.0,721.0,823,823,529.1441048034934,17,0,1000000,3000,4
848596,848596,3394384,6430,131,524,716.0,0.0,716.0,799,799,481.98473282442745,16,0,1000000,3000,4
848693,848693,3394772,6431,97,388,615.0,0.0,615.0,692,692,321.4639175257732,14,0,1000000,3000,4
848908,848908,3395632,6432,215,860,1310.0,0.0,1310.0,1409,1409,757.4279069767442,29,0,1000000,3000,4
848945,848945,3395780,6433,37,148,247.0,0.0,247.0,311,311,139.45945945945945,7,0,1000000,3000,4
849253,849253,3397012,6434,308,1232,1011.0,0.0,1011.0,1128,1128,629.7727272727273,23,0,1000000,3000,4
849330,849330,3397320,6435,77,308,618.0,0.0,618.0,691,691,335.1818181818182,14,0,1000000,3000,4
849569,849569,3398276,6436,239,956,1320.0,0.0,1320.0,1424,1424,716.3389121338912,29,0,1000000,3000,4
849911,849911,3399644,6437,342,1368,1395.0,0.0,1395.0,1521,1521,820.9941520467836,31,0,1000000,3000,4
850022,850022,3400088,6438,111,444,623.0,0.0,623.0,702,702,378.3783783783784,15,0,1000000,3000,4
850204,850204,3400816,6439,182,728,1035.0,0.0,1035.0,1126,1126,645.3076923076923,23,0,1000000,3000,4
850392,850392,3401568,6440,188,752,1143.0,0.0,1143.0,1238,1238,678.4042553191489,25,0,1000000,3000,4
850437,850437,3401748,6441,45,180,230.0,0.0,230.0,296,296,148.51111111111112,6,0,1000000,3000,4
850590,850590,3402360,6442,153,612,1047.0,0.0,1047.0,1134,1134,652.0130718954248,23,0,1000000,3000,4
850773,850773,3403092,6443,183,732,760.0,0.0,760.0,854,854,534.1092896174863,18,0,1000000,3000,4
851007,851007,3404028,6444,234,936,1330.0,0.0,1330.0,1434,1434,671.6837606837607,29,0,1000000,3000,4
851275,851275,3405100,6445,268,1072,1675.0,0.0,1675.0,1783,1783,826.6156716417911,36,0,1000000,3000,4
851580,851580,3406320,6446,305,1220,1540.0,0.0,1540.0,1657,1657,843.3737704918033,34,0,1000000,3000,4
851742,851742,3406968,6447,162,648,811.0,0.0,811.0,898,898,540.0,18,0,1000000,3000,4
851984,851984,3407936,6448,242,968,742.0,0.0,742.0,848,848,536.8925619834711,17,0,1000000,3000,4
852025,852025,3408100,6449,41,164,240.0,0.0,240.0,305,305,146.9268292682927,7,0,1000000,3000,4
852144,852144,3408576,6450,119,476,644.0,0.0,644.0,722,724,334.8655462184874,15,0,1000000,3000,4
852201,852201,3408804,6451,57,228,221.0,0.0,221.0,289,289,132.2982456140351,6,0,1000000,3000,4
852250,852250,3409000,6452,49,196,216.0,0.0,216.0,281,281,160.3469387755102,6,0,1000000,3000,4
852290,852290,3409160,6453,40,160,235.0,0.0,235.0,299,299,154.45,6,0,1000000,3000,4
852327,852327,3409308,6454,37,148,245.0,0.0,245.0,309,309,138.94594594594594,7,0,1000000,3000,4
852666,852666,3410664,6455,339,1356,1006.0,0.0,1006.0,1129,1129,663.7581120943953,23,0,1000000,3000,4
852995,852995,3411980,6456,329,1316,1388.0,0.0,1388.0,1510,1510,735.8753799392098,31,0,1000000,3000,4
853214,853214,3412856,6457,219,876,1315.0,0.0,1315.0,1415,1415,695.2054794520548,29,0,1000000,3000,4
853485,853485,3413940,6458,271,1084,1400.0,0.0,1400.0,1511,1511,758.9926199261993,31,0,1000000,3000,4
853756,853756,3415024,6459,271,1084,1015.0,0.0,1015.0,1124,1124,625.4391143911439,23,0,1000000,3000,4
854020,854020,3416080,6460,264,1056,1017.0,0.0,1017.0,1124,1124,644.6439393939394,23,0,1000000,3000,4
854225,854225,3416900,6461,205,820,1030.0,0.0,1030.0,1127,1127,623.8390243902439,23,0,1000000,3000,4
854258,854258,3417032,6462,33,132,248.0,0.0,248.0,311,311,148.27272727272728,7,0,1000000,3000,4
854382,854382,3417528,6463,124,496,1043.0,0.0,1043.0,1122,1122,578.75,23,0,1000000,3000,4
854425,854425,3417700,6464,43,172,226.0,0.0,226.0,290,290,160.48837209302326,6,0,1000000,3000,4
854459,854459,3417836,6465,34,136,248.0,0.0,248.0,312,312,146.7058823529412,7,0,1000000,3000,4
854558,854558,3418232,6466,99,396,635.0,0.0,635.0,712,712,367.8787878787879,15,0,1000000,3000,4
854587,854587,3418348,6467,29,116,251.0,0.0,251.0,314,314,160.93103448275863,7,0,1000000,3000,4
854618,854618,3418472,6468,31,124,249.0,0.0,249.0,313,313,152.0,7,0,1000000,3000,4
854659,854659,3418636,6469,41,164,234.0,0.0,234.0,300,300,156.41463414634146,7,0,1000000,3000,4
854771,854771,3419084,6470,112,448,609.0,0.0,609.0,689,689,390.1875,14,0,1000000,3000,4
854802,854802,3419208,6471,31,124,250.0,0.0,250.0,313,313,154.38709677419354,7,0,1000000,3000,4
854889,854889,3419556,6472,87,348,630.0,0.0,630.0,705,705,376.13793103448273,15,0,1000000,3000,4
855040,855040,3420160,6473,151,604,1345.0,0.0,1345.0,1433,1433,659.5960264900663,29,0,1000000,3000,4
855137,855137,3420548,6474,97,388,611.0,0.0,611.0,688,688,410.08247422680415,14,0,1000000,3000,4
855174,855174,3420696,6475,37,148,231.0,0.0,231.0,294,294,170.8108108108108,6,0,1000000,3000,4
855265,855265,3421060,6476,91,364,609.0,0.0,609.0,683,683,349.010989010989,14,0,1000000,3000,4
855511,855511,3422044,6477,246,984,1330.0,0.0,1330.0,1437,1437,703.7317073170732,29,0,1000000,3000,4
855667,855667,3422668,6478,156,624,764.0,0.0,764.0,853,853,559.6923076923077,18,0,1000000,3000,4
855838,855838,3423352,6479,171,684,809.0,0.0,809.0,898,898,552.4444444444445,18,0,1000000,3000,4
855928,855928,3423712,6480,90,360,626.0,0.0,626.0,702,702,388.56666666666666,15,0,1000000,3000,4
856027,856027,3424108,6481,99,396,607.0,0.0,607.0,683,683,413.26262626262627,14,0,1000000,3000,4
856258,856258,3425032,6482,231,924,711.0,0.0,711.0,815,815,566.7922077922078,17,0,1000000,3000,4
856709,856709,3426836,6483,451,1804,2325.0,0.0,2325.0,2470,2470,1510.1330376940134,50,0,1000000,3000,4
856798,856798,3427192,6484,89,356,605.0,0.0,605.0,680,680,323.39325842696627,14,0,1000000,3000,4
856844,856844,3427376,6485,46,184,223.0,0.0,223.0,289,289,159.7608695652174,6,0,1000000,3000,4
856886,856886,3427544,6486,42,168,223.0,0.0,223.0,287,287,175.35714285714286,6,0,1000000,3000,4
857030,857030,3428120,6487,144,576,1159.0,0.0,1159.0,1243,1243,632.9097222222222,25,0,1000000,3000,4
857178,857178,3428712,6488,148,592,625.0,0.0,625.0,711,711,478.43243243243245,15,0,1000000,3000,4
857227,857227,3428908,6489,49,196,212.0,0.0,212.0,278,278,172.6122448979592,6,0,1000000,3000,4
857263,857263,3429052,6490,36,144,234.0,0.0,234.0,299,299,171.0,6,0,1000000,3000,4
857296,857296,3429184,6491,33,132,249.0,0.0,249.0,313,313,151.57575757575756,7,0,1000000,3000,4
857338,857338,3429352,6492,42,168,233.0,0.0,233.0,298,298,157.4047619047619,6,0,1000000,3000,4
857374,857374,3429496,6493,36,144,240.0,0.0,240.0,304,304,155.77777777777777,7,0,1000000,3000,4
857560,857560,3430240,6494,186,744,1039.0,0.0,1039.0,1132,1132,602.6021505376344,23,0,1000000,3000,4
857644,857644,3430576,6495,84,336,636.0,0.0,636.0,710,710,369.7261904761905,15,0,1000000,3000,4
857725,857725,3430900,6496,81,324,632.0,0.0,632.0,705,705,380.2962962962963,15,0,1000000,3000,4
857861,857861,3431444,6497,136,544,731.0,0.0,731.0,815,815,494.4779411764706,17,0,1000000,3000,4
857962,857962,3431848,6498,101,404,611.0,0.0,611.0,688,688,369.18811881188117,14,0,1000000,3000,4
858405,858405,3433620,6499,443,1772,2325.0,0.0,2325.0,2469,2469,1199.8713318284424,50,0,1000000,3000,4
858586,858586,3434344,6500,181,724,1332.0,0.0,1332.0,1426,1426,691.0331491712707,29,0,1000000,3000,4
858783,858783,3435132,6501,197,788,702.0,0.0,702.0,798,798,573.2385786802031,16,0,1000000,3000,4
858948,858948,3435792,6502,165,660,635.0,0.0,635.0,722,722,467.6848484848485,15,0,1000000,3000,4
858988,858988,3435952,6503,40,160,234.0,0.0,234.0,299,299,159.475,6,0,1000000,3000,4
859030,859030,3436120,6504,42,168,236.0,0.0,236.0,300,300,149.97619047619048,7,0,1000000,3000,4
859289,859289,3437156,6505,259,1036,1301.0,0.0,1301.0,1409,1409,654.3359073359073,29,0,1000000,3000,4
859399,859399,3437596,6506,110,440,593.0,0.0,593.0,672,672,391.4,14,0,1000000,3000,4
859603,859603,3438412,6507,204,816,1331.0,0.0,1331.0,1429,1429,642.3284313725491,29,0,1000000,3000,4
859713,859713,3438852,6508,110,440,610.0,0.0,610.0,687,687,393.9818181818182,14,0,1000000,3000,4
859834,859834,3439336,6509,121,484,602.0,0.0,602.0,683,683,358.1404958677686,14,0,1000000,3000,4
859911,859911,3439644,6510,77,308,612.0,0.0,612.0,684,684,316.24675324675326,14,0,1000000,3000,4
860063,860063,3440252,6511,152,608,637.0,0.0,637.0,722,723,465.0,15,0,1000000,3000,4
860201,860201,3440804,6512,138,552,736.0,0.0,736.0,820,820,498.0072463768116,17,0,1000000,3000,4
860355,860355,3441420,6513,154,616,813.0,0.0,813.0,898,898,531.5584415584416,18,0,1000000,3000,4
860398,860398,3441592,6514,43,172,230.0,0.0,230.0,295,295,153.8139534883721,6,0,1000000,3000,4
860660,860660,3442640,6515,262,1048,791.0,0.0,791.0,898,899,677.7557251908397,18,0,1000000,3000,4
860702,860702,3442808,6516,42,168,236.0,0.0,236.0,300,300,152.1904761904762,7,0,1000000,3000,4
860842,860842,3443368,6517,140,560,639.0,0.0,639.0,722,722,511.6928571428571,15,0,1000000,3000,4
861027,861027,3444108,6518,185,740,806.0,0.0,806.0,898,899,552.9567567567567,18,0,1000000,3000,4
861064,861064,3444256,6519,37,148,238.0,0.0,238.0,303,303,153.97297297297297,7,0,1000000,3000,4
861153,861153,3444612,6520,89,356,612.0,0.0,612.0,685,685,309.2584269662921,14,0,1000000,3000,4
861196,861196,3444784,6521,43,172,242.0,0.0,242.0,307,307,136.3953488372093,7,0,1000000,3000,4
861241,861241,3444964,6522,45,180,230.0,0.0,230.0,295,295,154.75555555555556,6,0,1000000,3000,4
861366,861366,3445464,6523,125,500,609.0,0.0,609.0,691,691,355.984,14,0,1000000,3000,4
861411,861411,3445644,6524,45,180,225.0,0.0,225.0,291,291,156.75555555555556,6,0,1000000,3000,4
861705,861705,3446820,6525,294,1176,1310.0,0.0,1310.0,1426,1426,693.5034013605442,29,0,1000000,3000,4
861818,861818,3447272,6526,113,452,622.0,0.0,622.0,701,701,366.5132743362832,15,0,1000000,3000,4
861857,861857,3447428,6527,39,156,240.0,0.0,240.0,303,303,142.02564102564102,7,0,1000000,3000,4
861950,861950,3447800,6528,93,372,633.0,0.0,633.0,709,709,372.36559139784947,15,0,1000000,3000,4
862003,862003,3448012,6529,53,212,232.0,0.0,232.0,299,299,129.88679245283018,6,0,1000000,3000,4
862032,862032,3448128,6530,29,116,248.0,0.0,248.0,311,311,156.89655172413794,7,0,1000000,3000,4
862071,862071,3448284,6531,39,156,242.0,0.0,242.0,307,307,147.46153846153845,7,0,1000000,3000,4
862256,862256,3449024,6532,185,740,1036.0,0.0,1036.0,1128,1128,602.7243243243244,23,0,1000000,3000,4
862338,862338,3449352,6533,82,328,620.0,0.0,620.0,693,693,353.1585365853659,14,0,1000000,3000,4
862615,862615,3450460,6534,277,1108,1312.0,0.0,1312.0,1424,1424,733.8303249097473,29,0,1000000,3000,4
862706,862706,3450824,6535,91,364,632.0,0.0,632.0,707,707,378.8241758241758,15,0,1000000,3000,4
862906,862906,3451624,6536,200,800,1032.0,0.0,1032.0,1127,1127,625.845,23,0,1000000,3000,4
863059,863059,3452236,6537,153,612,754.0,0.0,754.0,841,841,509.93464052287584,17,0,1000000,3000,4
863096,863096,3452384,6538,37,148,237.0,0.0,237.0,302,302,163.45945945945945,7,0,1000000,3000,4
863142,863142,3452568,6539,46,184,224.0,0.0,224.0,290,290,162.2826086956522,6,0,1000000,3000,4
863388,863388,3453552,6540,246,984,1023.0,0.0,1023.0,1128,1128,694.2845528455284,23,0,1000000,3000,4
863601,863601,3454404,6541,213,852,1027.0,0.0,1027.0,1124,1124,561.4037558685446,23,0,1000000,3000,4
863686,863686,3454744,6542,85,340,607.0,0.0,607.0,681,681,318.4,14,0,1000000,3000,4
863735,863735,3454940,6543,49,196,219.0,0.0,219.0,285,285,158.71428571428572,6,0,1000000,3000,4
863831,863831,3455324,6544,96,384,620.0,0.0,620.0,696,696,376.9270833333333,14,0,1000000,3000,4
863932,863932,3455728,6545,101,404,635.0,0.0,635.0,713,713,360.76237623762376,15,0,1000000,3000,4
864037,864037,3456148,6546,105,420,623.0,0.0,623.0,700,700,348.0571428571429,15,0,1000000,3000,4
864193,864193,3456772,6547,156,624,1050.0,0.0,1050.0,1137,1137,583.1282051282051,23,0,1000000,3000,4
864351,864351,3457404,6548,158,632,773.0,0.0,773.0,860,860,527.6708860759494,18,0,1000000,3000,4
864543,864543,3458172,6549,192,768,1339.0,0.0,1339.0,1435,1435,681.3229166666666,29,0,1000000,3000,4
864836,864836,3459344,6550,293,1172,1023.0,0.0,1023.0,1138,1138,693.9931740614335,23,0,1000000,3000,4
864877,864877,3459508,6551,41,164,232.0,0.0,232.0,297,297,162.73170731707316,6,0,1000000,3000,4
864912,864912,3459648,6552,35,140,244.0,0.0,244.0,308,308,151.9142857142857,7,0,1000000,3000,4
864952,864952,3459808,6553,40,160,230.0,0.0,230.0,295,295,159.8,6,0,1000000,3000,4
865163,865163,3460652,6554,211,844,1031.0,0.0,1031.0,1129,1129,698.1042654028436,23,0,1000000,3000,4
865202,865202,3460808,6555,39,156,235.0,0.0,235.0,300,300,157.92307692307693,7,0,1000000,3000,4
865314,865314,3461256,6556,112,448,599.0,0.0,599.0,678,678,389.42857142857144,14,0,1000000,3000,4
865354,865354,3461416,6557,40,160,230.0,0.0,230.0,295,295,160.275,6,0,1000000,3000,4
865589,865589,3462356,6558,235,940,1316.0,0.0,1316.0,1420,1420,716.0808510638298,29,0,1000000,3000,4
865629,865629,3462516,6559,40,160,233.0,0.0,233.0,298,298,163.125,6,0,1000000,3000,4
865664,865664,3462656,6560,35,140,235.0,0.0,235.0,298,298,165.4,6,0,1000000,3000,4
865701,865701,3462804,6561,37,148,232.0,0.0,232.0,296,296,158.59459459459458,6,0,1000000,3000,4
865817,865817,3463268,6562,116,464,581.0,0.0,581.0,661,661,404.0603448275862,14,0,1000000,3000,4
866091,866091,3464364,6563,274,1096,1019.0,0.0,1019.0,1129,1129,671.3540145985402,23,0,1000000,3000,4
866324,866324,3465296,6564,233,932,1329.0,0.0,1329.0,1433,1433,650.175965665236,29,0,1000000,3000,4
866366,866366,3465464,6565,42,168,231.0,0.0,231.0,296,296,158.71428571428572,6,0,1000000,3000,4
866400,866400,3465600,6566,34,136,247.0,0.0,247.0,310,310,138.26470588235293,7,0,1000000,3000,4
866545,866545,3466180,6567,145,580,815.0,0.0,815.0,898,898,597.4758620689655,18,0,1000000,3000,4
866842,866842,3467368,6568,297,1188,1287.0,0.0,1287.0,1403,1403,779.060606060606,29,0,1000000,3000,4
866997,866997,3467988,6569,155,620,1039.0,0.0,1039.0,1124,1124,544.2774193548387,23,0,1000000,3000,4
867109,867109,3468436,6570,112,448,605.0,0.0,605.0,683,683,382.67857142857144,14,0,1000000,3000,4
867302,867302,3469208,6571,193,772,749.0,0.0,749.0,845,845,553.2383419689119,17,0,1000000,3000,4
867602,867602,3470408,6572,300,1200,1298.0,0.0,1298.0,1413,1413,729.7266666666667,29,0,1000000,3000,4
867693,867693,3470772,6573,91,364,609.0,0.0,609.0,685,685,308.34065934065933,14,0,1000000,3000,4
867838,867838,3471352,6574,145,580,639.0,0.0,639.0,722,722,515.1862068965518,15,0,1000000,3000,4
867881,867881,3471524,6575,43,172,220.0,0.0,220.0,285,285,158.88372093023256,6,0,1000000,3000,4
868025,868025,3472100,6576,144,576,1354.0,0.0,1354.0,1440,1440,723.2986111111111,29,0,1000000,3000,4
868264,868264,3473056,6577,239,956,1020.0,0.0,1020.0,1123,1123,634.1297071129707,23,0,1000000,3000,4
868295,868295,3473180,6578,31,124,248.0,0.0,248.0,310,310,147.41935483870967,7,0,1000000,3000,4
868629,868629,3474516,6579,334,1336,676.0,0.0,676.0,799,799,615.437125748503,16,0,1000000,3000,4
868790,868790,3475160,6580,161,644,635.0,0.0,635.0,722,723,496.72049689440996,15,0,1000000,3000,4
868830,868830,3475320,6581,40,160,233.0,0.0,233.0,298,298,152.375,6,0,1000000,3000,4
868915,868915,3475660,6582,85,340,638.0,0.0,638.0,712,712,362.4235294117647,15,0,1000000,3000,4
869033,869033,3476132,6583,118,472,599.0,0.0,599.0,678,678,380.8135593220339,14,0,1000000,3000,4
869100,869100,3476400,6584,67,268,608.0,0.0,608.0,679,679,311.3134328358209,14,0,1000000,3000,4
869233,869233,3476932,6585,133,532,584.0,0.0,584.0,667,667,391.7518796992481,14,0,1000000,3000,4
869327,869327,3477308,6586,94,376,649.0,0.0,649.0,722,723,372.0,15,0,1000000,3000,4
869511,869511,3478044,6587,184,736,1044.0,0.0,1044.0,1137,1137,580.1902173913044,23,0,1000000,3000,4
869625,869625,3478500,6588,114,456,598.0,0.0,598.0,677,677,378.9035087719298,14,0,1000000,3000,4
869661,869661,3478644,6589,36,144,240.0,0.0,240.0,304,304,158.75,7,0,1000000,3000,4
869705,869705,3478820,6590,44,176,233.0,0.0,233.0,298,298,149.5909090909091,6,0,1000000,3000,4
869880,869880,3479520,6591,175,700,808.0,0.0,808.0,898,898,518.4171428571428,18,0,1000000,3000,4
870160,870160,3480640,6592,280,1120,1542.0,0.0,1542.0,1655,1655,799.95,34,0,1000000,3000,4
870338,870338,3481352,6593,178,712,632.0,0.0,632.0,722,722,457.1685393258427,15,0,1000000,3000,4
870507,870507,3482028,6594,169,676,1046.0,0.0,1046.0,1135,1135,525.6568047337278,23,0,1000000,3000,4
870667,870667,3482668,6595,160,640,738.0,0.0,738.0,825,825,469.775,17,0,1000000,3000,4
870775,870775,3483100,6596,108,432,613.0,0.0,613.0,691,691,368.8703703703704,14,0,1000000,3000,4
870952,870952,3483808,6597,177,708,1318.0,0.0,1318.0,1410,1410,647.1412429378531,29,0,1000000,3000,4
871048,871048,3484192,6598,96,384,633.0,0.0,633.0,710,710,359.7604166666667,15,0,1000000,3000,4
871081,871081,3484324,6599,33,132,242.0,0.0,242.0,305,305,163.78787878787878,7,0,1000000,3000,4
871273,871273,3485092,6600,192,768,730.0,0.0,730.0,826,826,529.4114583333334,17,0,1000000,3000,4
871376,871376,3485504,6601,103,412,598.0,0.0,598.0,676,676,393.19417475728153,14,0,1000000,3000,4
871472,871472,3485888,6602,96,384,618.0,0.0,618.0,695,695,389.5833333333333,14,0,1000000,3000,4
871512,871512,3486048,6603,40,160,243.0,0.0,243.0,308,308,147.7,7,0,1000000,3000,4
871763,871763,3487052,6604,251,1004,1323.0,0.0,1323.0,1431,1431,667.7689243027888,29,0,1000000,3000,4
871795,871795,3487180,6605,32,128,251.0,0.0,251.0,314,314,154.09375,7,0,1000000,3000,4
871979,871979,3487916,6606,184,736,1335.0,0.0,1335.0,1429,1429,675.8532608695652,29,0,1000000,3000,4
872010,872010,3488040,6607,31,124,246.0,0.0,246.0,310,310,155.90322580645162,7,0,1000000,3000,4
872113,872113,3488452,6608,103,412,632.0,0.0,632.0,709,709,370.6116504854369,15,0,1000000,3000,4
872149,872149,3488596,6609,36,144,234.0,0.0,234.0,299,299,154.72222222222223,6,0,1000000,3000,4
872249,872249,3488996,6610,100,400,629.0,0.0,629.0,705,705,365.67,15,0,1000000,3000,4
872279,872279,3489116,6611,30,120,248.0,0.0,248.0,311,311,161.13333333333333,7,0,1000000,3000,4
872311,872311,3489244,6612,32,128,248.0,0.0,248.0,312,312,150.75,7,0,1000000,3000,4
872418,872418,3489672,6613,107,428,595.0,0.0,595.0,673,673,395.9065420560748,14,0,1000000,3000,4
872451,872451,3489804,6614,33,132,244.0,0.0,244.0,308,308,158.63636363636363,7,0,1000000,3000,4
872488,872488,3489952,6615,37,148,232.0,0.0,232.0,297,297,168.54054054054055,6,0,1000000,3000,4
872525,872525,3490100,6616,37,148,242.0,0.0,242.0,307,307,155.43243243243242,7,0,1000000,3000,4
872558,872558,3490232,6617,33,132,244.0,0.0,244.0,308,308,153.75757575757575,7,0,1000000,3000,4
872593,872593,3490372,6618,35,140,243.0,0.0,243.0,308,308,146.97142857142856,7,0,1000000,3000,4
872690,872690,3490760,6619,97,388,600.0,0.0,600.0,676,676,395.2061855670103,14,0,1000000,3000,4
872868,872868,3491472,6620,178,712,749.0,0.0,749.0,842,842,503.85393258426967,17,0,1000000,3000,4
872910,872910,3491640,6621,42,168,237.0,0.0,237.0,303,303,152.6904761904762,7,0,1000000,3000,4
873118,873118,3492472,6622,208,832,1424.0,0.0,1424.0,1523,1523,726.9038461538462,31,0,1000000,3000,4
873202,873202,3492808,6623,84,336,624.0,0.0,624.0,698,698,352.0833333333333,14,0,1000000,3000,4
873378,873378,3493512,6624,176,704,808.0,0.0,808.0,898,898,576.8068181818181,18,0,1000000,3000,4
873469,873469,3493876,6625,91,364,624.0,0.0,624.0,700,700,371.4835164835165,15,0,1000000,3000,4
873687,873687,3494748,6626,218,872,1028.0,0.0,1028.0,1126,1126,639.1697247706422,23,0,1000000,3000,4
873722,873722,3494888,6627,35,140,241.0,0.0,241.0,305,305,162.97142857142856,7,0,1000000,3000,4
873895,873895,3495580,6628,173,692,1036.0,0.0,1036.0,1125,1125,601.1329479768787,23,0,1000000,3000,4
873971,873971,3495884,6629,76,304,606.0,0.0,606.0,679,679,329.5657894736842,14,0,1000000,3000,4
874056,874056,3496224,6630,85,340,651.0,0.0,651.0,722,722,383.38823529411764,15,0,1000000,3000,4
874156,874156,3496624,6631,100,400,619.0,0.0,619.0,696,696,380.84,14,0,1000000,3000,4
874276,874276,3497104,6632,120,480,744.0,0.0,744.0,825,825,490.15,17,0,1000000,3000,4
874376,874376,3497504,6633,100,400,620.0,0.0,620.0,697,697,349.22,14,0,1000000,3000,4
874526,874526,3498104,6634,150,600,637.0,0.0,637.0,722,722,495.99333333333334,15,0,1000000,3000,4
874561,874561,3498244,6635,35,140,250.0,0.0,250.0,313,313,144.14285714285714,7,0,1000000,3000,4
874760,874760,3499040,6636,199,796,1033.0,0.0,1033.0,1128,1128,698.3768844221106,23,0,1000000,3000,4
874872,874872,3499488,6637,112,448,604.0,0.0,604.0,683,683,348.19642857142856,14,0,1000000,3000,4
874910,874910,3499640,6638,38,152,249.0,0.0,249.0,314,314,141.78947368421052,7,0,1000000,3000,4
874948,874948,3499792,6639,38,152,249.0,0.0,249.0,314,314,137.1578947368421,7,0,1000000,3000,4
875099,875099,3500396,6640,151,604,1040.0,0.0,1040.0,1125,1125,553.933774834437,23,0,1000000,3000,4
875136,875136,3500544,6641,37,148,235.0,0.0,235.0,300,300,158.8918918918919,7,0,1000000,3000,4
875357,875357,3501428,6642,221,884,1026.0,0.0,1026.0,1126,1126,609.6153846153846,23,0,1000000,3000,4
875504,875504,3502016,6643,147,588,582.0,0.0,582.0,667,667,438.7482993197279,14,0,1000000,3000,4
875545,875545,3502180,6644,41,164,234.0,0.0,234.0,299,299,153.4390243902439,6,0,1000000,3000,4
875704,875704,3502816,6645,159,636,753.0,0.0,753.0,842,842,486.5157232704403,17,0,1000000,3000,4
875756,875756,3503024,6646,52,208,205.0,0.0,205.0,272,272,169.71153846153845,6,0,1000000,3000,4
875880,875880,3503520,6647,124,496,741.0,0.0,741.0,823,823,489.60483870967744,17,0,1000000,3000,4
875972,875972,3503888,6648,92,368,635.0,0.0,635.0,711,711,364.1630434782609,15,0,1000000,3000,4
876124,876124,3504496,6649,152,608,1039.0,0.0,1039.0,1124,1124,546.5197368421053,23,0,1000000,3000,4
876362,876362,3505448,6650,238,952,1023.0,0.0,1023.0,1126,1126,641.9453781512605,23,0,1000000,3000,4
876563,876563,3506252,6651,201,804,1138.0,0.0,1138.0,1235,1235,617.5621890547263,25,0,1000000,3000,4
876780,876780,3507120,6652,217,868,708.0,0.0,708.0,807,807,468.33179723502303,17,0,1000000,3000,4
876815,876815,3507260,6653,35,140,234.0,0.0,234.0,298,298,164.77142857142857,6,0,1000000,3000,4
876977,876977,3507908,6654,162,648,735.0,0.0,735.0,825,825,512.7716049382716,17,0,1000000,3000,4
877069,877069,3508276,6655,92,368,622.0,0.0,622.0,698,698,361.1195652173913,14,0,1000000,3000,4
877281,877281,3509124,6656,212,848,1139.0,0.0,1139.0,1239,1239,650.0188679245283,25,0,1000000,3000,4
877461,877461,3509844,6657,180,720,1038.0,0.0,1038.0,1130,1130,554.75,23,0,1000000,3000,4
877494,877494,3509976,6658,33,132,243.0,0.0,243.0,307,307,161.0909090909091,7,0,1000000,3000,4
877682,877682,3510728,6659,188,752,1430.0,0.0,1430.0,1525,1525,750.1489361702128,31,0,1000000,3000,4
877724,877724,3510896,6660,42,168,232.0,0.0,232.0,297,297,162.83333333333334,6,0,1000000,3000,4
877818,877818,3511272,6661,94,376,598.0,0.0,598.0,674,674,314.3936170212766,14,0,1000000,3000,4
877915,877915,3511660,6662,97,388,632.0,0.0,632.0,709,709,368.8144329896907,15,0,1000000,3000,4
877959,877959,3511836,6663,44,176,247.0,0.0,247.0,313,313,132.61363636363637,7,0,1000000,3000,4
878001,878001,3512004,6664,42,168,220.0,0.0,220.0,285,285,174.23809523809524,6,0,1000000,3000,4
878082,878082,3512328,6665,81,324,616.0,0.0,616.0,690,690,326.14814814814815,14,0,1000000,3000,4
878245,878245,3512980,6666,163,652,1037.0,0.0,1037.0,1125,1125,571.0490797546013,23,0,1000000,3000,4
878511,878511,3514044,6667,266,1064,1896.0,0.0,1896.0,2006,2006,1020.0112781954887,41,0,1000000,3000,4
878594,878594,3514376,6668,83,332,623.0,0.0,623.0,696,696,393.8313253012048,14,0,1000000,3000,4
878700,878700,3514800,6669,106,424,599.0,0.0,599.0,678,678,404.0943396226415,14,0,1000000,3000,4
878895,878895,3515580,6670,195,780,1338.0,0.0,1338.0,1434,1434,705.3076923076923,29,0,1000000,3000,4
878967,878967,3515868,6671,72,288,610.0,0.0,610.0,681,681,333.15277777777777,14,0,1000000,3000,4
879396,879396,3517584,6672,429,1716,2328.0,0.0,2328.0,2469,2469,1418.811188811189,50,0,1000000,3000,4
879463,879463,3517852,6673,67,268,609.0,0.0,609.0,680,680,318.46268656716416,14,0,1000000,3000,4
879498,879498,3517992,6674,35,140,247.0,0.0,247.0,312,312,143.4,7,0,1000000,3000,4
879536,879536,3518144,6675,38,152,240.0,0.0,240.0,305,305,150.73684210526315,7,0,1000000,3000,4
879637,879637,3518548,6676,101,404,611.0,0.0,611.0,688,688,406.33663366336634,14,0,1000000,3000,4
879733,879733,3518932,6677,96,384,634.0,0.0,634.0,711,711,363.5520833333333,15,0,1000000,3000,4
879817,879817,3519268,6678,84,336,616.0,0.0,616.0,689,689,325.8333333333333,14,0,1000000,3000,4
879856,879856,3519424,6679,39,156,238.0,0.0,238.0,303,303,158.35897435897436,7,0,1000000,3000,4
879888,879888,3519552,6680,32,128,249.0,0.0,249.0,313,313,147.84375,7,0,1000000,3000,4
880027,880027,3520108,6681,139,556,1042.0,0.0,1042.0,1124,1124,557.3453237410072,23,0,1000000,3000,4
880058,880058,3520232,6682,31,124,251.0,0.0,251.0,315,315,150.58064516129033,7,0,1000000,3000,4
880097,880097,3520388,6683,39,156,235.0,0.0,235.0,299,299,158.0,6,0,1000000,3000,4
880225,880225,3520900,6684,128,512,1042.0,0.0,1042.0,1122,1122,570.125,23,0,1000000,3000,4
880317,880317,3521268,6685,92,368,623.0,0.0,623.0,699,699,361.9891304347826,14,0,1000000,3000,4
880406,880406,3521624,6686,89,356,602.0,0.0,602.0,677,677,296.34831460674155,14,0,1000000,3000,4
880445,880445,3521780,6687,39,156,236.0,0.0,236.0,301,301,155.28205128205127,7,0,1000000,3000,4
880551,880551,3522204,6688,106,424,615.0,0.0,615.0,693,693,308.1698113207547,14,0,1000000,3000,4
880703,880703,3522812,6689,152,608,637.0,0.0,637.0,722,724,471.5657894736842,15,0,1000000,3000,4
880737,880737,3522948,6690,34,136,251.0,0.0,251.0,315,315,146.2941176470588,7,0,1000000,3000,4
880905,880905,3523620,6691,168,672,1041.0,0.0,1041.0,1131,1131,621.9166666666666,23,0,1000000,3000,4
881018,881018,3524072,6692,113,452,598.0,0.0,598.0,678,678,380.7345132743363,14,0,1000000,3000,4
881257,881257,3525028,6693,239,956,1327.0,0.0,1327.0,1432,1432,713.7615062761506,29,0,1000000,3000,4
881358,881358,3525432,6694,101,404,611.0,0.0,611.0,688,688,385.6831683168317,14,0,1000000,3000,4
881559,881559,3526236,6695,201,804,1335.0,0.0,1335.0,1433,1433,691.5621890547263,29,0,1000000,3000,4
881644,881644,3526576,6696,85,340,651.0,0.0,651.0,722,722,360.91764705882355,15,0,1000000,3000,4
881735,881735,3526940,6697,91,364,636.0,0.0,636.0,712,712,350.5274725274725,15,0,1000000,3000,4
881771,881771,3527084,6698,36,144,246.0,0.0,246.0,311,311,135.61111111111111,7,0,1000000,3000,4
881925,881925,3527700,6699,154,616,1043.0,0.0,1043.0,1129,1129,561.7792207792207,23,0,1000000,3000,4
882196,882196,3528784,6700,271,1084,1297.0,0.0,1297.0,1408,1408,707.1623616236162,29,0,1000000,3000,4
882230,882230,3528920,6701,34,136,236.0,0.0,236.0,299,299,167.85294117647058,6,0,1000000,3000,4
882416,882416,3529664,6702,186,744,806.0,0.0,806.0,898,899,564.7688172043011,18,0,1000000,3000,4
882583,882583,3530332,6703,167,668,634.0,0.0,634.0,722,723,479.7365269461078,15,0,1000000,3000,4
882623,882623,3530492,6704,40,160,248.0,0.0,248.0,313,313,134.75,7,0,1000000,3000,4
882853,882853,3531412,6705,230,920,1025.0,0.0,1025.0,1127,1127,701.508695652174,23,0,1000000,3000,4
883034,883034,3532136,6706,181,724,1036.0,0.0,1036.0,1128,1128,611.3701657458563,23,0,1000000,3000,4
883267,883267,3533068,6707,233,932,1311.0,0.0,1311.0,1413,1413,742.7596566523605,29,0,1000000,3000,4
883371,883371,3533484,6708,104,416,625.0,0.0,625.0,703,703,352.9423076923077,15,0,1000000,3000,4
883636,883636,3534544,6709,265,1060,1019.0,0.0,1019.0,1127,1127,659.2679245283019,23,0,1000000,3000,4
883796,883796,3535184,6710,160,640,610.0,0.0,610.0,697,697,460.6625,14,0,1000000,3000,4
883987,883987,3535948,6711,191,764,1314.0,0.0,1314.0,1408,1408,673.6335078534031,29,0,1000000,3000,4
884027,884027,3536108,6712,40,160,231.0,0.0,231.0,295,295,164.95,6,0,1000000,3000,4
884109,884109,3536436,6713,82,328,651.0,0.0,651.0,722,722,370.5731707317073,15,0,1000000,3000,4
884423,884423,3537692,6714,314,1256,1008.0,0.0,1008.0,1125,1125,751.328025477707,23,0,1000000,3000,4
884459,884459,3537836,6715,36,144,241.0,0.0,241.0,306,306,154.69444444444446,7,0,1000000,3000,4
884754,884754,3539016,6716,295,1180,708.0,0.0,708.0,824,824,587.0915254237289,17,0,1000000,3000,4
884797,884797,3539188,6717,43,172,224.0,0.0,224.0,289,289,159.02325581395348,6,0,1000000,3000,4
885014,885014,3540056,6718,217,868,1034.0,0.0,1034.0,1134,1134,606.1336405529954,23,0,1000000,3000,4
885094,885094,3540376,6719,80,320,631.0,0.0,631.0,703,703,393.1875,15,0,1000000,3000,4
885477,885477,3541908,6720,383,1532,1642.0,0.0,1642.0,1775,1775,877.5926892950391,36,0,1000000,3000,4
885510,885510,3542040,6721,33,132,247.0,0.0,247.0,310,310,160.33333333333334,7,0,1000000,3000,4
885612,885612,3542448,6722,102,408,619.0,0.0,619.0,696,696,375.15686274509807,14,0,1000000,3000,4
885840,885840,3543360,6723,228,912,1025.0,0.0,1025.0,1126,1126,667.2324561403509,23,0,1000000,3000,4
885875,885875,3543500,6724,35,140,233.0,0.0,233.0,298,298,156.37142857142857,6,0,1000000,3000,4
885911,885911,3543644,6725,36,144,249.0,0.0,249.0,314,314,145.25,7,0,1000000,3000,4
885947,885947,3543788,6726,36,144,242.0,0.0,242.0,307,307,156.83333333333334,7,0,1000000,3000,4
886335,886335,3545340,6727,388,1552,1536.0,0.0,1536.0,1670,1670,798.3427835051547,34,0,1000000,3000,4
886367,886367,3545468,6728,32,128,245.0,0.0,245.0,308,308,160.65625,7,0,1000000,3000,4
886434,886434,3545736,6729,67,268,611.0,0.0,611.0,681,681,326.6119402985075,14,0,1000000,3000,4
886534,886534,3546136,6730,100,400,616.0,0.0,616.0,692,692,377.3,14,0,1000000,3000,4
886569,886569,3546276,6731,35,140,247.0,0.0,247.0,310,310,155.97142857142856,7,0,1000000,3000,4
886603,886603,3546412,6732,34,136,244.0,0.0,244.0,307,307,160.1764705882353,7,0,1000000,3000,4
886641,886641,3546564,6733,38,152,234.0,0.0,234.0,298,298,168.94736842105263,6,0,1000000,3000,4
886980,886980,3547920,6734,339,1356,1823.0,0.0,1823.0,1948,1948,938.9705014749262,39,0,1000000,3000,4
887180,887180,3548720,6735,200,800,1306.0,0.0,1306.0,1403,1403,668.765,29,0,1000000,3000,4
887221,887221,3548884,6736,41,164,226.0,0.0,226.0,292,292,166.34146341463415,6,0,1000000,3000,4
887395,887395,3549580,6737,174,696,809.0,0.0,809.0,898,898,537.8448275862069,18,0,1000000,3000,4
887496,887496,3549984,6738,101,404,621.0,0.0,621.0,698,698,380.91089108910893,14,0,1000000,3000,4
887686,887686,3550744,6739,190,760,1317.0,0.0,1317.0,1411,1411,775.9263157894737,29,0,1000000,3000,4
887796,887796,3551184,6740,110,440,609.0,0.0,609.0,688,688,380.9727272727273,14,0,1000000,3000,4
888000,888000,3552000,6741,204,816,718.0,0.0,718.0,815,815,535.7205882352941,17,0,1000000,3000,4
888208,888208,3552832,6742,208,832,1305.0,0.0,1305.0,1403,1403,710.2884615384615,29,0,1000000,3000,4
888347,888347,3553388,6743,139,556,729.0,0.0,729.0,814,814,437.568345323741,17,0,1000000,3000,4
888510,888510,3554040,6744,163,652,1048.0,0.0,1048.0,1137,1137,660.4417177914111,23,0,1000000,3000,4
888621,888621,3554484,6745,111,444,610.0,0.0,610.0,688,688,378.6126126126126,14,0,1000000,3000,4
888657,888657,3554628,6746,36,144,242.0,0.0,242.0,307,307,152.86111111111111,7,0,1000000,3000,4
888789,888789,3555156,6747,132,528,721.0,0.0,721.0,804,804,464.0530303030303,17,0,1000000,3000,4
889033,889033,3556132,6748,244,976,800.0,0.0,800.0,898,898,518.2295081967213,18,0,1000000,3000,4
889070,889070,3556280,6749,37,148,246.0,0.0,246.0,310,310,146.8108108108108,7,0,1000000,3000,4
889110,889110,3556440,6750,40,160,235.0,0.0,235.0,299,299,153.425,6,0,1000000,3000,4
889314,889314,3557256,6751,204,816,1040.0,0.0,1040.0,1137,1137,621.2058823529412,23,0,1000000,3000,4
889558,889558,3558232,6752,244,976,1022.0,0.0,1022.0,1126,1126,670.110655737705,23,0,1000000,3000,4
889745,889745,3558980,6753,187,748,777.0,0.0,777.0,872,872,521.9839572192514,18,0,1000000,3000,4
889856,889856,3559424,6754,111,444,600.0,0.0,600.0,680,680,391.84684684684686,14,0,1000000,3000,4
890059,890059,3560236,6755,203,812,1051.0,0.0,1051.0,1149,1149,586.4187192118227,23,0,1000000,3000,4
890178,890178,3560712,6756,119,476,619.0,0.0,619.0,700,700,329.1932773109244,15,0,1000000,3000,4
890222,890222,3560888,6757,44,176,233.0,0.0,233.0,299,299,137.8409090909091,6,0,1000000,3000,4
890412,890412,3561648,6758,190,760,1036.0,0.0,1036.0,1129,1129,587.8052631578947,23,0,1000000,3000,4
890447,890447,3561788,6759,35,140,244.0,0.0,244.0,307,307,162.22857142857143,7,0,1000000,3000,4
890556,890556,3562224,6760,109,436,619.0,0.0,619.0,697,697,337.48623853211006,14,0,1000000,3000,4
890599,890599,3562396,6761,43,172,248.0,0.0,248.0,314,314,135.37209302325581,7,0,1000000,3000,4
890829,890829,3563316,6762,230,920,1021.0,0.0,1021.0,1122,1122,567.8130434782609,23,0,1000000,3000,4
891032,891032,3564128,6763,203,812,1338.0,0.0,1338.0,1436,1436,701.7881773399015,29,0,1000000,3000,4
891161,891161,3564644,6764,129,516,625.0,0.0,625.0,707,707,333.28682170542635,15,0,1000000,3000,4
891254,891254,3565016,6765,93,372,620.0,0.0,620.0,695,695,369.0537634408602,14,0,1000000,3000,4
891367,891367,3565468,6766,113,452,645.0,0.0,645.0,722,722,363.1946902654867,15,0,1000000,3000,4
891934,891934,3567736,6767,567,2268,3008.0,0.0,3008.0,3161,3161,1663.4814814814815,64,0,1000000,3000,4
892156,892156,3568624,6768,222,888,1316.0,0.0,1316.0,1416,1416,744.0855855855856,29,0,1000000,3000,4
892579,892579,3570316,6769,423,1692,2334.0,0.0,2334.0,2474,2474,1411.2056737588653,50,0,1000000,3000,4
892704,892704,3570816,6770,125,500,1044.0,0.0,1044.0,1123,1123,578.64,23,0,1000000,3000,4
892787,892787,3571148,6771,83,332,651.0,0.0,651.0,722,722,371.421686746988,15,0,1000000,3000,4
892870,892870,3571480,6772,83,332,626.0,0.0,626.0,700,700,348.5903614457831,15,0,1000000,3000,4
892915,892915,3571660,6773,45,180,225.0,0.0,225.0,291,291,159.0,6,0,1000000,3000,4
892952,892952,3571808,6774,37,148,237.0,0.0,237.0,302,302,153.64864864864865,7,0,1000000,3000,4
893047,893047,3572188,6775,95,380,610.0,0.0,610.0,684,684,374.30526315789473,14,0,1000000,3000,4
893251,893251,3573004,6776,204,816,1335.0,0.0,1335.0,1433,1433,706.7990196078431,29,0,1000000,3000,4
893292,893292,3573168,6777,41,164,235.0,0.0,235.0,301,301,157.8780487804878,7,0,1000000,3000,4
893323,893323,3573292,6778,31,124,249.0,0.0,249.0,313,313,152.38709677419354,7,0,1000000,3000,4
893366,893366,3573464,6779,43,172,228.0,0.0,228.0,293,293,160.27906976744185,6,0,1000000,3000,4
893526,893526,3574104,6780,160,640,1036.0,0.0,1036.0,1123,1123,615.61875,23,0,1000000,3000,4
893800,893800,3575200,6781,274,1096,1890.0,0.0,1890.0,2002,2002,1013.7992700729927,41,0,1000000,3000,4
893831,893831,3575324,6782,31,124,248.0,0.0,248.0,312,312,149.90322580645162,7,0,1000000,3000,4
894072,894072,3576288,6783,241,964,1024.0,0.0,1024.0,1128,1128,641.6307053941908,23,0,1000000,3000,4
894112,894112,3576448,6784,40,160,235.0,0.0,235.0,300,300,151.35,7,0,1000000,3000,4
894197,894197,3576788,6785,85,340,609.0,0.0,609.0,683,683,345.2,14,0,1000000,3000,4
894305,894305,3577220,6786,108,432,603.0,0.0,603.0,682,682,383.27777777777777,14,0,1000000,3000,4
894340,894340,3577360,6787,35,140,241.0,0.0,241.0,306,306,151.5142857142857,7,0,1000000,3000,4
894459,894459,3577836,6788,119,476,725.0,0.0,725.0,805,805,462.7731092436975,17,0,1000000,3000,4
894648,894648,3578592,6789,189,756,1031.0,0.0,1031.0,1123,1123,631.5396825396825,23,0,1000000,3000,4
894891,894891,3579564,6790,243,972,1023.0,0.0,1023.0,1127,1127,626.0329218106996,23,0,1000000,3000,4
895101,895101,3580404,6791,210,840,1032.0,0.0,1032.0,1128,1128,654.1619047619048,23,0,1000000,3000,4
895226,895226,3580904,6792,125,500,737.0,0.0,737.0,819,819,495.368,17,0,1000000,3000,4
895312,895312,3581248,6793,86,344,609.0,0.0,609.0,684,684,315.75581395348837,14,0,1000000,3000,4
895351,895351,3581404,6794,39,156,229.0,0.0,229.0,294,294,167.23076923076923,6,0,1000000,3000,4
895464,895464,3581856,6795,113,452,611.0,0.0,611.0,691,691,355.7345132743363,14,0,1000000,3000,4
895698,895698,3582792,6796,234,936,1329.0,0.0,1329.0,1433,1433,722.6709401709402,29,0,1000000,3000,4
895734,895734,3582936,6797,36,144,240.0,0.0,240.0,305,305,157.22222222222223,7,0,1000000,3000,4
895814,895814,3583256,6798,80,320,604.0,0.0,604.0,678,678,340.2875,14,0,1000000,3000,4
895988,895988,3583952,6799,174,696,1038.0,0.0,1038.0,1128,1128,593.2701149425287,23,0,1000000,3000,4
896022,896022,3584088,6800,34,136,239.0,0.0,239.0,302,302,170.55882352941177,7,0,1000000,3000,4
896295,896295,3585180,6801,273,1092,1298.0,0.0,1298.0,1409,1409,735.3113553113553,29,0,1000000,3000,4
896421,896421,3585684,6802,126,504,574.0,0.0,574.0,656,656,403.7936507936508,14,0,1000000,3000,4
896488,896488,3585952,6803,67,268,620.0,0.0,620.0,691,691,353.02985074626866,14,0,1000000,3000,4
896641,896641,3586564,6804,153,612,1042.0,0.0,1042.0,1128,1128,560.5816993464052,23,0,1000000,3000,4
896717,896717,3586868,6805,76,304,603.0,0.0,603.0,676,676,342.1578947368421,14,0,1000000,3000,4
896868,896868,3587472,6806,151,604,637.0,0.0,637.0,722,722,507.70198675496687,15,0,1000000,3000,4
897297,897297,3589188,6807,429,1716,1886.0,0.0,1886.0,2029,2029,864.065268065268,41,0,1000000,3000,4
897517,897517,3590068,6808,220,880,1334.0,0.0,1334.0,1435,1435,692.3727272727273,29,0,1000000,3000,4
897549,897549,3590196,6809,32,128,252.0,0.0,252.0,316,316,154.78125,7,0,1000000,3000,4
897801,897801,3591204,6810,252,1008,1549.0,0.0,1549.0,1656,1656,850.0238095238095,34,0,1000000,3000,4
897883,897883,3591532,6811,82,328,637.0,0.0,637.0,711,711,390.7926829268293,15,0,1000000,3000,4
898214,898214,3592856,6812,331,1324,2624.0,0.0,2624.0,2748,2748,1375.6706948640483,55,0,1000000,3000,4
898295,898295,3593180,6813,81,324,635.0,0.0,635.0,708,708,385.9259259259259,15,0,1000000,3000,4
898433,898433,3593732,6814,138,552,801.0,0.0,801.0,885,885,546.804347826087,18,0,1000000,3000,4
898662,898662,3594648,6815,229,916,1027.0,0.0,1027.0,1128,1128,647.6200873362445,23,0,1000000,3000,4
898699,898699,3594796,6816,37,148,233.0,0.0,233.0,298,298,168.67567567567568,6,0,1000000,3000,4
898938,898938,3595752,6817,239,956,1855.0,0.0,1855.0,1960,1960,951.5020920502092,40,0,1000000,3000,4
899024,899024,3596096,6818,86,344,626.0,0.0,626.0,701,701,375.4186046511628,15,0,1000000,3000,4
899110,899110,3596440,6819,86,344,621.0,0.0,621.0,696,696,387.01162790697674,14,0,1000000,3000,4
899143,899143,3596572,6820,33,132,246.0,0.0,246.0,310,310,155.12121212121212,7,0,1000000,3000,4
899295,899295,3597180,6821,152,608,1346.0,0.0,1346.0,1434,1434,717.7171052631579,29,0,1000000,3000,4
899464,899464,3597856,6822,169,676,772.0,0.0,772.0,863,863,552.7988165680473,18,0,1000000,3000,4
899497,899497,3597988,6823,33,132,244.0,0.0,244.0,307,307,163.15151515151516,7,0,1000000,3000,4
899535,899535,3598140,6824,38,152,233.0,0.0,233.0,298,298,167.0,6,0,1000000,3000,4
899619,899619,3598476,6825,84,336,651.0,0.0,651.0,722,722,378.26190476190476,15,0,1000000,3000,4
899654,899654,3598616,6826,35,140,233.0,0.0,233.0,296,296,166.31428571428572,6,0,1000000,3000,4
899740,899740,3598960,6827,86,344,612.0,0.0,612.0,687,687,343.77906976744185,14,0,1000000,3000,4
899771,899771,3599084,6828,31,124,249.0,0.0,249.0,313,313,151.74193548387098,7,0,1000000,3000,4
899902,899902,3599608,6829,131,524,1047.0,0.0,1047.0,1129,1129,573.6488549618321,23,0,1000000,3000,4
900004,900004,3600016,6830,102,408,611.0,0.0,611.0,689,689,393.0,14,0,1000000,3000,4
900032,900032,3600128,6831,28,112,251.0,0.0,251.0,314,314,158.07142857142858,7,0,1000000,3000,4
900123,900123,3600492,6832,91,364,634.0,0.0,634.0,710,710,385.04395604395603,15,0,1000000,3000,4
900222,900222,3600888,6833,99,396,615.0,0.0,615.0,691,691,398.2828282828283,14,0,1000000,3000,4
900252,900252,3601008,6834,30,120,249.0,0.0,249.0,312,312,158.66666666666666,7,0,1000000,3000,4
900318,900318,3601272,6835,66,264,613.0,0.0,613.0,683,683,341.75757575757575,14,0,1000000,3000,4
900347,900347,3601388,6836,29,116,249.0,0.0,249.0,312,312,160.24137931034483,7,0,1000000,3000,4
900426,900426,3601704,6837,79,316,621.0,0.0,621.0,693,693,368.73417721518985,14,0,1000000,3000,4
900500,900500,3602000,6838,74,296,617.0,0.0,617.0,689,689,363.85135135135135,14,0,1000000,3000,4
900529,900529,3602116,6839,29,116,252.0,0.0,252.0,315,315,159.82758620689654,7,0,1000000,3000,4
900561,900561,3602244,6840,32,128,243.0,0.0,243.0,307,307,156.8125,7,0,1000000,3000,4
900644,900644,3602576,6841,83,332,624.0,0.0,624.0,698,698,397.8313253012048,14,0,1000000,3000,4
900678,900678,3602712,6842,34,136,236.0,0.0,236.0,300,300,164.73529411764707,7,0,1000000,3000,4
900779,900779,3603116,6843,101,404,602.0,0.0,602.0,680,680,414.019801980198,14,0,1000000,3000,4
900811,900811,3603244,6844,32,128,248.0,0.0,248.0,311,311,155.21875,7,0,1000000,3000,4
901010,901010,3604040,6845,199,796,1034.0,0.0,1034.0,1129,1129,649.1809045226131,23,0,1000000,3000,4
901147,901147,3604588,6846,137,548,1160.0,0.0,1160.0,1244,1244,624.2043795620438,25,0,1000000,3000,4
901378,901378,3605512,6847,231,924,1314.0,0.0,1314.0,1416,1416,715.0432900432901,29,0,1000000,3000,4
901455,901455,3605820,6848,77,308,634.0,0.0,634.0,707,707,394.72727272727275,15,0,1000000,3000,4
901632,901632,3606528,6849,177,708,1035.0,0.0,1035.0,1125,1125,660.3333333333334,23,0,1000000,3000,4
901664,901664,3606656,6850,32,128,246.0,0.0,246.0,310,310,156.875,7,0,1000000,3000,4
901697,901697,3606788,6851,33,132,251.0,0.0,251.0,315,315,151.3939393939394,7,0,1000000,3000,4
901872,901872,3607488,6852,175,700,1437.0,0.0,1437.0,1529,1529,748.3885714285715,31,0,1000000,3000,4
901975,901975,3607900,6853,103,412,619.0,0.0,619.0,697,697,374.97087378640776,14,0,1000000,3000,4
902100,902100,3608400,6854,125,500,748.0,0.0,748.0,831,831,513.512,17,0,1000000,3000,4
902281,902281,3609124,6855,181,724,1341.0,0.0,1341.0,1435,1435,759.707182320442,29,0,1000000,3000,4
902459,902459,3609836,6856,178,712,1033.0,0.0,1033.0,1123,1124,626.7921348314607,23,0,1000000,3000,4
902694,902694,3610776,6857,235,940,1311.0,0.0,1311.0,1412,1412,737.2468085106383,29,0,1000000,3000,4
902778,902778,3611112,6858,84,336,621.0,0.0,621.0,695,695,362.5952380952381,14,0,1000000,3000,4
902853,902853,3611412,6859,75,300,653.0,0.0,653.0,722,723,380.61333333333334,15,0,1000000,3000,4
903106,903106,3612424,6860,253,1012,1567.0,0.0,1567.0,1675,1675,804.695652173913,34,0,1000000,3000,4
903193,903193,3612772,6861,87,348,620.0,0.0,620.0,694,694,394.367816091954,14,0,1000000,3000,4
903226,903226,3612904,6862,33,132,250.0,0.0,250.0,314,314,151.72727272727272,7,0,1000000,3000,4
903256,903256,3613024,6863,30,120,249.0,0.0,249.0,312,312,157.1,7,0,1000000,3000,4
903440,903440,3613760,6864,184,736,1033.0,0.0,1033.0,1124,1124,664.1902173913044,23,0,1000000,3000,4
903573,903573,3614292,6865,133,532,1043.0,0.0,1043.0,1125,1125,588.421052631579,23,0,1000000,3000,4
903702,903702,3614808,6866,129,516,769.0,0.0,769.0,851,851,528.4418604651163,18,0,1000000,3000,4
903868,903868,3615472,6867,166,664,810.0,0.0,810.0,898,900,577.144578313253,19,0,1000000,3000,4
903953,903953,3615812,6868,85,340,636.0,0.0,636.0,710,710,387.29411764705884,15,0,1000000,3000,4
904034,904034,3616136,6869,81,324,631.0,0.0,631.0,705,705,382.9012345679012,15,0,1000000,3000,4
904135,904135,3616540,6870,101,404,720.0,0.0,720.0,797,797,473.4257425742574,16,0,1000000,3000,4
904219,904219,3616876,6871,84,336,633.0,0.0,633.0,707,707,383.32142857142856,15,0,1000000,3000,4
904310,904310,3617240,6872,91,364,622.0,0.0,622.0,697,697,391.72527472527474,14,0,1000000,3000,4
904540,904540,3618160,6873,230,920,1028.0,0.0,1028.0,1129,1129,597.0173913043478,23,0,1000000,3000,4
904667,904667,3618668,6874,127,508,1044.0,0.0,1044.0,1125,1125,601.2913385826772,23,0,1000000,3000,4
904746,904746,3618984,6875,79,316,633.0,0.0,633.0,705,705,368.60759493670884,15,0,1000000,3000,4
904828,904828,3619312,6876,82,328,616.0,0.0,616.0,690,690,345.0121951219512,14,0,1000000,3000,4
905103,905103,3620412,6877,275,1100,1324.0,0.0,1324.0,1436,1436,748.2690909090909,29,0,1000000,3000,4
905212,905212,3620848,6878,109,436,589.0,0.0,589.0,667,667,394.0091743119266,14,0,1000000,3000,4
905359,905359,3621436,6879,147,588,740.0,0.0,740.0,825,825,496.16326530612247,17,0,1000000,3000,4
905438,905438,3621752,6880,79,316,617.0,0.0,617.0,689,689,318.1645569620253,14,0,1000000,3000,4
905599,905599,3622396,6881,161,644,758.0,0.0,758.0,847,847,477.0621118012422,17,0,1000000,3000,4
905793,905793,3623172,6882,194,776,629.0,0.0,629.0,722,722,448.4072164948454,15,0,1000000,3000,4
905989,905989,3623956,6883,196,784,804.0,0.0,804.0,898,899,542.8010204081633,18,0,1000000,3000,4
906090,906090,3624360,6884,101,404,604.0,0.0,604.0,682,682,345.56435643564356,14,0,1000000,3000,4
906217,906217,3624868,6885,127,508,715.0,0.0,715.0,797,797,455.84251968503935,16,0,1000000,3000,4
906316,906316,3625264,6886,99,396,623.0,0.0,623.0,700,700,371.07070707070704,15,0,1000000,3000,4
906359,906359,3625436,6887,43,172,230.0,0.0,230.0,295,295,153.93023255813952,6,0,1000000,3000,4
906596,906596,3626384,6888,237,948,1418.0,0.0,1418.0,1523,1523,697.8227848101266,31,0,1000000,3000,4
906700,906700,3626800,6889,104,416,609.0,0.0,609.0,686,686,386.00961538461536,14,0,1000000,3000,4
906919,906919,3627676,6890,219,876,1565.0,0.0,1565.0,1666,1666,790.5251141552511,34,0,1000000,3000,4
907042,907042,3628168,6891,123,492,580.0,0.0,580.0,661,661,399.2113821138211,14,0,1000000,3000,4
907147,907147,3628588,6892,105,420,618.0,0.0,618.0,695,695,383.2952380952381,14,0,1000000,3000,4
907408,907408,3629632,6893,261,1044,1317.0,0.0,1317.0,1427,1427,752.1111111111111,29,0,1000000,3000,4
907653,907653,3630612,6894,245,980,1298.0,0.0,1298.0,1403,1403,714.1591836734694,29,0,1000000,3000,4
907949,907949,3631796,6895,296,1184,1322.0,0.0,1322.0,1439,1439,777.8040540540541,29,0,1000000,3000,4
908184,908184,3632736,6896,235,940,1034.0,0.0,1034.0,1137,1137,621.7446808510638,23,0,1000000,3000,4
908268,908268,3633072,6897,84,336,734.0,0.0,734.0,808,808,380.35714285714283,17,0,1000000,3000,4
908453,908453,3633812,6898,185,740,1324.0,0.0,1324.0,1416,1416,691.3243243243244,29,0,1000000,3000,4
908695,908695,3634780,6899,242,968,1316.0,0.0,1316.0,1422,1422,714.0619834710744,29,0,1000000,3000,4
908799,908799,3635196,6900,104,416,606.0,0.0,606.0,683,683,398.03846153846155,14,0,1000000,3000,4
908914,908914,3635656,6901,115,460,620.0,0.0,620.0,700,700,366.3391304347826,15,0,1000000,3000,4
909115,909115,3636460,6902,201,804,1320.0,0.0,1320.0,1417,1417,735.2935323383084,29,0,1000000,3000,4
909294,909294,3637176,6903,179,716,1324.0,0.0,1324.0,1415,1415,733.0,29,0,1000000,3000,4
909324,909324,3637296,6904,30,120,251.0,0.0,251.0,315,315,155.06666666666666,7,0,1000000,3000,4
909362,909362,3637448,6905,38,152,235.0,0.0,235.0,299,299,162.73684210526315,6,0,1000000,3000,4
909656,909656,3638624,6906,294,1176,1831.0,0.0,1831.0,1946,1946,927.047619047619,39,0,1000000,3000,4
909692,909692,3638768,6907,36,144,246.0,0.0,246.0,311,311,144.80555555555554,7,0,1000000,3000,4
909890,909890,3639560,6908,198,792,1429.0,0.0,1429.0,1525,1525,754.7373737373738,31,0,1000000,3000,4
910065,910065,3640260,6909,175,700,1436.0,0.0,1436.0,1528,1528,673.1714285714286,31,0,1000000,3000,4
910096,910096,3640384,6910,31,124,248.0,0.0,248.0,312,312,151.80645161290323,7,0,1000000,3000,4
910269,910269,3641076,6911,173,692,1038.0,0.0,1038.0,1128,1128,610.7745664739884,23,0,1000000,3000,4
910383,910383,3641532,6912,114,456,722.0,0.0,722.0,801,801,496.1842105263158,17,0,1000000,3000,4
910414,910414,3641656,6913,31,124,248.0,0.0,248.0,312,312,153.80645161290323,7,0,1000000,3000,4
910593,910593,3642372,6914,179,716,1341.0,0.0,1341.0,1434,1434,704.9329608938548,29,0,1000000,3000,4
910689,910689,3642756,6915,96,384,609.0,0.0,609.0,685,685,397.1145833333333,14,0,1000000,3000,4
910828,910828,3643312,6916,139,556,816.0,0.0,816.0,898,899,562.3741007194244,18,0,1000000,3000,4
911069,911069,3644276,6917,241,964,1685.0,0.0,1685.0,1790,1790,892.1286307053942,36,0,1000000,3000,4
911265,911265,3645060,6918,196,784,1423.0,0.0,1423.0,1520,1520,735.4285714285714,31,0,1000000,3000,4
911456,911456,3645824,6919,191,764,1042.0,0.0,1042.0,1136,1136,691.1832460732984,23,0,1000000,3000,4
911492,911492,3645968,6920,36,144,236.0,0.0,236.0,299,299,168.80555555555554,6,0,1000000,3000,4
911536,911536,3646144,6921,44,176,223.0,0.0,223.0,289,289,167.25,6,0,1000000,3000,4
911677,911677,3646708,6922,141,564,1043.0,0.0,1043.0,1126,1126,608.8368794326241,23,0,1000000,3000,4
911767,911767,3647068,6923,90,360,623.0,0.0,623.0,696,696,392.3888888888889,14,0,1000000,3000,4
911959,911959,3647836,6924,192,768,1032.0,0.0,1032.0,1125,1125,609.7760416666666,23,0,1000000,3000,4
912044,912044,3648176,6925,85,340,609.0,0.0,609.0,683,683,348.2470588235294,14,0,1000000,3000,4
912089,912089,3648356,6926,45,180,221.0,0.0,221.0,286,286,167.15555555555557,6,0,1000000,3000,4
912126,912126,3648504,6927,37,148,232.0,0.0,232.0,296,296,164.48648648648648,6,0,1000000,3000,4
912233,912233,3648932,6928,107,428,605.0,0.0,605.0,683,683,405.2710280373832,14,0,1000000,3000,4
912473,912473,3649892,6929,240,960,1029.0,0.0,1029.0,1134,1134,658.4916666666667,23,0,1000000,3000,4
912509,912509,3650036,6930,36,144,240.0,0.0,240.0,305,305,156.91666666666666,7,0,1000000,3000,4
912717,912717,3650868,6931,208,832,1030.0,0.0,1030.0,1127,1127,591.0048076923077,23,0,1000000,3000,4
912949,912949,3651796,6932,232,928,1027.0,0.0,1027.0,1129,1129,620.1939655172414,23,0,1000000,3000,4
913184,913184,3652736,6933,235,940,1328.0,0.0,1328.0,1432,1432,700.2468085106383,29,0,1000000,3000,4
913483,913483,3653932,6934,299,1196,1551.0,0.0,1551.0,1668,1668,759.7123745819398,34,0,1000000,3000,4
913525,913525,3654100,6935,42,168,232.0,0.0,232.0,297,297,156.66666666666666,6,0,1000000,3000,4
913672,913672,3654688,6936,147,588,732.0,0.0,732.0,818,818,494.31972789115645,17,0,1000000,3000,4
913850,913850,3655400,6937,178,712,1143.0,0.0,1143.0,1235,1235,627.443820224719,25,0,1000000,3000,4
914148,914148,3656592,6938,298,1192,1292.0,0.0,1292.0,1408,1408,760.503355704698,29,0,1000000,3000,4
914327,914327,3657308,6939,179,716,808.0,0.0,808.0,898,898,550.68156424581,18,0,1000000,3000,4
914495,914495,3657980,6940,168,672,776.0,0.0,776.0,866,866,536.7142857142857,18,0,1000000,3000,4
914603,914603,3658412,6941,108,432,617.0,0.0,617.0,696,696,390.6203703703704,14,0,1000000,3000,4
914783,914783,3659132,6942,180,720,1037.0,0.0,1037.0,1128,1128,585.4722222222222,23,0,1000000,3000,4
915156,915156,3660624,6943,373,1492,1888.0,0.0,1888.0,2020,2020,890.5630026809652,41,0,1000000,3000,4
915242,915242,3660968,6944,86,344,617.0,0.0,617.0,692,692,350.30232558139534,14,0,1000000,3000,4
915280,915280,3661120,6945,38,152,235.0,0.0,235.0,300,300,155.3421052631579,7,0,1000000,3000,4
915474,915474,3661896,6946,194,776,1313.0,0.0,1313.0,1407,1407,695.6237113402062,29,0,1000000,3000,4
915719,915719,3662876,6947,245,980,794.0,0.0,794.0,898,899,620.0122448979591,18,0,1000000,3000,4
915850,915850,3663400,6948,131,524,734.0,0.0,734.0,817,817,508.4732824427481,17,0,1000000,3000,4
915888,915888,3663552,6949,38,152,231.0,0.0,231.0,295,295,171.6578947368421,6,0,1000000,3000,4
915997,915997,3663988,6950,109,436,592.0,0.0,592.0,670,670,407.26605504587155,14,0,1000000,3000,4
916029,916029,3664116,6951,32,128,242.0,0.0,242.0,306,306,165.75,7,0,1000000,3000,4
916222,916222,3664888,6952,193,772,1032.0,0.0,1032.0,1126,1126,627.4559585492228,23,0,1000000,3000,4
916260,916260,3665040,6953,38,152,241.0,0.0,241.0,305,305,155.39473684210526,7,0,1000000,3000,4
916360,916360,3665440,6954,100,400,620.0,0.0,620.0,697,697,369.76,14,0,1000000,3000,4
916523,916523,3666092,6955,163,652,1037.0,0.0,1037.0,1124,1124,588.9693251533743,23,0,1000000,3000,4
916620,916620,3666480,6956,97,388,624.0,0.0,624.0,701,701,380.2474226804124,15,0,1000000,3000,4
916661,916661,3666644,6957,41,164,237.0,0.0,237.0,303,303,148.2439024390244,7,0,1000000,3000,4
916743,916743,3666972,6958,82,328,615.0,0.0,615.0,688,688,340.0243902439024,14,0,1000000,3000,4
916832,916832,3667328,6959,89,356,650.0,0.0,650.0,722,722,371.23595505617976,15,0,1000000,3000,4
916866,916866,3667464,6960,34,136,237.0,0.0,237.0,300,300,161.88235294117646,7,0,1000000,3000,4
917053,917053,3668212,6961,187,748,1320.0,0.0,1320.0,1414,1414,743.4331550802139,29,0,1000000,3000,4
917095,917095,3668380,6962,42,168,233.0,0.0,233.0,298,298,158.95238095238096,6,0,1000000,3000,4
917307,917307,3669228,6963,212,848,1025.0,0.0,1025.0,1123,1123,649.3915094339623,23,0,1000000,3000,4
917440,917440,3669760,6964,133,532,746.0,0.0,746.0,829,829,512.984962406015,17,0,1000000,3000,4
917521,917521,3670084,6965,81,324,632.0,0.0,632.0,704,704,382.01234567901236,15,0,1000000,3000,4
917625,917625,3670500,6966,104,416,631.0,0.0,631.0,708,708,362.6442307692308,15,0,1000000,3000,4
917934,917934,3671736,6967,309,1236,1011.0,0.0,1011.0,1129,1129,671.2847896440129,23,0,1000000,3000,4
918166,918166,3672664,6968,232,928,1324.0,0.0,1324.0,1428,1428,700.8146551724138,29,0,1000000,3000,4
918416,918416,3673664,6969,250,1000,1412.0,0.0,1412.0,1519,1519,697.852,31,0,1000000,3000,4
918495,918495,3673980,6970,79,316,616.0,0.0,616.0,688,688,329.0,14,0,1000000,3000,4
918635,918635,3674540,6971,140,560,1056.0,0.0,1056.0,1140,1140,607.0571428571428,23,0,1000000,3000,4
918676,918676,3674704,6972,41,164,234.0,0.0,234.0,299,299,161.0487804878049,6,0,1000000,3000,4
918809,918809,3675236,6973,133,532,620.0,0.0,620.0,703,703,349.9323308270677,15,0,1000000,3000,4
918847,918847,3675388,6974,38,152,229.0,0.0,229.0,292,292,165.23684210526315,6,0,1000000,3000,4
918887,918887,3675548,6975,40,160,234.0,0.0,234.0,299,299,153.75,6,0,1000000,3000,4
918984,918984,3675936,6976,97,388,633.0,0.0,633.0,708,708,343.8144329896907,15,0,1000000,3000,4
919024,919024,3676096,6977,40,160,234.0,0.0,234.0,298,298,159.25,6,0,1000000,3000,4
919275,919275,3677100,6978,251,1004,1113.0,0.0,1113.0,1218,1218,659.4900398406375,25,0,1000000,3000,4
919393,919393,3677572,6979,118,472,586.0,0.0,586.0,666,666,397.03389830508473,14,0,1000000,3000,4
919633,919633,3678532,6980,240,960,1022.0,0.0,1022.0,1124,1124,615.3791666666667,23,0,1000000,3000,4
919674,919674,3678696,6981,41,164,231.0,0.0,231.0,296,296,160.9268292682927,6,0,1000000,3000,4
919787,919787,3679148,6982,113,452,620.0,0.0,620.0,699,699,370.16814159292034,14,0,1000000,3000,4
920042,920042,3680168,6983,255,1020,1407.0,0.0,1407.0,1515,1515,762.1960784313726,31,0,1000000,3000,4
920085,920085,3680340,6984,43,172,228.0,0.0,228.0,293,293,160.48837209302326,6,0,1000000,3000,4
920310,920310,3681240,6985,225,900,1125.0,0.0,1125.0,1226,1226,663.5555555555555,25,0,1000000,3000,4
920451,920451,3681804,6986,141,564,639.0,0.0,639.0,722,722,485.50354609929076,15,0,1000000,3000,4
920488,920488,3681952,6987,37,148,241.0,0.0,241.0,305,305,161.86486486486487,7,0,1000000,3000,4
920715,920715,3682860,6988,227,908,1025.0,0.0,1025.0,1125,1125,617.0352422907489,23,0,1000000,3000,4
920940,920940,3683760,6989,225,900,1141.0,0.0,1141.0,1243,1243,669.2666666666667,25,0,1000000,3000,4
920975,920975,3683900,6990,35,140,244.0,0.0,244.0,308,308,149.34285714285716,7,0,1000000,3000,4
921190,921190,3684760,6991,215,860,1317.0,0.0,1317.0,1415,1415,754.4697674418604,29,0,1000000,3000,4
921228,921228,3684912,6992,38,152,234.0,0.0,234.0,298,298,162.1578947368421,6,0,1000000,3000,4
921336,921336,3685344,6993,108,432,611.0,0.0,611.0,689,689,366.6574074074074,14,0,1000000,3000,4
921375,921375,3685500,6994,39,156,236.0,0.0,236.0,300,300,154.76923076923077,7,0,1000000,3000,4
921547,921547,3686188,6995,172,688,742.0,0.0,742.0,834,834,511.01162790697674,17,0,1000000,3000,4
921699,921699,3686796,6996,152,608,1051.0,0.0,1051.0,1138,1138,569.296052631579,23,0,1000000,3000,4
921743,921743,3686972,6997,44,176,229.0,0.0,229.0,294,294,155.5909090909091,6,0,1000000,3000,4
921784,921784,3687136,6998,41,164,237.0,0.0,237.0,303,303,150.46341463414635,7,0,1000000,3000,4
921906,921906,3687624,6999,122,488,605.0,0.0,605.0,686,686,379.6393442622951,14,0,1000000,3000,4
922306,922306,3689224,7000,400,1600,992.0,0.0,992.0,1127,1127,695.38,23,0,1000000,3000,4
922457,922457,3689828,7001,151,604,813.0,0.0,813.0,898,898,551.8013245033112,18,0,1000000,3000,4
922661,922661,3690644,7002,204,816,1032.0,0.0,1032.0,1128,1128,586.1960784313726,23,0,1000000,3000,4
922914,922914,3691656,7003,253,1012,1033.0,0.0,1033.0,1140,1140,679.399209486166,23,0,1000000,3000,4
923128,923128,3692512,7004,214,856,727.0,0.0,727.0,826,826,499.5934579439252,17,0,1000000,3000,4
923244,923244,3692976,7005,116,464,615.0,0.0,615.0,695,695,370.17241379310343,14,0,1000000,3000,4
923406,923406,3693624,7006,162,648,635.0,0.0,635.0,722,723,490.74691358024694,15,0,1000000,3000,4
923856,923856,3695424,7007,450,1800,988.0,0.0,988.0,1135,1135,703.0155555555556,23,0,1000000,3000,4
923967,923967,3695868,7008,111,444,612.0,0.0,612.0,690,690,380.98198198198196,14,0,1000000,3000,4
924239,924239,3696956,7009,272,1088,1022.0,0.0,1022.0,1133,1133,704.3860294117648,23,0,1000000,3000,4
924279,924279,3697116,7010,40,160,230.0,0.0,230.0,294,294,163.575,6,0,1000000,3000,4
924477,924477,3697908,7011,198,792,1037.0,0.0,1037.0,1133,1133,577.020202020202,23,0,1000000,3000,4
924711,924711,3698844,7012,234,936,1308.0,0.0,1308.0,1411,1411,719.7393162393163,29,0,1000000,3000,4
924850,924850,3699400,7013,139,556,721.0,0.0,721.0,805,805,492.1438848920863,17,0,1000000,3000,4
925017,925017,3700068,7014,167,668,810.0,0.0,810.0,898,899,553.9101796407185,18,0,1000000,3000,4
925058,925058,3700232,7015,41,164,232.0,0.0,232.0,297,297,161.4878048780488,6,0,1000000,3000,4
925099,925099,3700396,7016,41,164,230.0,0.0,230.0,295,295,157.85365853658536,6,0,1000000,3000,4
925141,925141,3700564,7017,42,168,230.0,0.0,230.0,295,295,155.38095238095238,6,0,1000000,3000,4
925265,925265,3701060,7018,124,496,624.0,0.0,624.0,705,705,361.6774193548387,15,0,1000000,3000,4
925358,925358,3701432,7019,93,372,615.0,0.0,615.0,690,690,322.61290322580646,14,0,1000000,3000,4
925560,925560,3702240,7020,202,808,1031.0,0.0,1031.0,1127,1127,617.1386138613861,23,0,1000000,3000,4
925653,925653,3702612,7021,93,372,627.0,0.0,627.0,702,702,378.4193548387097,15,0,1000000,3000,4
926006,926006,3704024,7022,353,1412,1004.0,0.0,1004.0,1130,1130,737.3541076487252,23,0,1000000,3000,4
926262,926262,3705048,7023,256,1024,1030.0,0.0,1030.0,1138,1138,655.94921875,23,0,1000000,3000,4
926374,926374,3705496,7024,112,448,607.0,0.0,607.0,686,686,388.17857142857144,14,0,1000000,3000,4
926628,926628,3706512,7025,254,1016,775.0,0.0,775.0,882,882,600.003937007874,18,0,1000000,3000,4
926884,926884,3707536,7026,256,1024,713.0,0.0,713.0,821,821,581.609375,17,0,1000000,3000,4
926987,926987,3707948,7027,103,412,613.0,0.0,613.0,690,690,375.5728155339806,14,0,1000000,3000,4
927159,927159,3708636,7028,172,688,1048.0,0.0,1048.0,1138,1138,616.1337209302326,23,0,1000000,3000,4
927376,927376,3709504,7029,217,868,1307.0,0.0,1307.0,1406,1406,694.8709677419355,29,0,1000000,3000,4
927757,927757,3711028,7030,381,1524,1536.0,0.0,1536.0,1670,1670,795.8503937007874,34,0,1000000,3000,4
927853,927853,3711412,7031,96,384,628.0,0.0,628.0,704,704,360.875,15,0,1000000,3000,4
927894,927894,3711576,7032,41,164,231.0,0.0,231.0,296,296,161.3170731707317,6,0,1000000,3000,4
928044,928044,3712176,7033,150,600,1042.0,0.0,1042.0,1127,1127,572.4733333333334,23,0,1000000,3000,4
928182,928182,3712728,7034,138,552,735.0,0.0,735.0,819,819,512.0,17,0,1000000,3000,4
928324,928324,3713296,7035,142,568,1042.0,0.0,1042.0,1126,1126,603.5211267605633,23,0,1000000,3000,4
928360,928360,3713440,7036,36,144,242.0,0.0,242.0,307,307,150.41666666666666,7,0,1000000,3000,4
928513,928513,3714052,7037,153,612,767.0,0.0,767.0,854,854,515.4313725490196,18,0,1000000,3000,4
928647,928647,3714588,7038,134,536,714.0,0.0,714.0,797,797,451.2761194029851,16,0,1000000,3000,4
928806,928806,3715224,7039,159,636,636.0,0.0,636.0,722,722,480.50314465408803,15,0,1000000,3000,4
928843,928843,3715372,7040,37,148,238.0,0.0,238.0,302,302,159.59459459459458,7,0,1000000,3000,4
928879,928879,3715516,7041,36,144,243.0,0.0,243.0,307,307,156.63888888888889,7,0,1000000,3000,4
929178,929178,3716712,7042,299,1196,1690.0,0.0,1690.0,1806,1806,892.8227424749164,37,0,1000000,3000,4
929570,929570,3718280,7043,392,1568,1876.0,0.0,1876.0,2011,2011,992.5994897959183,41,0,1000000,3000,4
929672,929672,3718688,7044,102,408,624.0,0.0,624.0,702,702,338.6078431372549,15,0,1000000,3000,4
929999,929999,3719996,7045,327,1308,1016.0,0.0,1016.0,1138,1138,694.7737003058104,23,0,1000000,3000,4
930104,930104,3720416,7046,105,420,630.0,0.0,630.0,708,708,357.3047619047619,15,0,1000000,3000,4
930311,930311,3721244,7047,207,828,1029.0,0.0,1029.0,1126,1126,576.1690821256038,23,0,1000000,3000,4
930511,930511,3722044,7048,200,800,1030.0,0.0,1030.0,1124,1124,595.48,23,0,1000000,3000,4
930783,930783,3723132,7049,272,1088,1414.0,0.0,1414.0,1524,1524,703.3419117647059,31,0,1000000,3000,4
931011,931011,3724044,7050,228,912,798.0,0.0,798.0,898,898,556.4254385964912,18,0,1000000,3000,4
931135,931135,3724540,7051,124,496,595.0,0.0,595.0,676,676,361.491935483871,14,0,1000000,3000,4
931366,931366,3725464,7052,231,924,1026.0,0.0,1026.0,1128,1128,627.3722943722944,23,0,1000000,3000,4
931408,931408,3725632,7053,42,168,230.0,0.0,230.0,296,296,157.45238095238096,6,0,1000000,3000,4
931451,931451,3725804,7054,43,172,230.0,0.0,230.0,295,295,152.41860465116278,6,0,1000000,3000,4
931491,931491,3725964,7055,40,160,237.0,0.0,237.0,301,301,152.875,7,0,1000000,3000,4
931679,931679,3726716,7056,188,752,603.0,0.0,603.0,696,696,449.2659574468085,14,0,1000000,3000,4
931792,931792,3727168,7057,113,452,599.0,0.0,599.0,677,677,377.1858407079646,14,0,1000000,3000,4
931829,931829,3727316,7058,37,148,244.0,0.0,244.0,307,307,146.2972972972973,7,0,1000000,3000,4
931931,931931,3727724,7059,102,408,614.0,0.0,614.0,690,690,380.87254901960785,14,0,1000000,3000,4
931969,931969,3727876,7060,38,152,237.0,0.0,237.0,301,301,153.1315789473684,7,0,1000000,3000,4
932013,932013,3728052,7061,44,176,230.0,0.0,230.0,295,295,152.52272727272728,6,0,1000000,3000,4
932232,932232,3728928,7062,219,876,1039.0,0.0,1039.0,1138,1138,583.9771689497717,23,0,1000000,3000,4
932328,932328,3729312,7063,96,384,607.0,0.0,607.0,682,682,382.7604166666667,14,0,1000000,3000,4
932441,932441,3729764,7064,113,452,593.0,0.0,593.0,671,671,386.3008849557522,14,0,1000000,3000,4
932556,932556,3730224,7065,115,460,624.0,0.0,624.0,703,703,353.7739130434783,15,0,1000000,3000,4
932658,932658,3730632,7066,102,408,630.0,0.0,630.0,707,707,377.078431372549,15,0,1000000,3000,4
932842,932842,3731368,7067,184,736,774.0,0.0,774.0,867,867,517.1576086956521,18,0,1000000,3000,4
932883,932883,3731532,7068,41,164,232.0,0.0,232.0,296,296,162.6341463414634,6,0,1000000,3000,4
932925,932925,3731700,7069,42,168,232.0,0.0,232.0,297,297,157.54761904761904,6,0,1000000,3000,4
933153,933153,3732612,7070,228,912,1128.0,0.0,1128.0,1229,1229,639.0833333333334,25,0,1000000,3000,4
933427,933427,3733708,7071,274,1096,1298.0,0.0,1298.0,1409,1409,749.2043795620438,29,0,1000000,3000,4
933648,933648,3734592,7072,221,884,1313.0,0.0,1313.0,1413,1413,725.3800904977376,29,0,1000000,3000,4
933771,933771,3735084,7073,123,492,609.0,0.0,609.0,690,690,362.3577235772358,14,0,1000000,3000,4
933868,933868,3735472,7074,97,388,625.0,0.0,625.0,701,701,346.21649484536084,15,0,1000000,3000,4
933993,933993,3735972,7075,125,500,619.0,0.0,619.0,700,700,358.488,15,0,1000000,3000,4
934039,934039,3736156,7076,46,184,221.0,0.0,221.0,287,287,162.30434782608697,6,0,1000000,3000,4
934079,934079,3736316,7077,40,160,235.0,0.0,235.0,299,299,159.825,6,0,1000000,3000,4
934120,934120,3736480,7078,41,164,237.0,0.0,237.0,303,303,147.5609756097561,7,0,1000000,3000,4
934344,934344,3737376,7079,224,896,1310.0,0.0,1310.0,1410,1410,754.7678571428571,29,0,1000000,3000,4
934383,934383,3737532,7080,39,156,238.0,0.0,238.0,301,301,155.3846153846154,7,0,1000000,3000,4
934663,934663,3738652,7081,280,1120,1017.0,0.0,1017.0,1128,1128,630.5714285714286,23,0,1000000,3000,4
934824,934824,3739296,7082,161,644,635.0,0.0,635.0,722,722,476.14906832298135,15,0,1000000,3000,4
935106,935106,3740424,7083,282,1128,1039.0,0.0,1039.0,1153,1153,660.9929078014185,24,0,1000000,3000,4
935148,935148,3740592,7084,42,168,235.0,0.0,235.0,301,301,156.6904761904762,7,0,1000000,3000,4
935435,935435,3741740,7085,287,1148,786.0,0.0,786.0,898,899,627.5923344947735,18,0,1000000,3000,4
935701,935701,3742804,7086,266,1064,1324.0,0.0,1324.0,1435,1435,726.327067669173,29,0,1000000,3000,4
936014,936014,3744056,7087,313,1252,1293.0,0.0,1293.0,1410,1411,787.9520766773163,29,0,1000000,3000,4
936108,936108,3744432,7088,94,376,632.0,0.0,632.0,707,707,367.6595744680851,15,0,1000000,3000,4
936218,936218,3744872,7089,110,440,624.0,0.0,624.0,704,704,375.0,15,0,1000000,3000,4
936262,936262,3745048,7090,44,176,230.0,0.0,230.0,295,295,154.9318181818182,6,0,1000000,3000,4
936309,936309,3745236,7091,47,188,214.0,0.0,214.0,280,280,170.59574468085106,6,0,1000000,3000,4
936419,936419,3745676,7092,110,440,625.0,0.0,625.0,704,704,369.59090909090907,15,0,1000000,3000,4
936639,936639,3746556,7093,220,880,1566.0,0.0,1566.0,1665,1665,789.2727272727273,34,0,1000000,3000,4
936669,936669,3746676,7094,30,120,250.0,0.0,250.0,313,313,156.93333333333334,7,0,1000000,3000,4
936786,936786,3747144,7095,117,468,600.0,0.0,600.0,680,680,387.9230769230769,14,0,1000000,3000,4
937001,937001,3748004,7096,215,860,1334.0,0.0,1334.0,1434,1434,739.7023255813954,29,0,1000000,3000,4
937072,937072,3748288,7097,71,284,653.0,0.0,653.0,722,723,390.3521126760563,15,0,1000000,3000,4
937362,937362,3749448,7098,290,1160,786.0,0.0,786.0,898,898,613.4103448275862,18,0,1000000,3000,4
937775,937775,3751100,7099,413,1652,992.0,0.0,992.0,1131,1131,741.6295399515739,23,0,1000000,3000,4
937866,937866,3751464,7100,91,364,607.0,0.0,607.0,681,681,380.24175824175825,14,0,1000000,3000,4
937899,937899,3751596,7101,33,132,248.0,0.0,248.0,312,312,148.93939393939394,7,0,1000000,3000,4
937935,937935,3751740,7102,36,144,240.0,0.0,240.0,304,304,156.08333333333334,7,0,1000000,3000,4
937983,937983,3751932,7103,48,192,231.0,0.0,231.0,298,298,135.29166666666666,6,0,1000000,3000,4
938063,938063,3752252,7104,80,320,608.0,0.0,608.0,682,682,316.775,14,0,1000000,3000,4
938172,938172,3752688,7105,109,436,620.0,0.0,620.0,698,698,373.74311926605503,14,0,1000000,3000,4
938309,938309,3753236,7106,137,548,756.0,0.0,756.0,841,841,513.2846715328467,17,0,1000000,3000,4
938465,938465,3753860,7107,156,624,1051.0,0.0,1051.0,1139,1139,657.4423076923077,23,0,1000000,3000,4
938666,938666,3754664,7108,201,804,1308.0,0.0,1308.0,1405,1405,687.9950248756219,29,0,1000000,3000,4
938830,938830,3755320,7109,164,656,811.0,0.0,811.0,898,899,554.4451219512196,18,0,1000000,3000,4
938870,938870,3755480,7110,40,160,240.0,0.0,240.0,304,304,149.925,7,0,1000000,3000,4
938902,938902,3755608,7111,32,128,244.0,0.0,244.0,308,308,149.1875,7,0,1000000,3000,4
939003,939003,3756012,7112,101,404,603.0,0.0,603.0,680,680,394.65346534653463,14,0,1000000,3000,4
939039,939039,3756156,7113,36,144,246.0,0.0,246.0,310,310,146.38888888888889,7,0,1000000,3000,4
939179,939179,3756716,7114,140,560,738.0,0.0,738.0,822,822,523.3285714285714,17,0,1000000,3000,4
939403,939403,3757612,7115,224,896,1336.0,0.0,1336.0,1438,1438,706.0758928571429,29,0,1000000,3000,4
939631,939631,3758524,7116,228,912,1694.0,0.0,1694.0,1797,1797,851.7324561403509,36,0,1000000,3000,4
939663,939663,3758652,7117,32,128,247.0,0.0,247.0,311,311,147.8125,7,0,1000000,3000,4
939864,939864,3759456,7118,201,804,1331.0,0.0,1331.0,1429,1429,685.1940298507462,29,0,1000000,3000,4
940161,940161,3760644,7119,297,1188,1312.0,0.0,1312.0,1429,1429,792.087542087542,29,0,1000000,3000,4
940415,940415,3761660,7120,254,1016,1326.0,0.0,1326.0,1434,1434,686.5,29,0,1000000,3000,4
940449,940449,3761796,7121,34,136,239.0,0.0,239.0,301,301,160.1764705882353,7,0,1000000,3000,4
940670,940670,3762680,7122,221,884,704.0,0.0,704.0,805,805,550.737556561086,17,0,1000000,3000,4
940758,940758,3763032,7123,88,352,638.0,0.0,638.0,713,713,375.57954545454544,15,0,1000000,3000,4
940991,940991,3763964,7124,233,932,1305.0,0.0,1305.0,1407,1407,720.5751072961374,29,0,1000000,3000,4
941065,941065,3764260,7125,74,296,617.0,0.0,617.0,689,689,329.35135135135135,14,0,1000000,3000,4
941191,941191,3764764,7126,126,504,594.0,0.0,594.0,677,677,379.9761904761905,14,0,1000000,3000,4
941585,941585,3766340,7127,394,1576,1091.0,0.0,1091.0,1225,1225,690.8807106598985,25,0,1000000,3000,4
941759,941759,3767036,7128,174,696,1576.0,0.0,1576.0,1668,1668,841.6896551724138,34,0,1000000,3000,4
941914,941914,3767656,7129,155,620,1043.0,0.0,1043.0,1129,1129,556.2709677419355,23,0,1000000,3000,4
942005,942005,3768020,7130,91,364,649.0,0.0,649.0,722,722,370.1868131868132,15,0,1000000,3000,4
942035,942035,3768140,7131,30,120,251.0,0.0,251.0,315,315,153.53333333333333,7,0,1000000,3000,4
942190,942190,3768760,7132,155,620,1041.0,0.0,1041.0,1127,1127,604.8645161290323,23,0,1000000,3000,4
942268,942268,3769072,7133,78,312,608.0,0.0,608.0,681,681,334.46153846153845,14,0,1000000,3000,4
942498,942498,3769992,7134,230,920,798.0,0.0,798.0,898,898,631.2913043478261,18,0,1000000,3000,4
942593,942593,3770372,7135,95,380,600.0,0.0,600.0,675,675,419.2631578947368,14,0,1000000,3000,4
942787,942787,3771148,7136,194,776,1034.0,0.0,1034.0,1127,1127,648.6907216494845,23,0,1000000,3000,4
942938,942938,3771752,7137,151,604,637.0,0.0,637.0,722,722,508.3112582781457,15,0,1000000,3000,4
943150,943150,3772600,7138,212,848,715.0,0.0,715.0,814,814,581.1179245283018,17,0,1000000,3000,4
943456,943456,3773824,7139,306,1224,1830.0,0.0,1830.0,1949,1949,959.3464052287582,39,0,1000000,3000,4
943563,943563,3774252,7140,107,428,630.0,0.0,630.0,709,709,354.8411214953271,15,0,1000000,3000,4
943883,943883,3775532,7141,320,1280,1314.0,0.0,1314.0,1435,1435,749.390625,29,0,1000000,3000,4
943920,943920,3775680,7142,37,148,235.0,0.0,235.0,300,300,162.45945945945945,7,0,1000000,3000,4
943959,943959,3775836,7143,39,156,229.0,0.0,229.0,293,293,161.5897435897436,6,0,1000000,3000,4
944115,944115,3776460,7144,156,624,812.0,0.0,812.0,898,898,565.5641025641025,18,0,1000000,3000,4
944422,944422,3777688,7145,307,1228,1295.0,0.0,1295.0,1411,1411,677.1889250814332,29,0,1000000,3000,4
944511,944511,3778044,7146,89,356,622.0,0.0,622.0,696,696,380.2022471910112,14,0,1000000,3000,4
944552,944552,3778208,7147,41,164,231.0,0.0,231.0,296,296,162.02439024390245,6,0,1000000,3000,4
944582,944582,3778328,7148,30,120,248.0,0.0,248.0,311,311,155.26666666666668,7,0,1000000,3000,4
945088,945088,3780352,7149,506,2024,2312.0,0.0,2312.0,2469,2469,1542.2786561264822,50,0,1000000,3000,4
945123,945123,3780492,7150,35,140,241.0,0.0,241.0,305,305,157.02857142857144,7,0,1000000,3000,4
945212,945212,3780848,7151,89,356,636.0,0.0,636.0,711,711,356.4719101123595,15,0,1000000,3000,4
945245,945245,3780980,7152,33,132,245.0,0.0,245.0,309,309,159.4848484848485,7,0,1000000,3000,4
945360,945360,3781440,7153,115,460,721.0,0.0,721.0,800,800,447.3565217391304,17,0,1000000,3000,4
945463,945463,3781852,7154,103,412,611.0,0.0,611.0,688,688,382.0,14,0,1000000,3000,4
945803,945803,3783212,7155,340,1360,1000.0,0.0,1000.0,1122,1122,641.3205882352942,23,0,1000000,3000,4
946081,946081,3784324,7156,278,1112,1126.0,0.0,1126.0,1239,1239,682.0575539568346,25,0,1000000,3000,4
946118,946118,3784472,7157,37,148,239.0,0.0,239.0,304,304,144.3783783783784,7,0,1000000,3000,4
946330,946330,3785320,7158,212,848,1303.0,0.0,1303.0,1402,1402,730.4952830188679,29,0,1000000,3000,4
946373,946373,3785492,7159,43,172,228.0,0.0,228.0,293,293,162.0,6,0,1000000,3000,4
946454,946454,3785816,7160,81,324,631.0,0.0,631.0,704,704,364.41975308641975,15,0,1000000,3000,4
946693,946693,3786772,7161,239,956,1024.0,0.0,1024.0,1127,1127,610.2510460251046,23,0,1000000,3000,4
946902,946902,3787608,7162,209,836,1557.0,0.0,1557.0,1654,1654,857.4306220095693,34,0,1000000,3000,4
947013,947013,3788052,7163,111,444,645.0,0.0,645.0,722,722,377.54954954954957,15,0,1000000,3000,4
947255,947255,3789020,7164,242,968,1413.0,0.0,1413.0,1519,1519,773.00826446281,31,0,1000000,3000,4
947438,947438,3789752,7165,183,732,1045.0,0.0,1045.0,1138,1138,665.0437158469946,23,0,1000000,3000,4
947644,947644,3790576,7166,206,824,1031.0,0.0,1031.0,1128,1128,632.6067961165048,23,0,1000000,3000,4
947680,947680,3790720,7167,36,144,241.0,0.0,241.0,306,306,154.30555555555554,7,0,1000000,3000,4
947852,947852,3791408,7168,172,688,1324.0,0.0,1324.0,1414,1414,734.0290697674419,29,0,1000000,3000,4
947933,947933,3791732,7169,81,324,639.0,0.0,639.0,711,711,387.87654320987656,15,0,1000000,3000,4
948072,948072,3792288,7170,139,556,816.0,0.0,816.0,898,898,560.0215827338129,18,0,1000000,3000,4
948206,948206,3792824,7171,134,536,720.0,0.0,720.0,803,803,479.76119402985074,17,0,1000000,3000,4
948244,948244,3792976,7172,38,152,236.0,0.0,236.0,300,300,156.0,7,0,1000000,3000,4
948274,948274,3793096,7173,30,120,249.0,0.0,249.0,313,313,154.86666666666667,7,0,1000000,3000,4
948437,948437,3793748,7174,163,652,1041.0,0.0,1041.0,1129,1129,579.7484662576687,23,0,1000000,3000,4
948719,948719,3794876,7175,282,1128,1835.0,0.0,1835.0,1948,1948,972.0070921985815,39,0,1000000,3000,4
948822,948822,3795288,7176,103,412,635.0,0.0,635.0,712,712,352.54368932038835,15,0,1000000,3000,4
948857,948857,3795428,7177,35,140,251.0,0.0,251.0,315,315,151.85714285714286,7,0,1000000,3000,4
948958,948958,3795832,7178,101,404,619.0,0.0,619.0,697,697,364.8217821782178,14,0,1000000,3000,4
949133,949133,3796532,7179,175,700,1037.0,0.0,1037.0,1127,1127,630.9142857142857,23,0,1000000,3000,4
949216,949216,3796864,7180,83,332,610.0,0.0,610.0,682,682,347.04819277108436,14,0,1000000,3000,4
949256,949256,3797024,7181,40,160,237.0,0.0,237.0,303,303,149.6,7,0,1000000,3000,4
949419,949419,3797676,7182,163,652,811.0,0.0,811.0,898,900,540.1349693251534,19,0,1000000,3000,4
949523,949523,3798092,7183,104,416,619.0,0.0,619.0,696,696,403.21153846153845,14,0,1000000,3000,4
949558,949558,3798232,7184,35,140,244.0,0.0,244.0,307,307,155.4,7,0,1000000,3000,4
949667,949667,3798668,7185,109,436,610.0,0.0,610.0,689,689,387.3394495412844,14,0,1000000,3000,4
949762,949762,3799048,7186,95,380,628.0,0.0,628.0,705,705,372.38947368421054,15,0,1000000,3000,4
949801,949801,3799204,7187,39,156,234.0,0.0,234.0,299,299,152.28205128205127,6,0,1000000,3000,4
949946,949946,3799784,7188,145,580,814.0,0.0,814.0,898,898,556.1241379310345,18,0,1000000,3000,4
950038,950038,3800152,7189,92,368,618.0,0.0,618.0,694,694,381.0869565217391,14,0,1000000,3000,4
950136,950136,3800544,7190,98,392,604.0,0.0,604.0,680,680,397.6326530612245,14,0,1000000,3000,4
950175,950175,3800700,7191,39,156,236.0,0.0,236.0,300,300,156.17948717948718,7,0,1000000,3000,4
950320,950320,3801280,7192,145,580,1053.0,0.0,1053.0,1138,1138,616.7655172413793,23,0,1000000,3000,4
950358,950358,3801432,7193,38,152,227.0,0.0,227.0,291,291,169.1578947368421,6,0,1000000,3000,4
950389,950389,3801556,7194,31,124,246.0,0.0,246.0,310,310,161.41935483870967,7,0,1000000,3000,4
950419,950419,3801676,7195,30,120,248.0,0.0,248.0,312,312,157.9,7,0,1000000,3000,4
950494,950494,3801976,7196,75,300,637.0,0.0,637.0,709,709,380.3333333333333,15,0,1000000,3000,4
950632,950632,3802528,7197,138,552,640.0,0.0,640.0,722,723,520.1086956521739,15,0,1000000,3000,4
950711,950711,3802844,7198,79,316,602.0,0.0,602.0,675,675,342.9113924050633,14,0,1000000,3000,4
950792,950792,3803168,7199,81,324,616.0,0.0,616.0,689,689,410.037037037037,14,0,1000000,3000,4
950961,950961,3803844,7200,169,676,1037.0,0.0,1037.0,1126,1126,612.8816568047338,23,0,1000000,3000,4
951122,951122,3804488,7201,161,644,1155.0,0.0,1155.0,1245,1245,635.8074534161491,25,0,1000000,3000,4
951197,951197,3804788,7202,75,300,638.0,0.0,638.0,710,710,382.82666666666665,15,0,1000000,3000,4
951232,951232,3804928,7203,35,140,248.0,0.0,248.0,313,313,151.71428571428572,7,0,1000000,3000,4
951263,951263,3805052,7204,31,124,252.0,0.0,252.0,316,316,153.61290322580646,7,0,1000000,3000,4
951404,951404,3805616,7205,141,564,747.0,0.0,747.0,833,833,495.07092198581563,17,0,1000000,3000,4
951492,951492,3805968,7206,88,352,634.0,0.0,634.0,708,708,379.3068181818182,15,0,1000000,3000,4
951710,951710,3806840,7207,218,872,1335.0,0.0,1335.0,1436,1436,735.0091743119266,29,0,1000000,3000,4
951848,951848,3807392,7208,138,552,1150.0,0.0,1150.0,1234,1234,629.0507246376811,25,0,1000000,3000,4
952034,952034,3808136,7209,186,744,1036.0,0.0,1036.0,1129,1129,679.9086021505376,23,0,1000000,3000,4
952067,952067,3808268,7210,33,132,239.0,0.0,239.0,303,303,166.36363636363637,7,0,1000000,3000,4
952098,952098,3808392,7211,31,124,245.0,0.0,245.0,309,309,153.80645161290323,7,0,1000000,3000,4
952128,952128,3808512,7212,30,120,250.0,0.0,250.0,313,313,153.8,7,0,1000000,3000,4
952214,952214,3808856,7213,86,344,624.0,0.0,624.0,698,698,385.51162790697674,14,0,1000000,3000,4
952242,952242,3808968,7214,28,112,248.0,0.0,248.0,311,311,155.82142857142858,7,0,1000000,3000,4
952323,952323,3809292,7215,81,324,634.0,0.0,634.0,707,707,398.679012345679,15,0,1000000,3000,4
952355,952355,3809420,7216,32,128,250.0,0.0,250.0,312,312,154.90625,7,0,1000000,3000,4
952433,952433,3809732,7217,78,312,606.0,0.0,606.0,678,678,362.6923076923077,14,0,1000000,3000,4
952601,952601,3810404,7218,168,672,1430.0,0.0,1430.0,1520,1520,750.4107142857143,31,0,1000000,3000,4
952630,952630,3810520,7219,29,116,245.0,0.0,245.0,308,308,157.17241379310346,7,0,1000000,3000,4
952727,952727,3810908,7220,97,388,626.0,0.0,626.0,703,703,369.2061855670103,15,0,1000000,3000,4
952869,952869,3811476,7221,142,568,755.0,0.0,755.0,841,841,527.8239436619718,17,0,1000000,3000,4
952953,952953,3811812,7222,84,336,623.0,0.0,623.0,696,696,402.2738095238095,14,0,1000000,3000,4
953208,953208,3812832,7223,255,1020,1311.0,0.0,1311.0,1417,1417,743.635294117647,29,0,1000000,3000,4
953243,953243,3812972,7224,35,140,246.0,0.0,246.0,310,310,153.05714285714285,7,0,1000000,3000,4
953424,953424,3813696,7225,181,724,1035.0,0.0,1035.0,1127,1127,644.4917127071823,23,0,1000000,3000,4
953629,953629,3814516,7226,205,820,1316.0,0.0,1316.0,1413,1413,735.7121951219513,29,0,1000000,3000,4
953791,953791,3815164,7227,162,648,1040.0,0.0,1040.0,1128,1128,600.6604938271605,23,0,1000000,3000,4
953898,953898,3815592,7228,107,428,598.0,0.0,598.0,677,677,402.2803738317757,14,0,1000000,3000,4
953977,953977,3815908,7229,79,316,617.0,0.0,617.0,690,690,360.56962025316454,14,0,1000000,3000,4
954167,954167,3816668,7230,190,760,737.0,0.0,737.0,831,831,495.9263157894737,17,0,1000000,3000,4
954199,954199,3816796,7231,32,128,245.0,0.0,245.0,308,308,157.3125,7,0,1000000,3000,4
954432,954432,3817728,7232,233,932,1317.0,0.0,1317.0,1420,1420,701.7682403433477,29,0,1000000,3000,4
954537,954537,3818148,7233,105,420,611.0,0.0,611.0,687,687,384.93333333333334,14,0,1000000,3000,4
954610,954610,3818440,7234,73,292,607.0,0.0,607.0,679,679,339.9178082191781,14,0,1000000,3000,4
954702,954702,3818808,7235,92,368,630.0,0.0,630.0,706,706,380.7282608695652,15,0,1000000,3000,4
954786,954786,3819144,7236,84,336,626.0,0.0,626.0,700,700,395.5238095238095,15,0,1000000,3000,4
954818,954818,3819272,7237,32,128,243.0,0.0,243.0,306,306,163.90625,7,0,1000000,3000,4
955067,955067,3820268,7238,249,996,1681.0,0.0,1681.0,1787,1787,855.156626506024,36,0,1000000,3000,4
955147,955147,3820588,7239,80,320,651.0,0.0,651.0,722,722,371.8375,15,0,1000000,3000,4
955222,955222,3820888,7240,75,300,635.0,0.0,635.0,708,708,384.74666666666667,15,0,1000000,3000,4
955387,955387,3821548,7241,165,660,756.0,0.0,756.0,846,846,557.8606060606061,17,0,1000000,3000,4
955422,955422,3821688,7242,35,140,233.0,0.0,233.0,297,297,168.4,6,0,1000000,3000,4
955601,955601,3822404,7243,179,716,1045.0,0.0,1045.0,1137,1137,608.9217877094972,23,0,1000000,3000,4
955633,955633,3822532,7244,32,128,245.0,0.0,245.0,309,309,156.5,7,0,1000000,3000,4
955743,955743,3822972,7245,110,440,606.0,0.0,606.0,684,684,391.53636363636366,14,0,1000000,3000,4
955782,955782,3823128,7246,39,156,233.0,0.0,233.0,296,296,168.74358974358975,6,0,1000000,3000,4
955877,955877,3823508,7247,95,380,621.0,0.0,621.0,697,697,356.9894736842105,14,0,1000000,3000,4
956039,956039,3824156,7248,162,648,752.0,0.0,752.0,841,841,495.5246913580247,17,0,1000000,3000,4
956076,956076,3824304,7249,37,148,238.0,0.0,238.0,303,303,158.02702702702703,7,0,1000000,3000,4
956233,956233,3824932,7250,157,628,1039.0,0.0,1039.0,1126,1126,640.9235668789809,23,0,1000000,3000,4
956302,956302,3825208,7251,69,276,615.0,0.0,615.0,686,686,342.8840579710145,14,0,1000000,3000,4
956478,956478,3825912,7252,176,704,1149.0,0.0,1149.0,1241,1241,655.6477272727273,25,0,1000000,3000,4
956512,956512,3826048,7253,34,136,239.0,0.0,239.0,301,301,158.38235294117646,7,0,1000000,3000,4
956676,956676,3826704,7254,164,656,635.0,0.0,635.0,722,723,495.1280487804878,15,0,1000000,3000,4
956911,956911,3827644,7255,235,940,1329.0,0.0,1329.0,1433,1433,718.1021276595744,29,0,1000000,3000,4
957141,957141,3828564,7256,230,920,1131.0,0.0,1131.0,1232,1232,641.1782608695652,25,0,1000000,3000,4
957294,957294,3829176,7257,153,612,1050.0,0.0,1050.0,1137,1137,572.4771241830065,23,0,1000000,3000,4
957464,957464,3829856,7258,170,680,1143.0,0.0,1143.0,1233,1233,625.0411764705882,25,0,1000000,3000,4
957543,957543,3830172,7259,79,316,635.0,0.0,635.0,706,706,381.0632911392405,15,0,1000000,3000,4
957706,957706,3830824,7260,163,652,1061.0,0.0,1061.0,1151,1151,603.8159509202454,24,0,1000000,3000,4
957856,957856,3831424,7261,150,600,721.0,0.0,721.0,808,808,501.73333333333335,17,0,1000000,3000,4
957890,957890,3831560,7262,34,136,243.0,0.0,243.0,306,306,164.7941176470588,7,0,1000000,3000,4
958027,958027,3832108,7263,137,548,816.0,0.0,816.0,898,898,568.7226277372263,18,0,1000000,3000,4
958504,958504,3834016,7264,477,1908,2316.0,0.0,2316.0,2466,2466,1406.3794549266247,50,0,1000000,3000,4
958633,958633,3834532,7265,129,516,582.0,0.0,582.0,664,664,373.51162790697674,14,0,1000000,3000,4
958683,958683,3834732,7266,50,200,211.0,0.0,211.0,278,278,165.66,6,0,1000000,3000,4
958752,958752,3835008,7267,69,276,608.0,0.0,608.0,679,679,310.81159420289856,14,0,1000000,3000,4
958812,958812,3835248,7268,60,240,205.0,0.0,205.0,272,272,153.9,6,0,1000000,3000,4
959021,959021,3836084,7269,209,836,731.0,0.0,731.0,829,829,536.7177033492823,17,0,1000000,3000,4
959058,959058,3836232,7270,37,148,247.0,0.0,247.0,312,312,138.0810810810811,7,0,1000000,3000,4
959298,959298,3837192,7271,240,960,1338.0,0.0,1338.0,1443,1443,724.4791666666666,29,0,1000000,3000,4
959331,959331,3837324,7272,33,132,247.0,0.0,247.0,311,311,145.63636363636363,7,0,1000000,3000,4
959424,959424,3837696,7273,93,372,617.0,0.0,617.0,693,693,336.81720430107526,14,0,1000000,3000,4
959611,959611,3838444,7274,187,748,1035.0,0.0,1035.0,1128,1128,599.8502673796792,23,0,1000000,3000,4
959810,959810,3839240,7275,199,796,1417.0,0.0,1417.0,1514,1514,727.5678391959799,31,0,1000000,3000,4
959846,959846,3839384,7276,36,144,241.0,0.0,241.0,306,306,159.44444444444446,7,0,1000000,3000,4
959882,959882,3839528,7277,36,144,226.0,0.0,226.0,290,290,170.52777777777777,6,0,1000000,3000,4
960083,960083,3840332,7278,201,804,744.0,0.0,744.0,842,842,553.1592039800995,17,0,1000000,3000,4
960122,960122,3840488,7279,39,156,231.0,0.0,231.0,294,294,169.4102564102564,6,0,1000000,3000,4
960269,960269,3841076,7280,147,588,638.0,0.0,638.0,722,722,474.8843537414966,15,0,1000000,3000,4
960494,960494,3841976,7281,225,900,1026.0,0.0,1026.0,1126,1126,622.5555555555555,23,0,1000000,3000,4
960717,960717,3842868,7282,223,892,744.0,0.0,744.0,845,845,487.80269058295966,17,0,1000000,3000,4
960964,960964,3843856,7283,247,988,1835.0,0.0,1835.0,1941,1941,988.9473684210526,39,0,1000000,3000,4
961009,961009,3844036,7284,45,180,225.0,0.0,225.0,290,290,164.73333333333332,6,0,1000000,3000,4
961250,961250,3845000,7285,241,964,1304.0,0.0,1304.0,1409,1409,691.7261410788382,29,0,1000000,3000,4
961325,961325,3845300,7286,75,300,630.0,0.0,630.0,702,702,363.9066666666667,15,0,1000000,3000,4
961559,961559,3846236,7287,234,936,1326.0,0.0,1326.0,1430,1430,739.2606837606837,29,0,1000000,3000,4
961594,961594,3846376,7288,35,140,237.0,0.0,237.0,300,300,168.11428571428573,7,0,1000000,3000,4
961793,961793,3847172,7289,199,796,1423.0,0.0,1423.0,1519,1519,751.1809045226131,31,0,1000000,3000,4
961829,961829,3847316,7290,36,144,235.0,0.0,235.0,299,299,170.75,6,0,1000000,3000,4
961866,961866,3847464,7291,37,148,244.0,0.0,244.0,309,309,154.24324324324326,7,0,1000000,3000,4
962013,962013,3848052,7292,147,588,1042.0,0.0,1042.0,1126,1126,569.6530612244898,23,0,1000000,3000,4
962335,962335,3849340,7293,322,1288,1311.0,0.0,1311.0,1433,1433,758.4472049689441,29,0,1000000,3000,4
962534,962534,3850136,7294,199,796,1337.0,0.0,1337.0,1434,1434,694.572864321608,29,0,1000000,3000,4
962564,962564,3850256,7295,30,120,247.0,0.0,247.0,311,311,149.3,7,0,1000000,3000,4
962766,962766,3851064,7296,202,808,1858.0,0.0,1858.0,1956,1956,924.7079207920792,40,0,1000000,3000,4
962930,962930,3851720,7297,164,656,1041.0,0.0,1041.0,1129,1129,624.810975609756,23,0,1000000,3000,4
963090,963090,3852360,7298,160,640,1039.0,0.0,1039.0,1126,1126,629.45,23,0,1000000,3000,4
963121,963121,3852484,7299,31,124,252.0,0.0,252.0,316,316,156.61290322580646,7,0,1000000,3000,4
963290,963290,3853160,7300,169,676,810.0,0.0,810.0,898,899,603.2248520710059,18,0,1000000,3000,4
963355,963355,3853420,7301,65,260,620.0,0.0,620.0,689,689,356.9076923076923,14,0,1000000,3000,4
963385,963385,3853540,7302,30,120,246.0,0.0,246.0,308,308,161.26666666666668,7,0,1000000,3000,4
963418,963418,3853672,7303,33,132,242.0,0.0,242.0,306,306,155.33333333333334,7,0,1000000,3000,4
963447,963447,3853788,7304,29,116,251.0,0.0,251.0,314,314,156.51724137931035,7,0,1000000,3000,4
963524,963524,3854096,7305,77,308,628.0,0.0,628.0,701,701,399.012987012987,15,0,1000000,3000,4
963700,963700,3854800,7306,176,704,1323.0,0.0,1323.0,1413,1413,673.4602272727273,29,0,1000000,3000,4
963857,963857,3855428,7307,157,628,777.0,0.0,777.0,866,866,523.5095541401274,18,0,1000000,3000,4
963951,963951,3855804,7308,94,376,597.0,0.0,597.0,672,672,418.3936170212766,14,0,1000000,3000,4
964026,964026,3856104,7309,75,300,616.0,0.0,616.0,687,687,355.8,14,0,1000000,3000,4
964103,964103,3856412,7310,77,308,605.0,0.0,605.0,676,676,347.57142857142856,14,0,1000000,3000,4
964493,964493,3857972,7311,390,1560,2629.0,0.0,2629.0,2764,2764,1565.6512820512821,56,0,1000000,3000,4
964529,964529,3858116,7312,36,144,239.0,0.0,239.0,303,303,162.44444444444446,7,0,1000000,3000,4
964691,964691,3858764,7313,162,648,769.0,0.0,769.0,858,858,550.4506172839506,18,0,1000000,3000,4
964731,964731,3858924,7314,40,160,235.0,0.0,235.0,300,300,162.55,7,0,1000000,3000,4
964802,964802,3859208,7315,71,284,615.0,0.0,615.0,686,686,349.59154929577466,14,0,1000000,3000,4
964838,964838,3859352,7316,36,144,235.0,0.0,235.0,299,299,163.77777777777777,6,0,1000000,3000,4
965114,965114,3860456,7317,276,1104,1670.0,0.0,1670.0,1780,1780,917.9710144927536,36,0,1000000,3000,4
965321,965321,3861284,7318,207,828,1699.0,0.0,1699.0,1797,1797,816.7729468599034,36,0,1000000,3000,4
965411,965411,3861644,7319,90,360,611.0,0.0,611.0,686,686,347.4222222222222,14,0,1000000,3000,4
965504,965504,3862016,7320,93,372,623.0,0.0,623.0,697,697,403.68817204301075,14,0,1000000,3000,4
965574,965574,3862296,7321,70,280,613.0,0.0,613.0,682,682,329.4,14,0,1000000,3000,4
965601,965601,3862404,7322,27,108,249.0,0.0,249.0,312,312,166.14814814814815,7,0,1000000,3000,4
965636,965636,3862544,7323,35,140,234.0,0.0,234.0,298,298,165.85714285714286,6,0,1000000,3000,4
965668,965668,3862672,7324,32,128,248.0,0.0,248.0,312,312,154.78125,7,0,1000000,3000,4
965889,965889,3863556,7325,221,884,1027.0,0.0,1027.0,1127,1127,604.1855203619909,23,0,1000000,3000,4
966014,966014,3864056,7326,125,500,1051.0,0.0,1051.0,1132,1132,606.48,23,0,1000000,3000,4
966054,966054,3864216,7327,40,160,239.0,0.0,239.0,305,305,150.675,7,0,1000000,3000,4
966084,966084,3864336,7328,30,120,248.0,0.0,248.0,311,311,154.56666666666666,7,0,1000000,3000,4
966124,966124,3864496,7329,40,160,224.0,0.0,224.0,289,289,170.7,6,0,1000000,3000,4
966306,966306,3865224,7330,182,728,1057.0,0.0,1057.0,1151,1151,607.2802197802198,24,0,1000000,3000,4
966529,966529,3866116,7331,223,892,1028.0,0.0,1028.0,1127,1127,654.9282511210762,23,0,1000000,3000,4
966802,966802,3867208,7332,273,1092,1018.0,0.0,1018.0,1128,1128,677.7912087912088,23,0,1000000,3000,4
966957,966957,3867828,7333,155,620,780.0,0.0,780.0,869,869,529.9032258064516,18,0,1000000,3000,4
967061,967061,3868244,7334,104,416,619.0,0.0,619.0,696,696,358.97115384615387,14,0,1000000,3000,4
967094,967094,3868376,7335,33,132,239.0,0.0,239.0,303,303,156.84848484848484,7,0,1000000,3000,4
967132,967132,3868528,7336,38,152,239.0,0.0,239.0,303,303,153.5,7,0,1000000,3000,4
967479,967479,3869916,7337,347,1388,1003.0,0.0,1003.0,1128,1128,689.9337175792507,23,0,1000000,3000,4
967585,967585,3870340,7338,106,424,625.0,0.0,625.0,704,704,361.54716981132077,15,0,1000000,3000,4
967627,967627,3870508,7339,42,168,232.0,0.0,232.0,297,297,159.5,6,0,1000000,3000,4
967668,967668,3870672,7340,41,164,230.0,0.0,230.0,295,295,154.609756097561,6,0,1000000,3000,4
967864,967864,3871456,7341,196,784,628.0,0.0,628.0,722,723,465.58673469387753,15,0,1000000,3000,4
968115,968115,3872460,7342,251,1004,1304.0,0.0,1304.0,1411,1411,701.7091633466135,29,0,1000000,3000,4
968293,968293,3873172,7343,178,712,632.0,0.0,632.0,722,722,468.64606741573033,15,0,1000000,3000,4
968345,968345,3873380,7344,52,208,225.0,0.0,225.0,292,292,140.59615384615384,6,0,1000000,3000,4
969110,969110,3876440,7345,765,3060,1444.0,0.0,1444.0,1654,1654,864.3477124183006,34,0,1000000,3000,4
969158,969158,3876632,7346,48,192,228.0,0.0,228.0,294,294,141.22916666666666,6,0,1000000,3000,4
969223,969223,3876892,7347,65,260,190.0,0.0,190.0,259,259,153.1076923076923,6,0,1000000,3000,4
969643,969643,3878572,7348,420,1680,1281.0,0.0,1281.0,1422,1422,748.7690476190476,29,0,1000000,3000,4
969749,969749,3878996,7349,106,424,634.0,0.0,634.0,712,712,372.74528301886795,15,0,1000000,3000,4
969861,969861,3879444,7350,112,448,616.0,0.0,616.0,694,694,332.8392857142857,14,0,1000000,3000,4
969904,969904,3879616,7351,43,172,229.0,0.0,229.0,293,293,155.02325581395348,6,0,1000000,3000,4
969949,969949,3879796,7352,45,180,228.0,0.0,228.0,293,293,151.24444444444444,6,0,1000000,3000,4
970159,970159,3880636,7353,210,840,1312.0,0.0,1312.0,1410,1410,683.5095238095238,29,0,1000000,3000,4
970276,970276,3881104,7354,117,468,622.0,0.0,622.0,703,703,348.85470085470087,15,0,1000000,3000,4
970316,970316,3881264,7355,40,160,232.0,0.0,232.0,298,298,151.9,6,0,1000000,3000,4
970569,970569,3882276,7356,253,1012,1032.0,0.0,1032.0,1139,1139,618.9683794466404,23,0,1000000,3000,4
970672,970672,3882688,7357,103,412,594.0,0.0,594.0,671,671,400.873786407767,14,0,1000000,3000,4
970915,970915,3883660,7358,243,972,1028.0,0.0,1028.0,1133,1133,619.0041152263375,23,0,1000000,3000,4
971183,971183,3884732,7359,268,1072,1017.0,0.0,1017.0,1125,1125,649.9813432835821,23,0,1000000,3000,4
971410,971410,3885640,7360,227,908,1034.0,0.0,1034.0,1136,1136,600.4845814977973,23,0,1000000,3000,4
971491,971491,3885964,7361,81,324,619.0,0.0,619.0,693,693,329.2345679012346,14,0,1000000,3000,4
971772,971772,3887088,7362,281,1124,1301.0,0.0,1301.0,1414,1414,701.5693950177936,29,0,1000000,3000,4
971814,971814,3887256,7363,42,168,232.0,0.0,232.0,297,297,155.47619047619048,6,0,1000000,3000,4
972144,972144,3888576,7364,330,1320,1006.0,0.0,1006.0,1126,1126,667.9090909090909,23,0,1000000,3000,4
972388,972388,3889552,7365,244,976,1317.0,0.0,1317.0,1422,1422,684.4754098360655,29,0,1000000,3000,4
972430,972430,3889720,7366,42,168,233.0,0.0,233.0,297,297,153.54761904761904,6,0,1000000,3000,4
972627,972627,3890508,7367,197,788,737.0,0.0,737.0,833,833,488.5431472081218,17,0,1000000,3000,4
972723,972723,3890892,7368,96,384,630.0,0.0,630.0,706,706,343.8020833333333,15,0,1000000,3000,4
972893,972893,3891572,7369,170,680,634.0,0.0,634.0,722,724,473.27647058823527,15,0,1000000,3000,4
972930,972930,3891720,7370,37,148,239.0,0.0,239.0,304,304,152.7027027027027,7,0,1000000,3000,4
973097,973097,3892388,7371,167,668,810.0,0.0,810.0,898,898,548.8682634730538,18,0,1000000,3000,4
973212,973212,3892848,7372,115,460,630.0,0.0,630.0,708,708,369.2782608695652,15,0,1000000,3000,4
973498,973498,3893992,7373,286,1144,1157.0,0.0,1157.0,1269,1269,726.5944055944055,26,0,1000000,3000,4
973547,973547,3894188,7374,49,196,214.0,0.0,214.0,279,279,163.40816326530611,6,0,1000000,3000,4
973643,973643,3894572,7375,96,384,603.0,0.0,603.0,680,680,323.0416666666667,14,0,1000000,3000,4
973739,973739,3894956,7376,96,384,605.0,0.0,605.0,681,681,392.90625,14,0,1000000,3000,4
973886,973886,3895544,7377,147,588,764.0,0.0,764.0,851,851,515.5646258503401,18,0,1000000,3000,4
973933,973933,3895732,7378,47,188,217.0,0.0,217.0,283,283,166.70212765957447,6,0,1000000,3000,4
974135,974135,3896540,7379,202,808,1040.0,0.0,1040.0,1137,1137,620.7920792079208,23,0,1000000,3000,4
974347,974347,3897388,7380,212,848,1302.0,0.0,1302.0,1401,1401,742.3584905660377,29,0,1000000,3000,4
974557,974557,3898228,7381,210,840,1026.0,0.0,1026.0,1123,1123,636.4904761904762,23,0,1000000,3000,4
974740,974740,3898960,7382,183,732,776.0,0.0,776.0,869,869,517.3934426229508,18,0,1000000,3000,4
974852,974852,3899408,7383,112,448,626.0,0.0,626.0,706,706,360.82142857142856,15,0,1000000,3000,4
975107,975107,3900428,7384,255,1020,1311.0,0.0,1311.0,1418,1418,686.5960784313726,29,0,1000000,3000,4
975151,975151,3900604,7385,44,176,221.0,0.0,221.0,286,286,163.54545454545453,6,0,1000000,3000,4
975302,975302,3901208,7386,151,604,637.0,0.0,637.0,722,724,471.5298013245033,15,0,1000000,3000,4
975494,975494,3901976,7387,192,768,1031.0,0.0,1031.0,1125,1125,609.8125,23,0,1000000,3000,4
975540,975540,3902160,7388,46,184,219.0,0.0,219.0,285,285,169.1304347826087,6,0,1000000,3000,4
975582,975582,3902328,7389,42,168,232.0,0.0,232.0,296,296,155.95238095238096,6,0,1000000,3000,4
975623,975623,3902492,7390,41,164,229.0,0.0,229.0,294,294,161.7560975609756,6,0,1000000,3000,4
975748,975748,3902992,7391,125,500,590.0,0.0,590.0,671,671,392.072,14,0,1000000,3000,4
975786,975786,3903144,7392,38,152,240.0,0.0,240.0,304,304,160.0,7,0,1000000,3000,4
975871,975871,3903484,7393,85,340,619.0,0.0,619.0,693,693,332.0705882352941,14,0,1000000,3000,4
975979,975979,3903916,7394,108,432,613.0,0.0,613.0,691,691,363.18518518518516,14,0,1000000,3000,4
976142,976142,3904568,7395,163,652,724.0,0.0,724.0,813,813,517.5766871165645,17,0,1000000,3000,4
976371,976371,3905484,7396,229,916,1038.0,0.0,1038.0,1140,1140,685.2008733624455,23,0,1000000,3000,4
976579,976579,3906316,7397,208,832,712.0,0.0,712.0,810,810,535.9182692307693,17,0,1000000,3000,4
976736,976736,3906944,7398,157,628,812.0,0.0,812.0,898,899,555.968152866242,18,0,1000000,3000,4
976989,976989,3907956,7399,253,1012,1030.0,0.0,1030.0,1137,1137,674.6245059288538,23,0,1000000,3000,4
977112,977112,3908448,7400,123,492,591.0,0.0,591.0,672,672,388.1219512195122,14,0,1000000,3000,4
977205,977205,3908820,7401,93,372,633.0,0.0,633.0,709,709,368.4731182795699,15,0,1000000,3000,4
977236,977236,3908944,7402,31,124,245.0,0.0,245.0,309,309,158.51612903225808,7,0,1000000,3000,4
977684,977684,3910736,7403,448,1792,1264.0,0.0,1264.0,1410,1410,776.2991071428571,29,0,1000000,3000,4
977890,977890,3911560,7404,206,824,1035.0,0.0,1035.0,1133,1133,618.0291262135922,23,0,1000000,3000,4
978086,978086,3912344,7405,196,784,767.0,0.0,767.0,864,864,512.8061224489796,18,0,1000000,3000,4
978129,978129,3912516,7406,43,172,227.0,0.0,227.0,292,292,161.02325581395348,6,0,1000000,3000,4
978439,978439,3913756,7407,310,1240,1006.0,0.0,1006.0,1123,1123,679.5451612903225,23,0,1000000,3000,4
978484,978484,3913936,7408,45,180,224.0,0.0,224.0,289,289,159.42222222222222,6,0,1000000,3000,4
978671,978671,3914684,7409,187,748,746.0,0.0,746.0,841,841,538.8235294117648,17,0,1000000,3000,4
978711,978711,3914844,7410,40,160,231.0,0.0,231.0,296,296,160.7,6,0,1000000,3000,4
978745,978745,3914980,7411,34,136,251.0,0.0,251.0,315,315,147.2058823529412,7,0,1000000,3000,4
978847,978847,3915388,7412,102,408,627.0,0.0,627.0,704,704,372.65686274509807,15,0,1000000,3000,4
978888,978888,3915552,7413,41,164,231.0,0.0,231.0,296,296,159.609756097561,6,0,1000000,3000,4
979041,979041,3916164,7414,153,612,637.0,0.0,637.0,722,722,472.87581699346407,15,0,1000000,3000,4
979082,979082,3916328,7415,41,164,230.0,0.0,230.0,294,294,162.85365853658536,6,0,1000000,3000,4
979315,979315,3917260,7416,233,932,1311.0,0.0,1311.0,1412,1412,702.0600858369098,29,0,1000000,3000,4
979528,979528,3918112,7417,213,852,1302.0,0.0,1302.0,1401,1401,711.3943661971831,29,0,1000000,3000,4
979568,979568,3918272,7418,40,160,234.0,0.0,234.0,300,300,155.65,7,0,1000000,3000,4
979610,979610,3918440,7419,42,168,230.0,0.0,230.0,295,295,153.28571428571428,6,0,1000000,3000,4
979647,979647,3918588,7420,37,148,243.0,0.0,243.0,308,308,144.45945945945945,7,0,1000000,3000,4
979734,979734,3918936,7421,87,348,637.0,0.0,637.0,711,711,387.7816091954023,15,0,1000000,3000,4
979838,979838,3919352,7422,104,416,603.0,0.0,603.0,680,680,394.4326923076923,14,0,1000000,3000,4
979887,979887,3919548,7423,49,196,214.0,0.0,214.0,278,278,167.9591836734694,6,0,1000000,3000,4
980286,980286,3921144,7424,399,1596,1000.0,0.0,1000.0,1136,1136,721.5889724310777,23,0,1000000,3000,4
980332,980332,3921328,7425,46,184,230.0,0.0,230.0,295,295,153.08695652173913,6,0,1000000,3000,4
980514,980514,3922056,7426,182,728,1043.0,0.0,1043.0,1136,1136,584.2087912087912,23,0,1000000,3000,4
980557,980557,3922228,7427,43,172,231.0,0.0,231.0,297,297,153.4418604651163,6,0,1000000,3000,4
980797,980797,3923188,7428,240,960,1033.0,0.0,1033.0,1137,1137,672.9583333333334,23,0,1000000,3000,4
980843,980843,3923372,7429,46,184,215.0,0.0,215.0,280,280,166.34782608695653,6,0,1000000,3000,4
981138,981138,3924552,7430,295,1180,1293.0,0.0,1293.0,1409,1409,757.9050847457627,29,0,1000000,3000,4
981239,981239,3924956,7431,101,404,731.0,0.0,731.0,809,809,419.74257425742576,17,0,1000000,3000,4
981283,981283,3925132,7432,44,176,230.0,0.0,230.0,295,295,156.20454545454547,6,0,1000000,3000,4
981480,981480,3925920,7433,197,788,1138.0,0.0,1138.0,1234,1234,601.0659898477157,25,0,1000000,3000,4
981593,981593,3926372,7434,113,452,630.0,0.0,630.0,709,709,342.30973451327435,15,0,1000000,3000,4
981831,981831,3927324,7435,238,952,1309.0,0.0,1309.0,1412,1412,698.5504201680673,29,0,1000000,3000,4
981874,981874,3927496,7436,43,172,229.0,0.0,229.0,294,294,155.97674418604652,6,0,1000000,3000,4
981972,981972,3927888,7437,98,392,631.0,0.0,631.0,707,707,381.6734693877551,15,0,1000000,3000,4
982001,982001,3928004,7438,29,116,250.0,0.0,250.0,313,313,154.3448275862069,7,0,1000000,3000,4
982263,982263,3929052,7439,262,1048,1553.0,0.0,1553.0,1662,1662,833.1183206106871,34,0,1000000,3000,4
982587,982587,3930348,7440,324,1296,1888.0,0.0,1888.0,2009,2009,1020.8055555555555,41,0,1000000,3000,4
982835,982835,3931340,7441,248,992,1310.0,0.0,1310.0,1415,1415,718.5685483870968,29,0,1000000,3000,4
983084,983084,3932336,7442,249,996,1299.0,0.0,1299.0,1405,1405,750.5100401606426,29,0,1000000,3000,4
983239,983239,3932956,7443,155,620,636.0,0.0,636.0,722,723,458.16129032258067,15,0,1000000,3000,4
983281,983281,3933124,7444,42,168,234.0,0.0,234.0,298,298,152.61904761904762,6,0,1000000,3000,4
983412,983412,3933648,7445,131,524,602.0,0.0,602.0,685,685,368.1679389312977,14,0,1000000,3000,4
983453,983453,3933812,7446,41,164,231.0,0.0,231.0,296,296,158.5121951219512,6,0,1000000,3000,4
983689,983689,3934756,7447,236,944,1308.0,0.0,1308.0,1411,1411,739.9872881355932,29,0,1000000,3000,4
983722,983722,3934888,7448,33,132,241.0,0.0,241.0,304,304,159.3030303030303,7,0,1000000,3000,4
983936,983936,3935744,7449,214,856,1027.0,0.0,1027.0,1124,1124,594.7196261682243,23,0,1000000,3000,4
984044,984044,3936176,7450,108,432,615.0,0.0,615.0,693,693,382.77777777777777,14,0,1000000,3000,4
984085,984085,3936340,7451,41,164,232.0,0.0,232.0,297,297,159.46341463414635,6,0,1000000,3000,4
984248,984248,3936992,7452,163,652,635.0,0.0,635.0,722,722,466.23926380368096,15,0,1000000,3000,4
984364,984364,3937456,7453,116,464,603.0,0.0,603.0,683,683,393.2758620689655,14,0,1000000,3000,4
984468,984468,3937872,7454,104,416,611.0,0.0,611.0,687,687,368.63461538461536,14,0,1000000,3000,4
984572,984572,3938288,7455,104,416,628.0,0.0,628.0,706,706,364.28846153846155,15,0,1000000,3000,4
984776,984776,3939104,7456,204,816,1136.0,0.0,1136.0,1233,1233,672.0098039215686,25,0,1000000,3000,4
984874,984874,3939496,7457,98,392,621.0,0.0,621.0,697,697,382.38775510204084,14,0,1000000,3000,4
984967,984967,3939868,7458,93,372,631.0,0.0,631.0,705,705,341.247311827957,15,0,1000000,3000,4
985008,985008,3940032,7459,41,164,230.0,0.0,230.0,294,294,157.4390243902439,6,0,1000000,3000,4
985300,985300,3941200,7460,292,1168,1013.0,0.0,1013.0,1127,1127,699.6404109589041,23,0,1000000,3000,4
985575,985575,3942300,7461,275,1100,1014.0,0.0,1014.0,1123,1123,655.0581818181818,23,0,1000000,3000,4
985701,985701,3942804,7462,126,504,605.0,0.0,605.0,687,687,373.1111111111111,14,0,1000000,3000,4
985747,985747,3942988,7463,46,184,228.0,0.0,228.0,294,294,150.32608695652175,6,0,1000000,3000,4
986032,986032,3944128,7464,285,1140,1296.0,0.0,1296.0,1409,1409,723.7333333333333,29,0,1000000,3000,4
986290,986290,3945160,7465,258,1032,740.0,0.0,740.0,848,848,541.2868217054264,17,0,1000000,3000,4
986332,986332,3945328,7466,42,168,230.0,0.0,230.0,294,294,155.61904761904762,6,0,1000000,3000,4
986434,986434,3945736,7467,102,408,635.0,0.0,635.0,711,711,368.12745098039215,15,0,1000000,3000,4
986475,986475,3945900,7468,41,164,228.0,0.0,228.0,293,293,161.65853658536585,6,0,1000000,3000,4
986509,986509,3946036,7469,34,136,237.0,0.0,237.0,300,300,161.8235294117647,7,0,1000000,3000,4
986546,986546,3946184,7470,37,148,234.0,0.0,234.0,298,298,163.8918918918919,6,0,1000000,3000,4
986590,986590,3946360,7471,44,176,234.0,0.0,234.0,299,299,147.38636363636363,6,0,1000000,3000,4
986632,986632,3946528,7472,42,168,229.0,0.0,229.0,294,294,160.76190476190476,6,0,1000000,3000,4
986677,986677,3946708,7473,45,180,230.0,0.0,230.0,295,295,147.55555555555554,6,0,1000000,3000,4
987235,987235,3948940,7474,558,2232,1250.0,0.0,1250.0,1418,1418,708.6648745519714,29,0,1000000,3000,4
987277,987277,3949108,7475,42,168,232.0,0.0,232.0,296,296,161.95238095238096,6,0,1000000,3000,4
987319,987319,3949276,7476,42,168,229.0,0.0,229.0,294,294,158.5,6,0,1000000,3000,4
987367,987367,3949468,7477,48,192,215.0,0.0,215.0,281,281,168.02083333333334,6,0,1000000,3000,4
987625,987625,3950500,7478,258,1032,1313.0,0.0,1313.0,1420,1420,751.8178294573644,29,0,1000000,3000,4
987796,987796,3951184,7479,171,684,809.0,0.0,809.0,898,898,549.1052631578947,18,0,1000000,3000,4
987889,987889,3951556,7480,93,372,605.0,0.0,605.0,680,680,409.76344086021504,14,0,1000000,3000,4
988129,988129,3952516,7481,240,960,1304.0,0.0,1304.0,1407,1407,725.6375,29,0,1000000,3000,4
988282,988282,3953128,7482,153,612,752.0,0.0,752.0,839,839,478.75816993464053,17,0,1000000,3000,4
988619,988619,3954476,7483,337,1348,1294.0,0.0,1294.0,1417,1417,744.2195845697329,29,0,1000000,3000,4
988926,988926,3955704,7484,307,1228,1308.0,0.0,1308.0,1426,1426,759.2345276872965,29,0,1000000,3000,4
989121,989121,3956484,7485,195,780,1317.0,0.0,1317.0,1413,1413,744.9897435897436,29,0,1000000,3000,4
989225,989225,3956900,7486,104,416,611.0,0.0,611.0,689,689,338.1826923076923,14,0,1000000,3000,4
989399,989399,3957596,7487,174,696,1317.0,0.0,1317.0,1408,1408,681.9080459770115,29,0,1000000,3000,4
989562,989562,3958248,7488,163,652,702.0,0.0,702.0,791,791,460.3803680981595,16,0,1000000,3000,4
989733,989733,3958932,7489,171,684,1047.0,0.0,1047.0,1138,1138,629.3918128654971,23,0,1000000,3000,4
989778,989778,3959112,7490,45,180,230.0,0.0,230.0,295,295,151.9777777777778,6,0,1000000,3000,4
989884,989884,3959536,7491,106,424,606.0,0.0,606.0,684,684,321.2358490566038,14,0,1000000,3000,4
990083,990083,3960332,7492,199,796,804.0,0.0,804.0,898,898,561.7386934673367,18,0,1000000,3000,4
990330,990330,3961320,7493,247,988,1295.0,0.0,1295.0,1401,1401,728.7165991902834,29,0,1000000,3000,4
990568,990568,3962272,7494,238,952,1035.0,0.0,1035.0,1138,1138,650.6008403361344,23,0,1000000,3000,4
990607,990607,3962428,7495,39,156,234.0,0.0,234.0,299,299,159.5897435897436,6,0,1000000,3000,4
990789,990789,3963156,7496,182,728,1033.0,0.0,1033.0,1125,1125,601.2032967032967,23,0,1000000,3000,4
990952,990952,3963808,7497,163,652,1060.0,0.0,1060.0,1150,1150,601.9079754601227,24,0,1000000,3000,4
991134,991134,3964536,7498,182,728,1422.0,0.0,1422.0,1516,1516,732.510989010989,31,0,1000000,3000,4
991228,991228,3964912,7499,94,376,616.0,0.0,616.0,692,692,395.48936170212767,14,0,1000000,3000,4
991262,991262,3965048,7500,34,136,250.0,0.0,250.0,314,314,152.91176470588235,7,0,1000000,3000,4
991298,991298,3965192,7501,36,144,240.0,0.0,240.0,305,305,156.08333333333334,7,0,1000000,3000,4
991502,991502,3966008,7502,204,816,1039.0,0.0,1039.0,1136,1136,605.093137254902,23,0,1000000,3000,4
991645,991645,3966580,7503,143,572,1043.0,0.0,1043.0,1127,1127,639.06993006993,23,0,1000000,3000,4
991674,991674,3966696,7504,29,116,249.0,0.0,249.0,312,312,152.86206896551724,7,0,1000000,3000,4
991760,991760,3967040,7505,86,344,650.0,0.0,650.0,722,723,367.74418604651163,15,0,1000000,3000,4
991808,991808,3967232,7506,48,192,222.0,0.0,222.0,288,288,152.58333333333334,6,0,1000000,3000,4
992001,992001,3968004,7507,193,772,1334.0,0.0,1334.0,1430,1430,710.3626943005181,29,0,1000000,3000,4
992155,992155,3968620,7508,154,616,637.0,0.0,637.0,722,722,476.2597402597403,15,0,1000000,3000,4
992191,992191,3968764,7509,36,144,237.0,0.0,237.0,301,301,163.0,7,0,1000000,3000,4
992291,992291,3969164,7510,100,400,623.0,0.0,623.0,700,700,391.82,15,0,1000000,3000,4
992334,992334,3969336,7511,43,172,226.0,0.0,226.0,290,290,166.1860465116279,6,0,1000000,3000,4
992411,992411,3969644,7512,77,308,606.0,0.0,606.0,679,679,343.35064935064935,14,0,1000000,3000,4
992493,992493,3969972,7513,82,328,613.0,0.0,613.0,687,687,342.9390243902439,14,0,1000000,3000,4
992685,992685,3970740,7514,192,768,1308.0,0.0,1308.0,1402,1402,678.2864583333334,29,0,1000000,3000,4
992830,992830,3971320,7515,145,580,1338.0,0.0,1338.0,1424,1424,687.8689655172413,29,0,1000000,3000,4
992900,992900,3971600,7516,70,280,621.0,0.0,621.0,692,692,349.2857142857143,14,0,1000000,3000,4
993077,993077,3972308,7517,177,708,1434.0,0.0,1434.0,1527,1527,750.1073446327683,31,0,1000000,3000,4
993110,993110,3972440,7518,33,132,250.0,0.0,250.0,314,314,154.0909090909091,7,0,1000000,3000,4
993325,993325,3973300,7519,215,860,1030.0,0.0,1030.0,1128,1128,650.586046511628,23,0,1000000,3000,4
993357,993357,3973428,7520,32,128,248.0,0.0,248.0,312,312,153.59375,7,0,1000000,3000,4
993388,993388,3973552,7521,31,124,252.0,0.0,252.0,316,316,156.4516129032258,7,0,1000000,3000,4
993417,993417,3973668,7522,29,116,248.0,0.0,248.0,311,311,157.13793103448276,7,0,1000000,3000,4
993590,993590,3974360,7523,173,692,1036.0,0.0,1036.0,1125,1125,654.8670520231213,23,0,1000000,3000,4
993655,993655,3974620,7524,65,260,608.0,0.0,608.0,678,678,318.83076923076925,14,0,1000000,3000,4
993684,993684,3974736,7525,29,116,249.0,0.0,249.0,312,312,157.0,7,0,1000000,3000,4
993856,993856,3975424,7526,172,688,1040.0,0.0,1040.0,1130,1130,643.703488372093,23,0,1000000,3000,4
993893,993893,3975572,7527,37,148,245.0,0.0,245.0,310,310,153.94594594594594,7,0,1000000,3000,4
994056,994056,3976224,7528,163,652,1040.0,0.0,1040.0,1128,1128,624.5521472392638,23,0,1000000,3000,4
994138,994138,3976552,7529,82,328,625.0,0.0,625.0,699,699,395.3780487804878,14,0,1000000,3000,4
994411,994411,3977644,7530,273,1092,1841.0,0.0,1841.0,1953,1953,951.8058608058608,40,0,1000000,3000,4
994570,994570,3978280,7531,159,636,1145.0,0.0,1145.0,1232,1232,635.9119496855346,25,0,1000000,3000,4
994604,994604,3978416,7532,34,136,245.0,0.0,245.0,309,309,153.85294117647058,7,0,1000000,3000,4
994679,994679,3978716,7533,75,300,602.0,0.0,602.0,675,675,317.68,14,0,1000000,3000,4
994910,994910,3979640,7534,231,924,1562.0,0.0,1562.0,1666,1666,819.047619047619,34,0,1000000,3000,4
995048,995048,3980192,7535,138,552,801.0,0.0,801.0,885,885,544.5942028985507,18,0,1000000,3000,4
995076,995076,3980304,7536,28,112,252.0,0.0,252.0,315,315,159.71428571428572,7,0,1000000,3000,4
995212,995212,3980848,7537,136,544,640.0,0.0,640.0,722,722,515.6691176470588,15,0,1000000,3000,4
995304,995304,3981216,7538,92,368,649.0,0.0,649.0,722,723,375.14130434782606,15,0,1000000,3000,4
995334,995334,3981336,7539,30,120,249.0,0.0,249.0,313,313,151.96666666666667,7,0,1000000,3000,4
995473,995473,3981892,7540,139,556,1159.0,0.0,1159.0,1244,1244,628.726618705036,25,0,1000000,3000,4
995548,995548,3982192,7541,75,300,633.0,0.0,633.0,705,705,392.41333333333336,15,0,1000000,3000,4
995588,995588,3982352,7542,40,160,224.0,0.0,224.0,288,288,166.925,6,0,1000000,3000,4
995679,995679,3982716,7543,91,364,632.0,0.0,632.0,707,707,369.0,15,0,1000000,3000,4
995714,995714,3982856,7544,35,140,234.0,0.0,234.0,297,297,174.05714285714285,6,0,1000000,3000,4
995745,995745,3982980,7545,31,124,247.0,0.0,247.0,311,311,153.61290322580646,7,0,1000000,3000,4
995815,995815,3983260,7546,70,280,622.0,0.0,622.0,693,693,348.12857142857143,14,0,1000000,3000,4
995843,995843,3983372,7547,28,112,248.0,0.0,248.0,311,311,155.82142857142858,7,0,1000000,3000,4
996063,996063,3984252,7548,220,880,1142.0,0.0,1142.0,1244,1244,610.8727272727273,25,0,1000000,3000,4
996098,996098,3984392,7549,35,140,245.0,0.0,245.0,309,309,147.25714285714287,7,0,1000000,3000,4
996136,996136,3984544,7550,38,152,234.0,0.0,234.0,298,298,166.05263157894737,6,0,1000000,3000,4
996167,996167,3984668,7551,31,124,242.0,0.0,242.0,306,306,165.80645161290323,7,0,1000000,3000,4
996252,996252,3985008,7552,85,340,612.0,0.0,612.0,686,686,338.15294117647056,14,0,1000000,3000,4
996477,996477,3985908,7553,225,900,1330.0,0.0,1330.0,1432,1432,729.5955555555555,29,0,1000000,3000,4
996619,996619,3986476,7554,142,568,1158.0,0.0,1158.0,1244,1244,573.5633802816901,25,0,1000000,3000,4
996700,996700,3986800,7555,81,324,615.0,0.0,615.0,689,689,336.358024691358,14,0,1000000,3000,4
996795,996795,3987180,7556,95,380,617.0,0.0,617.0,692,692,396.06315789473683,14,0,1000000,3000,4
996874,996874,3987496,7557,79,316,639.0,0.0,639.0,712,712,373.37974683544303,15,0,1000000,3000,4
996963,996963,3987852,7558,89,356,601.0,0.0,601.0,675,675,413.0,14,0,1000000,3000,4
997115,997115,3988460,7559,152,608,1041.0,0.0,1041.0,1126,1126,575.9934210526316,23,0,1000000,3000,4
997284,997284,3989136,7560,169,676,1324.0,0.0,1324.0,1412,1412,690.698224852071,29,0,1000000,3000,4
997458,997458,3989832,7561,174,696,809.0,0.0,809.0,898,898,536.4080459770115,18,0,1000000,3000,4
997489,997489,3989956,7562,31,124,250.0,0.0,250.0,312,312,149.41935483870967,7,0,1000000,3000,4
997784,997784,3991136,7563,295,1180,1321.0,0.0,1321.0,1437,1437,710.7050847457627,29,0,1000000,3000,4
997823,997823,3991292,7564,39,156,250.0,0.0,250.0,314,314,140.71794871794873,7,0,1000000,3000,4
997865,997865,3991460,7565,42,168,231.0,0.0,231.0,296,296,156.21428571428572,6,0,1000000,3000,4
997910,997910,3991640,7566,45,180,218.0,0.0,218.0,283,283,170.84444444444443,6,0,1000000,3000,4
998172,998172,3992688,7567,262,1048,1132.0,0.0,1132.0,1241,1241,589.6183206106871,25,0,1000000,3000,4
998358,998358,3993432,7568,186,744,770.0,0.0,770.0,865,865,517.9569892473119,18,0,1000000,3000,4
998467,998467,3993868,7569,109,436,729.0,0.0,729.0,808,808,418.73394495412845,17,0,1000000,3000,4
998537,998537,3994148,7570,70,280,612.0,0.0,612.0,682,682,332.3142857142857,14,0,1000000,3000,4
998755,998755,3995020,7571,218,872,1423.0,0.0,1423.0,1523,1523,788.4633027522935,31,0,1000000,3000,4
998915,998915,3995660,7572,160,640,612.0,0.0,612.0,701,701,456.625,15,0,1000000,3000,4
999096,999096,3996384,7573,181,724,745.0,0.0,745.0,839,839,526.3646408839779,17,0,1000000,3000,4
999399,999399,3997596,7574,303,1212,1297.0,0.0,1297.0,1412,1412,774.5115511551155,29,0,1000000,3000,4
999488,999488,3997952,7575,89,356,605.0,0.0,605.0,680,680,342.03370786516854,14,0,1000000,3000,4
999573,999573,3998292,7576,85,340,633.0,0.0,633.0,707,707,376.47058823529414,15,0,1000000,3000,4
999616,999616,3998464,7577,43,172,227.0,0.0,227.0,292,292,165.5581395348837,6,0,1000000,3000,4
999650,999650,3998600,7578,34,136,244.0,0.0,244.0,308,308,150.23529411764707,7,0,1000000,3000,4
999810,999810,3999240,7579,160,640,1038.0,0.0,1038.0,1125,1125,591.5625,23,0,1000000,3000,4
999891,999891,3999564,7580,81,324,609.0,0.0,609.0,683,683,318.30864197530866,14,0,1000000,3000,4
999967,999967,3999868,7581,76,304,611.0,0.0,611.0,684,684,314.61842105263156,14,0,1000000,3000,4
