global_step,global_decision_step,approx_global_env_frame_step,episode,episode_decision_steps,episode_approx_env_frame_steps,episode_ext_reward,episode_int_reward,episode_total_reward,episode_final_x_pos,episode_max_x_pos,episode_mean_x_pos,visited_bins,episode_timeout,train_total_timesteps,train_max_episode_steps,frame_skip
197,197,788,0,197,788,569.0,0.0,569.0,665,665,437.6345177664975,14,0,1000000,3000,4
332,332,1328,1,135,540,586.0,0.0,586.0,670,670,317.6740740740741,14,0,1000000,3000,4
482,482,1928,2,150,600,638.0,0.0,638.0,722,723,459.52666666666664,15,0,1000000,3000,4
742,742,2968,3,260,1040,791.0,0.0,791.0,898,898,539.1038461538461,18,0,1000000,3000,4
2574,2574,10296,4,1832,7328,714.0,0.0,714.0,1137,1137,825.8231441048035,23,0,1000000,3000,4
2606,2606,10424,5,32,128,244.0,0.0,244.0,306,306,161.0625,7,0,1000000,3000,4
2645,2645,10580,6,39,156,238.0,0.0,238.0,303,303,153.89743589743588,7,0,1000000,3000,4
2706,2706,10824,7,61,244,199.0,0.0,199.0,268,268,159.4262295081967,6,0,1000000,3000,4
2864,2864,11456,8,158,632,795.0,0.0,795.0,883,883,495.8481012658228,18,0,1000000,3000,4
3241,3241,12964,9,377,1508,671.0,0.0,671.0,803,803,593.761273209549,17,0,1000000,3000,4
3675,3675,14700,10,434,1736,985.0,0.0,985.0,1127,1127,730.5069124423964,23,0,1000000,3000,4
3804,3804,15216,11,129,516,591.0,0.0,591.0,674,674,366.04651162790697,14,0,1000000,3000,4
3995,3995,15980,12,191,764,752.0,0.0,752.0,847,847,528.7905759162304,17,0,1000000,3000,4
4975,4975,19900,13,980,3920,882.0,0.0,882.0,1133,1133,813.2479591836735,23,0,1000000,3000,4
5080,5080,20320,14,105,420,603.0,0.0,603.0,680,680,385.0571428571429,14,0,1000000,3000,4
5988,5988,23952,15,908,3632,1198.0,0.0,1198.0,1437,1437,744.6839207048458,29,0,1000000,3000,4
6028,6028,24112,16,40,160,239.0,0.0,239.0,304,304,138.25,7,0,1000000,3000,4
6062,6062,24248,17,34,136,242.0,0.0,242.0,303,303,164.38235294117646,7,0,1000000,3000,4
7066,7066,28264,18,1004,4016,870.0,0.0,870.0,1126,1126,721.0617529880478,23,0,1000000,3000,4
7181,7181,28724,19,115,460,612.0,0.0,612.0,692,692,322.5652173913044,14,0,1000000,3000,4
7532,7532,30128,20,351,1404,549.0,0.0,549.0,676,676,487.0997150997151,14,0,1000000,3000,4
7650,7650,30600,21,118,472,610.0,0.0,610.0,690,690,361.135593220339,14,0,1000000,3000,4
7953,7953,31812,22,303,1212,750.0,0.0,750.0,867,867,600.4884488448845,18,0,1000000,3000,4
8044,8044,32176,23,91,364,611.0,0.0,611.0,686,686,409.010989010989,14,0,1000000,3000,4
8137,8137,32548,24,93,372,635.0,0.0,635.0,709,709,372.9032258064516,15,0,1000000,3000,4
8385,8385,33540,25,248,992,1032.0,0.0,1032.0,1138,1138,613.0040322580645,23,0,1000000,3000,4
8598,8598,34392,26,213,852,1028.0,0.0,1028.0,1126,1126,683.1361502347418,23,0,1000000,3000,4
8767,8767,35068,27,169,676,1046.0,0.0,1046.0,1135,1135,588.7278106508876,23,0,1000000,3000,4
8833,8833,35332,28,66,264,605.0,0.0,605.0,676,676,312.74242424242425,14,0,1000000,3000,4
9150,9150,36600,29,317,1268,1312.0,0.0,1312.0,1433,1433,761.5520504731861,29,0,1000000,3000,4
9246,9246,36984,30,96,384,732.0,0.0,732.0,809,809,429.5833333333333,17,0,1000000,3000,4
9413,9413,37652,31,167,668,1037.0,0.0,1037.0,1125,1125,634.9520958083832,23,0,1000000,3000,4
9486,9486,37944,32,73,292,653.0,0.0,653.0,722,723,383.7671232876712,15,0,1000000,3000,4
9518,9518,38072,33,32,128,248.0,0.0,248.0,312,312,154.9375,7,0,1000000,3000,4
9549,9549,38196,34,31,124,249.0,0.0,249.0,313,313,153.25806451612902,7,0,1000000,3000,4
9578,9578,38312,35,29,116,250.0,0.0,250.0,313,313,158.9655172413793,7,0,1000000,3000,4
9610,9610,38440,36,32,128,246.0,0.0,246.0,309,309,159.34375,7,0,1000000,3000,4
9641,9641,38564,37,31,124,248.0,0.0,248.0,312,312,152.96774193548387,7,0,1000000,3000,4
9671,9671,38684,38,30,120,251.0,0.0,251.0,315,315,154.7,7,0,1000000,3000,4
9740,9740,38960,39,69,276,606.0,0.0,606.0,677,677,321.27536231884056,14,0,1000000,3000,4
9770,9770,39080,40,30,120,248.0,0.0,248.0,311,311,155.53333333333333,7,0,1000000,3000,4
9799,9799,39196,41,29,116,250.0,0.0,250.0,313,313,155.31034482758622,7,0,1000000,3000,4
9884,9884,39536,42,85,340,611.0,0.0,611.0,685,685,403.6941176470588,14,0,1000000,3000,4
10050,10050,40200,43,166,664,634.0,0.0,634.0,722,722,489.6385542168675,15,0,1000000,3000,4
10126,10126,40504,44,76,304,611.0,0.0,611.0,684,684,355.75,14,0,1000000,3000,4
10220,10220,40880,45,94,376,633.0,0.0,633.0,709,709,386.2659574468085,15,0,1000000,3000,4
10251,10251,41004,46,31,124,248.0,0.0,248.0,312,312,148.83870967741936,7,0,1000000,3000,4
10283,10283,41132,47,32,128,249.0,0.0,249.0,313,313,152.625,7,0,1000000,3000,4
10314,10314,41256,48,31,124,251.0,0.0,251.0,315,315,151.38709677419354,7,0,1000000,3000,4
10490,10490,41960,49,176,704,1033.0,0.0,1033.0,1124,1125,563.9829545454545,23,0,1000000,3000,4
10689,10689,42756,50,199,796,1682.0,0.0,1682.0,1777,1777,886.572864321608,36,0,1000000,3000,4
10775,10775,43100,51,86,344,635.0,0.0,635.0,710,710,359.33720930232556,15,0,1000000,3000,4
10937,10937,43748,52,162,648,1039.0,0.0,1039.0,1127,1127,635.4814814814815,23,0,1000000,3000,4
10967,10967,43868,53,30,120,246.0,0.0,246.0,310,310,150.73333333333332,7,0,1000000,3000,4
11001,11001,44004,54,34,136,237.0,0.0,237.0,301,301,158.35294117647058,7,0,1000000,3000,4
11031,11031,44124,55,30,120,250.0,0.0,250.0,314,314,153.26666666666668,7,0,1000000,3000,4
11062,11062,44248,56,31,124,249.0,0.0,249.0,313,313,152.48387096774192,7,0,1000000,3000,4
11094,11094,44376,57,32,128,250.0,0.0,250.0,314,314,150.34375,7,0,1000000,3000,4
11124,11124,44496,58,30,120,250.0,0.0,250.0,313,313,156.16666666666666,7,0,1000000,3000,4
11153,11153,44612,59,29,116,252.0,0.0,252.0,315,315,160.17241379310346,7,0,1000000,3000,4
11181,11181,44724,60,28,112,248.0,0.0,248.0,311,311,155.82142857142858,7,0,1000000,3000,4
11298,11298,45192,61,117,468,607.0,0.0,607.0,687,687,380.38461538461536,14,0,1000000,3000,4
11336,11336,45344,62,38,152,228.0,0.0,228.0,292,292,165.26315789473685,6,0,1000000,3000,4
11430,11430,45720,63,94,376,610.0,0.0,610.0,686,686,360.24468085106383,14,0,1000000,3000,4
11638,11638,46552,64,208,832,1320.0,0.0,1320.0,1417,1417,652.8798076923077,29,0,1000000,3000,4
11668,11668,46672,65,30,120,246.0,0.0,246.0,310,310,151.36666666666667,7,0,1000000,3000,4
11743,11743,46972,66,75,300,620.0,0.0,620.0,691,691,342.4,14,0,1000000,3000,4
11774,11774,47096,67,31,124,248.0,0.0,248.0,311,311,153.93548387096774,7,0,1000000,3000,4
11859,11859,47436,68,85,340,614.0,0.0,614.0,689,689,355.7294117647059,14,0,1000000,3000,4
12087,12087,48348,69,228,912,752.0,0.0,752.0,855,855,560.1929824561404,18,0,1000000,3000,4
12118,12118,48472,70,31,124,246.0,0.0,246.0,310,310,151.4516129032258,7,0,1000000,3000,4
12272,12272,49088,71,154,616,1345.0,0.0,1345.0,1433,1433,715.4025974025974,29,0,1000000,3000,4
12340,12340,49360,72,68,272,609.0,0.0,609.0,680,680,349.6470588235294,14,0,1000000,3000,4
12560,12560,50240,73,220,880,1050.0,0.0,1050.0,1151,1151,642.6954545454546,24,0,1000000,3000,4
12591,12591,50364,74,31,124,243.0,0.0,243.0,306,306,162.48387096774192,7,0,1000000,3000,4
12666,12666,50664,75,75,300,638.0,0.0,638.0,710,710,386.26666666666665,15,0,1000000,3000,4
12815,12815,51260,76,149,596,723.0,0.0,723.0,810,810,524.9530201342282,17,0,1000000,3000,4
13053,13053,52212,77,238,952,771.0,0.0,771.0,876,876,628.4579831932773,18,0,1000000,3000,4
13139,13139,52556,78,86,344,621.0,0.0,621.0,695,695,360.4767441860465,14,0,1000000,3000,4
13311,13311,53244,79,172,688,1036.0,0.0,1036.0,1126,1126,600.1860465116279,23,0,1000000,3000,4
13548,13548,54192,80,237,948,1415.0,0.0,1415.0,1520,1520,746.0379746835443,31,0,1000000,3000,4
13632,13632,54528,81,84,336,626.0,0.0,626.0,698,698,392.9047619047619,14,0,1000000,3000,4
13961,13961,55844,82,329,1316,778.0,0.0,778.0,898,898,731.531914893617,18,0,1000000,3000,4
13990,13990,55960,83,29,116,247.0,0.0,247.0,310,310,159.24137931034483,7,0,1000000,3000,4
14020,14020,56080,84,30,120,248.0,0.0,248.0,312,312,151.66666666666666,7,0,1000000,3000,4
14115,14115,56460,85,95,380,613.0,0.0,613.0,689,689,400.7368421052632,14,0,1000000,3000,4
14264,14264,57056,86,149,596,1043.0,0.0,1043.0,1128,1128,594.8322147651006,23,0,1000000,3000,4
14407,14407,57628,87,143,572,742.0,0.0,742.0,828,828,512.5384615384615,17,0,1000000,3000,4
14436,14436,57744,88,29,116,251.0,0.0,251.0,313,313,155.3448275862069,7,0,1000000,3000,4
14579,14579,58316,89,143,572,639.0,0.0,639.0,722,723,511.4055944055944,15,0,1000000,3000,4
14614,14614,58456,90,35,140,230.0,0.0,230.0,295,295,168.11428571428573,6,0,1000000,3000,4
14713,14713,58852,91,99,396,732.0,0.0,732.0,809,809,435.22222222222223,17,0,1000000,3000,4
14877,14877,59508,92,164,656,750.0,0.0,750.0,839,839,511.8719512195122,17,0,1000000,3000,4
15071,15071,60284,93,194,776,1035.0,0.0,1035.0,1128,1128,605.8969072164948,23,0,1000000,3000,4
15169,15169,60676,94,98,392,605.0,0.0,605.0,681,681,410.46938775510205,14,0,1000000,3000,4
15199,15199,60796,95,30,120,248.0,0.0,248.0,311,311,151.63333333333333,7,0,1000000,3000,4
15233,15233,60932,96,34,136,239.0,0.0,239.0,303,303,163.91176470588235,7,0,1000000,3000,4
15373,15373,61492,97,140,560,640.0,0.0,640.0,722,723,525.65,15,0,1000000,3000,4
15412,15412,61648,98,39,156,225.0,0.0,225.0,289,289,170.6153846153846,6,0,1000000,3000,4
15444,15444,61776,99,32,128,242.0,0.0,242.0,306,306,158.34375,7,0,1000000,3000,4
15664,15664,62656,100,220,880,1026.0,0.0,1026.0,1126,1126,694.3,23,0,1000000,3000,4
16076,16076,64304,101,412,1648,1278.0,0.0,1278.0,1416,1416,791.9417475728155,29,0,1000000,3000,4
16273,16273,65092,102,197,788,1148.0,0.0,1148.0,1245,1245,634.9695431472081,25,0,1000000,3000,4
16542,16542,66168,103,269,1076,700.0,0.0,700.0,810,810,631.8550185873606,17,0,1000000,3000,4
16581,16581,66324,104,39,156,232.0,0.0,232.0,297,297,160.23076923076923,6,0,1000000,3000,4
16611,16611,66444,105,30,120,249.0,0.0,249.0,312,312,152.13333333333333,7,0,1000000,3000,4
17046,17046,68184,106,435,1740,1291.0,0.0,1291.0,1435,1435,757.7563218390804,29,0,1000000,3000,4
17405,17405,69620,107,359,1436,1895.0,0.0,1895.0,2024,2024,904.4317548746518,41,0,1000000,3000,4
17514,17514,70056,108,109,436,717.0,0.0,717.0,795,795,490.4403669724771,16,0,1000000,3000,4
17746,17746,70984,109,232,928,1852.0,0.0,1852.0,1954,1954,909.7844827586207,40,0,1000000,3000,4
17938,17938,71752,110,192,768,1337.0,0.0,1337.0,1433,1433,703.0416666666666,29,0,1000000,3000,4
18087,18087,72348,111,149,596,751.0,0.0,751.0,837,837,493.0536912751678,17,0,1000000,3000,4
18419,18419,73676,112,332,1328,1897.0,0.0,1897.0,2021,2021,906.1867469879518,41,0,1000000,3000,4
18453,18453,73812,113,34,136,240.0,0.0,240.0,304,304,160.91176470588235,7,0,1000000,3000,4
18698,18698,74792,114,245,980,1043.0,0.0,1043.0,1149,1149,733.5142857142857,23,0,1000000,3000,4
18738,18738,74952,115,40,160,238.0,0.0,238.0,304,304,141.8,7,0,1000000,3000,4
18769,18769,75076,116,31,124,247.0,0.0,247.0,310,310,158.16129032258064,7,0,1000000,3000,4
18800,18800,75200,117,31,124,249.0,0.0,249.0,313,313,155.19354838709677,7,0,1000000,3000,4
18985,18985,75940,118,185,740,1036.0,0.0,1036.0,1128,1128,602.3945945945947,23,0,1000000,3000,4
19117,19117,76468,119,132,528,1044.0,0.0,1044.0,1126,1126,618.7878787878788,23,0,1000000,3000,4
19228,19228,76912,120,111,444,626.0,0.0,626.0,705,705,392.8288288288288,15,0,1000000,3000,4
19258,19258,77032,121,30,120,248.0,0.0,248.0,312,312,151.93333333333334,7,0,1000000,3000,4
19290,19290,77160,122,32,128,247.0,0.0,247.0,311,311,158.6875,7,0,1000000,3000,4
19363,19363,77452,123,73,292,632.0,0.0,632.0,704,704,372.4109589041096,15,0,1000000,3000,4
19398,19398,77592,124,35,140,245.0,0.0,245.0,308,308,156.68571428571428,7,0,1000000,3000,4
19433,19433,77732,125,35,140,238.0,0.0,238.0,301,301,169.45714285714286,7,0,1000000,3000,4
19470,19470,77880,126,37,148,237.0,0.0,237.0,302,302,165.51351351351352,7,0,1000000,3000,4
19501,19501,78004,127,31,124,249.0,0.0,249.0,313,313,156.4516129032258,7,0,1000000,3000,4
19530,19530,78120,128,29,116,247.0,0.0,247.0,310,310,157.27586206896552,7,0,1000000,3000,4
19564,19564,78256,129,34,136,249.0,0.0,249.0,313,313,146.1764705882353,7,0,1000000,3000,4
19765,19765,79060,130,201,804,1136.0,0.0,1136.0,1232,1232,644.7711442786069,25,0,1000000,3000,4
19956,19956,79824,131,191,764,1136.0,0.0,1136.0,1230,1230,661.1047120418848,25,0,1000000,3000,4
19996,19996,79984,132,40,160,227.0,0.0,227.0,290,290,166.15,6,0,1000000,3000,4
20030,20030,80120,133,34,136,239.0,0.0,239.0,303,303,161.94117647058823,7,0,1000000,3000,4
20130,20130,80520,134,100,400,631.0,0.0,631.0,708,708,353.2,15,0,1000000,3000,4
20203,20203,80812,135,73,292,611.0,0.0,611.0,683,683,344.7808219178082,14,0,1000000,3000,4
20251,20251,81004,136,48,192,216.0,0.0,216.0,282,282,164.3125,6,0,1000000,3000,4
20413,20413,81652,137,162,648,1038.0,0.0,1038.0,1126,1126,594.7716049382716,23,0,1000000,3000,4
20501,20501,82004,138,88,352,620.0,0.0,620.0,694,694,353.54545454545456,14,0,1000000,3000,4
20532,20532,82128,139,31,124,248.0,0.0,248.0,312,312,152.03225806451613,7,0,1000000,3000,4
20739,20739,82956,140,207,828,1422.0,0.0,1422.0,1521,1521,792.8067632850242,31,0,1000000,3000,4
20825,20825,83300,141,86,344,616.0,0.0,616.0,691,691,350.6279069767442,14,0,1000000,3000,4
21030,21030,84120,142,205,820,1334.0,0.0,1334.0,1433,1433,668.1902439024391,29,0,1000000,3000,4
21168,21168,84672,143,138,552,640.0,0.0,640.0,722,722,539.6884057971015,15,0,1000000,3000,4
21320,21320,85280,144,152,608,637.0,0.0,637.0,722,722,485.32236842105266,15,0,1000000,3000,4
21353,21353,85412,145,33,132,247.0,0.0,247.0,309,309,157.27272727272728,7,0,1000000,3000,4
21435,21435,85740,146,82,328,618.0,0.0,618.0,692,692,395.6585365853659,14,0,1000000,3000,4
21523,21523,86092,147,88,352,633.0,0.0,633.0,708,708,375.92045454545456,15,0,1000000,3000,4
21976,21976,87904,148,453,1812,980.0,0.0,980.0,1126,1126,785.766004415011,23,0,1000000,3000,4
22225,22225,88900,149,249,996,1416.0,0.0,1416.0,1523,1523,733.3413654618474,31,0,1000000,3000,4
22287,22287,89148,150,62,248,610.0,0.0,610.0,680,680,334.2096774193548,14,0,1000000,3000,4
22434,22434,89736,151,147,588,1044.0,0.0,1044.0,1129,1129,549.0408163265306,23,0,1000000,3000,4
22613,22613,90452,152,179,716,1037.0,0.0,1037.0,1128,1128,639.1061452513967,23,0,1000000,3000,4
22837,22837,91348,153,224,896,1330.0,0.0,1330.0,1432,1432,729.9821428571429,29,0,1000000,3000,4
22992,22992,91968,154,155,620,1039.0,0.0,1039.0,1125,1125,675.341935483871,23,0,1000000,3000,4
23084,23084,92336,155,92,368,621.0,0.0,621.0,697,697,381.69565217391306,14,0,1000000,3000,4
23116,23116,92464,156,32,128,248.0,0.0,248.0,312,312,154.6875,7,0,1000000,3000,4
23158,23158,92632,157,42,168,230.0,0.0,230.0,295,295,156.1904761904762,6,0,1000000,3000,4
23201,23201,92804,158,43,172,235.0,0.0,235.0,301,301,145.34883720930233,7,0,1000000,3000,4
23344,23344,93376,159,143,572,593.0,0.0,593.0,677,677,452.93706293706293,14,0,1000000,3000,4
23503,23503,94012,160,159,636,812.0,0.0,812.0,898,899,589.5471698113207,18,0,1000000,3000,4
23681,23681,94724,161,178,712,1432.0,0.0,1432.0,1525,1525,729.2921348314607,31,0,1000000,3000,4
23826,23826,95304,162,145,580,588.0,0.0,588.0,672,672,441.17931034482757,14,0,1000000,3000,4
24037,24037,96148,163,211,844,801.0,0.0,801.0,898,898,675.3696682464455,18,0,1000000,3000,4
24069,24069,96276,164,32,128,251.0,0.0,251.0,315,315,145.6875,7,0,1000000,3000,4
24168,24168,96672,165,99,396,604.0,0.0,604.0,680,680,385.4141414141414,14,0,1000000,3000,4
24247,24247,96988,166,79,316,614.0,0.0,614.0,687,687,336.0632911392405,14,0,1000000,3000,4
24386,24386,97544,167,139,556,640.0,0.0,640.0,722,723,531.2805755395683,15,0,1000000,3000,4
24633,24633,98532,168,247,988,794.0,0.0,794.0,898,899,653.5222672064777,18,0,1000000,3000,4
24910,24910,99640,169,277,1108,1115.0,0.0,1115.0,1225,1225,706.0830324909747,25,0,1000000,3000,4
25072,25072,100288,170,162,648,1039.0,0.0,1039.0,1126,1126,646.2530864197531,23,0,1000000,3000,4
25367,25367,101468,171,295,1180,1009.0,0.0,1009.0,1123,1123,652.6915254237288,23,0,1000000,3000,4
25518,25518,102072,172,151,604,637.0,0.0,637.0,722,722,489.89403973509934,15,0,1000000,3000,4
25721,25721,102884,173,203,812,1336.0,0.0,1336.0,1434,1434,719.4187192118227,29,0,1000000,3000,4
25871,25871,103484,174,150,600,638.0,0.0,638.0,722,723,486.4266666666667,15,0,1000000,3000,4
25990,25990,103960,175,119,476,593.0,0.0,593.0,673,673,372.2352941176471,14,0,1000000,3000,4
26218,26218,104872,176,228,912,1022.0,0.0,1022.0,1122,1122,476.36842105263156,23,0,1000000,3000,4
26581,26581,106324,177,363,1452,997.0,0.0,997.0,1125,1125,675.0358126721763,23,0,1000000,3000,4
26681,26681,106724,178,100,400,590.0,0.0,590.0,667,667,407.59,14,0,1000000,3000,4
26727,26727,106908,179,46,184,222.0,0.0,222.0,289,289,164.30434782608697,6,0,1000000,3000,4
26760,26760,107040,180,33,132,252.0,0.0,252.0,316,316,145.87878787878788,7,0,1000000,3000,4
27237,27237,108948,181,477,1908,977.0,0.0,977.0,1128,1128,749.6394129979036,23,0,1000000,3000,4
27474,27474,109896,182,237,948,796.0,0.0,796.0,898,898,628.6244725738396,18,0,1000000,3000,4
27645,27645,110580,183,171,684,633.0,0.0,633.0,722,723,464.03508771929825,15,0,1000000,3000,4
29557,29557,118228,184,1912,7648,689.0,0.0,689.0,1126,1126,766.0543933054394,23,0,1000000,3000,4
29658,29658,118632,185,101,404,621.0,0.0,621.0,697,697,376.7722772277228,14,0,1000000,3000,4
29699,29699,118796,186,41,164,216.0,0.0,216.0,281,281,172.609756097561,6,0,1000000,3000,4
29874,29874,119496,187,175,700,796.0,0.0,796.0,887,887,500.5257142857143,18,0,1000000,3000,4
30006,30006,120024,188,132,528,587.0,0.0,587.0,669,669,369.780303030303,14,0,1000000,3000,4
30047,30047,120188,189,41,164,226.0,0.0,226.0,291,291,164.9512195121951,6,0,1000000,3000,4
31288,31288,125152,190,1241,4964,1222.0,0.0,1222.0,1527,1527,754.0515713134569,31,0,1000000,3000,4
31960,31960,127840,191,672,2688,1322.0,0.0,1322.0,1514,1514,822.0133928571429,31,0,1000000,3000,4
32083,32083,128332,192,123,492,579.0,0.0,579.0,660,660,379.2357723577236,14,0,1000000,3000,4
32368,32368,129472,193,285,1140,720.0,0.0,720.0,833,833,593.7122807017544,17,0,1000000,3000,4
32682,32682,130728,194,314,1256,702.0,0.0,702.0,821,821,633.4235668789809,17,0,1000000,3000,4
32805,32805,131220,195,123,492,607.0,0.0,607.0,688,688,340.609756097561,14,0,1000000,3000,4
34005,34005,136020,196,1200,4800,1126.0,0.0,1126.0,1423,1423,801.5641666666667,29,0,1000000,3000,4
34052,34052,136208,197,47,188,222.0,0.0,222.0,287,287,167.19148936170214,6,0,1000000,3000,4
34772,34772,139088,198,720,2880,700.0,0.0,700.0,898,898,684.4777777777778,18,0,1000000,3000,4
35014,35014,140056,199,242,968,794.0,0.0,794.0,896,898,668.7107438016529,18,0,1000000,3000,4
35454,35454,141816,200,440,1760,995.0,0.0,995.0,1139,1139,731.0568181818181,23,0,1000000,3000,4
36292,36292,145168,201,838,3352,905.0,0.0,905.0,1128,1128,748.5405727923628,23,0,1000000,3000,4
36466,36466,145864,202,174,696,582.0,0.0,582.0,673,673,463.3735632183908,14,0,1000000,3000,4
36504,36504,146016,203,38,152,249.0,0.0,249.0,314,314,143.55263157894737,7,0,1000000,3000,4
36680,36680,146720,204,176,704,615.0,0.0,615.0,706,706,446.15909090909093,15,0,1000000,3000,4
36776,36776,147104,205,96,384,626.0,0.0,626.0,701,701,345.0208333333333,15,0,1000000,3000,4
37890,37890,151560,206,1114,4456,1132.0,0.0,1132.0,1408,1410,759.0332136445243,29,0,1000000,3000,4
37982,37982,151928,207,92,368,610.0,0.0,610.0,686,686,389.19565217391306,14,0,1000000,3000,4
38019,38019,152076,208,37,148,231.0,0.0,231.0,295,295,163.48648648648648,6,0,1000000,3000,4
38270,38270,153080,209,251,1004,737.0,0.0,737.0,844,844,557.4860557768924,17,0,1000000,3000,4
38390,38390,153560,210,120,480,597.0,0.0,597.0,675,675,385.8,14,0,1000000,3000,4
38431,38431,153724,211,41,164,234.0,0.0,234.0,299,299,155.53658536585365,6,0,1000000,3000,4
38547,38547,154188,212,116,464,610.0,0.0,610.0,690,690,371.61206896551727,14,0,1000000,3000,4
38917,38917,155668,213,370,1480,593.0,0.0,593.0,721,722,541.8675675675676,15,0,1000000,3000,4
39024,39024,156096,214,107,428,578.0,0.0,578.0,656,656,391.77570093457945,14,0,1000000,3000,4
39262,39262,157048,215,238,952,618.0,0.0,618.0,720,724,496.9453781512605,15,0,1000000,3000,4
39354,39354,157416,216,92,368,622.0,0.0,622.0,697,697,375.7717391304348,14,0,1000000,3000,4
39397,39397,157588,217,43,172,240.0,0.0,240.0,306,306,147.2325581395349,7,0,1000000,3000,4
39881,39881,159524,218,484,1936,1521.0,0.0,1521.0,1675,1675,843.9607438016529,34,0,1000000,3000,4
39982,39982,159928,219,101,404,618.0,0.0,618.0,695,695,359.009900990099,14,0,1000000,3000,4
40412,40412,161648,220,430,1720,995.0,0.0,995.0,1138,1138,662.0046511627907,23,0,1000000,3000,4
40601,40601,162404,221,189,756,721.0,0.0,721.0,815,815,515.7724867724868,17,0,1000000,3000,4
40761,40761,163044,222,160,640,1042.0,0.0,1042.0,1129,1129,551.9875,23,0,1000000,3000,4
40795,40795,163180,223,34,136,250.0,0.0,250.0,313,313,148.7058823529412,7,0,1000000,3000,4
40828,40828,163312,224,33,132,248.0,0.0,248.0,312,312,155.6060606060606,7,0,1000000,3000,4
40906,40906,163624,225,78,312,610.0,0.0,610.0,683,683,342.70512820512823,14,0,1000000,3000,4
41057,41057,164228,226,151,604,637.0,0.0,637.0,722,723,521.5827814569536,15,0,1000000,3000,4
41196,41196,164784,227,139,556,789.0,0.0,789.0,872,872,544.6043165467626,18,0,1000000,3000,4
41225,41225,164900,228,29,116,252.0,0.0,252.0,315,315,161.10344827586206,7,0,1000000,3000,4
41258,41258,165032,229,33,132,251.0,0.0,251.0,315,315,145.78787878787878,7,0,1000000,3000,4
41356,41356,165424,230,98,392,614.0,0.0,614.0,691,691,399.765306122449,14,0,1000000,3000,4
41443,41443,165772,231,87,348,625.0,0.0,625.0,700,700,387.0574712643678,15,0,1000000,3000,4
41618,41618,166472,232,175,700,809.0,0.0,809.0,898,899,589.8685714285714,18,0,1000000,3000,4
41708,41708,166832,233,90,360,629.0,0.0,629.0,703,703,360.6666666666667,15,0,1000000,3000,4
41859,41859,167436,234,151,604,813.0,0.0,813.0,898,898,594.615894039735,18,0,1000000,3000,4
41956,41956,167824,235,97,388,604.0,0.0,604.0,681,681,391.49484536082474,14,0,1000000,3000,4
42048,42048,168192,236,92,368,609.0,0.0,609.0,685,685,401.95652173913044,14,0,1000000,3000,4
42082,42082,168328,237,34,136,242.0,0.0,242.0,305,305,161.55882352941177,7,0,1000000,3000,4
42161,42161,168644,238,79,316,621.0,0.0,621.0,694,694,355.56962025316454,14,0,1000000,3000,4
42301,42301,169204,239,140,560,1042.0,0.0,1042.0,1124,1124,543.7785714285715,23,0,1000000,3000,4
42387,42387,169548,240,86,344,609.0,0.0,609.0,684,684,335.72093023255815,14,0,1000000,3000,4
42458,42458,169832,241,71,284,614.0,0.0,614.0,686,686,337.38028169014086,14,0,1000000,3000,4
42531,42531,170124,242,73,292,609.0,0.0,609.0,681,681,330.2328767123288,14,0,1000000,3000,4
42626,42626,170504,243,95,380,628.0,0.0,628.0,704,704,381.3157894736842,15,0,1000000,3000,4
42774,42774,171096,244,148,592,742.0,0.0,742.0,828,828,469.3783783783784,17,0,1000000,3000,4
42813,42813,171252,245,39,156,247.0,0.0,247.0,312,312,138.25641025641025,7,0,1000000,3000,4
43063,43063,172252,246,250,1000,1309.0,0.0,1309.0,1413,1413,767.312,29,0,1000000,3000,4
43248,43248,172992,247,185,740,738.0,0.0,738.0,830,830,548.3513513513514,17,0,1000000,3000,4
43291,43291,173164,248,43,172,235.0,0.0,235.0,300,300,150.02325581395348,7,0,1000000,3000,4
43578,43578,174312,249,287,1148,1906.0,0.0,1906.0,2021,2021,970.4181184668989,41,0,1000000,3000,4
43781,43781,175124,250,203,812,1034.0,0.0,1034.0,1130,1130,643.6009852216749,23,0,1000000,3000,4
43885,43885,175540,251,104,416,618.0,0.0,618.0,696,696,316.02884615384613,14,0,1000000,3000,4
43924,43924,175696,252,39,156,235.0,0.0,235.0,299,299,145.53846153846155,6,0,1000000,3000,4
44186,44186,176744,253,262,1048,727.0,0.0,727.0,836,836,627.9083969465648,17,0,1000000,3000,4
44226,44226,176904,254,40,160,240.0,0.0,240.0,304,304,150.425,7,0,1000000,3000,4
44371,44371,177484,255,145,580,793.0,0.0,793.0,879,879,537.0551724137931,18,0,1000000,3000,4
44624,44624,178496,256,253,1012,1025.0,0.0,1025.0,1131,1131,688.5296442687747,23,0,1000000,3000,4
44661,44661,178644,257,37,148,228.0,0.0,228.0,292,292,174.0,6,0,1000000,3000,4
44693,44693,178772,258,32,128,243.0,0.0,243.0,306,306,161.5,7,0,1000000,3000,4
45025,45025,180100,259,332,1328,1544.0,0.0,1544.0,1667,1667,783.343373493976,34,0,1000000,3000,4
45063,45063,180252,260,38,152,237.0,0.0,237.0,301,301,154.0,7,0,1000000,3000,4
45221,45221,180884,261,158,632,636.0,0.0,636.0,722,722,484.38607594936707,15,0,1000000,3000,4
45551,45551,182204,262,330,1320,1115.0,0.0,1115.0,1237,1237,676.1636363636363,25,0,1000000,3000,4
45736,45736,182944,263,185,740,1574.0,0.0,1574.0,1669,1669,832.4594594594595,34,0,1000000,3000,4
45784,45784,183136,264,48,192,221.0,0.0,221.0,287,287,153.83333333333334,6,0,1000000,3000,4
45876,45876,183504,265,92,368,620.0,0.0,620.0,695,695,349.2391304347826,14,0,1000000,3000,4
45968,45968,183872,266,92,368,625.0,0.0,625.0,701,701,333.2282608695652,15,0,1000000,3000,4
46263,46263,185052,267,295,1180,1313.0,0.0,1313.0,1429,1429,771.9593220338983,29,0,1000000,3000,4
46487,46487,185948,268,224,896,623.0,0.0,623.0,722,722,495.33482142857144,15,0,1000000,3000,4
46537,46537,186148,269,50,200,201.0,0.0,201.0,265,265,182.2,6,0,1000000,3000,4
46578,46578,186312,270,41,164,242.0,0.0,242.0,307,307,150.1219512195122,7,0,1000000,3000,4
46836,46836,187344,271,258,1032,1022.0,0.0,1022.0,1129,1129,642.6899224806201,23,0,1000000,3000,4
46871,46871,187484,272,35,140,234.0,0.0,234.0,297,297,163.22857142857143,6,0,1000000,3000,4
46954,46954,187816,273,83,332,627.0,0.0,627.0,700,700,366.6385542168675,15,0,1000000,3000,4
47028,47028,188112,274,74,296,622.0,0.0,622.0,694,694,357.36486486486484,14,0,1000000,3000,4
47165,47165,188660,275,137,548,640.0,0.0,640.0,722,722,526.1021897810219,15,0,1000000,3000,4
47302,47302,189208,276,137,548,1046.0,0.0,1046.0,1129,1129,570.4160583941606,23,0,1000000,3000,4
47409,47409,189636,277,107,428,622.0,0.0,622.0,701,701,374.6542056074766,15,0,1000000,3000,4
47568,47568,190272,278,159,636,812.0,0.0,812.0,898,899,579.1446540880503,18,0,1000000,3000,4
47602,47602,190408,279,34,136,232.0,0.0,232.0,295,295,172.64705882352942,6,0,1000000,3000,4
47745,47745,190980,280,143,572,639.0,0.0,639.0,722,722,515.7902097902098,15,0,1000000,3000,4
48064,48064,192256,281,319,1276,1405.0,0.0,1405.0,1526,1526,773.7147335423198,31,0,1000000,3000,4
48151,48151,192604,282,87,348,626.0,0.0,626.0,699,699,362.7471264367816,14,0,1000000,3000,4
48226,48226,192904,283,75,300,620.0,0.0,620.0,691,691,353.81333333333333,14,0,1000000,3000,4
48372,48372,193488,284,146,584,638.0,0.0,638.0,722,722,509.8150684931507,15,0,1000000,3000,4
48527,48527,194108,285,155,620,720.0,0.0,720.0,809,809,518.1032258064516,17,0,1000000,3000,4
48785,48785,195140,286,258,1032,1846.0,0.0,1846.0,1955,1955,883.9147286821706,40,0,1000000,3000,4
48886,48886,195544,287,101,404,617.0,0.0,617.0,694,694,370.9207920792079,14,0,1000000,3000,4
48974,48974,195896,288,88,352,621.0,0.0,621.0,696,696,340.6136363636364,14,0,1000000,3000,4
49015,49015,196060,289,41,164,233.0,0.0,233.0,299,299,150.7560975609756,6,0,1000000,3000,4
49054,49054,196216,290,39,156,229.0,0.0,229.0,293,293,170.46153846153845,6,0,1000000,3000,4
49220,49220,196880,291,166,664,589.0,0.0,589.0,679,679,476.5240963855422,14,0,1000000,3000,4
49251,49251,197004,292,31,124,248.0,0.0,248.0,312,312,163.41935483870967,7,0,1000000,3000,4
49327,49327,197308,293,76,304,652.0,0.0,652.0,722,723,367.94736842105266,15,0,1000000,3000,4
49562,49562,198248,294,235,940,1026.0,0.0,1026.0,1129,1129,676.9787234042553,23,0,1000000,3000,4
49632,49632,198528,295,70,280,617.0,0.0,617.0,689,689,362.6,14,0,1000000,3000,4
49747,49747,198988,296,115,460,610.0,0.0,610.0,691,691,376.32173913043476,14,0,1000000,3000,4
49782,49782,199128,297,35,140,239.0,0.0,239.0,302,302,166.94285714285715,7,0,1000000,3000,4
49911,49911,199644,298,129,516,1044.0,0.0,1044.0,1125,1125,586.4883720930233,23,0,1000000,3000,4
49991,49991,199964,299,80,320,607.0,0.0,607.0,680,680,334.1,14,0,1000000,3000,4
50100,50100,200400,300,109,436,629.0,0.0,629.0,708,708,361.29357798165137,15,0,1000000,3000,4
50254,50254,201016,301,154,616,637.0,0.0,637.0,722,722,502.43506493506493,15,0,1000000,3000,4
50348,50348,201392,302,94,376,649.0,0.0,649.0,722,722,379.0851063829787,15,0,1000000,3000,4
50513,50513,202052,303,165,660,1583.0,0.0,1583.0,1674,1674,797.4121212121212,34,0,1000000,3000,4
50542,50542,202168,304,29,116,249.0,0.0,249.0,312,312,153.17241379310346,7,0,1000000,3000,4
50932,50932,203728,305,390,1560,1298.0,0.0,1298.0,1433,1433,800.0897435897435,29,0,1000000,3000,4
50961,50961,203844,306,29,116,247.0,0.0,247.0,310,310,154.48275862068965,7,0,1000000,3000,4
51091,51091,204364,307,130,520,818.0,0.0,818.0,898,898,575.0384615384615,18,0,1000000,3000,4
51130,51130,204520,308,39,156,229.0,0.0,229.0,293,293,170.12820512820514,6,0,1000000,3000,4
51780,51780,207120,309,650,2600,713.0,0.0,713.0,898,898,703.8461538461538,18,0,1000000,3000,4
51810,51810,207240,310,30,120,249.0,0.0,249.0,312,312,161.43333333333334,7,0,1000000,3000,4
51844,51844,207376,311,34,136,251.0,0.0,251.0,315,315,142.38235294117646,7,0,1000000,3000,4
51879,51879,207516,312,35,140,252.0,0.0,252.0,316,316,144.74285714285713,7,0,1000000,3000,4
52136,52136,208544,313,257,1028,1017.0,0.0,1017.0,1123,1123,712.9844357976654,23,0,1000000,3000,4
52402,52402,209608,314,266,1064,790.0,0.0,790.0,898,898,633.4586466165414,18,0,1000000,3000,4
52640,52640,210560,315,238,952,1024.0,0.0,1024.0,1126,1126,678.453781512605,23,0,1000000,3000,4
52899,52899,211596,316,259,1036,1021.0,0.0,1021.0,1128,1128,685.1930501930502,23,0,1000000,3000,4
53050,53050,212200,317,151,604,637.0,0.0,637.0,722,722,502.9337748344371,15,0,1000000,3000,4
53319,53319,213276,318,269,1076,1016.0,0.0,1016.0,1124,1124,671.8289962825279,23,0,1000000,3000,4
53418,53418,213672,319,99,396,624.0,0.0,624.0,701,701,371.93939393939394,15,0,1000000,3000,4
53449,53449,213796,320,31,124,245.0,0.0,245.0,309,309,152.6451612903226,7,0,1000000,3000,4
53591,53591,214364,321,142,568,724.0,0.0,724.0,809,809,496.03521126760563,17,0,1000000,3000,4
53681,53681,214724,322,90,360,649.0,0.0,649.0,722,723,384.8,15,0,1000000,3000,4
53710,53710,214840,323,29,116,248.0,0.0,248.0,310,310,156.44827586206895,7,0,1000000,3000,4
53740,53740,214960,324,30,120,247.0,0.0,247.0,311,311,152.4,7,0,1000000,3000,4
54181,54181,216724,325,441,1764,2327.0,0.0,2327.0,2471,2471,1105.092970521542,50,0,1000000,3000,4
54214,54214,216856,326,33,132,242.0,0.0,242.0,306,306,164.33333333333334,7,0,1000000,3000,4
54440,54440,217760,327,226,904,1333.0,0.0,1333.0,1436,1436,750.4513274336283,29,0,1000000,3000,4
54679,54679,218716,328,239,956,1033.0,0.0,1033.0,1137,1137,660.5690376569038,23,0,1000000,3000,4
54723,54723,218892,329,44,176,225.0,0.0,225.0,290,290,160.72727272727272,6,0,1000000,3000,4
54872,54872,219488,330,149,596,638.0,0.0,638.0,722,723,507.2147651006711,15,0,1000000,3000,4
54907,54907,219628,331,35,140,234.0,0.0,234.0,297,297,167.8,6,0,1000000,3000,4
54939,54939,219756,332,32,128,250.0,0.0,250.0,314,314,154.84375,7,0,1000000,3000,4
55189,55189,220756,333,250,1000,1327.0,0.0,1327.0,1434,1434,686.86,29,0,1000000,3000,4
55539,55539,222156,334,350,1400,1308.0,0.0,1308.0,1435,1435,788.1857142857143,29,0,1000000,3000,4
55811,55811,223244,335,272,1088,1016.0,0.0,1016.0,1126,1126,672.0220588235294,23,0,1000000,3000,4
56096,56096,224384,336,285,1140,1680.0,0.0,1680.0,1795,1795,831.301754385965,36,0,1000000,3000,4
56184,56184,224736,337,88,352,622.0,0.0,622.0,696,696,393.20454545454544,14,0,1000000,3000,4
56222,56222,224888,338,38,152,237.0,0.0,237.0,302,302,158.6315789473684,7,0,1000000,3000,4
56414,56414,225656,339,192,768,1342.0,0.0,1342.0,1438,1438,776.3802083333334,29,0,1000000,3000,4
56490,56490,225960,340,76,304,608.0,0.0,608.0,681,681,331.5657894736842,14,0,1000000,3000,4
56529,56529,226116,341,39,156,234.0,0.0,234.0,299,299,157.84615384615384,6,0,1000000,3000,4
56673,56673,226692,342,144,576,639.0,0.0,639.0,722,722,500.34027777777777,15,0,1000000,3000,4
56782,56782,227128,343,109,436,590.0,0.0,590.0,668,668,392.091743119266,14,0,1000000,3000,4
56813,56813,227252,344,31,124,247.0,0.0,247.0,310,310,156.80645161290323,7,0,1000000,3000,4
57158,57158,228632,345,345,1380,1292.0,0.0,1292.0,1416,1416,805.2550724637681,29,0,1000000,3000,4
57198,57198,228792,346,40,160,232.0,0.0,232.0,298,298,158.125,6,0,1000000,3000,4
57416,57416,229664,347,218,872,710.0,0.0,710.0,810,810,538.1467889908257,17,0,1000000,3000,4
57616,57616,230464,348,200,800,1030.0,0.0,1030.0,1125,1125,632.635,23,0,1000000,3000,4
57774,57774,231096,349,158,632,610.0,0.0,610.0,699,699,457.1392405063291,14,0,1000000,3000,4
57891,57891,231564,350,117,468,603.0,0.0,603.0,684,684,386.70940170940173,14,0,1000000,3000,4
57924,57924,231696,351,33,132,249.0,0.0,249.0,313,313,149.93939393939394,7,0,1000000,3000,4
57963,57963,231852,352,39,156,233.0,0.0,233.0,297,297,161.23076923076923,6,0,1000000,3000,4
57999,57999,231996,353,36,144,233.0,0.0,233.0,297,297,160.22222222222223,6,0,1000000,3000,4
58074,58074,232296,354,75,300,631.0,0.0,631.0,701,701,365.29333333333335,15,0,1000000,3000,4
58109,58109,232436,355,35,140,239.0,0.0,239.0,303,303,159.94285714285715,7,0,1000000,3000,4
58206,58206,232824,356,97,388,620.0,0.0,620.0,697,697,368.82474226804123,14,0,1000000,3000,4
58285,58285,233140,357,79,316,637.0,0.0,637.0,709,709,379.9367088607595,15,0,1000000,3000,4
58395,58395,233580,358,110,440,608.0,0.0,608.0,687,687,379.6363636363636,14,0,1000000,3000,4
58496,58496,233984,359,101,404,588.0,0.0,588.0,665,665,413.3069306930693,14,0,1000000,3000,4
58705,58705,234820,360,209,836,1146.0,0.0,1146.0,1245,1245,631.2966507177033,25,0,1000000,3000,4
58746,58746,234984,361,41,164,231.0,0.0,231.0,296,296,156.26829268292684,6,0,1000000,3000,4
58952,58952,235808,362,206,824,1336.0,0.0,1336.0,1435,1435,737.8786407766991,29,0,1000000,3000,4
59119,59119,236476,363,167,668,1324.0,0.0,1324.0,1412,1412,694.5508982035929,29,0,1000000,3000,4
59321,59321,237284,364,202,808,1337.0,0.0,1337.0,1435,1435,672.6534653465346,29,0,1000000,3000,4
59483,59483,237932,365,162,648,1037.0,0.0,1037.0,1125,1125,568.5123456790124,23,0,1000000,3000,4
59574,59574,238296,366,91,364,636.0,0.0,636.0,712,712,344.75824175824175,15,0,1000000,3000,4
59686,59686,238744,367,112,448,615.0,0.0,615.0,695,695,355.89285714285717,14,0,1000000,3000,4
59734,59734,238936,368,48,192,228.0,0.0,228.0,295,295,144.89583333333334,6,0,1000000,3000,4
59983,59983,239932,369,249,996,1406.0,0.0,1406.0,1513,1513,702.8313253012049,31,0,1000000,3000,4
60071,60071,240284,370,88,352,618.0,0.0,618.0,693,693,316.21590909090907,14,0,1000000,3000,4
60107,60107,240428,371,36,144,242.0,0.0,242.0,307,307,150.25,7,0,1000000,3000,4
60349,60349,241396,372,242,968,1304.0,0.0,1304.0,1409,1409,706.9090909090909,29,0,1000000,3000,4
60777,60777,243108,373,428,1712,2328.0,0.0,2328.0,2468,2468,1483.8504672897195,50,0,1000000,3000,4
60887,60887,243548,374,110,440,616.0,0.0,616.0,694,694,391.26363636363635,14,0,1000000,3000,4
61061,61061,244244,375,174,696,1325.0,0.0,1325.0,1415,1415,713.9885057471264,29,0,1000000,3000,4
61143,61143,244572,376,82,328,638.0,0.0,638.0,710,710,364.719512195122,15,0,1000000,3000,4
61257,61257,245028,377,114,456,603.0,0.0,603.0,682,682,398.4736842105263,14,0,1000000,3000,4
61432,61432,245728,378,175,700,808.0,0.0,808.0,898,898,598.8171428571428,18,0,1000000,3000,4
61507,61507,246028,379,75,300,630.0,0.0,630.0,702,702,355.62666666666667,15,0,1000000,3000,4
61540,61540,246160,380,33,132,241.0,0.0,241.0,303,303,160.15151515151516,7,0,1000000,3000,4
61626,61626,246504,381,86,344,629.0,0.0,629.0,703,703,352.95348837209303,15,0,1000000,3000,4
61661,61661,246644,382,35,140,246.0,0.0,246.0,311,311,143.82857142857142,7,0,1000000,3000,4
61969,61969,247876,383,308,1232,782.0,0.0,782.0,898,899,662.5844155844156,18,0,1000000,3000,4
61998,61998,247992,384,29,116,247.0,0.0,247.0,310,310,153.86206896551724,7,0,1000000,3000,4
62202,62202,248808,385,204,816,1329.0,0.0,1329.0,1427,1427,673.2892156862745,29,0,1000000,3000,4
62348,62348,249392,386,146,584,1147.0,0.0,1147.0,1234,1234,626.3835616438356,25,0,1000000,3000,4
62580,62580,250320,387,232,928,1694.0,0.0,1694.0,1798,1798,810.8620689655172,36,0,1000000,3000,4
62662,62662,250648,388,82,328,615.0,0.0,615.0,689,689,359.609756097561,14,0,1000000,3000,4
62785,62785,251140,389,123,492,774.0,0.0,774.0,856,856,543.8536585365854,18,0,1000000,3000,4
62860,62860,251440,390,75,300,606.0,0.0,606.0,679,679,335.08,14,0,1000000,3000,4
62895,62895,251580,391,35,140,236.0,0.0,236.0,300,300,165.14285714285714,7,0,1000000,3000,4
62937,62937,251748,392,42,168,234.0,0.0,234.0,299,299,155.42857142857142,6,0,1000000,3000,4
63148,63148,252592,393,211,844,1027.0,0.0,1027.0,1125,1125,666.9478672985782,23,0,1000000,3000,4
63216,63216,252864,394,68,272,617.0,0.0,617.0,688,688,351.61764705882354,14,0,1000000,3000,4
63475,63475,253900,395,259,1036,1308.0,0.0,1308.0,1415,1415,717.027027027027,29,0,1000000,3000,4
63627,63627,254508,396,152,608,1038.0,0.0,1038.0,1123,1123,610.4868421052631,23,0,1000000,3000,4
63857,63857,255428,397,230,920,1051.0,0.0,1051.0,1154,1154,585.4652173913043,24,0,1000000,3000,4
63906,63906,255624,398,49,196,213.0,0.0,213.0,279,279,166.26530612244898,6,0,1000000,3000,4
63938,63938,255752,399,32,128,241.0,0.0,241.0,304,304,161.9375,7,0,1000000,3000,4
63978,63978,255912,400,40,160,223.0,0.0,223.0,288,288,162.75,6,0,1000000,3000,4
64106,64106,256424,401,128,512,588.0,0.0,588.0,670,670,381.9140625,14,0,1000000,3000,4
64400,64400,257600,402,294,1176,1014.0,0.0,1014.0,1127,1127,621.8299319727892,23,0,1000000,3000,4
64598,64598,258392,403,198,792,1330.0,0.0,1330.0,1427,1427,694.3888888888889,29,0,1000000,3000,4
64809,64809,259236,404,211,844,1051.0,0.0,1051.0,1151,1151,640.1137440758293,24,0,1000000,3000,4
64984,64984,259936,405,175,700,1339.0,0.0,1339.0,1431,1431,669.7542857142857,29,0,1000000,3000,4
65020,65020,260080,406,36,144,246.0,0.0,246.0,311,311,152.88888888888889,7,0,1000000,3000,4
65050,65050,260200,407,30,120,248.0,0.0,248.0,310,310,162.76666666666668,7,0,1000000,3000,4
65138,65138,260552,408,88,352,626.0,0.0,626.0,701,701,369.8636363636364,15,0,1000000,3000,4
65178,65178,260712,409,40,160,240.0,0.0,240.0,305,305,150.2,7,0,1000000,3000,4
65594,65594,262376,410,416,1664,760.0,0.0,760.0,898,899,692.8413461538462,18,0,1000000,3000,4
65657,65657,262628,411,63,252,614.0,0.0,614.0,684,684,344.3174603174603,14,0,1000000,3000,4
65743,65743,262972,412,86,344,634.0,0.0,634.0,708,708,374.83720930232556,15,0,1000000,3000,4
65777,65777,263108,413,34,136,248.0,0.0,248.0,311,311,143.2058823529412,7,0,1000000,3000,4
66371,66371,265484,414,594,2376,954.0,0.0,954.0,1128,1128,683.7542087542088,23,0,1000000,3000,4
66584,66584,266336,415,213,852,1334.0,0.0,1334.0,1434,1434,729.7417840375587,29,0,1000000,3000,4
66613,66613,266452,416,29,116,246.0,0.0,246.0,309,309,157.0344827586207,7,0,1000000,3000,4
66940,66940,267760,417,327,1308,1312.0,0.0,1312.0,1435,1435,689.651376146789,29,0,1000000,3000,4
67126,67126,268504,418,186,744,1039.0,0.0,1039.0,1133,1133,629.8924731182796,23,0,1000000,3000,4
67213,67213,268852,419,87,348,619.0,0.0,619.0,694,694,400.97701149425285,14,0,1000000,3000,4
67588,67588,270352,420,375,1500,768.0,0.0,768.0,898,898,674.4053333333334,18,0,1000000,3000,4
67625,67625,270500,421,37,148,233.0,0.0,233.0,296,296,167.02702702702703,6,0,1000000,3000,4
67655,67655,270620,422,30,120,248.0,0.0,248.0,312,312,157.6,7,0,1000000,3000,4
67814,67814,271256,423,159,636,812.0,0.0,812.0,898,898,560.7169811320755,18,0,1000000,3000,4
67934,67934,271736,424,120,480,601.0,0.0,601.0,683,683,379.8833333333333,14,0,1000000,3000,4
67967,67967,271868,425,33,132,234.0,0.0,234.0,297,297,170.5151515151515,6,0,1000000,3000,4
68126,68126,272504,426,159,636,812.0,0.0,812.0,898,900,602.5471698113207,19,0,1000000,3000,4
68279,68279,273116,427,153,612,637.0,0.0,637.0,722,722,474.9673202614379,15,0,1000000,3000,4
68313,68313,273252,428,34,136,236.0,0.0,236.0,300,300,170.44117647058823,7,0,1000000,3000,4
68459,68459,273836,429,146,584,638.0,0.0,638.0,722,722,511.5753424657534,15,0,1000000,3000,4
68571,68571,274284,430,112,448,624.0,0.0,624.0,703,703,374.0625,15,0,1000000,3000,4
68609,68609,274436,431,38,152,233.0,0.0,233.0,297,297,164.1578947368421,6,0,1000000,3000,4
68643,68643,274572,432,34,136,240.0,0.0,240.0,303,303,162.55882352941177,7,0,1000000,3000,4
68679,68679,274716,433,36,144,231.0,0.0,231.0,296,296,166.44444444444446,6,0,1000000,3000,4
68821,68821,275284,434,142,568,712.0,0.0,712.0,797,797,491.9225352112676,16,0,1000000,3000,4
68984,68984,275936,435,163,652,635.0,0.0,635.0,722,722,491.319018404908,15,0,1000000,3000,4
69025,69025,276100,436,41,164,232.0,0.0,232.0,298,298,161.1219512195122,6,0,1000000,3000,4
69224,69224,276896,437,199,796,804.0,0.0,804.0,898,899,602.713567839196,18,0,1000000,3000,4
69343,69343,277372,438,119,476,599.0,0.0,599.0,679,679,383.327731092437,14,0,1000000,3000,4
69563,69563,278252,439,220,880,720.0,0.0,720.0,819,819,539.6727272727272,17,0,1000000,3000,4
69611,69611,278444,440,48,192,219.0,0.0,219.0,285,285,159.54166666666666,6,0,1000000,3000,4
69886,69886,279544,441,275,1100,1300.0,0.0,1300.0,1411,1411,723.9818181818182,29,0,1000000,3000,4
70056,70056,280224,442,170,680,810.0,0.0,810.0,898,898,540.6588235294117,18,0,1000000,3000,4
70177,70177,280708,443,121,484,621.0,0.0,621.0,702,702,366.53719008264466,15,0,1000000,3000,4
70217,70217,280868,444,40,160,237.0,0.0,237.0,301,301,153.15,7,0,1000000,3000,4
70316,70316,281264,445,99,396,624.0,0.0,624.0,699,699,389.45454545454544,14,0,1000000,3000,4
70365,70365,281460,446,49,196,210.0,0.0,210.0,276,276,168.16326530612244,6,0,1000000,3000,4
70407,70407,281628,447,42,168,237.0,0.0,237.0,301,301,146.54761904761904,7,0,1000000,3000,4
70447,70447,281788,448,40,160,231.0,0.0,231.0,295,295,159.875,6,0,1000000,3000,4
70626,70626,282504,449,179,716,808.0,0.0,808.0,898,898,567.8770949720671,18,0,1000000,3000,4
70822,70822,283288,450,196,784,1142.0,0.0,1142.0,1239,1239,599.4948979591836,25,0,1000000,3000,4
70998,70998,283992,451,176,704,1058.0,0.0,1058.0,1151,1151,608.8693181818181,24,0,1000000,3000,4
71196,71196,284784,452,198,792,1334.0,0.0,1334.0,1431,1431,675.6212121212121,29,0,1000000,3000,4
71245,71245,284980,453,49,196,226.0,0.0,226.0,292,292,140.3265306122449,6,0,1000000,3000,4
71359,71359,285436,454,114,456,645.0,0.0,645.0,722,722,309.67543859649123,15,0,1000000,3000,4
71805,71805,287220,455,446,1784,983.0,0.0,983.0,1129,1129,674.4551569506726,23,0,1000000,3000,4
72477,72477,289908,456,672,2688,1247.0,0.0,1247.0,1439,1439,700.3511904761905,29,0,1000000,3000,4
72577,72577,290308,457,100,400,600.0,0.0,600.0,677,677,384.51,14,0,1000000,3000,4
73519,73519,294076,458,942,3768,893.0,0.0,893.0,1137,1137,737.3503184713376,23,0,1000000,3000,4
73728,73728,294912,459,209,836,692.0,0.0,692.0,790,790,511.0382775119617,16,0,1000000,3000,4
73833,73833,295332,460,105,420,617.0,0.0,617.0,694,694,364.43809523809523,14,0,1000000,3000,4
74043,74043,296172,461,210,840,735.0,0.0,735.0,833,833,561.0095238095238,17,0,1000000,3000,4
74075,74075,296300,462,32,128,247.0,0.0,247.0,311,311,156.03125,7,0,1000000,3000,4
74303,74303,297212,463,228,912,622.0,0.0,622.0,722,722,558.6140350877193,15,0,1000000,3000,4
74341,74341,297364,464,38,152,243.0,0.0,243.0,307,307,147.07894736842104,7,0,1000000,3000,4
74448,74448,297792,465,107,428,598.0,0.0,598.0,676,676,382.58878504672896,14,0,1000000,3000,4
74557,74557,298228,466,109,436,595.0,0.0,595.0,673,673,383.9633027522936,14,0,1000000,3000,4
74728,74728,298912,467,171,684,1040.0,0.0,1040.0,1131,1131,601.1812865497076,23,0,1000000,3000,4
74881,74881,299524,468,153,612,637.0,0.0,637.0,722,722,505.5098039215686,15,0,1000000,3000,4
75033,75033,300132,469,152,608,637.0,0.0,637.0,722,722,504.3618421052632,15,0,1000000,3000,4
75830,75830,303320,470,797,3188,684.0,0.0,684.0,898,898,681.9033877038896,18,0,1000000,3000,4
76026,76026,304104,471,196,784,1042.0,0.0,1042.0,1138,1138,693.7448979591836,23,0,1000000,3000,4
76182,76182,304728,472,156,624,636.0,0.0,636.0,722,723,498.0833333333333,15,0,1000000,3000,4
76223,76223,304892,473,41,164,222.0,0.0,222.0,287,287,167.73170731707316,6,0,1000000,3000,4
76693,76693,306772,474,470,1880,647.0,0.0,647.0,797,797,622.0446808510638,16,0,1000000,3000,4
76736,76736,306944,475,43,172,226.0,0.0,226.0,290,290,163.88372093023256,6,0,1000000,3000,4
76850,76850,307400,476,114,456,588.0,0.0,588.0,666,666,385.96491228070175,14,0,1000000,3000,4
76888,76888,307552,477,38,152,240.0,0.0,240.0,304,304,155.81578947368422,7,0,1000000,3000,4
77121,77121,308484,478,233,932,741.0,0.0,741.0,844,844,547.7811158798283,17,0,1000000,3000,4
77514,77514,310056,479,393,1572,765.0,0.0,765.0,898,898,653.8575063613232,18,0,1000000,3000,4
77555,77555,310220,480,41,164,238.0,0.0,238.0,303,303,151.6829268292683,7,0,1000000,3000,4
77927,77927,311708,481,372,1488,1819.0,0.0,1819.0,1949,1949,936.1397849462365,39,0,1000000,3000,4
78221,78221,312884,482,294,1176,1396.0,0.0,1396.0,1511,1511,767.1020408163265,31,0,1000000,3000,4
78261,78261,313044,483,40,160,230.0,0.0,230.0,295,295,163.7,6,0,1000000,3000,4
78467,78467,313868,484,206,824,1037.0,0.0,1037.0,1135,1135,582.6116504854369,23,0,1000000,3000,4
78511,78511,314044,485,44,176,230.0,0.0,230.0,295,295,152.95454545454547,6,0,1000000,3000,4
78826,78826,315304,486,315,1260,1011.0,0.0,1011.0,1131,1131,638.4253968253968,23,0,1000000,3000,4
79103,79103,316412,487,277,1108,1316.0,0.0,1316.0,1428,1428,700.2202166064982,29,0,1000000,3000,4
79203,79203,316812,488,100,400,612.0,0.0,612.0,689,689,377.41,14,0,1000000,3000,4
79313,79313,317252,489,110,440,605.0,0.0,605.0,682,682,381.7909090909091,14,0,1000000,3000,4
79429,79429,317716,490,116,464,602.0,0.0,602.0,682,682,386.94827586206895,14,0,1000000,3000,4
79470,79470,317880,491,41,164,231.0,0.0,231.0,296,296,161.73170731707316,6,0,1000000,3000,4
79568,79568,318272,492,98,392,612.0,0.0,612.0,687,687,388.55102040816325,14,0,1000000,3000,4
79839,79839,319356,493,271,1084,1016.0,0.0,1016.0,1126,1126,637.2988929889299,23,0,1000000,3000,4
79875,79875,319500,494,36,144,244.0,0.0,244.0,307,307,157.66666666666666,7,0,1000000,3000,4
79917,79917,319668,495,42,168,232.0,0.0,232.0,297,297,159.3095238095238,6,0,1000000,3000,4
80103,80103,320412,496,186,744,806.0,0.0,806.0,898,899,534.8010752688172,18,0,1000000,3000,4
80319,80319,321276,497,216,864,751.0,0.0,751.0,851,851,529.2962962962963,18,0,1000000,3000,4
80439,80439,321756,498,120,480,589.0,0.0,589.0,669,669,386.45,14,0,1000000,3000,4
80474,80474,321896,499,35,140,249.0,0.0,249.0,313,313,149.05714285714285,7,0,1000000,3000,4
80515,80515,322060,500,41,164,232.0,0.0,232.0,297,297,162.0487804878049,6,0,1000000,3000,4
80794,80794,323176,501,279,1116,1410.0,0.0,1410.0,1522,1522,710.5985663082437,31,0,1000000,3000,4
81083,81083,324332,502,289,1156,1309.0,0.0,1309.0,1423,1423,715.3044982698962,29,0,1000000,3000,4
81172,81172,324688,503,89,356,628.0,0.0,628.0,701,701,383.17977528089887,15,0,1000000,3000,4
81375,81375,325500,504,203,812,1417.0,0.0,1417.0,1514,1514,789.8866995073892,31,0,1000000,3000,4
81597,81597,326388,505,222,888,1423.0,0.0,1423.0,1525,1525,759.8693693693693,31,0,1000000,3000,4
81776,81776,327104,506,179,716,743.0,0.0,743.0,835,835,553.7765363128492,17,0,1000000,3000,4
81817,81817,327268,507,41,164,232.0,0.0,232.0,296,296,159.8780487804878,6,0,1000000,3000,4
81994,81994,327976,508,177,708,1058.0,0.0,1058.0,1151,1151,578.3841807909605,24,0,1000000,3000,4
82139,82139,328556,509,145,580,639.0,0.0,639.0,722,723,511.09655172413795,15,0,1000000,3000,4
82455,82455,329820,510,316,1264,1544.0,0.0,1544.0,1665,1665,830.756329113924,34,0,1000000,3000,4
82493,82493,329972,511,38,152,224.0,0.0,224.0,288,288,173.21052631578948,6,0,1000000,3000,4
82643,82643,330572,512,150,600,1137.0,0.0,1137.0,1222,1222,611.2666666666667,25,0,1000000,3000,4
82949,82949,331796,513,306,1224,1394.0,0.0,1394.0,1512,1512,723.6830065359477,31,0,1000000,3000,4
83100,83100,332400,514,151,604,1166.0,0.0,1166.0,1252,1252,683.1655629139073,26,0,1000000,3000,4
83296,83296,333184,515,196,784,766.0,0.0,766.0,862,862,525.5918367346939,18,0,1000000,3000,4
83412,83412,333648,516,116,464,624.0,0.0,624.0,703,703,364.26724137931035,15,0,1000000,3000,4
83666,83666,334664,517,254,1016,1308.0,0.0,1308.0,1413,1413,695.5826771653543,29,0,1000000,3000,4
83710,83710,334840,518,44,176,233.0,0.0,233.0,297,297,142.9318181818182,6,0,1000000,3000,4
83860,83860,335440,519,150,600,813.0,0.0,813.0,898,898,556.1066666666667,18,0,1000000,3000,4
83900,83900,335600,520,40,160,244.0,0.0,244.0,309,309,140.75,7,0,1000000,3000,4
84083,84083,336332,521,183,732,631.0,0.0,631.0,722,722,462.4918032786885,15,0,1000000,3000,4
84135,84135,336540,522,52,208,216.0,0.0,216.0,282,282,155.23076923076923,6,0,1000000,3000,4
84415,84415,337660,523,280,1120,712.0,0.0,712.0,824,824,519.7821428571428,17,0,1000000,3000,4
84789,84789,339156,524,374,1496,1007.0,0.0,1007.0,1138,1138,731.8957219251337,23,0,1000000,3000,4
84964,84964,339856,525,175,700,633.0,0.0,633.0,722,722,444.63428571428574,15,0,1000000,3000,4
85018,85018,340072,526,54,216,203.0,0.0,203.0,269,269,155.03703703703704,6,0,1000000,3000,4
85272,85272,341088,527,254,1016,1295.0,0.0,1295.0,1402,1402,675.9015748031496,29,0,1000000,3000,4
85430,85430,341720,528,158,632,766.0,0.0,766.0,853,853,485.26582278481015,18,0,1000000,3000,4
85667,85667,342668,529,237,948,1035.0,0.0,1035.0,1139,1139,565.9789029535865,23,0,1000000,3000,4
85945,85945,343780,530,278,1112,788.0,0.0,788.0,898,898,606.0827338129496,18,0,1000000,3000,4
85989,85989,343956,531,44,176,226.0,0.0,226.0,291,291,164.04545454545453,6,0,1000000,3000,4
86279,86279,345116,532,290,1160,1311.0,0.0,1311.0,1426,1426,744.596551724138,29,0,1000000,3000,4
86312,86312,345248,533,33,132,243.0,0.0,243.0,307,307,158.15151515151516,7,0,1000000,3000,4
86585,86585,346340,534,273,1092,1019.0,0.0,1019.0,1129,1129,711.4981684981685,23,0,1000000,3000,4
86618,86618,346472,535,33,132,244.0,0.0,244.0,307,307,154.3939393939394,7,0,1000000,3000,4
86935,86935,347740,536,317,1268,1301.0,0.0,1301.0,1421,1421,755.2744479495268,29,0,1000000,3000,4
87053,87053,348212,537,118,472,612.0,0.0,612.0,693,693,363.4406779661017,14,0,1000000,3000,4
87240,87240,348960,538,187,748,806.0,0.0,806.0,898,898,515.0588235294117,18,0,1000000,3000,4
87276,87276,349104,539,36,144,230.0,0.0,230.0,295,295,160.30555555555554,6,0,1000000,3000,4
87323,87323,349292,540,47,188,223.0,0.0,223.0,288,288,160.89361702127658,6,0,1000000,3000,4
87367,87367,349468,541,44,176,224.0,0.0,224.0,289,289,161.11363636363637,6,0,1000000,3000,4
87465,87465,349860,542,98,392,607.0,0.0,607.0,683,683,392.2244897959184,14,0,1000000,3000,4
87500,87500,350000,543,35,140,244.0,0.0,244.0,307,307,157.37142857142857,7,0,1000000,3000,4
87603,87603,350412,544,103,412,608.0,0.0,608.0,685,685,407.97087378640776,14,0,1000000,3000,4
87995,87995,351980,545,392,1568,1887.0,0.0,1887.0,2023,2023,950.4030612244898,41,0,1000000,3000,4
88154,88154,352616,546,159,636,812.0,0.0,812.0,898,899,556.3522012578617,18,0,1000000,3000,4
88359,88359,353436,547,205,820,1032.0,0.0,1032.0,1128,1128,604.209756097561,23,0,1000000,3000,4
88398,88398,353592,548,39,156,239.0,0.0,239.0,303,303,152.56410256410257,7,0,1000000,3000,4
88563,88563,354252,549,165,660,635.0,0.0,635.0,722,723,491.1757575757576,15,0,1000000,3000,4
88944,88944,355776,550,381,1524,1889.0,0.0,1889.0,2023,2023,957.9632545931759,41,0,1000000,3000,4
88981,88981,355924,551,37,148,243.0,0.0,243.0,307,307,156.1891891891892,7,0,1000000,3000,4
89073,89073,356292,552,92,368,614.0,0.0,614.0,689,689,396.3369565217391,14,0,1000000,3000,4
89265,89265,357060,553,192,768,1037.0,0.0,1037.0,1132,1132,664.0885416666666,23,0,1000000,3000,4
89302,89302,357208,554,37,148,229.0,0.0,229.0,292,292,174.45945945945945,6,0,1000000,3000,4
89380,89380,357520,555,78,312,630.0,0.0,630.0,703,703,388.5897435897436,15,0,1000000,3000,4
89533,89533,358132,556,153,612,637.0,0.0,637.0,722,722,474.8627450980392,15,0,1000000,3000,4
89571,89571,358284,557,38,152,231.0,0.0,231.0,294,294,161.89473684210526,6,0,1000000,3000,4
89869,89869,359476,558,298,1192,1320.0,0.0,1320.0,1437,1437,720.6375838926175,29,0,1000000,3000,4
89959,89959,359836,559,90,360,611.0,0.0,611.0,685,685,318.43333333333334,14,0,1000000,3000,4
89992,89992,359968,560,33,132,243.0,0.0,243.0,306,306,162.42424242424244,7,0,1000000,3000,4
90197,90197,360788,561,205,820,1042.0,0.0,1042.0,1139,1139,658.9609756097561,23,0,1000000,3000,4
90370,90370,361480,562,173,692,754.0,0.0,754.0,846,846,551.0173410404624,17,0,1000000,3000,4
90578,90578,362312,563,208,832,1440.0,0.0,1440.0,1537,1537,740.0048076923077,31,0,1000000,3000,4
90673,90673,362692,564,95,380,621.0,0.0,621.0,695,695,351.62105263157895,14,0,1000000,3000,4
90783,90783,363132,565,110,440,589.0,0.0,589.0,667,667,394.43636363636364,14,0,1000000,3000,4
90825,90825,363300,566,42,168,229.0,0.0,229.0,294,294,155.0952380952381,6,0,1000000,3000,4
90922,90922,363688,567,97,388,588.0,0.0,588.0,664,664,416.91752577319585,14,0,1000000,3000,4
91219,91219,364876,568,297,1188,1290.0,0.0,1290.0,1406,1406,759.0841750841751,29,0,1000000,3000,4
91265,91265,365060,569,46,184,224.0,0.0,224.0,289,289,159.2173913043478,6,0,1000000,3000,4
91383,91383,365532,570,118,472,623.0,0.0,623.0,703,703,356.49152542372883,15,0,1000000,3000,4
91499,91499,365996,571,116,464,578.0,0.0,578.0,658,658,405.2758620689655,14,0,1000000,3000,4
91546,91546,366184,572,47,188,215.0,0.0,215.0,281,281,168.0212765957447,6,0,1000000,3000,4
91641,91641,366564,573,95,380,608.0,0.0,608.0,685,685,307.7157894736842,14,0,1000000,3000,4
91685,91685,366740,574,44,176,228.0,0.0,228.0,293,293,153.02272727272728,6,0,1000000,3000,4
91759,91759,367036,575,74,296,608.0,0.0,608.0,680,680,314.7027027027027,14,0,1000000,3000,4
91848,91848,367392,576,89,356,622.0,0.0,622.0,696,696,374.8876404494382,14,0,1000000,3000,4
91969,91969,367876,577,121,484,591.0,0.0,591.0,672,672,383.57851239669424,14,0,1000000,3000,4
92605,92605,370420,578,636,2544,1258.0,0.0,1258.0,1443,1443,711.2044025157232,29,0,1000000,3000,4
92692,92692,370768,579,87,348,628.0,0.0,628.0,701,701,383.28735632183907,15,0,1000000,3000,4
93186,93186,372744,580,494,1976,1276.0,0.0,1276.0,1432,1432,732.0870445344129,29,0,1000000,3000,4
93520,93520,374080,581,334,1336,1547.0,0.0,1547.0,1671,1671,772.6377245508982,34,0,1000000,3000,4
93552,93552,374208,582,32,128,250.0,0.0,250.0,314,314,154.59375,7,0,1000000,3000,4
93727,93727,374908,583,175,700,1045.0,0.0,1045.0,1136,1136,591.4914285714286,23,0,1000000,3000,4
93990,93990,375960,584,263,1052,728.0,0.0,728.0,837,837,611.7338403041825,17,0,1000000,3000,4
94148,94148,376592,585,158,632,636.0,0.0,636.0,722,722,452.1012658227848,15,0,1000000,3000,4
94304,94304,377216,586,156,624,812.0,0.0,812.0,898,900,538.1217948717949,19,0,1000000,3000,4
95396,95396,381584,587,1092,4368,850.0,0.0,850.0,1122,1123,851.9395604395604,23,0,1000000,3000,4
96263,96263,385052,588,867,3468,635.0,0.0,635.0,864,864,661.363321799308,18,0,1000000,3000,4
96709,96709,386836,589,446,1784,991.0,0.0,991.0,1137,1137,681.4237668161435,23,0,1000000,3000,4
96787,96787,387148,590,78,312,608.0,0.0,608.0,679,679,304.70512820512823,14,0,1000000,3000,4
96967,96967,387868,591,180,720,805.0,0.0,805.0,896,898,547.9555555555555,18,0,1000000,3000,4
97002,97002,388008,592,35,140,240.0,0.0,240.0,303,303,157.62857142857143,7,0,1000000,3000,4
97618,97618,390472,593,616,2464,950.0,0.0,950.0,1129,1129,705.0,23,0,1000000,3000,4
97658,97658,390632,594,40,160,237.0,0.0,237.0,302,302,156.025,7,0,1000000,3000,4
97831,97831,391324,595,173,692,1343.0,0.0,1343.0,1435,1435,684.6820809248555,29,0,1000000,3000,4
97869,97869,391476,596,38,152,245.0,0.0,245.0,308,308,146.6578947368421,7,0,1000000,3000,4
98144,98144,392576,597,275,1100,749.0,0.0,749.0,862,862,599.68,18,0,1000000,3000,4
98362,98362,393448,598,218,872,1334.0,0.0,1334.0,1435,1435,701.9862385321101,29,0,1000000,3000,4
98780,98780,395120,599,418,1672,1277.0,0.0,1277.0,1416,1416,739.3923444976076,29,0,1000000,3000,4
98868,98868,395472,600,88,352,734.0,0.0,734.0,809,809,397.71590909090907,17,0,1000000,3000,4
99150,99150,396600,601,282,1128,1023.0,0.0,1023.0,1136,1136,670.436170212766,23,0,1000000,3000,4
99317,99317,397268,602,167,668,1037.0,0.0,1037.0,1126,1126,643.1556886227545,23,0,1000000,3000,4
99362,99362,397448,603,45,180,223.0,0.0,223.0,289,289,166.4,6,0,1000000,3000,4
99394,99394,397576,604,32,128,241.0,0.0,241.0,304,304,164.5625,7,0,1000000,3000,4
99616,99616,398464,605,222,888,1320.0,0.0,1320.0,1421,1421,685.9054054054054,29,0,1000000,3000,4
99798,99798,399192,606,182,728,1035.0,0.0,1035.0,1126,1126,626.5934065934066,23,0,1000000,3000,4
99994,99994,399976,607,196,784,1313.0,0.0,1313.0,1409,1409,719.75,29,0,1000000,3000,4
100026,100026,400104,608,32,128,242.0,0.0,242.0,304,304,165.625,7,0,1000000,3000,4
100122,100122,400488,609,96,384,733.0,0.0,733.0,810,810,403.8645833333333,17,0,1000000,3000,4
100218,100218,400872,610,96,384,614.0,0.0,614.0,690,690,389.1145833333333,14,0,1000000,3000,4
100258,100258,401032,611,40,160,230.0,0.0,230.0,295,295,160.1,6,0,1000000,3000,4
100291,100291,401164,612,33,132,239.0,0.0,239.0,302,302,166.3939393939394,7,0,1000000,3000,4
100388,100388,401552,613,97,388,610.0,0.0,610.0,686,686,353.58762886597935,14,0,1000000,3000,4
100720,100720,402880,614,332,1328,2349.0,0.0,2349.0,2471,2471,1294.4939759036145,50,0,1000000,3000,4
100760,100760,403040,615,40,160,233.0,0.0,233.0,297,297,165.4,6,0,1000000,3000,4
100925,100925,403700,616,165,660,634.0,0.0,634.0,722,722,481.1515151515151,15,0,1000000,3000,4
101084,101084,404336,617,159,636,1040.0,0.0,1040.0,1126,1126,625.1635220125786,23,0,1000000,3000,4
101179,101179,404716,618,95,380,623.0,0.0,623.0,699,699,389.6421052631579,14,0,1000000,3000,4
101497,101497,405988,619,318,1272,1548.0,0.0,1548.0,1667,1667,785.0943396226415,34,0,1000000,3000,4
101615,101615,406460,620,118,472,596.0,0.0,596.0,676,676,398.39830508474574,14,0,1000000,3000,4
101712,101712,406848,621,97,388,648.0,0.0,648.0,722,724,346.0103092783505,15,0,1000000,3000,4
101751,101751,407004,622,39,156,241.0,0.0,241.0,304,304,147.74358974358975,7,0,1000000,3000,4
101844,101844,407376,623,93,372,602.0,0.0,602.0,677,677,404.23655913978496,14,0,1000000,3000,4
102092,102092,408368,624,248,992,1313.0,0.0,1313.0,1419,1419,695.0604838709677,29,0,1000000,3000,4
102132,102132,408528,625,40,160,234.0,0.0,234.0,298,298,162.4,6,0,1000000,3000,4
102255,102255,409020,626,123,492,580.0,0.0,580.0,661,661,413.7560975609756,14,0,1000000,3000,4
102293,102293,409172,627,38,152,239.0,0.0,239.0,303,303,147.6315789473684,7,0,1000000,3000,4
102451,102451,409804,628,158,632,574.0,0.0,574.0,662,662,382.4113924050633,14,0,1000000,3000,4
102492,102492,409968,629,41,164,233.0,0.0,233.0,298,298,163.5609756097561,6,0,1000000,3000,4
102596,102596,410384,630,104,416,619.0,0.0,619.0,697,697,376.13461538461536,14,0,1000000,3000,4
102762,102762,411048,631,166,664,743.0,0.0,743.0,833,833,528.3855421686746,17,0,1000000,3000,4
102802,102802,411208,632,40,160,247.0,0.0,247.0,312,312,137.95,7,0,1000000,3000,4
103087,103087,412348,633,285,1140,1845.0,0.0,1845.0,1957,1957,905.7368421052631,40,0,1000000,3000,4
103122,103122,412488,634,35,140,248.0,0.0,248.0,312,312,143.11428571428573,7,0,1000000,3000,4
103153,103153,412612,635,31,124,246.0,0.0,246.0,309,309,161.16129032258064,7,0,1000000,3000,4
103355,103355,413420,636,202,808,1573.0,0.0,1573.0,1670,1670,849.6980198019802,34,0,1000000,3000,4
103517,103517,414068,637,162,648,635.0,0.0,635.0,722,723,502.8024691358025,15,0,1000000,3000,4
103893,103893,415572,638,376,1504,997.0,0.0,997.0,1128,1128,755.093085106383,23,0,1000000,3000,4
103965,103965,415860,639,72,288,653.0,0.0,653.0,722,722,389.19444444444446,15,0,1000000,3000,4
104000,104000,416000,640,35,140,234.0,0.0,234.0,298,298,168.5142857142857,6,0,1000000,3000,4
104278,104278,417112,641,278,1112,743.0,0.0,743.0,856,856,605.8561151079136,18,0,1000000,3000,4
104420,104420,417680,642,142,568,639.0,0.0,639.0,722,723,520.9788732394367,15,0,1000000,3000,4
104550,104550,418200,643,130,520,751.0,0.0,751.0,835,835,535.1923076923077,17,0,1000000,3000,4
104772,104772,419088,644,222,888,1027.0,0.0,1027.0,1127,1127,617.5495495495495,23,0,1000000,3000,4
104893,104893,419572,645,121,484,1050.0,0.0,1050.0,1130,1130,568.1652892561983,23,0,1000000,3000,4
105037,105037,420148,646,144,576,1044.0,0.0,1044.0,1128,1128,577.3472222222222,23,0,1000000,3000,4
105068,105068,420272,647,31,124,247.0,0.0,247.0,311,311,155.29032258064515,7,0,1000000,3000,4
105210,105210,420840,648,142,568,639.0,0.0,639.0,722,723,512.0070422535211,15,0,1000000,3000,4
105357,105357,421428,649,147,588,638.0,0.0,638.0,722,722,519.6666666666666,15,0,1000000,3000,4
105448,105448,421792,650,91,364,610.0,0.0,610.0,686,686,392.0989010989011,14,0,1000000,3000,4
105669,105669,422676,651,221,884,1026.0,0.0,1026.0,1126,1126,639.0678733031674,23,0,1000000,3000,4
105705,105705,422820,652,36,144,246.0,0.0,246.0,310,310,146.66666666666666,7,0,1000000,3000,4
105791,105791,423164,653,86,344,625.0,0.0,625.0,700,700,354.24418604651163,15,0,1000000,3000,4
105978,105978,423912,654,187,748,1331.0,0.0,1331.0,1426,1426,698.1497326203208,29,0,1000000,3000,4
106148,106148,424592,655,170,680,1340.0,0.0,1340.0,1431,1431,661.1117647058824,29,0,1000000,3000,4
106238,106238,424952,656,90,360,623.0,0.0,623.0,698,698,360.3,14,0,1000000,3000,4
106422,106422,425688,657,184,736,1429.0,0.0,1429.0,1523,1523,711.2663043478261,31,0,1000000,3000,4
106455,106455,425820,658,33,132,251.0,0.0,251.0,315,315,149.96969696969697,7,0,1000000,3000,4
106490,106490,425960,659,35,140,242.0,0.0,242.0,305,305,161.97142857142856,7,0,1000000,3000,4
106527,106527,426108,660,37,148,243.0,0.0,243.0,307,307,161.83783783783784,7,0,1000000,3000,4
106562,106562,426248,661,35,140,243.0,0.0,243.0,307,307,153.8,7,0,1000000,3000,4
106662,106662,426648,662,100,400,602.0,0.0,602.0,678,678,401.45,14,0,1000000,3000,4
106694,106694,426776,663,32,128,245.0,0.0,245.0,309,309,156.125,7,0,1000000,3000,4
106862,106862,427448,664,168,672,1037.0,0.0,1037.0,1126,1126,577.2738095238095,23,0,1000000,3000,4
106895,106895,427580,665,33,132,246.0,0.0,246.0,310,310,154.3939393939394,7,0,1000000,3000,4
107106,107106,428424,666,211,844,1320.0,0.0,1320.0,1417,1417,731.2132701421801,29,0,1000000,3000,4
107341,107341,429364,667,235,940,1689.0,0.0,1689.0,1792,1792,883.0297872340426,36,0,1000000,3000,4
107596,107596,430384,668,255,1020,1320.0,0.0,1320.0,1428,1428,722.3019607843137,29,0,1000000,3000,4
107687,107687,430748,669,91,364,614.0,0.0,614.0,689,689,359.1868131868132,14,0,1000000,3000,4
107725,107725,430900,670,38,152,238.0,0.0,238.0,303,303,151.78947368421052,7,0,1000000,3000,4
107985,107985,431940,671,260,1040,1841.0,0.0,1841.0,1950,1950,975.126923076923,40,0,1000000,3000,4
108085,108085,432340,672,100,400,632.0,0.0,632.0,709,709,374.21,15,0,1000000,3000,4
108301,108301,433204,673,216,864,1332.0,0.0,1332.0,1433,1433,733.0324074074074,29,0,1000000,3000,4
108389,108389,433556,674,88,352,617.0,0.0,617.0,692,692,343.1136363636364,14,0,1000000,3000,4
108475,108475,433900,675,86,344,633.0,0.0,633.0,707,707,371.1511627906977,15,0,1000000,3000,4
108556,108556,434224,676,81,324,629.0,0.0,629.0,703,703,391.77777777777777,15,0,1000000,3000,4
108589,108589,434356,677,33,132,248.0,0.0,248.0,312,312,153.66666666666666,7,0,1000000,3000,4
108667,108667,434668,678,78,312,621.0,0.0,621.0,694,694,355.05128205128204,14,0,1000000,3000,4
108820,108820,435280,679,153,612,1040.0,0.0,1040.0,1125,1125,586.9281045751634,23,0,1000000,3000,4
109012,109012,436048,680,192,768,1032.0,0.0,1032.0,1126,1126,607.40625,23,0,1000000,3000,4
109042,109042,436168,681,30,120,249.0,0.0,249.0,312,312,155.16666666666666,7,0,1000000,3000,4
109227,109227,436908,682,185,740,1340.0,0.0,1340.0,1434,1434,670.7891891891892,29,0,1000000,3000,4
109748,109748,438992,683,521,2084,1252.0,0.0,1252.0,1411,1411,777.0940499040307,29,0,1000000,3000,4
109874,109874,439496,684,126,504,725.0,0.0,725.0,808,808,440.37301587301585,17,0,1000000,3000,4
109908,109908,439632,685,34,136,246.0,0.0,246.0,309,309,149.73529411764707,7,0,1000000,3000,4
109984,109984,439936,686,76,304,652.0,0.0,652.0,722,722,396.2105263157895,15,0,1000000,3000,4
110028,110028,440112,687,44,176,225.0,0.0,225.0,289,289,162.22727272727272,6,0,1000000,3000,4
110233,110233,440932,688,205,820,1053.0,0.0,1053.0,1151,1151,609.2487804878049,24,0,1000000,3000,4
110340,110340,441360,689,107,428,607.0,0.0,607.0,685,685,381.6261682242991,14,0,1000000,3000,4
110484,110484,441936,690,144,576,815.0,0.0,815.0,898,898,571.9097222222222,18,0,1000000,3000,4
110522,110522,442088,691,38,152,240.0,0.0,240.0,304,304,155.89473684210526,7,0,1000000,3000,4
110617,110617,442468,692,95,380,648.0,0.0,648.0,722,722,353.0105263157895,15,0,1000000,3000,4
110716,110716,442864,693,99,396,621.0,0.0,621.0,698,698,366.1212121212121,14,0,1000000,3000,4
110746,110746,442984,694,30,120,247.0,0.0,247.0,311,311,161.86666666666667,7,0,1000000,3000,4
110822,110822,443288,695,76,304,613.0,0.0,613.0,686,686,336.4605263157895,14,0,1000000,3000,4
110984,110984,443936,696,162,648,811.0,0.0,811.0,898,900,540.2469135802469,19,0,1000000,3000,4
111227,111227,444908,697,243,972,795.0,0.0,795.0,898,899,653.843621399177,18,0,1000000,3000,4
111257,111257,445028,698,30,120,250.0,0.0,250.0,313,313,153.33333333333334,7,0,1000000,3000,4
111349,111349,445396,699,92,368,603.0,0.0,603.0,679,679,349.70652173913044,14,0,1000000,3000,4
111513,111513,446052,700,164,656,1328.0,0.0,1328.0,1416,1416,695.829268292683,29,0,1000000,3000,4
111587,111587,446348,701,74,296,653.0,0.0,653.0,722,722,383.7162162162162,15,0,1000000,3000,4
111620,111620,446480,702,33,132,247.0,0.0,247.0,311,311,154.9090909090909,7,0,1000000,3000,4
111747,111747,446988,703,127,508,735.0,0.0,735.0,816,816,479.65354330708664,17,0,1000000,3000,4
111819,111819,447276,704,72,288,634.0,0.0,634.0,705,705,378.56944444444446,15,0,1000000,3000,4
111858,111858,447432,705,39,156,231.0,0.0,231.0,296,296,166.0,6,0,1000000,3000,4
111888,111888,447552,706,30,120,249.0,0.0,249.0,313,313,153.6,7,0,1000000,3000,4
111963,111963,447852,707,75,300,610.0,0.0,610.0,683,683,351.24,14,0,1000000,3000,4
112061,112061,448244,708,98,392,634.0,0.0,634.0,711,711,395.5408163265306,15,0,1000000,3000,4
112217,112217,448868,709,156,624,812.0,0.0,812.0,898,899,568.4358974358975,18,0,1000000,3000,4
112248,112248,448992,710,31,124,247.0,0.0,247.0,311,311,155.83870967741936,7,0,1000000,3000,4
112336,112336,449344,711,88,352,636.0,0.0,636.0,710,710,388.21590909090907,15,0,1000000,3000,4
112519,112519,450076,712,183,732,728.0,0.0,728.0,821,821,516.1912568306011,17,0,1000000,3000,4
112600,112600,450400,713,81,324,614.0,0.0,614.0,688,688,351.58024691358025,14,0,1000000,3000,4
112828,112828,451312,714,228,912,1143.0,0.0,1143.0,1246,1246,648.188596491228,25,0,1000000,3000,4
113072,113072,452288,715,244,976,750.0,0.0,750.0,855,855,601.1147540983607,18,0,1000000,3000,4
113113,113113,452452,716,41,164,228.0,0.0,228.0,294,294,160.82926829268294,6,0,1000000,3000,4
113233,113233,452932,717,120,480,601.0,0.0,601.0,681,681,395.5833333333333,14,0,1000000,3000,4
113302,113302,453208,718,69,276,604.0,0.0,604.0,675,675,304.2028985507246,14,0,1000000,3000,4
113755,113755,455020,719,453,1812,1287.0,0.0,1287.0,1435,1435,727.4922737306844,29,0,1000000,3000,4
113789,113789,455156,720,34,136,247.0,0.0,247.0,310,310,156.3235294117647,7,0,1000000,3000,4
113976,113976,455904,721,187,748,1032.0,0.0,1032.0,1124,1124,638.5454545454545,23,0,1000000,3000,4
114996,114996,459984,722,1020,4080,886.0,0.0,886.0,1147,1147,773.4460784313726,23,0,1000000,3000,4
115238,115238,460952,723,242,968,1025.0,0.0,1025.0,1128,1128,635.6280991735537,23,0,1000000,3000,4
115390,115390,461560,724,152,608,607.0,0.0,607.0,694,694,488.3421052631579,14,0,1000000,3000,4
115427,115427,461708,725,37,148,235.0,0.0,235.0,299,299,166.6216216216216,6,0,1000000,3000,4
116003,116003,464012,726,576,2304,950.0,0.0,950.0,1120,1122,697.359375,23,0,1000000,3000,4
116091,116091,464364,727,88,352,613.0,0.0,613.0,688,688,343.67045454545456,14,0,1000000,3000,4
116204,116204,464816,728,113,452,617.0,0.0,617.0,697,697,378.60176991150445,14,0,1000000,3000,4
116322,116322,465288,729,118,472,609.0,0.0,609.0,689,689,375.72033898305085,14,0,1000000,3000,4
116496,116496,465984,730,174,696,1039.0,0.0,1039.0,1129,1129,580.2183908045977,23,0,1000000,3000,4
116645,116645,466580,731,149,596,638.0,0.0,638.0,722,722,488.7248322147651,15,0,1000000,3000,4
116750,116750,467000,732,105,420,605.0,0.0,605.0,683,683,396.1333333333333,14,0,1000000,3000,4
116930,116930,467720,733,180,720,764.0,0.0,764.0,856,856,538.4944444444444,18,0,1000000,3000,4
117089,117089,468356,734,159,636,1344.0,0.0,1344.0,1433,1433,673.9433962264151,29,0,1000000,3000,4
117123,117123,468492,735,34,136,249.0,0.0,249.0,312,312,157.02941176470588,7,0,1000000,3000,4
117156,117156,468624,736,33,132,244.0,0.0,244.0,306,306,155.9090909090909,7,0,1000000,3000,4
117339,117339,469356,737,183,732,1325.0,0.0,1325.0,1417,1417,732.2021857923497,29,0,1000000,3000,4
117377,117377,469508,738,38,152,236.0,0.0,236.0,300,300,166.52631578947367,7,0,1000000,3000,4
117451,117451,469804,739,74,296,611.0,0.0,611.0,683,683,336.86486486486484,14,0,1000000,3000,4
117672,117672,470688,740,221,884,1307.0,0.0,1307.0,1408,1408,679.7239819004525,29,0,1000000,3000,4
117755,117755,471020,741,83,332,610.0,0.0,610.0,684,684,326.33734939759034,14,0,1000000,3000,4
117888,117888,471552,742,133,532,607.0,0.0,607.0,691,691,393.57894736842104,14,0,1000000,3000,4
117928,117928,471712,743,40,160,232.0,0.0,232.0,297,297,155.05,6,0,1000000,3000,4
118030,118030,472120,744,102,408,625.0,0.0,625.0,703,703,380.69607843137254,15,0,1000000,3000,4
118118,118118,472472,745,88,352,612.0,0.0,612.0,687,687,340.34090909090907,14,0,1000000,3000,4
118203,118203,472812,746,85,340,626.0,0.0,626.0,700,700,394.3176470588235,15,0,1000000,3000,4
118237,118237,472948,747,34,136,241.0,0.0,241.0,304,304,160.85294117647058,7,0,1000000,3000,4
118273,118273,473092,748,36,144,241.0,0.0,241.0,305,305,153.94444444444446,7,0,1000000,3000,4
118314,118314,473256,749,41,164,230.0,0.0,230.0,295,295,157.21951219512195,6,0,1000000,3000,4
118522,118522,474088,750,208,832,802.0,0.0,802.0,898,898,552.7980769230769,18,0,1000000,3000,4
118768,118768,475072,751,246,984,1022.0,0.0,1022.0,1127,1127,642.6747967479674,23,0,1000000,3000,4
118807,118807,475228,752,39,156,236.0,0.0,236.0,301,301,162.23076923076923,7,0,1000000,3000,4
118986,118986,475944,753,179,716,808.0,0.0,808.0,898,898,530.8212290502794,18,0,1000000,3000,4
119197,119197,476788,754,211,844,1129.0,0.0,1129.0,1227,1227,684.872037914692,25,0,1000000,3000,4
119243,119243,476972,755,46,184,221.0,0.0,221.0,287,287,164.7608695652174,6,0,1000000,3000,4
119431,119431,477724,756,188,752,738.0,0.0,738.0,832,832,569.2287234042553,17,0,1000000,3000,4
119646,119646,478584,757,215,860,625.0,0.0,625.0,722,722,564.306976744186,15,0,1000000,3000,4
119813,119813,479252,758,167,668,757.0,0.0,757.0,848,848,501.5748502994012,17,0,1000000,3000,4
119853,119853,479412,759,40,160,240.0,0.0,240.0,304,304,153.575,7,0,1000000,3000,4
120010,120010,480040,760,157,628,593.0,0.0,593.0,681,681,484.36942675159236,14,0,1000000,3000,4
120118,120118,480472,761,108,432,593.0,0.0,593.0,671,671,392.27777777777777,14,0,1000000,3000,4
120218,120218,480872,762,100,400,627.0,0.0,627.0,704,704,379.39,15,0,1000000,3000,4
120303,120303,481212,763,85,340,616.0,0.0,616.0,690,690,337.77647058823527,14,0,1000000,3000,4
120340,120340,481360,764,37,148,238.0,0.0,238.0,302,302,161.6216216216216,7,0,1000000,3000,4
120498,120498,481992,765,158,632,1039.0,0.0,1039.0,1126,1126,568.867088607595,23,0,1000000,3000,4
120744,120744,482976,766,246,984,794.0,0.0,794.0,898,898,660.9471544715448,18,0,1000000,3000,4
121155,121155,484620,767,411,1644,719.0,0.0,719.0,857,857,646.0973236009733,18,0,1000000,3000,4
121186,121186,484744,768,31,124,246.0,0.0,246.0,309,309,156.8709677419355,7,0,1000000,3000,4
121272,121272,485088,769,86,344,602.0,0.0,602.0,675,675,302.5,14,0,1000000,3000,4
121484,121484,485936,770,212,848,1326.0,0.0,1326.0,1426,1426,728.0943396226415,29,0,1000000,3000,4
121553,121553,486212,771,69,276,619.0,0.0,619.0,690,690,342.3623188405797,14,0,1000000,3000,4
121741,121741,486964,772,188,752,1146.0,0.0,1146.0,1241,1241,656.2925531914893,25,0,1000000,3000,4
122133,122133,488532,773,392,1568,1297.0,0.0,1297.0,1433,1433,714.5433673469388,29,0,1000000,3000,4
122166,122166,488664,774,33,132,244.0,0.0,244.0,307,307,163.21212121212122,7,0,1000000,3000,4
122325,122325,489300,775,159,636,1336.0,0.0,1336.0,1424,1424,698.937106918239,29,0,1000000,3000,4
122362,122362,489448,776,37,148,234.0,0.0,234.0,298,298,164.94594594594594,6,0,1000000,3000,4
122552,122552,490208,777,190,760,1334.0,0.0,1334.0,1429,1429,732.6052631578947,29,0,1000000,3000,4
122649,122649,490596,778,97,388,648.0,0.0,648.0,722,722,368.54639175257734,15,0,1000000,3000,4
122683,122683,490732,779,34,136,246.0,0.0,246.0,310,310,159.91176470588235,7,0,1000000,3000,4
122776,122776,491104,780,93,372,635.0,0.0,635.0,711,711,389.13978494623655,15,0,1000000,3000,4
122813,122813,491252,781,37,148,237.0,0.0,237.0,302,302,166.8918918918919,7,0,1000000,3000,4
122916,122916,491664,782,103,412,606.0,0.0,606.0,682,682,360.41747572815535,14,0,1000000,3000,4
123095,123095,492380,783,179,716,1038.0,0.0,1038.0,1129,1129,602.8268156424581,23,0,1000000,3000,4
123272,123272,493088,784,177,708,1145.0,0.0,1145.0,1237,1237,621.5536723163842,25,0,1000000,3000,4
123303,123303,493212,785,31,124,247.0,0.0,247.0,311,311,159.4516129032258,7,0,1000000,3000,4
123464,123464,493856,786,161,644,1041.0,0.0,1041.0,1129,1129,597.0496894409938,23,0,1000000,3000,4
123497,123497,493988,787,33,132,242.0,0.0,242.0,305,305,161.27272727272728,7,0,1000000,3000,4
123733,123733,494932,788,236,944,1023.0,0.0,1023.0,1125,1125,640.6610169491526,23,0,1000000,3000,4
123894,123894,495576,789,161,644,763.0,0.0,763.0,853,853,560.472049689441,18,0,1000000,3000,4
124097,124097,496388,790,203,812,1337.0,0.0,1337.0,1435,1435,713.6305418719212,29,0,1000000,3000,4
124192,124192,496768,791,95,380,609.0,0.0,609.0,686,686,406.29473684210524,14,0,1000000,3000,4
124273,124273,497092,792,81,324,618.0,0.0,618.0,692,692,364.6296296296296,14,0,1000000,3000,4
124606,124606,498424,793,333,1332,2350.0,0.0,2350.0,2472,2472,1203.3063063063064,50,0,1000000,3000,4
124748,124748,498992,794,142,568,768.0,0.0,768.0,853,853,531.6901408450705,18,0,1000000,3000,4
124922,124922,499688,795,174,696,771.0,0.0,771.0,862,862,540.9252873563219,18,0,1000000,3000,4
125079,125079,500316,796,157,628,610.0,0.0,610.0,699,699,463.1910828025478,14,0,1000000,3000,4
125312,125312,501248,797,233,932,797.0,0.0,797.0,898,899,682.0815450643777,18,0,1000000,3000,4
125563,125563,502252,798,251,1004,793.0,0.0,793.0,898,898,646.4820717131474,18,0,1000000,3000,4
126011,126011,504044,799,448,1792,981.0,0.0,981.0,1125,1125,678.7209821428571,23,0,1000000,3000,4
126099,126099,504396,800,88,352,607.0,0.0,607.0,681,681,403.4886363636364,14,0,1000000,3000,4
126956,126956,507824,801,857,3428,925.0,0.0,925.0,1154,1154,763.7934655775963,24,0,1000000,3000,4
127189,127189,508756,802,233,932,1023.0,0.0,1023.0,1125,1125,685.1545064377682,23,0,1000000,3000,4
127260,127260,509040,803,71,284,626.0,0.0,626.0,698,698,369.3098591549296,14,0,1000000,3000,4
127555,127555,510220,804,295,1180,1401.0,0.0,1401.0,1516,1516,741.5050847457627,31,0,1000000,3000,4
127594,127594,510376,805,39,156,229.0,0.0,229.0,294,294,166.25641025641025,6,0,1000000,3000,4
127711,127711,510844,806,117,468,583.0,0.0,583.0,663,663,408.95726495726495,14,0,1000000,3000,4
127745,127745,510980,807,34,136,238.0,0.0,238.0,300,300,162.35294117647058,7,0,1000000,3000,4
127910,127910,511640,808,165,660,810.0,0.0,810.0,898,898,533.4848484848485,18,0,1000000,3000,4
128012,128012,512048,809,102,408,615.0,0.0,615.0,692,692,387.97058823529414,14,0,1000000,3000,4
128101,128101,512404,810,89,356,617.0,0.0,617.0,691,691,353.2022471910112,14,0,1000000,3000,4
128139,128139,512556,811,38,152,236.0,0.0,236.0,299,299,160.60526315789474,6,0,1000000,3000,4
128252,128252,513008,812,113,452,623.0,0.0,623.0,702,702,382.53982300884957,15,0,1000000,3000,4
128299,128299,513196,813,47,188,216.0,0.0,216.0,281,281,170.87234042553192,6,0,1000000,3000,4
128438,128438,513752,814,139,556,1053.0,0.0,1053.0,1136,1136,563.6546762589928,23,0,1000000,3000,4
128600,128600,514400,815,162,648,635.0,0.0,635.0,722,722,502.7037037037037,15,0,1000000,3000,4
128733,128733,514932,816,133,532,597.0,0.0,597.0,680,680,455.2781954887218,14,0,1000000,3000,4
128954,128954,515816,817,221,884,1026.0,0.0,1026.0,1126,1126,567.0769230769231,23,0,1000000,3000,4
129274,129274,517096,818,320,1280,749.0,0.0,749.0,870,870,584.73125,18,0,1000000,3000,4
129411,129411,517644,819,137,548,640.0,0.0,640.0,722,722,504.7445255474453,15,0,1000000,3000,4
129449,129449,517796,820,38,152,244.0,0.0,244.0,309,309,150.44736842105263,7,0,1000000,3000,4
129675,129675,518700,821,226,904,1026.0,0.0,1026.0,1127,1127,602.6592920353983,23,0,1000000,3000,4
129935,129935,519740,822,260,1040,1023.0,0.0,1023.0,1132,1132,692.5769230769231,23,0,1000000,3000,4
130125,130125,520500,823,190,760,774.0,0.0,774.0,867,867,522.0842105263158,18,0,1000000,3000,4
130408,130408,521632,824,283,1132,1403.0,0.0,1403.0,1517,1517,754.7879858657244,31,0,1000000,3000,4
130718,130718,522872,825,310,1240,1008.0,0.0,1008.0,1124,1124,682.7096774193549,23,0,1000000,3000,4
130954,130954,523816,826,236,944,1023.0,0.0,1023.0,1125,1125,651.2966101694915,23,0,1000000,3000,4
131054,131054,524216,827,100,400,621.0,0.0,621.0,697,697,344.65,14,0,1000000,3000,4
131094,131094,524376,828,40,160,233.0,0.0,233.0,298,298,160.675,6,0,1000000,3000,4
131228,131228,524912,829,134,536,735.0,0.0,735.0,818,818,526.9626865671642,17,0,1000000,3000,4
131270,131270,525080,830,42,168,231.0,0.0,231.0,295,295,157.45238095238096,6,0,1000000,3000,4
131358,131358,525432,831,88,352,599.0,0.0,599.0,673,673,418.1818181818182,14,0,1000000,3000,4
131533,131533,526132,832,175,700,788.0,0.0,788.0,879,879,508.44,18,0,1000000,3000,4
131694,131694,526776,833,161,644,635.0,0.0,635.0,722,723,469.09316770186336,15,0,1000000,3000,4
131737,131737,526948,834,43,172,220.0,0.0,220.0,285,285,172.2093023255814,6,0,1000000,3000,4
131946,131946,527784,835,209,836,1316.0,0.0,1316.0,1413,1413,677.7655502392345,29,0,1000000,3000,4
131985,131985,527940,836,39,156,232.0,0.0,232.0,296,296,161.92307692307693,6,0,1000000,3000,4
132027,132027,528108,837,42,168,217.0,0.0,217.0,282,282,176.11904761904762,6,0,1000000,3000,4
132062,132062,528248,838,35,140,250.0,0.0,250.0,314,314,152.65714285714284,7,0,1000000,3000,4
132281,132281,529124,839,219,876,1029.0,0.0,1029.0,1129,1129,669.4246575342465,23,0,1000000,3000,4
132487,132487,529948,840,206,824,1310.0,0.0,1310.0,1408,1408,722.4611650485436,29,0,1000000,3000,4
132527,132527,530108,841,40,160,222.0,0.0,222.0,287,287,166.2,6,0,1000000,3000,4
132635,132635,530540,842,108,432,603.0,0.0,603.0,682,682,391.35185185185185,14,0,1000000,3000,4
132813,132813,531252,843,178,712,1038.0,0.0,1038.0,1129,1129,668.1966292134831,23,0,1000000,3000,4
132850,132850,531400,844,37,148,242.0,0.0,242.0,306,306,153.7027027027027,7,0,1000000,3000,4
133030,133030,532120,845,180,720,1330.0,0.0,1330.0,1423,1423,727.3611111111111,29,0,1000000,3000,4
133068,133068,532272,846,38,152,233.0,0.0,233.0,296,296,162.21052631578948,6,0,1000000,3000,4
133107,133107,532428,847,39,156,236.0,0.0,236.0,301,301,163.7948717948718,7,0,1000000,3000,4
133194,133194,532776,848,87,348,624.0,0.0,624.0,698,698,370.5402298850575,14,0,1000000,3000,4
133312,133312,533248,849,118,472,599.0,0.0,599.0,679,679,386.00847457627117,14,0,1000000,3000,4
133388,133388,533552,850,76,304,623.0,0.0,623.0,695,695,347.10526315789474,14,0,1000000,3000,4
133480,133480,533920,851,92,368,621.0,0.0,621.0,696,696,346.39130434782606,14,0,1000000,3000,4
133514,133514,534056,852,34,136,247.0,0.0,247.0,311,311,152.91176470588235,7,0,1000000,3000,4
133785,133785,535140,853,271,1084,1311.0,0.0,1311.0,1422,1422,695.490774907749,29,0,1000000,3000,4
133964,133964,535856,854,179,716,1035.0,0.0,1035.0,1126,1126,576.1396648044692,23,0,1000000,3000,4
134352,134352,537408,855,388,1552,1654.0,0.0,1654.0,1787,1787,856.659793814433,36,0,1000000,3000,4
134387,134387,537548,856,35,140,242.0,0.0,242.0,307,307,150.31428571428572,7,0,1000000,3000,4
134426,134426,537704,857,39,156,233.0,0.0,233.0,297,297,160.74358974358975,6,0,1000000,3000,4
134463,134463,537852,858,37,148,239.0,0.0,239.0,304,304,157.16216216216216,7,0,1000000,3000,4
134653,134653,538612,859,190,760,1031.0,0.0,1031.0,1125,1125,624.6157894736842,23,0,1000000,3000,4
134691,134691,538764,860,38,152,228.0,0.0,228.0,292,292,166.1578947368421,6,0,1000000,3000,4
134724,134724,538896,861,33,132,242.0,0.0,242.0,305,305,158.8181818181818,7,0,1000000,3000,4
134961,134961,539844,862,237,948,1305.0,0.0,1305.0,1409,1409,695.7848101265823,29,0,1000000,3000,4
134999,134999,539996,863,38,152,241.0,0.0,241.0,305,305,161.47368421052633,7,0,1000000,3000,4
135031,135031,540124,864,32,128,244.0,0.0,244.0,308,308,159.03125,7,0,1000000,3000,4
135067,135067,540268,865,36,144,232.0,0.0,232.0,296,296,169.69444444444446,6,0,1000000,3000,4
135097,135097,540388,866,30,120,250.0,0.0,250.0,312,312,158.46666666666667,7,0,1000000,3000,4
135173,135173,540692,867,76,304,622.0,0.0,622.0,695,695,355.60526315789474,14,0,1000000,3000,4
135464,135464,541856,868,291,1164,1563.0,0.0,1563.0,1679,1679,788.5601374570447,34,0,1000000,3000,4
135536,135536,542144,869,72,288,653.0,0.0,653.0,722,722,386.4861111111111,15,0,1000000,3000,4
135567,135567,542268,870,31,124,243.0,0.0,243.0,306,306,160.70967741935485,7,0,1000000,3000,4
135736,135736,542944,871,169,676,761.0,0.0,761.0,851,851,489.1656804733728,18,0,1000000,3000,4
135895,135895,543580,872,159,636,812.0,0.0,812.0,898,898,550.7798742138365,18,0,1000000,3000,4
135929,135929,543716,873,34,136,247.0,0.0,247.0,310,310,162.2058823529412,7,0,1000000,3000,4
136079,136079,544316,874,150,600,1324.0,0.0,1324.0,1410,1410,702.3733333333333,29,0,1000000,3000,4
136261,136261,545044,875,182,728,1038.0,0.0,1038.0,1130,1130,612.8791208791209,23,0,1000000,3000,4
136531,136531,546124,876,270,1080,1323.0,0.0,1323.0,1434,1434,734.9888888888889,29,0,1000000,3000,4
136561,136561,546244,877,30,120,247.0,0.0,247.0,309,309,158.86666666666667,7,0,1000000,3000,4
136700,136700,546800,878,139,556,816.0,0.0,816.0,898,899,589.4820143884892,18,0,1000000,3000,4
136786,136786,547144,879,86,344,614.0,0.0,614.0,688,688,405.69767441860466,14,0,1000000,3000,4
136965,136965,547860,880,179,716,1323.0,0.0,1323.0,1413,1413,756.9888268156425,29,0,1000000,3000,4
137006,137006,548024,881,41,164,230.0,0.0,230.0,295,295,163.6341463414634,6,0,1000000,3000,4
137112,137112,548448,882,106,424,602.0,0.0,602.0,681,681,408.27358490566036,14,0,1000000,3000,4
137255,137255,549020,883,143,572,1045.0,0.0,1045.0,1129,1129,574.7552447552448,23,0,1000000,3000,4
137346,137346,549384,884,91,364,626.0,0.0,626.0,700,700,390.5274725274725,15,0,1000000,3000,4
137639,137639,550556,885,293,1172,1317.0,0.0,1317.0,1433,1433,759.9522184300341,29,0,1000000,3000,4
137706,137706,550824,886,67,268,611.0,0.0,611.0,682,682,340.97014925373134,14,0,1000000,3000,4
137737,137737,550948,887,31,124,247.0,0.0,247.0,311,311,147.96774193548387,7,0,1000000,3000,4
137926,137926,551704,888,189,756,1035.0,0.0,1035.0,1128,1128,583.1216931216932,23,0,1000000,3000,4
138093,138093,552372,889,167,668,1042.0,0.0,1042.0,1132,1132,633.1077844311377,23,0,1000000,3000,4
138279,138279,553116,890,186,744,1584.0,0.0,1584.0,1679,1679,768.989247311828,34,0,1000000,3000,4
138311,138311,553244,891,32,128,247.0,0.0,247.0,311,311,153.78125,7,0,1000000,3000,4
138396,138396,553584,892,85,340,636.0,0.0,636.0,710,710,391.6235294117647,15,0,1000000,3000,4
138492,138492,553968,893,96,384,630.0,0.0,630.0,707,707,395.6979166666667,15,0,1000000,3000,4
138619,138619,554476,894,127,508,1048.0,0.0,1048.0,1128,1128,582.503937007874,23,0,1000000,3000,4
138782,138782,555128,895,163,652,1042.0,0.0,1042.0,1130,1130,612.4846625766871,23,0,1000000,3000,4
138907,138907,555628,896,125,500,818.0,0.0,818.0,898,898,543.008,18,0,1000000,3000,4
139201,139201,556804,897,294,1176,1311.0,0.0,1311.0,1427,1427,725.4965986394558,29,0,1000000,3000,4
139308,139308,557232,898,107,428,602.0,0.0,602.0,681,681,398.4859813084112,14,0,1000000,3000,4
139343,139343,557372,899,35,140,246.0,0.0,246.0,311,311,138.45714285714286,7,0,1000000,3000,4
139376,139376,557504,900,33,132,248.0,0.0,248.0,312,312,156.66666666666666,7,0,1000000,3000,4
139555,139555,558220,901,179,716,739.0,0.0,739.0,831,831,537.8100558659218,17,0,1000000,3000,4
139635,139635,558540,902,80,320,617.0,0.0,617.0,690,690,339.475,14,0,1000000,3000,4
139680,139680,558720,903,45,180,222.0,0.0,222.0,287,287,165.3111111111111,6,0,1000000,3000,4
139714,139714,558856,904,34,136,241.0,0.0,241.0,304,304,161.0,7,0,1000000,3000,4
139979,139979,559916,905,265,1060,1021.0,0.0,1021.0,1129,1129,678.5924528301887,23,0,1000000,3000,4
140080,140080,560320,906,101,404,617.0,0.0,617.0,693,693,368.03960396039605,14,0,1000000,3000,4
140117,140117,560468,907,37,148,236.0,0.0,236.0,300,300,158.40540540540542,7,0,1000000,3000,4
140254,140254,561016,908,137,548,738.0,0.0,738.0,821,821,481.3138686131387,17,0,1000000,3000,4
140324,140324,561296,909,70,280,610.0,0.0,610.0,681,681,323.5285714285714,14,0,1000000,3000,4
140441,140441,561764,910,117,468,607.0,0.0,607.0,686,686,369.15384615384613,14,0,1000000,3000,4
140484,140484,561936,911,43,172,230.0,0.0,230.0,294,294,157.97674418604652,6,0,1000000,3000,4
140591,140591,562364,912,107,428,629.0,0.0,629.0,707,707,350.3738317757009,15,0,1000000,3000,4
140839,140839,563356,913,248,992,1034.0,0.0,1034.0,1140,1140,698.008064516129,23,0,1000000,3000,4
140960,140960,563840,914,121,484,602.0,0.0,602.0,683,683,379.198347107438,14,0,1000000,3000,4
141139,141139,564556,915,179,716,1046.0,0.0,1046.0,1138,1138,557.0949720670391,23,0,1000000,3000,4
141343,141343,565372,916,204,816,1333.0,0.0,1333.0,1431,1431,778.9607843137255,29,0,1000000,3000,4
141577,141577,566308,917,234,936,705.0,0.0,705.0,808,808,543.042735042735,17,0,1000000,3000,4
141859,141859,567436,918,282,1128,1420.0,0.0,1420.0,1534,1534,809.081560283688,31,0,1000000,3000,4
141902,141902,567608,919,43,172,231.0,0.0,231.0,296,296,152.7674418604651,6,0,1000000,3000,4
142369,142369,569476,920,467,1868,1350.0,0.0,1350.0,1499,1499,807.693790149893,30,0,1000000,3000,4
142473,142473,569892,921,104,416,612.0,0.0,612.0,689,689,331.1057692307692,14,0,1000000,3000,4
142579,142579,570316,922,106,424,646.0,0.0,646.0,722,722,340.7641509433962,15,0,1000000,3000,4
142915,142915,571660,923,336,1344,1004.0,0.0,1004.0,1126,1126,632.8660714285714,23,0,1000000,3000,4
143042,143042,572168,924,127,508,722.0,0.0,722.0,804,804,455.12598425196853,17,0,1000000,3000,4
143151,143151,572604,925,109,436,616.0,0.0,616.0,694,694,368.04587155963304,14,0,1000000,3000,4
143329,143329,573316,926,178,712,632.0,0.0,632.0,722,722,452.1179775280899,15,0,1000000,3000,4
143387,143387,573548,927,58,232,229.0,0.0,229.0,298,298,126.82758620689656,6,0,1000000,3000,4
143485,143485,573940,928,98,392,634.0,0.0,634.0,710,710,331.2755102040816,15,0,1000000,3000,4
143719,143719,574876,929,234,936,749.0,0.0,749.0,852,852,509.982905982906,18,0,1000000,3000,4
143907,143907,575628,930,188,752,630.0,0.0,630.0,722,722,447.32978723404256,15,0,1000000,3000,4
144108,144108,576432,931,201,804,716.0,0.0,716.0,813,813,512.8706467661691,17,0,1000000,3000,4
144223,144223,576892,932,115,460,614.0,0.0,614.0,694,694,318.7826086956522,14,0,1000000,3000,4
144266,144266,577064,933,43,172,230.0,0.0,230.0,294,294,152.6046511627907,6,0,1000000,3000,4
144411,144411,577644,934,145,580,639.0,0.0,639.0,722,723,500.4,15,0,1000000,3000,4
144593,144593,578372,935,182,728,631.0,0.0,631.0,722,723,458.2637362637363,15,0,1000000,3000,4
144708,144708,578832,936,115,460,606.0,0.0,606.0,685,685,398.54782608695655,14,0,1000000,3000,4
144744,144744,578976,937,36,144,240.0,0.0,240.0,303,303,162.58333333333334,7,0,1000000,3000,4
144967,144967,579868,938,223,892,1333.0,0.0,1333.0,1435,1435,700.5112107623319,29,0,1000000,3000,4
145057,145057,580228,939,90,360,623.0,0.0,623.0,698,698,355.56666666666666,14,0,1000000,3000,4
145330,145330,581320,940,273,1092,789.0,0.0,789.0,898,899,633.040293040293,18,0,1000000,3000,4
145404,145404,581616,941,74,296,608.0,0.0,608.0,679,679,333.6216216216216,14,0,1000000,3000,4
145443,145443,581772,942,39,156,239.0,0.0,239.0,304,304,151.76923076923077,7,0,1000000,3000,4
145486,145486,581944,943,43,172,229.0,0.0,229.0,293,293,157.97674418604652,6,0,1000000,3000,4
145521,145521,582084,944,35,140,244.0,0.0,244.0,309,309,147.71428571428572,7,0,1000000,3000,4
145565,145565,582260,945,44,176,226.0,0.0,226.0,291,291,161.5681818181818,6,0,1000000,3000,4
145601,145601,582404,946,36,144,248.0,0.0,248.0,312,312,150.02777777777777,7,0,1000000,3000,4
145760,145760,583040,947,159,636,812.0,0.0,812.0,898,899,566.4528301886793,18,0,1000000,3000,4
146025,146025,584100,948,265,1060,1679.0,0.0,1679.0,1788,1788,859.211320754717,36,0,1000000,3000,4
146133,146133,584532,949,108,432,592.0,0.0,592.0,669,669,372.8703703703704,14,0,1000000,3000,4
146222,146222,584888,950,89,356,607.0,0.0,607.0,680,680,300.24719101123594,14,0,1000000,3000,4
146304,146304,585216,951,82,328,620.0,0.0,620.0,692,692,333.9268292682927,14,0,1000000,3000,4
146347,146347,585388,952,43,172,221.0,0.0,221.0,286,286,168.0,6,0,1000000,3000,4
146553,146553,586212,953,206,824,802.0,0.0,802.0,898,898,535.2912621359224,18,0,1000000,3000,4
146603,146603,586412,954,50,200,221.0,0.0,221.0,286,286,150.34,6,0,1000000,3000,4
146663,146663,586652,955,60,240,210.0,0.0,210.0,276,276,150.9,6,0,1000000,3000,4
146807,146807,587228,956,144,576,589.0,0.0,589.0,673,673,445.30555555555554,14,0,1000000,3000,4
146848,146848,587392,957,41,164,239.0,0.0,239.0,305,305,148.5609756097561,7,0,1000000,3000,4
147328,147328,589312,958,480,1920,1278.0,0.0,1278.0,1431,1431,749.4270833333334,29,0,1000000,3000,4
147380,147380,589520,959,52,208,203.0,0.0,203.0,269,269,177.3846153846154,6,0,1000000,3000,4
147520,147520,590080,960,140,560,734.0,0.0,734.0,819,819,508.85714285714283,17,0,1000000,3000,4
147562,147562,590248,961,42,168,220.0,0.0,220.0,285,285,170.11904761904762,6,0,1000000,3000,4
147715,147715,590860,962,153,612,637.0,0.0,637.0,722,723,506.54901960784315,15,0,1000000,3000,4
147791,147791,591164,963,76,304,615.0,0.0,615.0,687,687,352.13157894736844,14,0,1000000,3000,4
148085,148085,592340,964,294,1176,785.0,0.0,785.0,898,898,664.8775510204082,18,0,1000000,3000,4
148247,148247,592988,965,162,648,811.0,0.0,811.0,898,898,563.8641975308642,18,0,1000000,3000,4
148279,148279,593116,966,32,128,249.0,0.0,249.0,313,313,154.0625,7,0,1000000,3000,4
148380,148380,593520,967,101,404,622.0,0.0,622.0,700,700,383.16831683168317,15,0,1000000,3000,4
148616,148616,594464,968,236,944,1681.0,0.0,1681.0,1784,1784,846.6949152542373,36,0,1000000,3000,4
148805,148805,595220,969,189,756,1328.0,0.0,1328.0,1423,1423,651.7777777777778,29,0,1000000,3000,4
148882,148882,595528,970,77,308,628.0,0.0,628.0,700,700,375.57142857142856,15,0,1000000,3000,4
149048,149048,596192,971,166,664,810.0,0.0,810.0,898,898,573.2650602409639,18,0,1000000,3000,4
149224,149224,596896,972,176,704,1428.0,0.0,1428.0,1520,1520,706.3920454545455,31,0,1000000,3000,4
149309,149309,597236,973,85,340,613.0,0.0,613.0,686,686,349.2,14,0,1000000,3000,4
149480,149480,597920,974,171,684,762.0,0.0,762.0,853,853,545.2982456140351,18,0,1000000,3000,4
149736,149736,598944,975,256,1024,1685.0,0.0,1685.0,1792,1792,853.59375,36,0,1000000,3000,4
149904,149904,599616,976,168,672,1038.0,0.0,1038.0,1126,1126,613.4464285714286,23,0,1000000,3000,4
149992,149992,599968,977,88,352,632.0,0.0,632.0,706,706,366.6363636363636,15,0,1000000,3000,4
150025,150025,600100,978,33,132,245.0,0.0,245.0,309,309,158.45454545454547,7,0,1000000,3000,4
150117,150117,600468,979,92,368,612.0,0.0,612.0,687,687,399.5652173913044,14,0,1000000,3000,4
150381,150381,601524,980,264,1056,1307.0,0.0,1307.0,1415,1415,714.1401515151515,29,0,1000000,3000,4
150491,150491,601964,981,110,440,612.0,0.0,612.0,691,691,395.3090909090909,14,0,1000000,3000,4
150535,150535,602140,982,44,176,227.0,0.0,227.0,292,292,161.20454545454547,6,0,1000000,3000,4
150615,150615,602460,983,80,320,652.0,0.0,652.0,722,722,377.1375,15,0,1000000,3000,4
150654,150654,602616,984,39,156,239.0,0.0,239.0,304,304,160.12820512820514,7,0,1000000,3000,4
150894,150894,603576,985,240,960,1305.0,0.0,1305.0,1410,1410,714.5,29,0,1000000,3000,4
150935,150935,603740,986,41,164,233.0,0.0,233.0,297,297,160.53658536585365,6,0,1000000,3000,4
150972,150972,603888,987,37,148,241.0,0.0,241.0,305,305,152.16216216216216,7,0,1000000,3000,4
151158,151158,604632,988,186,744,1033.0,0.0,1033.0,1125,1125,567.247311827957,23,0,1000000,3000,4
151344,151344,605376,989,186,744,1139.0,0.0,1139.0,1234,1234,643.4301075268817,25,0,1000000,3000,4
151482,151482,605928,990,138,552,763.0,0.0,763.0,847,847,491.89130434782606,17,0,1000000,3000,4
151577,151577,606308,991,95,380,633.0,0.0,633.0,709,709,367.33684210526314,15,0,1000000,3000,4
152016,152016,608064,992,439,1756,1289.0,0.0,1289.0,1434,1434,731.120728929385,29,0,1000000,3000,4
152048,152048,608192,993,32,128,247.0,0.0,247.0,311,311,153.3125,7,0,1000000,3000,4
152302,152302,609208,994,254,1016,1031.0,0.0,1031.0,1138,1138,654.9370078740158,23,0,1000000,3000,4
152335,152335,609340,995,33,132,239.0,0.0,239.0,303,303,166.24242424242425,7,0,1000000,3000,4
152635,152635,610540,996,300,1200,1311.0,0.0,1311.0,1428,1428,738.8733333333333,29,0,1000000,3000,4
152674,152674,610696,997,39,156,232.0,0.0,232.0,297,297,160.2051282051282,6,0,1000000,3000,4
152979,152979,611916,998,305,1220,1832.0,0.0,1832.0,1949,1949,958.432786885246,39,0,1000000,3000,4
153196,153196,612784,999,217,868,1426.0,0.0,1426.0,1526,1526,694.2626728110599,31,0,1000000,3000,4
153389,153389,613556,1000,193,772,1035.0,0.0,1035.0,1130,1130,614.8238341968912,23,0,1000000,3000,4
153426,153426,613704,1001,37,148,241.0,0.0,241.0,305,305,155.78378378378378,7,0,1000000,3000,4
153460,153460,613840,1002,34,136,252.0,0.0,252.0,316,316,154.23529411764707,7,0,1000000,3000,4
153497,153497,613988,1003,37,148,231.0,0.0,231.0,295,295,165.94594594594594,6,0,1000000,3000,4
153608,153608,614432,1004,111,444,630.0,0.0,630.0,710,710,386.63963963963965,15,0,1000000,3000,4
153722,153722,614888,1005,114,456,604.0,0.0,604.0,683,683,387.359649122807,14,0,1000000,3000,4
153759,153759,615036,1006,37,148,242.0,0.0,242.0,306,306,159.8918918918919,7,0,1000000,3000,4
153790,153790,615160,1007,31,124,241.0,0.0,241.0,305,305,163.8709677419355,7,0,1000000,3000,4
153945,153945,615780,1008,155,620,637.0,0.0,637.0,722,722,478.01290322580644,15,0,1000000,3000,4
154447,154447,617788,1009,502,2008,970.0,0.0,970.0,1126,1126,707.7231075697212,23,0,1000000,3000,4
154482,154482,617928,1010,35,140,245.0,0.0,245.0,308,308,162.8,7,0,1000000,3000,4
154691,154691,618764,1011,209,836,1029.0,0.0,1029.0,1126,1126,642.311004784689,23,0,1000000,3000,4
154782,154782,619128,1012,91,364,628.0,0.0,628.0,703,703,380.04395604395603,15,0,1000000,3000,4
154822,154822,619288,1013,40,160,230.0,0.0,230.0,295,295,160.425,6,0,1000000,3000,4
154999,154999,619996,1014,177,708,1145.0,0.0,1145.0,1236,1236,679.5649717514125,25,0,1000000,3000,4
155031,155031,620124,1015,32,128,239.0,0.0,239.0,302,302,164.59375,7,0,1000000,3000,4
155072,155072,620288,1016,41,164,230.0,0.0,230.0,295,295,156.9268292682927,6,0,1000000,3000,4
155163,155163,620652,1017,91,364,637.0,0.0,637.0,712,712,374.38461538461536,15,0,1000000,3000,4
155263,155263,621052,1018,100,400,625.0,0.0,625.0,701,701,386.97,15,0,1000000,3000,4
155302,155302,621208,1019,39,156,227.0,0.0,227.0,291,291,165.2051282051282,6,0,1000000,3000,4
155342,155342,621368,1020,40,160,233.0,0.0,233.0,297,297,161.0,6,0,1000000,3000,4
155384,155384,621536,1021,42,168,224.0,0.0,224.0,289,289,163.61904761904762,6,0,1000000,3000,4
155486,155486,621944,1022,102,408,611.0,0.0,611.0,688,688,391.37254901960785,14,0,1000000,3000,4
155633,155633,622532,1023,147,588,1043.0,0.0,1043.0,1127,1127,657.2244897959183,23,0,1000000,3000,4
155778,155778,623112,1024,145,580,815.0,0.0,815.0,898,899,557.951724137931,18,0,1000000,3000,4
155877,155877,623508,1025,99,396,630.0,0.0,630.0,707,707,386.25252525252523,15,0,1000000,3000,4
155913,155913,623652,1026,36,144,243.0,0.0,243.0,306,306,160.0,7,0,1000000,3000,4
155949,155949,623796,1027,36,144,232.0,0.0,232.0,296,296,168.11111111111111,6,0,1000000,3000,4
155992,155992,623968,1028,43,172,224.0,0.0,224.0,290,290,165.09302325581396,6,0,1000000,3000,4
156158,156158,624632,1029,166,664,1036.0,0.0,1036.0,1125,1125,594.3012048192771,23,0,1000000,3000,4
156360,156360,625440,1030,202,808,1030.0,0.0,1030.0,1126,1126,621.3910891089109,23,0,1000000,3000,4
156640,156640,626560,1031,280,1120,1015.0,0.0,1015.0,1126,1126,696.7214285714285,23,0,1000000,3000,4
156676,156676,626704,1032,36,144,237.0,0.0,237.0,302,302,162.0,7,0,1000000,3000,4
156775,156775,627100,1033,99,396,636.0,0.0,636.0,713,713,372.1818181818182,15,0,1000000,3000,4
156811,156811,627244,1034,36,144,238.0,0.0,238.0,302,302,166.05555555555554,7,0,1000000,3000,4
156849,156849,627396,1035,38,152,232.0,0.0,232.0,296,296,163.47368421052633,6,0,1000000,3000,4
156930,156930,627720,1036,81,324,607.0,0.0,607.0,681,681,338.25925925925924,14,0,1000000,3000,4
157055,157055,628220,1037,125,500,738.0,0.0,738.0,821,821,473.704,17,0,1000000,3000,4
157093,157093,628372,1038,38,152,237.0,0.0,237.0,301,301,159.81578947368422,7,0,1000000,3000,4
157124,157124,628496,1039,31,124,244.0,0.0,244.0,307,307,157.83870967741936,7,0,1000000,3000,4
157164,157164,628656,1040,40,160,230.0,0.0,230.0,295,295,159.9,6,0,1000000,3000,4
157406,157406,629624,1041,242,968,1304.0,0.0,1304.0,1409,1409,767.1115702479339,29,0,1000000,3000,4
157559,157559,630236,1042,153,612,1044.0,0.0,1044.0,1131,1131,686.6078431372549,23,0,1000000,3000,4
157826,157826,631304,1043,267,1068,1302.0,0.0,1302.0,1411,1411,701.3632958801498,29,0,1000000,3000,4
157901,157901,631604,1044,75,300,607.0,0.0,607.0,678,678,327.53333333333336,14,0,1000000,3000,4
158060,158060,632240,1045,159,636,1433.0,0.0,1433.0,1522,1522,788.188679245283,31,0,1000000,3000,4
158278,158278,633112,1046,218,872,1319.0,0.0,1319.0,1417,1417,697.7889908256881,29,0,1000000,3000,4
158309,158309,633236,1047,31,124,248.0,0.0,248.0,312,312,153.32258064516128,7,0,1000000,3000,4
158395,158395,633580,1048,86,344,613.0,0.0,613.0,687,687,343.5348837209302,14,0,1000000,3000,4
158471,158471,633884,1049,76,304,606.0,0.0,606.0,679,679,351.7105263157895,14,0,1000000,3000,4
158619,158619,634476,1050,148,592,624.0,0.0,624.0,711,711,478.8243243243243,15,0,1000000,3000,4
158806,158806,635224,1051,187,748,752.0,0.0,752.0,847,847,542.4491978609626,17,0,1000000,3000,4
158955,158955,635820,1052,149,596,638.0,0.0,638.0,722,723,511.3758389261745,15,0,1000000,3000,4
159213,159213,636852,1053,258,1032,1042.0,0.0,1042.0,1151,1151,660.6589147286821,24,0,1000000,3000,4
159386,159386,637544,1054,173,692,1333.0,0.0,1333.0,1425,1425,707.6589595375723,29,0,1000000,3000,4
159415,159415,637660,1055,29,116,251.0,0.0,251.0,314,314,160.86206896551724,7,0,1000000,3000,4
159462,159462,637848,1056,47,188,220.0,0.0,220.0,285,285,164.08510638297872,6,0,1000000,3000,4
159609,159609,638436,1057,147,588,1052.0,0.0,1052.0,1137,1137,589.8027210884354,23,0,1000000,3000,4
160014,160014,640056,1058,405,1620,1100.0,0.0,1100.0,1239,1239,708.5185185185185,25,0,1000000,3000,4
160093,160093,640372,1059,79,316,620.0,0.0,620.0,693,693,340.2151898734177,14,0,1000000,3000,4
160390,160390,641560,1060,297,1188,1299.0,0.0,1299.0,1414,1414,779.7441077441077,29,0,1000000,3000,4
160478,160478,641912,1061,88,352,606.0,0.0,606.0,681,681,402.77272727272725,14,0,1000000,3000,4
160518,160518,642072,1062,40,160,229.0,0.0,229.0,293,293,167.15,6,0,1000000,3000,4
160592,160592,642368,1063,74,296,637.0,0.0,637.0,709,709,378.97297297297297,15,0,1000000,3000,4
160631,160631,642524,1064,39,156,234.0,0.0,234.0,299,299,163.0,6,0,1000000,3000,4
160719,160719,642876,1065,88,352,620.0,0.0,620.0,694,694,344.0,14,0,1000000,3000,4
161072,161072,644288,1066,353,1412,1668.0,0.0,1668.0,1796,1796,802.6600566572238,36,0,1000000,3000,4
161172,161172,644688,1067,100,400,620.0,0.0,620.0,697,697,390.11,14,0,1000000,3000,4
161206,161206,644824,1068,34,136,242.0,0.0,242.0,305,305,156.7941176470588,7,0,1000000,3000,4
161291,161291,645164,1069,85,340,634.0,0.0,634.0,708,708,386.78823529411767,15,0,1000000,3000,4
161329,161329,645316,1070,38,152,230.0,0.0,230.0,295,295,166.39473684210526,6,0,1000000,3000,4
161419,161419,645676,1071,90,360,610.0,0.0,610.0,685,685,403.75555555555553,14,0,1000000,3000,4
161452,161452,645808,1072,33,132,241.0,0.0,241.0,305,305,166.93939393939394,7,0,1000000,3000,4
161693,161693,646772,1073,241,964,1328.0,0.0,1328.0,1434,1434,725.0912863070539,29,0,1000000,3000,4
161912,161912,647648,1074,219,876,1031.0,0.0,1031.0,1130,1130,623.1050228310502,23,0,1000000,3000,4
162009,162009,648036,1075,97,388,631.0,0.0,631.0,707,707,367.8556701030928,15,0,1000000,3000,4
162043,162043,648172,1076,34,136,245.0,0.0,245.0,309,309,152.76470588235293,7,0,1000000,3000,4
162135,162135,648540,1077,92,368,627.0,0.0,627.0,701,701,381.80434782608694,15,0,1000000,3000,4
162173,162173,648692,1078,38,152,243.0,0.0,243.0,308,308,153.39473684210526,7,0,1000000,3000,4
162213,162213,648852,1079,40,160,236.0,0.0,236.0,302,302,155.125,7,0,1000000,3000,4
162314,162314,649256,1080,101,404,633.0,0.0,633.0,710,710,368.980198019802,15,0,1000000,3000,4
162436,162436,649744,1081,122,488,591.0,0.0,591.0,672,672,392.5327868852459,14,0,1000000,3000,4
162598,162598,650392,1082,162,648,635.0,0.0,635.0,722,722,491.54938271604937,15,0,1000000,3000,4
162694,162694,650776,1083,96,384,609.0,0.0,609.0,686,686,400.34375,14,0,1000000,3000,4
163118,163118,652472,1084,424,1696,2330.0,0.0,2330.0,2470,2470,1161.7783018867924,50,0,1000000,3000,4
163230,163230,652920,1085,112,448,742.0,0.0,742.0,820,820,489.6607142857143,17,0,1000000,3000,4
163403,163403,653612,1086,173,692,766.0,0.0,766.0,858,858,520.7861271676301,18,0,1000000,3000,4
163553,163553,654212,1087,150,600,814.0,0.0,814.0,898,898,573.8466666666667,18,0,1000000,3000,4
163764,163764,655056,1088,211,844,1317.0,0.0,1317.0,1415,1415,692.7061611374407,29,0,1000000,3000,4
164029,164029,656116,1089,265,1060,1022.0,0.0,1022.0,1130,1130,644.4452830188679,23,0,1000000,3000,4
164281,164281,657124,1090,252,1008,1416.0,0.0,1416.0,1523,1523,743.3571428571429,31,0,1000000,3000,4
164312,164312,657248,1091,31,124,241.0,0.0,241.0,303,303,160.83870967741936,7,0,1000000,3000,4
164422,164422,657688,1092,110,440,601.0,0.0,601.0,680,680,374.54545454545456,14,0,1000000,3000,4
164454,164454,657816,1093,32,128,248.0,0.0,248.0,312,312,155.65625,7,0,1000000,3000,4
164536,164536,658144,1094,82,328,616.0,0.0,616.0,690,690,347.9024390243902,14,0,1000000,3000,4
164686,164686,658744,1095,150,600,1042.0,0.0,1042.0,1127,1127,553.7266666666667,23,0,1000000,3000,4
164792,164792,659168,1096,106,424,610.0,0.0,610.0,688,688,389.0,14,0,1000000,3000,4
164976,164976,659904,1097,184,736,1341.0,0.0,1341.0,1435,1435,701.6630434782609,29,0,1000000,3000,4
165010,165010,660040,1098,34,136,240.0,0.0,240.0,303,303,168.55882352941177,7,0,1000000,3000,4
165167,165167,660668,1099,157,628,1042.0,0.0,1042.0,1129,1129,587.4777070063694,23,0,1000000,3000,4
165251,165251,661004,1100,84,336,635.0,0.0,635.0,708,708,367.0238095238095,15,0,1000000,3000,4
165494,165494,661976,1101,243,972,1131.0,0.0,1131.0,1236,1236,697.0164609053498,25,0,1000000,3000,4
165524,165524,662096,1102,30,120,247.0,0.0,247.0,309,309,160.0,7,0,1000000,3000,4
165602,165602,662408,1103,78,312,609.0,0.0,609.0,681,681,336.4230769230769,14,0,1000000,3000,4
165751,165751,663004,1104,149,596,638.0,0.0,638.0,722,722,489.0872483221477,15,0,1000000,3000,4
165784,165784,663136,1105,33,132,241.0,0.0,241.0,304,304,164.27272727272728,7,0,1000000,3000,4
165816,165816,663264,1106,32,128,251.0,0.0,251.0,315,315,154.75,7,0,1000000,3000,4
166042,166042,664168,1107,226,904,1426.0,0.0,1426.0,1529,1529,755.1017699115044,31,0,1000000,3000,4
166242,166242,664968,1108,200,800,1323.0,0.0,1323.0,1419,1419,717.865,29,0,1000000,3000,4
166412,166412,665648,1109,170,680,810.0,0.0,810.0,898,898,578.4470588235295,18,0,1000000,3000,4
166442,166442,665768,1110,30,120,250.0,0.0,250.0,314,314,153.26666666666668,7,0,1000000,3000,4
166643,166643,666572,1111,201,804,1426.0,0.0,1426.0,1524,1524,751.1990049751244,31,0,1000000,3000,4
166672,166672,666688,1112,29,116,245.0,0.0,245.0,308,308,156.72413793103448,7,0,1000000,3000,4
166700,166700,666800,1113,28,112,248.0,0.0,248.0,311,311,155.82142857142858,7,0,1000000,3000,4
166730,166730,666920,1114,30,120,249.0,0.0,249.0,313,313,152.63333333333333,7,0,1000000,3000,4
166761,166761,667044,1115,31,124,247.0,0.0,247.0,311,311,153.32258064516128,7,0,1000000,3000,4
166849,166849,667396,1116,88,352,622.0,0.0,622.0,697,697,346.59090909090907,14,0,1000000,3000,4
166878,166878,667512,1117,29,116,247.0,0.0,247.0,310,310,156.41379310344828,7,0,1000000,3000,4
166907,166907,667628,1118,29,116,246.0,0.0,246.0,309,309,156.31034482758622,7,0,1000000,3000,4
167087,167087,668348,1119,180,720,808.0,0.0,808.0,898,899,605.1111111111111,18,0,1000000,3000,4
167297,167297,669188,1120,210,840,1039.0,0.0,1039.0,1136,1136,689.347619047619,23,0,1000000,3000,4
167388,167388,669552,1121,91,364,635.0,0.0,635.0,711,711,384.5274725274725,15,0,1000000,3000,4
167466,167466,669864,1122,78,312,606.0,0.0,606.0,679,679,354.78205128205127,14,0,1000000,3000,4
167549,167549,670196,1123,83,332,637.0,0.0,637.0,711,711,377.33734939759034,15,0,1000000,3000,4
167629,167629,670516,1124,80,320,614.0,0.0,614.0,686,686,350.525,14,0,1000000,3000,4
167663,167663,670652,1125,34,136,248.0,0.0,248.0,312,312,150.55882352941177,7,0,1000000,3000,4
167699,167699,670796,1126,36,144,241.0,0.0,241.0,305,305,156.75,7,0,1000000,3000,4
167736,167736,670944,1127,37,148,239.0,0.0,239.0,303,303,153.86486486486487,7,0,1000000,3000,4
167834,167834,671336,1128,98,392,597.0,0.0,597.0,673,673,408.7755102040816,14,0,1000000,3000,4
167873,167873,671492,1129,39,156,235.0,0.0,235.0,300,300,165.66666666666666,7,0,1000000,3000,4
167911,167911,671644,1130,38,152,234.0,0.0,234.0,299,299,154.6315789473684,6,0,1000000,3000,4
168004,168004,672016,1131,93,372,615.0,0.0,615.0,690,690,401.16129032258067,14,0,1000000,3000,4
168043,168043,672172,1132,39,156,237.0,0.0,237.0,301,301,163.7948717948718,7,0,1000000,3000,4
168202,168202,672808,1133,159,636,812.0,0.0,812.0,898,898,558.7987421383648,18,0,1000000,3000,4
168231,168231,672924,1134,29,116,246.0,0.0,246.0,309,309,156.0,7,0,1000000,3000,4
168428,168428,673712,1135,197,788,1035.0,0.0,1035.0,1130,1130,646.2893401015228,23,0,1000000,3000,4
168466,168466,673864,1136,38,152,237.0,0.0,237.0,302,302,155.60526315789474,7,0,1000000,3000,4
168495,168495,673980,1137,29,116,247.0,0.0,247.0,310,310,157.10344827586206,7,0,1000000,3000,4
168645,168645,674580,1138,150,600,1045.0,0.0,1045.0,1130,1130,572.5266666666666,23,0,1000000,3000,4
168678,168678,674712,1139,33,132,241.0,0.0,241.0,305,305,160.78787878787878,7,0,1000000,3000,4
168873,168873,675492,1140,195,780,1035.0,0.0,1035.0,1129,1129,592.2666666666667,23,0,1000000,3000,4
169194,169194,676776,1141,321,1284,1008.0,0.0,1008.0,1128,1128,685.9875389408099,23,0,1000000,3000,4
169259,169259,677036,1142,65,260,623.0,0.0,623.0,692,692,366.89230769230767,14,0,1000000,3000,4
169294,169294,677176,1143,35,140,249.0,0.0,249.0,313,313,147.4857142857143,7,0,1000000,3000,4
169383,169383,677532,1144,89,356,611.0,0.0,611.0,686,686,352.65168539325845,14,0,1000000,3000,4
169475,169475,677900,1145,92,368,629.0,0.0,629.0,705,705,385.4782608695652,15,0,1000000,3000,4
169667,169667,678668,1146,192,768,805.0,0.0,805.0,898,900,576.2083333333334,19,0,1000000,3000,4
169702,169702,678808,1147,35,140,233.0,0.0,233.0,296,296,170.22857142857143,6,0,1000000,3000,4
169775,169775,679100,1148,73,292,633.0,0.0,633.0,705,705,380.8082191780822,15,0,1000000,3000,4
169852,169852,679408,1149,77,308,620.0,0.0,620.0,693,693,350.7012987012987,14,0,1000000,3000,4
169955,169955,679820,1150,103,412,612.0,0.0,612.0,689,689,401.5242718446602,14,0,1000000,3000,4
169994,169994,679976,1151,39,156,237.0,0.0,237.0,302,302,157.74358974358975,7,0,1000000,3000,4
170031,170031,680124,1152,37,148,225.0,0.0,225.0,290,290,175.83783783783784,6,0,1000000,3000,4
170060,170060,680240,1153,29,116,251.0,0.0,251.0,314,314,162.10344827586206,7,0,1000000,3000,4
170324,170324,681296,1154,264,1056,1020.0,0.0,1020.0,1128,1128,724.814393939394,23,0,1000000,3000,4
170363,170363,681452,1155,39,156,233.0,0.0,233.0,298,298,161.43589743589743,6,0,1000000,3000,4
170401,170401,681604,1156,38,152,238.0,0.0,238.0,303,303,155.92105263157896,7,0,1000000,3000,4
170513,170513,682052,1157,112,448,583.0,0.0,583.0,662,662,407.66964285714283,14,0,1000000,3000,4
170753,170753,683012,1158,240,960,1419.0,0.0,1419.0,1522,1522,766.1916666666667,31,0,1000000,3000,4
170938,170938,683752,1159,185,740,1035.0,0.0,1035.0,1128,1128,622.1783783783784,23,0,1000000,3000,4
171079,171079,684316,1160,141,564,1044.0,0.0,1044.0,1128,1128,545.7375886524823,23,0,1000000,3000,4
171184,171184,684736,1161,105,420,614.0,0.0,614.0,691,691,373.83809523809526,14,0,1000000,3000,4
171342,171342,685368,1162,158,632,1050.0,0.0,1050.0,1138,1138,601.1835443037975,23,0,1000000,3000,4
171374,171374,685496,1163,32,128,246.0,0.0,246.0,310,310,153.3125,7,0,1000000,3000,4
171538,171538,686152,1164,164,656,811.0,0.0,811.0,898,899,558.4756097560976,18,0,1000000,3000,4
171571,171571,686284,1165,33,132,242.0,0.0,242.0,306,306,166.78787878787878,7,0,1000000,3000,4
171848,171848,687392,1166,277,1108,1913.0,0.0,1913.0,2025,2025,953.2527075812275,41,0,1000000,3000,4
171918,171918,687672,1167,70,280,616.0,0.0,616.0,688,688,358.95714285714286,14,0,1000000,3000,4
172120,172120,688480,1168,202,808,1032.0,0.0,1032.0,1128,1128,631.8069306930693,23,0,1000000,3000,4
172319,172319,689276,1169,199,796,1041.0,0.0,1041.0,1137,1137,675.035175879397,23,0,1000000,3000,4
172352,172352,689408,1170,33,132,246.0,0.0,246.0,310,310,152.54545454545453,7,0,1000000,3000,4
172530,172530,690120,1171,178,712,808.0,0.0,808.0,898,898,546.1067415730337,18,0,1000000,3000,4
172776,172776,691104,1172,246,984,1420.0,0.0,1420.0,1526,1526,820.439024390244,31,0,1000000,3000,4
172879,172879,691516,1173,103,412,615.0,0.0,615.0,693,693,379.4271844660194,14,0,1000000,3000,4
172911,172911,691644,1174,32,128,240.0,0.0,240.0,303,303,165.0625,7,0,1000000,3000,4
173000,173000,692000,1175,89,356,650.0,0.0,650.0,722,722,384.438202247191,15,0,1000000,3000,4
173084,173084,692336,1176,84,336,621.0,0.0,621.0,695,695,368.67857142857144,14,0,1000000,3000,4
173332,173332,693328,1177,248,992,1863.0,0.0,1863.0,1969,1969,919.8387096774194,40,0,1000000,3000,4
173650,173650,694600,1178,318,1272,1312.0,0.0,1312.0,1433,1433,710.4150943396227,29,0,1000000,3000,4
173904,173904,695616,1179,254,1016,1919.0,0.0,1919.0,2025,2025,930.5551181102362,41,0,1000000,3000,4
174055,174055,696220,1180,151,604,771.0,0.0,771.0,859,859,558.8940397350993,18,0,1000000,3000,4
174084,174084,696336,1181,29,116,247.0,0.0,247.0,310,310,157.20689655172413,7,0,1000000,3000,4
174115,174115,696460,1182,31,124,252.0,0.0,252.0,316,316,156.19354838709677,7,0,1000000,3000,4
174209,174209,696836,1183,94,376,607.0,0.0,607.0,683,683,399.9255319148936,14,0,1000000,3000,4
174284,174284,697136,1184,75,300,620.0,0.0,620.0,691,691,360.14666666666665,14,0,1000000,3000,4
174428,174428,697712,1185,144,576,742.0,0.0,742.0,828,828,522.7638888888889,17,0,1000000,3000,4
174458,174458,697832,1186,30,120,249.0,0.0,249.0,312,312,156.16666666666666,7,0,1000000,3000,4
174700,174700,698800,1187,242,968,1303.0,0.0,1303.0,1408,1408,696.2355371900826,29,0,1000000,3000,4
174729,174729,698916,1188,29,116,247.0,0.0,247.0,310,310,156.6551724137931,7,0,1000000,3000,4
174911,174911,699644,1189,182,728,1315.0,0.0,1315.0,1408,1408,721.1263736263736,29,0,1000000,3000,4
175055,175055,700220,1190,144,576,1044.0,0.0,1044.0,1128,1128,605.2916666666666,23,0,1000000,3000,4
175085,175085,700340,1191,30,120,248.0,0.0,248.0,312,312,152.53333333333333,7,0,1000000,3000,4
175127,175127,700508,1192,42,168,230.0,0.0,230.0,296,296,161.95238095238096,6,0,1000000,3000,4
175367,175367,701468,1193,240,960,796.0,0.0,796.0,898,898,683.5875,18,0,1000000,3000,4
175398,175398,701592,1194,31,124,247.0,0.0,247.0,311,311,154.83870967741936,7,0,1000000,3000,4
175489,175489,701956,1195,91,364,620.0,0.0,620.0,695,695,375.85714285714283,14,0,1000000,3000,4
175730,175730,702920,1196,241,964,1325.0,0.0,1325.0,1430,1430,735.6224066390041,29,0,1000000,3000,4
175898,175898,703592,1197,168,672,634.0,0.0,634.0,722,722,496.01190476190476,15,0,1000000,3000,4
175994,175994,703976,1198,96,384,620.0,0.0,620.0,697,697,396.5833333333333,14,0,1000000,3000,4
176149,176149,704596,1199,155,620,1041.0,0.0,1041.0,1127,1127,600.6451612903226,23,0,1000000,3000,4
176187,176187,704748,1200,38,152,241.0,0.0,241.0,305,305,149.52631578947367,7,0,1000000,3000,4
176416,176416,705664,1201,229,916,1029.0,0.0,1029.0,1130,1130,680.235807860262,23,0,1000000,3000,4
176493,176493,705972,1202,77,308,652.0,0.0,652.0,722,722,389.57142857142856,15,0,1000000,3000,4
176580,176580,706320,1203,87,348,620.0,0.0,620.0,695,695,377.4367816091954,14,0,1000000,3000,4
176671,176671,706684,1204,91,364,606.0,0.0,606.0,681,681,413.04395604395603,14,0,1000000,3000,4
176700,176700,706800,1205,29,116,251.0,0.0,251.0,314,314,159.27586206896552,7,0,1000000,3000,4
176848,176848,707392,1206,148,592,1044.0,0.0,1044.0,1129,1129,556.6418918918919,23,0,1000000,3000,4
177088,177088,708352,1207,240,960,1024.0,0.0,1024.0,1127,1127,615.7625,23,0,1000000,3000,4
177348,177348,709392,1208,260,1040,1911.0,0.0,1911.0,2020,2020,979.55,41,0,1000000,3000,4
177604,177604,710416,1209,256,1024,1913.0,0.0,1913.0,2022,2022,921.796875,41,0,1000000,3000,4
177709,177709,710836,1210,105,420,614.0,0.0,614.0,692,692,391.53333333333336,14,0,1000000,3000,4
177888,177888,711552,1211,179,716,1341.0,0.0,1341.0,1434,1434,740.6312849162011,29,0,1000000,3000,4
177991,177991,711964,1212,103,412,589.0,0.0,589.0,666,666,420.81553398058253,14,0,1000000,3000,4
178323,178323,713292,1213,332,1328,1002.0,0.0,1002.0,1124,1124,747.6144578313254,23,0,1000000,3000,4
178599,178599,714396,1214,276,1104,612.0,0.0,612.0,722,723,604.9855072463768,15,0,1000000,3000,4
178759,178759,715036,1215,160,640,1042.0,0.0,1042.0,1129,1129,567.9125,23,0,1000000,3000,4
179119,179119,716476,1216,360,1440,1827.0,0.0,1827.0,1956,1956,863.75,40,0,1000000,3000,4
179149,179149,716596,1217,30,120,250.0,0.0,250.0,312,312,156.2,7,0,1000000,3000,4
179324,179324,717296,1218,175,700,1035.0,0.0,1035.0,1125,1125,618.7142857142857,23,0,1000000,3000,4
179425,179425,717700,1219,101,404,615.0,0.0,615.0,692,692,398.019801980198,14,0,1000000,3000,4
179463,179463,717852,1220,38,152,244.0,0.0,244.0,309,309,138.60526315789474,7,0,1000000,3000,4
179506,179506,718024,1221,43,172,231.0,0.0,231.0,296,296,155.65116279069767,6,0,1000000,3000,4
179599,179599,718396,1222,93,372,603.0,0.0,603.0,678,678,403.9139784946237,14,0,1000000,3000,4
179682,179682,718728,1223,83,332,651.0,0.0,651.0,722,722,351.2048192771084,15,0,1000000,3000,4
179773,179773,719092,1224,91,364,606.0,0.0,606.0,681,681,392.05494505494505,14,0,1000000,3000,4
180113,180113,720452,1225,340,1360,1000.0,0.0,1000.0,1122,1122,681.8911764705882,23,0,1000000,3000,4
180149,180149,720596,1226,36,144,247.0,0.0,247.0,312,312,150.5,7,0,1000000,3000,4
180632,180632,722528,1227,483,1932,2317.0,0.0,2317.0,2469,2469,1287.2981366459628,50,0,1000000,3000,4
180783,180783,723132,1228,151,604,771.0,0.0,771.0,858,858,518.4834437086092,18,0,1000000,3000,4
180820,180820,723280,1229,37,148,233.0,0.0,233.0,297,297,164.02702702702703,6,0,1000000,3000,4
180917,180917,723668,1230,97,388,628.0,0.0,628.0,704,704,360.41237113402065,15,0,1000000,3000,4
181156,181156,724624,1231,239,956,796.0,0.0,796.0,898,899,621.7656903765691,18,0,1000000,3000,4
181330,181330,725320,1232,174,696,809.0,0.0,809.0,898,899,516.7471264367816,18,0,1000000,3000,4
181499,181499,725996,1233,169,676,1041.0,0.0,1041.0,1130,1130,668.2189349112426,23,0,1000000,3000,4
181581,181581,726324,1234,82,328,620.0,0.0,620.0,694,694,355.5,14,0,1000000,3000,4
181621,181621,726484,1235,40,160,238.0,0.0,238.0,304,304,154.975,7,0,1000000,3000,4
181758,181758,727032,1236,137,548,640.0,0.0,640.0,722,722,516.948905109489,15,0,1000000,3000,4
181913,181913,727652,1237,155,620,1042.0,0.0,1042.0,1129,1129,574.7032258064517,23,0,1000000,3000,4
181946,181946,727784,1238,33,132,242.0,0.0,242.0,306,306,160.03030303030303,7,0,1000000,3000,4
182203,182203,728812,1239,257,1028,1017.0,0.0,1017.0,1124,1125,640.8054474708172,23,0,1000000,3000,4
182317,182317,729268,1240,114,456,719.0,0.0,719.0,797,797,476.64912280701753,16,0,1000000,3000,4
182346,182346,729384,1241,29,116,250.0,0.0,250.0,313,313,159.51724137931035,7,0,1000000,3000,4
182451,182451,729804,1242,105,420,598.0,0.0,598.0,677,677,420.3809523809524,14,0,1000000,3000,4
182531,182531,730124,1243,80,320,611.0,0.0,611.0,684,684,348.825,14,0,1000000,3000,4
182564,182564,730256,1244,33,132,241.0,0.0,241.0,304,304,161.15151515151516,7,0,1000000,3000,4
182662,182662,730648,1245,98,392,611.0,0.0,611.0,686,686,401.09183673469386,14,0,1000000,3000,4
182693,182693,730772,1246,31,124,249.0,0.0,249.0,313,313,150.58064516129033,7,0,1000000,3000,4
182823,182823,731292,1247,130,520,747.0,0.0,747.0,830,830,521.7307692307693,17,0,1000000,3000,4
182966,182966,731864,1248,143,572,815.0,0.0,815.0,898,898,577.2727272727273,18,0,1000000,3000,4
183122,183122,732488,1249,156,624,1344.0,0.0,1344.0,1433,1433,737.0064102564103,29,0,1000000,3000,4
183165,183165,732660,1250,43,172,229.0,0.0,229.0,295,295,160.88372093023256,6,0,1000000,3000,4
183201,183201,732804,1251,36,144,234.0,0.0,234.0,298,298,162.41666666666666,6,0,1000000,3000,4
183238,183238,732952,1252,37,148,229.0,0.0,229.0,292,292,172.64864864864865,6,0,1000000,3000,4
183307,183307,733228,1253,69,276,610.0,0.0,610.0,681,681,311.2608695652174,14,0,1000000,3000,4
183395,183395,733580,1254,88,352,628.0,0.0,628.0,701,701,395.10227272727275,15,0,1000000,3000,4
183492,183492,733968,1255,97,388,632.0,0.0,632.0,709,709,364.29896907216494,15,0,1000000,3000,4
183528,183528,734112,1256,36,144,231.0,0.0,231.0,294,294,172.02777777777777,6,0,1000000,3000,4
183629,183629,734516,1257,101,404,606.0,0.0,606.0,684,684,398.8019801980198,14,0,1000000,3000,4
183707,183707,734828,1258,78,312,608.0,0.0,608.0,681,681,341.14102564102564,14,0,1000000,3000,4
183740,183740,734960,1259,33,132,250.0,0.0,250.0,314,314,146.33333333333334,7,0,1000000,3000,4
183981,183981,735924,1260,241,964,795.0,0.0,795.0,898,899,656.0788381742739,18,0,1000000,3000,4
184020,184020,736080,1261,39,156,229.0,0.0,229.0,294,294,167.89743589743588,6,0,1000000,3000,4
184055,184055,736220,1262,35,140,246.0,0.0,246.0,309,309,152.45714285714286,7,0,1000000,3000,4
184089,184089,736356,1263,34,136,249.0,0.0,249.0,313,313,151.2941176470588,7,0,1000000,3000,4
184190,184190,736760,1264,101,404,611.0,0.0,611.0,688,688,402.1782178217822,14,0,1000000,3000,4
184374,184374,737496,1265,184,736,1321.0,0.0,1321.0,1413,1413,725.3478260869565,29,0,1000000,3000,4
184472,184472,737888,1266,98,392,619.0,0.0,619.0,696,696,373.5816326530612,14,0,1000000,3000,4
184555,184555,738220,1267,83,332,639.0,0.0,639.0,713,713,363.69879518072287,15,0,1000000,3000,4
184590,184590,738360,1268,35,140,244.0,0.0,244.0,308,308,156.77142857142857,7,0,1000000,3000,4
184898,184898,739592,1269,308,1232,1007.0,0.0,1007.0,1124,1124,695.6980519480519,23,0,1000000,3000,4
184987,184987,739948,1270,89,356,628.0,0.0,628.0,703,703,372.3820224719101,15,0,1000000,3000,4
185030,185030,740120,1271,43,172,222.0,0.0,222.0,287,287,171.02325581395348,6,0,1000000,3000,4
185240,185240,740960,1272,210,840,1039.0,0.0,1039.0,1136,1136,592.6047619047619,23,0,1000000,3000,4
185271,185271,741084,1273,31,124,247.0,0.0,247.0,311,311,155.5483870967742,7,0,1000000,3000,4
185299,185299,741196,1274,28,112,247.0,0.0,247.0,310,310,156.03571428571428,7,0,1000000,3000,4
185382,185382,741528,1275,83,332,620.0,0.0,620.0,693,693,400.7590361445783,14,0,1000000,3000,4
185611,185611,742444,1276,229,916,1315.0,0.0,1315.0,1416,1416,698.8471615720524,29,0,1000000,3000,4
185845,185845,743380,1277,234,936,1025.0,0.0,1025.0,1127,1127,689.0512820512821,23,0,1000000,3000,4
185880,185880,743520,1278,35,140,243.0,0.0,243.0,308,308,152.34285714285716,7,0,1000000,3000,4
186054,186054,744216,1279,174,696,1325.0,0.0,1325.0,1414,1414,727.683908045977,29,0,1000000,3000,4
186269,186269,745076,1280,215,860,1029.0,0.0,1029.0,1127,1127,658.2046511627907,23,0,1000000,3000,4
186370,186370,745480,1281,101,404,610.0,0.0,610.0,688,688,383.6237623762376,14,0,1000000,3000,4
186408,186408,745632,1282,38,152,242.0,0.0,242.0,307,307,153.44736842105263,7,0,1000000,3000,4
186445,186445,745780,1283,37,148,242.0,0.0,242.0,307,307,160.35135135135135,7,0,1000000,3000,4
186516,186516,746064,1284,71,284,626.0,0.0,626.0,697,697,359.7464788732394,14,0,1000000,3000,4
186759,186759,747036,1285,243,972,1680.0,0.0,1680.0,1784,1784,862.3251028806584,36,0,1000000,3000,4
187049,187049,748196,1286,290,1160,1678.0,0.0,1678.0,1791,1791,821.9172413793103,36,0,1000000,3000,4
187078,187078,748312,1287,29,116,251.0,0.0,251.0,313,313,159.82758620689654,7,0,1000000,3000,4
187163,187163,748652,1288,85,340,624.0,0.0,624.0,698,698,368.83529411764704,14,0,1000000,3000,4
187193,187193,748772,1289,30,120,251.0,0.0,251.0,314,314,156.1,7,0,1000000,3000,4
187226,187226,748904,1290,33,132,248.0,0.0,248.0,311,311,156.0,7,0,1000000,3000,4
187336,187336,749344,1291,110,440,739.0,0.0,739.0,818,818,485.3636363636364,17,0,1000000,3000,4
187421,187421,749684,1292,85,340,615.0,0.0,615.0,689,689,406.63529411764705,14,0,1000000,3000,4
187669,187669,750676,1293,248,992,1029.0,0.0,1029.0,1135,1135,673.1491935483871,23,0,1000000,3000,4
187707,187707,750828,1294,38,152,240.0,0.0,240.0,304,304,156.8684210526316,7,0,1000000,3000,4
187796,187796,751184,1295,89,356,650.0,0.0,650.0,722,723,356.6741573033708,15,0,1000000,3000,4
187897,187897,751588,1296,101,404,619.0,0.0,619.0,696,696,397.5049504950495,14,0,1000000,3000,4
187937,187937,751748,1297,40,160,234.0,0.0,234.0,298,298,160.625,6,0,1000000,3000,4
188105,188105,752420,1298,168,672,774.0,0.0,774.0,864,864,539.4285714285714,18,0,1000000,3000,4
188212,188212,752848,1299,107,428,600.0,0.0,600.0,678,678,389.5607476635514,14,0,1000000,3000,4
188244,188244,752976,1300,32,128,248.0,0.0,248.0,311,311,159.71875,7,0,1000000,3000,4
188289,188289,753156,1301,45,180,221.0,0.0,221.0,287,287,167.77777777777777,6,0,1000000,3000,4
188430,188430,753720,1302,141,564,815.0,0.0,815.0,898,898,588.9219858156029,18,0,1000000,3000,4
188463,188463,753852,1303,33,132,241.0,0.0,241.0,303,303,161.54545454545453,7,0,1000000,3000,4
188807,188807,755228,1304,344,1376,1306.0,0.0,1306.0,1432,1432,757.5494186046511,29,0,1000000,3000,4
189083,189083,756332,1305,276,1104,725.0,0.0,725.0,837,837,608.1340579710145,17,0,1000000,3000,4
189325,189325,757300,1306,242,968,795.0,0.0,795.0,898,898,607.0371900826447,18,0,1000000,3000,4
189429,189429,757716,1307,104,416,618.0,0.0,618.0,694,694,389.5673076923077,14,0,1000000,3000,4
189687,189687,758748,1308,258,1032,1019.0,0.0,1019.0,1126,1126,698.3798449612403,23,0,1000000,3000,4
189847,189847,759388,1309,160,640,1066.0,0.0,1066.0,1155,1155,608.41875,24,0,1000000,3000,4
189987,189987,759948,1310,140,560,715.0,0.0,715.0,799,799,485.4214285714286,16,0,1000000,3000,4
190190,190190,760760,1311,203,812,1128.0,0.0,1128.0,1226,1226,678.5862068965517,25,0,1000000,3000,4
190334,190334,761336,1312,144,576,1051.0,0.0,1051.0,1136,1136,582.5972222222222,23,0,1000000,3000,4
190436,190436,761744,1313,102,408,607.0,0.0,607.0,684,684,387.2843137254902,14,0,1000000,3000,4
190691,190691,762764,1314,255,1020,1413.0,0.0,1413.0,1521,1521,737.0235294117647,31,0,1000000,3000,4
190821,190821,763284,1315,130,520,587.0,0.0,587.0,670,670,374.5076923076923,14,0,1000000,3000,4
190998,190998,763992,1316,177,708,632.0,0.0,632.0,722,722,461.1073446327684,15,0,1000000,3000,4
191431,191431,765724,1317,433,1732,985.0,0.0,985.0,1126,1126,778.7806004618938,23,0,1000000,3000,4
191548,191548,766192,1318,117,468,612.0,0.0,612.0,691,691,363.1965811965812,14,0,1000000,3000,4
191607,191607,766428,1319,59,236,226.0,0.0,226.0,293,293,131.47457627118644,6,0,1000000,3000,4
191733,191733,766932,1320,126,504,590.0,0.0,590.0,672,672,391.3095238095238,14,0,1000000,3000,4
191839,191839,767356,1321,106,424,599.0,0.0,599.0,677,677,387.75471698113205,14,0,1000000,3000,4
192095,192095,768380,1322,256,1024,792.0,0.0,792.0,898,898,655.8359375,18,0,1000000,3000,4
192252,192252,769008,1323,157,628,765.0,0.0,765.0,853,853,530.5031847133758,18,0,1000000,3000,4
192287,192287,769148,1324,35,140,232.0,0.0,232.0,296,296,166.6,6,0,1000000,3000,4
192642,192642,770568,1325,355,1420,998.0,0.0,998.0,1123,1123,713.6619718309859,23,0,1000000,3000,4
192757,192757,771028,1326,115,460,620.0,0.0,620.0,700,700,365.7739130434783,15,0,1000000,3000,4
192933,192933,771732,1327,176,704,1037.0,0.0,1037.0,1128,1128,566.2556818181819,23,0,1000000,3000,4
193068,193068,772272,1328,135,540,640.0,0.0,640.0,722,722,519.1111111111111,15,0,1000000,3000,4
193111,193111,772444,1329,43,172,232.0,0.0,232.0,297,297,157.3953488372093,6,0,1000000,3000,4
193143,193143,772572,1330,32,128,247.0,0.0,247.0,311,311,156.96875,7,0,1000000,3000,4
193233,193233,772932,1331,90,360,617.0,0.0,617.0,693,693,337.52222222222224,14,0,1000000,3000,4
193539,193539,774156,1332,306,1224,1009.0,0.0,1009.0,1126,1126,734.3039215686274,23,0,1000000,3000,4
193581,193581,774324,1333,42,168,237.0,0.0,237.0,302,302,148.88095238095238,7,0,1000000,3000,4
193934,193934,775736,1334,353,1412,1284.0,0.0,1284.0,1411,1411,726.4022662889519,29,0,1000000,3000,4
193970,193970,775880,1335,36,144,244.0,0.0,244.0,308,308,155.33333333333334,7,0,1000000,3000,4
194399,194399,777596,1336,429,1716,996.0,0.0,996.0,1138,1138,702.8624708624709,23,0,1000000,3000,4
194624,194624,778496,1337,225,900,1306.0,0.0,1306.0,1408,1408,702.3066666666666,29,0,1000000,3000,4
194663,194663,778652,1338,39,156,240.0,0.0,240.0,305,305,150.33333333333334,7,0,1000000,3000,4
194703,194703,778812,1339,40,160,237.0,0.0,237.0,301,301,159.725,7,0,1000000,3000,4
194935,194935,779740,1340,232,928,1046.0,0.0,1046.0,1150,1150,657.0603448275862,24,0,1000000,3000,4
194977,194977,779908,1341,42,168,228.0,0.0,228.0,293,293,160.47619047619048,6,0,1000000,3000,4
195013,195013,780052,1342,36,144,248.0,0.0,248.0,312,312,142.05555555555554,7,0,1000000,3000,4
195304,195304,781216,1343,291,1164,1318.0,0.0,1318.0,1434,1434,713.446735395189,29,0,1000000,3000,4
195335,195335,781340,1344,31,124,249.0,0.0,249.0,313,313,152.48387096774192,7,0,1000000,3000,4
195420,195420,781680,1345,85,340,615.0,0.0,615.0,688,688,309.9529411764706,14,0,1000000,3000,4
195590,195590,782360,1346,170,680,1337.0,0.0,1337.0,1428,1428,740.0176470588235,29,0,1000000,3000,4
195792,195792,783168,1347,202,808,1030.0,0.0,1030.0,1125,1125,656.2722772277227,23,0,1000000,3000,4
196119,196119,784476,1348,327,1308,1120.0,0.0,1120.0,1242,1242,685.5045871559633,25,0,1000000,3000,4
196385,196385,785540,1349,266,1064,1014.0,0.0,1014.0,1122,1122,638.5563909774436,23,0,1000000,3000,4
196665,196665,786660,1350,280,1120,1015.0,0.0,1015.0,1125,1125,657.1178571428571,23,0,1000000,3000,4
196966,196966,787864,1351,301,1204,1393.0,0.0,1393.0,1510,1510,794.9202657807309,31,0,1000000,3000,4
197008,197008,788032,1352,42,168,237.0,0.0,237.0,303,303,143.54761904761904,7,0,1000000,3000,4
197224,197224,788896,1353,216,864,728.0,0.0,728.0,828,828,534.5972222222222,17,0,1000000,3000,4
197265,197265,789060,1354,41,164,226.0,0.0,226.0,290,290,166.0731707317073,6,0,1000000,3000,4
197499,197499,789996,1355,234,936,1128.0,0.0,1128.0,1229,1229,663.7393162393163,25,0,1000000,3000,4
197531,197531,790124,1356,32,128,239.0,0.0,239.0,303,303,163.375,7,0,1000000,3000,4
197722,197722,790888,1357,191,764,1032.0,0.0,1032.0,1126,1126,591.6439790575917,23,0,1000000,3000,4
197815,197815,791260,1358,93,372,623.0,0.0,623.0,699,699,367.83870967741933,14,0,1000000,3000,4
198017,198017,792068,1359,202,808,1032.0,0.0,1032.0,1128,1128,607.0643564356436,23,0,1000000,3000,4
198319,198319,793276,1360,302,1208,1013.0,0.0,1013.0,1129,1129,665.5894039735099,23,0,1000000,3000,4
198537,198537,794148,1361,218,872,1331.0,0.0,1331.0,1432,1432,711.1284403669724,29,0,1000000,3000,4
198938,198938,795752,1362,401,1604,991.0,0.0,991.0,1127,1127,670.5137157107232,23,0,1000000,3000,4
199102,199102,796408,1363,164,656,811.0,0.0,811.0,898,898,535.6341463414634,18,0,1000000,3000,4
199367,199367,797468,1364,265,1060,709.0,0.0,709.0,820,820,573.8603773584906,17,0,1000000,3000,4
199504,199504,798016,1365,137,548,586.0,0.0,586.0,670,670,378.04379562043795,14,0,1000000,3000,4
199651,199651,798604,1366,147,588,814.0,0.0,814.0,898,899,569.7551020408164,18,0,1000000,3000,4
199690,199690,798760,1367,39,156,233.0,0.0,233.0,297,297,156.33333333333334,6,0,1000000,3000,4
199722,199722,798888,1368,32,128,247.0,0.0,247.0,310,310,156.21875,7,0,1000000,3000,4
199763,199763,799052,1369,41,164,231.0,0.0,231.0,295,295,157.9268292682927,6,0,1000000,3000,4
200062,200062,800248,1370,299,1196,1685.0,0.0,1685.0,1801,1801,850.2374581939799,37,0,1000000,3000,4
200181,200181,800724,1371,119,476,632.0,0.0,632.0,713,713,360.3613445378151,15,0,1000000,3000,4
200471,200471,801884,1372,290,1160,1038.0,0.0,1038.0,1153,1153,676.3310344827586,24,0,1000000,3000,4
200518,200518,802072,1373,47,188,229.0,0.0,229.0,295,295,144.31914893617022,6,0,1000000,3000,4
200793,200793,803172,1374,275,1100,1014.0,0.0,1014.0,1123,1123,666.0,23,0,1000000,3000,4
200956,200956,803824,1375,163,652,1176.0,0.0,1176.0,1265,1265,663.0490797546013,26,0,1000000,3000,4
201061,201061,804244,1376,105,420,620.0,0.0,620.0,697,697,376.23809523809524,14,0,1000000,3000,4
201299,201299,805196,1377,238,952,1027.0,0.0,1027.0,1130,1130,614.6974789915967,23,0,1000000,3000,4
201703,201703,806812,1378,404,1616,2333.0,0.0,2333.0,2469,2469,1457.4925742574258,50,0,1000000,3000,4
201793,201793,807172,1379,90,360,613.0,0.0,613.0,687,687,323.1111111111111,14,0,1000000,3000,4
201827,201827,807308,1380,34,136,250.0,0.0,250.0,314,314,149.1764705882353,7,0,1000000,3000,4
202057,202057,808228,1381,230,920,1027.0,0.0,1027.0,1127,1127,643.2173913043479,23,0,1000000,3000,4
202171,202171,808684,1382,114,456,611.0,0.0,611.0,691,691,343.8070175438597,14,0,1000000,3000,4
202210,202210,808840,1383,39,156,237.0,0.0,237.0,300,300,152.3846153846154,7,0,1000000,3000,4
202431,202431,809724,1384,221,884,1302.0,0.0,1302.0,1403,1403,700.6153846153846,29,0,1000000,3000,4
202572,202572,810288,1385,141,564,1153.0,0.0,1153.0,1239,1239,632.7375886524823,25,0,1000000,3000,4
202607,202607,810428,1386,35,140,246.0,0.0,246.0,309,309,149.82857142857142,7,0,1000000,3000,4
202750,202750,811000,1387,143,572,714.0,0.0,714.0,798,798,492.94405594405595,16,0,1000000,3000,4
202782,202782,811128,1388,32,128,241.0,0.0,241.0,304,304,159.59375,7,0,1000000,3000,4
202848,202848,811392,1389,66,264,618.0,0.0,618.0,689,689,339.1666666666667,14,0,1000000,3000,4
202889,202889,811556,1390,41,164,241.0,0.0,241.0,307,307,146.1219512195122,7,0,1000000,3000,4
202921,202921,811684,1391,32,128,243.0,0.0,243.0,307,307,159.34375,7,0,1000000,3000,4
202953,202953,811812,1392,32,128,248.0,0.0,248.0,312,312,158.5625,7,0,1000000,3000,4
203163,203163,812652,1393,210,840,1422.0,0.0,1422.0,1521,1521,699.4285714285714,31,0,1000000,3000,4
203194,203194,812776,1394,31,124,244.0,0.0,244.0,308,308,157.0,7,0,1000000,3000,4
203410,203410,813640,1395,216,864,1679.0,0.0,1679.0,1779,1779,900.9861111111111,36,0,1000000,3000,4
203471,203471,813884,1396,61,244,610.0,0.0,610.0,680,680,338.88524590163934,14,0,1000000,3000,4
203680,203680,814720,1397,209,836,1028.0,0.0,1028.0,1125,1125,685.1004784688995,23,0,1000000,3000,4
203882,203882,815528,1398,202,808,1581.0,0.0,1581.0,1679,1679,784.3217821782179,34,0,1000000,3000,4
203912,203912,815648,1399,30,120,250.0,0.0,250.0,313,313,160.73333333333332,7,0,1000000,3000,4
204112,204112,816448,1400,200,800,1340.0,0.0,1340.0,1437,1437,721.28,29,0,1000000,3000,4
204147,204147,816588,1401,35,140,238.0,0.0,238.0,301,301,169.45714285714286,7,0,1000000,3000,4
204243,204243,816972,1402,96,384,627.0,0.0,627.0,704,704,394.9166666666667,15,0,1000000,3000,4
204331,204331,817324,1403,88,352,629.0,0.0,629.0,703,703,388.25,15,0,1000000,3000,4
204362,204362,817448,1404,31,124,247.0,0.0,247.0,311,311,157.83870967741936,7,0,1000000,3000,4
204435,204435,817740,1405,73,292,608.0,0.0,608.0,680,680,317.1232876712329,14,0,1000000,3000,4
204469,204469,817876,1406,34,136,237.0,0.0,237.0,300,300,169.55882352941177,7,0,1000000,3000,4
204502,204502,818008,1407,33,132,248.0,0.0,248.0,312,312,156.6969696969697,7,0,1000000,3000,4
204536,204536,818144,1408,34,136,245.0,0.0,245.0,307,307,161.73529411764707,7,0,1000000,3000,4
204613,204613,818452,1409,77,308,623.0,0.0,623.0,694,694,350.45454545454544,14,0,1000000,3000,4
204648,204648,818592,1410,35,140,237.0,0.0,237.0,300,300,162.4857142857143,7,0,1000000,3000,4
204683,204683,818732,1411,35,140,238.0,0.0,238.0,303,303,159.77142857142857,7,0,1000000,3000,4
204964,204964,819856,1412,281,1124,1841.0,0.0,1841.0,1954,1954,940.0142348754448,40,0,1000000,3000,4
205050,205050,820200,1413,86,344,622.0,0.0,622.0,696,696,345.83720930232556,14,0,1000000,3000,4
205146,205146,820584,1414,96,384,613.0,0.0,613.0,690,690,402.96875,14,0,1000000,3000,4
205234,205234,820936,1415,88,352,620.0,0.0,620.0,695,695,403.5,14,0,1000000,3000,4
205262,205262,821048,1416,28,112,247.0,0.0,247.0,310,310,155.78571428571428,7,0,1000000,3000,4
205374,205374,821496,1417,112,448,614.0,0.0,614.0,694,694,373.83035714285717,14,0,1000000,3000,4
205408,205408,821632,1418,34,136,236.0,0.0,236.0,300,300,168.55882352941177,7,0,1000000,3000,4
205486,205486,821944,1419,78,312,633.0,0.0,633.0,706,706,375.0128205128205,15,0,1000000,3000,4
205517,205517,822068,1420,31,124,245.0,0.0,245.0,309,309,157.3548387096774,7,0,1000000,3000,4
205553,205553,822212,1421,36,144,236.0,0.0,236.0,300,300,169.58333333333334,7,0,1000000,3000,4
205718,205718,822872,1422,165,660,1041.0,0.0,1041.0,1129,1129,568.9575757575758,23,0,1000000,3000,4
205870,205870,823480,1423,152,608,1051.0,0.0,1051.0,1137,1137,619.1578947368421,23,0,1000000,3000,4
205905,205905,823620,1424,35,140,246.0,0.0,246.0,309,309,151.9142857142857,7,0,1000000,3000,4
206111,206111,824444,1425,206,824,1335.0,0.0,1335.0,1434,1434,681.6067961165048,29,0,1000000,3000,4
206146,206146,824584,1426,35,140,237.0,0.0,237.0,299,299,167.28571428571428,6,0,1000000,3000,4
206177,206177,824708,1427,31,124,247.0,0.0,247.0,311,311,152.67741935483872,7,0,1000000,3000,4
206327,206327,825308,1428,150,600,1348.0,0.0,1348.0,1435,1435,740.9666666666667,29,0,1000000,3000,4
206357,206357,825428,1429,30,120,250.0,0.0,250.0,313,313,160.93333333333334,7,0,1000000,3000,4
206564,206564,826256,1430,207,828,1427.0,0.0,1427.0,1526,1526,732.3913043478261,31,0,1000000,3000,4
206689,206689,826756,1431,125,500,606.0,0.0,606.0,687,687,413.664,14,0,1000000,3000,4
206721,206721,826884,1432,32,128,246.0,0.0,246.0,309,309,156.0,7,0,1000000,3000,4
206750,206750,827000,1433,29,116,249.0,0.0,249.0,312,312,161.75862068965517,7,0,1000000,3000,4
206944,206944,827776,1434,194,776,1032.0,0.0,1032.0,1126,1126,645.3505154639175,23,0,1000000,3000,4
207140,207140,828560,1435,196,784,1044.0,0.0,1044.0,1140,1140,624.8163265306123,23,0,1000000,3000,4
207175,207175,828700,1436,35,140,235.0,0.0,235.0,300,300,155.22857142857143,7,0,1000000,3000,4
207268,207268,829072,1437,93,372,617.0,0.0,617.0,692,692,378.3763440860215,14,0,1000000,3000,4
207425,207425,829700,1438,157,628,1042.0,0.0,1042.0,1129,1129,563.3821656050956,23,0,1000000,3000,4
207505,207505,830020,1439,80,320,635.0,0.0,635.0,708,708,366.0625,15,0,1000000,3000,4
207708,207708,830832,1440,203,812,1564.0,0.0,1564.0,1661,1661,857.2857142857143,34,0,1000000,3000,4
207747,207747,830988,1441,39,156,235.0,0.0,235.0,298,298,164.15384615384616,6,0,1000000,3000,4
207951,207951,831804,1442,204,816,1041.0,0.0,1041.0,1138,1138,618.75,23,0,1000000,3000,4
208051,208051,832204,1443,100,400,615.0,0.0,615.0,692,692,389.04,14,0,1000000,3000,4
208249,208249,832996,1444,198,792,730.0,0.0,730.0,826,826,579.0808080808081,17,0,1000000,3000,4
208344,208344,833376,1445,95,380,624.0,0.0,624.0,700,700,387.63157894736844,15,0,1000000,3000,4
208445,208445,833780,1446,101,404,613.0,0.0,613.0,691,691,386.2277227722772,14,0,1000000,3000,4
208483,208483,833932,1447,38,152,233.0,0.0,233.0,298,298,168.92105263157896,6,0,1000000,3000,4
208621,208621,834484,1448,138,552,1067.0,0.0,1067.0,1152,1152,551.4347826086956,24,0,1000000,3000,4
208775,208775,835100,1449,154,616,637.0,0.0,637.0,722,722,477.07142857142856,15,0,1000000,3000,4
208806,208806,835224,1450,31,124,243.0,0.0,243.0,307,307,155.25806451612902,7,0,1000000,3000,4
208837,208837,835348,1451,31,124,245.0,0.0,245.0,308,308,157.3548387096774,7,0,1000000,3000,4
208875,208875,835500,1452,38,152,234.0,0.0,234.0,297,297,170.44736842105263,6,0,1000000,3000,4
208911,208911,835644,1453,36,144,239.0,0.0,239.0,304,304,157.72222222222223,7,0,1000000,3000,4
209103,209103,836412,1454,192,768,1033.0,0.0,1033.0,1127,1127,630.7916666666666,23,0,1000000,3000,4
209275,209275,837100,1455,172,688,1327.0,0.0,1327.0,1417,1417,689.4302325581396,29,0,1000000,3000,4
209311,209311,837244,1456,36,144,236.0,0.0,236.0,301,301,163.97222222222223,7,0,1000000,3000,4
209344,209344,837376,1457,33,132,244.0,0.0,244.0,308,308,162.15151515151516,7,0,1000000,3000,4
209486,209486,837944,1458,142,568,1044.0,0.0,1044.0,1128,1128,545.2323943661971,23,0,1000000,3000,4
209596,209596,838384,1459,110,440,597.0,0.0,597.0,676,676,414.3272727272727,14,0,1000000,3000,4
209630,209630,838520,1460,34,136,252.0,0.0,252.0,316,316,152.23529411764707,7,0,1000000,3000,4
209797,209797,839188,1461,167,668,1048.0,0.0,1048.0,1138,1138,629.5329341317365,23,0,1000000,3000,4
209893,209893,839572,1462,96,384,648.0,0.0,648.0,722,722,366.0208333333333,15,0,1000000,3000,4
209925,209925,839700,1463,32,128,245.0,0.0,245.0,308,308,152.3125,7,0,1000000,3000,4
209959,209959,839836,1464,34,136,241.0,0.0,241.0,304,304,162.76470588235293,7,0,1000000,3000,4
209997,209997,839988,1465,38,152,233.0,0.0,233.0,298,298,162.55263157894737,6,0,1000000,3000,4
210078,210078,840312,1466,81,324,609.0,0.0,609.0,683,683,341.8641975308642,14,0,1000000,3000,4
210278,210278,841112,1467,200,800,1040.0,0.0,1040.0,1137,1137,610.81,23,0,1000000,3000,4
210308,210308,841232,1468,30,120,250.0,0.0,250.0,313,313,156.03333333333333,7,0,1000000,3000,4
210411,210411,841644,1469,103,412,605.0,0.0,605.0,683,683,392.6796116504854,14,0,1000000,3000,4
210443,210443,841772,1470,32,128,240.0,0.0,240.0,303,303,160.28125,7,0,1000000,3000,4
210534,210534,842136,1471,91,364,605.0,0.0,605.0,680,680,408.31868131868134,14,0,1000000,3000,4
210574,210574,842296,1472,40,160,234.0,0.0,234.0,298,298,158.775,6,0,1000000,3000,4
210676,210676,842704,1473,102,408,618.0,0.0,618.0,695,695,355.65686274509807,14,0,1000000,3000,4
210711,210711,842844,1474,35,140,237.0,0.0,237.0,301,301,160.74285714285713,7,0,1000000,3000,4
210751,210751,843004,1475,40,160,238.0,0.0,238.0,302,302,161.575,7,0,1000000,3000,4
211011,211011,844044,1476,260,1040,1679.0,0.0,1679.0,1786,1786,874.3576923076923,36,0,1000000,3000,4
211130,211130,844520,1477,119,476,771.0,0.0,771.0,851,851,516.0084033613446,18,0,1000000,3000,4
211272,211272,845088,1478,142,568,639.0,0.0,639.0,722,722,485.7676056338028,15,0,1000000,3000,4
211314,211314,845256,1479,42,168,243.0,0.0,243.0,308,308,141.4047619047619,7,0,1000000,3000,4
211599,211599,846396,1480,285,1140,1836.0,0.0,1836.0,1949,1949,1039.038596491228,39,0,1000000,3000,4
211641,211641,846564,1481,42,168,222.0,0.0,222.0,287,287,170.8095238095238,6,0,1000000,3000,4
211681,211681,846724,1482,40,160,238.0,0.0,238.0,303,303,149.0,7,0,1000000,3000,4
211783,211783,847132,1483,102,408,604.0,0.0,604.0,681,681,388.4901960784314,14,0,1000000,3000,4
211823,211823,847292,1484,40,160,230.0,0.0,230.0,295,295,163.275,6,0,1000000,3000,4
212102,212102,848408,1485,279,1116,1301.0,0.0,1301.0,1412,1412,681.9390681003584,29,0,1000000,3000,4
212358,212358,849432,1486,256,1024,1299.0,0.0,1299.0,1407,1407,680.45703125,29,0,1000000,3000,4
212401,212401,849604,1487,43,172,231.0,0.0,231.0,296,296,156.48837209302326,6,0,1000000,3000,4
212649,212649,850596,1488,248,992,1022.0,0.0,1022.0,1127,1127,618.1854838709677,23,0,1000000,3000,4
213465,213465,853860,1489,816,3264,1446.0,0.0,1446.0,1666,1666,861.3112745098039,34,0,1000000,3000,4
213509,213509,854036,1490,44,176,223.0,0.0,223.0,288,288,162.04545454545453,6,0,1000000,3000,4
214099,214099,856396,1491,590,2360,3004.0,0.0,3004.0,3161,3161,1498.2525423728814,64,0,1000000,3000,4
214130,214130,856520,1492,31,124,248.0,0.0,248.0,312,312,147.93548387096774,7,0,1000000,3000,4
214290,214290,857160,1493,160,640,635.0,0.0,635.0,722,722,471.7875,15,0,1000000,3000,4
214335,214335,857340,1494,45,180,230.0,0.0,230.0,296,296,154.53333333333333,6,0,1000000,3000,4
214425,214425,857700,1495,90,360,637.0,0.0,637.0,712,712,360.1222222222222,15,0,1000000,3000,4
214754,214754,859016,1496,329,1316,1392.0,0.0,1392.0,1514,1514,720.2857142857143,31,0,1000000,3000,4
214795,214795,859180,1497,41,164,246.0,0.0,246.0,312,312,133.609756097561,7,0,1000000,3000,4
214956,214956,859824,1498,161,644,635.0,0.0,635.0,722,722,481.1925465838509,15,0,1000000,3000,4
214996,214996,859984,1499,40,160,246.0,0.0,246.0,311,311,141.8,7,0,1000000,3000,4
215147,215147,860588,1500,151,604,591.0,0.0,591.0,679,679,443.96026490066225,14,0,1000000,3000,4
215360,215360,861440,1501,213,852,1317.0,0.0,1317.0,1415,1415,716.887323943662,29,0,1000000,3000,4
215546,215546,862184,1502,186,744,806.0,0.0,806.0,898,898,573.241935483871,18,0,1000000,3000,4
215710,215710,862840,1503,164,656,764.0,0.0,764.0,853,853,528.4817073170732,18,0,1000000,3000,4
215807,215807,863228,1504,97,388,598.0,0.0,598.0,675,675,411.2371134020619,14,0,1000000,3000,4
215955,215955,863820,1505,148,592,814.0,0.0,814.0,898,898,550.8445945945946,18,0,1000000,3000,4
215997,215997,863988,1506,42,168,236.0,0.0,236.0,301,301,150.76190476190476,7,0,1000000,3000,4
216035,216035,864140,1507,38,152,242.0,0.0,242.0,306,306,144.10526315789474,7,0,1000000,3000,4
216311,216311,865244,1508,276,1104,1021.0,0.0,1021.0,1132,1132,681.9927536231884,23,0,1000000,3000,4
216383,216383,865532,1509,72,288,609.0,0.0,609.0,681,681,318.05555555555554,14,0,1000000,3000,4
216568,216568,866272,1510,185,740,1432.0,0.0,1432.0,1525,1525,778.3783783783783,31,0,1000000,3000,4
216666,216666,866664,1511,98,392,600.0,0.0,600.0,676,676,397.8061224489796,14,0,1000000,3000,4
216711,216711,866844,1512,45,180,226.0,0.0,226.0,291,291,163.0,6,0,1000000,3000,4
217108,217108,868432,1513,397,1588,990.0,0.0,990.0,1124,1124,781.2493702770781,23,0,1000000,3000,4
217261,217261,869044,1514,153,612,637.0,0.0,637.0,722,722,486.9934640522876,15,0,1000000,3000,4
217352,217352,869408,1515,91,364,626.0,0.0,626.0,702,702,364.5934065934066,15,0,1000000,3000,4
217427,217427,869708,1516,75,300,608.0,0.0,608.0,680,680,319.32,14,0,1000000,3000,4
217692,217692,870768,1517,265,1060,1016.0,0.0,1016.0,1123,1123,626.5433962264151,23,0,1000000,3000,4
217727,217727,870908,1518,35,140,246.0,0.0,246.0,310,310,147.9142857142857,7,0,1000000,3000,4
218005,218005,872020,1519,278,1112,1014.0,0.0,1014.0,1124,1124,701.0863309352518,23,0,1000000,3000,4
218182,218182,872728,1520,177,708,1046.0,0.0,1046.0,1138,1138,576.5593220338983,23,0,1000000,3000,4
218575,218575,874300,1521,393,1572,1291.0,0.0,1291.0,1427,1427,777.6386768447837,29,0,1000000,3000,4
218889,218889,875556,1522,314,1256,1104.0,0.0,1104.0,1222,1222,755.1337579617834,25,0,1000000,3000,4
219100,219100,876400,1523,211,844,769.0,0.0,769.0,868,868,519.2654028436019,18,0,1000000,3000,4
219132,219132,876528,1524,32,128,244.0,0.0,244.0,308,308,154.03125,7,0,1000000,3000,4
219236,219236,876944,1525,104,416,628.0,0.0,628.0,704,704,357.4807692307692,15,0,1000000,3000,4
219423,219423,877692,1526,187,748,740.0,0.0,740.0,834,834,525.3689839572193,17,0,1000000,3000,4
219460,219460,877840,1527,37,148,238.0,0.0,238.0,302,302,154.43243243243242,7,0,1000000,3000,4
219632,219632,878528,1528,172,688,809.0,0.0,809.0,898,900,549.8720930232558,19,0,1000000,3000,4
219811,219811,879244,1529,179,716,1433.0,0.0,1433.0,1525,1525,692.3687150837989,31,0,1000000,3000,4
220077,220077,880308,1530,266,1064,1399.0,0.0,1399.0,1508,1508,701.2518796992481,31,0,1000000,3000,4
220264,220264,881056,1531,187,748,1032.0,0.0,1032.0,1125,1125,607.4812834224599,23,0,1000000,3000,4
220445,220445,881780,1532,181,724,780.0,0.0,780.0,873,873,519.9613259668508,18,0,1000000,3000,4
220510,220510,882040,1533,65,260,605.0,0.0,605.0,675,675,314.33846153846156,14,0,1000000,3000,4
220593,220593,882372,1534,83,332,607.0,0.0,607.0,681,681,325.32530120481925,14,0,1000000,3000,4
220794,220794,883176,1535,201,804,803.0,0.0,803.0,898,898,566.4875621890548,18,0,1000000,3000,4
220832,220832,883328,1536,38,152,239.0,0.0,239.0,304,304,159.26315789473685,7,0,1000000,3000,4
220867,220867,883468,1537,35,140,237.0,0.0,237.0,300,300,170.22857142857143,7,0,1000000,3000,4
221117,221117,884468,1538,250,1000,1310.0,0.0,1310.0,1415,1415,769.892,29,0,1000000,3000,4
221190,221190,884760,1539,73,292,628.0,0.0,628.0,700,700,351.6986301369863,15,0,1000000,3000,4
221257,221257,885028,1540,67,268,607.0,0.0,607.0,678,678,315.02985074626866,14,0,1000000,3000,4
221473,221473,885892,1541,216,864,1028.0,0.0,1028.0,1127,1127,682.0416666666666,23,0,1000000,3000,4
221729,221729,886916,1542,256,1024,1330.0,0.0,1330.0,1439,1439,708.7265625,29,0,1000000,3000,4
221766,221766,887064,1543,37,148,244.0,0.0,244.0,309,309,140.43243243243242,7,0,1000000,3000,4
222013,222013,888052,1544,247,988,1020.0,0.0,1020.0,1125,1125,757.6558704453441,23,0,1000000,3000,4
222141,222141,888564,1545,128,512,1043.0,0.0,1043.0,1124,1124,537.5703125,23,0,1000000,3000,4
222277,222277,889108,1546,136,544,742.0,0.0,742.0,826,826,518.1544117647059,17,0,1000000,3000,4
222379,222379,889516,1547,102,408,610.0,0.0,610.0,687,687,382.79411764705884,14,0,1000000,3000,4
222417,222417,889668,1548,38,152,245.0,0.0,245.0,309,309,135.02631578947367,7,0,1000000,3000,4
222458,222458,889832,1549,41,164,231.0,0.0,231.0,297,297,160.73170731707316,6,0,1000000,3000,4
222576,222576,890304,1550,118,472,1049.0,0.0,1049.0,1128,1128,617.957627118644,23,0,1000000,3000,4
222609,222609,890436,1551,33,132,250.0,0.0,250.0,314,314,146.27272727272728,7,0,1000000,3000,4
222650,222650,890600,1552,41,164,238.0,0.0,238.0,303,303,153.02439024390245,7,0,1000000,3000,4
222729,222729,890916,1553,79,316,640.0,0.0,640.0,712,712,388.8481012658228,15,0,1000000,3000,4
222919,222919,891676,1554,190,760,1032.0,0.0,1032.0,1126,1126,647.0105263157894,23,0,1000000,3000,4
223100,223100,892400,1555,181,724,1042.0,0.0,1042.0,1135,1135,591.4806629834254,23,0,1000000,3000,4
223270,223270,893080,1556,170,680,768.0,0.0,768.0,859,859,533.8529411764706,18,0,1000000,3000,4
223391,223391,893564,1557,121,484,610.0,0.0,610.0,691,691,361.4793388429752,14,0,1000000,3000,4
223635,223635,894540,1558,244,976,1325.0,0.0,1325.0,1431,1431,755.8073770491803,29,0,1000000,3000,4
223669,223669,894676,1559,34,136,249.0,0.0,249.0,312,312,147.52941176470588,7,0,1000000,3000,4
223910,223910,895640,1560,241,964,1826.0,0.0,1826.0,1930,1930,1010.4896265560166,39,0,1000000,3000,4
224158,224158,896632,1561,248,992,1021.0,0.0,1021.0,1125,1125,701.5241935483871,23,0,1000000,3000,4
224337,224337,897348,1562,179,716,742.0,0.0,742.0,835,835,474.731843575419,17,0,1000000,3000,4
224431,224431,897724,1563,94,376,592.0,0.0,592.0,666,666,418.5744680851064,14,0,1000000,3000,4
224514,224514,898056,1564,83,332,637.0,0.0,637.0,711,711,358.5903614457831,15,0,1000000,3000,4
224614,224614,898456,1565,100,400,604.0,0.0,604.0,680,680,403.61,14,0,1000000,3000,4
224868,224868,899472,1566,254,1016,1303.0,0.0,1303.0,1410,1410,712.3858267716536,29,0,1000000,3000,4
224900,224900,899600,1567,32,128,248.0,0.0,248.0,311,311,151.75,7,0,1000000,3000,4
225056,225056,900224,1568,156,624,755.0,0.0,755.0,842,842,507.37179487179486,17,0,1000000,3000,4
225294,225294,901176,1569,238,952,1311.0,0.0,1311.0,1414,1414,710.9663865546219,29,0,1000000,3000,4
225328,225328,901312,1570,34,136,246.0,0.0,246.0,309,309,156.11764705882354,7,0,1000000,3000,4
225497,225497,901988,1571,169,676,1037.0,0.0,1037.0,1125,1125,623.6686390532544,23,0,1000000,3000,4
225691,225691,902764,1572,194,776,1032.0,0.0,1032.0,1125,1125,641.1185567010309,23,0,1000000,3000,4
225722,225722,902888,1573,31,124,245.0,0.0,245.0,309,309,152.09677419354838,7,0,1000000,3000,4
225805,225805,903220,1574,83,332,630.0,0.0,630.0,704,704,377.09638554216866,15,0,1000000,3000,4
225888,225888,903552,1575,83,332,625.0,0.0,625.0,699,699,368.7590361445783,14,0,1000000,3000,4
225925,225925,903700,1576,37,148,239.0,0.0,239.0,304,304,156.24324324324326,7,0,1000000,3000,4
226025,226025,904100,1577,100,400,622.0,0.0,622.0,699,699,377.8,14,0,1000000,3000,4
226313,226313,905252,1578,288,1152,1301.0,0.0,1301.0,1415,1415,752.9270833333334,29,0,1000000,3000,4
226429,226429,905716,1579,116,464,603.0,0.0,603.0,684,684,364.61206896551727,14,0,1000000,3000,4
226591,226591,906364,1580,162,648,1048.0,0.0,1048.0,1136,1136,626.641975308642,23,0,1000000,3000,4
226667,226667,906668,1581,76,304,633.0,0.0,633.0,706,706,366.14473684210526,15,0,1000000,3000,4
226867,226867,907468,1582,200,800,1426.0,0.0,1426.0,1523,1523,716.29,31,0,1000000,3000,4
227137,227137,908548,1583,270,1080,1683.0,0.0,1683.0,1795,1795,845.562962962963,36,0,1000000,3000,4
227288,227288,909152,1584,151,604,1050.0,0.0,1050.0,1137,1137,610.2119205298013,23,0,1000000,3000,4
227362,227362,909448,1585,74,296,613.0,0.0,613.0,684,684,338.2432432432432,14,0,1000000,3000,4
227491,227491,909964,1586,129,516,1070.0,0.0,1070.0,1153,1153,557.3953488372093,24,0,1000000,3000,4
227521,227521,910084,1587,30,120,248.0,0.0,248.0,311,311,151.8,7,0,1000000,3000,4
227708,227708,910832,1588,187,748,1035.0,0.0,1035.0,1128,1128,691.8877005347593,23,0,1000000,3000,4
227834,227834,911336,1589,126,504,761.0,0.0,761.0,843,843,500.35714285714283,17,0,1000000,3000,4
227869,227869,911476,1590,35,140,245.0,0.0,245.0,310,310,150.65714285714284,7,0,1000000,3000,4
227909,227909,911636,1591,40,160,235.0,0.0,235.0,300,300,161.2,7,0,1000000,3000,4
227943,227943,911772,1592,34,136,244.0,0.0,244.0,307,307,158.38235294117646,7,0,1000000,3000,4
227981,227981,911924,1593,38,152,226.0,0.0,226.0,291,291,170.18421052631578,6,0,1000000,3000,4
228061,228061,912244,1594,80,320,608.0,0.0,608.0,682,682,319.2625,14,0,1000000,3000,4
228371,228371,913484,1595,310,1240,1290.0,0.0,1290.0,1407,1407,741.6677419354838,29,0,1000000,3000,4
228406,228406,913624,1596,35,140,238.0,0.0,238.0,302,302,158.85714285714286,7,0,1000000,3000,4
228473,228473,913892,1597,67,268,608.0,0.0,608.0,679,679,325.8358208955224,14,0,1000000,3000,4
228502,228502,914008,1598,29,116,249.0,0.0,249.0,311,311,153.93103448275863,7,0,1000000,3000,4
228585,228585,914340,1599,83,332,614.0,0.0,614.0,688,688,359.1927710843373,14,0,1000000,3000,4
228755,228755,915020,1600,170,680,1343.0,0.0,1343.0,1435,1435,727.1588235294117,29,0,1000000,3000,4
228931,228931,915724,1601,176,704,808.0,0.0,808.0,898,898,562.2102272727273,18,0,1000000,3000,4
228966,228966,915864,1602,35,140,236.0,0.0,236.0,300,300,163.2,7,0,1000000,3000,4
229003,229003,916012,1603,37,148,239.0,0.0,239.0,303,303,156.97297297297297,7,0,1000000,3000,4
229077,229077,916308,1604,74,296,607.0,0.0,607.0,679,679,322.5135135135135,14,0,1000000,3000,4
229118,229118,916472,1605,41,164,233.0,0.0,233.0,298,298,158.85365853658536,6,0,1000000,3000,4
229204,229204,916816,1606,86,344,616.0,0.0,616.0,691,691,354.56976744186045,14,0,1000000,3000,4
229232,229232,916928,1607,28,112,247.0,0.0,247.0,310,310,155.60714285714286,7,0,1000000,3000,4
229329,229329,917316,1608,97,388,619.0,0.0,619.0,695,695,392.70103092783506,14,0,1000000,3000,4
229361,229361,917444,1609,32,128,241.0,0.0,241.0,304,304,164.03125,7,0,1000000,3000,4
229586,229586,918344,1610,225,900,1037.0,0.0,1037.0,1137,1137,666.2444444444444,23,0,1000000,3000,4
229671,229671,918684,1611,85,340,634.0,0.0,634.0,708,708,371.49411764705883,15,0,1000000,3000,4
229870,229870,919480,1612,199,796,1424.0,0.0,1424.0,1520,1520,733.4120603015075,31,0,1000000,3000,4
229917,229917,919668,1613,47,188,216.0,0.0,216.0,282,282,168.17021276595744,6,0,1000000,3000,4
230002,230002,920008,1614,85,340,616.0,0.0,616.0,690,690,346.67058823529413,14,0,1000000,3000,4
230240,230240,920960,1615,238,952,1329.0,0.0,1329.0,1434,1434,757.3991596638656,29,0,1000000,3000,4
230410,230410,921640,1616,170,680,1155.0,0.0,1155.0,1245,1245,649.6176470588235,25,0,1000000,3000,4
230504,230504,922016,1617,94,376,617.0,0.0,617.0,693,693,357.29787234042556,14,0,1000000,3000,4
230590,230590,922360,1618,86,344,629.0,0.0,629.0,703,703,400.5581395348837,15,0,1000000,3000,4
230622,230622,922488,1619,32,128,249.0,0.0,249.0,313,313,159.25,7,0,1000000,3000,4
230652,230652,922608,1620,30,120,245.0,0.0,245.0,309,309,156.3,7,0,1000000,3000,4
230682,230682,922728,1621,30,120,249.0,0.0,249.0,312,312,156.63333333333333,7,0,1000000,3000,4
230906,230906,923624,1622,224,896,1683.0,0.0,1683.0,1783,1783,894.3794642857143,36,0,1000000,3000,4
230935,230935,923740,1623,29,116,251.0,0.0,251.0,314,314,155.06896551724137,7,0,1000000,3000,4
230974,230974,923896,1624,39,156,236.0,0.0,236.0,301,301,153.89743589743588,7,0,1000000,3000,4
231249,231249,924996,1625,275,1100,1404.0,0.0,1404.0,1517,1517,721.72,31,0,1000000,3000,4
231441,231441,925764,1626,192,768,1034.0,0.0,1034.0,1128,1128,615.5208333333334,23,0,1000000,3000,4
231529,231529,926116,1627,88,352,632.0,0.0,632.0,707,707,376.8068181818182,15,0,1000000,3000,4
231780,231780,927120,1628,251,1004,766.0,0.0,766.0,874,874,610.7649402390439,18,0,1000000,3000,4
231990,231990,927960,1629,210,840,717.0,0.0,717.0,815,815,550.3571428571429,17,0,1000000,3000,4
232031,232031,928124,1630,41,164,233.0,0.0,233.0,299,299,147.8780487804878,6,0,1000000,3000,4
232068,232068,928272,1631,37,148,230.0,0.0,230.0,294,294,166.64864864864865,6,0,1000000,3000,4
232208,232208,928832,1632,140,560,742.0,0.0,742.0,826,826,508.62142857142857,17,0,1000000,3000,4
232290,232290,929160,1633,82,328,626.0,0.0,626.0,699,699,398.4146341463415,14,0,1000000,3000,4
232461,232461,929844,1634,171,684,1332.0,0.0,1332.0,1424,1424,709.0292397660819,29,0,1000000,3000,4
232504,232504,930016,1635,43,172,222.0,0.0,222.0,287,287,165.62790697674419,6,0,1000000,3000,4
232542,232542,930168,1636,38,152,234.0,0.0,234.0,298,298,161.21052631578948,6,0,1000000,3000,4
232632,232632,930528,1637,90,360,634.0,0.0,634.0,710,710,359.14444444444445,15,0,1000000,3000,4
232814,232814,931256,1638,182,728,1037.0,0.0,1037.0,1129,1129,593.4835164835165,23,0,1000000,3000,4
232849,232849,931396,1639,35,140,237.0,0.0,237.0,300,300,161.77142857142857,7,0,1000000,3000,4
232878,232878,931512,1640,29,116,250.0,0.0,250.0,313,313,159.55172413793105,7,0,1000000,3000,4
232908,232908,931632,1641,30,120,247.0,0.0,247.0,310,310,158.9,7,0,1000000,3000,4
232946,232946,931784,1642,38,152,238.0,0.0,238.0,303,303,155.28947368421052,7,0,1000000,3000,4
232983,232983,931932,1643,37,148,236.0,0.0,236.0,300,300,167.40540540540542,7,0,1000000,3000,4
233012,233012,932048,1644,29,116,249.0,0.0,249.0,312,312,159.48275862068965,7,0,1000000,3000,4
233043,233043,932172,1645,31,124,248.0,0.0,248.0,312,312,152.25806451612902,7,0,1000000,3000,4
233072,233072,932288,1646,29,116,249.0,0.0,249.0,311,311,160.79310344827587,7,0,1000000,3000,4
233106,233106,932424,1647,34,136,243.0,0.0,243.0,306,306,158.1764705882353,7,0,1000000,3000,4
233140,233140,932560,1648,34,136,234.0,0.0,234.0,298,298,164.47058823529412,6,0,1000000,3000,4
233282,233282,933128,1649,142,568,815.0,0.0,815.0,898,898,529.5281690140845,18,0,1000000,3000,4
233312,233312,933248,1650,30,120,248.0,0.0,248.0,311,311,154.86666666666667,7,0,1000000,3000,4
233431,233431,933724,1651,119,476,616.0,0.0,616.0,697,697,388.1344537815126,14,0,1000000,3000,4
233465,233465,933860,1652,34,136,249.0,0.0,249.0,313,313,152.05882352941177,7,0,1000000,3000,4
233552,233552,934208,1653,87,348,632.0,0.0,632.0,706,706,370.67816091954023,15,0,1000000,3000,4
233697,233697,934788,1654,145,580,1041.0,0.0,1041.0,1124,1124,613.0275862068966,23,0,1000000,3000,4
233917,233917,935668,1655,220,880,1027.0,0.0,1027.0,1126,1126,633.55,23,0,1000000,3000,4
233950,233950,935800,1656,33,132,251.0,0.0,251.0,313,313,147.12121212121212,7,0,1000000,3000,4
233990,233990,935960,1657,40,160,238.0,0.0,238.0,303,303,162.225,7,0,1000000,3000,4
234071,234071,936284,1658,81,324,623.0,0.0,623.0,695,695,367.69135802469134,14,0,1000000,3000,4
234156,234156,936624,1659,85,340,616.0,0.0,616.0,690,690,343.7647058823529,14,0,1000000,3000,4
234196,234196,936784,1660,40,160,235.0,0.0,235.0,298,298,164.275,6,0,1000000,3000,4
234233,234233,936932,1661,37,148,245.0,0.0,245.0,310,310,149.32432432432432,7,0,1000000,3000,4
234421,234421,937684,1662,188,752,1044.0,0.0,1044.0,1138,1138,672.7765957446809,23,0,1000000,3000,4
234642,234642,938568,1663,221,884,1684.0,0.0,1684.0,1783,1783,921.420814479638,36,0,1000000,3000,4
234776,234776,939104,1664,134,536,1044.0,0.0,1044.0,1125,1125,592.0074626865671,23,0,1000000,3000,4
234850,234850,939400,1665,74,296,610.0,0.0,610.0,681,681,342.0810810810811,14,0,1000000,3000,4
235128,235128,940512,1666,278,1112,1303.0,0.0,1303.0,1413,1413,709.7086330935252,29,0,1000000,3000,4
235302,235302,941208,1667,174,696,1046.0,0.0,1046.0,1137,1137,672.2988505747127,23,0,1000000,3000,4
235381,235381,941524,1668,79,316,620.0,0.0,620.0,693,693,359.0759493670886,14,0,1000000,3000,4
235450,235450,941800,1669,69,276,606.0,0.0,606.0,677,677,320.9130434782609,14,0,1000000,3000,4
235724,235724,942896,1670,274,1096,1556.0,0.0,1556.0,1667,1667,790.7846715328467,34,0,1000000,3000,4
235827,235827,943308,1671,103,412,631.0,0.0,631.0,708,708,375.45631067961165,15,0,1000000,3000,4
235994,235994,943976,1672,167,668,1035.0,0.0,1035.0,1124,1124,591.1197604790419,23,0,1000000,3000,4
236088,236088,944352,1673,94,376,616.0,0.0,616.0,690,690,382.0531914893617,14,0,1000000,3000,4
236126,236126,944504,1674,38,152,239.0,0.0,239.0,302,302,155.6315789473684,7,0,1000000,3000,4
236160,236160,944640,1675,34,136,251.0,0.0,251.0,314,314,146.97058823529412,7,0,1000000,3000,4
236328,236328,945312,1676,168,672,810.0,0.0,810.0,898,899,591.5059523809524,18,0,1000000,3000,4
236430,236430,945720,1677,102,408,620.0,0.0,620.0,697,697,364.37254901960785,14,0,1000000,3000,4
236509,236509,946036,1678,79,316,621.0,0.0,621.0,693,693,324.82278481012656,14,0,1000000,3000,4
236715,236715,946860,1679,206,824,1028.0,0.0,1028.0,1124,1124,632.1650485436893,23,0,1000000,3000,4
236761,236761,947044,1680,46,184,225.0,0.0,225.0,292,292,161.7391304347826,6,0,1000000,3000,4
236797,236797,947188,1681,36,144,242.0,0.0,242.0,307,307,149.44444444444446,7,0,1000000,3000,4
236888,236888,947552,1682,91,364,607.0,0.0,607.0,681,681,328.989010989011,14,0,1000000,3000,4
236984,236984,947936,1683,96,384,629.0,0.0,629.0,706,706,356.0208333333333,15,0,1000000,3000,4
237103,237103,948412,1684,119,476,587.0,0.0,587.0,667,667,403.93277310924367,14,0,1000000,3000,4
237201,237201,948804,1685,98,392,611.0,0.0,611.0,688,688,393.1938775510204,14,0,1000000,3000,4
237246,237246,948984,1686,45,180,231.0,0.0,231.0,296,296,152.6,6,0,1000000,3000,4
237460,237460,949840,1687,214,856,1571.0,0.0,1571.0,1671,1671,765.4205607476636,34,0,1000000,3000,4
237501,237501,950004,1688,41,164,233.0,0.0,233.0,299,299,163.73170731707316,6,0,1000000,3000,4
237653,237653,950612,1689,152,608,734.0,0.0,734.0,821,821,471.30263157894734,17,0,1000000,3000,4
237836,237836,951344,1690,183,732,744.0,0.0,744.0,837,837,485.4754098360656,17,0,1000000,3000,4
238008,238008,952032,1691,172,688,1033.0,0.0,1033.0,1123,1123,563.9883720930233,23,0,1000000,3000,4
238039,238039,952156,1692,31,124,250.0,0.0,250.0,314,314,154.48387096774192,7,0,1000000,3000,4
238310,238310,953240,1693,271,1084,1019.0,0.0,1019.0,1129,1129,716.2619926199262,23,0,1000000,3000,4
238480,238480,953920,1694,170,680,1051.0,0.0,1051.0,1141,1141,626.9,23,0,1000000,3000,4
238760,238760,955040,1695,280,1120,1319.0,0.0,1319.0,1433,1433,719.4642857142857,29,0,1000000,3000,4
238797,238797,955188,1696,37,148,244.0,0.0,244.0,308,308,151.6216216216216,7,0,1000000,3000,4
238883,238883,955532,1697,86,344,620.0,0.0,620.0,695,695,393.5232558139535,14,0,1000000,3000,4
239097,239097,956388,1698,214,856,1031.0,0.0,1031.0,1129,1129,647.7897196261682,23,0,1000000,3000,4
239193,239193,956772,1699,96,384,607.0,0.0,607.0,683,683,360.5416666666667,14,0,1000000,3000,4
239414,239414,957656,1700,221,884,1130.0,0.0,1130.0,1231,1231,688.1900452488687,25,0,1000000,3000,4
239449,239449,957796,1701,35,140,236.0,0.0,236.0,301,301,159.6,7,0,1000000,3000,4
239513,239513,958052,1702,64,256,610.0,0.0,610.0,680,680,323.828125,14,0,1000000,3000,4
239554,239554,958216,1703,41,164,221.0,0.0,221.0,286,286,175.6341463414634,6,0,1000000,3000,4
239766,239766,959064,1704,212,848,1133.0,0.0,1133.0,1232,1232,686.25,25,0,1000000,3000,4
239937,239937,959748,1705,171,684,633.0,0.0,633.0,722,722,474.80116959064327,15,0,1000000,3000,4
240100,240100,960400,1706,163,652,778.0,0.0,778.0,867,867,530.7546012269938,18,0,1000000,3000,4
240140,240140,960560,1707,40,160,235.0,0.0,235.0,298,298,161.475,6,0,1000000,3000,4
240249,240249,960996,1708,109,436,630.0,0.0,630.0,708,708,359.57798165137615,15,0,1000000,3000,4
240501,240501,962004,1709,252,1008,1017.0,0.0,1017.0,1122,1122,627.6071428571429,23,0,1000000,3000,4
240651,240651,962604,1710,150,600,638.0,0.0,638.0,722,722,484.76666666666665,15,0,1000000,3000,4
240799,240799,963196,1711,148,592,638.0,0.0,638.0,722,724,506.7094594594595,15,0,1000000,3000,4
241033,241033,964132,1712,234,936,1326.0,0.0,1326.0,1430,1430,689.9358974358975,29,0,1000000,3000,4
241086,241086,964344,1713,53,212,210.0,0.0,210.0,275,275,155.79245283018867,6,0,1000000,3000,4
241324,241324,965296,1714,238,952,796.0,0.0,796.0,898,898,630.1848739495798,18,0,1000000,3000,4
241544,241544,966176,1715,220,880,753.0,0.0,753.0,853,853,514.7772727272727,18,0,1000000,3000,4
242055,242055,968220,1716,511,2044,967.0,0.0,967.0,1125,1125,726.5675146771038,23,0,1000000,3000,4
242137,242137,968548,1717,82,328,651.0,0.0,651.0,722,722,358.0,15,0,1000000,3000,4
242857,242857,971428,1718,720,2880,924.0,0.0,924.0,1123,1123,815.4222222222222,23,0,1000000,3000,4
242967,242967,971868,1719,110,440,618.0,0.0,618.0,697,697,355.9,14,0,1000000,3000,4
243459,243459,973836,1720,492,1968,983.0,0.0,983.0,1138,1138,689.0162601626016,23,0,1000000,3000,4
243671,243671,974684,1721,212,848,797.0,0.0,797.0,894,898,533.5377358490566,18,0,1000000,3000,4
243892,243892,975568,1722,221,884,1325.0,0.0,1325.0,1427,1427,738.1266968325792,29,0,1000000,3000,4
243935,243935,975740,1723,43,172,223.0,0.0,223.0,287,287,170.74418604651163,6,0,1000000,3000,4
244179,244179,976716,1724,244,976,795.0,0.0,795.0,898,898,721.3647540983607,18,0,1000000,3000,4
244217,244217,976868,1725,38,152,240.0,0.0,240.0,304,304,151.05263157894737,7,0,1000000,3000,4
244352,244352,977408,1726,135,540,612.0,0.0,612.0,695,695,363.0,14,0,1000000,3000,4
244889,244889,979556,1727,537,2148,963.0,0.0,963.0,1126,1126,680.3519553072625,23,0,1000000,3000,4
245119,245119,980476,1728,230,920,1023.0,0.0,1023.0,1123,1123,608.5304347826087,23,0,1000000,3000,4
245238,245238,980952,1729,119,476,603.0,0.0,603.0,683,683,364.93277310924367,14,0,1000000,3000,4
245547,245547,982188,1730,309,1236,711.0,0.0,711.0,829,829,584.7508090614887,17,0,1000000,3000,4
245764,245764,983056,1731,217,868,800.0,0.0,800.0,898,899,495.2396313364055,18,0,1000000,3000,4
246139,246139,984556,1732,375,1500,1285.0,0.0,1285.0,1414,1414,730.64,29,0,1000000,3000,4
246186,246186,984744,1733,47,188,229.0,0.0,229.0,295,295,150.89361702127658,6,0,1000000,3000,4
246232,246232,984928,1734,46,184,234.0,0.0,234.0,300,300,144.43478260869566,7,0,1000000,3000,4
246606,246606,986424,1735,374,1496,769.0,0.0,769.0,898,900,642.1604278074866,19,0,1000000,3000,4
246652,246652,986608,1736,46,184,227.0,0.0,227.0,293,293,149.7608695652174,6,0,1000000,3000,4
246696,246696,986784,1737,44,176,230.0,0.0,230.0,295,295,154.8409090909091,6,0,1000000,3000,4
246790,246790,987160,1738,94,376,621.0,0.0,621.0,696,696,323.5,14,0,1000000,3000,4
247094,247094,988376,1739,304,1216,783.0,0.0,783.0,898,898,596.2236842105264,18,0,1000000,3000,4
247228,247228,988912,1740,134,536,613.0,0.0,613.0,696,696,302.57462686567163,14,0,1000000,3000,4
248377,248377,993508,1741,1149,4596,1654.0,0.0,1654.0,1940,1940,788.1331592689295,39,0,1000000,3000,4
248998,248998,995992,1742,621,2484,1471.0,0.0,1471.0,1652,1652,799.6409017713365,34,0,1000000,3000,4
249146,249146,996584,1743,148,592,623.0,0.0,623.0,709,709,467.5337837837838,15,0,1000000,3000,4
249470,249470,997880,1744,324,1296,779.0,0.0,779.0,898,900,611.4537037037037,19,0,1000000,3000,4
249504,249504,998016,1745,34,136,246.0,0.0,246.0,310,310,142.35294117647058,7,0,1000000,3000,4
249537,249537,998148,1746,33,132,252.0,0.0,252.0,316,316,145.66666666666666,7,0,1000000,3000,4
249883,249883,999532,1747,346,1384,1297.0,0.0,1297.0,1424,1424,733.3092485549133,29,0,1000000,3000,4
250126,250126,1000504,1748,243,972,1307.0,0.0,1307.0,1410,1410,705.4609053497942,29,0,1000000,3000,4
250158,250158,1000632,1749,32,128,251.0,0.0,251.0,315,315,148.78125,7,0,1000000,3000,4
250359,250359,1001436,1750,201,804,1423.0,0.0,1423.0,1520,1520,720.3383084577115,31,0,1000000,3000,4
250459,250459,1001836,1751,100,400,608.0,0.0,608.0,684,684,380.8,14,0,1000000,3000,4
250710,250710,1002840,1752,251,1004,1021.0,0.0,1021.0,1126,1126,614.6613545816733,23,0,1000000,3000,4
250943,250943,1003772,1753,233,932,1022.0,0.0,1022.0,1123,1123,578.7167381974249,23,0,1000000,3000,4
251024,251024,1004096,1754,81,324,633.0,0.0,633.0,707,707,387.41975308641975,15,0,1000000,3000,4
251358,251358,1005432,1755,334,1336,1108.0,0.0,1108.0,1232,1232,675.3922155688623,25,0,1000000,3000,4
251533,251533,1006132,1756,175,700,773.0,0.0,773.0,864,864,527.2228571428572,18,0,1000000,3000,4
251572,251572,1006288,1757,39,156,236.0,0.0,236.0,300,300,151.33333333333334,7,0,1000000,3000,4
251672,251672,1006688,1758,100,400,631.0,0.0,631.0,708,708,361.07,15,0,1000000,3000,4
251966,251966,1007864,1759,294,1176,1321.0,0.0,1321.0,1437,1437,740.3231292517007,29,0,1000000,3000,4
252138,252138,1008552,1760,172,688,1039.0,0.0,1039.0,1129,1129,580.1686046511628,23,0,1000000,3000,4
252232,252232,1008928,1761,94,376,618.0,0.0,618.0,694,694,396.8085106382979,14,0,1000000,3000,4
252264,252264,1009056,1762,32,128,247.0,0.0,247.0,311,311,154.96875,7,0,1000000,3000,4
252423,252423,1009692,1763,159,636,1038.0,0.0,1038.0,1125,1125,648.6352201257862,23,0,1000000,3000,4
252453,252453,1009812,1764,30,120,249.0,0.0,249.0,313,313,156.56666666666666,7,0,1000000,3000,4
252538,252538,1010152,1765,85,340,617.0,0.0,617.0,690,690,396.83529411764704,14,0,1000000,3000,4
252572,252572,1010288,1766,34,136,235.0,0.0,235.0,299,299,164.97058823529412,6,0,1000000,3000,4
252658,252658,1010632,1767,86,344,621.0,0.0,621.0,695,695,383.9651162790698,14,0,1000000,3000,4
252699,252699,1010796,1768,41,164,232.0,0.0,232.0,298,298,157.5609756097561,6,0,1000000,3000,4
252902,252902,1011608,1769,203,812,1030.0,0.0,1030.0,1126,1126,605.9950738916256,23,0,1000000,3000,4
253018,253018,1012072,1770,116,464,618.0,0.0,618.0,698,698,394.9741379310345,14,0,1000000,3000,4
253106,253106,1012424,1771,88,352,624.0,0.0,624.0,698,698,378.5568181818182,14,0,1000000,3000,4
253145,253145,1012580,1772,39,156,225.0,0.0,225.0,288,288,172.64102564102564,6,0,1000000,3000,4
253238,253238,1012952,1773,93,372,607.0,0.0,607.0,683,683,322.0537634408602,14,0,1000000,3000,4
253287,253287,1013148,1774,49,196,221.0,0.0,221.0,287,287,154.0204081632653,6,0,1000000,3000,4
253374,253374,1013496,1775,87,348,612.0,0.0,612.0,686,686,316.3333333333333,14,0,1000000,3000,4
253659,253659,1014636,1776,285,1140,1020.0,0.0,1020.0,1133,1133,626.021052631579,23,0,1000000,3000,4
253717,253717,1014868,1777,58,232,216.0,0.0,216.0,284,284,135.13793103448276,6,0,1000000,3000,4
253942,253942,1015768,1778,225,900,1035.0,0.0,1035.0,1136,1136,622.12,23,0,1000000,3000,4
253993,253993,1015972,1779,51,204,230.0,0.0,230.0,298,298,136.64705882352942,6,0,1000000,3000,4
254121,254121,1016484,1780,128,512,601.0,0.0,601.0,684,684,385.484375,14,0,1000000,3000,4
254165,254165,1016660,1781,44,176,230.0,0.0,230.0,294,294,157.54545454545453,6,0,1000000,3000,4
254273,254273,1017092,1782,108,432,585.0,0.0,585.0,663,663,385.3240740740741,14,0,1000000,3000,4
254364,254364,1017456,1783,91,364,623.0,0.0,623.0,699,699,332.68131868131866,14,0,1000000,3000,4
254627,254627,1018508,1784,263,1052,1292.0,0.0,1292.0,1400,1400,704.4182509505704,29,0,1000000,3000,4
254793,254793,1019172,1785,166,664,785.0,0.0,785.0,875,875,528.3132530120482,18,0,1000000,3000,4
254843,254843,1019372,1786,50,200,212.0,0.0,212.0,279,279,151.08,6,0,1000000,3000,4
255012,255012,1020048,1787,169,676,752.0,0.0,752.0,842,842,499.8343195266272,17,0,1000000,3000,4
255130,255130,1020520,1788,118,472,591.0,0.0,591.0,671,671,400.70338983050846,14,0,1000000,3000,4
255336,255336,1021344,1789,206,824,1306.0,0.0,1306.0,1404,1404,671.0922330097087,29,0,1000000,3000,4
255371,255371,1021484,1790,35,140,239.0,0.0,239.0,302,302,159.68571428571428,7,0,1000000,3000,4
255494,255494,1021976,1791,123,492,598.0,0.0,598.0,679,679,330.0731707317073,14,0,1000000,3000,4
255535,255535,1022140,1792,41,164,230.0,0.0,230.0,295,295,161.3658536585366,6,0,1000000,3000,4
255661,255661,1022644,1793,126,504,585.0,0.0,585.0,667,667,388.2063492063492,14,0,1000000,3000,4
255913,255913,1023652,1794,252,1008,1422.0,0.0,1422.0,1529,1529,753.5674603174604,31,0,1000000,3000,4
256019,256019,1024076,1795,106,424,615.0,0.0,615.0,693,693,386.6981132075472,14,0,1000000,3000,4
256124,256124,1024496,1796,105,420,610.0,0.0,610.0,689,689,387.8857142857143,14,0,1000000,3000,4
256171,256171,1024684,1797,47,188,217.0,0.0,217.0,283,283,162.04255319148936,6,0,1000000,3000,4
256332,256332,1025328,1798,161,644,635.0,0.0,635.0,722,722,479.42857142857144,15,0,1000000,3000,4
256363,256363,1025452,1799,31,124,248.0,0.0,248.0,312,312,157.41935483870967,7,0,1000000,3000,4
256669,256669,1026676,1800,306,1224,1011.0,0.0,1011.0,1128,1128,689.5816993464052,23,0,1000000,3000,4
256890,256890,1027560,1801,221,884,726.0,0.0,726.0,828,828,527.7194570135747,17,0,1000000,3000,4
257169,257169,1028676,1802,279,1116,1022.0,0.0,1022.0,1134,1134,588.2150537634409,23,0,1000000,3000,4
257335,257335,1029340,1803,166,664,610.0,0.0,610.0,701,701,445.2951807228916,15,0,1000000,3000,4
257402,257402,1029608,1804,67,268,611.0,0.0,611.0,682,682,330.0,14,0,1000000,3000,4
257530,257530,1030120,1805,128,512,595.0,0.0,595.0,678,678,357.109375,14,0,1000000,3000,4
257614,257614,1030456,1806,84,336,619.0,0.0,619.0,692,692,337.5238095238095,14,0,1000000,3000,4
257843,257843,1031372,1807,229,916,1572.0,0.0,1572.0,1675,1675,821.82096069869,34,0,1000000,3000,4
257973,257973,1031892,1808,130,520,1047.0,0.0,1047.0,1129,1129,553.4384615384615,23,0,1000000,3000,4
258018,258018,1032072,1809,45,180,220.0,0.0,220.0,286,286,162.66666666666666,6,0,1000000,3000,4
258114,258114,1032456,1810,96,384,631.0,0.0,631.0,708,708,344.5416666666667,15,0,1000000,3000,4
258270,258270,1033080,1811,156,624,796.0,0.0,796.0,885,885,523.6923076923077,18,0,1000000,3000,4
258491,258491,1033964,1812,221,884,1141.0,0.0,1141.0,1243,1243,603.6877828054298,25,0,1000000,3000,4
258632,258632,1034528,1813,141,564,619.0,0.0,619.0,705,705,469.29787234042556,15,0,1000000,3000,4
258673,258673,1034692,1814,41,164,231.0,0.0,231.0,297,297,156.14634146341464,6,0,1000000,3000,4
258926,258926,1035704,1815,253,1012,1409.0,0.0,1409.0,1516,1516,711.4505928853755,31,0,1000000,3000,4
259037,259037,1036148,1816,111,444,614.0,0.0,614.0,694,694,378.6936936936937,14,0,1000000,3000,4
259080,259080,1036320,1817,43,172,230.0,0.0,230.0,294,294,162.6046511627907,6,0,1000000,3000,4
259348,259348,1037392,1818,268,1072,1304.0,0.0,1304.0,1413,1413,672.1977611940298,29,0,1000000,3000,4
259460,259460,1037840,1819,112,448,1045.0,0.0,1045.0,1122,1122,557.875,23,0,1000000,3000,4
259492,259492,1037968,1820,32,128,244.0,0.0,244.0,307,307,158.75,7,0,1000000,3000,4
259747,259747,1038988,1821,255,1020,1411.0,0.0,1411.0,1520,1520,716.2039215686275,31,0,1000000,3000,4
259780,259780,1039120,1822,33,132,244.0,0.0,244.0,307,307,160.21212121212122,7,0,1000000,3000,4
259866,259866,1039464,1823,86,344,623.0,0.0,623.0,696,696,391.33720930232556,14,0,1000000,3000,4
260030,260030,1040120,1824,164,656,1037.0,0.0,1037.0,1125,1125,544.1463414634146,23,0,1000000,3000,4
260179,260179,1040716,1825,149,596,1043.0,0.0,1043.0,1128,1128,627.4630872483222,23,0,1000000,3000,4
260220,260220,1040880,1826,41,164,225.0,0.0,225.0,289,289,164.85365853658536,6,0,1000000,3000,4
260413,260413,1041652,1827,193,772,1035.0,0.0,1035.0,1130,1130,630.3834196891191,23,0,1000000,3000,4
260599,260599,1042396,1828,186,744,1146.0,0.0,1146.0,1241,1241,612.1129032258065,25,0,1000000,3000,4
260635,260635,1042540,1829,36,144,241.0,0.0,241.0,305,305,155.41666666666666,7,0,1000000,3000,4
260800,260800,1043200,1830,165,660,710.0,0.0,710.0,800,800,496.25454545454545,17,0,1000000,3000,4
260834,260834,1043336,1831,34,136,242.0,0.0,242.0,304,304,164.52941176470588,7,0,1000000,3000,4
261031,261031,1044124,1832,197,788,1033.0,0.0,1033.0,1127,1127,567.1675126903554,23,0,1000000,3000,4
261124,261124,1044496,1833,93,372,629.0,0.0,629.0,705,705,364.31182795698925,15,0,1000000,3000,4
261159,261159,1044636,1834,35,140,239.0,0.0,239.0,303,303,161.82857142857142,7,0,1000000,3000,4
261204,261204,1044816,1835,45,180,236.0,0.0,236.0,302,302,142.57777777777778,7,0,1000000,3000,4
261370,261370,1045480,1836,166,664,1061.0,0.0,1061.0,1152,1152,572.8674698795181,24,0,1000000,3000,4
261567,261567,1046268,1837,197,788,804.0,0.0,804.0,898,898,589.7157360406092,18,0,1000000,3000,4
261608,261608,1046432,1838,41,164,234.0,0.0,234.0,299,299,162.0731707317073,6,0,1000000,3000,4
262009,262009,1048036,1839,401,1604,1301.0,0.0,1301.0,1439,1439,754.3740648379053,29,0,1000000,3000,4
262042,262042,1048168,1840,33,132,245.0,0.0,245.0,309,309,149.93939393939394,7,0,1000000,3000,4
262332,262332,1049328,1841,290,1160,1313.0,0.0,1313.0,1429,1429,712.4965517241379,29,0,1000000,3000,4
262478,262478,1049912,1842,146,584,638.0,0.0,638.0,722,722,516.8698630136986,15,0,1000000,3000,4
262582,262582,1050328,1843,104,416,610.0,0.0,610.0,686,686,373.4519230769231,14,0,1000000,3000,4
262620,262620,1050480,1844,38,152,239.0,0.0,239.0,303,303,159.76315789473685,7,0,1000000,3000,4
262720,262720,1050880,1845,100,400,605.0,0.0,605.0,681,681,407.59,14,0,1000000,3000,4
262764,262764,1051056,1846,44,176,228.0,0.0,228.0,294,294,154.75,6,0,1000000,3000,4
262863,262863,1051452,1847,99,396,613.0,0.0,613.0,688,688,312.52525252525254,14,0,1000000,3000,4
263117,263117,1052468,1848,254,1016,1308.0,0.0,1308.0,1413,1413,741.7677165354331,29,0,1000000,3000,4
263157,263157,1052628,1849,40,160,242.0,0.0,242.0,307,307,145.525,7,0,1000000,3000,4
263462,263462,1053848,1850,305,1220,1305.0,0.0,1305.0,1421,1421,650.1114754098361,29,0,1000000,3000,4
263513,263513,1054052,1851,51,204,228.0,0.0,228.0,295,295,141.19607843137254,6,0,1000000,3000,4
263890,263890,1055560,1852,377,1508,1643.0,0.0,1643.0,1775,1775,908.3978779840849,36,0,1000000,3000,4
264275,264275,1057100,1853,385,1540,1272.0,0.0,1272.0,1406,1406,737.7818181818182,29,0,1000000,3000,4
264370,264370,1057480,1854,95,380,609.0,0.0,609.0,685,685,354.2842105263158,14,0,1000000,3000,4
264766,264766,1059064,1855,396,1584,1820.0,0.0,1820.0,1957,1957,867.5353535353536,40,0,1000000,3000,4
265147,265147,1060588,1856,381,1524,1103.0,0.0,1103.0,1236,1236,735.3044619422573,25,0,1000000,3000,4
265595,265595,1062380,1857,448,1792,1791.0,0.0,1791.0,1937,1937,882.7477678571429,39,0,1000000,3000,4
265776,265776,1063104,1858,181,724,1045.0,0.0,1045.0,1137,1137,552.1933701657458,23,0,1000000,3000,4
266089,266089,1064356,1859,313,1252,728.0,0.0,728.0,847,847,567.9041533546326,17,0,1000000,3000,4
266231,266231,1064924,1860,142,568,582.0,0.0,582.0,666,666,428.9366197183099,14,0,1000000,3000,4
266496,266496,1065984,1861,265,1060,1313.0,0.0,1313.0,1423,1423,669.2037735849057,29,0,1000000,3000,4
266620,266620,1066480,1862,124,496,588.0,0.0,588.0,669,669,374.008064516129,14,0,1000000,3000,4
266722,266722,1066888,1863,102,408,631.0,0.0,631.0,708,708,354.3333333333333,15,0,1000000,3000,4
266970,266970,1067880,1864,248,992,1020.0,0.0,1020.0,1124,1124,649.733870967742,23,0,1000000,3000,4
267118,267118,1068472,1865,148,592,741.0,0.0,741.0,827,827,488.5135135135135,17,0,1000000,3000,4
267287,267287,1069148,1866,169,676,753.0,0.0,753.0,842,842,523.0532544378698,17,0,1000000,3000,4
267450,267450,1069800,1867,163,652,771.0,0.0,771.0,859,859,526.3128834355829,18,0,1000000,3000,4
267543,267543,1070172,1868,93,372,607.0,0.0,607.0,682,682,391.5698924731183,14,0,1000000,3000,4
267798,267798,1071192,1869,255,1020,1021.0,0.0,1021.0,1127,1127,680.5960784313726,23,0,1000000,3000,4
267840,267840,1071360,1870,42,168,229.0,0.0,229.0,294,294,158.5,6,0,1000000,3000,4
267938,267938,1071752,1871,98,392,612.0,0.0,612.0,688,688,378.765306122449,14,0,1000000,3000,4
267984,267984,1071936,1872,46,184,223.0,0.0,223.0,289,289,160.43478260869566,6,0,1000000,3000,4
268348,268348,1073392,1873,364,1456,1395.0,0.0,1395.0,1523,1523,762.6428571428571,31,0,1000000,3000,4
268389,268389,1073556,1874,41,164,231.0,0.0,231.0,296,296,157.85365853658536,6,0,1000000,3000,4
268791,268791,1075164,1875,402,1608,763.0,0.0,763.0,898,898,649.8407960199005,18,0,1000000,3000,4
269089,269089,1076356,1876,298,1192,1022.0,0.0,1022.0,1138,1138,685.8322147651006,23,0,1000000,3000,4
269196,269196,1076784,1877,107,428,582.0,0.0,582.0,660,660,411.803738317757,14,0,1000000,3000,4
269417,269417,1077668,1878,221,884,1306.0,0.0,1306.0,1407,1407,668.7647058823529,29,0,1000000,3000,4
269523,269523,1078092,1879,106,424,615.0,0.0,615.0,694,694,355.04716981132077,14,0,1000000,3000,4
269640,269640,1078560,1880,117,468,608.0,0.0,608.0,687,687,358.7435897435897,14,0,1000000,3000,4
269834,269834,1079336,1881,194,776,805.0,0.0,805.0,898,898,594.5515463917526,18,0,1000000,3000,4
270071,270071,1080284,1882,237,948,1035.0,0.0,1035.0,1139,1139,660.2151898734177,23,0,1000000,3000,4
270190,270190,1080760,1883,119,476,623.0,0.0,623.0,703,703,355.9159663865546,15,0,1000000,3000,4
270301,270301,1081204,1884,111,444,619.0,0.0,619.0,698,698,370.86486486486484,14,0,1000000,3000,4
270512,270512,1082048,1885,211,844,1052.0,0.0,1052.0,1152,1152,587.5545023696683,24,0,1000000,3000,4
270555,270555,1082220,1886,43,172,229.0,0.0,229.0,294,294,154.2093023255814,6,0,1000000,3000,4
270660,270660,1082640,1887,105,420,633.0,0.0,633.0,711,711,339.6190476190476,15,0,1000000,3000,4
270916,270916,1083664,1888,256,1024,1019.0,0.0,1019.0,1126,1126,617.87109375,23,0,1000000,3000,4
271080,271080,1084320,1889,164,656,1041.0,0.0,1041.0,1129,1129,622.9512195121952,23,0,1000000,3000,4
271175,271175,1084700,1890,95,380,632.0,0.0,632.0,707,707,367.6842105263158,15,0,1000000,3000,4
271218,271218,1084872,1891,43,172,231.0,0.0,231.0,296,296,152.46511627906978,6,0,1000000,3000,4
271328,271328,1085312,1892,110,440,628.0,0.0,628.0,707,707,356.7818181818182,15,0,1000000,3000,4
271433,271433,1085732,1893,105,420,610.0,0.0,610.0,687,687,394.247619047619,14,0,1000000,3000,4
271475,271475,1085900,1894,42,168,230.0,0.0,230.0,295,295,165.38095238095238,6,0,1000000,3000,4
271648,271648,1086592,1895,173,692,1037.0,0.0,1037.0,1126,1126,578.3005780346821,23,0,1000000,3000,4
271691,271691,1086764,1896,43,172,229.0,0.0,229.0,294,294,158.48837209302326,6,0,1000000,3000,4
271743,271743,1086972,1897,52,208,203.0,0.0,203.0,269,269,172.23076923076923,6,0,1000000,3000,4
271781,271781,1087124,1898,38,152,236.0,0.0,236.0,300,300,163.81578947368422,7,0,1000000,3000,4
271821,271821,1087284,1899,40,160,239.0,0.0,239.0,303,303,140.925,7,0,1000000,3000,4
271953,271953,1087812,1900,132,528,608.0,0.0,608.0,690,690,367.4621212121212,14,0,1000000,3000,4
272092,272092,1088368,1901,139,556,600.0,0.0,600.0,684,684,367.58992805755395,14,0,1000000,3000,4
272135,272135,1088540,1902,43,172,232.0,0.0,232.0,298,298,148.8372093023256,6,0,1000000,3000,4
272316,272316,1089264,1903,181,724,807.0,0.0,807.0,898,899,548.1657458563536,18,0,1000000,3000,4
272491,272491,1089964,1904,175,700,632.0,0.0,632.0,722,722,451.19428571428574,15,0,1000000,3000,4
272533,272533,1090132,1905,42,168,226.0,0.0,226.0,290,290,158.5,6,0,1000000,3000,4
272766,272766,1091064,1906,233,932,1033.0,0.0,1033.0,1136,1136,638.1502145922747,23,0,1000000,3000,4
273138,273138,1092552,1907,372,1488,1000.0,0.0,1000.0,1130,1130,700.2822580645161,23,0,1000000,3000,4
273180,273180,1092720,1908,42,168,235.0,0.0,235.0,299,299,152.28571428571428,6,0,1000000,3000,4
273577,273577,1094308,1909,397,1588,1649.0,0.0,1649.0,1783,1783,832.2468513853904,36,0,1000000,3000,4
273848,273848,1095392,1910,271,1084,1304.0,0.0,1304.0,1414,1414,686.2250922509226,29,0,1000000,3000,4
273895,273895,1095580,1911,47,188,220.0,0.0,220.0,285,285,159.12765957446808,6,0,1000000,3000,4
273986,273986,1095944,1912,91,364,623.0,0.0,623.0,699,699,298.46153846153845,14,0,1000000,3000,4
274029,274029,1096116,1913,43,172,231.0,0.0,231.0,295,295,152.95348837209303,6,0,1000000,3000,4
274752,274752,1099008,1914,723,2892,937.0,0.0,937.0,1138,1138,831.076071922545,23,0,1000000,3000,4
274969,274969,1099876,1915,217,868,721.0,0.0,721.0,820,820,525.5990783410139,17,0,1000000,3000,4
275189,275189,1100756,1916,220,880,721.0,0.0,721.0,821,821,545.9545454545455,17,0,1000000,3000,4
275454,275454,1101816,1917,265,1060,1032.0,0.0,1032.0,1140,1140,607.6641509433962,23,0,1000000,3000,4
275631,275631,1102524,1918,177,708,632.0,0.0,632.0,722,723,476.07909604519773,15,0,1000000,3000,4
275815,275815,1103260,1919,184,736,1043.0,0.0,1043.0,1135,1135,515.5217391304348,23,0,1000000,3000,4
275870,275870,1103480,1920,55,220,219.0,0.0,219.0,285,285,148.29090909090908,6,0,1000000,3000,4
275917,275917,1103668,1921,47,188,227.0,0.0,227.0,292,292,150.46808510638297,6,0,1000000,3000,4
276547,276547,1106188,1922,630,2520,950.0,0.0,950.0,1132,1132,763.831746031746,23,0,1000000,3000,4
276747,276747,1106988,1923,200,800,778.0,0.0,778.0,876,876,484.13,18,0,1000000,3000,4
276809,276809,1107236,1924,62,248,186.0,0.0,186.0,254,254,171.32258064516128,6,0,1000000,3000,4
277024,277024,1108096,1925,215,860,737.0,0.0,737.0,837,837,519.6558139534884,17,0,1000000,3000,4
277088,277088,1108352,1926,64,256,206.0,0.0,206.0,274,274,143.203125,6,0,1000000,3000,4
277224,277224,1108896,1927,136,544,609.0,0.0,609.0,693,693,369.50735294117646,14,0,1000000,3000,4
277268,277268,1109072,1928,44,176,237.0,0.0,237.0,303,303,133.77272727272728,7,0,1000000,3000,4
277312,277312,1109248,1929,44,176,234.0,0.0,234.0,298,298,147.5909090909091,6,0,1000000,3000,4
277353,277353,1109412,1930,41,164,234.0,0.0,234.0,299,299,154.53658536585365,6,0,1000000,3000,4
277569,277569,1110276,1931,216,864,1026.0,0.0,1026.0,1124,1124,598.9675925925926,23,0,1000000,3000,4
277693,277693,1110772,1932,124,496,585.0,0.0,585.0,666,666,340.58870967741933,14,0,1000000,3000,4
277741,277741,1110964,1933,48,192,215.0,0.0,215.0,281,281,161.27083333333334,6,0,1000000,3000,4
277866,277866,1111464,1934,125,500,606.0,0.0,606.0,687,687,342.04,14,0,1000000,3000,4
277997,277997,1111988,1935,131,524,590.0,0.0,590.0,673,673,356.00763358778624,14,0,1000000,3000,4
278042,278042,1112168,1936,45,180,230.0,0.0,230.0,294,294,155.2888888888889,6,0,1000000,3000,4
278079,278079,1112316,1937,37,148,240.0,0.0,240.0,303,303,157.0,7,0,1000000,3000,4
278120,278120,1112480,1938,41,164,240.0,0.0,240.0,306,306,146.82926829268294,7,0,1000000,3000,4
278468,278468,1113872,1939,348,1392,1014.0,0.0,1014.0,1140,1140,694.0316091954023,23,0,1000000,3000,4
278817,278817,1115268,1940,349,1396,669.0,0.0,669.0,795,795,605.0716332378223,16,0,1000000,3000,4
278865,278865,1115460,1941,48,192,226.0,0.0,226.0,292,292,146.16666666666666,6,0,1000000,3000,4
279050,279050,1116200,1942,185,740,630.0,0.0,630.0,722,722,454.41621621621624,15,0,1000000,3000,4
279239,279239,1116956,1943,189,756,630.0,0.0,630.0,722,723,443.5608465608466,15,0,1000000,3000,4
279437,279437,1117748,1944,198,792,716.0,0.0,716.0,812,812,448.04040404040404,17,0,1000000,3000,4
279492,279492,1117968,1945,55,220,203.0,0.0,203.0,269,269,166.5818181818182,6,0,1000000,3000,4
279849,279849,1119396,1946,357,1428,997.0,0.0,997.0,1123,1123,672.7254901960785,23,0,1000000,3000,4
280184,280184,1120736,1947,335,1340,1303.0,0.0,1303.0,1427,1427,665.0089552238805,29,0,1000000,3000,4
280268,280268,1121072,1948,84,336,616.0,0.0,616.0,689,689,394.25,14,0,1000000,3000,4
280569,280569,1122276,1949,301,1204,1015.0,0.0,1015.0,1132,1132,624.3421926910299,23,0,1000000,3000,4
281150,281150,1124600,1950,581,2324,1260.0,0.0,1260.0,1434,1434,781.6110154905335,29,0,1000000,3000,4
281314,281314,1125256,1951,164,656,635.0,0.0,635.0,722,722,476.890243902439,15,0,1000000,3000,4
281430,281430,1125720,1952,116,464,615.0,0.0,615.0,695,695,355.7758620689655,14,0,1000000,3000,4
281759,281759,1127036,1953,329,1316,1547.0,0.0,1547.0,1670,1670,735.3677811550152,34,0,1000000,3000,4
281923,281923,1127692,1954,164,656,635.0,0.0,635.0,722,722,456.1036585365854,15,0,1000000,3000,4
282029,282029,1128116,1955,106,424,611.0,0.0,611.0,689,689,365.07547169811323,14,0,1000000,3000,4
282162,282162,1128648,1956,133,532,1048.0,0.0,1048.0,1130,1130,520.5263157894736,23,0,1000000,3000,4
282303,282303,1129212,1957,141,564,578.0,0.0,578.0,663,663,445.709219858156,14,0,1000000,3000,4
282414,282414,1129656,1958,111,444,593.0,0.0,593.0,673,673,382.44144144144144,14,0,1000000,3000,4
282457,282457,1129828,1959,43,172,230.0,0.0,230.0,295,295,153.8139534883721,6,0,1000000,3000,4
282556,282556,1130224,1960,99,396,628.0,0.0,628.0,704,704,355.1515151515151,15,0,1000000,3000,4
282649,282649,1130596,1961,93,372,629.0,0.0,629.0,704,704,351.0967741935484,15,0,1000000,3000,4
282690,282690,1130760,1962,41,164,237.0,0.0,237.0,302,302,149.65853658536585,7,0,1000000,3000,4
282907,282907,1131628,1963,217,868,1029.0,0.0,1029.0,1128,1128,538.0921658986175,23,0,1000000,3000,4
283219,283219,1132876,1964,312,1248,781.0,0.0,781.0,898,899,616.2019230769231,18,0,1000000,3000,4
283263,283263,1133052,1965,44,176,240.0,0.0,240.0,304,304,142.70454545454547,7,0,1000000,3000,4
283312,283312,1133248,1966,49,196,235.0,0.0,235.0,300,300,134.0,7,0,1000000,3000,4
283567,283567,1134268,1967,255,1020,1316.0,0.0,1316.0,1424,1424,746.3058823529411,29,0,1000000,3000,4
283606,283606,1134424,1968,39,156,229.0,0.0,229.0,292,292,162.7948717948718,6,0,1000000,3000,4
283710,283710,1134840,1969,104,416,607.0,0.0,607.0,684,684,376.0,14,0,1000000,3000,4
284151,284151,1136604,1970,441,1764,668.0,0.0,668.0,814,814,645.4739229024943,17,0,1000000,3000,4
284265,284265,1137060,1971,114,456,588.0,0.0,588.0,667,667,378.280701754386,14,0,1000000,3000,4
284442,284442,1137768,1972,177,708,1044.0,0.0,1044.0,1136,1136,587.4915254237288,23,0,1000000,3000,4
284556,284556,1138224,1973,114,456,613.0,0.0,613.0,693,693,387.87719298245617,14,0,1000000,3000,4
284658,284658,1138632,1974,102,408,601.0,0.0,601.0,678,678,403.0098039215686,14,0,1000000,3000,4
284845,284845,1139380,1975,187,748,806.0,0.0,806.0,898,900,550.663101604278,19,0,1000000,3000,4
284946,284946,1139784,1976,101,404,595.0,0.0,595.0,671,671,407.46534653465346,14,0,1000000,3000,4
285225,285225,1140900,1977,279,1116,1024.0,0.0,1024.0,1136,1136,651.7025089605735,23,0,1000000,3000,4
285319,285319,1141276,1978,94,376,631.0,0.0,631.0,707,707,346.98936170212767,15,0,1000000,3000,4
285769,285769,1143076,1979,450,1800,990.0,0.0,990.0,1136,1136,653.2622222222222,23,0,1000000,3000,4
285991,285991,1143964,1980,222,888,1425.0,0.0,1425.0,1527,1527,709.3648648648649,31,0,1000000,3000,4
286281,286281,1145124,1981,290,1160,717.0,0.0,717.0,831,831,605.6448275862069,17,0,1000000,3000,4
286323,286323,1145292,1982,42,168,232.0,0.0,232.0,298,298,156.0952380952381,6,0,1000000,3000,4
286591,286591,1146364,1983,268,1072,1324.0,0.0,1324.0,1435,1435,696.2462686567164,29,0,1000000,3000,4
286773,286773,1147092,1984,182,728,807.0,0.0,807.0,898,898,558.0439560439561,18,0,1000000,3000,4
286958,286958,1147832,1985,185,740,726.0,0.0,726.0,819,819,553.9891891891892,17,0,1000000,3000,4
287157,287157,1148628,1986,199,796,1313.0,0.0,1313.0,1409,1409,698.8140703517588,29,0,1000000,3000,4
287202,287202,1148808,1987,45,180,226.0,0.0,226.0,291,291,154.8,6,0,1000000,3000,4
287240,287240,1148960,1988,38,152,225.0,0.0,225.0,289,289,176.68421052631578,6,0,1000000,3000,4
287348,287348,1149392,1989,108,432,593.0,0.0,593.0,671,671,386.85185185185185,14,0,1000000,3000,4
287507,287507,1150028,1990,159,636,636.0,0.0,636.0,722,723,503.5660377358491,15,0,1000000,3000,4
287754,287754,1151016,1991,247,988,744.0,0.0,744.0,851,851,607.4534412955466,18,0,1000000,3000,4
287792,287792,1151168,1992,38,152,245.0,0.0,245.0,310,310,148.68421052631578,7,0,1000000,3000,4
288025,288025,1152100,1993,233,932,711.0,0.0,711.0,814,814,588.0815450643777,17,0,1000000,3000,4
288348,288348,1153392,1994,323,1292,1006.0,0.0,1006.0,1126,1126,757.7151702786377,23,0,1000000,3000,4
288386,288386,1153544,1995,38,152,245.0,0.0,245.0,310,310,143.23684210526315,7,0,1000000,3000,4
288482,288482,1153928,1996,96,384,628.0,0.0,628.0,705,705,361.3333333333333,15,0,1000000,3000,4
288677,288677,1154708,1997,195,780,1034.0,0.0,1034.0,1129,1129,664.1589743589743,23,0,1000000,3000,4
288714,288714,1154856,1998,37,148,229.0,0.0,229.0,293,293,169.35135135135135,6,0,1000000,3000,4
288753,288753,1155012,1999,39,156,239.0,0.0,239.0,303,303,155.5897435897436,7,0,1000000,3000,4
288786,288786,1155144,2000,33,132,246.0,0.0,246.0,310,310,145.1818181818182,7,0,1000000,3000,4
288820,288820,1155280,2001,34,136,243.0,0.0,243.0,306,306,157.76470588235293,7,0,1000000,3000,4
288905,288905,1155620,2002,85,340,612.0,0.0,612.0,687,687,344.77647058823527,14,0,1000000,3000,4
289176,289176,1156704,2003,271,1084,1038.0,0.0,1038.0,1150,1150,674.0516605166051,24,0,1000000,3000,4
289208,289208,1156832,2004,32,128,248.0,0.0,248.0,311,311,147.8125,7,0,1000000,3000,4
289304,289304,1157216,2005,96,384,592.0,0.0,592.0,667,667,420.34375,14,0,1000000,3000,4
289384,289384,1157536,2006,80,320,628.0,0.0,628.0,701,701,370.3625,15,0,1000000,3000,4
289424,289424,1157696,2007,40,160,236.0,0.0,236.0,301,301,158.425,7,0,1000000,3000,4
289521,289521,1158084,2008,97,388,600.0,0.0,600.0,676,676,408.9381443298969,14,0,1000000,3000,4
289617,289617,1158468,2009,96,384,602.0,0.0,602.0,678,678,399.6458333333333,14,0,1000000,3000,4
289774,289774,1159096,2010,157,628,1039.0,0.0,1039.0,1126,1126,597.0382165605096,23,0,1000000,3000,4
290020,290020,1160080,2011,246,984,1125.0,0.0,1125.0,1231,1231,697.6585365853658,25,0,1000000,3000,4
290271,290271,1161084,2012,251,1004,1416.0,0.0,1416.0,1524,1524,759.0836653386455,31,0,1000000,3000,4
290379,290379,1161516,2013,108,432,595.0,0.0,595.0,674,674,394.8333333333333,14,0,1000000,3000,4
290447,290447,1161788,2014,68,272,609.0,0.0,609.0,679,679,332.5147058823529,14,0,1000000,3000,4
290642,290642,1162568,2015,195,780,1331.0,0.0,1331.0,1428,1428,656.3179487179488,29,0,1000000,3000,4
290927,290927,1163708,2016,285,1140,1131.0,0.0,1131.0,1245,1245,646.1438596491228,25,0,1000000,3000,4
291126,291126,1164504,2017,199,796,804.0,0.0,804.0,898,898,627.964824120603,18,0,1000000,3000,4
291155,291155,1164620,2018,29,116,250.0,0.0,250.0,313,313,159.06896551724137,7,0,1000000,3000,4
291638,291638,1166552,2019,483,1932,2322.0,0.0,2322.0,2474,2474,1186.3146997929607,50,0,1000000,3000,4
291834,291834,1167336,2020,196,784,1312.0,0.0,1312.0,1408,1408,709.6734693877551,29,0,1000000,3000,4
291954,291954,1167816,2021,120,480,770.0,0.0,770.0,850,850,522.2666666666667,18,0,1000000,3000,4
291987,291987,1167948,2022,33,132,247.0,0.0,247.0,311,311,155.84848484848484,7,0,1000000,3000,4
292215,292215,1168860,2023,228,912,1335.0,0.0,1335.0,1438,1438,669.4166666666666,29,0,1000000,3000,4
292368,292368,1169472,2024,153,612,802.0,0.0,802.0,888,888,547.3006535947712,18,0,1000000,3000,4
292466,292466,1169864,2025,98,392,623.0,0.0,623.0,699,699,377.0,14,0,1000000,3000,4
292673,292673,1170692,2026,207,828,1334.0,0.0,1334.0,1433,1433,698.0289855072464,29,0,1000000,3000,4
292763,292763,1171052,2027,90,360,620.0,0.0,620.0,693,693,334.4555555555556,14,0,1000000,3000,4
292922,292922,1171688,2028,159,636,636.0,0.0,636.0,722,722,499.8993710691824,15,0,1000000,3000,4
292958,292958,1171832,2029,36,144,239.0,0.0,239.0,304,304,166.16666666666666,7,0,1000000,3000,4
292993,292993,1171972,2030,35,140,242.0,0.0,242.0,306,306,153.34285714285716,7,0,1000000,3000,4
293198,293198,1172792,2031,205,820,1344.0,0.0,1344.0,1442,1442,671.7414634146342,29,0,1000000,3000,4
293277,293277,1173108,2032,79,316,611.0,0.0,611.0,683,683,346.5822784810127,14,0,1000000,3000,4
293700,293700,1174800,2033,423,1692,1297.0,0.0,1297.0,1439,1439,810.418439716312,29,0,1000000,3000,4
293738,293738,1174952,2034,38,152,227.0,0.0,227.0,290,290,174.10526315789474,6,0,1000000,3000,4
293842,293842,1175368,2035,104,416,586.0,0.0,586.0,663,663,426.1826923076923,14,0,1000000,3000,4
293998,293998,1175992,2036,156,624,636.0,0.0,636.0,722,722,492.2435897435897,15,0,1000000,3000,4
294039,294039,1176156,2037,41,164,231.0,0.0,231.0,296,296,155.97560975609755,6,0,1000000,3000,4
294347,294347,1177388,2038,308,1232,1009.0,0.0,1009.0,1126,1126,708.6558441558442,23,0,1000000,3000,4
294505,294505,1178020,2039,158,632,636.0,0.0,636.0,722,722,480.19620253164555,15,0,1000000,3000,4
294686,294686,1178744,2040,181,724,762.0,0.0,762.0,855,855,534.4419889502763,18,0,1000000,3000,4
294958,294958,1179832,2041,272,1088,1014.0,0.0,1014.0,1123,1123,676.4485294117648,23,0,1000000,3000,4
295227,295227,1180908,2042,269,1076,1298.0,0.0,1298.0,1408,1408,681.6988847583643,29,0,1000000,3000,4
295267,295267,1181068,2043,40,160,242.0,0.0,242.0,307,307,152.075,7,0,1000000,3000,4
295791,295791,1183164,2044,524,2096,1273.0,0.0,1273.0,1435,1435,743.587786259542,29,0,1000000,3000,4
296034,296034,1184136,2045,243,972,1313.0,0.0,1313.0,1417,1417,762.119341563786,29,0,1000000,3000,4
296177,296177,1184708,2046,143,572,729.0,0.0,729.0,814,814,509.3636363636364,17,0,1000000,3000,4
296253,296253,1185012,2047,76,304,612.0,0.0,612.0,685,685,322.0657894736842,14,0,1000000,3000,4
296420,296420,1185680,2048,167,668,810.0,0.0,810.0,898,898,549.6586826347306,18,0,1000000,3000,4
296560,296560,1186240,2049,140,560,640.0,0.0,640.0,722,722,510.45714285714286,15,0,1000000,3000,4
296862,296862,1187448,2050,302,1208,719.0,0.0,719.0,836,836,567.976821192053,17,0,1000000,3000,4
297293,297293,1189172,2051,431,1724,1006.0,0.0,1006.0,1150,1150,660.415313225058,24,0,1000000,3000,4
297343,297343,1189372,2052,50,200,215.0,0.0,215.0,280,280,160.1,6,0,1000000,3000,4
297384,297384,1189536,2053,41,164,238.0,0.0,238.0,302,302,150.9268292682927,7,0,1000000,3000,4
297679,297679,1190716,2054,295,1180,1011.0,0.0,1011.0,1125,1125,621.6033898305085,23,0,1000000,3000,4
297927,297927,1191708,2055,248,992,1023.0,0.0,1023.0,1129,1129,694.1370967741935,23,0,1000000,3000,4
298204,298204,1192816,2056,277,1108,1650.0,0.0,1650.0,1762,1762,860.9638989169675,36,0,1000000,3000,4
298414,298414,1193656,2057,210,840,1336.0,0.0,1336.0,1435,1435,733.5142857142857,29,0,1000000,3000,4
298460,298460,1193840,2058,46,184,231.0,0.0,231.0,298,298,144.08695652173913,6,0,1000000,3000,4
298711,298711,1194844,2059,251,1004,700.0,0.0,700.0,808,808,543.792828685259,17,0,1000000,3000,4
298759,298759,1195036,2060,48,192,209.0,0.0,209.0,275,275,173.0625,6,0,1000000,3000,4
298795,298795,1195180,2061,36,144,238.0,0.0,238.0,302,302,161.91666666666666,7,0,1000000,3000,4
298834,298834,1195336,2062,39,156,234.0,0.0,234.0,299,299,151.51282051282053,6,0,1000000,3000,4
299065,299065,1196260,2063,231,924,1025.0,0.0,1025.0,1126,1126,565.1904761904761,23,0,1000000,3000,4
299110,299110,1196440,2064,45,180,229.0,0.0,229.0,295,295,154.17777777777778,6,0,1000000,3000,4
299152,299152,1196608,2065,42,168,238.0,0.0,238.0,303,303,146.73809523809524,7,0,1000000,3000,4
299242,299242,1196968,2066,90,360,619.0,0.0,619.0,694,694,343.25555555555553,14,0,1000000,3000,4
299384,299384,1197536,2067,142,568,639.0,0.0,639.0,722,722,502.77464788732397,15,0,1000000,3000,4
299426,299426,1197704,2068,42,168,233.0,0.0,233.0,299,299,158.54761904761904,6,0,1000000,3000,4
299560,299560,1198240,2069,134,536,1330.0,0.0,1330.0,1411,1411,700.7537313432836,29,0,1000000,3000,4
299635,299635,1198540,2070,75,300,630.0,0.0,630.0,702,702,377.44,15,0,1000000,3000,4
299769,299769,1199076,2071,134,536,641.0,0.0,641.0,722,722,500.9776119402985,15,0,1000000,3000,4
299808,299808,1199232,2072,39,156,234.0,0.0,234.0,298,298,165.76923076923077,6,0,1000000,3000,4
300125,300125,1200500,2073,317,1268,780.0,0.0,780.0,898,898,624.1261829652997,18,0,1000000,3000,4
300163,300163,1200652,2074,38,152,240.0,0.0,240.0,304,304,149.05263157894737,7,0,1000000,3000,4
300217,300217,1200868,2075,54,216,207.0,0.0,207.0,274,274,163.46296296296296,6,0,1000000,3000,4
300390,300390,1201560,2076,173,692,765.0,0.0,765.0,856,856,524.0404624277456,18,0,1000000,3000,4
300753,300753,1203012,2077,363,1452,998.0,0.0,998.0,1126,1126,756.5674931129477,23,0,1000000,3000,4
300792,300792,1203168,2078,39,156,242.0,0.0,242.0,306,306,156.2051282051282,7,0,1000000,3000,4
300833,300833,1203332,2079,41,164,236.0,0.0,236.0,300,300,154.70731707317074,7,0,1000000,3000,4
301161,301161,1204644,2080,328,1312,1005.0,0.0,1005.0,1125,1125,639.6768292682926,23,0,1000000,3000,4
301516,301516,1206064,2081,355,1420,736.0,0.0,736.0,862,862,572.9577464788732,18,0,1000000,3000,4
301922,301922,1207688,2082,406,1624,1299.0,0.0,1299.0,1438,1438,731.6822660098522,29,0,1000000,3000,4
302128,302128,1208512,2083,206,824,802.0,0.0,802.0,898,898,557.9368932038835,18,0,1000000,3000,4
302631,302631,1210524,2084,503,2012,969.0,0.0,969.0,1124,1124,656.5765407554672,23,0,1000000,3000,4
302936,302936,1211744,2085,305,1220,783.0,0.0,783.0,898,898,674.3311475409836,18,0,1000000,3000,4
302965,302965,1211860,2086,29,116,244.0,0.0,244.0,307,307,160.79310344827587,7,0,1000000,3000,4
303112,303112,1212448,2087,147,588,716.0,0.0,716.0,802,802,497.7482993197279,17,0,1000000,3000,4
303523,303523,1214092,2088,411,1644,987.0,0.0,987.0,1125,1125,714.654501216545,23,0,1000000,3000,4
303564,303564,1214256,2089,41,164,230.0,0.0,230.0,294,294,157.3170731707317,6,0,1000000,3000,4
303715,303715,1214860,2090,151,604,637.0,0.0,637.0,722,723,491.03973509933775,15,0,1000000,3000,4
303890,303890,1215560,2091,175,700,809.0,0.0,809.0,898,899,576.4285714285714,18,0,1000000,3000,4
303978,303978,1215912,2092,88,352,625.0,0.0,625.0,700,700,360.67045454545456,15,0,1000000,3000,4
304013,304013,1216052,2093,35,140,237.0,0.0,237.0,301,301,167.77142857142857,7,0,1000000,3000,4
304155,304155,1216620,2094,142,568,577.0,0.0,577.0,662,662,446.1478873239437,14,0,1000000,3000,4
304267,304267,1217068,2095,112,448,611.0,0.0,611.0,690,690,373.75892857142856,14,0,1000000,3000,4
304369,304369,1217476,2096,102,408,618.0,0.0,618.0,695,695,360.87254901960785,14,0,1000000,3000,4
304406,304406,1217624,2097,37,148,230.0,0.0,230.0,294,294,171.40540540540542,6,0,1000000,3000,4
304445,304445,1217780,2098,39,156,234.0,0.0,234.0,298,298,161.76923076923077,6,0,1000000,3000,4
304545,304545,1218180,2099,100,400,591.0,0.0,591.0,669,669,410.84,14,0,1000000,3000,4
304580,304580,1218320,2100,35,140,246.0,0.0,246.0,309,309,147.68571428571428,7,0,1000000,3000,4
304616,304616,1218464,2101,36,144,230.0,0.0,230.0,294,294,163.5,6,0,1000000,3000,4
304707,304707,1218828,2102,91,364,608.0,0.0,608.0,683,683,409.14285714285717,14,0,1000000,3000,4
304745,304745,1218980,2103,38,152,250.0,0.0,250.0,315,315,144.71052631578948,7,0,1000000,3000,4
305033,305033,1220132,2104,288,1152,753.0,0.0,753.0,868,868,611.1006944444445,18,0,1000000,3000,4
305197,305197,1220788,2105,164,656,635.0,0.0,635.0,722,722,472.8841463414634,15,0,1000000,3000,4
305227,305227,1220908,2106,30,120,243.0,0.0,243.0,306,306,167.56666666666666,7,0,1000000,3000,4
305266,305266,1221064,2107,39,156,240.0,0.0,240.0,304,304,152.48717948717947,7,0,1000000,3000,4
305303,305303,1221212,2108,37,148,242.0,0.0,242.0,306,306,156.43243243243242,7,0,1000000,3000,4
305426,305426,1221704,2109,123,492,582.0,0.0,582.0,663,663,410.3333333333333,14,0,1000000,3000,4
305460,305460,1221840,2110,34,136,240.0,0.0,240.0,304,304,158.58823529411765,7,0,1000000,3000,4
305841,305841,1223364,2111,381,1524,994.0,0.0,994.0,1125,1125,775.9763779527559,23,0,1000000,3000,4
305871,305871,1223484,2112,30,120,246.0,0.0,246.0,309,309,158.16666666666666,7,0,1000000,3000,4
305986,305986,1223944,2113,115,460,592.0,0.0,592.0,672,672,402.90434782608696,14,0,1000000,3000,4
306028,306028,1224112,2114,42,168,223.0,0.0,223.0,288,288,160.5952380952381,6,0,1000000,3000,4
306184,306184,1224736,2115,156,624,622.0,0.0,622.0,711,711,454.8525641025641,15,0,1000000,3000,4
306275,306275,1225100,2116,91,364,649.0,0.0,649.0,722,722,364.15384615384613,15,0,1000000,3000,4
306450,306450,1225800,2117,175,700,809.0,0.0,809.0,898,898,540.5428571428571,18,0,1000000,3000,4
306486,306486,1225944,2118,36,144,235.0,0.0,235.0,298,298,163.5,6,0,1000000,3000,4
307068,307068,1228272,2119,582,2328,727.0,0.0,727.0,898,898,685.3659793814433,18,0,1000000,3000,4
307107,307107,1228428,2120,39,156,234.0,0.0,234.0,298,298,160.84615384615384,6,0,1000000,3000,4
307256,307256,1229024,2121,149,596,1053.0,0.0,1053.0,1139,1139,613.3557046979865,23,0,1000000,3000,4
307440,307440,1229760,2122,184,736,1428.0,0.0,1428.0,1521,1521,742.7934782608696,31,0,1000000,3000,4
307473,307473,1229892,2123,33,132,250.0,0.0,250.0,314,314,153.96969696969697,7,0,1000000,3000,4
307568,307568,1230272,2124,95,380,625.0,0.0,625.0,700,700,348.61052631578946,15,0,1000000,3000,4
307606,307606,1230424,2125,38,152,224.0,0.0,224.0,287,287,173.3421052631579,6,0,1000000,3000,4
307991,307991,1231964,2126,385,1540,767.0,0.0,767.0,898,899,713.5532467532468,18,0,1000000,3000,4
308023,308023,1232092,2127,32,128,252.0,0.0,252.0,316,316,153.71875,7,0,1000000,3000,4
308360,308360,1233440,2128,337,1348,1286.0,0.0,1286.0,1410,1410,729.9347181008902,29,0,1000000,3000,4
308393,308393,1233572,2129,33,132,248.0,0.0,248.0,312,312,144.96969696969697,7,0,1000000,3000,4
308429,308429,1233716,2130,36,144,242.0,0.0,242.0,306,306,157.44444444444446,7,0,1000000,3000,4
308617,308617,1234468,2131,188,752,1032.0,0.0,1032.0,1124,1124,629.9521276595744,23,0,1000000,3000,4
308655,308655,1234620,2132,38,152,237.0,0.0,237.0,301,301,162.39473684210526,7,0,1000000,3000,4
308687,308687,1234748,2133,32,128,244.0,0.0,244.0,308,308,159.375,7,0,1000000,3000,4
308947,308947,1235788,2134,260,1040,709.0,0.0,709.0,817,817,601.8961538461539,17,0,1000000,3000,4
308981,308981,1235924,2135,34,136,239.0,0.0,239.0,303,303,168.52941176470588,7,0,1000000,3000,4
309017,309017,1236068,2136,36,144,245.0,0.0,245.0,309,309,149.61111111111111,7,0,1000000,3000,4
309225,309225,1236900,2137,208,832,719.0,0.0,719.0,818,818,561.8605769230769,17,0,1000000,3000,4
309321,309321,1237284,2138,96,384,616.0,0.0,616.0,693,693,337.1979166666667,14,0,1000000,3000,4
309422,309422,1237688,2139,101,404,596.0,0.0,596.0,672,672,394.13861386138615,14,0,1000000,3000,4
309713,309713,1238852,2140,291,1164,698.0,0.0,698.0,814,814,603.340206185567,17,0,1000000,3000,4
309807,309807,1239228,2141,94,376,620.0,0.0,620.0,695,695,403.3936170212766,14,0,1000000,3000,4
309917,309917,1239668,2142,110,440,588.0,0.0,588.0,667,667,409.24545454545455,14,0,1000000,3000,4
310073,310073,1240292,2143,156,624,1144.0,0.0,1144.0,1231,1231,632.6089743589744,25,0,1000000,3000,4
310252,310252,1241008,2144,179,716,1036.0,0.0,1036.0,1126,1126,582.9553072625698,23,0,1000000,3000,4
310510,310510,1242040,2145,258,1032,1416.0,0.0,1416.0,1525,1525,731.031007751938,31,0,1000000,3000,4
310548,310548,1242192,2146,38,152,237.0,0.0,237.0,302,302,157.92105263157896,7,0,1000000,3000,4
310737,310737,1242948,2147,189,756,1032.0,0.0,1032.0,1125,1125,663.4550264550264,23,0,1000000,3000,4
310960,310960,1243840,2148,223,892,1691.0,0.0,1691.0,1791,1791,908.3542600896861,36,0,1000000,3000,4
311198,311198,1244792,2149,238,952,1435.0,0.0,1435.0,1539,1539,772.0588235294117,31,0,1000000,3000,4
311279,311279,1245116,2150,81,324,637.0,0.0,637.0,710,710,387.8395061728395,15,0,1000000,3000,4
311394,311394,1245576,2151,115,460,620.0,0.0,620.0,699,699,382.04347826086956,14,0,1000000,3000,4
311480,311480,1245920,2152,86,344,611.0,0.0,611.0,685,685,334.2674418604651,14,0,1000000,3000,4
311652,311652,1246608,2153,172,688,1345.0,0.0,1345.0,1437,1437,734.5116279069767,29,0,1000000,3000,4
311922,311922,1247688,2154,270,1080,1306.0,0.0,1306.0,1415,1415,746.4111111111112,29,0,1000000,3000,4
312036,312036,1248144,2155,114,456,627.0,0.0,627.0,706,706,390.05263157894734,15,0,1000000,3000,4
312073,312073,1248292,2156,37,148,241.0,0.0,241.0,306,306,152.9189189189189,7,0,1000000,3000,4
312105,312105,1248420,2157,32,128,244.0,0.0,244.0,308,308,165.0625,7,0,1000000,3000,4
312286,312286,1249144,2158,181,724,1331.0,0.0,1331.0,1425,1425,728.2099447513813,29,0,1000000,3000,4
312440,312440,1249760,2159,154,616,813.0,0.0,813.0,898,899,555.9155844155844,18,0,1000000,3000,4
312472,312472,1249888,2160,32,128,247.0,0.0,247.0,311,311,150.28125,7,0,1000000,3000,4
312554,312554,1250216,2161,82,328,608.0,0.0,608.0,682,682,331.390243902439,14,0,1000000,3000,4
312746,312746,1250984,2162,192,768,749.0,0.0,749.0,843,843,532.1302083333334,17,0,1000000,3000,4
312889,312889,1251556,2163,143,572,748.0,0.0,748.0,834,834,497.95104895104896,17,0,1000000,3000,4
313193,313193,1252772,2164,304,1216,712.0,0.0,712.0,829,829,605.8190789473684,17,0,1000000,3000,4
313438,313438,1253752,2165,245,980,1035.0,0.0,1035.0,1140,1140,639.3306122448979,23,0,1000000,3000,4
313471,313471,1253884,2166,33,132,249.0,0.0,249.0,313,313,150.78787878787878,7,0,1000000,3000,4
313508,313508,1254032,2167,37,148,243.0,0.0,243.0,307,307,152.27027027027026,7,0,1000000,3000,4
313584,313584,1254336,2168,76,304,609.0,0.0,609.0,682,682,344.25,14,0,1000000,3000,4
313794,313794,1255176,2169,210,840,1312.0,0.0,1312.0,1409,1409,704.8285714285714,29,0,1000000,3000,4
313834,313834,1255336,2170,40,160,233.0,0.0,233.0,299,299,160.475,6,0,1000000,3000,4
313879,313879,1255516,2171,45,180,222.0,0.0,222.0,287,287,165.22222222222223,6,0,1000000,3000,4
313913,313913,1255652,2172,34,136,246.0,0.0,246.0,308,308,151.91176470588235,7,0,1000000,3000,4
313954,313954,1255816,2173,41,164,230.0,0.0,230.0,295,295,154.5609756097561,6,0,1000000,3000,4
314174,314174,1256696,2174,220,880,1037.0,0.0,1037.0,1137,1137,646.3227272727273,23,0,1000000,3000,4
314394,314394,1257576,2175,220,880,1024.0,0.0,1024.0,1123,1123,614.9272727272727,23,0,1000000,3000,4
314442,314442,1257768,2176,48,192,215.0,0.0,215.0,280,280,165.39583333333334,6,0,1000000,3000,4
314663,314663,1258652,2177,221,884,1030.0,0.0,1030.0,1130,1130,625.2262443438914,23,0,1000000,3000,4
314743,314743,1258972,2178,80,320,628.0,0.0,628.0,700,700,399.5625,15,0,1000000,3000,4
314987,314987,1259948,2179,244,976,1023.0,0.0,1023.0,1127,1127,645.7950819672132,23,0,1000000,3000,4
315027,315027,1260108,2180,40,160,234.0,0.0,234.0,298,298,160.525,6,0,1000000,3000,4
315200,315200,1260800,2181,173,692,1144.0,0.0,1144.0,1234,1234,664.1098265895954,25,0,1000000,3000,4
315285,315285,1261140,2182,85,340,633.0,0.0,633.0,707,707,340.61176470588236,15,0,1000000,3000,4
315438,315438,1261752,2183,153,612,637.0,0.0,637.0,722,722,499.9477124183006,15,0,1000000,3000,4
315517,315517,1262068,2184,79,316,620.0,0.0,620.0,693,693,346.0506329113924,14,0,1000000,3000,4
315614,315614,1262456,2185,97,388,612.0,0.0,612.0,687,687,391.2886597938144,14,0,1000000,3000,4
315805,315805,1263220,2186,191,764,1030.0,0.0,1030.0,1124,1124,637.062827225131,23,0,1000000,3000,4
315975,315975,1263900,2187,170,680,1038.0,0.0,1038.0,1127,1127,602.3117647058823,23,0,1000000,3000,4
316163,316163,1264652,2188,188,752,1134.0,0.0,1134.0,1228,1228,606.6436170212766,25,0,1000000,3000,4
316409,316409,1265636,2189,246,984,1322.0,0.0,1322.0,1428,1428,751.0731707317074,29,0,1000000,3000,4
316442,316442,1265768,2190,33,132,241.0,0.0,241.0,304,304,161.72727272727272,7,0,1000000,3000,4
316729,316729,1266916,2191,287,1148,1014.0,0.0,1014.0,1127,1127,732.822299651568,23,0,1000000,3000,4
316815,316815,1267260,2192,86,344,625.0,0.0,625.0,699,699,389.8255813953488,14,0,1000000,3000,4
316884,316884,1267536,2193,69,276,609.0,0.0,609.0,680,680,318.0869565217391,14,0,1000000,3000,4
317020,317020,1268080,2194,136,544,732.0,0.0,732.0,817,817,470.24264705882354,17,0,1000000,3000,4
317207,317207,1268828,2195,187,748,806.0,0.0,806.0,898,899,537.6149732620321,18,0,1000000,3000,4
317248,317248,1268992,2196,41,164,230.0,0.0,230.0,295,295,165.6341463414634,6,0,1000000,3000,4
317392,317392,1269568,2197,144,576,755.0,0.0,755.0,840,840,482.59722222222223,17,0,1000000,3000,4
317434,317434,1269736,2198,42,168,227.0,0.0,227.0,292,292,166.95238095238096,6,0,1000000,3000,4
317616,317616,1270464,2199,182,728,1326.0,0.0,1326.0,1419,1419,708.1208791208791,29,0,1000000,3000,4
317704,317704,1270816,2200,88,352,626.0,0.0,626.0,700,700,379.27272727272725,15,0,1000000,3000,4
317791,317791,1271164,2201,87,348,631.0,0.0,631.0,705,705,380.7011494252874,15,0,1000000,3000,4
318001,318001,1272004,2202,210,840,730.0,0.0,730.0,828,828,559.9285714285714,17,0,1000000,3000,4
318134,318134,1272536,2203,133,532,583.0,0.0,583.0,666,666,440.6616541353383,14,0,1000000,3000,4
318248,318248,1272992,2204,114,456,589.0,0.0,589.0,668,668,404.56140350877195,14,0,1000000,3000,4
318433,318433,1273732,2205,185,740,1056.0,0.0,1056.0,1150,1150,633.2864864864865,24,0,1000000,3000,4
318648,318648,1274592,2206,215,860,1334.0,0.0,1334.0,1434,1434,698.4,29,0,1000000,3000,4
318684,318684,1274736,2207,36,144,231.0,0.0,231.0,296,296,170.19444444444446,6,0,1000000,3000,4
318836,318836,1275344,2208,152,608,1053.0,0.0,1053.0,1140,1140,577.1118421052631,23,0,1000000,3000,4
318865,318865,1275460,2209,29,116,249.0,0.0,249.0,312,312,153.9655172413793,7,0,1000000,3000,4
318957,318957,1275828,2210,92,368,624.0,0.0,624.0,700,700,366.8369565217391,15,0,1000000,3000,4
319170,319170,1276680,2211,213,852,1031.0,0.0,1031.0,1129,1129,675.7840375586854,23,0,1000000,3000,4
319346,319346,1277384,2212,176,704,1328.0,0.0,1328.0,1421,1421,737.4659090909091,29,0,1000000,3000,4
319375,319375,1277500,2213,29,116,248.0,0.0,248.0,311,311,157.24137931034483,7,0,1000000,3000,4
319496,319496,1277984,2214,121,484,724.0,0.0,724.0,805,805,476.68595041322317,17,0,1000000,3000,4
319669,319669,1278676,2215,173,692,747.0,0.0,747.0,838,838,501.6184971098266,17,0,1000000,3000,4
319859,319859,1279436,2216,190,760,1318.0,0.0,1318.0,1413,1413,695.0526315789474,29,0,1000000,3000,4
319932,319932,1279728,2217,73,292,628.0,0.0,628.0,700,700,351.3424657534247,15,0,1000000,3000,4
320177,320177,1280708,2218,245,980,1917.0,0.0,1917.0,2024,2024,940.5877551020408,41,0,1000000,3000,4
320257,320257,1281028,2219,80,320,652.0,0.0,652.0,722,722,373.9375,15,0,1000000,3000,4
320450,320450,1281800,2220,193,772,1033.0,0.0,1033.0,1127,1127,656.2538860103627,23,0,1000000,3000,4
320936,320936,1283744,2221,486,1944,1490.0,0.0,1490.0,1644,1644,869.4567901234568,33,0,1000000,3000,4
321113,321113,1284452,2222,177,708,1042.0,0.0,1042.0,1134,1134,623.8813559322034,23,0,1000000,3000,4
321152,321152,1284608,2223,39,156,238.0,0.0,238.0,302,302,154.56410256410257,7,0,1000000,3000,4
321281,321281,1285124,2224,129,516,1047.0,0.0,1047.0,1128,1128,591.1240310077519,23,0,1000000,3000,4
321514,321514,1286056,2225,233,932,1033.0,0.0,1033.0,1136,1136,703.7081545064377,23,0,1000000,3000,4
321611,321611,1286444,2226,97,388,619.0,0.0,619.0,696,696,390.7113402061856,14,0,1000000,3000,4
321689,321689,1286756,2227,78,312,630.0,0.0,630.0,703,703,396.5,15,0,1000000,3000,4
321795,321795,1287180,2228,106,424,627.0,0.0,627.0,706,706,390.0660377358491,15,0,1000000,3000,4
321834,321834,1287336,2229,39,156,238.0,0.0,238.0,303,303,155.05128205128204,7,0,1000000,3000,4
321866,321866,1287464,2230,32,128,248.0,0.0,248.0,312,312,155.4375,7,0,1000000,3000,4
321955,321955,1287820,2231,89,356,631.0,0.0,631.0,705,705,372.6741573033708,15,0,1000000,3000,4
321992,321992,1287968,2232,37,148,249.0,0.0,249.0,314,314,146.8108108108108,7,0,1000000,3000,4
322233,322233,1288932,2233,241,964,1305.0,0.0,1305.0,1409,1409,703.6099585062241,29,0,1000000,3000,4
322318,322318,1289272,2234,85,340,625.0,0.0,625.0,700,700,352.88235294117646,15,0,1000000,3000,4
322352,322352,1289408,2235,34,136,236.0,0.0,236.0,299,299,165.26470588235293,6,0,1000000,3000,4
322394,322394,1289576,2236,42,168,233.0,0.0,233.0,298,298,156.78571428571428,6,0,1000000,3000,4
322432,322432,1289728,2237,38,152,240.0,0.0,240.0,304,304,154.97368421052633,7,0,1000000,3000,4
322677,322677,1290708,2238,245,980,1327.0,0.0,1327.0,1434,1434,730.9102040816326,29,0,1000000,3000,4
322768,322768,1291072,2239,91,364,619.0,0.0,619.0,695,695,383.57142857142856,14,0,1000000,3000,4
322923,322923,1291692,2240,155,620,1321.0,0.0,1321.0,1408,1408,666.1032258064516,29,0,1000000,3000,4
322955,322955,1291820,2241,32,128,247.0,0.0,247.0,311,311,159.40625,7,0,1000000,3000,4
322985,322985,1291940,2242,30,120,247.0,0.0,247.0,311,311,152.3,7,0,1000000,3000,4
323228,323228,1292912,2243,243,972,795.0,0.0,795.0,898,899,616.0534979423868,18,0,1000000,3000,4
323316,323316,1293264,2244,88,352,635.0,0.0,635.0,710,710,374.8863636363636,15,0,1000000,3000,4
323510,323510,1294040,2245,194,776,805.0,0.0,805.0,898,899,558.8247422680413,18,0,1000000,3000,4
323548,323548,1294192,2246,38,152,232.0,0.0,232.0,297,297,164.55263157894737,6,0,1000000,3000,4
323621,323621,1294484,2247,73,292,630.0,0.0,630.0,701,701,369.86301369863014,15,0,1000000,3000,4
323759,323759,1295036,2248,138,552,725.0,0.0,725.0,809,809,499.2971014492754,17,0,1000000,3000,4
323973,323973,1295892,2249,214,856,1330.0,0.0,1330.0,1430,1430,673.4719626168225,29,0,1000000,3000,4
324082,324082,1296328,2250,109,436,600.0,0.0,600.0,678,678,385.4770642201835,14,0,1000000,3000,4
324245,324245,1296980,2251,163,652,760.0,0.0,760.0,849,849,480.71165644171776,17,0,1000000,3000,4
324466,324466,1297864,2252,221,884,1050.0,0.0,1050.0,1152,1152,730.1357466063348,24,0,1000000,3000,4
324781,324781,1299124,2253,315,1260,1670.0,0.0,1670.0,1789,1789,895.8825396825397,36,0,1000000,3000,4
325019,325019,1300076,2254,238,952,1332.0,0.0,1332.0,1437,1437,748.3613445378152,29,0,1000000,3000,4
325055,325055,1300220,2255,36,144,235.0,0.0,235.0,299,299,168.16666666666666,6,0,1000000,3000,4
325218,325218,1300872,2256,163,652,811.0,0.0,811.0,898,898,538.1288343558282,18,0,1000000,3000,4
325266,325266,1301064,2257,48,192,227.0,0.0,227.0,294,294,150.85416666666666,6,0,1000000,3000,4
325299,325299,1301196,2258,33,132,249.0,0.0,249.0,313,313,148.63636363636363,7,0,1000000,3000,4
325452,325452,1301808,2259,153,612,763.0,0.0,763.0,850,850,529.5359477124183,18,0,1000000,3000,4
325500,325500,1302000,2260,48,192,218.0,0.0,218.0,284,284,158.41666666666666,6,0,1000000,3000,4
325681,325681,1302724,2261,181,724,807.0,0.0,807.0,898,898,533.3093922651934,18,0,1000000,3000,4
325715,325715,1302860,2262,34,136,246.0,0.0,246.0,310,310,149.35294117647058,7,0,1000000,3000,4
325748,325748,1302992,2263,33,132,245.0,0.0,245.0,308,308,163.27272727272728,7,0,1000000,3000,4
325789,325789,1303156,2264,41,164,231.0,0.0,231.0,297,297,158.78048780487805,6,0,1000000,3000,4
326134,326134,1304536,2265,345,1380,1003.0,0.0,1003.0,1126,1126,620.2260869565217,23,0,1000000,3000,4
326170,326170,1304680,2266,36,144,247.0,0.0,247.0,311,311,149.13888888888889,7,0,1000000,3000,4
326221,326221,1304884,2267,51,204,237.0,0.0,237.0,305,305,128.52941176470588,7,0,1000000,3000,4
326439,326439,1305756,2268,218,872,722.0,0.0,722.0,822,822,499.07339449541286,17,0,1000000,3000,4
326485,326485,1305940,2269,46,184,231.0,0.0,231.0,297,297,150.41304347826087,6,0,1000000,3000,4
326642,326642,1306568,2270,157,628,741.0,0.0,741.0,829,829,440.8471337579618,17,0,1000000,3000,4
326800,326800,1307200,2271,158,632,1040.0,0.0,1040.0,1127,1127,545.4873417721519,23,0,1000000,3000,4
327022,327022,1308088,2272,222,888,1690.0,0.0,1690.0,1792,1792,825.6351351351351,36,0,1000000,3000,4
327066,327066,1308264,2273,44,176,228.0,0.0,228.0,293,293,158.1590909090909,6,0,1000000,3000,4
327164,327164,1308656,2274,98,392,593.0,0.0,593.0,669,669,410.35714285714283,14,0,1000000,3000,4
327653,327653,1310612,2275,489,1956,973.0,0.0,973.0,1126,1126,777.1963190184049,23,0,1000000,3000,4
327903,327903,1311612,2276,250,1000,1320.0,0.0,1320.0,1426,1426,702.044,29,0,1000000,3000,4
328082,328082,1312328,2277,179,716,808.0,0.0,808.0,898,898,637.3687150837989,18,0,1000000,3000,4
328204,328204,1312816,2278,122,488,609.0,0.0,609.0,691,691,381.55737704918033,14,0,1000000,3000,4
328240,328240,1312960,2279,36,144,236.0,0.0,236.0,300,300,163.41666666666666,7,0,1000000,3000,4
328670,328670,1314680,2280,430,1720,1643.0,0.0,1643.0,1787,1787,797.7046511627907,36,0,1000000,3000,4
328997,328997,1315988,2281,327,1308,1016.0,0.0,1016.0,1138,1138,719.3700305810397,23,0,1000000,3000,4
329037,329037,1316148,2282,40,160,237.0,0.0,237.0,301,301,150.5,7,0,1000000,3000,4
329256,329256,1317024,2283,219,876,1030.0,0.0,1030.0,1129,1129,631.3698630136986,23,0,1000000,3000,4
329444,329444,1317776,2284,188,752,806.0,0.0,806.0,898,898,604.3936170212766,18,0,1000000,3000,4
329475,329475,1317900,2285,31,124,246.0,0.0,246.0,310,310,150.41935483870967,7,0,1000000,3000,4
329619,329619,1318476,2286,144,576,596.0,0.0,596.0,681,681,439.6875,14,0,1000000,3000,4
329721,329721,1318884,2287,102,408,612.0,0.0,612.0,689,689,379.2450980392157,14,0,1000000,3000,4
329970,329970,1319880,2288,249,996,1302.0,0.0,1302.0,1407,1407,697.8835341365461,29,0,1000000,3000,4
330015,330015,1320060,2289,45,180,229.0,0.0,229.0,294,294,152.7111111111111,6,0,1000000,3000,4
330264,330264,1321056,2290,249,996,1024.0,0.0,1024.0,1129,1129,657.5461847389558,23,0,1000000,3000,4
330752,330752,1323008,2291,488,1952,1254.0,0.0,1254.0,1408,1408,709.2295081967213,29,0,1000000,3000,4
330903,330903,1323612,2292,151,604,708.0,0.0,708.0,795,795,487.1655629139073,16,0,1000000,3000,4
331151,331151,1324604,2293,248,992,1313.0,0.0,1313.0,1419,1419,708.8225806451613,29,0,1000000,3000,4
331253,331253,1325012,2294,102,408,607.0,0.0,607.0,684,684,382.5882352941176,14,0,1000000,3000,4
331357,331357,1325428,2295,104,416,604.0,0.0,604.0,682,682,384.6923076923077,14,0,1000000,3000,4
331554,331554,1326216,2296,197,788,1340.0,0.0,1340.0,1437,1437,658.6040609137056,29,0,1000000,3000,4
331648,331648,1326592,2297,94,376,622.0,0.0,622.0,698,698,382.75531914893617,14,0,1000000,3000,4
331724,331724,1326896,2298,76,304,631.0,0.0,631.0,704,704,354.7631578947368,15,0,1000000,3000,4
331761,331761,1327044,2299,37,148,237.0,0.0,237.0,300,300,161.24324324324326,7,0,1000000,3000,4
332021,332021,1328084,2300,260,1040,1019.0,0.0,1019.0,1126,1126,630.1153846153846,23,0,1000000,3000,4
332182,332182,1328728,2301,161,644,1041.0,0.0,1041.0,1129,1129,617.7577639751553,23,0,1000000,3000,4
332564,332564,1330256,2302,382,1528,1295.0,0.0,1295.0,1429,1429,757.5287958115183,29,0,1000000,3000,4
332602,332602,1330408,2303,38,152,245.0,0.0,245.0,310,310,141.6315789473684,7,0,1000000,3000,4
332848,332848,1331392,2304,246,984,1677.0,0.0,1677.0,1783,1783,834.6016260162602,36,0,1000000,3000,4
332956,332956,1331824,2305,108,432,613.0,0.0,613.0,692,692,371.60185185185185,14,0,1000000,3000,4
333040,333040,1332160,2306,84,336,607.0,0.0,607.0,681,681,417.67857142857144,14,0,1000000,3000,4
333069,333069,1332276,2307,29,116,251.0,0.0,251.0,314,314,160.6551724137931,7,0,1000000,3000,4
333328,333328,1333312,2308,259,1036,1022.0,0.0,1022.0,1129,1129,644.1891891891892,23,0,1000000,3000,4
333364,333364,1333456,2309,36,144,233.0,0.0,233.0,297,297,164.11111111111111,6,0,1000000,3000,4
333394,333394,1333576,2310,30,120,247.0,0.0,247.0,311,311,152.23333333333332,7,0,1000000,3000,4
333426,333426,1333704,2311,32,128,251.0,0.0,251.0,315,315,154.3125,7,0,1000000,3000,4
333455,333455,1333820,2312,29,116,247.0,0.0,247.0,309,309,159.20689655172413,7,0,1000000,3000,4
333531,333531,1334124,2313,76,304,652.0,0.0,652.0,722,722,378.8157894736842,15,0,1000000,3000,4
333686,333686,1334744,2314,155,620,1348.0,0.0,1348.0,1436,1436,671.8903225806451,29,0,1000000,3000,4
333826,333826,1335304,2315,140,560,1348.0,0.0,1348.0,1434,1434,700.8785714285714,29,0,1000000,3000,4
333928,333928,1335712,2316,102,408,604.0,0.0,604.0,682,682,415.11764705882354,14,0,1000000,3000,4
334080,334080,1336320,2317,152,608,1066.0,0.0,1066.0,1154,1154,598.796052631579,24,0,1000000,3000,4
334108,334108,1336432,2318,28,112,251.0,0.0,251.0,314,314,158.96428571428572,7,0,1000000,3000,4
334263,334263,1337052,2319,155,620,765.0,0.0,765.0,854,854,536.4580645161291,18,0,1000000,3000,4
334544,334544,1338176,2320,281,1124,1308.0,0.0,1308.0,1421,1421,734.3985765124555,29,0,1000000,3000,4
334574,334574,1338296,2321,30,120,248.0,0.0,248.0,310,310,158.63333333333333,7,0,1000000,3000,4
334909,334909,1339636,2322,335,1340,1311.0,0.0,1311.0,1435,1435,765.6686567164179,29,0,1000000,3000,4
334939,334939,1339756,2323,30,120,246.0,0.0,246.0,310,310,148.76666666666668,7,0,1000000,3000,4
334969,334969,1339876,2324,30,120,249.0,0.0,249.0,312,312,154.73333333333332,7,0,1000000,3000,4
335196,335196,1340784,2325,227,908,1303.0,0.0,1303.0,1405,1405,707.6211453744494,29,0,1000000,3000,4
335276,335276,1341104,2326,80,320,618.0,0.0,618.0,690,690,351.6875,14,0,1000000,3000,4
335539,335539,1342156,2327,263,1052,1018.0,0.0,1018.0,1126,1126,658.7832699619772,23,0,1000000,3000,4
335612,335612,1342448,2328,73,292,617.0,0.0,617.0,689,689,353.16438356164383,14,0,1000000,3000,4
335644,335644,1342576,2329,32,128,251.0,0.0,251.0,314,314,149.8125,7,0,1000000,3000,4
335879,335879,1343516,2330,235,940,797.0,0.0,797.0,898,899,660.7234042553191,18,0,1000000,3000,4
336042,336042,1344168,2331,163,652,739.0,0.0,739.0,828,828,494.96932515337426,17,0,1000000,3000,4
336128,336128,1344512,2332,86,344,610.0,0.0,610.0,685,685,408.1511627906977,14,0,1000000,3000,4
336341,336341,1345364,2333,213,852,738.0,0.0,738.0,838,838,602.075117370892,17,0,1000000,3000,4
336540,336540,1346160,2334,199,796,692.0,0.0,692.0,788,788,534.7788944723618,16,0,1000000,3000,4
336578,336578,1346312,2335,38,152,237.0,0.0,237.0,302,302,160.23684210526315,7,0,1000000,3000,4
336613,336613,1346452,2336,35,140,243.0,0.0,243.0,306,306,156.4,7,0,1000000,3000,4
336741,336741,1346964,2337,128,512,740.0,0.0,740.0,823,823,506.109375,17,0,1000000,3000,4
336782,336782,1347128,2338,41,164,239.0,0.0,239.0,305,305,148.9268292682927,7,0,1000000,3000,4
337050,337050,1348200,2339,268,1072,1020.0,0.0,1020.0,1129,1129,644.4179104477612,23,0,1000000,3000,4
337083,337083,1348332,2340,33,132,250.0,0.0,250.0,314,314,148.75757575757575,7,0,1000000,3000,4
337118,337118,1348472,2341,35,140,249.0,0.0,249.0,314,314,147.05714285714285,7,0,1000000,3000,4
337220,337220,1348880,2342,102,408,604.0,0.0,604.0,681,681,392.27450980392155,14,0,1000000,3000,4
337299,337299,1349196,2343,79,316,612.0,0.0,612.0,685,685,339.0126582278481,14,0,1000000,3000,4
337472,337472,1349888,2344,173,692,1036.0,0.0,1036.0,1125,1125,642.2543352601156,23,0,1000000,3000,4
337721,337721,1350884,2345,249,996,794.0,0.0,794.0,898,900,666.0843373493976,19,0,1000000,3000,4
337954,337954,1351816,2346,233,932,1315.0,0.0,1315.0,1418,1418,742.6223175965665,29,0,1000000,3000,4
338124,338124,1352496,2347,170,680,1150.0,0.0,1150.0,1241,1241,649.4764705882353,25,0,1000000,3000,4
338157,338157,1352628,2348,33,132,248.0,0.0,248.0,312,312,149.33333333333334,7,0,1000000,3000,4
338195,338195,1352780,2349,38,152,240.0,0.0,240.0,305,305,151.18421052631578,7,0,1000000,3000,4
338349,338349,1353396,2350,154,616,1346.0,0.0,1346.0,1434,1434,708.2402597402597,29,0,1000000,3000,4
338439,338439,1353756,2351,90,360,636.0,0.0,636.0,711,711,394.2111111111111,15,0,1000000,3000,4
338533,338533,1354132,2352,94,376,622.0,0.0,622.0,698,698,401.2659574468085,14,0,1000000,3000,4
338565,338565,1354260,2353,32,128,249.0,0.0,249.0,313,313,152.09375,7,0,1000000,3000,4
338762,338762,1355048,2354,197,788,1419.0,0.0,1419.0,1514,1514,738.4923857868021,31,0,1000000,3000,4
338912,338912,1355648,2355,150,600,1041.0,0.0,1041.0,1126,1126,628.4533333333334,23,0,1000000,3000,4
338989,338989,1355956,2356,77,308,639.0,0.0,639.0,711,711,375.7402597402597,15,0,1000000,3000,4
339173,339173,1356692,2357,184,736,1317.0,0.0,1317.0,1409,1409,722.9076086956521,29,0,1000000,3000,4
339323,339323,1357292,2358,150,600,814.0,0.0,814.0,898,898,559.6,18,0,1000000,3000,4
339359,339359,1357436,2359,36,144,240.0,0.0,240.0,304,304,156.16666666666666,7,0,1000000,3000,4
339443,339443,1357772,2360,84,336,622.0,0.0,622.0,695,695,362.5595238095238,14,0,1000000,3000,4
339592,339592,1358368,2361,149,596,761.0,0.0,761.0,847,847,553.8120805369127,17,0,1000000,3000,4
339625,339625,1358500,2362,33,132,249.0,0.0,249.0,311,311,154.87878787878788,7,0,1000000,3000,4
339830,339830,1359320,2363,205,820,1034.0,0.0,1034.0,1130,1130,629.9121951219512,23,0,1000000,3000,4
339917,339917,1359668,2364,87,348,604.0,0.0,604.0,678,678,418.97701149425285,14,0,1000000,3000,4
340021,340021,1360084,2365,104,416,617.0,0.0,617.0,693,693,397.2980769230769,14,0,1000000,3000,4
340055,340055,1360220,2366,34,136,237.0,0.0,237.0,301,301,161.8235294117647,7,0,1000000,3000,4
340159,340159,1360636,2367,104,416,619.0,0.0,619.0,697,697,384.96153846153845,14,0,1000000,3000,4
340386,340386,1361544,2368,227,908,1029.0,0.0,1029.0,1131,1131,704.2643171806168,23,0,1000000,3000,4
340663,340663,1362652,2369,277,1108,1560.0,0.0,1560.0,1673,1673,829.797833935018,34,0,1000000,3000,4
340700,340700,1362800,2370,37,148,248.0,0.0,248.0,313,313,148.97297297297297,7,0,1000000,3000,4
340864,340864,1363456,2371,164,656,1039.0,0.0,1039.0,1127,1127,550.4878048780488,23,0,1000000,3000,4
340964,340964,1363856,2372,100,400,604.0,0.0,604.0,680,680,391.48,14,0,1000000,3000,4
341129,341129,1364516,2373,165,660,635.0,0.0,635.0,722,722,478.41818181818184,15,0,1000000,3000,4
341173,341173,1364692,2374,44,176,227.0,0.0,227.0,291,291,166.38636363636363,6,0,1000000,3000,4
341466,341466,1365864,2375,293,1172,1556.0,0.0,1556.0,1671,1671,796.5119453924915,34,0,1000000,3000,4
341513,341513,1366052,2376,47,188,215.0,0.0,215.0,280,280,160.93617021276594,6,0,1000000,3000,4
341707,341707,1366828,2377,194,776,1036.0,0.0,1036.0,1131,1131,594.7886597938144,23,0,1000000,3000,4
341931,341931,1367724,2378,224,896,1423.0,0.0,1423.0,1524,1524,691.9910714285714,31,0,1000000,3000,4
342111,342111,1368444,2379,180,720,1419.0,0.0,1419.0,1510,1510,735.7055555555555,31,0,1000000,3000,4
342342,342342,1369368,2380,231,924,1032.0,0.0,1032.0,1135,1135,614.1645021645022,23,0,1000000,3000,4
342553,342553,1370212,2381,211,844,1030.0,0.0,1030.0,1128,1128,590.7582938388625,23,0,1000000,3000,4
342597,342597,1370388,2382,44,176,233.0,0.0,233.0,298,298,155.3181818181818,6,0,1000000,3000,4
342635,342635,1370540,2383,38,152,235.0,0.0,235.0,299,299,160.42105263157896,6,0,1000000,3000,4
342769,342769,1371076,2384,134,536,624.0,0.0,624.0,708,708,353.25373134328356,15,0,1000000,3000,4
343023,343023,1372092,2385,254,1016,1683.0,0.0,1683.0,1790,1790,806.2992125984252,36,0,1000000,3000,4
343061,343061,1372244,2386,38,152,231.0,0.0,231.0,294,294,166.71052631578948,6,0,1000000,3000,4
343329,343329,1373316,2387,268,1072,1018.0,0.0,1018.0,1127,1127,628.973880597015,23,0,1000000,3000,4
343366,343366,1373464,2388,37,148,242.0,0.0,242.0,306,306,154.51351351351352,7,0,1000000,3000,4
343541,343541,1374164,2389,175,700,741.0,0.0,741.0,832,832,488.1257142857143,17,0,1000000,3000,4
343844,343844,1375376,2390,303,1212,1316.0,0.0,1316.0,1434,1434,750.3927392739274,29,0,1000000,3000,4
344209,344209,1376836,2391,365,1460,997.0,0.0,997.0,1126,1126,691.0876712328767,23,0,1000000,3000,4
344384,344384,1377536,2392,175,700,633.0,0.0,633.0,722,722,482.65714285714284,15,0,1000000,3000,4
344713,344713,1378852,2393,329,1316,679.0,0.0,679.0,801,801,589.0182370820669,17,0,1000000,3000,4
344908,344908,1379632,2394,195,780,752.0,0.0,752.0,848,848,503.1794871794872,17,0,1000000,3000,4
345034,345034,1380136,2395,126,504,608.0,0.0,608.0,690,690,346.8095238095238,14,0,1000000,3000,4
345081,345081,1380324,2396,47,188,223.0,0.0,223.0,289,289,154.4255319148936,6,0,1000000,3000,4
345270,345270,1381080,2397,189,756,806.0,0.0,806.0,898,898,501.5449735449736,18,0,1000000,3000,4
345468,345468,1381872,2398,198,792,804.0,0.0,804.0,898,898,582.5454545454545,18,0,1000000,3000,4
345611,345611,1382444,2399,143,572,578.0,0.0,578.0,662,662,356.2027972027972,14,0,1000000,3000,4
345845,345845,1383380,2400,234,936,1035.0,0.0,1035.0,1137,1137,599.6794871794872,23,0,1000000,3000,4
345977,345977,1383908,2401,132,528,594.0,0.0,594.0,677,677,351.49242424242425,14,0,1000000,3000,4
346242,346242,1384968,2402,265,1060,790.0,0.0,790.0,898,898,508.96981132075473,18,0,1000000,3000,4
346339,346339,1385356,2403,97,388,601.0,0.0,601.0,676,676,388.77319587628864,14,0,1000000,3000,4
346615,346615,1386460,2404,276,1104,1027.0,0.0,1027.0,1139,1139,660.5579710144928,23,0,1000000,3000,4
346818,346818,1387272,2405,203,812,1029.0,0.0,1029.0,1124,1124,639.1527093596059,23,0,1000000,3000,4
346978,346978,1387912,2406,160,640,812.0,0.0,812.0,898,899,538.95625,18,0,1000000,3000,4
347013,347013,1388052,2407,35,140,248.0,0.0,248.0,311,311,140.97142857142856,7,0,1000000,3000,4
347052,347052,1388208,2408,39,156,238.0,0.0,238.0,302,302,159.30769230769232,7,0,1000000,3000,4
347086,347086,1388344,2409,34,136,244.0,0.0,244.0,308,308,150.38235294117646,7,0,1000000,3000,4
347121,347121,1388484,2410,35,140,244.0,0.0,244.0,308,308,153.8,7,0,1000000,3000,4
347371,347371,1389484,2411,250,1000,1848.0,0.0,1848.0,1955,1955,895.776,40,0,1000000,3000,4
347409,347409,1389636,2412,38,152,232.0,0.0,232.0,297,297,150.3684210526316,6,0,1000000,3000,4
347599,347599,1390396,2413,190,760,704.0,0.0,704.0,797,797,457.9421052631579,16,0,1000000,3000,4
347700,347700,1390800,2414,101,404,622.0,0.0,622.0,699,699,370.0792079207921,14,0,1000000,3000,4
347953,347953,1391812,2415,253,1012,1020.0,0.0,1020.0,1125,1125,614.5177865612649,23,0,1000000,3000,4
348133,348133,1392532,2416,180,720,631.0,0.0,631.0,722,722,463.25555555555553,15,0,1000000,3000,4
348257,348257,1393028,2417,124,496,598.0,0.0,598.0,678,678,392.6532258064516,14,0,1000000,3000,4
348345,348345,1393380,2418,88,352,615.0,0.0,615.0,689,689,319.40909090909093,14,0,1000000,3000,4
348450,348450,1393800,2419,105,420,646.0,0.0,646.0,722,722,337.1714285714286,15,0,1000000,3000,4
348664,348664,1394656,2420,214,856,1311.0,0.0,1311.0,1409,1409,720.3457943925233,29,0,1000000,3000,4
348726,348726,1394904,2421,62,248,214.0,0.0,214.0,282,282,134.51612903225808,6,0,1000000,3000,4
348860,348860,1395440,2422,134,536,624.0,0.0,624.0,708,708,352.1940298507463,15,0,1000000,3000,4
349144,349144,1396576,2423,284,1136,787.0,0.0,787.0,898,899,557.6478873239437,18,0,1000000,3000,4
349243,349243,1396972,2424,99,396,616.0,0.0,616.0,692,692,383.2828282828283,14,0,1000000,3000,4
349411,349411,1397644,2425,168,672,755.0,0.0,755.0,846,846,556.202380952381,17,0,1000000,3000,4
349729,349729,1398916,2426,318,1272,677.0,0.0,677.0,796,796,604.5911949685535,16,0,1000000,3000,4
349831,349831,1399324,2427,102,408,614.0,0.0,614.0,691,691,353.1666666666667,14,0,1000000,3000,4
349948,349948,1399792,2428,117,468,605.0,0.0,605.0,685,685,367.2649572649573,14,0,1000000,3000,4
350181,350181,1400724,2429,233,932,1023.0,0.0,1023.0,1124,1124,618.4635193133047,23,0,1000000,3000,4
350273,350273,1401092,2430,92,368,608.0,0.0,608.0,684,684,394.1195652173913,14,0,1000000,3000,4
350488,350488,1401952,2431,215,860,1026.0,0.0,1026.0,1123,1123,647.4279069767442,23,0,1000000,3000,4
350676,350676,1402704,2432,188,752,724.0,0.0,724.0,818,818,540.531914893617,17,0,1000000,3000,4
350852,350852,1403408,2433,176,704,1432.0,0.0,1432.0,1524,1524,732.1477272727273,31,0,1000000,3000,4
350890,350890,1403560,2434,38,152,230.0,0.0,230.0,294,294,169.10526315789474,6,0,1000000,3000,4
351028,351028,1404112,2435,138,552,1042.0,0.0,1042.0,1125,1125,558.6304347826087,23,0,1000000,3000,4
351068,351068,1404272,2436,40,160,234.0,0.0,234.0,299,299,164.875,6,0,1000000,3000,4
351251,351251,1405004,2437,183,732,1038.0,0.0,1038.0,1130,1130,628.5464480874317,23,0,1000000,3000,4
351407,351407,1405628,2438,156,624,1038.0,0.0,1038.0,1125,1125,565.6346153846154,23,0,1000000,3000,4
351656,351656,1406624,2439,249,996,1416.0,0.0,1416.0,1521,1521,757.1164658634539,31,0,1000000,3000,4
351767,351767,1407068,2440,111,444,717.0,0.0,717.0,795,795,430.036036036036,16,0,1000000,3000,4
351805,351805,1407220,2441,38,152,229.0,0.0,229.0,292,292,166.92105263157896,6,0,1000000,3000,4
351928,351928,1407712,2442,123,492,606.0,0.0,606.0,688,688,378.1626016260163,14,0,1000000,3000,4
352418,352418,1409672,2443,490,1960,3024.0,0.0,3024.0,3161,3161,1708.561224489796,64,0,1000000,3000,4
352592,352592,1410368,2444,174,696,1039.0,0.0,1039.0,1129,1129,615.5574712643678,23,0,1000000,3000,4
352628,352628,1410512,2445,36,144,236.0,0.0,236.0,300,300,164.77777777777777,7,0,1000000,3000,4
352708,352708,1410832,2446,80,320,623.0,0.0,623.0,696,696,348.05,14,0,1000000,3000,4
352933,352933,1411732,2447,225,900,1047.0,0.0,1047.0,1149,1149,577.9333333333333,23,0,1000000,3000,4
353028,353028,1412112,2448,95,380,619.0,0.0,619.0,695,695,392.46315789473687,14,0,1000000,3000,4
353392,353392,1413568,2449,364,1456,2342.0,0.0,2342.0,2470,2470,1341.4807692307693,50,0,1000000,3000,4
353464,353464,1413856,2450,72,288,617.0,0.0,617.0,689,689,347.56944444444446,14,0,1000000,3000,4
353805,353805,1415220,2451,341,1364,1289.0,0.0,1289.0,1412,1412,731.6715542521994,29,0,1000000,3000,4
353908,353908,1415632,2452,103,412,610.0,0.0,610.0,686,686,383.4466019417476,14,0,1000000,3000,4
353998,353998,1415992,2453,90,360,620.0,0.0,620.0,693,693,396.97777777777776,14,0,1000000,3000,4
354190,354190,1416760,2454,192,768,1033.0,0.0,1033.0,1127,1127,581.8229166666666,23,0,1000000,3000,4
354448,354448,1417792,2455,258,1032,1316.0,0.0,1316.0,1425,1425,685.3527131782946,29,0,1000000,3000,4
354533,354533,1418132,2456,85,340,630.0,0.0,630.0,703,703,360.45882352941175,15,0,1000000,3000,4
354844,354844,1419376,2457,311,1244,1009.0,0.0,1009.0,1127,1127,751.8006430868168,23,0,1000000,3000,4
354887,354887,1419548,2458,43,172,229.0,0.0,229.0,295,295,150.13953488372093,6,0,1000000,3000,4
355000,355000,1420000,2459,113,452,614.0,0.0,614.0,692,692,390.53982300884957,14,0,1000000,3000,4
355049,355049,1420196,2460,49,196,230.0,0.0,230.0,297,297,137.26530612244898,6,0,1000000,3000,4
355207,355207,1420828,2461,158,632,596.0,0.0,596.0,684,684,443.5253164556962,14,0,1000000,3000,4
355344,355344,1421376,2462,137,548,738.0,0.0,738.0,822,822,457.8759124087591,17,0,1000000,3000,4
355595,355595,1422380,2463,251,1004,1045.0,0.0,1045.0,1153,1153,641.7649402390439,24,0,1000000,3000,4
355757,355757,1423028,2464,162,648,579.0,0.0,579.0,667,667,480.24074074074076,14,0,1000000,3000,4
355876,355876,1423504,2465,119,476,624.0,0.0,624.0,705,705,316.9495798319328,15,0,1000000,3000,4
356128,356128,1424512,2466,252,1008,1318.0,0.0,1318.0,1426,1426,624.7222222222222,29,0,1000000,3000,4
356166,356166,1424664,2467,38,152,238.0,0.0,238.0,303,303,147.97368421052633,7,0,1000000,3000,4
356276,356276,1425104,2468,110,440,612.0,0.0,612.0,690,690,363.3818181818182,14,0,1000000,3000,4
356323,356323,1425292,2469,47,188,230.0,0.0,230.0,297,297,140.06382978723406,6,0,1000000,3000,4
356519,356519,1426076,2470,196,784,1145.0,0.0,1145.0,1242,1242,661.6020408163265,25,0,1000000,3000,4
356841,356841,1427364,2471,322,1288,1887.0,0.0,1887.0,2009,2009,978.77950310559,41,0,1000000,3000,4
357411,357411,1429644,2472,570,2280,967.0,0.0,967.0,1138,1138,731.359649122807,23,0,1000000,3000,4
357674,357674,1430696,2473,263,1052,1325.0,0.0,1325.0,1435,1435,697.8326996197719,29,0,1000000,3000,4
357873,357873,1431492,2474,199,796,1039.0,0.0,1039.0,1135,1135,608.5427135678392,23,0,1000000,3000,4
358139,358139,1432556,2475,266,1064,1400.0,0.0,1400.0,1511,1511,786.3872180451128,31,0,1000000,3000,4
358232,358232,1432928,2476,93,372,611.0,0.0,611.0,686,686,394.02150537634407,14,0,1000000,3000,4
358274,358274,1433096,2477,42,168,227.0,0.0,227.0,292,292,163.45238095238096,6,0,1000000,3000,4
358459,358459,1433836,2478,185,740,1031.0,0.0,1031.0,1123,1123,633.8054054054054,23,0,1000000,3000,4
358544,358544,1434176,2479,85,340,631.0,0.0,631.0,705,705,387.3176470588235,15,0,1000000,3000,4
358903,358903,1435612,2480,359,1436,1280.0,0.0,1280.0,1408,1408,692.3286908077995,29,0,1000000,3000,4
358943,358943,1435772,2481,40,160,235.0,0.0,235.0,299,299,159.7,6,0,1000000,3000,4
359158,359158,1436632,2482,215,860,1028.0,0.0,1028.0,1125,1125,634.6046511627907,23,0,1000000,3000,4
359191,359191,1436764,2483,33,132,241.0,0.0,241.0,304,304,164.3030303030303,7,0,1000000,3000,4
359383,359383,1437532,2484,192,768,1042.0,0.0,1042.0,1137,1137,639.8697916666666,23,0,1000000,3000,4
359544,359544,1438176,2485,161,644,635.0,0.0,635.0,722,722,479.5652173913044,15,0,1000000,3000,4
359580,359580,1438320,2486,36,144,237.0,0.0,237.0,302,302,166.11111111111111,7,0,1000000,3000,4
359624,359624,1438496,2487,44,176,234.0,0.0,234.0,299,299,152.70454545454547,6,0,1000000,3000,4
359660,359660,1438640,2488,36,144,239.0,0.0,239.0,304,304,156.11111111111111,7,0,1000000,3000,4
359741,359741,1438964,2489,81,324,612.0,0.0,612.0,685,685,346.38271604938274,14,0,1000000,3000,4
359946,359946,1439784,2490,205,820,1034.0,0.0,1034.0,1130,1130,634.3512195121951,23,0,1000000,3000,4
359983,359983,1439932,2491,37,148,233.0,0.0,233.0,297,297,164.64864864864865,6,0,1000000,3000,4
360170,360170,1440680,2492,187,748,1044.0,0.0,1044.0,1138,1138,609.4385026737968,23,0,1000000,3000,4
360206,360206,1440824,2493,36,144,245.0,0.0,245.0,310,310,148.36111111111111,7,0,1000000,3000,4
360356,360356,1441424,2494,150,600,638.0,0.0,638.0,722,722,478.16,15,0,1000000,3000,4
360396,360396,1441584,2495,40,160,234.0,0.0,234.0,299,299,159.075,6,0,1000000,3000,4
360500,360500,1442000,2496,104,416,633.0,0.0,633.0,711,711,357.5,15,0,1000000,3000,4
360723,360723,1442892,2497,223,892,1050.0,0.0,1050.0,1152,1152,648.2914798206278,24,0,1000000,3000,4
360768,360768,1443072,2498,45,180,221.0,0.0,221.0,284,284,171.8,6,0,1000000,3000,4
360897,360897,1443588,2499,129,516,620.0,0.0,620.0,702,702,349.9922480620155,15,0,1000000,3000,4
361063,361063,1444252,2500,166,664,1040.0,0.0,1040.0,1130,1130,634.1626506024096,23,0,1000000,3000,4
361107,361107,1444428,2501,44,176,219.0,0.0,219.0,283,283,171.75,6,0,1000000,3000,4
361205,361205,1444820,2502,98,392,623.0,0.0,623.0,699,699,374.7244897959184,14,0,1000000,3000,4
361245,361245,1444980,2503,40,160,237.0,0.0,237.0,301,301,159.35,7,0,1000000,3000,4
361295,361295,1445180,2504,50,200,229.0,0.0,229.0,294,294,144.86,6,0,1000000,3000,4
361340,361340,1445360,2505,45,180,236.0,0.0,236.0,300,300,149.9777777777778,7,0,1000000,3000,4
361548,361548,1446192,2506,208,832,1318.0,0.0,1318.0,1416,1416,780.5625,29,0,1000000,3000,4
361584,361584,1446336,2507,36,144,246.0,0.0,246.0,311,311,145.72222222222223,7,0,1000000,3000,4
361812,361812,1447248,2508,228,912,1845.0,0.0,1845.0,1947,1947,925.2850877192982,39,0,1000000,3000,4
362029,362029,1448116,2509,217,868,1688.0,0.0,1688.0,1788,1788,847.6036866359447,36,0,1000000,3000,4
362496,362496,1449984,2510,467,1868,2321.0,0.0,2321.0,2469,2469,1176.2955032119914,50,0,1000000,3000,4
362733,362733,1450932,2511,237,948,1570.0,0.0,1570.0,1675,1675,791.451476793249,34,0,1000000,3000,4
362922,362922,1451688,2512,189,756,755.0,0.0,755.0,849,849,500.07936507936506,17,0,1000000,3000,4
363110,363110,1452440,2513,188,752,1041.0,0.0,1041.0,1135,1135,660.3936170212766,23,0,1000000,3000,4
363209,363209,1452836,2514,99,396,625.0,0.0,625.0,701,701,326.75757575757575,15,0,1000000,3000,4
363286,363286,1453144,2515,77,308,606.0,0.0,606.0,679,679,322.14285714285717,14,0,1000000,3000,4
363326,363326,1453304,2516,40,160,235.0,0.0,235.0,301,301,156.825,7,0,1000000,3000,4
363711,363711,1454844,2517,385,1540,2340.0,0.0,2340.0,2473,2473,1336.4805194805194,50,0,1000000,3000,4
363746,363746,1454984,2518,35,140,245.0,0.0,245.0,309,309,155.14285714285714,7,0,1000000,3000,4
363786,363786,1455144,2519,40,160,236.0,0.0,236.0,302,302,153.15,7,0,1000000,3000,4
363817,363817,1455268,2520,31,124,245.0,0.0,245.0,307,307,159.7741935483871,7,0,1000000,3000,4
363923,363923,1455692,2521,106,424,611.0,0.0,611.0,689,689,375.7358490566038,14,0,1000000,3000,4
364201,364201,1456804,2522,278,1112,1913.0,0.0,1913.0,2025,2025,1037.3273381294964,41,0,1000000,3000,4
364365,364365,1457460,2523,164,656,720.0,0.0,720.0,808,808,563.7012195121952,17,0,1000000,3000,4
364555,364555,1458220,2524,190,760,1059.0,0.0,1059.0,1154,1154,603.8368421052631,24,0,1000000,3000,4
364593,364593,1458372,2525,38,152,235.0,0.0,235.0,299,299,166.28947368421052,6,0,1000000,3000,4
364676,364676,1458704,2526,83,332,627.0,0.0,627.0,701,701,389.86746987951807,15,0,1000000,3000,4
364760,364760,1459040,2527,84,336,637.0,0.0,637.0,711,711,372.7142857142857,15,0,1000000,3000,4
364856,364856,1459424,2528,96,384,625.0,0.0,625.0,702,702,371.84375,15,0,1000000,3000,4
364941,364941,1459764,2529,85,340,614.0,0.0,614.0,687,687,412.05882352941177,14,0,1000000,3000,4
364976,364976,1459904,2530,35,140,243.0,0.0,243.0,307,307,156.71428571428572,7,0,1000000,3000,4
365018,365018,1460072,2531,42,168,236.0,0.0,236.0,302,302,155.61904761904762,7,0,1000000,3000,4
365126,365126,1460504,2532,108,432,584.0,0.0,584.0,662,662,419.51851851851853,14,0,1000000,3000,4
365290,365290,1461160,2533,164,656,1151.0,0.0,1151.0,1240,1240,643.079268292683,25,0,1000000,3000,4
365464,365464,1461856,2534,174,696,1141.0,0.0,1141.0,1232,1232,629.3218390804598,25,0,1000000,3000,4
365502,365502,1462008,2535,38,152,248.0,0.0,248.0,313,313,147.3421052631579,7,0,1000000,3000,4
365536,365536,1462144,2536,34,136,242.0,0.0,242.0,305,305,156.38235294117646,7,0,1000000,3000,4
365631,365631,1462524,2537,95,380,623.0,0.0,623.0,699,699,386.05263157894734,14,0,1000000,3000,4
365663,365663,1462652,2538,32,128,250.0,0.0,250.0,314,314,148.34375,7,0,1000000,3000,4
365901,365901,1463604,2539,238,952,1674.0,0.0,1674.0,1778,1778,864.1134453781513,36,0,1000000,3000,4
366038,366038,1464152,2540,137,548,729.0,0.0,729.0,813,813,505.97080291970804,17,0,1000000,3000,4
366186,366186,1464744,2541,148,592,1041.0,0.0,1041.0,1126,1126,581.4797297297297,23,0,1000000,3000,4
366273,366273,1465092,2542,87,348,627.0,0.0,627.0,701,701,383.01149425287355,15,0,1000000,3000,4
366415,366415,1465660,2543,142,568,815.0,0.0,815.0,898,898,596.4859154929577,18,0,1000000,3000,4
366600,366600,1466400,2544,185,740,1575.0,0.0,1575.0,1669,1669,815.5891891891891,34,0,1000000,3000,4
366710,366710,1466840,2545,110,440,597.0,0.0,597.0,676,676,367.8454545454546,14,0,1000000,3000,4
366896,366896,1467584,2546,186,744,806.0,0.0,806.0,898,899,604.016129032258,18,0,1000000,3000,4
366930,366930,1467720,2547,34,136,249.0,0.0,249.0,313,313,152.52941176470588,7,0,1000000,3000,4
367120,367120,1468480,2548,190,760,1334.0,0.0,1334.0,1430,1430,741.7105263157895,29,0,1000000,3000,4
367216,367216,1468864,2549,96,384,632.0,0.0,632.0,709,709,377.1666666666667,15,0,1000000,3000,4
367343,367343,1469372,2550,127,508,747.0,0.0,747.0,830,830,533.2519685039371,17,0,1000000,3000,4
367519,367519,1470076,2551,176,704,1339.0,0.0,1339.0,1432,1432,721.6818181818181,29,0,1000000,3000,4
367786,367786,1471144,2552,267,1068,1302.0,0.0,1302.0,1410,1410,701.8426966292135,29,0,1000000,3000,4
367822,367822,1471288,2553,36,144,234.0,0.0,234.0,298,298,158.5,6,0,1000000,3000,4
368135,368135,1472540,2554,313,1252,1403.0,0.0,1403.0,1523,1523,713.3546325878594,31,0,1000000,3000,4
368350,368350,1473400,2555,215,860,1032.0,0.0,1032.0,1130,1130,614.3116279069767,23,0,1000000,3000,4
368436,368436,1473744,2556,86,344,604.0,0.0,604.0,679,679,342.2325581395349,14,0,1000000,3000,4
368469,368469,1473876,2557,33,132,244.0,0.0,244.0,308,308,160.72727272727272,7,0,1000000,3000,4
368507,368507,1474028,2558,38,152,247.0,0.0,247.0,312,312,135.23684210526315,7,0,1000000,3000,4
368664,368664,1474656,2559,157,628,812.0,0.0,812.0,898,898,535.5350318471337,18,0,1000000,3000,4
368862,368862,1475448,2560,198,792,1427.0,0.0,1427.0,1524,1524,725.3434343434343,31,0,1000000,3000,4
368891,368891,1475564,2561,29,116,249.0,0.0,249.0,312,312,158.20689655172413,7,0,1000000,3000,4
368984,368984,1475936,2562,93,372,627.0,0.0,627.0,702,702,387.9462365591398,15,0,1000000,3000,4
369013,369013,1476052,2563,29,116,245.0,0.0,245.0,308,308,156.72413793103448,7,0,1000000,3000,4
369048,369048,1476192,2564,35,140,250.0,0.0,250.0,314,314,145.74285714285713,7,0,1000000,3000,4
369078,369078,1476312,2565,30,120,246.0,0.0,246.0,309,309,156.86666666666667,7,0,1000000,3000,4
369185,369185,1476740,2566,107,428,616.0,0.0,616.0,694,694,405.4392523364486,14,0,1000000,3000,4
369260,369260,1477040,2567,75,300,610.0,0.0,610.0,682,682,357.2,14,0,1000000,3000,4
369288,369288,1477152,2568,28,112,248.0,0.0,248.0,311,311,155.82142857142858,7,0,1000000,3000,4
369320,369320,1477280,2569,32,128,245.0,0.0,245.0,309,309,160.09375,7,0,1000000,3000,4
369350,369350,1477400,2570,30,120,250.0,0.0,250.0,314,314,153.26666666666668,7,0,1000000,3000,4
369575,369575,1478300,2571,225,900,1029.0,0.0,1029.0,1129,1129,691.0311111111112,23,0,1000000,3000,4
369845,369845,1479380,2572,270,1080,1323.0,0.0,1323.0,1434,1434,716.2296296296296,29,0,1000000,3000,4
369875,369875,1479500,2573,30,120,251.0,0.0,251.0,314,314,156.5,7,0,1000000,3000,4
369907,369907,1479628,2574,32,128,245.0,0.0,245.0,308,308,158.625,7,0,1000000,3000,4
369938,369938,1479752,2575,31,124,248.0,0.0,248.0,312,312,148.93548387096774,7,0,1000000,3000,4
370028,370028,1480112,2576,90,360,636.0,0.0,636.0,711,711,396.1,15,0,1000000,3000,4
370057,370057,1480228,2577,29,116,252.0,0.0,252.0,314,314,155.72413793103448,7,0,1000000,3000,4
370180,370180,1480720,2578,123,492,1048.0,0.0,1048.0,1128,1128,600.9674796747968,23,0,1000000,3000,4
370320,370320,1481280,2579,140,560,1047.0,0.0,1047.0,1130,1130,601.4642857142857,23,0,1000000,3000,4
370351,370351,1481404,2580,31,124,247.0,0.0,247.0,310,310,157.1290322580645,7,0,1000000,3000,4
370386,370386,1481544,2581,35,140,234.0,0.0,234.0,298,298,165.74285714285713,6,0,1000000,3000,4
370420,370420,1481680,2582,34,136,252.0,0.0,252.0,316,316,148.44117647058823,7,0,1000000,3000,4
370452,370452,1481808,2583,32,128,249.0,0.0,249.0,313,313,157.09375,7,0,1000000,3000,4
370537,370537,1482148,2584,85,340,624.0,0.0,624.0,699,699,395.5176470588235,14,0,1000000,3000,4
370568,370568,1482272,2585,31,124,252.0,0.0,252.0,316,316,156.4516129032258,7,0,1000000,3000,4
370681,370681,1482724,2586,113,452,626.0,0.0,626.0,706,706,386.98230088495575,15,0,1000000,3000,4
370711,370711,1482844,2587,30,120,251.0,0.0,251.0,315,315,153.86666666666667,7,0,1000000,3000,4
370742,370742,1482968,2588,31,124,250.0,0.0,250.0,314,314,155.03225806451613,7,0,1000000,3000,4
370773,370773,1483092,2589,31,124,250.0,0.0,250.0,314,314,155.03225806451613,7,0,1000000,3000,4
370881,370881,1483524,2590,108,432,731.0,0.0,731.0,810,810,418.4074074074074,17,0,1000000,3000,4
371040,371040,1484160,2591,159,636,1041.0,0.0,1041.0,1128,1128,587.6415094339623,23,0,1000000,3000,4
371070,371070,1484280,2592,30,120,247.0,0.0,247.0,310,310,157.8,7,0,1000000,3000,4
371099,371099,1484396,2593,29,116,247.0,0.0,247.0,310,310,156.58620689655172,7,0,1000000,3000,4
371129,371129,1484516,2594,30,120,246.0,0.0,246.0,310,310,151.16666666666666,7,0,1000000,3000,4
371158,371158,1484632,2595,29,116,251.0,0.0,251.0,314,314,154.82758620689654,7,0,1000000,3000,4
371256,371256,1485024,2596,98,392,618.0,0.0,618.0,695,695,399.6734693877551,14,0,1000000,3000,4
371286,371286,1485144,2597,30,120,249.0,0.0,249.0,313,313,153.16666666666666,7,0,1000000,3000,4
371315,371315,1485260,2598,29,116,246.0,0.0,246.0,308,308,160.27586206896552,7,0,1000000,3000,4
371550,371550,1486200,2599,235,940,1856.0,0.0,1856.0,1961,1961,896.4212765957446,40,0,1000000,3000,4
371579,371579,1486316,2600,29,116,250.0,0.0,250.0,313,313,154.0344827586207,7,0,1000000,3000,4
371610,371610,1486440,2601,31,124,247.0,0.0,247.0,310,310,153.16129032258064,7,0,1000000,3000,4
371851,371851,1487404,2602,241,964,1299.0,0.0,1299.0,1404,1404,693.1576763485477,29,0,1000000,3000,4
372019,372019,1488076,2603,168,672,1041.0,0.0,1041.0,1130,1130,597.1190476190476,23,0,1000000,3000,4
372049,372049,1488196,2604,30,120,248.0,0.0,248.0,311,311,154.56666666666666,7,0,1000000,3000,4
372227,372227,1488908,2605,178,712,1342.0,0.0,1342.0,1435,1435,701.0449438202247,29,0,1000000,3000,4
372308,372308,1489232,2606,81,324,635.0,0.0,635.0,708,708,379.4567901234568,15,0,1000000,3000,4
372435,372435,1489740,2607,127,508,748.0,0.0,748.0,831,831,519.7716535433071,17,0,1000000,3000,4
372469,372469,1489876,2608,34,136,247.0,0.0,247.0,311,311,144.05882352941177,7,0,1000000,3000,4
372636,372636,1490544,2609,167,668,1039.0,0.0,1039.0,1127,1127,603.7245508982036,23,0,1000000,3000,4
372666,372666,1490664,2610,30,120,248.0,0.0,248.0,310,310,155.8,7,0,1000000,3000,4
372855,372855,1491420,2611,189,756,1329.0,0.0,1329.0,1424,1424,688.5185185185185,29,0,1000000,3000,4
372959,372959,1491836,2612,104,416,609.0,0.0,609.0,687,687,333.38461538461536,14,0,1000000,3000,4
373121,373121,1492484,2613,162,648,1038.0,0.0,1038.0,1126,1126,607.074074074074,23,0,1000000,3000,4
373399,373399,1493596,2614,278,1112,1828.0,0.0,1828.0,1941,1941,986.2589928057554,39,0,1000000,3000,4
373615,373615,1494460,2615,216,864,1311.0,0.0,1311.0,1410,1410,692.2314814814815,29,0,1000000,3000,4
373770,373770,1495080,2616,155,620,1038.0,0.0,1038.0,1123,1123,658.3032258064516,23,0,1000000,3000,4
373803,373803,1495212,2617,33,132,250.0,0.0,250.0,314,314,149.96969696969697,7,0,1000000,3000,4
373991,373991,1495964,2618,188,752,1136.0,0.0,1136.0,1229,1229,674.0159574468086,25,0,1000000,3000,4
374221,374221,1496884,2619,230,920,1327.0,0.0,1327.0,1430,1430,675.408695652174,29,0,1000000,3000,4
374326,374326,1497304,2620,105,420,748.0,0.0,748.0,825,825,495.9047619047619,17,0,1000000,3000,4
374360,374360,1497440,2621,34,136,236.0,0.0,236.0,299,299,169.76470588235293,6,0,1000000,3000,4
374442,374442,1497768,2622,82,328,621.0,0.0,621.0,694,694,362.7073170731707,14,0,1000000,3000,4
374473,374473,1497892,2623,31,124,249.0,0.0,249.0,313,313,159.25806451612902,7,0,1000000,3000,4
374657,374657,1498628,2624,184,736,1034.0,0.0,1034.0,1126,1126,640.1195652173913,23,0,1000000,3000,4
374692,374692,1498768,2625,35,140,233.0,0.0,233.0,298,298,162.05714285714285,6,0,1000000,3000,4
374722,374722,1498888,2626,30,120,246.0,0.0,246.0,310,310,153.43333333333334,7,0,1000000,3000,4
374758,374758,1499032,2627,36,144,236.0,0.0,236.0,299,299,164.91666666666666,6,0,1000000,3000,4
374790,374790,1499160,2628,32,128,247.0,0.0,247.0,309,309,153.53125,7,0,1000000,3000,4
374868,374868,1499472,2629,78,312,604.0,0.0,604.0,677,677,328.52564102564105,14,0,1000000,3000,4
374902,374902,1499608,2630,34,136,243.0,0.0,243.0,306,306,162.47058823529412,7,0,1000000,3000,4
375021,375021,1500084,2631,119,476,603.0,0.0,603.0,683,683,400.3529411764706,14,0,1000000,3000,4
375388,375388,1501552,2632,367,1468,1302.0,0.0,1302.0,1433,1433,714.3324250681198,29,0,1000000,3000,4
375467,375467,1501868,2633,79,316,637.0,0.0,637.0,709,709,361.1012658227848,15,0,1000000,3000,4
375506,375506,1502024,2634,39,156,235.0,0.0,235.0,299,299,159.89743589743588,6,0,1000000,3000,4
375765,375765,1503060,2635,259,1036,792.0,0.0,792.0,898,900,678.081081081081,19,0,1000000,3000,4
375882,375882,1503528,2636,117,468,589.0,0.0,589.0,669,669,390.5726495726496,14,0,1000000,3000,4
375980,375980,1503920,2637,98,392,606.0,0.0,606.0,682,682,377.90816326530614,14,0,1000000,3000,4
376126,376126,1504504,2638,146,584,814.0,0.0,814.0,898,900,577.8698630136986,19,0,1000000,3000,4
376231,376231,1504924,2639,105,420,613.0,0.0,613.0,691,691,372.93333333333334,14,0,1000000,3000,4
376363,376363,1505452,2640,132,528,740.0,0.0,740.0,823,823,477.27272727272725,17,0,1000000,3000,4
376497,376497,1505988,2641,134,536,715.0,0.0,715.0,797,797,445.44029850746267,16,0,1000000,3000,4
376544,376544,1506176,2642,47,188,233.0,0.0,233.0,299,299,139.82978723404256,6,0,1000000,3000,4
376639,376639,1506556,2643,95,380,628.0,0.0,628.0,703,703,334.1578947368421,15,0,1000000,3000,4
376902,376902,1507608,2644,263,1052,1305.0,0.0,1305.0,1413,1413,788.1825095057035,29,0,1000000,3000,4
377317,377317,1509268,2645,415,1660,1530.0,0.0,1530.0,1670,1670,776.1204819277109,34,0,1000000,3000,4
377454,377454,1509816,2646,137,548,597.0,0.0,597.0,682,682,322.3138686131387,14,0,1000000,3000,4
377891,377891,1511564,2647,437,1748,756.0,0.0,756.0,898,899,684.9588100686499,18,0,1000000,3000,4
378187,378187,1512748,2648,296,1184,1013.0,0.0,1013.0,1127,1127,717.4831081081081,23,0,1000000,3000,4
378224,378224,1512896,2649,37,148,240.0,0.0,240.0,305,305,150.86486486486487,7,0,1000000,3000,4
378463,378463,1513852,2650,239,956,1333.0,0.0,1333.0,1438,1438,733.4142259414226,29,0,1000000,3000,4
378706,378706,1514824,2651,243,972,1030.0,0.0,1030.0,1135,1135,694.4279835390946,23,0,1000000,3000,4
378752,378752,1515008,2652,46,184,226.0,0.0,226.0,292,292,155.97826086956522,6,0,1000000,3000,4
378803,378803,1515212,2653,51,204,211.0,0.0,211.0,278,278,164.19607843137254,6,0,1000000,3000,4
379115,379115,1516460,2654,312,1248,1296.0,0.0,1296.0,1415,1415,734.3108974358975,29,0,1000000,3000,4
379219,379219,1516876,2655,104,416,604.0,0.0,604.0,680,680,397.21153846153845,14,0,1000000,3000,4
379261,379261,1517044,2656,42,168,234.0,0.0,234.0,298,298,152.14285714285714,6,0,1000000,3000,4
379403,379403,1517612,2657,142,568,763.0,0.0,763.0,849,849,562.7112676056338,17,0,1000000,3000,4
379685,379685,1518740,2658,282,1128,1024.0,0.0,1024.0,1136,1136,697.0460992907801,23,0,1000000,3000,4
379803,379803,1519212,2659,118,472,1045.0,0.0,1045.0,1123,1123,560.728813559322,23,0,1000000,3000,4
380028,380028,1520112,2660,225,900,1332.0,0.0,1332.0,1434,1434,669.36,29,0,1000000,3000,4
380122,380122,1520488,2661,94,376,619.0,0.0,619.0,695,695,379.52127659574467,14,0,1000000,3000,4
380157,380157,1520628,2662,35,140,248.0,0.0,248.0,313,313,147.68571428571428,7,0,1000000,3000,4
380201,380201,1520804,2663,44,176,222.0,0.0,222.0,286,286,166.11363636363637,6,0,1000000,3000,4
380357,380357,1521428,2664,156,624,781.0,0.0,781.0,870,870,516.6153846153846,18,0,1000000,3000,4
380580,380580,1522320,2665,223,892,1144.0,0.0,1144.0,1246,1246,641.7668161434977,25,0,1000000,3000,4
380614,380614,1522456,2666,34,136,248.0,0.0,248.0,311,311,148.76470588235293,7,0,1000000,3000,4
380693,380693,1522772,2667,79,316,622.0,0.0,622.0,695,695,367.0632911392405,14,0,1000000,3000,4
380795,380795,1523180,2668,102,408,620.0,0.0,620.0,698,698,386.48039215686276,14,0,1000000,3000,4
380888,380888,1523552,2669,93,372,614.0,0.0,614.0,690,690,402.1505376344086,14,0,1000000,3000,4
380923,380923,1523692,2670,35,140,238.0,0.0,238.0,301,301,169.94285714285715,7,0,1000000,3000,4
381009,381009,1524036,2671,86,344,610.0,0.0,610.0,684,684,417.8720930232558,14,0,1000000,3000,4
381178,381178,1524712,2672,169,676,1433.0,0.0,1433.0,1524,1524,686.4615384615385,31,0,1000000,3000,4
381209,381209,1524836,2673,31,124,242.0,0.0,242.0,305,305,160.70967741935485,7,0,1000000,3000,4
381243,381243,1524972,2674,34,136,251.0,0.0,251.0,315,315,150.8235294117647,7,0,1000000,3000,4
381308,381308,1525232,2675,65,260,613.0,0.0,613.0,683,683,342.2153846153846,14,0,1000000,3000,4
381345,381345,1525380,2676,37,148,250.0,0.0,250.0,315,315,143.21621621621622,7,0,1000000,3000,4
381555,381555,1526220,2677,210,840,1335.0,0.0,1335.0,1434,1434,718.2380952380952,29,0,1000000,3000,4
381625,381625,1526500,2678,70,280,610.0,0.0,610.0,680,680,336.0,14,0,1000000,3000,4
381712,381712,1526848,2679,87,348,618.0,0.0,618.0,692,692,400.9310344827586,14,0,1000000,3000,4
381816,381816,1527264,2680,104,416,615.0,0.0,615.0,692,692,333.8557692307692,14,0,1000000,3000,4
381851,381851,1527404,2681,35,140,240.0,0.0,240.0,303,303,157.34285714285716,7,0,1000000,3000,4
381887,381887,1527548,2682,36,144,243.0,0.0,243.0,306,306,155.55555555555554,7,0,1000000,3000,4
382083,382083,1528332,2683,196,784,1318.0,0.0,1318.0,1413,1413,696.8622448979592,29,0,1000000,3000,4
382168,382168,1528672,2684,85,340,608.0,0.0,608.0,682,682,317.7647058823529,14,0,1000000,3000,4
382210,382210,1528840,2685,42,168,229.0,0.0,229.0,293,293,156.28571428571428,6,0,1000000,3000,4
382394,382394,1529576,2686,184,736,729.0,0.0,729.0,822,822,473.6576086956522,17,0,1000000,3000,4
382491,382491,1529964,2687,97,388,612.0,0.0,612.0,688,688,382.2371134020619,14,0,1000000,3000,4
382663,382663,1530652,2688,172,688,1033.0,0.0,1033.0,1122,1122,575.6337209302326,23,0,1000000,3000,4
382699,382699,1530796,2689,36,144,235.0,0.0,235.0,299,299,168.36111111111111,6,0,1000000,3000,4
382728,382728,1530912,2690,29,116,249.0,0.0,249.0,312,312,156.6551724137931,7,0,1000000,3000,4
382926,382926,1531704,2691,198,792,1032.0,0.0,1032.0,1127,1127,590.1767676767677,23,0,1000000,3000,4
382997,382997,1531988,2692,71,284,653.0,0.0,653.0,722,725,390.14084507042253,15,0,1000000,3000,4
383291,383291,1533164,2693,294,1176,1904.0,0.0,1904.0,2020,2020,942.704081632653,41,0,1000000,3000,4
383454,383454,1533816,2694,163,652,1039.0,0.0,1039.0,1127,1127,604.9263803680982,23,0,1000000,3000,4
383629,383629,1534516,2695,175,700,1038.0,0.0,1038.0,1129,1129,604.2228571428572,23,0,1000000,3000,4
383674,383674,1534696,2696,45,180,217.0,0.0,217.0,283,283,168.93333333333334,6,0,1000000,3000,4
383788,383788,1535152,2697,114,456,623.0,0.0,623.0,703,703,390.5263157894737,15,0,1000000,3000,4
383926,383926,1535704,2698,138,552,1043.0,0.0,1043.0,1126,1126,626.6884057971015,23,0,1000000,3000,4
384004,384004,1536016,2699,78,312,630.0,0.0,630.0,701,701,398.2435897435897,15,0,1000000,3000,4
384034,384034,1536136,2700,30,120,247.0,0.0,247.0,310,310,158.63333333333333,7,0,1000000,3000,4
384133,384133,1536532,2701,99,396,648.0,0.0,648.0,722,722,374.7171717171717,15,0,1000000,3000,4
384253,384253,1537012,2702,120,480,737.0,0.0,737.0,817,817,504.4166666666667,17,0,1000000,3000,4
384289,384289,1537156,2703,36,144,242.0,0.0,242.0,307,307,160.22222222222223,7,0,1000000,3000,4
384498,384498,1537992,2704,209,836,1319.0,0.0,1319.0,1416,1416,765.866028708134,29,0,1000000,3000,4
384527,384527,1538108,2705,29,116,247.0,0.0,247.0,310,310,152.20689655172413,7,0,1000000,3000,4
384654,384654,1538616,2706,127,508,1067.0,0.0,1067.0,1150,1150,583.7559055118111,24,0,1000000,3000,4
384804,384804,1539216,2707,150,600,813.0,0.0,813.0,898,898,579.66,18,0,1000000,3000,4
384906,384906,1539624,2708,102,408,625.0,0.0,625.0,702,702,388.84313725490193,15,0,1000000,3000,4
385163,385163,1540652,2709,257,1028,792.0,0.0,792.0,898,898,631.6420233463035,18,0,1000000,3000,4
385198,385198,1540792,2710,35,140,235.0,0.0,235.0,299,299,173.54285714285714,6,0,1000000,3000,4
385228,385228,1540912,2711,30,120,248.0,0.0,248.0,311,311,162.4,7,0,1000000,3000,4
385419,385419,1541676,2712,191,764,1035.0,0.0,1035.0,1129,1129,643.9685863874346,23,0,1000000,3000,4
385502,385502,1542008,2713,83,332,632.0,0.0,632.0,705,705,391.6144578313253,15,0,1000000,3000,4
385530,385530,1542120,2714,28,112,248.0,0.0,248.0,311,311,156.5,7,0,1000000,3000,4
385713,385713,1542852,2715,183,732,1335.0,0.0,1335.0,1429,1429,718.1256830601093,29,0,1000000,3000,4
385754,385754,1543016,2716,41,164,224.0,0.0,224.0,289,289,173.2439024390244,6,0,1000000,3000,4
385905,385905,1543620,2717,151,604,813.0,0.0,813.0,898,898,575.2980132450331,18,0,1000000,3000,4
385948,385948,1543792,2718,43,172,229.0,0.0,229.0,294,294,165.37209302325581,6,0,1000000,3000,4
386016,386016,1544064,2719,68,272,610.0,0.0,610.0,681,681,331.0147058823529,14,0,1000000,3000,4
386197,386197,1544788,2720,181,724,1036.0,0.0,1036.0,1128,1128,610.7900552486187,23,0,1000000,3000,4
386295,386295,1545180,2721,98,392,591.0,0.0,591.0,667,667,414.3469387755102,14,0,1000000,3000,4
386370,386370,1545480,2722,75,300,641.0,0.0,641.0,713,713,392.62666666666667,15,0,1000000,3000,4
386404,386404,1545616,2723,34,136,243.0,0.0,243.0,307,307,161.1764705882353,7,0,1000000,3000,4
386473,386473,1545892,2724,69,276,610.0,0.0,610.0,681,681,334.6811594202899,14,0,1000000,3000,4
386624,386624,1546496,2725,151,604,1040.0,0.0,1040.0,1125,1125,591.476821192053,23,0,1000000,3000,4
386669,386669,1546676,2726,45,180,226.0,0.0,226.0,292,292,162.06666666666666,6,0,1000000,3000,4
386808,386808,1547232,2727,139,556,616.0,0.0,616.0,700,700,357.0359712230216,15,0,1000000,3000,4
386898,386898,1547592,2728,90,360,625.0,0.0,625.0,700,700,387.76666666666665,15,0,1000000,3000,4
386931,386931,1547724,2729,33,132,244.0,0.0,244.0,306,306,155.78787878787878,7,0,1000000,3000,4
386963,386963,1547852,2730,32,128,250.0,0.0,250.0,314,314,157.625,7,0,1000000,3000,4
387117,387117,1548468,2731,154,616,637.0,0.0,637.0,722,723,499.5194805194805,15,0,1000000,3000,4
387306,387306,1549224,2732,189,756,1339.0,0.0,1339.0,1434,1434,729.8730158730159,29,0,1000000,3000,4
387393,387393,1549572,2733,87,348,616.0,0.0,616.0,690,690,396.7471264367816,14,0,1000000,3000,4
387430,387430,1549720,2734,37,148,245.0,0.0,245.0,309,309,153.02702702702703,7,0,1000000,3000,4
387521,387521,1550084,2735,91,364,618.0,0.0,618.0,692,692,347.032967032967,14,0,1000000,3000,4
387701,387701,1550804,2736,180,720,1034.0,0.0,1034.0,1125,1125,589.9222222222222,23,0,1000000,3000,4
387783,387783,1551132,2737,82,328,609.0,0.0,609.0,682,682,330.5731707317073,14,0,1000000,3000,4
387885,387885,1551540,2738,102,408,712.0,0.0,712.0,789,789,429.05882352941177,16,0,1000000,3000,4
387919,387919,1551676,2739,34,136,244.0,0.0,244.0,307,307,149.3235294117647,7,0,1000000,3000,4
387953,387953,1551812,2740,34,136,244.0,0.0,244.0,307,307,155.23529411764707,7,0,1000000,3000,4
387991,387991,1551964,2741,38,152,249.0,0.0,249.0,314,314,143.6315789473684,7,0,1000000,3000,4
388187,388187,1552748,2742,196,784,1042.0,0.0,1042.0,1138,1138,626.5510204081633,23,0,1000000,3000,4
388226,388226,1552904,2743,39,156,244.0,0.0,244.0,309,309,143.7948717948718,7,0,1000000,3000,4
388258,388258,1553032,2744,32,128,250.0,0.0,250.0,313,313,155.4375,7,0,1000000,3000,4
388404,388404,1553616,2745,146,584,814.0,0.0,814.0,898,898,574.013698630137,18,0,1000000,3000,4
388437,388437,1553748,2746,33,132,248.0,0.0,248.0,312,312,145.54545454545453,7,0,1000000,3000,4
388470,388470,1553880,2747,33,132,245.0,0.0,245.0,308,308,152.54545454545453,7,0,1000000,3000,4
388641,388641,1554564,2748,171,684,1034.0,0.0,1034.0,1124,1124,670.1754385964912,23,0,1000000,3000,4
388850,388850,1555400,2749,209,836,1406.0,0.0,1406.0,1502,1502,770.4593301435407,31,0,1000000,3000,4
388961,388961,1555844,2750,111,444,606.0,0.0,606.0,685,685,396.8918918918919,14,0,1000000,3000,4
389114,389114,1556456,2751,153,612,1039.0,0.0,1039.0,1124,1124,532.9607843137255,23,0,1000000,3000,4
389211,389211,1556844,2752,97,388,622.0,0.0,622.0,699,699,332.4845360824742,14,0,1000000,3000,4
389526,389526,1558104,2753,315,1260,1017.0,0.0,1017.0,1136,1136,716.8253968253969,23,0,1000000,3000,4
389626,389626,1558504,2754,100,400,614.0,0.0,614.0,690,690,382.91,14,0,1000000,3000,4
389665,389665,1558660,2755,39,156,243.0,0.0,243.0,308,308,142.69230769230768,7,0,1000000,3000,4
389857,389857,1559428,2756,192,768,1032.0,0.0,1032.0,1126,1126,586.765625,23,0,1000000,3000,4
389954,389954,1559816,2757,97,388,614.0,0.0,614.0,691,691,382.69072164948454,14,0,1000000,3000,4
389990,389990,1559960,2758,36,144,247.0,0.0,247.0,311,311,143.77777777777777,7,0,1000000,3000,4
390158,390158,1560632,2759,168,672,1038.0,0.0,1038.0,1127,1127,595.1666666666666,23,0,1000000,3000,4
390189,390189,1560756,2760,31,124,248.0,0.0,248.0,312,312,147.29032258064515,7,0,1000000,3000,4
390219,390219,1560876,2761,30,120,247.0,0.0,247.0,311,311,150.0,7,0,1000000,3000,4
390253,390253,1561012,2762,34,136,248.0,0.0,248.0,312,312,155.91176470588235,7,0,1000000,3000,4
390285,390285,1561140,2763,32,128,247.0,0.0,247.0,310,310,151.71875,7,0,1000000,3000,4
390316,390316,1561264,2764,31,124,247.0,0.0,247.0,311,311,156.29032258064515,7,0,1000000,3000,4
390460,390460,1561840,2765,144,576,1348.0,0.0,1348.0,1434,1434,715.3333333333334,29,0,1000000,3000,4
390649,390649,1562596,2766,189,756,1035.0,0.0,1035.0,1128,1128,577.8359788359788,23,0,1000000,3000,4
390684,390684,1562736,2767,35,140,245.0,0.0,245.0,309,309,153.94285714285715,7,0,1000000,3000,4
390886,390886,1563544,2768,202,808,1332.0,0.0,1332.0,1430,1430,704.059405940594,29,0,1000000,3000,4
391138,391138,1564552,2769,252,1008,1019.0,0.0,1019.0,1124,1124,691.3650793650794,23,0,1000000,3000,4
391253,391253,1565012,2770,115,460,599.0,0.0,599.0,678,678,374.2869565217391,14,0,1000000,3000,4
391289,391289,1565156,2771,36,144,250.0,0.0,250.0,315,315,140.41666666666666,7,0,1000000,3000,4
391497,391497,1565988,2772,208,832,1028.0,0.0,1028.0,1124,1124,671.0913461538462,23,0,1000000,3000,4
391593,391593,1566372,2773,96,384,618.0,0.0,618.0,695,695,360.0833333333333,14,0,1000000,3000,4
391809,391809,1567236,2774,216,864,1697.0,0.0,1697.0,1798,1798,862.7083333333334,36,0,1000000,3000,4
391842,391842,1567368,2775,33,132,252.0,0.0,252.0,316,316,150.93939393939394,7,0,1000000,3000,4
391874,391874,1567496,2776,32,128,249.0,0.0,249.0,313,313,152.09375,7,0,1000000,3000,4
392163,392163,1568652,2777,289,1156,1407.0,0.0,1407.0,1522,1522,747.80276816609,31,0,1000000,3000,4
392347,392347,1569388,2778,184,736,1321.0,0.0,1321.0,1412,1412,668.6739130434783,29,0,1000000,3000,4
392445,392445,1569780,2779,98,392,612.0,0.0,612.0,689,689,394.5,14,0,1000000,3000,4
392540,392540,1570160,2780,95,380,611.0,0.0,611.0,686,686,404.4421052631579,14,0,1000000,3000,4
392572,392572,1570288,2781,32,128,242.0,0.0,242.0,305,305,153.8125,7,0,1000000,3000,4
392663,392663,1570652,2782,91,364,636.0,0.0,636.0,711,711,375.5274725274725,15,0,1000000,3000,4
392775,392775,1571100,2783,112,448,605.0,0.0,605.0,685,685,381.5267857142857,14,0,1000000,3000,4
392925,392925,1571700,2784,150,600,602.0,0.0,602.0,689,689,486.1,14,0,1000000,3000,4
393228,393228,1572912,2785,303,1212,1905.0,0.0,1905.0,2023,2023,968.7821782178218,41,0,1000000,3000,4
393258,393258,1573032,2786,30,120,249.0,0.0,249.0,311,311,158.26666666666668,7,0,1000000,3000,4
393633,393633,1574532,2787,375,1500,1301.0,0.0,1301.0,1433,1433,719.0053333333333,29,0,1000000,3000,4
393864,393864,1575456,2788,231,924,1311.0,0.0,1311.0,1412,1412,681.3982683982684,29,0,1000000,3000,4
394184,394184,1576736,2789,320,1280,1833.0,0.0,1833.0,1954,1954,911.134375,40,0,1000000,3000,4
394349,394349,1577396,2790,165,660,1038.0,0.0,1038.0,1125,1125,552.8787878787879,23,0,1000000,3000,4
394386,394386,1577544,2791,37,148,244.0,0.0,244.0,308,308,150.78378378378378,7,0,1000000,3000,4
394417,394417,1577668,2792,31,124,251.0,0.0,251.0,315,315,149.96774193548387,7,0,1000000,3000,4
394573,394573,1578292,2793,156,624,779.0,0.0,779.0,867,867,520.1794871794872,18,0,1000000,3000,4
394647,394647,1578588,2794,74,296,618.0,0.0,618.0,690,690,325.2027027027027,14,0,1000000,3000,4
394757,394757,1579028,2795,110,440,614.0,0.0,614.0,694,694,373.59090909090907,14,0,1000000,3000,4
394797,394797,1579188,2796,40,160,246.0,0.0,246.0,312,312,139.675,7,0,1000000,3000,4
394997,394997,1579988,2797,200,800,1313.0,0.0,1313.0,1408,1408,694.635,29,0,1000000,3000,4
395166,395166,1580664,2798,169,676,1039.0,0.0,1039.0,1128,1128,624.5857988165681,23,0,1000000,3000,4
395281,395281,1581124,2799,115,460,621.0,0.0,621.0,699,699,383.03478260869565,14,0,1000000,3000,4
395440,395440,1581760,2800,159,636,775.0,0.0,775.0,862,862,511.77358490566036,18,0,1000000,3000,4
395479,395479,1581916,2801,39,156,246.0,0.0,246.0,311,311,145.0,7,0,1000000,3000,4
395549,395549,1582196,2802,70,280,625.0,0.0,625.0,697,697,353.1857142857143,14,0,1000000,3000,4
395634,395634,1582536,2803,85,340,626.0,0.0,626.0,700,700,341.8941176470588,15,0,1000000,3000,4
395814,395814,1583256,2804,180,720,631.0,0.0,631.0,722,722,475.2888888888889,15,0,1000000,3000,4
396043,396043,1584172,2805,229,916,1335.0,0.0,1335.0,1438,1438,722.3406113537118,29,0,1000000,3000,4
396093,396093,1584372,2806,50,200,227.0,0.0,227.0,293,293,148.02,6,0,1000000,3000,4
396127,396127,1584508,2807,34,136,249.0,0.0,249.0,313,313,141.94117647058823,7,0,1000000,3000,4
396263,396263,1585052,2808,136,544,1043.0,0.0,1043.0,1125,1125,532.1397058823529,23,0,1000000,3000,4
396297,396297,1585188,2809,34,136,247.0,0.0,247.0,311,311,157.38235294117646,7,0,1000000,3000,4
396555,396555,1586220,2810,258,1032,1325.0,0.0,1325.0,1434,1434,716.8294573643411,29,0,1000000,3000,4
396590,396590,1586360,2811,35,140,234.0,0.0,234.0,298,298,170.02857142857144,6,0,1000000,3000,4
396736,396736,1586944,2812,146,584,622.0,0.0,622.0,708,708,468.64383561643837,15,0,1000000,3000,4
397049,397049,1588196,2813,313,1252,1653.0,0.0,1653.0,1772,1772,797.7316293929713,36,0,1000000,3000,4
397213,397213,1588852,2814,164,656,1328.0,0.0,1328.0,1416,1416,719.859756097561,29,0,1000000,3000,4
397243,397243,1588972,2815,30,120,249.0,0.0,249.0,313,313,153.66666666666666,7,0,1000000,3000,4
397428,397428,1589712,2816,185,740,806.0,0.0,806.0,898,898,576.4054054054054,18,0,1000000,3000,4
397746,397746,1590984,2817,318,1272,1545.0,0.0,1545.0,1666,1666,799.1572327044025,34,0,1000000,3000,4
397905,397905,1591620,2818,159,636,1338.0,0.0,1338.0,1427,1427,721.7547169811321,29,0,1000000,3000,4
398123,398123,1592492,2819,218,872,1329.0,0.0,1329.0,1430,1430,744.1880733944954,29,0,1000000,3000,4
398219,398219,1592876,2820,96,384,615.0,0.0,615.0,691,691,393.7604166666667,14,0,1000000,3000,4
398326,398326,1593304,2821,107,428,615.0,0.0,615.0,693,693,393.85981308411215,14,0,1000000,3000,4
398449,398449,1593796,2822,123,492,598.0,0.0,598.0,678,678,391.390243902439,14,0,1000000,3000,4
398562,398562,1594248,2823,113,452,609.0,0.0,609.0,689,689,377.0088495575221,14,0,1000000,3000,4
398649,398649,1594596,2824,87,348,650.0,0.0,650.0,722,722,360.9655172413793,15,0,1000000,3000,4
398770,398770,1595080,2825,121,484,594.0,0.0,594.0,676,676,400.6528925619835,14,0,1000000,3000,4
399080,399080,1596320,2826,310,1240,1011.0,0.0,1011.0,1128,1128,675.058064516129,23,0,1000000,3000,4
399145,399145,1596580,2827,65,260,611.0,0.0,611.0,681,681,328.9230769230769,14,0,1000000,3000,4
399241,399241,1596964,2828,96,384,632.0,0.0,632.0,709,709,359.3854166666667,15,0,1000000,3000,4
399349,399349,1597396,2829,108,432,606.0,0.0,606.0,684,684,383.39814814814815,14,0,1000000,3000,4
399426,399426,1597704,2830,77,308,617.0,0.0,617.0,689,689,310.24675324675326,14,0,1000000,3000,4
399466,399466,1597864,2831,40,160,231.0,0.0,231.0,294,294,167.125,6,0,1000000,3000,4
399498,399498,1597992,2832,32,128,250.0,0.0,250.0,314,314,154.15625,7,0,1000000,3000,4
399530,399530,1598120,2833,32,128,247.0,0.0,247.0,310,310,147.90625,7,0,1000000,3000,4
399622,399622,1598488,2834,92,368,626.0,0.0,626.0,702,702,343.7391304347826,15,0,1000000,3000,4
399771,399771,1599084,2835,149,596,582.0,0.0,582.0,668,668,395.6510067114094,14,0,1000000,3000,4
399971,399971,1599884,2836,200,800,1685.0,0.0,1685.0,1783,1783,827.745,36,0,1000000,3000,4
400010,400010,1600040,2837,39,156,244.0,0.0,244.0,309,309,141.15384615384616,7,0,1000000,3000,4
400230,400230,1600920,2838,220,880,1163.0,0.0,1163.0,1262,1262,724.0863636363637,26,0,1000000,3000,4
400263,400263,1601052,2839,33,132,245.0,0.0,245.0,309,309,155.9090909090909,7,0,1000000,3000,4
400299,400299,1601196,2840,36,144,246.0,0.0,246.0,311,311,144.83333333333334,7,0,1000000,3000,4
400336,400336,1601344,2841,37,148,237.0,0.0,237.0,301,301,168.02702702702703,7,0,1000000,3000,4
400371,400371,1601484,2842,35,140,245.0,0.0,245.0,310,310,145.5142857142857,7,0,1000000,3000,4
400403,400403,1601612,2843,32,128,245.0,0.0,245.0,308,308,156.90625,7,0,1000000,3000,4
400482,400482,1601928,2844,79,316,608.0,0.0,608.0,681,681,317.55696202531647,14,0,1000000,3000,4
400557,400557,1602228,2845,75,300,612.0,0.0,612.0,684,684,336.06666666666666,14,0,1000000,3000,4
400769,400769,1603076,2846,212,848,1687.0,0.0,1687.0,1786,1786,904.9575471698113,36,0,1000000,3000,4
400995,400995,1603980,2847,226,904,1118.0,0.0,1118.0,1219,1219,650.6017699115044,25,0,1000000,3000,4
401187,401187,1604748,2848,192,768,1316.0,0.0,1316.0,1410,1410,759.2708333333334,29,0,1000000,3000,4
401318,401318,1605272,2849,131,524,713.0,0.0,713.0,796,796,495.14503816793894,16,0,1000000,3000,4
401359,401359,1605436,2850,41,164,235.0,0.0,235.0,299,299,148.53658536585365,6,0,1000000,3000,4
401400,401400,1605600,2851,41,164,235.0,0.0,235.0,300,300,155.14634146341464,7,0,1000000,3000,4
401487,401487,1605948,2852,87,348,631.0,0.0,631.0,706,706,357.37931034482756,15,0,1000000,3000,4
401521,401521,1606084,2853,34,136,241.0,0.0,241.0,304,304,162.47058823529412,7,0,1000000,3000,4
401558,401558,1606232,2854,37,148,236.0,0.0,236.0,300,300,161.94594594594594,7,0,1000000,3000,4
401726,401726,1606904,2855,168,672,1049.0,0.0,1049.0,1139,1139,586.9702380952381,23,0,1000000,3000,4
401900,401900,1607600,2856,174,696,1047.0,0.0,1047.0,1137,1137,558.316091954023,23,0,1000000,3000,4
401942,401942,1607768,2857,42,168,233.0,0.0,233.0,298,298,151.3095238095238,6,0,1000000,3000,4
402042,402042,1608168,2858,100,400,634.0,0.0,634.0,711,711,359.43,15,0,1000000,3000,4
402106,402106,1608424,2859,64,256,610.0,0.0,610.0,679,679,326.28125,14,0,1000000,3000,4
402175,402175,1608700,2860,69,276,606.0,0.0,606.0,677,677,307.768115942029,14,0,1000000,3000,4
402391,402391,1609564,2861,216,864,1135.0,0.0,1135.0,1235,1235,702.7268518518518,25,0,1000000,3000,4
402433,402433,1609732,2862,42,168,224.0,0.0,224.0,288,288,166.26190476190476,6,0,1000000,3000,4
402624,402624,1610496,2863,191,764,724.0,0.0,724.0,819,819,534.3612565445026,17,0,1000000,3000,4
402734,402734,1610936,2864,110,440,646.0,0.0,646.0,722,724,355.06363636363636,15,0,1000000,3000,4
402855,402855,1611420,2865,121,484,739.0,0.0,739.0,820,820,511.45454545454544,17,0,1000000,3000,4
402896,402896,1611584,2866,41,164,234.0,0.0,234.0,298,298,160.29268292682926,6,0,1000000,3000,4
403065,403065,1612260,2867,169,676,1340.0,0.0,1340.0,1431,1431,692.1656804733727,29,0,1000000,3000,4
403257,403257,1613028,2868,192,768,1030.0,0.0,1030.0,1123,1123,639.4427083333334,23,0,1000000,3000,4
403297,403297,1613188,2869,40,160,236.0,0.0,236.0,301,301,153.7,7,0,1000000,3000,4
403445,403445,1613780,2870,148,592,638.0,0.0,638.0,722,722,507.1418918918919,15,0,1000000,3000,4
403606,403606,1614424,2871,161,644,1341.0,0.0,1341.0,1429,1429,727.2981366459627,29,0,1000000,3000,4
403765,403765,1615060,2872,159,636,1354.0,0.0,1354.0,1443,1443,715.496855345912,29,0,1000000,3000,4
403987,403987,1615948,2873,222,888,1132.0,0.0,1132.0,1232,1232,674.9459459459459,25,0,1000000,3000,4
404184,404184,1616736,2874,197,788,769.0,0.0,769.0,864,864,498.7309644670051,18,0,1000000,3000,4
404406,404406,1617624,2875,222,888,1026.0,0.0,1026.0,1126,1126,667.6036036036036,23,0,1000000,3000,4
404644,404644,1618576,2876,238,952,1022.0,0.0,1022.0,1125,1125,665.8025210084033,23,0,1000000,3000,4
404831,404831,1619324,2877,187,748,1037.0,0.0,1037.0,1131,1131,635.283422459893,23,0,1000000,3000,4
404935,404935,1619740,2878,104,416,611.0,0.0,611.0,687,687,308.0192307692308,14,0,1000000,3000,4
405014,405014,1620056,2879,79,316,633.0,0.0,633.0,705,705,368.9746835443038,15,0,1000000,3000,4
405107,405107,1620428,2880,93,372,626.0,0.0,626.0,701,701,347.8709677419355,15,0,1000000,3000,4
405338,405338,1621352,2881,231,924,1314.0,0.0,1314.0,1416,1416,685.7878787878788,29,0,1000000,3000,4
405601,405601,1622404,2882,263,1052,1304.0,0.0,1304.0,1412,1412,694.5095057034221,29,0,1000000,3000,4
405641,405641,1622564,2883,40,160,240.0,0.0,240.0,305,305,149.3,7,0,1000000,3000,4
405683,405683,1622732,2884,42,168,235.0,0.0,235.0,300,300,152.0,7,0,1000000,3000,4
405777,405777,1623108,2885,94,376,616.0,0.0,616.0,692,692,392.3723404255319,14,0,1000000,3000,4
406001,406001,1624004,2886,224,896,1326.0,0.0,1326.0,1427,1427,681.7767857142857,29,0,1000000,3000,4
406158,406158,1624632,2887,157,628,636.0,0.0,636.0,722,723,480.3312101910828,15,0,1000000,3000,4
406454,406454,1625816,2888,296,1184,784.0,0.0,784.0,898,898,625.2567567567568,18,0,1000000,3000,4
406742,406742,1626968,2889,288,1152,1549.0,0.0,1549.0,1662,1662,808.2986111111111,34,0,1000000,3000,4
406787,406787,1627148,2890,45,180,228.0,0.0,228.0,294,294,150.9777777777778,6,0,1000000,3000,4
406825,406825,1627300,2891,38,152,247.0,0.0,247.0,312,312,144.89473684210526,7,0,1000000,3000,4
407116,407116,1628464,2892,291,1164,1319.0,0.0,1319.0,1435,1435,706.0515463917526,29,0,1000000,3000,4
407457,407457,1629828,2893,341,1364,1311.0,0.0,1311.0,1437,1437,819.366568914956,29,0,1000000,3000,4
407655,407655,1630620,2894,198,792,804.0,0.0,804.0,898,898,546.8030303030303,18,0,1000000,3000,4
407911,407911,1631644,2895,256,1024,1323.0,0.0,1323.0,1432,1432,673.76953125,29,0,1000000,3000,4
407954,407954,1631816,2896,43,172,247.0,0.0,247.0,312,312,133.0,7,0,1000000,3000,4
408045,408045,1632180,2897,91,364,617.0,0.0,617.0,693,693,334.7362637362637,14,0,1000000,3000,4
408129,408129,1632516,2898,84,336,651.0,0.0,651.0,722,722,362.32142857142856,15,0,1000000,3000,4
408165,408165,1632660,2899,36,144,243.0,0.0,243.0,308,308,145.11111111111111,7,0,1000000,3000,4
408312,408312,1633248,2900,147,588,638.0,0.0,638.0,722,722,478.2857142857143,15,0,1000000,3000,4
408355,408355,1633420,2901,43,172,217.0,0.0,217.0,282,282,178.0,6,0,1000000,3000,4
408633,408633,1634532,2902,278,1112,1129.0,0.0,1129.0,1242,1242,726.5863309352518,25,0,1000000,3000,4
408978,408978,1635912,2903,345,1380,1029.0,0.0,1029.0,1155,1155,682.9855072463768,24,0,1000000,3000,4
409063,409063,1636252,2904,85,340,610.0,0.0,610.0,683,683,322.29411764705884,14,0,1000000,3000,4
409382,409382,1637528,2905,319,1276,1671.0,0.0,1671.0,1791,1791,829.7711598746082,36,0,1000000,3000,4
409422,409422,1637688,2906,40,160,243.0,0.0,243.0,307,307,152.075,7,0,1000000,3000,4
409550,409550,1638200,2907,128,512,748.0,0.0,748.0,831,831,513.3984375,17,0,1000000,3000,4
409762,409762,1639048,2908,212,848,1038.0,0.0,1038.0,1137,1137,701.8018867924528,23,0,1000000,3000,4
409844,409844,1639376,2909,82,328,632.0,0.0,632.0,706,706,380.0975609756098,15,0,1000000,3000,4
409880,409880,1639520,2910,36,144,233.0,0.0,233.0,297,297,166.83333333333334,6,0,1000000,3000,4
409913,409913,1639652,2911,33,132,248.0,0.0,248.0,312,312,147.5151515151515,7,0,1000000,3000,4
409947,409947,1639788,2912,34,136,247.0,0.0,247.0,311,311,148.41176470588235,7,0,1000000,3000,4
410039,410039,1640156,2913,92,368,634.0,0.0,634.0,710,710,362.32608695652175,15,0,1000000,3000,4
410254,410254,1641016,2914,215,860,1030.0,0.0,1030.0,1128,1128,654.6651162790698,23,0,1000000,3000,4
410464,410464,1641856,2915,210,840,1423.0,0.0,1423.0,1521,1521,756.4142857142857,31,0,1000000,3000,4
410641,410641,1642564,2916,177,708,1038.0,0.0,1038.0,1129,1129,599.8248587570622,23,0,1000000,3000,4
410800,410800,1643200,2917,159,636,812.0,0.0,812.0,898,898,578.7987421383648,18,0,1000000,3000,4
410913,410913,1643652,2918,113,452,726.0,0.0,726.0,805,805,478.929203539823,17,0,1000000,3000,4
410951,410951,1643804,2919,38,152,244.0,0.0,244.0,309,309,148.26315789473685,7,0,1000000,3000,4
411100,411100,1644400,2920,149,596,1319.0,0.0,1319.0,1405,1405,718.7651006711409,29,0,1000000,3000,4
411132,411132,1644528,2921,32,128,241.0,0.0,241.0,303,303,165.28125,7,0,1000000,3000,4
411164,411164,1644656,2922,32,128,246.0,0.0,246.0,309,309,151.0,7,0,1000000,3000,4
411200,411200,1644800,2923,36,144,248.0,0.0,248.0,313,313,149.30555555555554,7,0,1000000,3000,4
411387,411387,1645548,2924,187,748,1150.0,0.0,1150.0,1245,1245,615.5347593582887,25,0,1000000,3000,4
411694,411694,1646776,2925,307,1228,1007.0,0.0,1007.0,1123,1123,610.6514657980456,23,0,1000000,3000,4
411741,411741,1646964,2926,47,188,227.0,0.0,227.0,293,293,155.87234042553192,6,0,1000000,3000,4
411822,411822,1647288,2927,81,324,620.0,0.0,620.0,694,694,338.5679012345679,14,0,1000000,3000,4
411973,411973,1647892,2928,151,604,1322.0,0.0,1322.0,1409,1409,704.4238410596026,29,0,1000000,3000,4
412062,412062,1648248,2929,89,356,620.0,0.0,620.0,695,695,381.75280898876406,14,0,1000000,3000,4
412153,412153,1648612,2930,91,364,634.0,0.0,634.0,708,708,375.4065934065934,15,0,1000000,3000,4
412231,412231,1648924,2931,78,312,613.0,0.0,613.0,686,686,354.03846153846155,14,0,1000000,3000,4
412263,412263,1649052,2932,32,128,248.0,0.0,248.0,311,311,153.28125,7,0,1000000,3000,4
412337,412337,1649348,2933,74,296,610.0,0.0,610.0,681,681,334.2567567567568,14,0,1000000,3000,4
412434,412434,1649736,2934,97,388,604.0,0.0,604.0,681,681,404.7938144329897,14,0,1000000,3000,4
412464,412464,1649856,2935,30,120,246.0,0.0,246.0,309,309,161.9,7,0,1000000,3000,4
412593,412593,1650372,2936,129,516,596.0,0.0,596.0,679,679,400.71317829457365,14,0,1000000,3000,4
412742,412742,1650968,2937,149,596,1040.0,0.0,1040.0,1125,1125,629.4362416107383,23,0,1000000,3000,4
412858,412858,1651432,2938,116,464,611.0,0.0,611.0,692,692,371.5344827586207,14,0,1000000,3000,4
413029,413029,1652116,2939,171,684,809.0,0.0,809.0,898,898,579.9824561403509,18,0,1000000,3000,4
413060,413060,1652240,2940,31,124,249.0,0.0,249.0,313,313,154.6451612903226,7,0,1000000,3000,4
413199,413199,1652796,2941,139,556,778.0,0.0,778.0,863,863,553.0719424460432,18,0,1000000,3000,4
413277,413277,1653108,2942,78,312,624.0,0.0,624.0,697,697,368.12820512820514,14,0,1000000,3000,4
413314,413314,1653256,2943,37,148,236.0,0.0,236.0,300,300,166.0,7,0,1000000,3000,4
413345,413345,1653380,2944,31,124,250.0,0.0,250.0,314,314,156.3548387096774,7,0,1000000,3000,4
413380,413380,1653520,2945,35,140,242.0,0.0,242.0,307,307,156.88571428571427,7,0,1000000,3000,4
413410,413410,1653640,2946,30,120,249.0,0.0,249.0,313,313,152.46666666666667,7,0,1000000,3000,4
413543,413543,1654172,2947,133,532,747.0,0.0,747.0,831,831,508.25563909774434,17,0,1000000,3000,4
413644,413644,1654576,2948,101,404,610.0,0.0,610.0,688,688,408.2970297029703,14,0,1000000,3000,4
413724,413724,1654896,2949,80,320,620.0,0.0,620.0,694,694,404.2125,14,0,1000000,3000,4
413754,413754,1655016,2950,30,120,250.0,0.0,250.0,314,314,153.26666666666668,7,0,1000000,3000,4
413831,413831,1655324,2951,77,308,606.0,0.0,606.0,679,679,352.5844155844156,14,0,1000000,3000,4
413864,413864,1655456,2952,33,132,247.0,0.0,247.0,311,311,152.03030303030303,7,0,1000000,3000,4
413949,413949,1655796,2953,85,340,619.0,0.0,619.0,693,693,363.01176470588234,14,0,1000000,3000,4
414039,414039,1656156,2954,90,360,627.0,0.0,627.0,702,702,353.1777777777778,15,0,1000000,3000,4
414081,414081,1656324,2955,42,168,230.0,0.0,230.0,295,295,158.71428571428572,6,0,1000000,3000,4
414252,414252,1657008,2956,171,684,633.0,0.0,633.0,722,722,467.39766081871346,15,0,1000000,3000,4
414534,414534,1658136,2957,282,1128,1024.0,0.0,1024.0,1137,1137,651.936170212766,23,0,1000000,3000,4
414645,414645,1658580,2958,111,444,626.0,0.0,626.0,705,705,377.55855855855856,15,0,1000000,3000,4
414733,414733,1658932,2959,88,352,634.0,0.0,634.0,708,708,364.96590909090907,15,0,1000000,3000,4
414937,414937,1659748,2960,204,816,1422.0,0.0,1422.0,1519,1519,750.843137254902,31,0,1000000,3000,4
415096,415096,1660384,2961,159,636,1166.0,0.0,1166.0,1254,1254,660.5849056603773,26,0,1000000,3000,4
415130,415130,1660520,2962,34,136,246.0,0.0,246.0,310,310,154.08823529411765,7,0,1000000,3000,4
415160,415160,1660640,2963,30,120,245.0,0.0,245.0,309,309,158.26666666666668,7,0,1000000,3000,4
415391,415391,1661564,2964,231,924,1573.0,0.0,1573.0,1677,1677,794.2857142857143,34,0,1000000,3000,4
415430,415430,1661720,2965,39,156,233.0,0.0,233.0,298,298,160.84615384615384,6,0,1000000,3000,4
415518,415518,1662072,2966,88,352,637.0,0.0,637.0,712,712,358.4431818181818,15,0,1000000,3000,4
415548,415548,1662192,2967,30,120,249.0,0.0,249.0,312,312,155.5,7,0,1000000,3000,4
415689,415689,1662756,2968,141,564,740.0,0.0,740.0,825,825,501.8723404255319,17,0,1000000,3000,4
415750,415750,1663000,2969,61,244,609.0,0.0,609.0,678,678,341.88524590163934,14,0,1000000,3000,4
415849,415849,1663396,2970,99,396,636.0,0.0,636.0,713,713,360.7676767676768,15,0,1000000,3000,4
416034,416034,1664136,2971,185,740,1034.0,0.0,1034.0,1126,1126,631.2918918918919,23,0,1000000,3000,4
416070,416070,1664280,2972,36,144,244.0,0.0,244.0,308,308,151.38888888888889,7,0,1000000,3000,4
416175,416175,1664700,2973,105,420,630.0,0.0,630.0,708,708,372.48571428571427,15,0,1000000,3000,4
416257,416257,1665028,2974,82,328,607.0,0.0,607.0,681,681,346.5609756097561,14,0,1000000,3000,4
416425,416425,1665700,2975,168,672,1036.0,0.0,1036.0,1125,1125,672.5595238095239,23,0,1000000,3000,4
416465,416465,1665860,2976,40,160,237.0,0.0,237.0,301,301,155.925,7,0,1000000,3000,4
416573,416573,1666292,2977,108,432,613.0,0.0,613.0,691,691,381.537037037037,14,0,1000000,3000,4
416746,416746,1666984,2978,173,692,1338.0,0.0,1338.0,1430,1430,677.3468208092486,29,0,1000000,3000,4
416823,416823,1667292,2979,77,308,606.0,0.0,606.0,679,679,304.7792207792208,14,0,1000000,3000,4
416860,416860,1667440,2980,37,148,240.0,0.0,240.0,304,304,158.0810810810811,7,0,1000000,3000,4
416957,416957,1667828,2981,97,388,631.0,0.0,631.0,707,707,346.0927835051546,15,0,1000000,3000,4
416987,416987,1667948,2982,30,120,246.0,0.0,246.0,308,308,158.23333333333332,7,0,1000000,3000,4
417020,417020,1668080,2983,33,132,242.0,0.0,242.0,305,305,160.9090909090909,7,0,1000000,3000,4
417109,417109,1668436,2984,89,356,630.0,0.0,630.0,705,705,349.9325842696629,15,0,1000000,3000,4
417141,417141,1668564,2985,32,128,248.0,0.0,248.0,312,312,150.1875,7,0,1000000,3000,4
417172,417172,1668688,2986,31,124,246.0,0.0,246.0,310,310,159.61290322580646,7,0,1000000,3000,4
417293,417293,1669172,2987,121,484,747.0,0.0,747.0,828,828,490.099173553719,17,0,1000000,3000,4
417331,417331,1669324,2988,38,152,234.0,0.0,234.0,299,299,159.97368421052633,6,0,1000000,3000,4
417363,417363,1669452,2989,32,128,243.0,0.0,243.0,307,307,163.84375,7,0,1000000,3000,4
417400,417400,1669600,2990,37,148,239.0,0.0,239.0,304,304,152.48648648648648,7,0,1000000,3000,4
417430,417430,1669720,2991,30,120,245.0,0.0,245.0,308,308,155.8,7,0,1000000,3000,4
417469,417469,1669876,2992,39,156,234.0,0.0,234.0,299,299,154.7948717948718,6,0,1000000,3000,4
417604,417604,1670416,2993,135,540,1044.0,0.0,1044.0,1126,1126,584.2592592592592,23,0,1000000,3000,4
417639,417639,1670556,2994,35,140,237.0,0.0,237.0,299,299,171.4,6,0,1000000,3000,4
417670,417670,1670680,2995,31,124,244.0,0.0,244.0,307,307,158.4516129032258,7,0,1000000,3000,4
417706,417706,1670824,2996,36,144,236.0,0.0,236.0,300,300,164.02777777777777,7,0,1000000,3000,4
417740,417740,1670960,2997,34,136,242.0,0.0,242.0,305,305,160.97058823529412,7,0,1000000,3000,4
417818,417818,1671272,2998,78,312,622.0,0.0,622.0,694,694,354.46153846153845,14,0,1000000,3000,4
417851,417851,1671404,2999,33,132,240.0,0.0,240.0,304,304,156.54545454545453,7,0,1000000,3000,4
417940,417940,1671760,3000,89,356,598.0,0.0,598.0,673,673,339.5168539325843,14,0,1000000,3000,4
418048,418048,1672192,3001,108,432,635.0,0.0,635.0,714,714,373.30555555555554,15,0,1000000,3000,4
418085,418085,1672340,3002,37,148,240.0,0.0,240.0,305,305,157.72972972972974,7,0,1000000,3000,4
418124,418124,1672496,3003,39,156,234.0,0.0,234.0,297,297,158.28205128205127,6,0,1000000,3000,4
418158,418158,1672632,3004,34,136,244.0,0.0,244.0,307,307,165.2058823529412,7,0,1000000,3000,4
418197,418197,1672788,3005,39,156,236.0,0.0,236.0,300,300,158.4102564102564,7,0,1000000,3000,4
418304,418304,1673216,3006,107,428,614.0,0.0,614.0,693,693,368.5327102803738,14,0,1000000,3000,4
418510,418510,1674040,3007,206,824,1324.0,0.0,1324.0,1423,1423,709.3446601941747,29,0,1000000,3000,4
418638,418638,1674552,3008,128,512,732.0,0.0,732.0,814,814,477.8515625,17,0,1000000,3000,4
418748,418748,1674992,3009,110,440,611.0,0.0,611.0,690,690,395.1,14,0,1000000,3000,4
418780,418780,1675120,3010,32,128,243.0,0.0,243.0,306,306,161.6875,7,0,1000000,3000,4
418863,418863,1675452,3011,83,332,651.0,0.0,651.0,722,723,374.9277108433735,15,0,1000000,3000,4
418901,418901,1675604,3012,38,152,234.0,0.0,234.0,299,299,152.89473684210526,6,0,1000000,3000,4
419151,419151,1676604,3013,250,1000,1311.0,0.0,1311.0,1416,1416,647.08,29,0,1000000,3000,4
419289,419289,1677156,3014,138,552,615.0,0.0,615.0,700,700,391.39130434782606,15,0,1000000,3000,4
419324,419324,1677296,3015,35,140,234.0,0.0,234.0,298,298,163.22857142857143,6,0,1000000,3000,4
419469,419469,1677876,3016,145,580,639.0,0.0,639.0,722,723,512.7931034482758,15,0,1000000,3000,4
419630,419630,1678520,3017,161,644,1038.0,0.0,1038.0,1126,1126,615.0993788819876,23,0,1000000,3000,4
419661,419661,1678644,3018,31,124,248.0,0.0,248.0,312,312,155.06451612903226,7,0,1000000,3000,4
419778,419778,1679112,3019,117,468,606.0,0.0,606.0,686,686,389.47008547008545,14,0,1000000,3000,4
419809,419809,1679236,3020,31,124,247.0,0.0,247.0,311,311,151.67741935483872,7,0,1000000,3000,4
419883,419883,1679532,3021,74,296,617.0,0.0,617.0,689,689,357.4189189189189,14,0,1000000,3000,4
420127,420127,1680508,3022,244,976,1028.0,0.0,1028.0,1133,1133,631.9959016393443,23,0,1000000,3000,4
420166,420166,1680664,3023,39,156,225.0,0.0,225.0,290,290,171.4102564102564,6,0,1000000,3000,4
420360,420360,1681440,3024,194,776,1307.0,0.0,1307.0,1402,1402,770.2164948453608,29,0,1000000,3000,4
420506,420506,1682024,3025,146,584,1040.0,0.0,1040.0,1125,1125,578.7054794520548,23,0,1000000,3000,4
420538,420538,1682152,3026,32,128,240.0,0.0,240.0,303,303,166.75,7,0,1000000,3000,4
420618,420618,1682472,3027,80,320,629.0,0.0,629.0,701,701,372.1,15,0,1000000,3000,4
420654,420654,1682616,3028,36,144,245.0,0.0,245.0,310,310,150.47222222222223,7,0,1000000,3000,4
420745,420745,1682980,3029,91,364,619.0,0.0,619.0,695,695,346.25274725274727,14,0,1000000,3000,4
420787,420787,1683148,3030,42,168,229.0,0.0,229.0,294,294,164.02380952380952,6,0,1000000,3000,4
420863,420863,1683452,3031,76,304,609.0,0.0,609.0,681,681,337.7105263157895,14,0,1000000,3000,4
420894,420894,1683576,3032,31,124,251.0,0.0,251.0,315,315,157.16129032258064,7,0,1000000,3000,4
420972,420972,1683888,3033,78,312,609.0,0.0,609.0,681,681,352.11538461538464,14,0,1000000,3000,4
421013,421013,1684052,3034,41,164,232.0,0.0,232.0,296,296,158.26829268292684,6,0,1000000,3000,4
421141,421141,1684564,3035,128,512,746.0,0.0,746.0,828,828,499.140625,17,0,1000000,3000,4
421291,421291,1685164,3036,150,600,638.0,0.0,638.0,722,722,500.3466666666667,15,0,1000000,3000,4
421468,421468,1685872,3037,177,708,1046.0,0.0,1046.0,1138,1138,608.6440677966102,23,0,1000000,3000,4
421545,421545,1686180,3038,77,308,635.0,0.0,635.0,708,708,386.45454545454544,15,0,1000000,3000,4
421628,421628,1686512,3039,83,332,612.0,0.0,612.0,686,686,333.73493975903614,14,0,1000000,3000,4
421918,421918,1687672,3040,290,1160,1024.0,0.0,1024.0,1138,1138,724.8586206896551,23,0,1000000,3000,4
421954,421954,1687816,3041,36,144,233.0,0.0,233.0,297,297,164.47222222222223,6,0,1000000,3000,4
421988,421988,1687952,3042,34,136,250.0,0.0,250.0,314,314,151.3235294117647,7,0,1000000,3000,4
422029,422029,1688116,3043,41,164,230.0,0.0,230.0,296,296,154.97560975609755,6,0,1000000,3000,4
422062,422062,1688248,3044,33,132,237.0,0.0,237.0,300,300,168.93939393939394,7,0,1000000,3000,4
422398,422398,1689592,3045,336,1344,1285.0,0.0,1285.0,1409,1409,793.577380952381,29,0,1000000,3000,4
422441,422441,1689764,3046,43,172,229.0,0.0,229.0,294,294,152.1860465116279,6,0,1000000,3000,4
422626,422626,1690504,3047,185,740,735.0,0.0,735.0,829,829,470.02702702702703,17,0,1000000,3000,4
422937,422937,1691748,3048,311,1244,1312.0,0.0,1312.0,1432,1432,705.6688102893891,29,0,1000000,3000,4
423144,423144,1692576,3049,207,828,716.0,0.0,716.0,814,814,543.2898550724638,17,0,1000000,3000,4
423186,423186,1692744,3050,42,168,228.0,0.0,228.0,292,292,156.71428571428572,6,0,1000000,3000,4
423224,423224,1692896,3051,38,152,237.0,0.0,237.0,301,301,155.94736842105263,7,0,1000000,3000,4
423591,423591,1694364,3052,367,1468,1280.0,0.0,1280.0,1410,1410,794.0926430517711,29,0,1000000,3000,4
423632,423632,1694528,3053,41,164,234.0,0.0,234.0,299,299,155.29268292682926,6,0,1000000,3000,4
423748,423748,1694992,3054,116,464,619.0,0.0,619.0,700,700,353.87068965517244,15,0,1000000,3000,4
423914,423914,1695656,3055,166,664,734.0,0.0,734.0,823,823,479.93975903614455,17,0,1000000,3000,4
424500,424500,1698000,3056,586,2344,1242.0,0.0,1242.0,1415,1415,714.037542662116,29,0,1000000,3000,4
424549,424549,1698196,3057,49,196,222.0,0.0,222.0,288,288,157.51020408163265,6,0,1000000,3000,4
424590,424590,1698360,3058,41,164,232.0,0.0,232.0,297,297,161.4390243902439,6,0,1000000,3000,4
424723,424723,1698892,3059,133,532,596.0,0.0,596.0,679,679,378.796992481203,14,0,1000000,3000,4
424761,424761,1699044,3060,38,152,250.0,0.0,250.0,314,314,138.89473684210526,7,0,1000000,3000,4
425041,425041,1700164,3061,280,1120,788.0,0.0,788.0,898,898,623.9571428571429,18,0,1000000,3000,4
425076,425076,1700304,3062,35,140,247.0,0.0,247.0,310,310,154.5142857142857,7,0,1000000,3000,4
425345,425345,1701380,3063,269,1076,1017.0,0.0,1017.0,1126,1126,678.9219330855019,23,0,1000000,3000,4
425636,425636,1702544,3064,291,1164,785.0,0.0,785.0,898,899,640.9828178694158,18,0,1000000,3000,4
425670,425670,1702680,3065,34,136,241.0,0.0,241.0,303,303,157.35294117647058,7,0,1000000,3000,4
425711,425711,1702844,3066,41,164,230.0,0.0,230.0,295,295,157.0487804878049,6,0,1000000,3000,4
425908,425908,1703632,3067,197,788,1148.0,0.0,1148.0,1244,1244,628.3045685279188,25,0,1000000,3000,4
426001,426001,1704004,3068,93,372,626.0,0.0,626.0,702,702,358.5483870967742,15,0,1000000,3000,4
426198,426198,1704792,3069,197,788,804.0,0.0,804.0,898,898,598.9543147208121,18,0,1000000,3000,4
426239,426239,1704956,3070,41,164,233.0,0.0,233.0,297,297,162.21951219512195,6,0,1000000,3000,4
426358,426358,1705432,3071,119,476,606.0,0.0,606.0,686,686,369.5882352941176,14,0,1000000,3000,4
426540,426540,1706160,3072,182,728,1045.0,0.0,1045.0,1138,1138,606.3461538461538,23,0,1000000,3000,4
426725,426725,1706900,3073,185,740,806.0,0.0,806.0,898,898,523.5513513513514,18,0,1000000,3000,4
426999,426999,1707996,3074,274,1096,1017.0,0.0,1017.0,1127,1127,678.1204379562043,23,0,1000000,3000,4
427241,427241,1708964,3075,242,968,1306.0,0.0,1306.0,1411,1411,727.3223140495868,29,0,1000000,3000,4
427418,427418,1709672,3076,177,708,772.0,0.0,772.0,864,864,510.5310734463277,18,0,1000000,3000,4
427643,427643,1710572,3077,225,900,622.0,0.0,622.0,722,723,550.3644444444444,15,0,1000000,3000,4
427803,427803,1711212,3078,160,640,812.0,0.0,812.0,898,899,571.625,18,0,1000000,3000,4
428090,428090,1712360,3079,287,1148,786.0,0.0,786.0,898,898,627.6306620209059,18,0,1000000,3000,4
428271,428271,1713084,3080,181,724,1044.0,0.0,1044.0,1137,1137,589.585635359116,23,0,1000000,3000,4
428353,428353,1713412,3081,82,328,624.0,0.0,624.0,696,696,356.8292682926829,14,0,1000000,3000,4
428457,428457,1713828,3082,104,416,629.0,0.0,629.0,707,707,366.8076923076923,15,0,1000000,3000,4
428533,428533,1714132,3083,76,304,608.0,0.0,608.0,681,681,305.8157894736842,14,0,1000000,3000,4
428570,428570,1714280,3084,37,148,239.0,0.0,239.0,303,303,157.94594594594594,7,0,1000000,3000,4
428666,428666,1714664,3085,96,384,633.0,0.0,633.0,709,709,361.6354166666667,15,0,1000000,3000,4
428784,428784,1715136,3086,118,472,627.0,0.0,627.0,708,708,375.02542372881356,15,0,1000000,3000,4
428961,428961,1715844,3087,177,708,1334.0,0.0,1334.0,1426,1426,725.1016949152543,29,0,1000000,3000,4
429198,429198,1716792,3088,237,948,1321.0,0.0,1321.0,1425,1425,730.5949367088608,29,0,1000000,3000,4
429441,429441,1717764,3089,243,972,1307.0,0.0,1307.0,1411,1411,690.0617283950618,29,0,1000000,3000,4
429696,429696,1718784,3090,255,1020,1314.0,0.0,1314.0,1422,1422,716.3019607843137,29,0,1000000,3000,4
429792,429792,1719168,3091,96,384,628.0,0.0,628.0,704,704,381.15625,15,0,1000000,3000,4
429957,429957,1719828,3092,165,660,762.0,0.0,762.0,853,853,516.5878787878788,18,0,1000000,3000,4
430047,430047,1720188,3093,90,360,622.0,0.0,622.0,697,697,384.5888888888889,14,0,1000000,3000,4
430088,430088,1720352,3094,41,164,231.0,0.0,231.0,296,296,154.58536585365854,6,0,1000000,3000,4
430262,430262,1721048,3095,174,696,1037.0,0.0,1037.0,1127,1127,614.3333333333334,23,0,1000000,3000,4
430460,430460,1721840,3096,198,792,1034.0,0.0,1034.0,1129,1129,598.929292929293,23,0,1000000,3000,4
430546,430546,1722184,3097,86,344,621.0,0.0,621.0,695,695,396.2906976744186,14,0,1000000,3000,4
430636,430636,1722544,3098,90,360,603.0,0.0,603.0,679,679,311.64444444444445,14,0,1000000,3000,4
430690,430690,1722760,3099,54,216,196.0,0.0,196.0,262,262,178.27777777777777,6,0,1000000,3000,4
430936,430936,1723744,3100,246,984,1911.0,0.0,1911.0,2017,2017,985.7560975609756,41,0,1000000,3000,4
431062,431062,1724248,3101,126,504,608.0,0.0,608.0,689,689,383.3253968253968,14,0,1000000,3000,4
431185,431185,1724740,3102,123,492,599.0,0.0,599.0,680,680,380.9918699186992,14,0,1000000,3000,4
431225,431225,1724900,3103,40,160,239.0,0.0,239.0,303,303,147.625,7,0,1000000,3000,4
431268,431268,1725072,3104,43,172,231.0,0.0,231.0,296,296,156.53488372093022,6,0,1000000,3000,4
431469,431469,1725876,3105,201,804,1042.0,0.0,1042.0,1139,1139,617.9353233830846,23,0,1000000,3000,4
431509,431509,1726036,3106,40,160,237.0,0.0,237.0,302,302,157.8,7,0,1000000,3000,4
431687,431687,1726748,3107,178,712,632.0,0.0,632.0,722,722,467.9325842696629,15,0,1000000,3000,4
431731,431731,1726924,3108,44,176,229.0,0.0,229.0,294,294,162.3181818181818,6,0,1000000,3000,4
431881,431881,1727524,3109,150,600,769.0,0.0,769.0,855,855,472.5733333333333,18,0,1000000,3000,4
432133,432133,1728532,3110,252,1008,1551.0,0.0,1551.0,1658,1658,860.484126984127,34,0,1000000,3000,4
432247,432247,1728988,3111,114,456,605.0,0.0,605.0,684,684,372.9736842105263,14,0,1000000,3000,4
432391,432391,1729564,3112,144,576,1050.0,0.0,1050.0,1135,1135,575.2013888888889,23,0,1000000,3000,4
432431,432431,1729724,3113,40,160,243.0,0.0,243.0,307,307,143.1,7,0,1000000,3000,4
432486,432486,1729944,3114,55,220,221.0,0.0,221.0,288,288,139.92727272727274,6,0,1000000,3000,4
432525,432525,1730100,3115,39,156,241.0,0.0,241.0,306,306,151.0,7,0,1000000,3000,4
432691,432691,1730764,3116,166,664,736.0,0.0,736.0,825,825,483.7590361445783,17,0,1000000,3000,4
432980,432980,1731920,3117,289,1156,786.0,0.0,786.0,898,899,671.0034602076124,18,0,1000000,3000,4
433243,433243,1732972,3118,263,1052,1027.0,0.0,1027.0,1136,1136,627.022813688213,23,0,1000000,3000,4
433472,433472,1733888,3119,229,916,1311.0,0.0,1311.0,1411,1411,686.4192139737992,29,0,1000000,3000,4
433504,433504,1734016,3120,32,128,240.0,0.0,240.0,302,302,165.40625,7,0,1000000,3000,4
433547,433547,1734188,3121,43,172,222.0,0.0,222.0,287,287,169.53488372093022,6,0,1000000,3000,4
433765,433765,1735060,3122,218,872,800.0,0.0,800.0,898,898,567.3073394495412,18,0,1000000,3000,4
433918,433918,1735672,3123,153,612,794.0,0.0,794.0,881,881,535.3202614379085,18,0,1000000,3000,4
433947,433947,1735788,3124,29,116,250.0,0.0,250.0,313,313,154.31034482758622,7,0,1000000,3000,4
434109,434109,1736436,3125,162,648,1035.0,0.0,1035.0,1122,1122,647.2654320987655,23,0,1000000,3000,4
434148,434148,1736592,3126,39,156,243.0,0.0,243.0,307,307,155.46153846153845,7,0,1000000,3000,4
434257,434257,1737028,3127,109,436,618.0,0.0,618.0,695,695,380.2201834862385,14,0,1000000,3000,4
434347,434347,1737388,3128,90,360,630.0,0.0,630.0,705,705,383.5,15,0,1000000,3000,4
434389,434389,1737556,3129,42,168,232.0,0.0,232.0,296,296,157.85714285714286,6,0,1000000,3000,4
434497,434497,1737988,3130,108,432,609.0,0.0,609.0,687,687,377.1296296296296,14,0,1000000,3000,4
434589,434589,1738356,3131,92,368,627.0,0.0,627.0,703,703,370.1630434782609,15,0,1000000,3000,4
434630,434630,1738520,3132,41,164,228.0,0.0,228.0,293,293,162.17073170731706,6,0,1000000,3000,4
434893,434893,1739572,3133,263,1052,1323.0,0.0,1323.0,1433,1433,683.9201520912547,29,0,1000000,3000,4
435004,435004,1740016,3134,111,444,610.0,0.0,610.0,689,689,352.4864864864865,14,0,1000000,3000,4
435273,435273,1741092,3135,269,1076,1038.0,0.0,1038.0,1149,1149,642.4423791821562,23,0,1000000,3000,4
435476,435476,1741904,3136,203,812,1030.0,0.0,1030.0,1125,1125,591.1576354679803,23,0,1000000,3000,4
435522,435522,1742088,3137,46,184,229.0,0.0,229.0,294,294,149.91304347826087,6,0,1000000,3000,4
435848,435848,1743392,3138,326,1304,1006.0,0.0,1006.0,1126,1126,653.8773006134969,23,0,1000000,3000,4
435881,435881,1743524,3139,33,132,251.0,0.0,251.0,315,315,152.21212121212122,7,0,1000000,3000,4
435921,435921,1743684,3140,40,160,236.0,0.0,236.0,302,302,153.2,7,0,1000000,3000,4
436132,436132,1744528,3141,211,844,1030.0,0.0,1030.0,1129,1129,642.9194312796209,23,0,1000000,3000,4
436309,436309,1745236,3142,177,708,765.0,0.0,765.0,857,857,524.1242937853108,18,0,1000000,3000,4
436419,436419,1745676,3143,110,440,609.0,0.0,609.0,688,688,365.1909090909091,14,0,1000000,3000,4
436617,436617,1746468,3144,198,792,1042.0,0.0,1042.0,1138,1138,655.6060606060606,23,0,1000000,3000,4
436754,436754,1747016,3145,137,548,587.0,0.0,587.0,671,671,366.3649635036496,14,0,1000000,3000,4
436848,436848,1747392,3146,94,376,629.0,0.0,629.0,703,703,362.32978723404256,15,0,1000000,3000,4
437140,437140,1748560,3147,292,1168,785.0,0.0,785.0,898,898,585.6780821917808,18,0,1000000,3000,4
437198,437198,1748792,3148,58,232,216.0,0.0,216.0,284,284,132.9655172413793,6,0,1000000,3000,4
437329,437329,1749316,3149,131,524,628.0,0.0,628.0,711,711,330.69465648854964,15,0,1000000,3000,4
437359,437359,1749436,3150,30,120,249.0,0.0,249.0,313,313,150.56666666666666,7,0,1000000,3000,4
437408,437408,1749632,3151,49,196,241.0,0.0,241.0,308,308,125.40816326530613,7,0,1000000,3000,4
437495,437495,1749980,3152,87,348,632.0,0.0,632.0,705,705,362.02298850574715,15,0,1000000,3000,4
437715,437715,1750860,3153,220,880,1024.0,0.0,1024.0,1123,1123,603.6909090909091,23,0,1000000,3000,4
437813,437813,1751252,3154,98,392,611.0,0.0,611.0,686,686,389.5,14,0,1000000,3000,4
437896,437896,1751584,3155,83,332,615.0,0.0,615.0,688,688,335.26506024096386,14,0,1000000,3000,4
437929,437929,1751716,3156,33,132,240.0,0.0,240.0,304,304,165.3030303030303,7,0,1000000,3000,4
438097,438097,1752388,3157,168,672,810.0,0.0,810.0,898,898,566.7857142857143,18,0,1000000,3000,4
438211,438211,1752844,3158,114,456,612.0,0.0,612.0,691,691,384.85087719298247,14,0,1000000,3000,4
438303,438303,1753212,3159,92,368,633.0,0.0,633.0,709,709,386.5326086956522,15,0,1000000,3000,4
438453,438453,1753812,3160,150,600,638.0,0.0,638.0,722,722,495.8466666666667,15,0,1000000,3000,4
438624,438624,1754496,3161,171,684,809.0,0.0,809.0,898,898,602.2514619883041,18,0,1000000,3000,4
438661,438661,1754644,3162,37,148,239.0,0.0,239.0,303,303,153.05405405405406,7,0,1000000,3000,4
438697,438697,1754788,3163,36,144,228.0,0.0,228.0,292,292,175.38888888888889,6,0,1000000,3000,4
438781,438781,1755124,3164,84,336,632.0,0.0,632.0,705,705,371.48809523809524,15,0,1000000,3000,4
439006,439006,1756024,3165,225,900,1027.0,0.0,1027.0,1127,1127,643.6222222222223,23,0,1000000,3000,4
439132,439132,1756528,3166,126,504,760.0,0.0,760.0,842,842,495.3095238095238,17,0,1000000,3000,4
439224,439224,1756896,3167,92,368,618.0,0.0,618.0,694,694,387.2717391304348,14,0,1000000,3000,4
439254,439254,1757016,3168,30,120,249.0,0.0,249.0,313,313,152.8,7,0,1000000,3000,4
439287,439287,1757148,3169,33,132,251.0,0.0,251.0,315,315,147.0,7,0,1000000,3000,4
439467,439467,1757868,3170,180,720,1342.0,0.0,1342.0,1435,1435,659.4722222222222,29,0,1000000,3000,4
439682,439682,1758728,3171,215,860,1426.0,0.0,1426.0,1527,1527,735.4604651162791,31,0,1000000,3000,4
439772,439772,1759088,3172,90,360,733.0,0.0,733.0,809,809,376.5888888888889,17,0,1000000,3000,4
439852,439852,1759408,3173,80,320,620.0,0.0,620.0,692,692,335.675,14,0,1000000,3000,4
439887,439887,1759548,3174,35,140,247.0,0.0,247.0,311,311,149.17142857142858,7,0,1000000,3000,4
439980,439980,1759920,3175,93,372,606.0,0.0,606.0,682,682,411.13978494623655,14,0,1000000,3000,4
440041,440041,1760164,3176,61,244,611.0,0.0,611.0,681,681,330.21311475409834,14,0,1000000,3000,4
440194,440194,1760776,3177,153,612,813.0,0.0,813.0,898,900,533.9346405228758,19,0,1000000,3000,4
440293,440293,1761172,3178,99,396,629.0,0.0,629.0,706,706,376.1212121212121,15,0,1000000,3000,4
440491,440491,1761964,3179,198,792,1320.0,0.0,1320.0,1415,1415,731.6717171717172,29,0,1000000,3000,4
440655,440655,1762620,3180,164,656,1345.0,0.0,1345.0,1435,1435,704.6463414634146,29,0,1000000,3000,4
440691,440691,1762764,3181,36,144,245.0,0.0,245.0,310,310,150.58333333333334,7,0,1000000,3000,4
440773,440773,1763092,3182,82,328,640.0,0.0,640.0,713,713,388.8658536585366,15,0,1000000,3000,4
440880,440880,1763520,3183,107,428,646.0,0.0,646.0,722,722,390.4579439252336,15,0,1000000,3000,4
441080,441080,1764320,3184,200,800,1306.0,0.0,1306.0,1401,1401,725.92,29,0,1000000,3000,4
441119,441119,1764476,3185,39,156,237.0,0.0,237.0,301,301,156.0,7,0,1000000,3000,4
441158,441158,1764632,3186,39,156,244.0,0.0,244.0,309,309,140.87179487179486,7,0,1000000,3000,4
441229,441229,1764916,3187,71,284,610.0,0.0,610.0,680,680,316.6478873239437,14,0,1000000,3000,4
441269,441269,1765076,3188,40,160,231.0,0.0,231.0,295,295,163.875,6,0,1000000,3000,4
441349,441349,1765396,3189,80,320,609.0,0.0,609.0,683,683,310.825,14,0,1000000,3000,4
441600,441600,1766400,3190,251,1004,1023.0,0.0,1023.0,1129,1129,629.597609561753,23,0,1000000,3000,4
441640,441640,1766560,3191,40,160,240.0,0.0,240.0,306,306,149.125,7,0,1000000,3000,4
441807,441807,1767228,3192,167,668,810.0,0.0,810.0,898,898,553.1317365269462,18,0,1000000,3000,4
441841,441841,1767364,3193,34,136,247.0,0.0,247.0,311,311,144.0,7,0,1000000,3000,4
442033,442033,1768132,3194,192,768,1034.0,0.0,1034.0,1128,1128,615.1979166666666,23,0,1000000,3000,4
442066,442066,1768264,3195,33,132,248.0,0.0,248.0,312,312,146.33333333333334,7,0,1000000,3000,4
442109,442109,1768436,3196,43,172,234.0,0.0,234.0,300,300,151.06976744186048,7,0,1000000,3000,4
442330,442330,1769320,3197,221,884,745.0,0.0,745.0,847,847,533.9683257918552,17,0,1000000,3000,4
442571,442571,1770284,3198,241,964,1136.0,0.0,1136.0,1242,1242,669.5103734439834,25,0,1000000,3000,4
442808,442808,1771232,3199,237,948,1141.0,0.0,1141.0,1246,1246,655.3333333333334,25,0,1000000,3000,4
443012,443012,1772048,3200,204,816,1033.0,0.0,1033.0,1129,1129,648.2009803921569,23,0,1000000,3000,4
443091,443091,1772364,3201,79,316,606.0,0.0,606.0,679,679,320.5189873417722,14,0,1000000,3000,4
443233,443233,1772932,3202,142,568,748.0,0.0,748.0,833,833,510.1830985915493,17,0,1000000,3000,4
443273,443273,1773092,3203,40,160,231.0,0.0,231.0,295,295,167.9,6,0,1000000,3000,4
443499,443499,1773996,3204,226,904,1417.0,0.0,1417.0,1519,1519,746.2522123893805,31,0,1000000,3000,4
443591,443591,1774364,3205,92,368,610.0,0.0,610.0,685,685,409.10869565217394,14,0,1000000,3000,4
443785,443785,1775140,3206,194,776,1054.0,0.0,1054.0,1150,1150,613.6237113402062,24,0,1000000,3000,4
443927,443927,1775708,3207,142,568,1042.0,0.0,1042.0,1126,1126,573.2957746478874,23,0,1000000,3000,4
444050,444050,1776200,3208,123,492,1070.0,0.0,1070.0,1152,1152,580.4715447154472,24,0,1000000,3000,4
444248,444248,1776992,3209,198,792,1031.0,0.0,1031.0,1125,1125,653.4040404040404,23,0,1000000,3000,4
444405,444405,1777620,3210,157,628,1042.0,0.0,1042.0,1128,1128,549.1019108280254,23,0,1000000,3000,4
444498,444498,1777992,3211,93,372,609.0,0.0,609.0,684,684,401.9247311827957,14,0,1000000,3000,4
444729,444729,1778916,3212,231,924,1048.0,0.0,1048.0,1152,1152,711.0995670995671,24,0,1000000,3000,4
444860,444860,1779440,3213,131,524,733.0,0.0,733.0,817,817,501.4351145038168,17,0,1000000,3000,4
445079,445079,1780316,3214,219,876,1139.0,0.0,1139.0,1240,1240,633.1415525114155,25,0,1000000,3000,4
445117,445117,1780468,3215,38,152,242.0,0.0,242.0,306,306,146.5,7,0,1000000,3000,4
445500,445500,1782000,3216,383,1532,1655.0,0.0,1655.0,1787,1787,862.0704960835509,36,0,1000000,3000,4
445788,445788,1783152,3217,288,1152,1556.0,0.0,1556.0,1671,1671,817.6631944444445,34,0,1000000,3000,4
445886,445886,1783544,3218,98,392,631.0,0.0,631.0,707,707,375.2857142857143,15,0,1000000,3000,4
445921,445921,1783684,3219,35,140,245.0,0.0,245.0,309,309,151.17142857142858,7,0,1000000,3000,4
446061,446061,1784244,3220,140,560,625.0,0.0,625.0,710,710,482.1357142857143,15,0,1000000,3000,4
446265,446265,1785060,3221,204,816,1031.0,0.0,1031.0,1127,1127,670.3333333333334,23,0,1000000,3000,4
446585,446585,1786340,3222,320,1280,1401.0,0.0,1401.0,1523,1523,794.46875,31,0,1000000,3000,4
446676,446676,1786704,3223,91,364,614.0,0.0,614.0,690,690,382.13186813186815,14,0,1000000,3000,4
446830,446830,1787320,3224,154,616,1039.0,0.0,1039.0,1124,1124,560.3571428571429,23,0,1000000,3000,4
447041,447041,1788164,3225,211,844,714.0,0.0,714.0,813,813,532.127962085308,17,0,1000000,3000,4
447423,447423,1789692,3226,382,1528,767.0,0.0,767.0,898,898,658.1047120418848,18,0,1000000,3000,4
447697,447697,1790788,3227,274,1096,1030.0,0.0,1030.0,1141,1141,627.470802919708,23,0,1000000,3000,4
447893,447893,1791572,3228,196,784,804.0,0.0,804.0,898,898,539.2142857142857,18,0,1000000,3000,4
447978,447978,1791912,3229,85,340,602.0,0.0,602.0,676,676,301.2470588235294,14,0,1000000,3000,4
448144,448144,1792576,3230,166,664,810.0,0.0,810.0,898,899,552.9638554216867,18,0,1000000,3000,4
448471,448471,1793884,3231,327,1308,1279.0,0.0,1279.0,1401,1401,744.6880733944954,29,0,1000000,3000,4
448516,448516,1794064,3232,45,180,232.0,0.0,232.0,297,297,151.62222222222223,6,0,1000000,3000,4
448747,448747,1794988,3233,231,924,1307.0,0.0,1307.0,1409,1409,707.1645021645022,29,0,1000000,3000,4
448790,448790,1795160,3234,43,172,226.0,0.0,226.0,290,290,166.32558139534885,6,0,1000000,3000,4
448941,448941,1795764,3235,151,604,637.0,0.0,637.0,722,723,505.6622516556291,15,0,1000000,3000,4
449141,449141,1796564,3236,200,800,1035.0,0.0,1035.0,1131,1131,604.735,23,0,1000000,3000,4
449175,449175,1796700,3237,34,136,244.0,0.0,244.0,307,307,151.08823529411765,7,0,1000000,3000,4
449214,449214,1796856,3238,39,156,239.0,0.0,239.0,302,302,152.5897435897436,7,0,1000000,3000,4
449353,449353,1797412,3239,139,556,1042.0,0.0,1042.0,1125,1125,565.3884892086331,23,0,1000000,3000,4
449507,449507,1798028,3240,154,616,813.0,0.0,813.0,898,899,568.6623376623377,18,0,1000000,3000,4
449593,449593,1798372,3241,86,344,620.0,0.0,620.0,693,693,332.6511627906977,14,0,1000000,3000,4
449774,449774,1799096,3242,181,724,1036.0,0.0,1036.0,1128,1128,630.6685082872929,23,0,1000000,3000,4
449818,449818,1799272,3243,44,176,232.0,0.0,232.0,297,297,155.36363636363637,6,0,1000000,3000,4
449927,449927,1799708,3244,109,436,617.0,0.0,617.0,694,694,362.2201834862385,14,0,1000000,3000,4
450136,450136,1800544,3245,209,836,1040.0,0.0,1040.0,1138,1138,584.866028708134,23,0,1000000,3000,4
450235,450235,1800940,3246,99,396,606.0,0.0,606.0,682,682,394.64646464646466,14,0,1000000,3000,4
450346,450346,1801384,3247,111,444,626.0,0.0,626.0,705,705,362.35135135135135,15,0,1000000,3000,4
450503,450503,1802012,3248,157,628,605.0,0.0,605.0,692,692,465.8789808917197,14,0,1000000,3000,4
450615,450615,1802460,3249,112,448,628.0,0.0,628.0,707,707,363.86607142857144,15,0,1000000,3000,4
450704,450704,1802816,3250,89,356,623.0,0.0,623.0,697,697,386.69662921348316,14,0,1000000,3000,4
450801,450801,1803204,3251,97,388,621.0,0.0,621.0,697,697,365.0412371134021,14,0,1000000,3000,4
451063,451063,1804252,3252,262,1048,1301.0,0.0,1301.0,1409,1409,716.2938931297709,29,0,1000000,3000,4
451234,451234,1804936,3253,171,684,727.0,0.0,727.0,817,817,510.0701754385965,17,0,1000000,3000,4
451420,451420,1805680,3254,186,744,1045.0,0.0,1045.0,1139,1139,572.483870967742,23,0,1000000,3000,4
451643,451643,1806572,3255,223,892,1321.0,0.0,1321.0,1422,1422,704.542600896861,29,0,1000000,3000,4
451955,451955,1807820,3256,312,1248,1308.0,0.0,1308.0,1427,1427,724.6634615384615,29,0,1000000,3000,4
451991,451991,1807964,3257,36,144,239.0,0.0,239.0,303,303,158.19444444444446,7,0,1000000,3000,4
452347,452347,1809388,3258,356,1424,1011.0,0.0,1011.0,1138,1138,672.3876404494382,23,0,1000000,3000,4
452390,452390,1809560,3259,43,172,233.0,0.0,233.0,299,299,150.1627906976744,6,0,1000000,3000,4
452613,452613,1810452,3260,223,892,1027.0,0.0,1027.0,1127,1127,630.9820627802691,23,0,1000000,3000,4
452646,452646,1810584,3261,33,132,242.0,0.0,242.0,306,306,162.9090909090909,7,0,1000000,3000,4
453193,453193,1812772,3262,547,2188,972.0,0.0,972.0,1138,1138,724.855575868373,23,0,1000000,3000,4
453450,453450,1813800,3263,257,1028,1300.0,0.0,1300.0,1408,1408,724.8210116731517,29,0,1000000,3000,4
453728,453728,1814912,3264,278,1112,1019.0,0.0,1019.0,1131,1131,712.6906474820144,23,0,1000000,3000,4
453935,453935,1815740,3265,207,828,755.0,0.0,755.0,853,853,540.0434782608696,18,0,1000000,3000,4
453972,453972,1815888,3266,37,148,233.0,0.0,233.0,297,297,169.67567567567568,6,0,1000000,3000,4
454167,454167,1816668,3267,195,780,725.0,0.0,725.0,821,821,532.6358974358974,17,0,1000000,3000,4
454205,454205,1816820,3268,38,152,235.0,0.0,235.0,298,298,164.73684210526315,6,0,1000000,3000,4
454409,454409,1817636,3269,204,816,1029.0,0.0,1029.0,1125,1125,661.0539215686274,23,0,1000000,3000,4
454578,454578,1818312,3270,169,676,747.0,0.0,747.0,838,838,543.9881656804733,17,0,1000000,3000,4
454678,454678,1818712,3271,100,400,632.0,0.0,632.0,708,708,380.32,15,0,1000000,3000,4
454717,454717,1818868,3272,39,156,236.0,0.0,236.0,300,300,158.28205128205127,7,0,1000000,3000,4
454799,454799,1819196,3273,82,328,632.0,0.0,632.0,706,706,364.7926829268293,15,0,1000000,3000,4
455194,455194,1820776,3274,395,1580,1888.0,0.0,1888.0,2024,2024,897.5772151898734,41,0,1000000,3000,4
455273,455273,1821092,3275,79,316,615.0,0.0,615.0,687,687,356.62025316455697,14,0,1000000,3000,4
455454,455454,1821816,3276,181,724,807.0,0.0,807.0,898,898,612.3591160220994,18,0,1000000,3000,4
455765,455765,1823060,3277,311,1244,1893.0,0.0,1893.0,2012,2012,1031.6109324758843,41,0,1000000,3000,4
455875,455875,1823500,3278,110,440,597.0,0.0,597.0,674,674,400.3727272727273,14,0,1000000,3000,4
455914,455914,1823656,3279,39,156,237.0,0.0,237.0,301,301,162.35897435897436,7,0,1000000,3000,4
456005,456005,1824020,3280,91,364,626.0,0.0,626.0,701,701,352.6043956043956,15,0,1000000,3000,4
456140,456140,1824560,3281,135,540,723.0,0.0,723.0,807,807,488.0,17,0,1000000,3000,4
456339,456339,1825356,3282,199,796,1031.0,0.0,1031.0,1125,1125,619.0201005025126,23,0,1000000,3000,4
456594,456594,1826376,3283,255,1020,1021.0,0.0,1021.0,1127,1127,666.2470588235294,23,0,1000000,3000,4
456630,456630,1826520,3284,36,144,236.0,0.0,236.0,300,300,164.61111111111111,7,0,1000000,3000,4
456710,456710,1826840,3285,80,320,613.0,0.0,613.0,685,685,331.8625,14,0,1000000,3000,4
456968,456968,1827872,3286,258,1032,1309.0,0.0,1309.0,1417,1417,737.8992248062016,29,0,1000000,3000,4
457262,457262,1829048,3287,294,1176,1669.0,0.0,1669.0,1783,1783,900.0612244897959,36,0,1000000,3000,4
457434,457434,1829736,3288,172,688,1131.0,0.0,1131.0,1220,1220,624.6395348837209,25,0,1000000,3000,4
457536,457536,1830144,3289,102,408,620.0,0.0,620.0,697,697,368.01960784313724,14,0,1000000,3000,4
457575,457575,1830300,3290,39,156,234.0,0.0,234.0,298,298,165.33333333333334,6,0,1000000,3000,4
457691,457691,1830764,3291,116,464,602.0,0.0,602.0,682,682,379.23275862068965,14,0,1000000,3000,4
457727,457727,1830908,3292,36,144,233.0,0.0,233.0,297,297,163.83333333333334,6,0,1000000,3000,4
457825,457825,1831300,3293,98,392,619.0,0.0,619.0,694,694,400.66326530612247,14,0,1000000,3000,4
457952,457952,1831808,3294,127,508,599.0,0.0,599.0,680,680,397.8582677165354,14,0,1000000,3000,4
458052,458052,1832208,3295,100,400,626.0,0.0,626.0,703,703,359.34,15,0,1000000,3000,4
458093,458093,1832372,3296,41,164,232.0,0.0,232.0,297,297,161.34146341463415,6,0,1000000,3000,4
458249,458249,1832996,3297,156,624,1050.0,0.0,1050.0,1138,1138,624.974358974359,23,0,1000000,3000,4
458289,458289,1833156,3298,40,160,231.0,0.0,231.0,295,295,160.525,6,0,1000000,3000,4
458325,458325,1833300,3299,36,144,235.0,0.0,235.0,298,298,167.30555555555554,6,0,1000000,3000,4
458365,458365,1833460,3300,40,160,231.0,0.0,231.0,296,296,160.55,6,0,1000000,3000,4
458405,458405,1833620,3301,40,160,230.0,0.0,230.0,295,295,160.0,6,0,1000000,3000,4
458651,458651,1834604,3302,246,984,697.0,0.0,697.0,803,803,554.4227642276422,17,0,1000000,3000,4
458748,458748,1834992,3303,97,388,633.0,0.0,633.0,708,708,359.4329896907216,15,0,1000000,3000,4
458917,458917,1835668,3304,169,676,601.0,0.0,601.0,691,691,459.7751479289941,14,0,1000000,3000,4
459162,459162,1836648,3305,245,980,1033.0,0.0,1033.0,1138,1138,638.3428571428572,23,0,1000000,3000,4
459278,459278,1837112,3306,116,464,602.0,0.0,602.0,682,682,388.44827586206895,14,0,1000000,3000,4
459472,459472,1837888,3307,194,776,1045.0,0.0,1045.0,1140,1140,637.180412371134,23,0,1000000,3000,4
459584,459584,1838336,3308,112,448,608.0,0.0,608.0,686,686,392.95535714285717,14,0,1000000,3000,4
459624,459624,1838496,3309,40,160,230.0,0.0,230.0,295,295,160.05,6,0,1000000,3000,4
459886,459886,1839544,3310,262,1048,1410.0,0.0,1410.0,1518,1518,738.7442748091603,31,0,1000000,3000,4
459967,459967,1839868,3311,81,324,611.0,0.0,611.0,684,684,338.04938271604937,14,0,1000000,3000,4
460000,460000,1840000,3312,33,132,247.0,0.0,247.0,310,310,157.06060606060606,7,0,1000000,3000,4
460122,460122,1840488,3313,122,488,599.0,0.0,599.0,680,680,395.2950819672131,14,0,1000000,3000,4
460214,460214,1840856,3314,92,368,627.0,0.0,627.0,703,703,362.2173913043478,15,0,1000000,3000,4
460401,460401,1841604,3315,187,748,1333.0,0.0,1333.0,1428,1428,681.812834224599,29,0,1000000,3000,4
460565,460565,1842260,3316,164,656,1140.0,0.0,1140.0,1230,1230,660.2621951219512,25,0,1000000,3000,4
460597,460597,1842388,3317,32,128,243.0,0.0,243.0,305,305,160.59375,7,0,1000000,3000,4
460749,460749,1842996,3318,152,608,736.0,0.0,736.0,823,823,508.29605263157896,17,0,1000000,3000,4
460842,460842,1843368,3319,93,372,623.0,0.0,623.0,699,699,391.81720430107526,14,0,1000000,3000,4
461034,461034,1844136,3320,192,768,1032.0,0.0,1032.0,1126,1126,627.2291666666666,23,0,1000000,3000,4
461069,461069,1844276,3321,35,140,249.0,0.0,249.0,313,313,151.45714285714286,7,0,1000000,3000,4
461105,461105,1844420,3322,36,144,233.0,0.0,233.0,297,297,171.16666666666666,6,0,1000000,3000,4
461281,461281,1845124,3323,176,704,715.0,0.0,715.0,806,806,567.2329545454545,17,0,1000000,3000,4
461351,461351,1845404,3324,70,280,611.0,0.0,611.0,682,682,332.84285714285716,14,0,1000000,3000,4
461423,461423,1845692,3325,72,288,618.0,0.0,618.0,689,689,346.81944444444446,14,0,1000000,3000,4
461601,461601,1846404,3326,178,712,1346.0,0.0,1346.0,1439,1439,674.2303370786517,29,0,1000000,3000,4
461699,461699,1846796,3327,98,392,616.0,0.0,616.0,692,692,398.8265306122449,14,0,1000000,3000,4
461783,461783,1847132,3328,84,336,617.0,0.0,617.0,691,691,353.1547619047619,14,0,1000000,3000,4
461817,461817,1847268,3329,34,136,241.0,0.0,241.0,304,304,154.76470588235293,7,0,1000000,3000,4
461882,461882,1847528,3330,65,260,615.0,0.0,615.0,686,686,352.16923076923075,14,0,1000000,3000,4
462084,462084,1848336,3331,202,808,1134.0,0.0,1134.0,1230,1230,636.0148514851485,25,0,1000000,3000,4
462395,462395,1849580,3332,311,1244,2354.0,0.0,2354.0,2471,2471,1384.7202572347267,50,0,1000000,3000,4
462459,462459,1849836,3333,64,256,610.0,0.0,610.0,680,680,333.296875,14,0,1000000,3000,4
462553,462553,1850212,3334,94,376,613.0,0.0,613.0,688,688,403.3936170212766,14,0,1000000,3000,4
462628,462628,1850512,3335,75,300,617.0,0.0,617.0,690,690,336.29333333333335,14,0,1000000,3000,4
462659,462659,1850636,3336,31,124,252.0,0.0,252.0,315,315,150.38709677419354,7,0,1000000,3000,4
462916,462916,1851664,3337,257,1028,1709.0,0.0,1709.0,1818,1818,900.8054474708172,37,0,1000000,3000,4
463015,463015,1852060,3338,99,396,631.0,0.0,631.0,707,707,381.8484848484849,15,0,1000000,3000,4
463052,463052,1852208,3339,37,148,242.0,0.0,242.0,306,306,157.7027027027027,7,0,1000000,3000,4
463250,463250,1853000,3340,198,792,1030.0,0.0,1030.0,1125,1125,651.5505050505051,23,0,1000000,3000,4
463354,463354,1853416,3341,104,416,647.0,0.0,647.0,722,722,363.28846153846155,15,0,1000000,3000,4
463615,463615,1854460,3342,261,1044,1018.0,0.0,1018.0,1126,1126,670.5555555555555,23,0,1000000,3000,4
463767,463767,1855068,3343,152,608,637.0,0.0,637.0,722,723,480.2171052631579,15,0,1000000,3000,4
464172,464172,1856688,3344,405,1620,1878.0,0.0,1878.0,2015,2015,991.5802469135803,41,0,1000000,3000,4
464472,464472,1857888,3345,300,1200,1532.0,0.0,1532.0,1649,1649,798.7733333333333,33,0,1000000,3000,4
464507,464507,1858028,3346,35,140,237.0,0.0,237.0,301,301,161.4,7,0,1000000,3000,4
464606,464606,1858424,3347,99,396,632.0,0.0,632.0,708,708,364.42424242424244,15,0,1000000,3000,4
464765,464765,1859060,3348,159,636,812.0,0.0,812.0,898,898,530.6603773584906,18,0,1000000,3000,4
464983,464983,1859932,3349,218,872,1697.0,0.0,1697.0,1796,1796,882.151376146789,36,0,1000000,3000,4
465161,465161,1860644,3350,178,712,744.0,0.0,744.0,836,836,505.2303370786517,17,0,1000000,3000,4
465199,465199,1860796,3351,38,152,225.0,0.0,225.0,289,289,168.47368421052633,6,0,1000000,3000,4
465481,465481,1861924,3352,282,1128,1297.0,0.0,1297.0,1410,1410,748.2978723404256,29,0,1000000,3000,4
465700,465700,1862800,3353,219,876,1691.0,0.0,1691.0,1791,1791,930.1963470319635,36,0,1000000,3000,4
465775,465775,1863100,3354,75,300,625.0,0.0,625.0,696,696,347.04,14,0,1000000,3000,4
465820,465820,1863280,3355,45,180,227.0,0.0,227.0,293,293,153.88888888888889,6,0,1000000,3000,4
466001,466001,1864004,3356,181,724,807.0,0.0,807.0,898,899,527.9834254143647,18,0,1000000,3000,4
466036,466036,1864144,3357,35,140,241.0,0.0,241.0,304,304,156.2,7,0,1000000,3000,4
466156,466156,1864624,3358,120,480,597.0,0.0,597.0,677,677,375.85,14,0,1000000,3000,4
466337,466337,1865348,3359,181,724,1322.0,0.0,1322.0,1414,1414,705.707182320442,29,0,1000000,3000,4
466381,466381,1865524,3360,44,176,228.0,0.0,228.0,293,293,154.75,6,0,1000000,3000,4
466480,466480,1865920,3361,99,396,628.0,0.0,628.0,704,704,362.979797979798,15,0,1000000,3000,4
466665,466665,1866660,3362,185,740,807.0,0.0,807.0,898,898,555.4486486486486,18,0,1000000,3000,4
466888,466888,1867552,3363,223,892,1040.0,0.0,1040.0,1140,1140,607.3363228699552,23,0,1000000,3000,4
466986,466986,1867944,3364,98,392,635.0,0.0,635.0,711,711,350.96938775510205,15,0,1000000,3000,4
467091,467091,1868364,3365,105,420,617.0,0.0,617.0,694,694,379.4761904761905,14,0,1000000,3000,4
467193,467193,1868772,3366,102,408,625.0,0.0,625.0,703,703,359.578431372549,15,0,1000000,3000,4
467289,467289,1869156,3367,96,384,630.0,0.0,630.0,705,705,371.875,15,0,1000000,3000,4
467492,467492,1869968,3368,203,812,803.0,0.0,803.0,898,899,546.3300492610838,18,0,1000000,3000,4
467593,467593,1870372,3369,101,404,626.0,0.0,626.0,703,703,340.43564356435644,15,0,1000000,3000,4
467704,467704,1870816,3370,111,444,614.0,0.0,614.0,692,692,362.01801801801804,14,0,1000000,3000,4
467892,467892,1871568,3371,188,752,1136.0,0.0,1136.0,1230,1230,585.6914893617021,25,0,1000000,3000,4
467933,467933,1871732,3372,41,164,235.0,0.0,235.0,300,300,153.1219512195122,7,0,1000000,3000,4
468090,468090,1872360,3373,157,628,812.0,0.0,812.0,898,898,567.4458598726114,18,0,1000000,3000,4
468181,468181,1872724,3374,91,364,615.0,0.0,615.0,690,690,314.3296703296703,14,0,1000000,3000,4
468287,468287,1873148,3375,106,424,612.0,0.0,612.0,691,691,382.8207547169811,14,0,1000000,3000,4
468390,468390,1873560,3376,103,412,621.0,0.0,621.0,698,698,380.4854368932039,14,0,1000000,3000,4
468562,468562,1874248,3377,172,688,1040.0,0.0,1040.0,1130,1130,563.4825581395348,23,0,1000000,3000,4
468654,468654,1874616,3378,92,368,627.0,0.0,627.0,701,701,392.0326086956522,15,0,1000000,3000,4
468893,468893,1875572,3379,239,956,1312.0,0.0,1312.0,1415,1415,740.3096234309623,29,0,1000000,3000,4
469062,469062,1876248,3380,169,676,771.0,0.0,771.0,861,861,516.094674556213,18,0,1000000,3000,4
469157,469157,1876628,3381,95,380,624.0,0.0,624.0,699,699,374.05263157894734,14,0,1000000,3000,4
469243,469243,1876972,3382,86,344,624.0,0.0,624.0,698,698,335.36046511627904,14,0,1000000,3000,4
469346,469346,1877384,3383,103,412,624.0,0.0,624.0,700,700,362.31067961165047,15,0,1000000,3000,4
469512,469512,1878048,3384,166,664,810.0,0.0,810.0,898,898,540.7168674698795,18,0,1000000,3000,4
469552,469552,1878208,3385,40,160,236.0,0.0,236.0,300,300,160.775,7,0,1000000,3000,4
469735,469735,1878940,3386,183,732,720.0,0.0,720.0,813,813,487.92896174863387,17,0,1000000,3000,4
469775,469775,1879100,3387,40,160,232.0,0.0,232.0,298,298,156.0,6,0,1000000,3000,4
469869,469869,1879476,3388,94,376,621.0,0.0,621.0,696,696,393.56382978723406,14,0,1000000,3000,4
469898,469898,1879592,3389,29,116,249.0,0.0,249.0,311,311,156.9655172413793,7,0,1000000,3000,4
470059,470059,1880236,3390,161,644,752.0,0.0,752.0,841,841,543.5527950310559,17,0,1000000,3000,4
470094,470094,1880376,3391,35,140,236.0,0.0,236.0,299,299,169.25714285714287,6,0,1000000,3000,4
470339,470339,1881356,3392,245,980,1303.0,0.0,1303.0,1408,1408,740.2163265306123,29,0,1000000,3000,4
470486,470486,1881944,3393,147,588,745.0,0.0,745.0,831,831,516.4557823129252,17,0,1000000,3000,4
470693,470693,1882772,3394,207,828,1031.0,0.0,1031.0,1129,1129,587.792270531401,23,0,1000000,3000,4
470736,470736,1882944,3395,43,172,232.0,0.0,232.0,297,297,157.4418604651163,6,0,1000000,3000,4
470766,470766,1883064,3396,30,120,245.0,0.0,245.0,307,307,161.93333333333334,7,0,1000000,3000,4
470799,470799,1883196,3397,33,132,248.0,0.0,248.0,311,311,158.6060606060606,7,0,1000000,3000,4
470835,470835,1883340,3398,36,144,238.0,0.0,238.0,303,303,158.63888888888889,7,0,1000000,3000,4
471004,471004,1884016,3399,169,676,713.0,0.0,713.0,803,803,512.9940828402367,17,0,1000000,3000,4
471046,471046,1884184,3400,42,168,229.0,0.0,229.0,294,294,167.07142857142858,6,0,1000000,3000,4
471225,471225,1884900,3401,179,716,1048.0,0.0,1048.0,1140,1140,651.7039106145252,23,0,1000000,3000,4
471379,471379,1885516,3402,154,616,637.0,0.0,637.0,722,722,478.2597402597403,15,0,1000000,3000,4
471491,471491,1885964,3403,112,448,628.0,0.0,628.0,707,707,376.63392857142856,15,0,1000000,3000,4
471863,471863,1887452,3404,372,1488,1283.0,0.0,1283.0,1413,1413,750.9569892473119,29,0,1000000,3000,4
471904,471904,1887616,3405,41,164,233.0,0.0,233.0,297,297,163.97560975609755,6,0,1000000,3000,4
471941,471941,1887764,3406,37,148,238.0,0.0,238.0,303,303,162.75675675675674,7,0,1000000,3000,4
472013,472013,1888052,3407,72,288,606.0,0.0,606.0,677,677,318.5138888888889,14,0,1000000,3000,4
472115,472115,1888460,3408,102,408,610.0,0.0,610.0,687,687,376.9019607843137,14,0,1000000,3000,4
472152,472152,1888608,3409,37,148,240.0,0.0,240.0,304,304,156.97297297297297,7,0,1000000,3000,4
472313,472313,1889252,3410,161,644,723.0,0.0,723.0,811,811,505.8633540372671,17,0,1000000,3000,4
472357,472357,1889428,3411,44,176,229.0,0.0,229.0,294,294,154.5909090909091,6,0,1000000,3000,4
472633,472633,1890532,3412,276,1104,788.0,0.0,788.0,898,899,601.5688405797101,18,0,1000000,3000,4
472671,472671,1890684,3413,38,152,238.0,0.0,238.0,301,301,164.3421052631579,7,0,1000000,3000,4
473104,473104,1892416,3414,433,1732,1663.0,0.0,1663.0,1806,1806,827.6974595842956,37,0,1000000,3000,4
473458,473458,1893832,3415,354,1416,1012.0,0.0,1012.0,1138,1138,703.6242937853108,23,0,1000000,3000,4
473553,473553,1894212,3416,95,380,629.0,0.0,629.0,705,705,371.7157894736842,15,0,1000000,3000,4
473857,473857,1895428,3417,304,1216,1023.0,0.0,1023.0,1140,1140,628.266447368421,23,0,1000000,3000,4
473902,473902,1895608,3418,45,180,222.0,0.0,222.0,288,288,167.55555555555554,6,0,1000000,3000,4
474050,474050,1896200,3419,148,592,814.0,0.0,814.0,898,898,527.5067567567568,18,0,1000000,3000,4
474304,474304,1897216,3420,254,1016,1027.0,0.0,1027.0,1134,1134,693.6377952755905,23,0,1000000,3000,4
474482,474482,1897928,3421,178,712,706.0,0.0,706.0,798,798,553.4719101123595,16,0,1000000,3000,4
474801,474801,1899204,3422,319,1276,747.0,0.0,747.0,867,867,592.282131661442,18,0,1000000,3000,4
474837,474837,1899348,3423,36,144,244.0,0.0,244.0,307,307,154.55555555555554,7,0,1000000,3000,4
474992,474992,1899968,3424,155,620,742.0,0.0,742.0,829,829,484.6,17,0,1000000,3000,4
475188,475188,1900752,3425,196,784,1041.0,0.0,1041.0,1137,1137,606.1173469387755,23,0,1000000,3000,4
475234,475234,1900936,3426,46,184,229.0,0.0,229.0,296,296,154.15217391304347,6,0,1000000,3000,4
475336,475336,1901344,3427,102,408,619.0,0.0,619.0,697,697,378.9019607843137,14,0,1000000,3000,4
475379,475379,1901516,3428,43,172,230.0,0.0,230.0,295,295,152.13953488372093,6,0,1000000,3000,4
475578,475578,1902312,3429,199,796,1313.0,0.0,1313.0,1409,1409,746.105527638191,29,0,1000000,3000,4
475679,475679,1902716,3430,101,404,627.0,0.0,627.0,705,705,369.0990099009901,15,0,1000000,3000,4
475711,475711,1902844,3431,32,128,242.0,0.0,242.0,305,305,164.34375,7,0,1000000,3000,4
475930,475930,1903720,3432,219,876,1315.0,0.0,1315.0,1413,1413,730.1461187214612,29,0,1000000,3000,4
476104,476104,1904416,3433,174,696,1035.0,0.0,1035.0,1125,1125,616.8505747126437,23,0,1000000,3000,4
476384,476384,1905536,3434,280,1120,1302.0,0.0,1302.0,1412,1412,755.6321428571429,29,0,1000000,3000,4
476431,476431,1905724,3435,47,188,215.0,0.0,215.0,281,281,173.51063829787233,6,0,1000000,3000,4
476532,476532,1906128,3436,101,404,629.0,0.0,629.0,707,707,355.980198019802,15,0,1000000,3000,4
476667,476667,1906668,3437,135,540,749.0,0.0,749.0,833,833,491.5777777777778,17,0,1000000,3000,4
476750,476750,1907000,3438,83,332,613.0,0.0,613.0,687,687,334.1686746987952,14,0,1000000,3000,4
476787,476787,1907148,3439,37,148,240.0,0.0,240.0,305,305,152.97297297297297,7,0,1000000,3000,4
476826,476826,1907304,3440,39,156,241.0,0.0,241.0,305,305,149.97435897435898,7,0,1000000,3000,4
477085,477085,1908340,3441,259,1036,1019.0,0.0,1019.0,1126,1126,692.5791505791506,23,0,1000000,3000,4
477169,477169,1908676,3442,84,336,619.0,0.0,619.0,692,692,359.6190476190476,14,0,1000000,3000,4
477291,477291,1909164,3443,122,488,605.0,0.0,605.0,687,687,369.5245901639344,14,0,1000000,3000,4
477336,477336,1909344,3444,45,180,221.0,0.0,221.0,287,287,159.6,6,0,1000000,3000,4
477503,477503,1910012,3445,167,668,634.0,0.0,634.0,722,723,483.20359281437123,15,0,1000000,3000,4
477543,477543,1910172,3446,40,160,234.0,0.0,234.0,299,299,156.175,6,0,1000000,3000,4
477653,477653,1910612,3447,110,440,610.0,0.0,610.0,688,688,377.24545454545455,14,0,1000000,3000,4
477693,477693,1910772,3448,40,160,236.0,0.0,236.0,301,301,154.825,7,0,1000000,3000,4
477730,477730,1910920,3449,37,148,236.0,0.0,236.0,301,301,160.6216216216216,7,0,1000000,3000,4
477775,477775,1911100,3450,45,180,220.0,0.0,220.0,285,285,165.24444444444444,6,0,1000000,3000,4
477813,477813,1911252,3451,38,152,239.0,0.0,239.0,304,304,145.60526315789474,7,0,1000000,3000,4
477912,477912,1911648,3452,99,396,614.0,0.0,614.0,691,691,347.5858585858586,14,0,1000000,3000,4
477946,477946,1911784,3453,34,136,237.0,0.0,237.0,301,301,156.52941176470588,7,0,1000000,3000,4
478103,478103,1912412,3454,157,628,636.0,0.0,636.0,722,722,498.26751592356686,15,0,1000000,3000,4
478399,478399,1913596,3455,296,1184,1323.0,0.0,1323.0,1440,1440,736.6114864864865,29,0,1000000,3000,4
478735,478735,1914940,3456,336,1344,1897.0,0.0,1897.0,2021,2021,895.360119047619,41,0,1000000,3000,4
478828,478828,1915312,3457,93,372,620.0,0.0,620.0,696,696,376.5806451612903,14,0,1000000,3000,4
478976,478976,1915904,3458,148,592,728.0,0.0,728.0,814,814,497.2837837837838,17,0,1000000,3000,4
479142,479142,1916568,3459,166,664,1044.0,0.0,1044.0,1134,1134,604.3614457831326,23,0,1000000,3000,4
479399,479399,1917596,3460,257,1028,1853.0,0.0,1853.0,1962,1962,952.3929961089494,40,0,1000000,3000,4
479637,479637,1918548,3461,238,952,1024.0,0.0,1024.0,1127,1127,626.5420168067227,23,0,1000000,3000,4
479761,479761,1919044,3462,124,496,577.0,0.0,577.0,658,658,389.8225806451613,14,0,1000000,3000,4
479874,479874,1919496,3463,113,452,586.0,0.0,586.0,665,665,387.6725663716814,14,0,1000000,3000,4
479987,479987,1919948,3464,113,452,626.0,0.0,626.0,704,704,362.3893805309734,15,0,1000000,3000,4
480230,480230,1920920,3465,243,972,1022.0,0.0,1022.0,1126,1126,656.925925925926,23,0,1000000,3000,4
480280,480280,1921120,3466,50,200,215.0,0.0,215.0,281,281,162.0,6,0,1000000,3000,4
480483,480483,1921932,3467,203,812,1036.0,0.0,1036.0,1132,1132,574.1379310344828,23,0,1000000,3000,4
480524,480524,1922096,3468,41,164,231.0,0.0,231.0,296,296,157.8048780487805,6,0,1000000,3000,4
480565,480565,1922260,3469,41,164,232.0,0.0,232.0,297,297,161.6341463414634,6,0,1000000,3000,4
480605,480605,1922420,3470,40,160,233.0,0.0,233.0,297,297,163.975,6,0,1000000,3000,4
480645,480645,1922580,3471,40,160,231.0,0.0,231.0,296,296,160.075,6,0,1000000,3000,4
480684,480684,1922736,3472,39,156,242.0,0.0,242.0,306,306,157.89743589743588,7,0,1000000,3000,4
480785,480785,1923140,3473,101,404,625.0,0.0,625.0,702,702,355.2079207920792,15,0,1000000,3000,4
481048,481048,1924192,3474,263,1052,1554.0,0.0,1554.0,1664,1664,816.4714828897338,34,0,1000000,3000,4
481136,481136,1924544,3475,88,352,622.0,0.0,622.0,696,696,400.5113636363636,14,0,1000000,3000,4
481248,481248,1924992,3476,112,448,626.0,0.0,626.0,706,706,356.79464285714283,15,0,1000000,3000,4
481288,481288,1925152,3477,40,160,232.0,0.0,232.0,296,296,160.2,6,0,1000000,3000,4
481398,481398,1925592,3478,110,440,609.0,0.0,609.0,687,687,379.1909090909091,14,0,1000000,3000,4
481541,481541,1926164,3479,143,572,620.0,0.0,620.0,704,704,384.94405594405595,15,0,1000000,3000,4
481735,481735,1926940,3480,194,776,1044.0,0.0,1044.0,1138,1138,598.7525773195877,23,0,1000000,3000,4
481774,481774,1927096,3481,39,156,235.0,0.0,235.0,300,300,154.89743589743588,7,0,1000000,3000,4
481813,481813,1927252,3482,39,156,231.0,0.0,231.0,295,295,162.56410256410257,6,0,1000000,3000,4
482039,482039,1928156,3483,226,904,1025.0,0.0,1025.0,1126,1126,607.2699115044247,23,0,1000000,3000,4
482255,482255,1929020,3484,216,864,1408.0,0.0,1408.0,1507,1507,813.5370370370371,31,0,1000000,3000,4
482357,482357,1929428,3485,102,408,623.0,0.0,623.0,699,699,382.8529411764706,14,0,1000000,3000,4
482394,482394,1929576,3486,37,148,242.0,0.0,242.0,306,306,155.8918918918919,7,0,1000000,3000,4
482489,482489,1929956,3487,95,380,636.0,0.0,636.0,711,711,362.3157894736842,15,0,1000000,3000,4
482670,482670,1930680,3488,181,724,807.0,0.0,807.0,898,898,541.4088397790056,18,0,1000000,3000,4
482759,482759,1931036,3489,89,356,627.0,0.0,627.0,701,701,347.87640449438203,15,0,1000000,3000,4
482970,482970,1931880,3490,211,844,1036.0,0.0,1036.0,1135,1135,587.6350710900474,23,0,1000000,3000,4
483202,483202,1932808,3491,232,928,1310.0,0.0,1310.0,1411,1411,700.1551724137931,29,0,1000000,3000,4
483271,483271,1933084,3492,69,276,618.0,0.0,618.0,688,688,361.0144927536232,14,0,1000000,3000,4
483366,483366,1933464,3493,95,380,625.0,0.0,625.0,700,700,348.2736842105263,15,0,1000000,3000,4
483397,483397,1933588,3494,31,124,239.0,0.0,239.0,302,302,164.6451612903226,7,0,1000000,3000,4
484180,484180,1936720,3495,783,3132,1197.0,0.0,1197.0,1409,1409,705.7726692209451,29,0,1000000,3000,4
484287,484287,1937148,3496,107,428,612.0,0.0,612.0,690,690,380.5327102803738,14,0,1000000,3000,4
484328,484328,1937312,3497,41,164,231.0,0.0,231.0,296,296,160.6341463414634,6,0,1000000,3000,4
484435,484435,1937740,3498,107,428,603.0,0.0,603.0,681,681,383.5514018691589,14,0,1000000,3000,4
484471,484471,1937884,3499,36,144,240.0,0.0,240.0,304,304,157.0,7,0,1000000,3000,4
484964,484964,1939856,3500,493,1972,745.0,0.0,745.0,898,899,660.6085192697768,18,0,1000000,3000,4
485137,485137,1940548,3501,173,692,772.0,0.0,772.0,864,864,527.4682080924855,18,0,1000000,3000,4
485234,485234,1940936,3502,97,388,610.0,0.0,610.0,685,685,394.9381443298969,14,0,1000000,3000,4
485567,485567,1942268,3503,333,1332,1004.0,0.0,1004.0,1126,1126,707.7147147147147,23,0,1000000,3000,4
485719,485719,1942876,3504,152,608,637.0,0.0,637.0,722,722,497.2763157894737,15,0,1000000,3000,4
485989,485989,1943956,3505,270,1080,1408.0,0.0,1408.0,1518,1518,717.9185185185186,31,0,1000000,3000,4
486035,486035,1944140,3506,46,184,222.0,0.0,222.0,288,288,165.17391304347825,6,0,1000000,3000,4
486127,486127,1944508,3507,92,368,617.0,0.0,617.0,692,692,335.9021739130435,14,0,1000000,3000,4
486271,486271,1945084,3508,144,576,713.0,0.0,713.0,798,798,477.2361111111111,16,0,1000000,3000,4
486311,486311,1945244,3509,40,160,231.0,0.0,231.0,295,295,160.525,6,0,1000000,3000,4
486409,486409,1945636,3510,98,392,620.0,0.0,620.0,695,695,350.64285714285717,14,0,1000000,3000,4
486640,486640,1946560,3511,231,924,1331.0,0.0,1331.0,1435,1435,700.0995670995671,29,0,1000000,3000,4
486680,486680,1946720,3512,40,160,236.0,0.0,236.0,300,300,159.1,7,0,1000000,3000,4
486782,486782,1947128,3513,102,408,600.0,0.0,600.0,677,677,387.421568627451,14,0,1000000,3000,4
486816,486816,1947264,3514,34,136,241.0,0.0,241.0,304,304,163.5,7,0,1000000,3000,4
486863,486863,1947452,3515,47,188,217.0,0.0,217.0,283,283,165.31914893617022,6,0,1000000,3000,4
486994,486994,1947976,3516,131,524,752.0,0.0,752.0,835,835,493.37404580152673,17,0,1000000,3000,4
487032,487032,1948128,3517,38,152,239.0,0.0,239.0,303,303,157.26315789473685,7,0,1000000,3000,4
487109,487109,1948436,3518,77,308,621.0,0.0,621.0,693,693,359.05194805194805,14,0,1000000,3000,4
487324,487324,1949296,3519,215,860,1321.0,0.0,1321.0,1420,1420,731.9720930232559,29,0,1000000,3000,4
487543,487543,1950172,3520,219,876,1337.0,0.0,1337.0,1438,1438,714.1369863013699,29,0,1000000,3000,4
487852,487852,1951408,3521,309,1236,1294.0,0.0,1294.0,1412,1412,755.4336569579287,29,0,1000000,3000,4
488142,488142,1952568,3522,290,1160,1682.0,0.0,1682.0,1797,1797,875.7827586206896,36,0,1000000,3000,4
488221,488221,1952884,3523,79,316,609.0,0.0,609.0,681,681,313.62025316455697,14,0,1000000,3000,4
488260,488260,1953040,3524,39,156,236.0,0.0,236.0,300,300,156.6153846153846,7,0,1000000,3000,4
488303,488303,1953212,3525,43,172,224.0,0.0,224.0,289,289,166.58139534883722,6,0,1000000,3000,4
488566,488566,1954264,3526,263,1052,1321.0,0.0,1321.0,1429,1429,749.2699619771863,29,0,1000000,3000,4
488718,488718,1954872,3527,152,608,1042.0,0.0,1042.0,1129,1129,605.5,23,0,1000000,3000,4
488803,488803,1955212,3528,85,340,624.0,0.0,624.0,699,699,347.08235294117645,14,0,1000000,3000,4
489010,489010,1956040,3529,207,828,1313.0,0.0,1313.0,1410,1410,749.6473429951691,29,0,1000000,3000,4
489048,489048,1956192,3530,38,152,234.0,0.0,234.0,299,299,164.05263157894737,6,0,1000000,3000,4
489262,489262,1957048,3531,214,856,732.0,0.0,732.0,831,831,544.2476635514018,17,0,1000000,3000,4
489491,489491,1957964,3532,229,916,1313.0,0.0,1313.0,1414,1414,750.9737991266376,29,0,1000000,3000,4
489642,489642,1958568,3533,151,604,637.0,0.0,637.0,722,722,496.94039735099335,15,0,1000000,3000,4
489804,489804,1959216,3534,162,648,811.0,0.0,811.0,898,898,573.679012345679,18,0,1000000,3000,4
489905,489905,1959620,3535,101,404,605.0,0.0,605.0,682,682,383.0495049504951,14,0,1000000,3000,4
489945,489945,1959780,3536,40,160,233.0,0.0,233.0,298,298,165.8,6,0,1000000,3000,4
490137,490137,1960548,3537,192,768,1031.0,0.0,1031.0,1125,1125,575.2916666666666,23,0,1000000,3000,4
490404,490404,1961616,3538,267,1068,1916.0,0.0,1916.0,2027,2027,922.816479400749,41,0,1000000,3000,4
490619,490619,1962476,3539,215,860,1028.0,0.0,1028.0,1126,1126,584.4,23,0,1000000,3000,4
490776,490776,1963104,3540,157,628,1047.0,0.0,1047.0,1135,1135,559.3821656050956,23,0,1000000,3000,4
490872,490872,1963488,3541,96,384,612.0,0.0,612.0,688,688,400.8645833333333,14,0,1000000,3000,4
491055,491055,1964220,3542,183,732,713.0,0.0,713.0,806,806,510.1693989071038,17,0,1000000,3000,4
491084,491084,1964336,3543,29,116,250.0,0.0,250.0,313,313,160.44827586206895,7,0,1000000,3000,4
491508,491508,1966032,3544,424,1696,2329.0,0.0,2329.0,2468,2468,1343.1509433962265,50,0,1000000,3000,4
491548,491548,1966192,3545,40,160,237.0,0.0,237.0,302,302,147.975,7,0,1000000,3000,4
491741,491741,1966964,3546,193,772,805.0,0.0,805.0,898,898,540.3834196891191,18,0,1000000,3000,4
491941,491941,1967764,3547,200,800,1030.0,0.0,1030.0,1125,1125,597.13,23,0,1000000,3000,4
491983,491983,1967932,3548,42,168,228.0,0.0,228.0,293,293,161.35714285714286,6,0,1000000,3000,4
492147,492147,1968588,3549,164,656,811.0,0.0,811.0,898,899,570.439024390244,18,0,1000000,3000,4
492426,492426,1969704,3550,279,1116,1300.0,0.0,1300.0,1412,1412,759.4731182795699,29,0,1000000,3000,4
492635,492635,1970540,3551,209,836,1306.0,0.0,1306.0,1404,1404,708.8564593301436,29,0,1000000,3000,4
492859,492859,1971436,3552,224,896,728.0,0.0,728.0,828,828,528.3258928571429,17,0,1000000,3000,4
492970,492970,1971880,3553,111,444,617.0,0.0,617.0,696,696,373.97297297297297,14,0,1000000,3000,4
493015,493015,1972060,3554,45,180,231.0,0.0,231.0,297,297,153.7111111111111,6,0,1000000,3000,4
493298,493298,1973192,3555,283,1132,1551.0,0.0,1551.0,1664,1664,802.3144876325089,34,0,1000000,3000,4
493575,493575,1974300,3556,277,1108,1304.0,0.0,1304.0,1415,1415,727.4259927797834,29,0,1000000,3000,4
493615,493615,1974460,3557,40,160,231.0,0.0,231.0,295,295,166.2,6,0,1000000,3000,4
493726,493726,1974904,3558,111,444,623.0,0.0,623.0,703,703,354.6306306306306,15,0,1000000,3000,4
493890,493890,1975560,3559,164,656,1048.0,0.0,1048.0,1137,1137,621.6829268292682,23,0,1000000,3000,4
494004,494004,1976016,3560,114,456,613.0,0.0,613.0,693,693,377.20175438596493,14,0,1000000,3000,4
494198,494198,1976792,3561,194,776,1035.0,0.0,1035.0,1129,1129,661.0,23,0,1000000,3000,4
494420,494420,1977680,3562,222,888,1025.0,0.0,1025.0,1125,1125,613.6171171171171,23,0,1000000,3000,4
494517,494517,1978068,3563,97,388,623.0,0.0,623.0,700,700,396.54639175257734,15,0,1000000,3000,4
494689,494689,1978756,3564,172,688,1059.0,0.0,1059.0,1151,1151,592.5581395348837,24,0,1000000,3000,4
494787,494787,1979148,3565,98,392,613.0,0.0,613.0,689,689,393.38775510204084,14,0,1000000,3000,4
494928,494928,1979712,3566,141,564,735.0,0.0,735.0,820,820,471.3900709219858,17,0,1000000,3000,4
495018,495018,1980072,3567,90,360,609.0,0.0,609.0,684,684,399.6,14,0,1000000,3000,4
495048,495048,1980192,3568,30,120,248.0,0.0,248.0,311,311,155.06666666666666,7,0,1000000,3000,4
495185,495185,1980740,3569,137,548,816.0,0.0,816.0,898,898,576.2408759124088,18,0,1000000,3000,4
495219,495219,1980876,3570,34,136,235.0,0.0,235.0,298,298,163.7941176470588,6,0,1000000,3000,4
495255,495255,1981020,3571,36,144,235.0,0.0,235.0,300,300,155.02777777777777,7,0,1000000,3000,4
495431,495431,1981724,3572,176,704,1047.0,0.0,1047.0,1139,1139,652.8636363636364,23,0,1000000,3000,4
495557,495557,1982228,3573,126,504,596.0,0.0,596.0,679,679,400.46031746031747,14,0,1000000,3000,4
495588,495588,1982352,3574,31,124,244.0,0.0,244.0,307,307,160.41935483870967,7,0,1000000,3000,4
495621,495621,1982484,3575,33,132,249.0,0.0,249.0,312,312,148.21212121212122,7,0,1000000,3000,4
495719,495719,1982876,3576,98,392,617.0,0.0,617.0,693,693,360.4387755102041,14,0,1000000,3000,4
495802,495802,1983208,3577,83,332,634.0,0.0,634.0,707,707,362.27710843373495,15,0,1000000,3000,4
495993,495993,1983972,3578,191,764,1313.0,0.0,1313.0,1408,1408,701.6492146596859,29,0,1000000,3000,4
496160,496160,1984640,3579,167,668,596.0,0.0,596.0,686,686,463.68263473053895,14,0,1000000,3000,4
496245,496245,1984980,3580,85,340,617.0,0.0,617.0,692,692,395.25882352941176,14,0,1000000,3000,4
496277,496277,1985108,3581,32,128,250.0,0.0,250.0,314,314,150.5625,7,0,1000000,3000,4
496382,496382,1985528,3582,105,420,621.0,0.0,621.0,698,698,383.15238095238095,14,0,1000000,3000,4
496538,496538,1986152,3583,156,624,1043.0,0.0,1043.0,1131,1131,613.5448717948718,23,0,1000000,3000,4
496702,496702,1986808,3584,164,656,635.0,0.0,635.0,722,722,488.5914634146341,15,0,1000000,3000,4
496914,496914,1987656,3585,212,848,728.0,0.0,728.0,827,827,544.0896226415094,17,0,1000000,3000,4
497101,497101,1988404,3586,187,748,1314.0,0.0,1314.0,1408,1408,706.2620320855615,29,0,1000000,3000,4
497153,497153,1988612,3587,52,208,215.0,0.0,215.0,282,282,154.42307692307693,6,0,1000000,3000,4
497190,497190,1988760,3588,37,148,232.0,0.0,232.0,296,296,165.48648648648648,6,0,1000000,3000,4
497347,497347,1989388,3589,157,628,636.0,0.0,636.0,722,723,487.3312101910828,15,0,1000000,3000,4
497630,497630,1990520,3590,283,1132,787.0,0.0,787.0,898,898,629.3780918727915,18,0,1000000,3000,4
497796,497796,1991184,3591,166,664,634.0,0.0,634.0,722,722,460.8734939759036,15,0,1000000,3000,4
497958,497958,1991832,3592,162,648,635.0,0.0,635.0,722,723,482.7345679012346,15,0,1000000,3000,4
498189,498189,1992756,3593,231,924,1050.0,0.0,1050.0,1154,1154,680.3896103896104,24,0,1000000,3000,4
498224,498224,1992896,3594,35,140,238.0,0.0,238.0,301,301,167.77142857142857,7,0,1000000,3000,4
498386,498386,1993544,3595,162,648,1037.0,0.0,1037.0,1124,1124,559.7777777777778,23,0,1000000,3000,4
498635,498635,1994540,3596,249,996,1326.0,0.0,1326.0,1433,1433,687.9357429718875,29,0,1000000,3000,4
498747,498747,1994988,3597,112,448,596.0,0.0,596.0,676,676,402.74107142857144,14,0,1000000,3000,4
498780,498780,1995120,3598,33,132,239.0,0.0,239.0,303,303,154.78787878787878,7,0,1000000,3000,4
499014,499014,1996056,3599,234,936,1035.0,0.0,1035.0,1138,1138,631.0,23,0,1000000,3000,4
499104,499104,1996416,3600,90,360,635.0,0.0,635.0,710,710,354.1222222222222,15,0,1000000,3000,4
499190,499190,1996760,3601,86,344,621.0,0.0,621.0,695,695,387.06976744186045,14,0,1000000,3000,4
499226,499226,1996904,3602,36,144,236.0,0.0,236.0,300,300,167.66666666666666,7,0,1000000,3000,4
499262,499262,1997048,3603,36,144,240.0,0.0,240.0,304,304,163.86111111111111,7,0,1000000,3000,4
499936,499936,1999744,3604,674,2696,938.0,0.0,938.0,1128,1128,763.8041543026707,23,0,1000000,3000,4
500095,500095,2000380,3605,159,636,636.0,0.0,636.0,722,722,474.5660377358491,15,0,1000000,3000,4
500129,500129,2000516,3606,34,136,233.0,0.0,233.0,296,296,166.2941176470588,6,0,1000000,3000,4
500365,500365,2001460,3607,236,944,1031.0,0.0,1031.0,1135,1135,634.9279661016949,23,0,1000000,3000,4
500560,500560,2002240,3608,195,780,769.0,0.0,769.0,866,866,545.6461538461539,18,0,1000000,3000,4
500759,500759,2003036,3609,199,796,1034.0,0.0,1034.0,1129,1129,587.7537688442211,23,0,1000000,3000,4
500954,500954,2003816,3610,195,780,1321.0,0.0,1321.0,1415,1415,734.374358974359,29,0,1000000,3000,4
500997,500997,2003988,3611,43,172,231.0,0.0,231.0,296,296,155.8139534883721,6,0,1000000,3000,4
501229,501229,2004916,3612,232,928,1308.0,0.0,1308.0,1411,1411,711.8146551724138,29,0,1000000,3000,4
501270,501270,2005080,3613,41,164,232.0,0.0,232.0,297,297,161.390243902439,6,0,1000000,3000,4
501388,501388,2005552,3614,118,472,619.0,0.0,619.0,699,699,367.5593220338983,14,0,1000000,3000,4
501437,501437,2005748,3615,49,196,209.0,0.0,209.0,275,275,172.20408163265307,6,0,1000000,3000,4
501593,501593,2006372,3616,156,624,1041.0,0.0,1041.0,1127,1127,574.1025641025641,23,0,1000000,3000,4
501634,501634,2006536,3617,41,164,227.0,0.0,227.0,292,292,157.78048780487805,6,0,1000000,3000,4
501824,501824,2007296,3618,190,760,590.0,0.0,590.0,684,684,451.86842105263156,14,0,1000000,3000,4
501959,501959,2007836,3619,135,540,753.0,0.0,753.0,837,837,494.3777777777778,17,0,1000000,3000,4
502000,502000,2008000,3620,41,164,235.0,0.0,235.0,300,300,155.3170731707317,7,0,1000000,3000,4
502188,502188,2008752,3621,188,752,1314.0,0.0,1314.0,1407,1407,657.0425531914893,29,0,1000000,3000,4
502383,502383,2009532,3622,195,780,804.0,0.0,804.0,898,898,602.9794871794871,18,0,1000000,3000,4
502632,502632,2010528,3623,249,996,1332.0,0.0,1332.0,1439,1439,710.0120481927711,29,0,1000000,3000,4
502723,502723,2010892,3624,91,364,617.0,0.0,617.0,693,693,314.9340659340659,14,0,1000000,3000,4
502900,502900,2011600,3625,177,708,808.0,0.0,808.0,898,898,502.8361581920904,18,0,1000000,3000,4
502935,502935,2011740,3626,35,140,249.0,0.0,249.0,311,311,154.14285714285714,7,0,1000000,3000,4
502971,502971,2011884,3627,36,144,248.0,0.0,248.0,312,312,137.0,7,0,1000000,3000,4
503080,503080,2012320,3628,109,436,612.0,0.0,612.0,691,691,358.8440366972477,14,0,1000000,3000,4
503262,503262,2013048,3629,182,728,1430.0,0.0,1430.0,1523,1523,745.3626373626373,31,0,1000000,3000,4
503503,503503,2014012,3630,241,964,1305.0,0.0,1305.0,1410,1410,743.4522821576763,29,0,1000000,3000,4
503738,503738,2014952,3631,235,940,1029.0,0.0,1029.0,1133,1133,640.4553191489362,23,0,1000000,3000,4
503897,503897,2015588,3632,159,636,623.0,0.0,623.0,710,710,462.42767295597486,15,0,1000000,3000,4
504071,504071,2016284,3633,174,696,1036.0,0.0,1036.0,1126,1126,583.7701149425287,23,0,1000000,3000,4
504173,504173,2016692,3634,102,408,605.0,0.0,605.0,682,682,383.6078431372549,14,0,1000000,3000,4
504225,504225,2016900,3635,52,208,209.0,0.0,209.0,275,275,169.01923076923077,6,0,1000000,3000,4
504282,504282,2017128,3636,57,228,225.0,0.0,225.0,294,294,123.47368421052632,6,0,1000000,3000,4
504480,504480,2017920,3637,198,792,1042.0,0.0,1042.0,1138,1138,630.6717171717172,23,0,1000000,3000,4
504914,504914,2019656,3638,434,1736,994.0,0.0,994.0,1137,1137,680.2811059907834,23,0,1000000,3000,4
505103,505103,2020412,3639,189,756,630.0,0.0,630.0,722,723,463.95767195767195,15,0,1000000,3000,4
505219,505219,2020876,3640,116,464,609.0,0.0,609.0,689,689,348.4913793103448,14,0,1000000,3000,4
505511,505511,2022044,3641,292,1168,1316.0,0.0,1316.0,1432,1432,677.486301369863,29,0,1000000,3000,4
505562,505562,2022248,3642,51,204,202.0,0.0,202.0,268,268,178.27450980392157,6,0,1000000,3000,4
505693,505693,2022772,3643,131,524,603.0,0.0,603.0,686,686,361.29007633587787,14,0,1000000,3000,4
505740,505740,2022960,3644,47,188,238.0,0.0,238.0,304,304,128.72340425531914,7,0,1000000,3000,4
505861,505861,2023444,3645,121,484,716.0,0.0,716.0,797,797,405.43801652892563,16,0,1000000,3000,4
506026,506026,2024104,3646,165,660,729.0,0.0,729.0,818,818,464.3454545454546,17,0,1000000,3000,4
506065,506065,2024260,3647,39,156,244.0,0.0,244.0,309,309,149.07692307692307,7,0,1000000,3000,4
506109,506109,2024436,3648,44,176,226.0,0.0,226.0,291,291,155.75,6,0,1000000,3000,4
506150,506150,2024600,3649,41,164,234.0,0.0,234.0,300,300,145.2439024390244,7,0,1000000,3000,4
506410,506410,2025640,3650,260,1040,1386.0,0.0,1386.0,1494,1494,785.0807692307692,30,0,1000000,3000,4
506543,506543,2026172,3651,133,532,617.0,0.0,617.0,701,701,358.4661654135338,15,0,1000000,3000,4
506582,506582,2026328,3652,39,156,245.0,0.0,245.0,309,309,142.6153846153846,7,0,1000000,3000,4
506801,506801,2027204,3653,219,876,1038.0,0.0,1038.0,1138,1138,600.0228310502283,23,0,1000000,3000,4
506899,506899,2027596,3654,98,392,619.0,0.0,619.0,696,696,339.7142857142857,14,0,1000000,3000,4
506943,506943,2027772,3655,44,176,240.0,0.0,240.0,304,304,136.61363636363637,7,0,1000000,3000,4
507049,507049,2028196,3656,106,424,622.0,0.0,622.0,699,699,358.4433962264151,14,0,1000000,3000,4
507221,507221,2028884,3657,172,688,767.0,0.0,767.0,859,859,502.9593023255814,18,0,1000000,3000,4
507403,507403,2029612,3658,182,728,1346.0,0.0,1346.0,1440,1440,712.3791208791209,29,0,1000000,3000,4
507445,507445,2029780,3659,42,168,234.0,0.0,234.0,299,299,156.45238095238096,6,0,1000000,3000,4
507487,507487,2029948,3660,42,168,237.0,0.0,237.0,302,302,148.21428571428572,7,0,1000000,3000,4
507601,507601,2030404,3661,114,456,624.0,0.0,624.0,703,703,366.9736842105263,15,0,1000000,3000,4
507702,507702,2030808,3662,101,404,597.0,0.0,597.0,675,675,401.61386138613864,14,0,1000000,3000,4
507950,507950,2031800,3663,248,992,1020.0,0.0,1020.0,1124,1124,557.366935483871,23,0,1000000,3000,4
507996,507996,2031984,3664,46,184,225.0,0.0,225.0,292,292,149.54347826086956,6,0,1000000,3000,4
508094,508094,2032376,3665,98,392,630.0,0.0,630.0,707,707,377.90816326530614,15,0,1000000,3000,4
508208,508208,2032832,3666,114,456,601.0,0.0,601.0,680,680,370.12280701754383,14,0,1000000,3000,4
508309,508309,2033236,3667,101,404,616.0,0.0,616.0,693,693,349.05940594059405,14,0,1000000,3000,4
508408,508408,2033632,3668,99,396,605.0,0.0,605.0,682,682,294.27272727272725,14,0,1000000,3000,4
508572,508572,2034288,3669,164,656,635.0,0.0,635.0,722,722,466.3780487804878,15,0,1000000,3000,4
508626,508626,2034504,3670,54,216,216.0,0.0,216.0,283,283,145.74074074074073,6,0,1000000,3000,4
508725,508725,2034900,3671,99,396,609.0,0.0,609.0,684,684,303.2323232323232,14,0,1000000,3000,4
508981,508981,2035924,3672,256,1024,1317.0,0.0,1317.0,1426,1426,678.484375,29,0,1000000,3000,4
509219,509219,2036876,3673,238,952,1305.0,0.0,1305.0,1409,1409,707.7647058823529,29,0,1000000,3000,4
509325,509325,2037300,3674,106,424,614.0,0.0,614.0,693,693,362.49056603773585,14,0,1000000,3000,4
509483,509483,2037932,3675,158,632,1041.0,0.0,1041.0,1128,1128,461.50632911392404,23,0,1000000,3000,4
509578,509578,2038312,3676,95,380,615.0,0.0,615.0,691,691,325.3263157894737,14,0,1000000,3000,4
509691,509691,2038764,3677,113,452,609.0,0.0,609.0,689,689,308.1061946902655,14,0,1000000,3000,4
509781,509781,2039124,3678,90,360,618.0,0.0,618.0,693,693,393.4555555555556,14,0,1000000,3000,4
509821,509821,2039284,3679,40,160,235.0,0.0,235.0,301,301,156.825,7,0,1000000,3000,4
509978,509978,2039912,3680,157,628,1346.0,0.0,1346.0,1435,1435,677.1910828025477,29,0,1000000,3000,4
510009,510009,2040036,3681,31,124,248.0,0.0,248.0,312,312,153.29032258064515,7,0,1000000,3000,4
510205,510205,2040820,3682,196,784,1032.0,0.0,1032.0,1126,1126,591.8928571428571,23,0,1000000,3000,4
510286,510286,2041144,3683,81,324,633.0,0.0,633.0,707,707,350.641975308642,15,0,1000000,3000,4
510338,510338,2041352,3684,52,208,235.0,0.0,235.0,303,303,129.75,7,0,1000000,3000,4
510422,510422,2041688,3685,84,336,615.0,0.0,615.0,688,688,324.64285714285717,14,0,1000000,3000,4
510480,510480,2041920,3686,58,232,201.0,0.0,201.0,268,268,156.58620689655172,6,0,1000000,3000,4
510510,510510,2042040,3687,30,120,248.0,0.0,248.0,311,311,155.3,7,0,1000000,3000,4
510619,510619,2042476,3688,109,436,613.0,0.0,613.0,691,691,370.4954128440367,14,0,1000000,3000,4
510658,510658,2042632,3689,39,156,239.0,0.0,239.0,303,303,150.82051282051282,7,0,1000000,3000,4
510702,510702,2042808,3690,44,176,223.0,0.0,223.0,289,289,162.97727272727272,6,0,1000000,3000,4
510751,510751,2043004,3691,49,196,217.0,0.0,217.0,283,283,163.6122448979592,6,0,1000000,3000,4
510857,510857,2043428,3692,106,424,617.0,0.0,617.0,695,695,370.00943396226415,14,0,1000000,3000,4
510945,510945,2043780,3693,88,352,629.0,0.0,629.0,703,703,371.79545454545456,15,0,1000000,3000,4
510986,510986,2043944,3694,41,164,235.0,0.0,235.0,301,301,145.90243902439025,7,0,1000000,3000,4
511062,511062,2044248,3695,76,304,609.0,0.0,609.0,682,682,316.19736842105266,14,0,1000000,3000,4
511155,511155,2044620,3696,93,372,626.0,0.0,626.0,701,701,358.8709677419355,15,0,1000000,3000,4
511443,511443,2045772,3697,288,1152,1024.0,0.0,1024.0,1137,1137,675.4930555555555,23,0,1000000,3000,4
511591,511591,2046364,3698,148,592,1044.0,0.0,1044.0,1129,1129,569.3986486486486,23,0,1000000,3000,4
511678,511678,2046712,3699,87,348,622.0,0.0,622.0,697,697,390.11494252873564,14,0,1000000,3000,4
511879,511879,2047516,3700,201,804,1129.0,0.0,1129.0,1225,1225,666.9004975124378,25,0,1000000,3000,4
512073,512073,2048292,3701,194,776,1033.0,0.0,1033.0,1127,1127,616.6546391752578,23,0,1000000,3000,4
512318,512318,2049272,3702,245,980,1031.0,0.0,1031.0,1136,1136,623.9632653061225,23,0,1000000,3000,4
512614,512614,2050456,3703,296,1184,1298.0,0.0,1298.0,1413,1413,730.9425675675676,29,0,1000000,3000,4
512654,512654,2050616,3704,40,160,239.0,0.0,239.0,305,305,147.725,7,0,1000000,3000,4
512735,512735,2050940,3705,81,324,614.0,0.0,614.0,687,687,345.24691358024694,14,0,1000000,3000,4
512889,512889,2051556,3706,154,616,1043.0,0.0,1043.0,1129,1129,617.8441558441558,23,0,1000000,3000,4
513038,513038,2052152,3707,149,596,756.0,0.0,756.0,843,843,492.51677852348996,17,0,1000000,3000,4
513178,513178,2052712,3708,140,560,1047.0,0.0,1047.0,1130,1130,562.0,23,0,1000000,3000,4
513219,513219,2052876,3709,41,164,232.0,0.0,232.0,296,296,163.4390243902439,6,0,1000000,3000,4
513488,513488,2053952,3710,269,1076,1685.0,0.0,1685.0,1796,1796,821.6171003717473,36,0,1000000,3000,4
513590,513590,2054360,3711,102,408,620.0,0.0,620.0,698,698,371.48039215686276,14,0,1000000,3000,4
513661,513661,2054644,3712,71,284,606.0,0.0,606.0,678,678,319.49295774647885,14,0,1000000,3000,4
513898,513898,2055592,3713,237,948,1311.0,0.0,1311.0,1414,1414,748.7510548523206,29,0,1000000,3000,4
513943,513943,2055772,3714,45,180,218.0,0.0,218.0,283,283,167.6888888888889,6,0,1000000,3000,4
513982,513982,2055928,3715,39,156,233.0,0.0,233.0,297,297,157.43589743589743,6,0,1000000,3000,4
514232,514232,2056928,3716,250,1000,1310.0,0.0,1310.0,1414,1414,720.936,29,0,1000000,3000,4
514270,514270,2057080,3717,38,152,238.0,0.0,238.0,302,302,157.97368421052633,7,0,1000000,3000,4
514436,514436,2057744,3718,166,664,773.0,0.0,773.0,863,863,520.710843373494,18,0,1000000,3000,4
514622,514622,2058488,3719,186,744,1332.0,0.0,1332.0,1425,1425,753.9623655913979,29,0,1000000,3000,4
514734,514734,2058936,3720,112,448,598.0,0.0,598.0,677,677,379.2142857142857,14,0,1000000,3000,4
514767,514767,2059068,3721,33,132,241.0,0.0,241.0,304,304,164.84848484848484,7,0,1000000,3000,4
514892,514892,2059568,3722,125,500,716.0,0.0,716.0,797,797,456.512,16,0,1000000,3000,4
514927,514927,2059708,3723,35,140,242.0,0.0,242.0,306,306,161.0857142857143,7,0,1000000,3000,4
515055,515055,2060220,3724,128,512,762.0,0.0,762.0,844,844,525.0078125,17,0,1000000,3000,4
515228,515228,2060912,3725,173,692,1042.0,0.0,1042.0,1132,1132,687.0924855491329,23,0,1000000,3000,4
515259,515259,2061036,3726,31,124,243.0,0.0,243.0,306,306,162.80645161290323,7,0,1000000,3000,4
515345,515345,2061380,3727,86,344,621.0,0.0,621.0,696,696,352.36046511627904,14,0,1000000,3000,4
515383,515383,2061532,3728,38,152,232.0,0.0,232.0,296,296,160.47368421052633,6,0,1000000,3000,4
515686,515686,2062744,3729,303,1212,1011.0,0.0,1011.0,1127,1127,659.5511551155115,23,0,1000000,3000,4
515783,515783,2063132,3730,97,388,627.0,0.0,627.0,704,704,347.4639175257732,15,0,1000000,3000,4
515960,515960,2063840,3731,177,708,1335.0,0.0,1335.0,1427,1427,681.2259887005649,29,0,1000000,3000,4
516049,516049,2064196,3732,89,356,633.0,0.0,633.0,707,707,378.08988764044943,15,0,1000000,3000,4
516203,516203,2064812,3733,154,616,1039.0,0.0,1039.0,1125,1125,593.9480519480519,23,0,1000000,3000,4
516287,516287,2065148,3734,84,336,621.0,0.0,621.0,695,695,358.95238095238096,14,0,1000000,3000,4
516322,516322,2065288,3735,35,140,235.0,0.0,235.0,300,300,161.94285714285715,7,0,1000000,3000,4
516526,516526,2066104,3736,204,816,1149.0,0.0,1149.0,1247,1247,641.4705882352941,25,0,1000000,3000,4
516701,516701,2066804,3737,175,700,1037.0,0.0,1037.0,1128,1128,585.5428571428571,23,0,1000000,3000,4
516804,516804,2067216,3738,103,412,611.0,0.0,611.0,688,688,382.8252427184466,14,0,1000000,3000,4
517001,517001,2068004,3739,197,788,792.0,0.0,792.0,889,889,565.5380710659898,18,0,1000000,3000,4
517098,517098,2068392,3740,97,388,629.0,0.0,629.0,705,705,376.680412371134,15,0,1000000,3000,4
517227,517227,2068908,3741,129,516,742.0,0.0,742.0,825,825,514.2480620155038,17,0,1000000,3000,4
517312,517312,2069248,3742,85,340,620.0,0.0,620.0,695,695,381.88235294117646,14,0,1000000,3000,4
517485,517485,2069940,3743,173,692,1037.0,0.0,1037.0,1126,1126,624.6011560693642,23,0,1000000,3000,4
517658,517658,2070632,3744,173,692,1317.0,0.0,1317.0,1407,1407,722.335260115607,29,0,1000000,3000,4
517750,517750,2071000,3745,92,368,649.0,0.0,649.0,722,722,363.1195652173913,15,0,1000000,3000,4
517855,517855,2071420,3746,105,420,606.0,0.0,606.0,685,685,390.6857142857143,14,0,1000000,3000,4
517893,517893,2071572,3747,38,152,230.0,0.0,230.0,294,294,167.21052631578948,6,0,1000000,3000,4
518050,518050,2072200,3748,157,628,1041.0,0.0,1041.0,1129,1129,591.5796178343949,23,0,1000000,3000,4
518211,518211,2072844,3749,161,644,1040.0,0.0,1040.0,1127,1127,648.8819875776397,23,0,1000000,3000,4
518245,518245,2072980,3750,34,136,248.0,0.0,248.0,311,311,153.6764705882353,7,0,1000000,3000,4
518324,518324,2073296,3751,79,316,604.0,0.0,604.0,676,676,337.1012658227848,14,0,1000000,3000,4
518416,518416,2073664,3752,92,368,733.0,0.0,733.0,809,809,427.4347826086956,17,0,1000000,3000,4
518661,518661,2074644,3753,245,980,1414.0,0.0,1414.0,1519,1519,732.1551020408164,31,0,1000000,3000,4
518701,518701,2074804,3754,40,160,231.0,0.0,231.0,295,295,164.225,6,0,1000000,3000,4
518736,518736,2074944,3755,35,140,249.0,0.0,249.0,313,313,152.45714285714286,7,0,1000000,3000,4
518970,518970,2075880,3756,234,936,1305.0,0.0,1305.0,1408,1408,718.1837606837607,29,0,1000000,3000,4
519004,519004,2076016,3757,34,136,247.0,0.0,247.0,311,311,150.1764705882353,7,0,1000000,3000,4
519041,519041,2076164,3758,37,148,232.0,0.0,232.0,295,295,167.40540540540542,6,0,1000000,3000,4
519211,519211,2076844,3759,170,680,1348.0,0.0,1348.0,1439,1439,693.3882352941176,29,0,1000000,3000,4
519356,519356,2077424,3760,145,580,742.0,0.0,742.0,827,827,482.2068965517241,17,0,1000000,3000,4
519439,519439,2077756,3761,83,332,619.0,0.0,619.0,692,692,405.03614457831327,14,0,1000000,3000,4
519473,519473,2077892,3762,34,136,246.0,0.0,246.0,309,309,155.47058823529412,7,0,1000000,3000,4
519561,519561,2078244,3763,88,352,615.0,0.0,615.0,689,689,349.97727272727275,14,0,1000000,3000,4
519747,519747,2078988,3764,186,744,1035.0,0.0,1035.0,1128,1128,627.994623655914,23,0,1000000,3000,4
519828,519828,2079312,3765,81,324,629.0,0.0,629.0,703,703,391.641975308642,15,0,1000000,3000,4
519860,519860,2079440,3766,32,128,243.0,0.0,243.0,307,307,165.84375,7,0,1000000,3000,4
520004,520004,2080016,3767,144,576,783.0,0.0,783.0,868,868,551.1180555555555,18,0,1000000,3000,4
520165,520165,2080660,3768,161,644,1041.0,0.0,1041.0,1129,1129,601.5962732919255,23,0,1000000,3000,4
520198,520198,2080792,3769,33,132,245.0,0.0,245.0,308,308,151.66666666666666,7,0,1000000,3000,4
520442,520442,2081768,3770,244,976,1555.0,0.0,1555.0,1660,1660,789.0901639344262,34,0,1000000,3000,4
520550,520550,2082200,3771,108,432,601.0,0.0,601.0,680,680,410.94444444444446,14,0,1000000,3000,4
520644,520644,2082576,3772,94,376,624.0,0.0,624.0,700,700,388.70212765957444,15,0,1000000,3000,4
520818,520818,2083272,3773,174,696,1037.0,0.0,1037.0,1127,1127,633.0114942528736,23,0,1000000,3000,4
520923,520923,2083692,3774,105,420,630.0,0.0,630.0,709,709,384.6857142857143,15,0,1000000,3000,4
521016,521016,2084064,3775,93,372,615.0,0.0,615.0,691,691,362.7956989247312,14,0,1000000,3000,4
521084,521084,2084336,3776,68,272,619.0,0.0,619.0,690,690,349.7647058823529,14,0,1000000,3000,4
521169,521169,2084676,3777,85,340,607.0,0.0,607.0,681,681,333.0470588235294,14,0,1000000,3000,4
521347,521347,2085388,3778,178,712,1033.0,0.0,1033.0,1123,1123,614.2752808988764,23,0,1000000,3000,4
521528,521528,2086112,3779,181,724,1142.0,0.0,1142.0,1234,1234,587.6574585635359,25,0,1000000,3000,4
521569,521569,2086276,3780,41,164,235.0,0.0,235.0,301,301,146.78048780487805,7,0,1000000,3000,4
521606,521606,2086424,3781,37,148,233.0,0.0,233.0,297,297,164.48648648648648,6,0,1000000,3000,4
521707,521707,2086828,3782,101,404,619.0,0.0,619.0,696,696,383.7920792079208,14,0,1000000,3000,4
521800,521800,2087200,3783,93,372,626.0,0.0,626.0,701,701,376.86021505376345,15,0,1000000,3000,4
522024,522024,2088096,3784,224,896,1313.0,0.0,1313.0,1413,1413,752.0982142857143,29,0,1000000,3000,4
522234,522234,2088936,3785,210,840,1335.0,0.0,1335.0,1435,1435,721.2904761904762,29,0,1000000,3000,4
522281,522281,2089124,3786,47,188,219.0,0.0,219.0,286,286,165.3404255319149,6,0,1000000,3000,4
522455,522455,2089820,3787,174,696,1317.0,0.0,1317.0,1408,1408,647.3965517241379,29,0,1000000,3000,4
522552,522552,2090208,3788,97,388,628.0,0.0,628.0,705,705,397.69072164948454,15,0,1000000,3000,4
522757,522757,2091028,3789,205,820,1033.0,0.0,1033.0,1128,1128,680.2634146341463,23,0,1000000,3000,4
523261,523261,2093044,3790,504,2016,1258.0,0.0,1258.0,1415,1415,777.0892857142857,29,0,1000000,3000,4
523308,523308,2093232,3791,47,188,217.0,0.0,217.0,283,283,163.29787234042553,6,0,1000000,3000,4
523532,523532,2094128,3792,224,896,1311.0,0.0,1311.0,1411,1411,707.6830357142857,29,0,1000000,3000,4
523695,523695,2094780,3793,163,652,1040.0,0.0,1040.0,1127,1127,597.4478527607362,23,0,1000000,3000,4
523784,523784,2095136,3794,89,356,608.0,0.0,608.0,682,682,401.24719101123594,14,0,1000000,3000,4
523920,523920,2095680,3795,136,544,1042.0,0.0,1042.0,1124,1124,600.2426470588235,23,0,1000000,3000,4
524079,524079,2096316,3796,159,636,1045.0,0.0,1045.0,1133,1133,597.6855345911949,23,0,1000000,3000,4
524109,524109,2096436,3797,30,120,250.0,0.0,250.0,313,313,157.1,7,0,1000000,3000,4
524178,524178,2096712,3798,69,276,611.0,0.0,611.0,682,682,317.1159420289855,14,0,1000000,3000,4
524207,524207,2096828,3799,29,116,249.0,0.0,249.0,312,312,156.24137931034483,7,0,1000000,3000,4
524390,524390,2097560,3800,183,732,1037.0,0.0,1037.0,1129,1129,591.896174863388,23,0,1000000,3000,4
524467,524467,2097868,3801,77,308,640.0,0.0,640.0,713,713,373.57142857142856,15,0,1000000,3000,4
524501,524501,2098004,3802,34,136,238.0,0.0,238.0,301,301,171.08823529411765,7,0,1000000,3000,4
524581,524581,2098324,3803,80,320,633.0,0.0,633.0,706,706,386.7875,15,0,1000000,3000,4
524664,524664,2098656,3804,83,332,605.0,0.0,605.0,679,679,351.1807228915663,14,0,1000000,3000,4
524873,524873,2099492,3805,209,836,1033.0,0.0,1033.0,1131,1131,603.8516746411483,23,0,1000000,3000,4
524905,524905,2099620,3806,32,128,249.0,0.0,249.0,313,313,149.4375,7,0,1000000,3000,4
525281,525281,2101124,3807,376,1504,2629.0,0.0,2629.0,2762,2762,1474.7606382978724,56,0,1000000,3000,4
525505,525505,2102020,3808,224,896,1025.0,0.0,1025.0,1125,1125,627.8303571428571,23,0,1000000,3000,4
525536,525536,2102144,3809,31,124,247.0,0.0,247.0,311,311,153.7741935483871,7,0,1000000,3000,4
525566,525566,2102264,3810,30,120,250.0,0.0,250.0,314,314,153.26666666666668,7,0,1000000,3000,4
525681,525681,2102724,3811,115,460,726.0,0.0,726.0,807,807,510.5739130434783,17,0,1000000,3000,4
525833,525833,2103332,3812,152,608,741.0,0.0,741.0,828,828,516.328947368421,17,0,1000000,3000,4
525923,525923,2103692,3813,90,360,612.0,0.0,612.0,688,688,337.81111111111113,14,0,1000000,3000,4
526090,526090,2104360,3814,167,668,1151.0,0.0,1151.0,1242,1242,623.9880239520958,25,0,1000000,3000,4
526120,526120,2104480,3815,30,120,251.0,0.0,251.0,315,315,153.86666666666667,7,0,1000000,3000,4
526149,526149,2104596,3816,29,116,252.0,0.0,252.0,315,315,156.55172413793105,7,0,1000000,3000,4
526179,526179,2104716,3817,30,120,247.0,0.0,247.0,311,311,150.46666666666667,7,0,1000000,3000,4
526441,526441,2105764,3818,262,1048,1682.0,0.0,1682.0,1791,1791,862.2213740458016,36,0,1000000,3000,4
526526,526526,2106104,3819,85,340,611.0,0.0,611.0,684,684,333.0235294117647,14,0,1000000,3000,4
526593,526593,2106372,3820,67,268,608.0,0.0,608.0,679,679,308.53731343283584,14,0,1000000,3000,4
526623,526623,2106492,3821,30,120,250.0,0.0,250.0,314,314,151.83333333333334,7,0,1000000,3000,4
526727,526727,2106908,3822,104,416,600.0,0.0,600.0,678,678,389.3076923076923,14,0,1000000,3000,4
526885,526885,2107540,3823,158,632,783.0,0.0,783.0,871,871,508.126582278481,18,0,1000000,3000,4
526962,526962,2107848,3824,77,308,614.0,0.0,614.0,686,686,344.0,14,0,1000000,3000,4
527150,527150,2108600,3825,188,752,1341.0,0.0,1341.0,1436,1436,661.218085106383,29,0,1000000,3000,4
527182,527182,2108728,3826,32,128,250.0,0.0,250.0,314,314,150.9375,7,0,1000000,3000,4
527277,527277,2109108,3827,95,380,624.0,0.0,624.0,700,700,348.34736842105264,15,0,1000000,3000,4
527449,527449,2109796,3828,172,688,809.0,0.0,809.0,898,898,549.5523255813954,18,0,1000000,3000,4
527742,527742,2110968,3829,293,1172,722.0,0.0,722.0,838,838,612.4402730375426,17,0,1000000,3000,4
527813,527813,2111252,3830,71,284,601.0,0.0,601.0,673,673,316.15492957746477,14,0,1000000,3000,4
527920,527920,2111680,3831,107,428,598.0,0.0,598.0,677,677,403.14953271028037,14,0,1000000,3000,4
528001,528001,2112004,3832,81,324,622.0,0.0,622.0,696,696,352.037037037037,14,0,1000000,3000,4
528096,528096,2112384,3833,95,380,613.0,0.0,613.0,689,689,396.7473684210526,14,0,1000000,3000,4
528321,528321,2113284,3834,225,900,1052.0,0.0,1052.0,1154,1154,654.8266666666667,24,0,1000000,3000,4
528540,528540,2114160,3835,219,876,1136.0,0.0,1136.0,1237,1237,707.3287671232877,25,0,1000000,3000,4
528717,528717,2114868,3836,177,708,1424.0,0.0,1424.0,1517,1517,740.4067796610169,31,0,1000000,3000,4
528886,528886,2115544,3837,169,676,1064.0,0.0,1064.0,1155,1155,580.1715976331361,24,0,1000000,3000,4
529107,529107,2116428,3838,221,884,1318.0,0.0,1318.0,1418,1418,687.5565610859728,29,0,1000000,3000,4
529144,529144,2116576,3839,37,148,238.0,0.0,238.0,303,303,149.35135135135135,7,0,1000000,3000,4
529293,529293,2117172,3840,149,596,748.0,0.0,748.0,835,835,569.0402684563759,17,0,1000000,3000,4
529375,529375,2117500,3841,82,328,620.0,0.0,620.0,694,694,397.2560975609756,14,0,1000000,3000,4
529586,529586,2118344,3842,211,844,1129.0,0.0,1129.0,1227,1227,689.8957345971564,25,0,1000000,3000,4
529850,529850,2119400,3843,264,1056,1021.0,0.0,1021.0,1129,1129,664.2765151515151,23,0,1000000,3000,4
529879,529879,2119516,3844,29,116,247.0,0.0,247.0,310,310,152.6206896551724,7,0,1000000,3000,4
530119,530119,2120476,3845,240,960,1321.0,0.0,1321.0,1426,1426,713.5375,29,0,1000000,3000,4
530204,530204,2120816,3846,85,340,635.0,0.0,635.0,710,710,378.18823529411765,15,0,1000000,3000,4
530453,530453,2121812,3847,249,996,1330.0,0.0,1330.0,1437,1437,758.4216867469879,29,0,1000000,3000,4
530519,530519,2122076,3848,66,264,604.0,0.0,604.0,675,675,334.1666666666667,14,0,1000000,3000,4
530667,530667,2122668,3849,148,592,814.0,0.0,814.0,898,898,552.9391891891892,18,0,1000000,3000,4
530750,530750,2123000,3850,83,332,608.0,0.0,608.0,682,682,341.32530120481925,14,0,1000000,3000,4
530890,530890,2123560,3851,140,560,759.0,0.0,759.0,843,843,479.26428571428573,17,0,1000000,3000,4
530924,530924,2123696,3852,34,136,236.0,0.0,236.0,300,300,165.41176470588235,7,0,1000000,3000,4
531163,531163,2124652,3853,239,956,1411.0,0.0,1411.0,1516,1516,788.1255230125523,31,0,1000000,3000,4
531376,531376,2125504,3854,213,852,1038.0,0.0,1038.0,1136,1136,601.1220657276996,23,0,1000000,3000,4
531414,531414,2125656,3855,38,152,232.0,0.0,232.0,295,295,164.60526315789474,6,0,1000000,3000,4
531451,531451,2125804,3856,37,148,241.0,0.0,241.0,306,306,149.43243243243242,7,0,1000000,3000,4
531481,531481,2125924,3857,30,120,251.0,0.0,251.0,314,314,157.76666666666668,7,0,1000000,3000,4
531551,531551,2126204,3858,70,280,607.0,0.0,607.0,677,677,319.6714285714286,14,0,1000000,3000,4
531633,531633,2126532,3859,82,328,621.0,0.0,621.0,695,695,336.7682926829268,14,0,1000000,3000,4
531663,531663,2126652,3860,30,120,244.0,0.0,244.0,308,308,153.76666666666668,7,0,1000000,3000,4
531798,531798,2127192,3861,135,540,727.0,0.0,727.0,811,811,501.94814814814816,17,0,1000000,3000,4
532053,532053,2128212,3862,255,1020,1308.0,0.0,1308.0,1414,1414,718.556862745098,29,0,1000000,3000,4
532250,532250,2129000,3863,197,788,1320.0,0.0,1320.0,1414,1414,707.8223350253808,29,0,1000000,3000,4
532459,532459,2129836,3864,209,836,1334.0,0.0,1334.0,1433,1433,725.0717703349283,29,0,1000000,3000,4
532531,532531,2130124,3865,72,288,635.0,0.0,635.0,707,707,375.5833333333333,15,0,1000000,3000,4
532790,532790,2131160,3866,259,1036,1420.0,0.0,1420.0,1529,1529,690.6447876447877,31,0,1000000,3000,4
532819,532819,2131276,3867,29,116,250.0,0.0,250.0,313,313,154.0344827586207,7,0,1000000,3000,4
532970,532970,2131880,3868,151,604,1042.0,0.0,1042.0,1128,1128,582.1920529801324,23,0,1000000,3000,4
533120,533120,2132480,3869,150,600,779.0,0.0,779.0,865,865,550.88,18,0,1000000,3000,4
533286,533286,2133144,3870,166,664,770.0,0.0,770.0,861,861,536.6686746987951,18,0,1000000,3000,4
533357,533357,2133428,3871,71,284,629.0,0.0,629.0,700,700,361.38028169014086,15,0,1000000,3000,4
533391,533391,2133564,3872,34,136,250.0,0.0,250.0,314,314,150.05882352941177,7,0,1000000,3000,4
533572,533572,2134288,3873,181,724,1043.0,0.0,1043.0,1136,1136,635.2541436464088,23,0,1000000,3000,4
533788,533788,2135152,3874,216,864,1425.0,0.0,1425.0,1526,1526,714.1805555555555,31,0,1000000,3000,4
533885,533885,2135540,3875,97,388,611.0,0.0,611.0,687,687,389.25773195876286,14,0,1000000,3000,4
534141,534141,2136564,3876,256,1024,1416.0,0.0,1416.0,1524,1524,792.6953125,31,0,1000000,3000,4
534310,534310,2137240,3877,169,676,810.0,0.0,810.0,898,898,598.2189349112426,18,0,1000000,3000,4
534342,534342,2137368,3878,32,128,249.0,0.0,249.0,313,313,156.84375,7,0,1000000,3000,4
534444,534444,2137776,3879,102,408,626.0,0.0,626.0,703,703,390.5980392156863,15,0,1000000,3000,4
534482,534482,2137928,3880,38,152,235.0,0.0,235.0,298,298,157.39473684210526,6,0,1000000,3000,4
534641,534641,2138564,3881,159,636,1052.0,0.0,1052.0,1139,1139,618.8238993710692,23,0,1000000,3000,4
534709,534709,2138836,3882,68,272,604.0,0.0,604.0,674,674,327.47058823529414,14,0,1000000,3000,4
534782,534782,2139128,3883,73,292,626.0,0.0,626.0,698,698,369.2739726027397,14,0,1000000,3000,4
534819,534819,2139276,3884,37,148,242.0,0.0,242.0,307,307,156.05405405405406,7,0,1000000,3000,4
534852,534852,2139408,3885,33,132,245.0,0.0,245.0,308,308,164.78787878787878,7,0,1000000,3000,4
534886,534886,2139544,3886,34,136,234.0,0.0,234.0,298,298,169.64705882352942,6,0,1000000,3000,4
534918,534918,2139672,3887,32,128,250.0,0.0,250.0,313,313,150.21875,7,0,1000000,3000,4
534952,534952,2139808,3888,34,136,237.0,0.0,237.0,301,301,164.38235294117646,7,0,1000000,3000,4
535117,535117,2140468,3889,165,660,1318.0,0.0,1318.0,1407,1407,708.4242424242424,29,0,1000000,3000,4
535208,535208,2140832,3890,91,364,636.0,0.0,636.0,712,712,384.2307692307692,15,0,1000000,3000,4
535297,535297,2141188,3891,89,356,632.0,0.0,632.0,705,705,364.5280898876405,15,0,1000000,3000,4
535385,535385,2141540,3892,88,352,619.0,0.0,619.0,694,694,366.28409090909093,14,0,1000000,3000,4
535461,535461,2141844,3893,76,304,631.0,0.0,631.0,704,704,397.2763157894737,15,0,1000000,3000,4
535573,535573,2142292,3894,112,448,616.0,0.0,616.0,694,694,401.83035714285717,14,0,1000000,3000,4
535606,535606,2142424,3895,33,132,242.0,0.0,242.0,306,306,160.93939393939394,7,0,1000000,3000,4
535637,535637,2142548,3896,31,124,245.0,0.0,245.0,309,309,158.19354838709677,7,0,1000000,3000,4
535671,535671,2142684,3897,34,136,246.0,0.0,246.0,309,309,146.73529411764707,7,0,1000000,3000,4
535708,535708,2142832,3898,37,148,229.0,0.0,229.0,293,293,169.97297297297297,6,0,1000000,3000,4
535785,535785,2143140,3899,77,308,639.0,0.0,639.0,712,712,378.6753246753247,15,0,1000000,3000,4
535869,535869,2143476,3900,84,336,608.0,0.0,608.0,682,682,339.6904761904762,14,0,1000000,3000,4
535897,535897,2143588,3901,28,112,249.0,0.0,249.0,312,312,157.96428571428572,7,0,1000000,3000,4
536069,536069,2144276,3902,172,688,1049.0,0.0,1049.0,1140,1140,650.0058139534884,23,0,1000000,3000,4
536133,536133,2144532,3903,64,256,614.0,0.0,614.0,683,683,345.640625,14,0,1000000,3000,4
536209,536209,2144836,3904,76,304,630.0,0.0,630.0,702,702,365.9868421052632,15,0,1000000,3000,4
536239,536239,2144956,3905,30,120,244.0,0.0,244.0,307,307,157.46666666666667,7,0,1000000,3000,4
536383,536383,2145532,3906,144,576,1152.0,0.0,1152.0,1238,1238,611.7708333333334,25,0,1000000,3000,4
536559,536559,2146236,3907,176,704,1037.0,0.0,1037.0,1128,1128,636.25,23,0,1000000,3000,4
536714,536714,2146856,3908,155,620,1049.0,0.0,1049.0,1136,1136,635.2967741935483,23,0,1000000,3000,4
536748,536748,2146992,3909,34,136,244.0,0.0,244.0,308,308,154.0,7,0,1000000,3000,4
536954,536954,2147816,3910,206,824,1303.0,0.0,1303.0,1401,1401,649.1504854368932,29,0,1000000,3000,4
537128,537128,2148512,3911,174,696,1341.0,0.0,1341.0,1433,1433,659.9827586206897,29,0,1000000,3000,4
537205,537205,2148820,3912,77,308,614.0,0.0,614.0,687,687,349.57142857142856,14,0,1000000,3000,4
537343,537343,2149372,3913,138,552,1047.0,0.0,1047.0,1131,1131,617.1666666666666,23,0,1000000,3000,4
537437,537437,2149748,3914,94,376,632.0,0.0,632.0,708,708,375.6914893617021,15,0,1000000,3000,4
537631,537631,2150524,3915,194,776,1324.0,0.0,1324.0,1420,1420,616.6082474226804,29,0,1000000,3000,4
537730,537730,2150920,3916,99,396,615.0,0.0,615.0,692,692,388.6666666666667,14,0,1000000,3000,4
537828,537828,2151312,3917,98,392,626.0,0.0,626.0,703,703,361.05102040816325,15,0,1000000,3000,4
538034,538034,2152136,3918,206,824,1028.0,0.0,1028.0,1124,1124,594.1310679611651,23,0,1000000,3000,4
538118,538118,2152472,3919,84,336,623.0,0.0,623.0,696,696,382.5595238095238,14,0,1000000,3000,4
538249,538249,2152996,3920,131,524,593.0,0.0,593.0,676,676,339.587786259542,14,0,1000000,3000,4
538485,538485,2153940,3921,236,944,1019.0,0.0,1019.0,1120,1122,608.9364406779661,23,0,1000000,3000,4
538782,538782,2155128,3922,297,1188,719.0,0.0,719.0,835,835,599.5420875420875,17,0,1000000,3000,4
539094,539094,2156376,3923,312,1248,1668.0,0.0,1668.0,1788,1788,877.125,36,0,1000000,3000,4
539245,539245,2156980,3924,151,604,1161.0,0.0,1161.0,1249,1249,602.1125827814569,25,0,1000000,3000,4
539324,539324,2157296,3925,79,316,652.0,0.0,652.0,722,723,373.27848101265823,15,0,1000000,3000,4
539389,539389,2157556,3926,65,260,610.0,0.0,610.0,680,680,332.5692307692308,14,0,1000000,3000,4
539427,539427,2157708,3927,38,152,246.0,0.0,246.0,311,311,138.28947368421052,7,0,1000000,3000,4
539523,539523,2158092,3928,96,384,611.0,0.0,611.0,688,688,400.0625,14,0,1000000,3000,4
539557,539557,2158228,3929,34,136,244.0,0.0,244.0,308,308,152.1764705882353,7,0,1000000,3000,4
539725,539725,2158900,3930,168,672,810.0,0.0,810.0,898,900,547.077380952381,19,0,1000000,3000,4
539932,539932,2159728,3931,207,828,1140.0,0.0,1140.0,1239,1239,629.5555555555555,25,0,1000000,3000,4
539969,539969,2159876,3932,37,148,236.0,0.0,236.0,300,300,164.8918918918919,7,0,1000000,3000,4
540055,540055,2160220,3933,86,344,630.0,0.0,630.0,704,704,383.3720930232558,15,0,1000000,3000,4
540146,540146,2160584,3934,91,364,609.0,0.0,609.0,685,685,390.0769230769231,14,0,1000000,3000,4
540178,540178,2160712,3935,32,128,241.0,0.0,241.0,305,305,159.1875,7,0,1000000,3000,4
540327,540327,2161308,3936,149,596,1343.0,0.0,1343.0,1429,1429,729.3624161073825,29,0,1000000,3000,4
540423,540423,2161692,3937,96,384,607.0,0.0,607.0,684,684,331.1041666666667,14,0,1000000,3000,4
540530,540530,2162120,3938,107,428,616.0,0.0,616.0,694,694,392.9158878504673,14,0,1000000,3000,4
540620,540620,2162480,3939,90,360,611.0,0.0,611.0,685,685,341.64444444444445,14,0,1000000,3000,4
540792,540792,2163168,3940,172,688,1039.0,0.0,1039.0,1129,1129,649.1976744186046,23,0,1000000,3000,4
540931,540931,2163724,3941,139,556,1045.0,0.0,1045.0,1128,1128,551.2302158273382,23,0,1000000,3000,4
540965,540965,2163860,3942,34,136,242.0,0.0,242.0,305,305,154.58823529411765,7,0,1000000,3000,4
541215,541215,2164860,3943,250,1000,1686.0,0.0,1686.0,1792,1792,869.488,36,0,1000000,3000,4
541424,541424,2165696,3944,209,836,1030.0,0.0,1030.0,1126,1126,627.8038277511962,23,0,1000000,3000,4
541456,541456,2165824,3945,32,128,244.0,0.0,244.0,306,306,160.5,7,0,1000000,3000,4
541692,541692,2166768,3946,236,944,1416.0,0.0,1416.0,1520,1520,700.6483050847457,31,0,1000000,3000,4
541872,541872,2167488,3947,180,720,1319.0,0.0,1319.0,1411,1411,725.2388888888889,29,0,1000000,3000,4
541913,541913,2167652,3948,41,164,231.0,0.0,231.0,296,296,153.8780487804878,6,0,1000000,3000,4
542023,542023,2168092,3949,110,440,625.0,0.0,625.0,703,703,359.3272727272727,15,0,1000000,3000,4
542058,542058,2168232,3950,35,140,232.0,0.0,232.0,297,297,156.65714285714284,6,0,1000000,3000,4
542253,542253,2169012,3951,195,780,1037.0,0.0,1037.0,1133,1133,628.5076923076923,23,0,1000000,3000,4
542481,542481,2169924,3952,228,912,1567.0,0.0,1567.0,1668,1668,800.2368421052631,34,0,1000000,3000,4
542520,542520,2170080,3953,39,156,237.0,0.0,237.0,302,302,154.15384615384616,7,0,1000000,3000,4
542561,542561,2170244,3954,41,164,232.0,0.0,232.0,297,297,159.6341463414634,6,0,1000000,3000,4
542809,542809,2171236,3955,248,992,1309.0,0.0,1309.0,1413,1413,685.8991935483871,29,0,1000000,3000,4
543002,543002,2172008,3956,193,772,762.0,0.0,762.0,858,858,533.1139896373057,18,0,1000000,3000,4
543205,543205,2172820,3957,203,812,736.0,0.0,736.0,834,834,533.4137931034483,17,0,1000000,3000,4
543235,543235,2172940,3958,30,120,249.0,0.0,249.0,312,312,156.4,7,0,1000000,3000,4
543403,543403,2173612,3959,168,672,736.0,0.0,736.0,826,826,464.0952380952381,17,0,1000000,3000,4
543441,543441,2173764,3960,38,152,231.0,0.0,231.0,294,294,163.89473684210526,6,0,1000000,3000,4
543607,543607,2174428,3961,166,664,741.0,0.0,741.0,832,832,530.1385542168674,17,0,1000000,3000,4
543723,543723,2174892,3962,116,464,613.0,0.0,613.0,694,694,394.4310344827586,14,0,1000000,3000,4
543761,543761,2175044,3963,38,152,241.0,0.0,241.0,306,306,154.76315789473685,7,0,1000000,3000,4
544003,544003,2176012,3964,242,968,1312.0,0.0,1312.0,1417,1417,727.595041322314,29,0,1000000,3000,4
544033,544033,2176132,3965,30,120,247.0,0.0,247.0,310,310,148.66666666666666,7,0,1000000,3000,4
544074,544074,2176296,3966,41,164,231.0,0.0,231.0,296,296,158.5609756097561,6,0,1000000,3000,4
544119,544119,2176476,3967,45,180,216.0,0.0,216.0,282,282,168.7111111111111,6,0,1000000,3000,4
544308,544308,2177232,3968,189,756,1032.0,0.0,1032.0,1125,1125,584.3174603174604,23,0,1000000,3000,4
544522,544522,2178088,3969,214,856,1331.0,0.0,1331.0,1431,1431,715.8271028037383,29,0,1000000,3000,4
544687,544687,2178748,3970,165,660,732.0,0.0,732.0,821,821,472.3393939393939,17,0,1000000,3000,4
544880,544880,2179520,3971,193,772,1331.0,0.0,1331.0,1427,1427,714.4922279792746,29,0,1000000,3000,4
545207,545207,2180828,3972,327,1308,1292.0,0.0,1292.0,1413,1413,791.9724770642201,29,0,1000000,3000,4
545248,545248,2180992,3973,41,164,222.0,0.0,222.0,287,287,170.1951219512195,6,0,1000000,3000,4
545446,545446,2181784,3974,198,792,1033.0,0.0,1033.0,1127,1127,606.3333333333334,23,0,1000000,3000,4
545669,545669,2182676,3975,223,892,1025.0,0.0,1025.0,1125,1125,605.3766816143498,23,0,1000000,3000,4
545882,545882,2183528,3976,213,852,1026.0,0.0,1026.0,1124,1124,601.8262910798122,23,0,1000000,3000,4
546094,546094,2184376,3977,212,848,1028.0,0.0,1028.0,1126,1126,675.8207547169811,23,0,1000000,3000,4
546370,546370,2185480,3978,276,1104,1024.0,0.0,1024.0,1135,1135,693.0108695652174,23,0,1000000,3000,4
546408,546408,2185632,3979,38,152,240.0,0.0,240.0,303,303,150.47368421052633,7,0,1000000,3000,4
546508,546508,2186032,3980,100,400,603.0,0.0,603.0,681,681,303.09,14,0,1000000,3000,4
546546,546546,2186184,3981,38,152,243.0,0.0,243.0,306,306,146.42105263157896,7,0,1000000,3000,4
546649,546649,2186596,3982,103,412,626.0,0.0,626.0,704,704,359.18446601941747,15,0,1000000,3000,4
546697,546697,2186788,3983,48,192,215.0,0.0,215.0,280,280,168.375,6,0,1000000,3000,4
546745,546745,2186980,3984,48,192,220.0,0.0,220.0,286,286,160.5,6,0,1000000,3000,4
546863,546863,2187452,3985,118,472,613.0,0.0,613.0,694,694,342.23728813559325,14,0,1000000,3000,4
547083,547083,2188332,3986,220,880,1313.0,0.0,1313.0,1412,1412,700.6227272727273,29,0,1000000,3000,4
547272,547272,2189088,3987,189,756,1060.0,0.0,1060.0,1155,1155,623.5873015873016,24,0,1000000,3000,4
547389,547389,2189556,3988,117,468,615.0,0.0,615.0,696,696,354.3076923076923,14,0,1000000,3000,4
547594,547594,2190376,3989,205,820,1145.0,0.0,1145.0,1243,1243,672.6439024390244,25,0,1000000,3000,4
547629,547629,2190516,3990,35,140,249.0,0.0,249.0,313,313,148.77142857142857,7,0,1000000,3000,4
547709,547709,2190836,3991,80,320,621.0,0.0,621.0,695,695,337.4875,14,0,1000000,3000,4
547996,547996,2191984,3992,287,1148,1904.0,0.0,1904.0,2019,2019,932.815331010453,41,0,1000000,3000,4
548071,548071,2192284,3993,75,300,636.0,0.0,636.0,708,708,392.8,15,0,1000000,3000,4
548218,548218,2192872,3994,147,588,1043.0,0.0,1043.0,1129,1129,585.8503401360545,23,0,1000000,3000,4
548328,548328,2193312,3995,110,440,618.0,0.0,618.0,696,696,379.1181818181818,14,0,1000000,3000,4
548366,548366,2193464,3996,38,152,228.0,0.0,228.0,291,291,171.5,6,0,1000000,3000,4
548563,548563,2194252,3997,197,788,1030.0,0.0,1030.0,1124,1124,629.4213197969543,23,0,1000000,3000,4
548666,548666,2194664,3998,103,412,604.0,0.0,604.0,681,681,407.1650485436893,14,0,1000000,3000,4
548817,548817,2195268,3999,151,604,637.0,0.0,637.0,722,722,518.7019867549669,15,0,1000000,3000,4
548986,548986,2195944,4000,169,676,736.0,0.0,736.0,827,827,515.1715976331361,17,0,1000000,3000,4
549166,549166,2196664,4001,180,720,1342.0,0.0,1342.0,1435,1435,709.9888888888889,29,0,1000000,3000,4
549362,549362,2197448,4002,196,784,1042.0,0.0,1042.0,1138,1138,654.7142857142857,23,0,1000000,3000,4
549467,549467,2197868,4003,105,420,617.0,0.0,617.0,695,695,367.26666666666665,14,0,1000000,3000,4
549592,549592,2198368,4004,125,500,607.0,0.0,607.0,689,689,382.024,14,0,1000000,3000,4
549854,549854,2199416,4005,262,1048,1029.0,0.0,1029.0,1138,1138,678.0305343511451,23,0,1000000,3000,4
550011,550011,2200044,4006,157,628,636.0,0.0,636.0,722,724,474.9872611464968,15,0,1000000,3000,4
550062,550062,2200248,4007,51,204,200.0,0.0,200.0,266,266,182.54901960784315,6,0,1000000,3000,4
550106,550106,2200424,4008,44,176,227.0,0.0,227.0,292,292,156.13636363636363,6,0,1000000,3000,4
550354,550354,2201416,4009,248,992,1310.0,0.0,1310.0,1414,1414,687.4032258064516,29,0,1000000,3000,4
550501,550501,2202004,4010,147,588,757.0,0.0,757.0,844,844,512.6938775510204,17,0,1000000,3000,4
550597,550597,2202388,4011,96,384,620.0,0.0,620.0,696,696,380.75,14,0,1000000,3000,4
550797,550797,2203188,4012,200,800,1031.0,0.0,1031.0,1126,1126,635.04,23,0,1000000,3000,4
551122,551122,2204488,4013,325,1300,1840.0,0.0,1840.0,1963,1963,908.8092307692308,40,0,1000000,3000,4
551305,551305,2205220,4014,183,732,710.0,0.0,710.0,803,803,566.360655737705,17,0,1000000,3000,4
551342,551342,2205368,4015,37,148,230.0,0.0,230.0,294,294,163.6216216216216,6,0,1000000,3000,4
551379,551379,2205516,4016,37,148,246.0,0.0,246.0,311,311,143.59459459459458,7,0,1000000,3000,4
551550,551550,2206200,4017,171,684,809.0,0.0,809.0,898,898,536.1578947368421,18,0,1000000,3000,4
551707,551707,2206828,4018,157,628,1042.0,0.0,1042.0,1129,1129,596.375796178344,23,0,1000000,3000,4
551963,551963,2207852,4019,256,1024,1308.0,0.0,1308.0,1414,1414,749.7265625,29,0,1000000,3000,4
552120,552120,2208480,4020,157,628,776.0,0.0,776.0,865,865,542.8152866242038,18,0,1000000,3000,4
552260,552260,2209040,4021,140,560,639.0,0.0,639.0,722,722,504.6857142857143,15,0,1000000,3000,4
552359,552359,2209436,4022,99,396,648.0,0.0,648.0,722,722,382.3939393939394,15,0,1000000,3000,4
552468,552468,2209872,4023,109,436,623.0,0.0,623.0,702,702,390.3211009174312,15,0,1000000,3000,4
552689,552689,2210756,4024,221,884,1030.0,0.0,1030.0,1130,1130,690.7330316742082,23,0,1000000,3000,4
552890,552890,2211560,4025,201,804,803.0,0.0,803.0,898,899,593.5771144278607,18,0,1000000,3000,4
552990,552990,2211960,4026,100,400,622.0,0.0,622.0,699,699,373.65,14,0,1000000,3000,4
553078,553078,2212312,4027,88,352,628.0,0.0,628.0,702,702,379.3863636363636,15,0,1000000,3000,4
553207,553207,2212828,4028,129,516,720.0,0.0,720.0,802,802,501.0232558139535,17,0,1000000,3000,4
553315,553315,2213260,4029,108,432,632.0,0.0,632.0,710,710,338.48148148148147,15,0,1000000,3000,4
553581,553581,2214324,4030,266,1064,1403.0,0.0,1403.0,1513,1513,749.6428571428571,31,0,1000000,3000,4
553767,553767,2215068,4031,186,744,806.0,0.0,806.0,898,898,611.2903225806451,18,0,1000000,3000,4
553870,553870,2215480,4032,103,412,647.0,0.0,647.0,722,722,355.59223300970876,15,0,1000000,3000,4
554035,554035,2216140,4033,165,660,779.0,0.0,779.0,868,868,518.8,18,0,1000000,3000,4
554132,554132,2216528,4034,97,388,618.0,0.0,618.0,694,694,372.6701030927835,14,0,1000000,3000,4
554173,554173,2216692,4035,41,164,230.0,0.0,230.0,295,295,156.34146341463415,6,0,1000000,3000,4
554499,554499,2217996,4036,326,1304,1284.0,0.0,1284.0,1406,1406,753.8742331288344,29,0,1000000,3000,4
554540,554540,2218160,4037,41,164,234.0,0.0,234.0,299,299,156.0487804878049,6,0,1000000,3000,4
554716,554716,2218864,4038,176,704,594.0,0.0,594.0,685,685,445.6306818181818,14,0,1000000,3000,4
554759,554759,2219036,4039,43,172,230.0,0.0,230.0,295,295,151.25581395348837,6,0,1000000,3000,4
554987,554987,2219948,4040,228,912,1024.0,0.0,1024.0,1124,1124,631.0570175438596,23,0,1000000,3000,4
555081,555081,2220324,4041,94,376,612.0,0.0,612.0,688,688,387.8085106382979,14,0,1000000,3000,4
555200,555200,2220800,4042,119,476,613.0,0.0,613.0,693,693,363.52100840336135,14,0,1000000,3000,4
555310,555310,2221240,4043,110,440,625.0,0.0,625.0,702,702,325.1272727272727,15,0,1000000,3000,4
555692,555692,2222768,4044,382,1528,1276.0,0.0,1276.0,1409,1409,737.5157068062828,29,0,1000000,3000,4
555733,555733,2222932,4045,41,164,232.0,0.0,232.0,297,297,163.1219512195122,6,0,1000000,3000,4
556068,556068,2224272,4046,335,1340,1006.0,0.0,1006.0,1128,1128,659.8537313432836,23,0,1000000,3000,4
556112,556112,2224448,4047,44,176,227.0,0.0,227.0,291,291,164.36363636363637,6,0,1000000,3000,4
556156,556156,2224624,4048,44,176,223.0,0.0,223.0,288,288,165.02272727272728,6,0,1000000,3000,4
556203,556203,2224812,4049,47,188,218.0,0.0,218.0,283,283,164.80851063829786,6,0,1000000,3000,4
556382,556382,2225528,4050,179,716,632.0,0.0,632.0,722,722,478.6815642458101,15,0,1000000,3000,4
556512,556512,2226048,4051,130,520,594.0,0.0,594.0,678,678,374.53846153846155,14,0,1000000,3000,4
556693,556693,2226772,4052,181,724,1034.0,0.0,1034.0,1125,1125,561.5911602209944,23,0,1000000,3000,4
556742,556742,2226968,4053,49,196,221.0,0.0,221.0,286,286,155.0408163265306,6,0,1000000,3000,4
556839,556839,2227356,4054,97,388,618.0,0.0,618.0,694,694,388.29896907216494,14,0,1000000,3000,4
556884,556884,2227536,4055,45,180,229.0,0.0,229.0,294,294,152.13333333333333,6,0,1000000,3000,4
556921,556921,2227684,4056,37,148,240.0,0.0,240.0,304,304,156.7027027027027,7,0,1000000,3000,4
556964,556964,2227856,4057,43,172,231.0,0.0,231.0,297,297,155.27906976744185,6,0,1000000,3000,4
557179,557179,2228716,4058,215,860,1317.0,0.0,1317.0,1415,1415,719.9720930232559,29,0,1000000,3000,4
557344,557344,2229376,4059,165,660,721.0,0.0,721.0,810,810,455.3575757575758,17,0,1000000,3000,4
557386,557386,2229544,4060,42,168,229.0,0.0,229.0,293,293,158.42857142857142,6,0,1000000,3000,4
557437,557437,2229748,4061,51,204,229.0,0.0,229.0,296,296,136.90196078431373,6,0,1000000,3000,4
557482,557482,2229928,4062,45,180,224.0,0.0,224.0,289,289,158.86666666666667,6,0,1000000,3000,4
557853,557853,2231412,4063,371,1484,1288.0,0.0,1288.0,1418,1418,760.7816711590297,29,0,1000000,3000,4
557899,557899,2231596,4064,46,184,222.0,0.0,222.0,287,287,161.2608695652174,6,0,1000000,3000,4
557940,557940,2231760,4065,41,164,230.0,0.0,230.0,296,296,158.6341463414634,6,0,1000000,3000,4
557981,557981,2231924,4066,41,164,234.0,0.0,234.0,298,298,156.73170731707316,6,0,1000000,3000,4
558219,558219,2232876,4067,238,952,1394.0,0.0,1394.0,1497,1497,781.3613445378152,30,0,1000000,3000,4
558326,558326,2233304,4068,107,428,590.0,0.0,590.0,668,668,390.93457943925233,14,0,1000000,3000,4
558490,558490,2233960,4069,164,656,779.0,0.0,779.0,868,868,510.5731707317073,18,0,1000000,3000,4
558614,558614,2234456,4070,124,496,593.0,0.0,593.0,674,674,385.55645161290323,14,0,1000000,3000,4
558722,558722,2234888,4071,108,432,629.0,0.0,629.0,708,708,358.8888888888889,15,0,1000000,3000,4
558835,558835,2235340,4072,113,452,581.0,0.0,581.0,659,659,408.46017699115043,14,0,1000000,3000,4
558926,558926,2235704,4073,91,364,617.0,0.0,617.0,693,693,337.04395604395603,14,0,1000000,3000,4
559144,559144,2236576,4074,218,872,1037.0,0.0,1037.0,1137,1137,600.3669724770642,23,0,1000000,3000,4
559323,559323,2237292,4075,179,716,776.0,0.0,776.0,868,868,524.3575418994413,18,0,1000000,3000,4
559600,559600,2238400,4076,277,1108,1318.0,0.0,1318.0,1429,1429,713.8303249097473,29,0,1000000,3000,4
559641,559641,2238564,4077,41,164,230.0,0.0,230.0,295,295,162.90243902439025,6,0,1000000,3000,4
559750,559750,2239000,4078,109,436,621.0,0.0,621.0,699,699,373.6330275229358,14,0,1000000,3000,4
559869,559869,2239476,4079,119,476,586.0,0.0,586.0,666,666,384.4033613445378,14,0,1000000,3000,4
559925,559925,2239700,4080,56,224,208.0,0.0,208.0,276,276,151.33928571428572,6,0,1000000,3000,4
560157,560157,2240628,4081,232,928,1312.0,0.0,1312.0,1415,1415,712.7844827586207,29,0,1000000,3000,4
560252,560252,2241008,4082,95,380,635.0,0.0,635.0,711,711,347.9684210526316,15,0,1000000,3000,4
560358,560358,2241432,4083,106,424,611.0,0.0,611.0,689,689,371.311320754717,14,0,1000000,3000,4
560450,560450,2241800,4084,92,368,614.0,0.0,614.0,690,690,387.6521739130435,14,0,1000000,3000,4
560560,560560,2242240,4085,110,440,611.0,0.0,611.0,690,690,387.5090909090909,14,0,1000000,3000,4
560675,560675,2242700,4086,115,460,624.0,0.0,624.0,703,703,374.23478260869564,15,0,1000000,3000,4
560802,560802,2243208,4087,127,508,585.0,0.0,585.0,666,666,391.8267716535433,14,0,1000000,3000,4
560917,560917,2243668,4088,115,460,602.0,0.0,602.0,681,681,393.23478260869564,14,0,1000000,3000,4
561024,561024,2244096,4089,107,428,622.0,0.0,622.0,700,700,369.0093457943925,15,0,1000000,3000,4
561068,561068,2244272,4090,44,176,227.0,0.0,227.0,292,292,155.29545454545453,6,0,1000000,3000,4
561225,561225,2244900,4091,157,628,1037.0,0.0,1037.0,1124,1124,569.9490445859873,23,0,1000000,3000,4
561341,561341,2245364,4092,116,464,604.0,0.0,604.0,684,684,367.17241379310343,14,0,1000000,3000,4
561545,561545,2246180,4093,204,816,749.0,0.0,749.0,846,846,526.2352941176471,17,0,1000000,3000,4
561632,561632,2246528,4094,87,348,613.0,0.0,613.0,688,688,324.42528735632186,14,0,1000000,3000,4
561674,561674,2246696,4095,42,168,232.0,0.0,232.0,297,297,160.78571428571428,6,0,1000000,3000,4
561944,561944,2247776,4096,270,1080,1311.0,0.0,1311.0,1422,1422,741.2333333333333,29,0,1000000,3000,4
561985,561985,2247940,4097,41,164,232.0,0.0,232.0,297,297,161.17073170731706,6,0,1000000,3000,4
562125,562125,2248500,4098,140,560,752.0,0.0,752.0,836,836,498.47857142857146,17,0,1000000,3000,4
562284,562284,2249136,4099,159,636,761.0,0.0,761.0,849,849,491.45283018867923,17,0,1000000,3000,4
562387,562387,2249548,4100,103,412,635.0,0.0,635.0,711,711,350.86407766990294,15,0,1000000,3000,4
562677,562677,2250708,4101,290,1160,1297.0,0.0,1297.0,1410,1410,673.7931034482758,29,0,1000000,3000,4
562721,562721,2250884,4102,44,176,231.0,0.0,231.0,295,295,153.6818181818182,6,0,1000000,3000,4
562757,562757,2251028,4103,36,144,242.0,0.0,242.0,306,306,161.55555555555554,7,0,1000000,3000,4
562797,562797,2251188,4104,40,160,231.0,0.0,231.0,296,296,160.05,6,0,1000000,3000,4
562904,562904,2251616,4105,107,428,612.0,0.0,612.0,690,690,369.5420560747664,14,0,1000000,3000,4
562945,562945,2251780,4106,41,164,232.0,0.0,232.0,297,297,163.3170731707317,6,0,1000000,3000,4
562988,562988,2251952,4107,43,172,231.0,0.0,231.0,296,296,155.1860465116279,6,0,1000000,3000,4
563130,563130,2252520,4108,142,568,588.0,0.0,588.0,673,673,391.13380281690144,14,0,1000000,3000,4
563275,563275,2253100,4109,145,580,578.0,0.0,578.0,663,663,390.0344827586207,14,0,1000000,3000,4
563315,563315,2253260,4110,40,160,230.0,0.0,230.0,296,296,158.05,6,0,1000000,3000,4
563357,563357,2253428,4111,42,168,231.0,0.0,231.0,296,296,157.61904761904762,6,0,1000000,3000,4
563536,563536,2254144,4112,179,716,1046.0,0.0,1046.0,1137,1137,600.1787709497206,23,0,1000000,3000,4
563645,563645,2254580,4113,109,436,620.0,0.0,620.0,697,697,356.7522935779817,14,0,1000000,3000,4
563819,563819,2255276,4114,174,696,1047.0,0.0,1047.0,1138,1138,568.6264367816092,23,0,1000000,3000,4
563962,563962,2255848,4115,143,572,745.0,0.0,745.0,830,830,509.02797202797206,17,0,1000000,3000,4
564072,564072,2256288,4116,110,440,610.0,0.0,610.0,689,689,375.0272727272727,14,0,1000000,3000,4
564368,564368,2257472,4117,296,1184,1541.0,0.0,1541.0,1657,1657,811.402027027027,34,0,1000000,3000,4
564405,564405,2257620,4118,37,148,241.0,0.0,241.0,305,305,161.72972972972974,7,0,1000000,3000,4
564515,564515,2258060,4119,110,440,614.0,0.0,614.0,693,693,373.93636363636364,14,0,1000000,3000,4
564555,564555,2258220,4120,40,160,230.0,0.0,230.0,294,294,160.375,6,0,1000000,3000,4
564595,564595,2258380,4121,40,160,229.0,0.0,229.0,294,294,160.15,6,0,1000000,3000,4
564636,564636,2258544,4122,41,164,233.0,0.0,233.0,298,298,159.78048780487805,6,0,1000000,3000,4
564677,564677,2258708,4123,41,164,228.0,0.0,228.0,293,293,157.5121951219512,6,0,1000000,3000,4
564721,564721,2258884,4124,44,176,224.0,0.0,224.0,289,289,167.61363636363637,6,0,1000000,3000,4
564936,564936,2259744,4125,215,860,1039.0,0.0,1039.0,1138,1138,629.5813953488372,23,0,1000000,3000,4
564975,564975,2259900,4126,39,156,234.0,0.0,234.0,299,299,157.51282051282053,6,0,1000000,3000,4
565164,565164,2260656,4127,189,756,1032.0,0.0,1032.0,1124,1124,589.026455026455,23,0,1000000,3000,4
565265,565265,2261060,4128,101,404,625.0,0.0,625.0,701,701,364.94059405940595,15,0,1000000,3000,4
565386,565386,2261544,4129,121,484,602.0,0.0,602.0,682,682,387.3801652892562,14,0,1000000,3000,4
565582,565582,2262328,4130,196,784,1038.0,0.0,1038.0,1134,1134,581.045918367347,23,0,1000000,3000,4
565621,565621,2262484,4131,39,156,234.0,0.0,234.0,298,298,160.10256410256412,6,0,1000000,3000,4
565822,565822,2263288,4132,201,804,1033.0,0.0,1033.0,1129,1129,615.8557213930349,23,0,1000000,3000,4
565863,565863,2263452,4133,41,164,231.0,0.0,231.0,296,296,161.41463414634146,6,0,1000000,3000,4
565904,565904,2263616,4134,41,164,232.0,0.0,232.0,297,297,161.34146341463415,6,0,1000000,3000,4
566005,566005,2264020,4135,101,404,622.0,0.0,622.0,699,699,366.83168316831683,14,0,1000000,3000,4
566047,566047,2264188,4136,42,168,232.0,0.0,232.0,297,297,159.52380952380952,6,0,1000000,3000,4
566295,566295,2265180,4137,248,992,1410.0,0.0,1410.0,1517,1517,758.8387096774194,31,0,1000000,3000,4
566483,566483,2265932,4138,188,752,1341.0,0.0,1341.0,1436,1436,727.6170212765958,29,0,1000000,3000,4
566524,566524,2266096,4139,41,164,233.0,0.0,233.0,298,298,161.70731707317074,6,0,1000000,3000,4
566758,566758,2267032,4140,234,936,1035.0,0.0,1035.0,1138,1138,635.8504273504274,23,0,1000000,3000,4
567232,567232,2268928,4141,474,1896,2609.0,0.0,2609.0,2761,2761,1351.6223628691982,56,0,1000000,3000,4
567437,567437,2269748,4142,205,820,757.0,0.0,757.0,855,855,538.0585365853658,18,0,1000000,3000,4
567548,567548,2270192,4143,111,444,609.0,0.0,609.0,689,689,398.07207207207205,14,0,1000000,3000,4
567755,567755,2271020,4144,207,828,1029.0,0.0,1029.0,1126,1126,623.5458937198067,23,0,1000000,3000,4
567872,567872,2271488,4145,117,468,603.0,0.0,603.0,684,684,378.62393162393164,14,0,1000000,3000,4
568057,568057,2272228,4146,185,740,1036.0,0.0,1036.0,1129,1129,641.8054054054054,23,0,1000000,3000,4
568091,568091,2272364,4147,34,136,247.0,0.0,247.0,310,310,150.94117647058823,7,0,1000000,3000,4
568182,568182,2272728,4148,91,364,636.0,0.0,636.0,712,712,374.65934065934067,15,0,1000000,3000,4
568307,568307,2273228,4149,125,500,613.0,0.0,613.0,695,695,390.976,14,0,1000000,3000,4
568468,568468,2273872,4150,161,644,1038.0,0.0,1038.0,1126,1126,592.664596273292,23,0,1000000,3000,4
568631,568631,2274524,4151,163,652,811.0,0.0,811.0,898,898,568.0613496932515,18,0,1000000,3000,4
568669,568669,2274676,4152,38,152,230.0,0.0,230.0,294,294,167.71052631578948,6,0,1000000,3000,4
568891,568891,2275564,4153,222,888,1026.0,0.0,1026.0,1125,1125,570.563063063063,23,0,1000000,3000,4
569000,569000,2276000,4154,109,436,624.0,0.0,624.0,702,702,363.6697247706422,15,0,1000000,3000,4
569099,569099,2276396,4155,99,396,603.0,0.0,603.0,680,680,384.19191919191917,14,0,1000000,3000,4
569139,569139,2276556,4156,40,160,239.0,0.0,239.0,303,303,155.175,7,0,1000000,3000,4
569387,569387,2277548,4157,248,992,1305.0,0.0,1305.0,1411,1411,717.4233870967741,29,0,1000000,3000,4
569557,569557,2278228,4158,170,680,1320.0,0.0,1320.0,1410,1410,693.6823529411764,29,0,1000000,3000,4
569674,569674,2278696,4159,117,468,589.0,0.0,589.0,670,670,416.2649572649573,14,0,1000000,3000,4
569744,569744,2278976,4160,70,280,618.0,0.0,618.0,690,690,344.42857142857144,14,0,1000000,3000,4
569827,569827,2279308,4161,83,332,609.0,0.0,609.0,683,683,324.09638554216866,14,0,1000000,3000,4
569918,569918,2279672,4162,91,364,618.0,0.0,618.0,693,693,387.1758241758242,14,0,1000000,3000,4
569959,569959,2279836,4163,41,164,228.0,0.0,228.0,293,293,164.3170731707317,6,0,1000000,3000,4
569987,569987,2279948,4164,28,112,249.0,0.0,249.0,312,312,156.82142857142858,7,0,1000000,3000,4
570019,570019,2280076,4165,32,128,244.0,0.0,244.0,307,307,163.0625,7,0,1000000,3000,4
570049,570049,2280196,4166,30,120,249.0,0.0,249.0,313,313,152.83333333333334,7,0,1000000,3000,4
570085,570085,2280340,4167,36,144,233.0,0.0,233.0,298,298,157.38888888888889,6,0,1000000,3000,4
570238,570238,2280952,4168,153,612,637.0,0.0,637.0,722,722,480.5424836601307,15,0,1000000,3000,4
570274,570274,2281096,4169,36,144,239.0,0.0,239.0,304,304,155.83333333333334,7,0,1000000,3000,4
570347,570347,2281388,4170,73,292,610.0,0.0,610.0,681,681,353.67123287671234,14,0,1000000,3000,4
570501,570501,2282004,4171,154,616,594.0,0.0,594.0,680,680,455.05194805194805,14,0,1000000,3000,4
570532,570532,2282128,4172,31,124,246.0,0.0,246.0,310,310,162.93548387096774,7,0,1000000,3000,4
570563,570563,2282252,4173,31,124,250.0,0.0,250.0,314,314,149.3548387096774,7,0,1000000,3000,4
570667,570667,2282668,4174,104,416,628.0,0.0,628.0,705,705,363.90384615384613,15,0,1000000,3000,4
570759,570759,2283036,4175,92,368,636.0,0.0,636.0,712,712,374.07608695652175,15,0,1000000,3000,4
570862,570862,2283448,4176,103,412,622.0,0.0,622.0,700,700,383.5533980582524,15,0,1000000,3000,4
570893,570893,2283572,4177,31,124,250.0,0.0,250.0,313,313,154.93548387096774,7,0,1000000,3000,4
570927,570927,2283708,4178,34,136,248.0,0.0,248.0,312,312,149.1764705882353,7,0,1000000,3000,4
571008,571008,2284032,4179,81,324,628.0,0.0,628.0,702,702,386.98765432098764,15,0,1000000,3000,4
571105,571105,2284420,4180,97,388,622.0,0.0,622.0,698,698,382.6701030927835,14,0,1000000,3000,4
571183,571183,2284732,4181,78,312,609.0,0.0,609.0,682,682,325.61538461538464,14,0,1000000,3000,4
571217,571217,2284868,4182,34,136,239.0,0.0,239.0,303,303,153.05882352941177,7,0,1000000,3000,4
571253,571253,2285012,4183,36,144,235.0,0.0,235.0,299,299,170.22222222222223,6,0,1000000,3000,4
571322,571322,2285288,4184,69,276,605.0,0.0,605.0,676,676,319.2608695652174,14,0,1000000,3000,4
571351,571351,2285404,4185,29,116,245.0,0.0,245.0,308,308,155.24137931034483,7,0,1000000,3000,4
571437,571437,2285748,4186,86,344,633.0,0.0,633.0,708,708,361.8488372093023,15,0,1000000,3000,4
571519,571519,2286076,4187,82,328,637.0,0.0,637.0,710,710,374.1707317073171,15,0,1000000,3000,4
571717,571717,2286868,4188,198,792,1340.0,0.0,1340.0,1437,1437,745.479797979798,29,0,1000000,3000,4
571755,571755,2287020,4189,38,152,237.0,0.0,237.0,302,302,163.92105263157896,7,0,1000000,3000,4
571902,571902,2287608,4190,147,588,782.0,0.0,782.0,868,868,539.7006802721088,18,0,1000000,3000,4
571936,571936,2287744,4191,34,136,246.0,0.0,246.0,310,310,148.6764705882353,7,0,1000000,3000,4
572107,572107,2288428,4192,171,684,1058.0,0.0,1058.0,1150,1150,575.5438596491229,24,0,1000000,3000,4
572330,572330,2289320,4193,223,892,1426.0,0.0,1426.0,1528,1528,725.5650224215246,31,0,1000000,3000,4
572513,572513,2290052,4194,183,732,1323.0,0.0,1323.0,1415,1415,692.0655737704918,29,0,1000000,3000,4
572543,572543,2290172,4195,30,120,250.0,0.0,250.0,313,313,156.16666666666666,7,0,1000000,3000,4
572625,572625,2290500,4196,82,328,631.0,0.0,631.0,705,705,371.7439024390244,15,0,1000000,3000,4
572777,572777,2291108,4197,152,608,1329.0,0.0,1329.0,1415,1415,718.4736842105264,29,0,1000000,3000,4
572807,572807,2291228,4198,30,120,251.0,0.0,251.0,314,314,158.4,7,0,1000000,3000,4
572938,572938,2291752,4199,131,524,1048.0,0.0,1048.0,1131,1131,569.4274809160305,23,0,1000000,3000,4
573023,573023,2292092,4200,85,340,608.0,0.0,608.0,682,682,417.3529411764706,14,0,1000000,3000,4
573052,573052,2292208,4201,29,116,249.0,0.0,249.0,312,312,152.55172413793105,7,0,1000000,3000,4
573291,573291,2293164,4202,239,956,1421.0,0.0,1421.0,1526,1526,750.979079497908,31,0,1000000,3000,4
573383,573383,2293532,4203,92,368,615.0,0.0,615.0,690,690,400.2391304347826,14,0,1000000,3000,4
573529,573529,2294116,4204,146,584,1346.0,0.0,1346.0,1433,1433,680.6712328767123,29,0,1000000,3000,4
573665,573665,2294660,4205,136,544,640.0,0.0,640.0,722,723,510.04411764705884,15,0,1000000,3000,4
573695,573695,2294780,4206,30,120,250.0,0.0,250.0,314,314,153.26666666666668,7,0,1000000,3000,4
573734,573734,2294936,4207,39,156,234.0,0.0,234.0,298,298,165.92307692307693,6,0,1000000,3000,4
573959,573959,2295836,4208,225,900,1569.0,0.0,1569.0,1671,1671,844.2622222222222,34,0,1000000,3000,4
574052,574052,2296208,4209,93,372,627.0,0.0,627.0,702,702,374.3333333333333,15,0,1000000,3000,4
574085,574085,2296340,4210,33,132,239.0,0.0,239.0,303,303,161.6969696969697,7,0,1000000,3000,4
574426,574426,2297704,4211,341,1364,1661.0,0.0,1661.0,1784,1784,840.9853372434018,36,0,1000000,3000,4
574536,574536,2298144,4212,110,440,610.0,0.0,610.0,688,688,392.6818181818182,14,0,1000000,3000,4
574570,574570,2298280,4213,34,136,248.0,0.0,248.0,311,311,148.8235294117647,7,0,1000000,3000,4
574743,574743,2298972,4214,173,692,1336.0,0.0,1336.0,1428,1428,738.1676300578034,29,0,1000000,3000,4
574833,574833,2299332,4215,90,360,627.0,0.0,627.0,701,701,384.96666666666664,15,0,1000000,3000,4
574868,574868,2299472,4216,35,140,241.0,0.0,241.0,303,303,163.05714285714285,7,0,1000000,3000,4
575017,575017,2300068,4217,149,596,1350.0,0.0,1350.0,1437,1437,686.6040268456376,29,0,1000000,3000,4
575106,575106,2300424,4218,89,356,615.0,0.0,615.0,690,690,411.19101123595505,14,0,1000000,3000,4
575136,575136,2300544,4219,30,120,251.0,0.0,251.0,315,315,153.66666666666666,7,0,1000000,3000,4
575172,575172,2300688,4220,36,144,241.0,0.0,241.0,306,306,163.77777777777777,7,0,1000000,3000,4
575263,575263,2301052,4221,91,364,630.0,0.0,630.0,706,706,399.5054945054945,15,0,1000000,3000,4
575334,575334,2301336,4222,71,284,607.0,0.0,607.0,679,679,345.46478873239437,14,0,1000000,3000,4
575429,575429,2301716,4223,95,380,626.0,0.0,626.0,701,701,386.82105263157894,15,0,1000000,3000,4
575460,575460,2301840,4224,31,124,250.0,0.0,250.0,314,314,155.0,7,0,1000000,3000,4
575490,575490,2301960,4225,30,120,250.0,0.0,250.0,314,314,150.5,7,0,1000000,3000,4
575565,575565,2302260,4226,75,300,603.0,0.0,603.0,675,675,323.29333333333335,14,0,1000000,3000,4
575772,575772,2303088,4227,207,828,1032.0,0.0,1032.0,1129,1129,639.5797101449275,23,0,1000000,3000,4
575920,575920,2303680,4228,148,592,782.0,0.0,782.0,869,869,536.6283783783783,18,0,1000000,3000,4
576016,576016,2304064,4229,96,384,622.0,0.0,622.0,699,699,391.8854166666667,14,0,1000000,3000,4
576164,576164,2304656,4230,148,592,1040.0,0.0,1040.0,1125,1125,614.6756756756756,23,0,1000000,3000,4
576400,576400,2305600,4231,236,944,1128.0,0.0,1128.0,1232,1232,684.1313559322034,25,0,1000000,3000,4
576582,576582,2306328,4232,182,728,1140.0,0.0,1140.0,1234,1234,647.7747252747253,25,0,1000000,3000,4
576615,576615,2306460,4233,33,132,247.0,0.0,247.0,311,311,148.21212121212122,7,0,1000000,3000,4
576857,576857,2307428,4234,242,968,1023.0,0.0,1023.0,1127,1127,666.7644628099174,23,0,1000000,3000,4
576894,576894,2307576,4235,37,148,237.0,0.0,237.0,302,302,152.27027027027026,7,0,1000000,3000,4
576988,576988,2307952,4236,94,376,638.0,0.0,638.0,714,714,366.98936170212767,15,0,1000000,3000,4
577074,577074,2308296,4237,86,344,626.0,0.0,626.0,701,701,358.1860465116279,15,0,1000000,3000,4
577200,577200,2308800,4238,126,504,1048.0,0.0,1048.0,1129,1129,589.984126984127,23,0,1000000,3000,4
577293,577293,2309172,4239,93,372,596.0,0.0,596.0,671,671,408.83870967741933,14,0,1000000,3000,4
577381,577381,2309524,4240,88,352,604.0,0.0,604.0,679,679,418.07954545454544,14,0,1000000,3000,4
577417,577417,2309668,4241,36,144,245.0,0.0,245.0,309,309,159.16666666666666,7,0,1000000,3000,4
577453,577453,2309812,4242,36,144,244.0,0.0,244.0,308,308,161.41666666666666,7,0,1000000,3000,4
577483,577483,2309932,4243,30,120,243.0,0.0,243.0,307,307,158.46666666666667,7,0,1000000,3000,4
577587,577587,2310348,4244,104,416,615.0,0.0,615.0,692,692,374.02884615384613,14,0,1000000,3000,4
577873,577873,2311492,4245,286,1144,1016.0,0.0,1016.0,1130,1130,705.9195804195804,23,0,1000000,3000,4
578096,578096,2312384,4246,223,892,1330.0,0.0,1330.0,1432,1432,696.8923766816143,29,0,1000000,3000,4
578132,578132,2312528,4247,36,144,240.0,0.0,240.0,304,304,159.75,7,0,1000000,3000,4
578166,578166,2312664,4248,34,136,244.0,0.0,244.0,307,307,148.0,7,0,1000000,3000,4
578394,578394,2313576,4249,228,912,1026.0,0.0,1026.0,1127,1127,604.6271929824561,23,0,1000000,3000,4
578513,578513,2314052,4250,119,476,590.0,0.0,590.0,669,669,380.6806722689076,14,0,1000000,3000,4
578606,578606,2314424,4251,93,372,610.0,0.0,610.0,685,685,387.7956989247312,14,0,1000000,3000,4
578649,578649,2314596,4252,43,172,228.0,0.0,228.0,292,292,155.48837209302326,6,0,1000000,3000,4
578881,578881,2315524,4253,232,928,1035.0,0.0,1035.0,1138,1138,616.0043103448276,23,0,1000000,3000,4
578981,578981,2315924,4254,100,400,621.0,0.0,621.0,697,697,351.79,14,0,1000000,3000,4
579228,579228,2316912,4255,247,988,1565.0,0.0,1565.0,1672,1672,785.9595141700405,34,0,1000000,3000,4
579347,579347,2317388,4256,119,476,620.0,0.0,620.0,700,700,369.1512605042017,15,0,1000000,3000,4
579378,579378,2317512,4257,31,124,248.0,0.0,248.0,312,312,148.70967741935485,7,0,1000000,3000,4
579558,579558,2318232,4258,180,720,807.0,0.0,807.0,897,899,542.9666666666667,18,0,1000000,3000,4
579809,579809,2319236,4259,251,1004,1694.0,0.0,1694.0,1802,1802,794.7768924302788,37,0,1000000,3000,4
579936,579936,2319744,4260,127,508,578.0,0.0,578.0,660,660,391.37007874015745,14,0,1000000,3000,4
580099,580099,2320396,4261,163,652,1042.0,0.0,1042.0,1130,1130,625.4233128834355,23,0,1000000,3000,4
580214,580214,2320856,4262,115,460,607.0,0.0,607.0,686,686,383.25217391304346,14,0,1000000,3000,4
580477,580477,2321908,4263,263,1052,1302.0,0.0,1302.0,1411,1411,673.4182509505704,29,0,1000000,3000,4
580579,580579,2322316,4264,102,408,624.0,0.0,624.0,701,701,344.11764705882354,15,0,1000000,3000,4
580631,580631,2322524,4265,52,208,232.0,0.0,232.0,299,299,130.67307692307693,6,0,1000000,3000,4
580665,580665,2322660,4266,34,136,249.0,0.0,249.0,313,313,141.2058823529412,7,0,1000000,3000,4
581252,581252,2325008,4267,587,2348,640.0,0.0,640.0,813,813,643.4480408858603,17,0,1000000,3000,4
581423,581423,2325692,4268,171,684,778.0,0.0,778.0,869,869,531.7953216374269,18,0,1000000,3000,4
581460,581460,2325840,4269,37,148,235.0,0.0,235.0,299,299,167.9189189189189,6,0,1000000,3000,4
581524,581524,2326096,4270,64,256,206.0,0.0,206.0,273,273,143.953125,6,0,1000000,3000,4
581577,581577,2326308,4271,53,212,243.0,0.0,243.0,310,310,115.60377358490567,7,0,1000000,3000,4
582085,582085,2328340,4272,508,2032,1255.0,0.0,1255.0,1411,1411,698.1476377952756,29,0,1000000,3000,4
582692,582692,2330768,4273,607,2428,722.0,0.0,722.0,898,899,690.5634266886326,18,0,1000000,3000,4
582937,582937,2331748,4274,245,980,719.0,0.0,719.0,825,825,573.4408163265306,17,0,1000000,3000,4
583095,583095,2332380,4275,158,632,812.0,0.0,812.0,898,898,549.5569620253165,18,0,1000000,3000,4
583570,583570,2334280,4276,475,1900,1363.0,0.0,1363.0,1515,1515,789.5178947368421,31,0,1000000,3000,4
583693,583693,2334772,4277,123,492,610.0,0.0,610.0,691,691,360.2032520325203,14,0,1000000,3000,4
583818,583818,2335272,4278,125,500,600.0,0.0,600.0,681,681,364.528,14,0,1000000,3000,4
584014,584014,2336056,4279,196,784,1029.0,0.0,1029.0,1124,1124,567.2397959183673,23,0,1000000,3000,4
584048,584048,2336192,4280,34,136,251.0,0.0,251.0,315,315,148.44117647058823,7,0,1000000,3000,4
584198,584198,2336792,4281,150,600,789.0,0.0,789.0,876,876,525.7,18,0,1000000,3000,4
584306,584306,2337224,4282,108,432,588.0,0.0,588.0,666,666,401.4166666666667,14,0,1000000,3000,4
584539,584539,2338156,4283,233,932,689.0,0.0,689.0,792,792,550.4206008583691,16,0,1000000,3000,4
584821,584821,2339284,4284,282,1128,787.0,0.0,787.0,898,898,646.8262411347517,18,0,1000000,3000,4
584984,584984,2339936,4285,163,652,635.0,0.0,635.0,722,723,463.1226993865031,15,0,1000000,3000,4
585298,585298,2341192,4286,314,1256,1007.0,0.0,1007.0,1124,1124,674.0095541401274,23,0,1000000,3000,4
585395,585395,2341580,4287,97,388,624.0,0.0,624.0,700,700,394.7628865979381,15,0,1000000,3000,4
585566,585566,2342264,4288,171,684,809.0,0.0,809.0,898,898,579.280701754386,18,0,1000000,3000,4
585650,585650,2342600,4289,84,336,624.0,0.0,624.0,698,698,368.5,14,0,1000000,3000,4
585862,585862,2343448,4290,212,848,1143.0,0.0,1143.0,1243,1243,619.4575471698113,25,0,1000000,3000,4
586131,586131,2344524,4291,269,1076,1405.0,0.0,1405.0,1515,1515,779.817843866171,31,0,1000000,3000,4
586258,586258,2345032,4292,127,508,1047.0,0.0,1047.0,1128,1128,610.9685039370079,23,0,1000000,3000,4
586357,586357,2345428,4293,99,396,602.0,0.0,602.0,678,678,401.4646464646465,14,0,1000000,3000,4
586629,586629,2346516,4294,272,1088,1134.0,0.0,1134.0,1246,1246,664.9595588235294,25,0,1000000,3000,4
586659,586659,2346636,4295,30,120,249.0,0.0,249.0,313,313,153.23333333333332,7,0,1000000,3000,4
587076,587076,2348304,4296,417,1668,1293.0,0.0,1293.0,1434,1434,808.7482014388489,29,0,1000000,3000,4
587121,587121,2348484,4297,45,180,227.0,0.0,227.0,292,292,161.24444444444444,6,0,1000000,3000,4
587150,587150,2348600,4298,29,116,248.0,0.0,248.0,311,311,157.44827586206895,7,0,1000000,3000,4
587327,587327,2349308,4299,177,708,1036.0,0.0,1036.0,1127,1127,637.0282485875706,23,0,1000000,3000,4
587357,587357,2349428,4300,30,120,249.0,0.0,249.0,313,313,150.73333333333332,7,0,1000000,3000,4
587451,587451,2349804,4301,94,376,648.0,0.0,648.0,721,722,342.2659574468085,15,0,1000000,3000,4
587552,587552,2350208,4302,101,404,605.0,0.0,605.0,683,683,400.08910891089107,14,0,1000000,3000,4
587594,587594,2350376,4303,42,168,239.0,0.0,239.0,305,305,144.6904761904762,7,0,1000000,3000,4
587630,587630,2350520,4304,36,144,232.0,0.0,232.0,296,296,166.75,6,0,1000000,3000,4
587771,587771,2351084,4305,141,564,639.0,0.0,639.0,722,722,516.2056737588653,15,0,1000000,3000,4
587801,587801,2351204,4306,30,120,247.0,0.0,247.0,310,310,155.66666666666666,7,0,1000000,3000,4
587946,587946,2351784,4307,145,580,1346.0,0.0,1346.0,1433,1433,730.1448275862069,29,0,1000000,3000,4
588034,588034,2352136,4308,88,352,623.0,0.0,623.0,696,696,400.8068181818182,14,0,1000000,3000,4
588066,588066,2352264,4309,32,128,247.0,0.0,247.0,310,310,155.90625,7,0,1000000,3000,4
588103,588103,2352412,4310,37,148,227.0,0.0,227.0,292,292,164.43243243243242,6,0,1000000,3000,4
588204,588204,2352816,4311,101,404,609.0,0.0,609.0,686,686,399.65346534653463,14,0,1000000,3000,4
588365,588365,2353460,4312,161,644,811.0,0.0,811.0,898,899,600.4844720496894,18,0,1000000,3000,4
588580,588580,2354320,4313,215,860,1421.0,0.0,1421.0,1522,1522,697.4279069767442,31,0,1000000,3000,4
588660,588660,2354640,4314,80,320,625.0,0.0,625.0,698,698,395.6,14,0,1000000,3000,4
588698,588698,2354792,4315,38,152,238.0,0.0,238.0,302,302,161.57894736842104,7,0,1000000,3000,4
588928,588928,2355712,4316,230,920,1025.0,0.0,1025.0,1125,1125,658.7739130434783,23,0,1000000,3000,4
589201,589201,2356804,4317,273,1092,1314.0,0.0,1314.0,1426,1426,729.4908424908425,29,0,1000000,3000,4
589368,589368,2357472,4318,167,668,618.0,0.0,618.0,708,708,449.01197604790417,15,0,1000000,3000,4
589551,589551,2358204,4319,183,732,1323.0,0.0,1323.0,1415,1415,731.327868852459,29,0,1000000,3000,4
589582,589582,2358328,4320,31,124,248.0,0.0,248.0,312,312,157.93548387096774,7,0,1000000,3000,4
589759,589759,2359036,4321,177,708,1032.0,0.0,1032.0,1122,1122,585.7909604519774,23,0,1000000,3000,4
589801,589801,2359204,4322,42,168,233.0,0.0,233.0,299,299,151.85714285714286,6,0,1000000,3000,4
589993,589993,2359972,4323,192,768,1031.0,0.0,1031.0,1124,1124,597.9479166666666,23,0,1000000,3000,4
590028,590028,2360112,4324,35,140,248.0,0.0,248.0,313,313,147.25714285714287,7,0,1000000,3000,4
590176,590176,2360704,4325,148,592,1046.0,0.0,1046.0,1132,1132,577.277027027027,23,0,1000000,3000,4
590354,590354,2361416,4326,178,712,1036.0,0.0,1036.0,1126,1126,532.4831460674158,23,0,1000000,3000,4
590561,590561,2362244,4327,207,828,1336.0,0.0,1336.0,1435,1435,722.4251207729469,29,0,1000000,3000,4
590641,590641,2362564,4328,80,320,614.0,0.0,614.0,687,687,322.05,14,0,1000000,3000,4
590676,590676,2362704,4329,35,140,237.0,0.0,237.0,300,300,159.25714285714287,7,0,1000000,3000,4
590909,590909,2363636,4330,233,932,1309.0,0.0,1309.0,1412,1412,706.1974248927039,29,0,1000000,3000,4
591155,591155,2364620,4331,246,984,1301.0,0.0,1301.0,1407,1407,733.8373983739838,29,0,1000000,3000,4
591353,591353,2365412,4332,198,792,1317.0,0.0,1317.0,1412,1412,755.3838383838383,29,0,1000000,3000,4
591394,591394,2365576,4333,41,164,236.0,0.0,236.0,301,301,153.0731707317073,7,0,1000000,3000,4
591614,591614,2366456,4334,220,880,1023.0,0.0,1023.0,1122,1122,665.5772727272728,23,0,1000000,3000,4
591654,591654,2366616,4335,40,160,242.0,0.0,242.0,308,308,139.25,7,0,1000000,3000,4
591700,591700,2366800,4336,46,184,235.0,0.0,235.0,302,302,140.32608695652175,7,0,1000000,3000,4
591752,591752,2367008,4337,52,208,202.0,0.0,202.0,268,268,172.1153846153846,6,0,1000000,3000,4
592018,592018,2368072,4338,266,1064,1686.0,0.0,1686.0,1797,1797,877.8496240601504,36,0,1000000,3000,4
592111,592111,2368444,4339,93,372,631.0,0.0,631.0,707,707,371.0,15,0,1000000,3000,4
592365,592365,2369460,4340,254,1016,1550.0,0.0,1550.0,1658,1658,837.6653543307086,34,0,1000000,3000,4
592481,592481,2369924,4341,116,464,592.0,0.0,592.0,673,673,380.7155172413793,14,0,1000000,3000,4
592731,592731,2370924,4342,250,1000,794.0,0.0,794.0,898,898,620.436,18,0,1000000,3000,4
592896,592896,2371584,4343,165,660,769.0,0.0,769.0,859,859,524.6242424242424,18,0,1000000,3000,4
593009,593009,2372036,4344,113,452,645.0,0.0,645.0,722,725,337.85840707964604,15,0,1000000,3000,4
593058,593058,2372232,4345,49,196,216.0,0.0,216.0,281,281,162.0612244897959,6,0,1000000,3000,4
593093,593093,2372372,4346,35,140,238.0,0.0,238.0,303,303,159.0,7,0,1000000,3000,4
593226,593226,2372904,4347,133,532,586.0,0.0,586.0,669,669,366.45864661654133,14,0,1000000,3000,4
593513,593513,2374052,4348,287,1148,1022.0,0.0,1022.0,1136,1136,611.1393728222996,23,0,1000000,3000,4
593702,593702,2374808,4349,189,756,764.0,0.0,764.0,857,857,468.1957671957672,18,0,1000000,3000,4
593931,593931,2375724,4350,229,916,1310.0,0.0,1310.0,1411,1411,716.7336244541485,29,0,1000000,3000,4
594111,594111,2376444,4351,180,720,1055.0,0.0,1055.0,1148,1148,610.1722222222222,23,0,1000000,3000,4
594248,594248,2376992,4352,137,548,600.0,0.0,600.0,684,684,355.35766423357666,14,0,1000000,3000,4
594472,594472,2377888,4353,224,896,1315.0,0.0,1315.0,1416,1416,696.3794642857143,29,0,1000000,3000,4
594773,594773,2379092,4354,301,1204,1014.0,0.0,1014.0,1130,1130,648.7774086378738,23,0,1000000,3000,4
594806,594806,2379224,4355,33,132,246.0,0.0,246.0,310,310,148.36363636363637,7,0,1000000,3000,4
594943,594943,2379772,4356,137,548,581.0,0.0,581.0,664,664,382.82481751824815,14,0,1000000,3000,4
595143,595143,2380572,4357,200,800,1331.0,0.0,1331.0,1428,1428,688.915,29,0,1000000,3000,4
595267,595267,2381068,4358,124,496,580.0,0.0,580.0,661,661,373.2903225806452,14,0,1000000,3000,4
595609,595609,2382436,4359,342,1368,1282.0,0.0,1282.0,1407,1407,657.9824561403509,29,0,1000000,3000,4
595843,595843,2383372,4360,234,936,1034.0,0.0,1034.0,1137,1137,622.482905982906,23,0,1000000,3000,4
596132,596132,2384528,4361,289,1156,1297.0,0.0,1297.0,1411,1411,697.0588235294117,29,0,1000000,3000,4
596253,596253,2385012,4362,121,484,588.0,0.0,588.0,669,669,363.0413223140496,14,0,1000000,3000,4
596366,596366,2385464,4363,113,452,623.0,0.0,623.0,702,702,359.1946902654867,15,0,1000000,3000,4
596513,596513,2386052,4364,147,588,597.0,0.0,597.0,684,684,433.9795918367347,14,0,1000000,3000,4
596636,596636,2386544,4365,123,492,623.0,0.0,623.0,704,704,337.3983739837398,15,0,1000000,3000,4
596881,596881,2387524,4366,245,980,1033.0,0.0,1033.0,1137,1137,724.4734693877551,23,0,1000000,3000,4
597044,597044,2388176,4367,163,652,635.0,0.0,635.0,722,722,488.26993865030676,15,0,1000000,3000,4
597098,597098,2388392,4368,54,216,213.0,0.0,213.0,279,279,152.46296296296296,6,0,1000000,3000,4
597244,597244,2388976,4369,146,584,747.0,0.0,747.0,833,833,463.2054794520548,17,0,1000000,3000,4
597477,597477,2389908,4370,233,932,1313.0,0.0,1313.0,1414,1414,694.4978540772532,29,0,1000000,3000,4
597743,597743,2390972,4371,266,1064,689.0,0.0,689.0,799,799,521.0563909774436,16,0,1000000,3000,4
597785,597785,2391140,4372,42,168,232.0,0.0,232.0,297,297,157.78571428571428,6,0,1000000,3000,4
597834,597834,2391336,4373,49,196,212.0,0.0,212.0,278,278,168.20408163265307,6,0,1000000,3000,4
598060,598060,2392240,4374,226,904,1306.0,0.0,1306.0,1408,1408,703.8008849557522,29,0,1000000,3000,4
598106,598106,2392424,4375,46,184,218.0,0.0,218.0,285,285,164.08695652173913,6,0,1000000,3000,4
598157,598157,2392628,4376,51,204,216.0,0.0,216.0,283,283,156.4313725490196,6,0,1000000,3000,4
598607,598607,2394428,4377,450,1800,2326.0,0.0,2326.0,2472,2472,1211.6622222222222,50,0,1000000,3000,4
598756,598756,2395024,4378,149,596,738.0,0.0,738.0,825,825,481.7315436241611,17,0,1000000,3000,4
598790,598790,2395160,4379,34,136,239.0,0.0,239.0,303,303,155.0,7,0,1000000,3000,4
598895,598895,2395580,4380,105,420,603.0,0.0,603.0,680,680,373.85714285714283,14,0,1000000,3000,4
598998,598998,2395992,4381,103,412,627.0,0.0,627.0,704,704,371.2621359223301,15,0,1000000,3000,4
599095,599095,2396380,4382,97,388,623.0,0.0,623.0,700,700,372.3814432989691,15,0,1000000,3000,4
599356,599356,2397424,4383,261,1044,1322.0,0.0,1322.0,1432,1432,701.6130268199233,29,0,1000000,3000,4
599385,599385,2397540,4384,29,116,250.0,0.0,250.0,313,313,159.0,7,0,1000000,3000,4
599464,599464,2397856,4385,79,316,634.0,0.0,634.0,707,707,385.1012658227848,15,0,1000000,3000,4
599530,599530,2398120,4386,66,264,610.0,0.0,610.0,681,681,338.24242424242425,14,0,1000000,3000,4
599570,599570,2398280,4387,40,160,234.0,0.0,234.0,300,300,154.3,7,0,1000000,3000,4
599863,599863,2399452,4388,293,1172,1398.0,0.0,1398.0,1513,1513,744.5392491467577,31,0,1000000,3000,4
600167,600167,2400668,4389,304,1216,1892.0,0.0,1892.0,2009,2009,969.0822368421053,41,0,1000000,3000,4
600305,600305,2401220,4390,138,552,1047.0,0.0,1047.0,1130,1130,580.9420289855072,23,0,1000000,3000,4
600740,600740,2402960,4391,435,1740,1867.0,0.0,1867.0,2011,2011,939.4942528735633,41,0,1000000,3000,4
600838,600838,2403352,4392,98,392,621.0,0.0,621.0,697,697,377.07142857142856,14,0,1000000,3000,4
600923,600923,2403692,4393,85,340,629.0,0.0,629.0,703,703,353.4235294117647,15,0,1000000,3000,4
600967,600967,2403868,4394,44,176,221.0,0.0,221.0,286,286,167.63636363636363,6,0,1000000,3000,4
601118,601118,2404472,4395,151,604,637.0,0.0,637.0,722,722,466.6225165562914,15,0,1000000,3000,4
601192,601192,2404768,4396,74,296,609.0,0.0,609.0,679,679,308.8918918918919,14,0,1000000,3000,4
601433,601433,2405732,4397,241,964,1415.0,0.0,1415.0,1519,1519,737.9958506224067,31,0,1000000,3000,4
601540,601540,2406160,4398,107,428,635.0,0.0,635.0,714,714,371.7102803738318,15,0,1000000,3000,4
601580,601580,2406320,4399,40,160,236.0,0.0,236.0,301,301,158.525,7,0,1000000,3000,4
601728,601728,2406912,4400,148,592,776.0,0.0,776.0,862,862,484.9189189189189,18,0,1000000,3000,4
601814,601814,2407256,4401,86,344,622.0,0.0,622.0,697,697,392.1511627906977,14,0,1000000,3000,4
601914,601914,2407656,4402,100,400,614.0,0.0,614.0,692,692,384.06,14,0,1000000,3000,4
602090,602090,2408360,4403,176,704,632.0,0.0,632.0,722,722,463.51704545454544,15,0,1000000,3000,4
602139,602139,2408556,4404,49,196,213.0,0.0,213.0,279,279,163.30612244897958,6,0,1000000,3000,4
602365,602365,2409460,4405,226,904,1141.0,0.0,1141.0,1244,1244,633.8451327433628,25,0,1000000,3000,4
602449,602449,2409796,4406,84,336,619.0,0.0,619.0,693,693,332.64285714285717,14,0,1000000,3000,4
602486,602486,2409944,4407,37,148,232.0,0.0,232.0,297,297,158.32432432432432,6,0,1000000,3000,4
602661,602661,2410644,4408,175,700,1345.0,0.0,1345.0,1437,1437,688.8514285714285,29,0,1000000,3000,4
602852,602852,2411408,4409,191,764,753.0,0.0,753.0,848,848,537.0575916230366,17,0,1000000,3000,4
602955,602955,2411820,4410,103,412,616.0,0.0,616.0,694,694,373.63106796116506,14,0,1000000,3000,4
603118,603118,2412472,4411,163,652,1048.0,0.0,1048.0,1137,1137,587.036809815951,23,0,1000000,3000,4
603290,603290,2413160,4412,172,688,1038.0,0.0,1038.0,1128,1128,569.6569767441861,23,0,1000000,3000,4
603323,603323,2413292,4413,33,132,243.0,0.0,243.0,305,305,164.0909090909091,7,0,1000000,3000,4
603359,603359,2413436,4414,36,144,246.0,0.0,246.0,311,311,139.0,7,0,1000000,3000,4
603450,603450,2413800,4415,91,364,610.0,0.0,610.0,686,686,334.7362637362637,14,0,1000000,3000,4
603549,603549,2414196,4416,99,396,611.0,0.0,611.0,686,686,404.050505050505,14,0,1000000,3000,4
603580,603580,2414320,4417,31,124,246.0,0.0,246.0,310,310,155.96774193548387,7,0,1000000,3000,4
603614,603614,2414456,4418,34,136,235.0,0.0,235.0,299,299,163.5,6,0,1000000,3000,4
603651,603651,2414604,4419,37,148,238.0,0.0,238.0,303,303,152.32432432432432,7,0,1000000,3000,4
603691,603691,2414764,4420,40,160,241.0,0.0,241.0,306,306,153.625,7,0,1000000,3000,4
603727,603727,2414908,4421,36,144,232.0,0.0,232.0,297,297,169.30555555555554,6,0,1000000,3000,4
603811,603811,2415244,4422,84,336,651.0,0.0,651.0,722,722,379.3690476190476,15,0,1000000,3000,4
603843,603843,2415372,4423,32,128,250.0,0.0,250.0,314,314,155.1875,7,0,1000000,3000,4
604029,604029,2416116,4424,186,744,1323.0,0.0,1323.0,1417,1417,702.5645161290323,29,0,1000000,3000,4
604183,604183,2416732,4425,154,616,626.0,0.0,626.0,713,713,466.74675324675326,15,0,1000000,3000,4
604222,604222,2416888,4426,39,156,236.0,0.0,236.0,301,301,158.53846153846155,7,0,1000000,3000,4
604422,604422,2417688,4427,200,800,1032.0,0.0,1032.0,1128,1128,587.79,23,0,1000000,3000,4
604456,604456,2417824,4428,34,136,243.0,0.0,243.0,306,306,160.76470588235293,7,0,1000000,3000,4
604670,604670,2418680,4429,214,856,1415.0,0.0,1415.0,1514,1514,714.2757009345794,31,0,1000000,3000,4
604889,604889,2419556,4430,219,876,1308.0,0.0,1308.0,1407,1407,721.8812785388128,29,0,1000000,3000,4
605053,605053,2420212,4431,164,656,605.0,0.0,605.0,694,694,466.4268292682927,14,0,1000000,3000,4
605132,605132,2420528,4432,79,316,640.0,0.0,640.0,713,713,374.34177215189874,15,0,1000000,3000,4
605277,605277,2421108,4433,145,580,747.0,0.0,747.0,833,833,500.3379310344828,17,0,1000000,3000,4
605456,605456,2421824,4434,179,716,757.0,0.0,757.0,850,850,547.3351955307263,18,0,1000000,3000,4
605561,605561,2422244,4435,105,420,596.0,0.0,596.0,675,675,392.8095238095238,14,0,1000000,3000,4
605600,605600,2422400,4436,39,156,236.0,0.0,236.0,300,300,156.17948717948718,7,0,1000000,3000,4
605698,605698,2422792,4437,98,392,620.0,0.0,620.0,696,696,379.9183673469388,14,0,1000000,3000,4
605733,605733,2422932,4438,35,140,238.0,0.0,238.0,301,301,165.0,7,0,1000000,3000,4
605981,605981,2423924,4439,248,992,1032.0,0.0,1032.0,1138,1138,665.6975806451613,23,0,1000000,3000,4
606025,606025,2424100,4440,44,176,231.0,0.0,231.0,296,296,139.4090909090909,6,0,1000000,3000,4
606060,606060,2424240,4441,35,140,237.0,0.0,237.0,300,300,151.88571428571427,7,0,1000000,3000,4
606229,606229,2424916,4442,169,676,709.0,0.0,709.0,799,799,467.85207100591714,16,0,1000000,3000,4
606348,606348,2425392,4443,119,476,624.0,0.0,624.0,704,704,341.52100840336135,15,0,1000000,3000,4
606598,606598,2426392,4444,250,1000,1417.0,0.0,1417.0,1523,1523,785.084,31,0,1000000,3000,4
606783,606783,2427132,4445,185,740,1046.0,0.0,1046.0,1139,1139,605.6216216216217,23,0,1000000,3000,4
606890,606890,2427560,4446,107,428,618.0,0.0,618.0,697,697,378.98130841121497,14,0,1000000,3000,4
606985,606985,2427940,4447,95,380,614.0,0.0,614.0,691,691,404.8,14,0,1000000,3000,4
607032,607032,2428128,4448,47,188,218.0,0.0,218.0,285,285,162.08510638297872,6,0,1000000,3000,4
607067,607067,2428268,4449,35,140,250.0,0.0,250.0,313,313,150.45714285714286,7,0,1000000,3000,4
607171,607171,2428684,4450,104,416,618.0,0.0,618.0,696,696,377.03846153846155,14,0,1000000,3000,4
607207,607207,2428828,4451,36,144,229.0,0.0,229.0,294,294,171.86111111111111,6,0,1000000,3000,4
607242,607242,2428968,4452,35,140,247.0,0.0,247.0,310,310,146.11428571428573,7,0,1000000,3000,4
607279,607279,2429116,4453,37,148,237.0,0.0,237.0,302,302,164.56756756756758,7,0,1000000,3000,4
607314,607314,2429256,4454,35,140,240.0,0.0,240.0,303,303,157.45714285714286,7,0,1000000,3000,4
607397,607397,2429588,4455,83,332,624.0,0.0,624.0,696,696,358.51807228915663,14,0,1000000,3000,4
607478,607478,2429912,4456,81,324,621.0,0.0,621.0,695,695,353.9753086419753,14,0,1000000,3000,4
607516,607516,2430064,4457,38,152,242.0,0.0,242.0,305,305,153.28947368421052,7,0,1000000,3000,4
607684,607684,2430736,4458,168,672,1041.0,0.0,1041.0,1130,1130,626.25,23,0,1000000,3000,4
607775,607775,2431100,4459,91,364,649.0,0.0,649.0,722,722,357.7802197802198,15,0,1000000,3000,4
607962,607962,2431848,4460,187,748,1347.0,0.0,1347.0,1442,1442,693.5294117647059,29,0,1000000,3000,4
608067,608067,2432268,4461,105,420,587.0,0.0,587.0,664,664,410.6666666666667,14,0,1000000,3000,4
608241,608241,2432964,4462,174,696,1040.0,0.0,1040.0,1131,1131,607.2701149425287,23,0,1000000,3000,4
608339,608339,2433356,4463,98,392,628.0,0.0,628.0,704,704,355.07142857142856,15,0,1000000,3000,4
608512,608512,2434048,4464,173,692,746.0,0.0,746.0,837,837,521.2832369942197,17,0,1000000,3000,4
608786,608786,2435144,4465,274,1096,1302.0,0.0,1302.0,1411,1411,717.3905109489051,29,0,1000000,3000,4
608996,608996,2435984,4466,210,840,1053.0,0.0,1053.0,1152,1152,629.1619047619048,24,0,1000000,3000,4
609170,609170,2436680,4467,174,696,809.0,0.0,809.0,898,900,597.5229885057471,19,0,1000000,3000,4
609277,609277,2437108,4468,107,428,602.0,0.0,602.0,681,681,383.1121495327103,14,0,1000000,3000,4
609513,609513,2438052,4469,236,944,796.0,0.0,796.0,898,899,662.1271186440678,18,0,1000000,3000,4
609696,609696,2438784,4470,183,732,743.0,0.0,743.0,837,837,495.2896174863388,17,0,1000000,3000,4
609742,609742,2438968,4471,46,184,222.0,0.0,222.0,288,288,156.41304347826087,6,0,1000000,3000,4
610086,610086,2440344,4472,344,1376,1815.0,0.0,1815.0,1940,1940,896.3808139534884,39,0,1000000,3000,4
610279,610279,2441116,4473,193,772,805.0,0.0,805.0,898,899,589.0259067357513,18,0,1000000,3000,4
610458,610458,2441832,4474,179,716,1047.0,0.0,1047.0,1138,1138,632.6648044692737,23,0,1000000,3000,4
610745,610745,2442980,4475,287,1148,1667.0,0.0,1667.0,1781,1781,904.4494773519164,36,0,1000000,3000,4
610827,610827,2443308,4476,82,328,607.0,0.0,607.0,681,681,322.7560975609756,14,0,1000000,3000,4
610917,610917,2443668,4477,90,360,618.0,0.0,618.0,693,693,316.5111111111111,14,0,1000000,3000,4
611056,611056,2444224,4478,139,556,745.0,0.0,745.0,830,830,502.8201438848921,17,0,1000000,3000,4
611092,611092,2444368,4479,36,144,245.0,0.0,245.0,309,309,151.88888888888889,7,0,1000000,3000,4
611130,611130,2444520,4480,38,152,240.0,0.0,240.0,305,305,151.94736842105263,7,0,1000000,3000,4
611270,611270,2445080,4481,140,560,815.0,0.0,815.0,898,899,609.5857142857143,18,0,1000000,3000,4
611460,611460,2445840,4482,190,760,1334.0,0.0,1334.0,1428,1428,750.3894736842105,29,0,1000000,3000,4
611547,611547,2446188,4483,87,348,604.0,0.0,604.0,679,679,320.13793103448273,14,0,1000000,3000,4
611659,611659,2446636,4484,112,448,602.0,0.0,602.0,681,681,406.0,14,0,1000000,3000,4
611853,611853,2447412,4485,194,776,755.0,0.0,755.0,850,850,551.9484536082474,18,0,1000000,3000,4
612007,612007,2448028,4486,154,616,1043.0,0.0,1043.0,1129,1129,622.0454545454545,23,0,1000000,3000,4
612079,612079,2448316,4487,72,288,604.0,0.0,604.0,676,676,310.40277777777777,14,0,1000000,3000,4
612120,612120,2448480,4488,41,164,231.0,0.0,231.0,296,296,161.8780487804878,6,0,1000000,3000,4
612377,612377,2449508,4489,257,1028,1327.0,0.0,1327.0,1436,1436,694.988326848249,29,0,1000000,3000,4
612593,612593,2450372,4490,216,864,1030.0,0.0,1030.0,1130,1130,599.8194444444445,23,0,1000000,3000,4
612696,612696,2450784,4491,103,412,619.0,0.0,619.0,697,697,351.2718446601942,14,0,1000000,3000,4
612912,612912,2451648,4492,216,864,1686.0,0.0,1686.0,1786,1786,902.9768518518518,36,0,1000000,3000,4
613082,613082,2452328,4493,170,680,744.0,0.0,744.0,835,835,481.78823529411767,17,0,1000000,3000,4
613123,613123,2452492,4494,41,164,238.0,0.0,238.0,304,304,145.3170731707317,7,0,1000000,3000,4
613360,613360,2453440,4495,237,948,1310.0,0.0,1310.0,1413,1413,675.3206751054852,29,0,1000000,3000,4
613475,613475,2453900,4496,115,460,615.0,0.0,615.0,695,695,400.3652173913043,14,0,1000000,3000,4
613658,613658,2454632,4497,183,732,728.0,0.0,728.0,820,820,507.9726775956284,17,0,1000000,3000,4
613859,613859,2455436,4498,201,804,1304.0,0.0,1304.0,1401,1401,701.9004975124378,29,0,1000000,3000,4
613964,613964,2455856,4499,105,420,603.0,0.0,603.0,682,682,399.73333333333335,14,0,1000000,3000,4
614142,614142,2456568,4500,178,712,596.0,0.0,596.0,689,689,457.96629213483146,14,0,1000000,3000,4
614177,614177,2456708,4501,35,140,241.0,0.0,241.0,305,305,161.97142857142856,7,0,1000000,3000,4
614352,614352,2457408,4502,175,700,750.0,0.0,750.0,841,841,501.2342857142857,17,0,1000000,3000,4
614554,614554,2458216,4503,202,808,1141.0,0.0,1141.0,1239,1239,628.1980198019802,25,0,1000000,3000,4
614694,614694,2458776,4504,140,560,815.0,0.0,815.0,898,898,590.5428571428571,18,0,1000000,3000,4
614731,614731,2458924,4505,37,148,242.0,0.0,242.0,307,307,153.1081081081081,7,0,1000000,3000,4
614967,614967,2459868,4506,236,944,1141.0,0.0,1141.0,1246,1246,647.1398305084746,25,0,1000000,3000,4
615122,615122,2460488,4507,155,620,813.0,0.0,813.0,898,899,531.916129032258,18,0,1000000,3000,4
615152,615152,2460608,4508,30,120,248.0,0.0,248.0,310,310,154.93333333333334,7,0,1000000,3000,4
615367,615367,2461468,4509,215,860,1031.0,0.0,1031.0,1130,1130,631.7906976744187,23,0,1000000,3000,4
615546,615546,2462184,4510,179,716,808.0,0.0,808.0,898,898,540.2737430167598,18,0,1000000,3000,4
615836,615836,2463344,4511,290,1160,1409.0,0.0,1409.0,1525,1525,718.248275862069,31,0,1000000,3000,4
615909,615909,2463636,4512,73,292,626.0,0.0,626.0,697,697,343.43835616438355,14,0,1000000,3000,4
615941,615941,2463764,4513,32,128,243.0,0.0,243.0,306,306,158.15625,7,0,1000000,3000,4
616050,616050,2464200,4514,109,436,619.0,0.0,619.0,696,696,393.3394495412844,14,0,1000000,3000,4
616160,616160,2464640,4515,110,440,621.0,0.0,621.0,700,700,371.3,15,0,1000000,3000,4
616353,616353,2465412,4516,193,772,1338.0,0.0,1338.0,1434,1434,700.8341968911917,29,0,1000000,3000,4
616394,616394,2465576,4517,41,164,231.0,0.0,231.0,297,297,155.58536585365854,6,0,1000000,3000,4
616626,616626,2466504,4518,232,928,1411.0,0.0,1411.0,1515,1515,763.6508620689655,31,0,1000000,3000,4
616785,616785,2467140,4519,159,636,734.0,0.0,734.0,821,821,481.67295597484275,17,0,1000000,3000,4
616946,616946,2467784,4520,161,644,702.0,0.0,702.0,791,791,475.0993788819876,16,0,1000000,3000,4
617203,617203,2468812,4521,257,1028,1131.0,0.0,1131.0,1239,1239,639.6420233463035,25,0,1000000,3000,4
617241,617241,2468964,4522,38,152,224.0,0.0,224.0,288,288,172.78947368421052,6,0,1000000,3000,4
617274,617274,2469096,4523,33,132,249.0,0.0,249.0,313,313,155.24242424242425,7,0,1000000,3000,4
617411,617411,2469644,4524,137,548,739.0,0.0,739.0,822,822,486.81021897810217,17,0,1000000,3000,4
617498,617498,2469992,4525,87,348,601.0,0.0,601.0,676,676,338.735632183908,14,0,1000000,3000,4
617580,617580,2470320,4526,82,328,615.0,0.0,615.0,689,689,329.1585365853659,14,0,1000000,3000,4
617761,617761,2471044,4527,181,724,1033.0,0.0,1033.0,1125,1125,575.5469613259669,23,0,1000000,3000,4
617795,617795,2471180,4528,34,136,237.0,0.0,237.0,300,300,157.08823529411765,7,0,1000000,3000,4
618015,618015,2472060,4529,220,880,1332.0,0.0,1332.0,1433,1433,655.0318181818182,29,0,1000000,3000,4
618056,618056,2472224,4530,41,164,229.0,0.0,229.0,294,294,157.46341463414635,6,0,1000000,3000,4
618135,618135,2472540,4531,79,316,607.0,0.0,607.0,680,680,338.6455696202532,14,0,1000000,3000,4
618174,618174,2472696,4532,39,156,236.0,0.0,236.0,301,301,155.76923076923077,7,0,1000000,3000,4
618387,618387,2473548,4533,213,852,742.0,0.0,742.0,841,841,547.9295774647887,17,0,1000000,3000,4
618523,618523,2474092,4534,136,544,713.0,0.0,713.0,796,796,484.3970588235294,16,0,1000000,3000,4
618652,618652,2474608,4535,129,516,733.0,0.0,733.0,815,815,511.04651162790697,17,0,1000000,3000,4
618848,618848,2475392,4536,196,784,1030.0,0.0,1030.0,1125,1125,642.1224489795918,23,0,1000000,3000,4
618957,618957,2475828,4537,109,436,618.0,0.0,618.0,695,695,366.22935779816515,14,0,1000000,3000,4
619077,619077,2476308,4538,120,480,614.0,0.0,614.0,694,694,372.65833333333336,14,0,1000000,3000,4
619156,619156,2476624,4539,79,316,629.0,0.0,629.0,702,702,345.7848101265823,15,0,1000000,3000,4
619258,619258,2477032,4540,102,408,615.0,0.0,615.0,693,693,370.27450980392155,14,0,1000000,3000,4
619411,619411,2477644,4541,153,612,637.0,0.0,637.0,722,723,496.7908496732026,15,0,1000000,3000,4
619443,619443,2477772,4542,32,128,248.0,0.0,248.0,312,312,150.15625,7,0,1000000,3000,4
619702,619702,2478808,4543,259,1036,1675.0,0.0,1675.0,1784,1784,895.4710424710424,36,0,1000000,3000,4
619851,619851,2479404,4544,149,596,799.0,0.0,799.0,885,885,502.9261744966443,18,0,1000000,3000,4
619890,619890,2479560,4545,39,156,234.0,0.0,234.0,298,298,160.23076923076923,6,0,1000000,3000,4
619923,619923,2479692,4546,33,132,248.0,0.0,248.0,312,312,150.6969696969697,7,0,1000000,3000,4
619969,619969,2479876,4547,46,184,239.0,0.0,239.0,306,306,133.84782608695653,7,0,1000000,3000,4
620072,620072,2480288,4548,103,412,588.0,0.0,588.0,665,665,395.0,14,0,1000000,3000,4
620147,620147,2480588,4549,75,300,612.0,0.0,612.0,683,683,318.6666666666667,14,0,1000000,3000,4
620296,620296,2481184,4550,149,596,727.0,0.0,727.0,814,814,522.0134228187919,17,0,1000000,3000,4
620415,620415,2481660,4551,119,476,587.0,0.0,587.0,667,667,404.52941176470586,14,0,1000000,3000,4
620457,620457,2481828,4552,42,168,228.0,0.0,228.0,294,294,159.0,6,0,1000000,3000,4
620758,620758,2483032,4553,301,1204,1319.0,0.0,1319.0,1437,1437,702.8770764119602,29,0,1000000,3000,4
620802,620802,2483208,4554,44,176,239.0,0.0,239.0,303,303,137.38636363636363,7,0,1000000,3000,4
620856,620856,2483424,4555,54,216,199.0,0.0,199.0,265,265,174.92592592592592,6,0,1000000,3000,4
620970,620970,2483880,4556,114,456,593.0,0.0,593.0,671,671,395.07894736842104,14,0,1000000,3000,4
621011,621011,2484044,4557,41,164,231.0,0.0,231.0,296,296,157.21951219512195,6,0,1000000,3000,4
621227,621227,2484908,4558,216,864,1031.0,0.0,1031.0,1131,1131,587.75,23,0,1000000,3000,4
621365,621365,2485460,4559,138,552,584.0,0.0,584.0,668,668,375.2826086956522,14,0,1000000,3000,4
621608,621608,2486432,4560,243,972,1301.0,0.0,1301.0,1405,1405,711.9423868312757,29,0,1000000,3000,4
621701,621701,2486804,4561,93,372,633.0,0.0,633.0,709,709,378.9032258064516,15,0,1000000,3000,4
621890,621890,2487560,4562,189,756,1043.0,0.0,1043.0,1137,1137,602.0370370370371,23,0,1000000,3000,4
622066,622066,2488264,4563,176,704,1043.0,0.0,1043.0,1135,1135,582.625,23,0,1000000,3000,4
622289,622289,2489156,4564,223,892,1029.0,0.0,1029.0,1129,1129,647.7040358744395,23,0,1000000,3000,4
622675,622675,2490700,4565,386,1544,1301.0,0.0,1301.0,1436,1436,740.8626943005181,29,0,1000000,3000,4
622783,622783,2491132,4566,108,432,590.0,0.0,590.0,668,668,391.01851851851853,14,0,1000000,3000,4
622925,622925,2491700,4567,142,568,815.0,0.0,815.0,898,898,569.0774647887324,18,0,1000000,3000,4
623195,623195,2492780,4568,270,1080,1018.0,0.0,1018.0,1128,1128,704.9111111111112,23,0,1000000,3000,4
623239,623239,2492956,4569,44,176,231.0,0.0,231.0,297,297,141.1590909090909,6,0,1000000,3000,4
623439,623439,2493756,4570,200,800,1322.0,0.0,1322.0,1417,1417,654.3,29,0,1000000,3000,4
623682,623682,2494728,4571,243,972,1025.0,0.0,1025.0,1128,1128,678.8106995884774,23,0,1000000,3000,4
623720,623720,2494880,4572,38,152,245.0,0.0,245.0,310,310,142.6578947368421,7,0,1000000,3000,4
623761,623761,2495044,4573,41,164,235.0,0.0,235.0,300,300,158.8048780487805,7,0,1000000,3000,4
623855,623855,2495420,4574,94,376,628.0,0.0,628.0,704,704,388.3936170212766,15,0,1000000,3000,4
623888,623888,2495552,4575,33,132,246.0,0.0,246.0,310,310,156.8181818181818,7,0,1000000,3000,4
624003,624003,2496012,4576,115,460,618.0,0.0,618.0,698,698,364.4347826086956,14,0,1000000,3000,4
624035,624035,2496140,4577,32,128,244.0,0.0,244.0,307,307,157.0625,7,0,1000000,3000,4
624111,624111,2496444,4578,76,304,607.0,0.0,607.0,680,680,327.8157894736842,14,0,1000000,3000,4
624186,624186,2496744,4579,75,300,619.0,0.0,619.0,690,690,357.62666666666667,14,0,1000000,3000,4
624261,624261,2497044,4580,75,300,628.0,0.0,628.0,699,699,353.02666666666664,14,0,1000000,3000,4
624440,624440,2497760,4581,179,716,1037.0,0.0,1037.0,1129,1129,580.5586592178771,23,0,1000000,3000,4
624475,624475,2497900,4582,35,140,236.0,0.0,236.0,299,299,167.77142857142857,6,0,1000000,3000,4
624624,624624,2498496,4583,149,596,638.0,0.0,638.0,722,722,474.67785234899327,15,0,1000000,3000,4
624660,624660,2498640,4584,36,144,233.0,0.0,233.0,297,297,169.94444444444446,6,0,1000000,3000,4
624749,624749,2498996,4585,89,356,634.0,0.0,634.0,709,709,375.4157303370786,15,0,1000000,3000,4
624908,624908,2499632,4586,159,636,1049.0,0.0,1049.0,1137,1137,593.4654088050314,23,0,1000000,3000,4
625119,625119,2500476,4587,211,844,1312.0,0.0,1312.0,1411,1411,698.3222748815166,29,0,1000000,3000,4
625261,625261,2501044,4588,142,568,769.0,0.0,769.0,854,854,502.7535211267606,18,0,1000000,3000,4
625495,625495,2501980,4589,234,936,1423.0,0.0,1423.0,1527,1527,689.1410256410256,31,0,1000000,3000,4
625651,625651,2502604,4590,156,624,754.0,0.0,754.0,841,841,500.0705128205128,17,0,1000000,3000,4
625818,625818,2503272,4591,167,668,597.0,0.0,597.0,688,688,456.9580838323353,14,0,1000000,3000,4
625914,625914,2503656,4592,96,384,616.0,0.0,616.0,692,692,385.2291666666667,14,0,1000000,3000,4
626000,626000,2504000,4593,86,344,611.0,0.0,611.0,686,686,353.43023255813955,14,0,1000000,3000,4
626044,626044,2504176,4594,44,176,230.0,0.0,230.0,294,294,149.25,6,0,1000000,3000,4
626076,626076,2504304,4595,32,128,241.0,0.0,241.0,304,304,160.9375,7,0,1000000,3000,4
626159,626159,2504636,4596,83,332,633.0,0.0,633.0,707,707,379.6385542168675,15,0,1000000,3000,4
626413,626413,2505652,4597,254,1016,1328.0,0.0,1328.0,1436,1436,694.2559055118111,29,0,1000000,3000,4
626516,626516,2506064,4598,103,412,604.0,0.0,604.0,681,681,376.6019417475728,14,0,1000000,3000,4
626612,626612,2506448,4599,96,384,624.0,0.0,624.0,700,700,362.40625,15,0,1000000,3000,4
626659,626659,2506636,4600,47,188,223.0,0.0,223.0,289,289,153.7872340425532,6,0,1000000,3000,4
626813,626813,2507252,4601,154,616,624.0,0.0,624.0,710,722,467.7987012987013,15,0,1000000,3000,4
626918,626918,2507672,4602,105,420,631.0,0.0,631.0,709,709,370.9714285714286,15,0,1000000,3000,4
627031,627031,2508124,4603,113,452,606.0,0.0,606.0,685,685,329.75221238938053,14,0,1000000,3000,4
627353,627353,2509412,4604,322,1288,1286.0,0.0,1286.0,1407,1407,715.6770186335403,29,0,1000000,3000,4
627534,627534,2510136,4605,181,724,807.0,0.0,807.0,898,898,545.9005524861878,18,0,1000000,3000,4
627749,627749,2510996,4606,215,860,1332.0,0.0,1332.0,1432,1432,681.4697674418604,29,0,1000000,3000,4
627890,627890,2511560,4607,141,564,761.0,0.0,761.0,846,846,507.98581560283685,17,0,1000000,3000,4
628054,628054,2512216,4608,164,656,811.0,0.0,811.0,898,899,587.1280487804878,18,0,1000000,3000,4
628085,628085,2512340,4609,31,124,240.0,0.0,240.0,304,304,161.03225806451613,7,0,1000000,3000,4
628118,628118,2512472,4610,33,132,245.0,0.0,245.0,309,309,156.42424242424244,7,0,1000000,3000,4
628210,628210,2512840,4611,92,368,630.0,0.0,630.0,706,706,389.4891304347826,15,0,1000000,3000,4
628445,628445,2513780,4612,235,940,1328.0,0.0,1328.0,1433,1433,691.7106382978724,29,0,1000000,3000,4
628549,628549,2514196,4613,104,416,625.0,0.0,625.0,702,702,371.28846153846155,15,0,1000000,3000,4
628703,628703,2514812,4614,154,616,1042.0,0.0,1042.0,1128,1128,640.922077922078,23,0,1000000,3000,4
628893,628893,2515572,4615,190,760,1435.0,0.0,1435.0,1529,1529,717.0105263157894,31,0,1000000,3000,4
629088,629088,2516352,4616,195,780,1413.0,0.0,1413.0,1508,1508,777.8923076923077,31,0,1000000,3000,4
629120,629120,2516480,4617,32,128,245.0,0.0,245.0,309,309,151.59375,7,0,1000000,3000,4
629158,629158,2516632,4618,38,152,245.0,0.0,245.0,310,310,151.89473684210526,7,0,1000000,3000,4
629227,629227,2516908,4619,69,276,611.0,0.0,611.0,682,682,318.05797101449275,14,0,1000000,3000,4
629406,629406,2517624,4620,179,716,1318.0,0.0,1318.0,1410,1410,720.9050279329609,29,0,1000000,3000,4
629611,629611,2518444,4621,205,820,1325.0,0.0,1325.0,1423,1423,687.9317073170731,29,0,1000000,3000,4
629738,629738,2518952,4622,127,508,746.0,0.0,746.0,828,828,490.23622047244095,17,0,1000000,3000,4
629972,629972,2519888,4623,234,936,1338.0,0.0,1338.0,1442,1442,670.1923076923077,29,0,1000000,3000,4
630005,630005,2520020,4624,33,132,250.0,0.0,250.0,314,314,149.4848484848485,7,0,1000000,3000,4
630043,630043,2520172,4625,38,152,225.0,0.0,225.0,289,289,170.78947368421052,6,0,1000000,3000,4
630125,630125,2520500,4626,82,328,626.0,0.0,626.0,698,698,391.0487804878049,14,0,1000000,3000,4
630293,630293,2521172,4627,168,672,753.0,0.0,753.0,842,842,518.4761904761905,17,0,1000000,3000,4
630329,630329,2521316,4628,36,144,246.0,0.0,246.0,311,311,148.77777777777777,7,0,1000000,3000,4
630415,630415,2521660,4629,86,344,607.0,0.0,607.0,681,681,350.63953488372096,14,0,1000000,3000,4
630517,630517,2522068,4630,102,408,625.0,0.0,625.0,703,703,377.3529411764706,15,0,1000000,3000,4
630556,630556,2522224,4631,39,156,239.0,0.0,239.0,304,304,150.12820512820514,7,0,1000000,3000,4
630658,630658,2522632,4632,102,408,592.0,0.0,592.0,668,668,410.1372549019608,14,0,1000000,3000,4
630748,630748,2522992,4633,90,360,628.0,0.0,628.0,701,701,350.0,15,0,1000000,3000,4
630994,630994,2523976,4634,246,984,1032.0,0.0,1032.0,1137,1137,637.9878048780488,23,0,1000000,3000,4
631161,631161,2524644,4635,167,668,736.0,0.0,736.0,826,826,508.9341317365269,17,0,1000000,3000,4
631243,631243,2524972,4636,82,328,651.0,0.0,651.0,722,722,389.6707317073171,15,0,1000000,3000,4
631345,631345,2525380,4637,102,408,614.0,0.0,614.0,692,692,377.04901960784315,14,0,1000000,3000,4
631516,631516,2526064,4638,171,684,1038.0,0.0,1038.0,1129,1129,622.1578947368421,23,0,1000000,3000,4
631656,631656,2526624,4639,140,560,639.0,0.0,639.0,722,723,498.5285714285714,15,0,1000000,3000,4
631724,631724,2526896,4640,68,272,630.0,0.0,630.0,701,701,379.72058823529414,15,0,1000000,3000,4
631759,631759,2527036,4641,35,140,236.0,0.0,236.0,300,300,161.71428571428572,7,0,1000000,3000,4
631898,631898,2527592,4642,139,556,757.0,0.0,757.0,842,842,498.41007194244605,17,0,1000000,3000,4
632074,632074,2528296,4643,176,704,1036.0,0.0,1036.0,1127,1127,590.1193181818181,23,0,1000000,3000,4
632155,632155,2528620,4644,81,324,604.0,0.0,604.0,677,677,322.3333333333333,14,0,1000000,3000,4
632236,632236,2528944,4645,81,324,630.0,0.0,630.0,703,703,386.81481481481484,15,0,1000000,3000,4
632268,632268,2529072,4646,32,128,240.0,0.0,240.0,303,303,159.0625,7,0,1000000,3000,4
632298,632298,2529192,4647,30,120,248.0,0.0,248.0,311,311,156.03333333333333,7,0,1000000,3000,4
632379,632379,2529516,4648,81,324,618.0,0.0,618.0,692,692,348.0,14,0,1000000,3000,4
632524,632524,2530096,4649,145,580,746.0,0.0,746.0,833,833,480.1310344827586,17,0,1000000,3000,4
632595,632595,2530380,4650,71,284,635.0,0.0,635.0,707,707,380.4788732394366,15,0,1000000,3000,4
632631,632631,2530524,4651,36,144,228.0,0.0,228.0,292,292,169.08333333333334,6,0,1000000,3000,4
632662,632662,2530648,4652,31,124,245.0,0.0,245.0,309,309,157.93548387096774,7,0,1000000,3000,4
632783,632783,2531132,4653,121,484,747.0,0.0,747.0,828,828,508.1900826446281,17,0,1000000,3000,4
632877,632877,2531508,4654,94,376,632.0,0.0,632.0,708,708,373.8085106382979,15,0,1000000,3000,4
632911,632911,2531644,4655,34,136,248.0,0.0,248.0,312,312,153.05882352941177,7,0,1000000,3000,4
632944,632944,2531776,4656,33,132,238.0,0.0,238.0,302,302,160.93939393939394,7,0,1000000,3000,4
633041,633041,2532164,4657,97,388,610.0,0.0,610.0,686,686,400.5257731958763,14,0,1000000,3000,4
633074,633074,2532296,4658,33,132,243.0,0.0,243.0,307,307,166.63636363636363,7,0,1000000,3000,4
633197,633197,2532788,4659,123,492,1050.0,0.0,1050.0,1130,1130,582.6666666666666,23,0,1000000,3000,4
633230,633230,2532920,4660,33,132,246.0,0.0,246.0,310,310,156.8181818181818,7,0,1000000,3000,4
633265,633265,2533060,4661,35,140,237.0,0.0,237.0,301,301,164.74285714285713,7,0,1000000,3000,4
633432,633432,2533728,4662,167,668,1041.0,0.0,1041.0,1131,1131,636.2814371257485,23,0,1000000,3000,4
633532,633532,2534128,4663,100,400,603.0,0.0,603.0,680,680,391.47,14,0,1000000,3000,4
633674,633674,2534696,4664,142,568,815.0,0.0,815.0,898,899,595.1619718309859,18,0,1000000,3000,4
633704,633704,2534816,4665,30,120,251.0,0.0,251.0,314,314,159.23333333333332,7,0,1000000,3000,4
633807,633807,2535228,4666,103,412,601.0,0.0,601.0,678,678,400.0194174757282,14,0,1000000,3000,4
633905,633905,2535620,4667,98,392,611.0,0.0,611.0,688,688,331.6734693877551,14,0,1000000,3000,4
633940,633940,2535760,4668,35,140,241.0,0.0,241.0,305,305,151.8,7,0,1000000,3000,4
634227,634227,2536908,4669,287,1148,1320.0,0.0,1320.0,1435,1435,700.1010452961673,29,0,1000000,3000,4
634313,634313,2537252,4670,86,344,650.0,0.0,650.0,722,723,378.90697674418607,15,0,1000000,3000,4
634378,634378,2537512,4671,65,260,609.0,0.0,609.0,679,679,320.5230769230769,14,0,1000000,3000,4
634417,634417,2537668,4672,39,156,227.0,0.0,227.0,291,291,170.7948717948718,6,0,1000000,3000,4
634625,634625,2538500,4673,208,832,715.0,0.0,715.0,814,814,555.9711538461538,17,0,1000000,3000,4
634789,634789,2539156,4674,164,656,1041.0,0.0,1041.0,1128,1128,588.4146341463414,23,0,1000000,3000,4
634931,634931,2539724,4675,142,568,815.0,0.0,815.0,898,898,584.1338028169014,18,0,1000000,3000,4
635215,635215,2540860,4676,284,1136,787.0,0.0,787.0,898,898,657.7394366197183,18,0,1000000,3000,4
635305,635305,2541220,4677,90,360,605.0,0.0,605.0,680,680,402.7888888888889,14,0,1000000,3000,4
635594,635594,2542376,4678,289,1156,1671.0,0.0,1671.0,1784,1784,880.273356401384,36,0,1000000,3000,4
635634,635634,2542536,4679,40,160,231.0,0.0,231.0,295,295,168.725,6,0,1000000,3000,4
636042,636042,2544168,4680,408,1632,1001.0,0.0,1001.0,1139,1139,681.6960784313726,23,0,1000000,3000,4
636284,636284,2545136,4681,242,968,1024.0,0.0,1024.0,1128,1128,652.4834710743802,23,0,1000000,3000,4
636528,636528,2546112,4682,244,976,1847.0,0.0,1847.0,1952,1952,963.3155737704918,40,0,1000000,3000,4
636622,636622,2546488,4683,94,376,617.0,0.0,617.0,693,693,356.70212765957444,14,0,1000000,3000,4
636728,636728,2546912,4684,106,424,608.0,0.0,608.0,686,686,384.35849056603774,14,0,1000000,3000,4
636836,636836,2547344,4685,108,432,608.0,0.0,608.0,687,687,333.68518518518516,14,0,1000000,3000,4
637013,637013,2548052,4686,177,708,1040.0,0.0,1040.0,1131,1131,617.6497175141243,23,0,1000000,3000,4
637240,637240,2548960,4687,227,908,1316.0,0.0,1316.0,1417,1417,654.7665198237886,29,0,1000000,3000,4
637320,637320,2549280,4688,80,320,603.0,0.0,603.0,676,676,309.0375,14,0,1000000,3000,4
637562,637562,2550248,4689,242,968,1125.0,0.0,1125.0,1230,1230,653.6157024793389,25,0,1000000,3000,4
637599,637599,2550396,4690,37,148,235.0,0.0,235.0,300,300,158.2972972972973,7,0,1000000,3000,4
637769,637769,2551076,4691,170,680,1040.0,0.0,1040.0,1129,1129,540.364705882353,23,0,1000000,3000,4
637806,637806,2551224,4692,37,148,248.0,0.0,248.0,313,313,145.6216216216216,7,0,1000000,3000,4
637882,637882,2551528,4693,76,304,614.0,0.0,614.0,687,687,353.57894736842104,14,0,1000000,3000,4
638047,638047,2552188,4694,165,660,811.0,0.0,811.0,898,899,589.8303030303031,18,0,1000000,3000,4
638326,638326,2553304,4695,279,1116,1674.0,0.0,1674.0,1786,1786,875.1326164874552,36,0,1000000,3000,4
638371,638371,2553484,4696,45,180,226.0,0.0,226.0,290,290,160.0888888888889,6,0,1000000,3000,4
638415,638415,2553660,4697,44,176,225.0,0.0,225.0,289,289,159.97727272727272,6,0,1000000,3000,4
638538,638538,2554152,4698,123,492,622.0,0.0,622.0,704,704,390.5528455284553,15,0,1000000,3000,4
638574,638574,2554296,4699,36,144,238.0,0.0,238.0,302,302,162.13888888888889,7,0,1000000,3000,4
638652,638652,2554608,4700,78,312,615.0,0.0,615.0,688,688,329.44871794871796,14,0,1000000,3000,4
638867,638867,2555468,4701,215,860,1312.0,0.0,1312.0,1411,1411,758.6372093023256,29,0,1000000,3000,4
639107,639107,2556428,4702,240,960,1418.0,0.0,1418.0,1521,1521,721.6458333333334,31,0,1000000,3000,4
639148,639148,2556592,4703,41,164,230.0,0.0,230.0,296,296,157.5121951219512,6,0,1000000,3000,4
639320,639320,2557280,4704,172,688,723.0,0.0,723.0,814,814,487.90697674418607,17,0,1000000,3000,4
639434,639434,2557736,4705,114,456,604.0,0.0,604.0,684,684,367.4824561403509,14,0,1000000,3000,4
639636,639636,2558544,4706,202,808,1030.0,0.0,1030.0,1125,1125,636.6930693069307,23,0,1000000,3000,4
639685,639685,2558740,4707,49,196,211.0,0.0,211.0,277,277,170.0408163265306,6,0,1000000,3000,4
639863,639863,2559452,4708,178,712,1035.0,0.0,1035.0,1126,1126,599.2640449438202,23,0,1000000,3000,4
640028,640028,2560112,4709,165,660,810.0,0.0,810.0,898,898,536.6969696969697,18,0,1000000,3000,4
640127,640127,2560508,4710,99,396,622.0,0.0,622.0,699,699,359.34343434343435,14,0,1000000,3000,4
640164,640164,2560656,4711,37,148,241.0,0.0,241.0,305,305,151.16216216216216,7,0,1000000,3000,4
640199,640199,2560796,4712,35,140,236.0,0.0,236.0,298,298,164.02857142857144,6,0,1000000,3000,4
640358,640358,2561432,4713,159,636,747.0,0.0,747.0,836,836,522.2389937106918,17,0,1000000,3000,4
640577,640577,2562308,4714,219,876,1309.0,0.0,1309.0,1409,1409,708.1369863013699,29,0,1000000,3000,4
640612,640612,2562448,4715,35,140,243.0,0.0,243.0,306,306,154.17142857142858,7,0,1000000,3000,4
640823,640823,2563292,4716,211,844,801.0,0.0,801.0,898,898,536.7582938388625,18,0,1000000,3000,4
640910,640910,2563640,4717,87,348,619.0,0.0,619.0,694,694,313.9080459770115,14,0,1000000,3000,4
641090,641090,2564360,4718,180,720,1043.0,0.0,1043.0,1135,1135,604.9388888888889,23,0,1000000,3000,4
641178,641178,2564712,4719,88,352,628.0,0.0,628.0,702,702,353.17045454545456,15,0,1000000,3000,4
641247,641247,2564988,4720,69,276,610.0,0.0,610.0,681,681,329.7391304347826,14,0,1000000,3000,4
641333,641333,2565332,4721,86,344,606.0,0.0,606.0,681,681,353.74418604651163,14,0,1000000,3000,4
641510,641510,2566040,4722,177,708,1047.0,0.0,1047.0,1138,1138,663.9548022598871,23,0,1000000,3000,4
641737,641737,2566948,4723,227,908,1028.0,0.0,1028.0,1129,1129,681.7092511013216,23,0,1000000,3000,4
641890,641890,2567560,4724,153,612,1049.0,0.0,1049.0,1136,1136,613.6013071895425,23,0,1000000,3000,4
641991,641991,2567964,4725,101,404,610.0,0.0,610.0,687,687,396.8910891089109,14,0,1000000,3000,4
642084,642084,2568336,4726,93,372,625.0,0.0,625.0,700,700,384.1290322580645,15,0,1000000,3000,4
642175,642175,2568700,4727,91,364,609.0,0.0,609.0,684,684,400.86813186813185,14,0,1000000,3000,4
642298,642298,2569192,4728,123,492,1049.0,0.0,1049.0,1129,1129,605.3414634146342,23,0,1000000,3000,4
642334,642334,2569336,4729,36,144,234.0,0.0,234.0,298,298,169.44444444444446,6,0,1000000,3000,4
642558,642558,2570232,4730,224,896,1028.0,0.0,1028.0,1128,1128,600.4375,23,0,1000000,3000,4
642591,642591,2570364,4731,33,132,248.0,0.0,248.0,312,312,151.0909090909091,7,0,1000000,3000,4
642624,642624,2570496,4732,33,132,248.0,0.0,248.0,311,311,154.66666666666666,7,0,1000000,3000,4
642781,642781,2571124,4733,157,628,746.0,0.0,746.0,834,834,577.452229299363,17,0,1000000,3000,4
642966,642966,2571864,4734,185,740,1431.0,0.0,1431.0,1525,1525,745.6486486486486,31,0,1000000,3000,4
643000,643000,2572000,4735,34,136,245.0,0.0,245.0,309,309,150.08823529411765,7,0,1000000,3000,4
643033,643033,2572132,4736,33,132,241.0,0.0,241.0,305,305,165.6060606060606,7,0,1000000,3000,4
643064,643064,2572256,4737,31,124,247.0,0.0,247.0,310,310,157.67741935483872,7,0,1000000,3000,4
643147,643147,2572588,4738,83,332,618.0,0.0,618.0,692,692,393.51807228915663,14,0,1000000,3000,4
643177,643177,2572708,4739,30,120,245.0,0.0,245.0,309,309,157.86666666666667,7,0,1000000,3000,4
643209,643209,2572836,4740,32,128,242.0,0.0,242.0,306,306,158.8125,7,0,1000000,3000,4
643243,643243,2572972,4741,34,136,247.0,0.0,247.0,311,311,156.1764705882353,7,0,1000000,3000,4
643342,643342,2573368,4742,99,396,611.0,0.0,611.0,687,687,402.27272727272725,14,0,1000000,3000,4
643457,643457,2573828,4743,115,460,628.0,0.0,628.0,709,709,392.6608695652174,15,0,1000000,3000,4
643487,643487,2573948,4744,30,120,247.0,0.0,247.0,309,309,158.43333333333334,7,0,1000000,3000,4
643753,643753,2575012,4745,266,1064,1018.0,0.0,1018.0,1127,1127,698.4924812030075,23,0,1000000,3000,4
643825,643825,2575300,4746,72,288,610.0,0.0,610.0,682,682,342.3333333333333,14,0,1000000,3000,4
644000,644000,2576000,4747,175,700,1034.0,0.0,1034.0,1125,1125,634.52,23,0,1000000,3000,4
644030,644030,2576120,4748,30,120,247.0,0.0,247.0,310,310,153.03333333333333,7,0,1000000,3000,4
644228,644228,2576912,4749,198,792,1034.0,0.0,1034.0,1129,1129,634.0151515151515,23,0,1000000,3000,4
644298,644298,2577192,4750,70,280,607.0,0.0,607.0,679,679,342.95714285714286,14,0,1000000,3000,4
644447,644447,2577788,4751,149,596,1041.0,0.0,1041.0,1125,1125,604.4563758389262,23,0,1000000,3000,4
644578,644578,2578312,4752,131,524,1047.0,0.0,1047.0,1128,1128,579.9923664122138,23,0,1000000,3000,4
644785,644785,2579140,4753,207,828,1429.0,0.0,1429.0,1526,1526,762.3623188405797,31,0,1000000,3000,4
644855,644855,2579420,4754,70,280,613.0,0.0,613.0,685,685,352.77142857142854,14,0,1000000,3000,4
644888,644888,2579552,4755,33,132,243.0,0.0,243.0,306,306,158.8181818181818,7,0,1000000,3000,4
645082,645082,2580328,4756,194,776,1035.0,0.0,1035.0,1129,1129,681.0,23,0,1000000,3000,4
645169,645169,2580676,4757,87,348,610.0,0.0,610.0,685,685,330.2068965517241,14,0,1000000,3000,4
645325,645325,2581300,4758,156,624,1427.0,0.0,1427.0,1515,1515,753.9679487179487,31,0,1000000,3000,4
645521,645521,2582084,4759,196,784,1029.0,0.0,1029.0,1123,1125,706.765306122449,23,0,1000000,3000,4
645608,645608,2582432,4760,87,348,613.0,0.0,613.0,688,688,345.4597701149425,14,0,1000000,3000,4
645724,645724,2582896,4761,116,464,735.0,0.0,735.0,815,815,475.0086206896552,17,0,1000000,3000,4
645759,645759,2583036,4762,35,140,248.0,0.0,248.0,311,311,153.71428571428572,7,0,1000000,3000,4
645913,645913,2583652,4763,154,616,1329.0,0.0,1329.0,1415,1415,691.9935064935065,29,0,1000000,3000,4
645944,645944,2583776,4764,31,124,249.0,0.0,249.0,313,313,155.70967741935485,7,0,1000000,3000,4
645976,645976,2583904,4765,32,128,245.0,0.0,245.0,309,309,164.6875,7,0,1000000,3000,4
646095,646095,2584380,4766,119,476,751.0,0.0,751.0,831,831,492.43697478991595,17,0,1000000,3000,4
646184,646184,2584736,4767,89,356,650.0,0.0,650.0,722,722,359.6292134831461,15,0,1000000,3000,4
646380,646380,2585520,4768,196,784,804.0,0.0,804.0,898,898,540.9489795918367,18,0,1000000,3000,4
646416,646416,2585664,4769,36,144,231.0,0.0,231.0,293,293,169.77777777777777,6,0,1000000,3000,4
646453,646453,2585812,4770,37,148,237.0,0.0,237.0,301,301,165.21621621621622,7,0,1000000,3000,4
646540,646540,2586160,4771,87,348,614.0,0.0,614.0,687,687,399.2528735632184,14,0,1000000,3000,4
646623,646623,2586492,4772,83,332,611.0,0.0,611.0,685,685,360.73493975903614,14,0,1000000,3000,4
646815,646815,2587260,4773,192,768,1428.0,0.0,1428.0,1524,1524,743.8125,31,0,1000000,3000,4
646849,646849,2587396,4774,34,136,242.0,0.0,242.0,306,306,155.26470588235293,7,0,1000000,3000,4
646881,646881,2587524,4775,32,128,244.0,0.0,244.0,307,307,158.5625,7,0,1000000,3000,4
646971,646971,2587884,4776,90,360,622.0,0.0,622.0,697,697,392.1111111111111,14,0,1000000,3000,4
647002,647002,2588008,4777,31,124,248.0,0.0,248.0,312,312,149.6451612903226,7,0,1000000,3000,4
647203,647203,2588812,4778,201,804,717.0,0.0,717.0,815,815,553.0895522388059,17,0,1000000,3000,4
647312,647312,2589248,4779,109,436,601.0,0.0,601.0,680,680,400.6238532110092,14,0,1000000,3000,4
647408,647408,2589632,4780,96,384,609.0,0.0,609.0,685,685,404.2708333333333,14,0,1000000,3000,4
647507,647507,2590028,4781,99,396,624.0,0.0,624.0,701,701,367.7878787878788,15,0,1000000,3000,4
647601,647601,2590404,4782,94,376,598.0,0.0,598.0,673,673,405.52127659574467,14,0,1000000,3000,4
647825,647825,2591300,4783,224,896,1028.0,0.0,1028.0,1128,1128,633.53125,23,0,1000000,3000,4
647904,647904,2591616,4784,79,316,637.0,0.0,637.0,709,709,387.30379746835445,15,0,1000000,3000,4
647931,647931,2591724,4785,27,108,246.0,0.0,246.0,309,309,162.5185185185185,7,0,1000000,3000,4
648102,648102,2592408,4786,171,684,709.0,0.0,709.0,800,800,529.3976608187135,17,0,1000000,3000,4
648131,648131,2592524,4787,29,116,253.0,0.0,253.0,316,316,158.72413793103448,7,0,1000000,3000,4
648417,648417,2593668,4788,286,1144,690.0,0.0,690.0,805,805,621.8286713286714,17,0,1000000,3000,4
648489,648489,2593956,4789,72,288,653.0,0.0,653.0,722,722,384.1111111111111,15,0,1000000,3000,4
648889,648889,2595556,4790,400,1600,1529.0,0.0,1529.0,1665,1665,769.565,34,0,1000000,3000,4
649026,649026,2596104,4791,137,548,1349.0,0.0,1349.0,1434,1434,719.5474452554745,29,0,1000000,3000,4
649056,649056,2596224,4792,30,120,248.0,0.0,248.0,311,311,153.5,7,0,1000000,3000,4
649132,649132,2596528,4793,76,304,615.0,0.0,615.0,688,688,352.2894736842105,14,0,1000000,3000,4
649290,649290,2597160,4794,158,632,812.0,0.0,812.0,898,899,595.1962025316456,18,0,1000000,3000,4
649325,649325,2597300,4795,35,140,235.0,0.0,235.0,299,299,171.4,6,0,1000000,3000,4
649507,649507,2598028,4796,182,728,1037.0,0.0,1037.0,1129,1129,637.0164835164835,23,0,1000000,3000,4
649578,649578,2598312,4797,71,284,614.0,0.0,614.0,686,686,356.88732394366195,14,0,1000000,3000,4
649705,649705,2598820,4798,127,508,1047.0,0.0,1047.0,1128,1128,600.3228346456693,23,0,1000000,3000,4
649792,649792,2599168,4799,87,348,635.0,0.0,635.0,710,710,383.7471264367816,15,0,1000000,3000,4
649823,649823,2599292,4800,31,124,246.0,0.0,246.0,309,309,159.16129032258064,7,0,1000000,3000,4
649976,649976,2599904,4801,153,612,1042.0,0.0,1042.0,1128,1128,642.0718954248366,23,0,1000000,3000,4
650118,650118,2600472,4802,142,568,754.0,0.0,754.0,839,839,526.7746478873239,17,0,1000000,3000,4
650148,650148,2600592,4803,30,120,250.0,0.0,250.0,314,314,153.26666666666668,7,0,1000000,3000,4
650350,650350,2601400,4804,202,808,1335.0,0.0,1335.0,1433,1433,717.4851485148515,29,0,1000000,3000,4
650379,650379,2601516,4805,29,116,251.0,0.0,251.0,314,314,159.44827586206895,7,0,1000000,3000,4
650465,650465,2601860,4806,86,344,635.0,0.0,635.0,710,710,395.27906976744185,15,0,1000000,3000,4
650497,650497,2601988,4807,32,128,251.0,0.0,251.0,315,315,154.46875,7,0,1000000,3000,4
650572,650572,2602288,4808,75,300,610.0,0.0,610.0,682,682,331.36,14,0,1000000,3000,4
650601,650601,2602404,4809,29,116,251.0,0.0,251.0,314,314,159.6551724137931,7,0,1000000,3000,4
650630,650630,2602520,4810,29,116,249.0,0.0,249.0,312,312,153.9655172413793,7,0,1000000,3000,4
650705,650705,2602820,4811,75,300,613.0,0.0,613.0,686,686,350.85333333333335,14,0,1000000,3000,4
650733,650733,2602932,4812,28,112,247.0,0.0,247.0,310,310,155.14285714285714,7,0,1000000,3000,4
650930,650930,2603720,4813,197,788,1033.0,0.0,1033.0,1128,1128,597.9543147208121,23,0,1000000,3000,4
651045,651045,2604180,4814,115,460,605.0,0.0,605.0,685,685,393.17391304347825,14,0,1000000,3000,4
651222,651222,2604888,4815,177,708,1034.0,0.0,1034.0,1125,1125,600.6779661016949,23,0,1000000,3000,4
651294,651294,2605176,4816,72,288,630.0,0.0,630.0,702,702,372.9583333333333,15,0,1000000,3000,4
651367,651367,2605468,4817,73,292,612.0,0.0,612.0,683,683,336.05479452054794,14,0,1000000,3000,4
651530,651530,2606120,4818,163,652,784.0,0.0,784.0,873,873,537.920245398773,18,0,1000000,3000,4
651631,651631,2606524,4819,101,404,618.0,0.0,618.0,696,696,384.0495049504951,14,0,1000000,3000,4
651663,651663,2606652,4820,32,128,252.0,0.0,252.0,316,316,152.90625,7,0,1000000,3000,4
651701,651701,2606804,4821,38,152,239.0,0.0,239.0,304,304,155.94736842105263,7,0,1000000,3000,4
651731,651731,2606924,4822,30,120,247.0,0.0,247.0,311,311,151.46666666666667,7,0,1000000,3000,4
651880,651880,2607520,4823,149,596,814.0,0.0,814.0,898,900,536.3825503355705,19,0,1000000,3000,4
651950,651950,2607800,4824,70,280,605.0,0.0,605.0,676,676,340.2142857142857,14,0,1000000,3000,4
652119,652119,2608476,4825,169,676,1040.0,0.0,1040.0,1129,1129,601.792899408284,23,0,1000000,3000,4
652158,652158,2608632,4826,39,156,223.0,0.0,223.0,287,287,173.84615384615384,6,0,1000000,3000,4
652228,652228,2608912,4827,70,280,610.0,0.0,610.0,681,681,353.8142857142857,14,0,1000000,3000,4
652262,652262,2609048,4828,34,136,243.0,0.0,243.0,307,307,164.0,7,0,1000000,3000,4
652438,652438,2609752,4829,176,704,1038.0,0.0,1038.0,1129,1129,620.6988636363636,23,0,1000000,3000,4
652522,652522,2610088,4830,84,336,619.0,0.0,619.0,693,693,404.0357142857143,14,0,1000000,3000,4
652722,652722,2610888,4831,200,800,1147.0,0.0,1147.0,1244,1244,633.525,25,0,1000000,3000,4
652911,652911,2611644,4832,189,756,806.0,0.0,806.0,898,898,604.6190476190476,18,0,1000000,3000,4
652940,652940,2611760,4833,29,116,249.0,0.0,249.0,312,312,158.93103448275863,7,0,1000000,3000,4
652976,652976,2611904,4834,36,144,242.0,0.0,242.0,307,307,148.36111111111111,7,0,1000000,3000,4
653046,653046,2612184,4835,70,280,622.0,0.0,622.0,693,693,351.7857142857143,14,0,1000000,3000,4
653078,653078,2612312,4836,32,128,247.0,0.0,247.0,311,311,152.28125,7,0,1000000,3000,4
653143,653143,2612572,4837,65,260,608.0,0.0,608.0,679,679,320.67692307692306,14,0,1000000,3000,4
653173,653173,2612692,4838,30,120,249.0,0.0,249.0,312,312,154.2,7,0,1000000,3000,4
653262,653262,2613048,4839,89,356,617.0,0.0,617.0,691,691,396.35955056179773,14,0,1000000,3000,4
653414,653414,2613656,4840,152,608,1041.0,0.0,1041.0,1127,1127,633.921052631579,23,0,1000000,3000,4
653642,653642,2614568,4841,228,912,1031.0,0.0,1031.0,1133,1133,602.8421052631579,23,0,1000000,3000,4
653851,653851,2615404,4842,209,836,1544.0,0.0,1544.0,1642,1642,880.6842105263158,33,0,1000000,3000,4
654005,654005,2616020,4843,154,616,637.0,0.0,637.0,722,722,516.2272727272727,15,0,1000000,3000,4
654162,654162,2616648,4844,157,628,812.0,0.0,812.0,898,898,553.0127388535032,18,0,1000000,3000,4
654248,654248,2616992,4845,86,344,617.0,0.0,617.0,692,692,337.04651162790697,14,0,1000000,3000,4
654349,654349,2617396,4846,101,404,630.0,0.0,630.0,707,707,374.8910891089109,15,0,1000000,3000,4
654443,654443,2617772,4847,94,376,613.0,0.0,613.0,689,689,395.1914893617021,14,0,1000000,3000,4
654708,654708,2618832,4848,265,1060,1324.0,0.0,1324.0,1434,1434,736.4452830188679,29,0,1000000,3000,4
654894,654894,2619576,4849,186,744,1034.0,0.0,1034.0,1127,1127,593.5376344086021,23,0,1000000,3000,4
655016,655016,2620064,4850,122,488,736.0,0.0,736.0,817,817,505.1803278688525,17,0,1000000,3000,4
655045,655045,2620180,4851,29,116,252.0,0.0,252.0,315,315,155.93103448275863,7,0,1000000,3000,4
655083,655083,2620332,4852,38,152,237.0,0.0,237.0,302,302,155.1578947368421,7,0,1000000,3000,4
655117,655117,2620468,4853,34,136,241.0,0.0,241.0,305,305,160.2941176470588,7,0,1000000,3000,4
655157,655157,2620628,4854,40,160,237.0,0.0,237.0,301,301,160.575,7,0,1000000,3000,4
655335,655335,2621340,4855,178,712,1057.0,0.0,1057.0,1150,1150,633.3483146067416,24,0,1000000,3000,4
655410,655410,2621640,4856,75,300,606.0,0.0,606.0,678,678,335.06666666666666,14,0,1000000,3000,4
655485,655485,2621940,4857,75,300,607.0,0.0,607.0,679,679,341.0933333333333,14,0,1000000,3000,4
655516,655516,2622064,4858,31,124,251.0,0.0,251.0,315,315,151.48387096774192,7,0,1000000,3000,4
655658,655658,2622632,4859,142,568,1045.0,0.0,1045.0,1129,1129,656.4718309859155,23,0,1000000,3000,4
655844,655844,2623376,4860,186,744,1331.0,0.0,1331.0,1426,1426,723.763440860215,29,0,1000000,3000,4
655875,655875,2623500,4861,31,124,250.0,0.0,250.0,314,314,153.41935483870967,7,0,1000000,3000,4
655962,655962,2623848,4862,87,348,606.0,0.0,606.0,681,681,419.1609195402299,14,0,1000000,3000,4
656056,656056,2624224,4863,94,376,623.0,0.0,623.0,698,698,376.6276595744681,14,0,1000000,3000,4
656129,656129,2624516,4864,73,292,608.0,0.0,608.0,680,680,335.26027397260276,14,0,1000000,3000,4
656158,656158,2624632,4865,29,116,247.0,0.0,247.0,310,310,155.9655172413793,7,0,1000000,3000,4
656260,656260,2625040,4866,102,408,606.0,0.0,606.0,684,684,400.9019607843137,14,0,1000000,3000,4
656331,656331,2625324,4867,71,284,615.0,0.0,615.0,687,687,357.77464788732397,14,0,1000000,3000,4
656480,656480,2625920,4868,149,596,1065.0,0.0,1065.0,1152,1152,596.5704697986578,24,0,1000000,3000,4
656517,656517,2626068,4869,37,148,241.0,0.0,241.0,306,306,154.9189189189189,7,0,1000000,3000,4
656689,656689,2626756,4870,172,688,809.0,0.0,809.0,898,899,576.8953488372093,18,0,1000000,3000,4
656725,656725,2626900,4871,36,144,236.0,0.0,236.0,301,301,163.63888888888889,7,0,1000000,3000,4
656813,656813,2627252,4872,88,352,636.0,0.0,636.0,711,711,377.0,15,0,1000000,3000,4
657019,657019,2628076,4873,206,824,1424.0,0.0,1424.0,1523,1523,765.9368932038835,31,0,1000000,3000,4
657058,657058,2628232,4874,39,156,237.0,0.0,237.0,302,302,157.76923076923077,7,0,1000000,3000,4
657381,657381,2629524,4875,323,1292,2348.0,0.0,2348.0,2468,2468,1387.4489164086688,50,0,1000000,3000,4
657523,657523,2630092,4876,142,568,1044.0,0.0,1044.0,1128,1128,641.3591549295775,23,0,1000000,3000,4
657556,657556,2630224,4877,33,132,237.0,0.0,237.0,299,299,172.5151515151515,6,0,1000000,3000,4
657921,657921,2631684,4878,365,1460,1298.0,0.0,1298.0,1428,1428,792.8328767123288,29,0,1000000,3000,4
658095,658095,2632380,4879,174,696,1343.0,0.0,1343.0,1435,1435,699.0344827586207,29,0,1000000,3000,4
658268,658268,2633072,4880,173,692,809.0,0.0,809.0,898,898,548.9653179190751,18,0,1000000,3000,4
658395,658395,2633580,4881,127,508,776.0,0.0,776.0,859,859,539.5984251968504,18,0,1000000,3000,4
658494,658494,2633976,4882,99,396,622.0,0.0,622.0,699,699,381.050505050505,14,0,1000000,3000,4
658653,658653,2634612,4883,159,636,1039.0,0.0,1039.0,1126,1126,588.1572327044025,23,0,1000000,3000,4
658788,658788,2635152,4884,135,540,756.0,0.0,756.0,840,840,518.4444444444445,17,0,1000000,3000,4
658864,658864,2635456,4885,76,304,608.0,0.0,608.0,681,681,325.63157894736844,14,0,1000000,3000,4
658901,658901,2635604,4886,37,148,234.0,0.0,234.0,299,299,160.78378378378378,6,0,1000000,3000,4
659098,659098,2636392,4887,197,788,757.0,0.0,757.0,854,854,516.005076142132,18,0,1000000,3000,4
659325,659325,2637300,4888,227,908,1028.0,0.0,1028.0,1129,1129,631.669603524229,23,0,1000000,3000,4
659477,659477,2637908,4889,152,608,737.0,0.0,737.0,825,825,474.24342105263156,17,0,1000000,3000,4
659792,659792,2639168,4890,315,1260,1830.0,0.0,1830.0,1950,1950,968.6920634920635,40,0,1000000,3000,4
659891,659891,2639564,4891,99,396,617.0,0.0,617.0,693,693,346.35353535353534,14,0,1000000,3000,4
660149,660149,2640596,4892,258,1032,1020.0,0.0,1020.0,1127,1127,652.3333333333334,23,0,1000000,3000,4
660184,660184,2640736,4893,35,140,236.0,0.0,236.0,300,300,168.65714285714284,7,0,1000000,3000,4
660214,660214,2640856,4894,30,120,251.0,0.0,251.0,315,315,151.53333333333333,7,0,1000000,3000,4
660248,660248,2640992,4895,34,136,232.0,0.0,232.0,295,295,166.23529411764707,6,0,1000000,3000,4
660279,660279,2641116,4896,31,124,248.0,0.0,248.0,312,312,153.1290322580645,7,0,1000000,3000,4
660311,660311,2641244,4897,32,128,244.0,0.0,244.0,308,308,151.28125,7,0,1000000,3000,4
660401,660401,2641604,4898,90,360,611.0,0.0,611.0,686,686,402.9111111111111,14,0,1000000,3000,4
660430,660430,2641720,4899,29,116,249.0,0.0,249.0,312,312,161.27586206896552,7,0,1000000,3000,4
660461,660461,2641844,4900,31,124,250.0,0.0,250.0,313,313,152.1290322580645,7,0,1000000,3000,4
660532,660532,2642128,4901,71,284,610.0,0.0,610.0,681,681,345.07042253521126,14,0,1000000,3000,4
660722,660722,2642888,4902,190,760,1043.0,0.0,1043.0,1136,1136,639.2894736842105,23,0,1000000,3000,4
660876,660876,2643504,4903,154,616,1040.0,0.0,1040.0,1125,1125,578.2662337662338,23,0,1000000,3000,4
660915,660915,2643660,4904,39,156,240.0,0.0,240.0,305,305,145.02564102564102,7,0,1000000,3000,4
661107,661107,2644428,4905,192,768,1324.0,0.0,1324.0,1418,1418,702.8333333333334,29,0,1000000,3000,4
661192,661192,2644768,4906,85,340,611.0,0.0,611.0,684,684,345.5882352941176,14,0,1000000,3000,4
661428,661428,2645712,4907,236,944,1416.0,0.0,1416.0,1520,1520,737.1779661016949,31,0,1000000,3000,4
661471,661471,2645884,4908,43,172,239.0,0.0,239.0,305,305,143.34883720930233,7,0,1000000,3000,4
661558,661558,2646232,4909,87,348,607.0,0.0,607.0,681,681,325.0,14,0,1000000,3000,4
661669,661669,2646676,4910,111,444,620.0,0.0,620.0,700,700,369.47747747747746,15,0,1000000,3000,4
661705,661705,2646820,4911,36,144,242.0,0.0,242.0,307,307,154.30555555555554,7,0,1000000,3000,4
661745,661745,2646980,4912,40,160,236.0,0.0,236.0,301,301,159.425,7,0,1000000,3000,4
661934,661934,2647736,4913,189,756,1030.0,0.0,1030.0,1122,1122,608.1746031746031,23,0,1000000,3000,4
662003,662003,2648012,4914,69,276,605.0,0.0,605.0,676,676,328.40579710144925,14,0,1000000,3000,4
662047,662047,2648188,4915,44,176,225.0,0.0,225.0,290,290,169.38636363636363,6,0,1000000,3000,4
662141,662141,2648564,4916,94,376,617.0,0.0,617.0,692,692,399.82978723404256,14,0,1000000,3000,4
662178,662178,2648712,4917,37,148,244.0,0.0,244.0,309,309,155.0810810810811,7,0,1000000,3000,4
662297,662297,2649188,4918,119,476,628.0,0.0,628.0,709,709,359.4033613445378,15,0,1000000,3000,4
662329,662329,2649316,4919,32,128,247.0,0.0,247.0,310,310,147.625,7,0,1000000,3000,4
662360,662360,2649440,4920,31,124,246.0,0.0,246.0,309,309,150.4516129032258,7,0,1000000,3000,4
662392,662392,2649568,4921,32,128,249.0,0.0,249.0,312,312,151.9375,7,0,1000000,3000,4
662483,662483,2649932,4922,91,364,649.0,0.0,649.0,722,722,355.56043956043953,15,0,1000000,3000,4
662527,662527,2650108,4923,44,176,223.0,0.0,223.0,287,287,166.86363636363637,6,0,1000000,3000,4
662746,662746,2650984,4924,219,876,1028.0,0.0,1028.0,1127,1127,634.1872146118722,23,0,1000000,3000,4
662775,662775,2651100,4925,29,116,247.0,0.0,247.0,310,310,154.41379310344828,7,0,1000000,3000,4
662809,662809,2651236,4926,34,136,236.0,0.0,236.0,300,300,163.73529411764707,7,0,1000000,3000,4
662929,662929,2651716,4927,120,480,606.0,0.0,606.0,687,687,378.31666666666666,14,0,1000000,3000,4
663019,663019,2652076,4928,90,360,634.0,0.0,634.0,709,709,372.7,15,0,1000000,3000,4
663104,663104,2652416,4929,85,340,637.0,0.0,637.0,711,711,388.88235294117646,15,0,1000000,3000,4
663147,663147,2652588,4930,43,172,227.0,0.0,227.0,291,291,166.37209302325581,6,0,1000000,3000,4
663430,663430,2653720,4931,283,1132,757.0,0.0,757.0,871,871,590.8056537102474,18,0,1000000,3000,4
663613,663613,2654452,4932,183,732,1046.0,0.0,1046.0,1139,1139,587.639344262295,23,0,1000000,3000,4
663705,663705,2654820,4933,92,368,615.0,0.0,615.0,690,690,333.67391304347825,14,0,1000000,3000,4
663795,663795,2655180,4934,90,360,634.0,0.0,634.0,709,709,374.9,15,0,1000000,3000,4
663956,663956,2655824,4935,161,644,1335.0,0.0,1335.0,1424,1424,759.5527950310559,29,0,1000000,3000,4
663988,663988,2655952,4936,32,128,246.0,0.0,246.0,310,310,157.3125,7,0,1000000,3000,4
664022,664022,2656088,4937,34,136,242.0,0.0,242.0,304,304,158.26470588235293,7,0,1000000,3000,4
664137,664137,2656548,4938,115,460,622.0,0.0,622.0,701,701,370.495652173913,15,0,1000000,3000,4
664220,664220,2656880,4939,83,332,612.0,0.0,612.0,686,686,326.87951807228916,14,0,1000000,3000,4
664307,664307,2657228,4940,87,348,620.0,0.0,620.0,693,693,347.18390804597703,14,0,1000000,3000,4
664479,664479,2657916,4941,172,688,765.0,0.0,765.0,856,856,524.5,18,0,1000000,3000,4
664678,664678,2658712,4942,199,796,804.0,0.0,804.0,898,899,613.5929648241206,18,0,1000000,3000,4
664761,664761,2659044,4943,83,332,617.0,0.0,617.0,690,690,363.34939759036143,14,0,1000000,3000,4
664798,664798,2659192,4944,37,148,242.0,0.0,242.0,306,306,157.6216216216216,7,0,1000000,3000,4
664843,664843,2659372,4945,45,180,226.0,0.0,226.0,292,292,152.51111111111112,6,0,1000000,3000,4
664876,664876,2659504,4946,33,132,236.0,0.0,236.0,299,299,169.42424242424244,6,0,1000000,3000,4
664976,664976,2659904,4947,100,400,609.0,0.0,609.0,686,686,337.46,14,0,1000000,3000,4
665012,665012,2660048,4948,36,144,247.0,0.0,247.0,310,310,147.86111111111111,7,0,1000000,3000,4
665153,665153,2660612,4949,141,564,1042.0,0.0,1042.0,1126,1126,602.3687943262412,23,0,1000000,3000,4
665191,665191,2660764,4950,38,152,242.0,0.0,242.0,307,307,150.28947368421052,7,0,1000000,3000,4
665378,665378,2661512,4951,187,748,1034.0,0.0,1034.0,1127,1127,561.4331550802139,23,0,1000000,3000,4
665411,665411,2661644,4952,33,132,241.0,0.0,241.0,304,304,167.54545454545453,7,0,1000000,3000,4
665649,665649,2662596,4953,238,952,1329.0,0.0,1329.0,1434,1434,728.436974789916,29,0,1000000,3000,4
665799,665799,2663196,4954,150,600,1037.0,0.0,1037.0,1122,1122,567.54,23,0,1000000,3000,4
666180,666180,2664720,4955,381,1524,1648.0,0.0,1648.0,1782,1782,941.1364829396325,36,0,1000000,3000,4
666290,666290,2665160,4956,110,440,610.0,0.0,610.0,689,689,380.4727272727273,14,0,1000000,3000,4
666414,666414,2665656,4957,124,496,602.0,0.0,602.0,684,684,361.26612903225805,14,0,1000000,3000,4
666502,666502,2666008,4958,88,352,610.0,0.0,610.0,685,685,330.59090909090907,14,0,1000000,3000,4
666684,666684,2666736,4959,182,728,807.0,0.0,807.0,898,898,547.065934065934,18,0,1000000,3000,4
666917,666917,2667668,4960,233,932,1555.0,0.0,1555.0,1657,1657,855.1115879828326,34,0,1000000,3000,4
667070,667070,2668280,4961,153,612,637.0,0.0,637.0,722,722,481.62745098039215,15,0,1000000,3000,4
667409,667409,2669636,4962,339,1356,1292.0,0.0,1292.0,1415,1415,691.0560471976402,29,0,1000000,3000,4
667818,667818,2671272,4963,409,1636,1290.0,0.0,1290.0,1429,1429,739.4180929095354,29,0,1000000,3000,4
668105,668105,2672420,4964,287,1148,705.0,0.0,705.0,820,820,587.3449477351917,17,0,1000000,3000,4
668361,668361,2673444,4965,256,1024,1318.0,0.0,1318.0,1426,1426,711.84375,29,0,1000000,3000,4
668595,668595,2674380,4966,234,936,1412.0,0.0,1412.0,1514,1514,802.1495726495726,31,0,1000000,3000,4
668807,668807,2675228,4967,212,848,1699.0,0.0,1699.0,1798,1798,924.3018867924528,36,0,1000000,3000,4
668886,668886,2675544,4968,79,316,616.0,0.0,616.0,689,689,337.2025316455696,14,0,1000000,3000,4
669113,669113,2676452,4969,227,908,1314.0,0.0,1314.0,1415,1415,750.9295154185022,29,0,1000000,3000,4
669205,669205,2676820,4970,92,368,617.0,0.0,617.0,692,692,404.5,14,0,1000000,3000,4
669294,669294,2677176,4971,89,356,605.0,0.0,605.0,680,680,316.53932584269666,14,0,1000000,3000,4
669535,669535,2678140,4972,241,964,1023.0,0.0,1023.0,1127,1127,655.195020746888,23,0,1000000,3000,4
669700,669700,2678800,4973,165,660,750.0,0.0,750.0,839,839,544.5636363636364,17,0,1000000,3000,4
669735,669735,2678940,4974,35,140,242.0,0.0,242.0,305,305,162.4857142857143,7,0,1000000,3000,4
669769,669769,2679076,4975,34,136,250.0,0.0,250.0,313,313,150.11764705882354,7,0,1000000,3000,4
669807,669807,2679228,4976,38,152,238.0,0.0,238.0,301,301,155.73684210526315,7,0,1000000,3000,4
669851,669851,2679404,4977,44,176,233.0,0.0,233.0,298,298,152.61363636363637,6,0,1000000,3000,4
669886,669886,2679544,4978,35,140,237.0,0.0,237.0,300,300,158.8,7,0,1000000,3000,4
670010,670010,2680040,4979,124,496,763.0,0.0,763.0,844,844,512.7822580645161,17,0,1000000,3000,4
670108,670108,2680432,4980,98,392,608.0,0.0,608.0,685,685,383.05102040816325,14,0,1000000,3000,4
670376,670376,2681504,4981,268,1072,1300.0,0.0,1300.0,1409,1410,661.1753731343283,29,0,1000000,3000,4
670407,670407,2681628,4982,31,124,251.0,0.0,251.0,314,314,151.58064516129033,7,0,1000000,3000,4
670506,670506,2682024,4983,99,396,584.0,0.0,584.0,659,659,423.0808080808081,14,0,1000000,3000,4
670537,670537,2682148,4984,31,124,248.0,0.0,248.0,311,311,150.29032258064515,7,0,1000000,3000,4
670725,670725,2682900,4985,188,752,738.0,0.0,738.0,832,832,549.9095744680851,17,0,1000000,3000,4
670761,670761,2683044,4986,36,144,233.0,0.0,233.0,297,297,165.0,6,0,1000000,3000,4
670823,670823,2683292,4987,62,248,613.0,0.0,613.0,683,683,337.14516129032256,14,0,1000000,3000,4
671014,671014,2684056,4988,191,764,1338.0,0.0,1338.0,1434,1434,737.6649214659686,29,0,1000000,3000,4
671099,671099,2684396,4989,85,340,622.0,0.0,622.0,695,695,373.5529411764706,14,0,1000000,3000,4
671293,671293,2685172,4990,194,776,1030.0,0.0,1030.0,1123,1123,629.5721649484536,23,0,1000000,3000,4
671429,671429,2685716,4991,136,544,1055.0,0.0,1055.0,1138,1138,600.4705882352941,23,0,1000000,3000,4
671504,671504,2686016,4992,75,300,612.0,0.0,612.0,683,683,336.94666666666666,14,0,1000000,3000,4
671706,671706,2686824,4993,202,808,1331.0,0.0,1331.0,1427,1427,703.4009900990098,29,0,1000000,3000,4
671790,671790,2687160,4994,84,336,610.0,0.0,610.0,684,684,337.2738095238095,14,0,1000000,3000,4
672014,672014,2688056,4995,224,896,1139.0,0.0,1139.0,1241,1241,627.1428571428571,25,0,1000000,3000,4
672108,672108,2688432,4996,94,376,632.0,0.0,632.0,708,708,374.5425531914894,15,0,1000000,3000,4
672195,672195,2688780,4997,87,348,634.0,0.0,634.0,709,709,379.58620689655174,15,0,1000000,3000,4
672223,672223,2688892,4998,28,112,247.0,0.0,247.0,310,310,155.35714285714286,7,0,1000000,3000,4
672374,672374,2689496,4999,151,604,1043.0,0.0,1043.0,1129,1129,592.1324503311258,23,0,1000000,3000,4
672570,672570,2690280,5000,196,784,731.0,0.0,731.0,827,827,554.0714285714286,17,0,1000000,3000,4
672692,672692,2690768,5001,122,488,735.0,0.0,735.0,817,817,495.7049180327869,17,0,1000000,3000,4
672723,672723,2690892,5002,31,124,248.0,0.0,248.0,312,312,155.1290322580645,7,0,1000000,3000,4
672759,672759,2691036,5003,36,144,237.0,0.0,237.0,301,301,156.55555555555554,7,0,1000000,3000,4
672914,672914,2691656,5004,155,620,1040.0,0.0,1040.0,1126,1126,629.4709677419355,23,0,1000000,3000,4
673012,673012,2692048,5005,98,392,627.0,0.0,627.0,704,704,393.1938775510204,15,0,1000000,3000,4
673043,673043,2692172,5006,31,124,251.0,0.0,251.0,315,315,154.90322580645162,7,0,1000000,3000,4
673073,673073,2692292,5007,30,120,246.0,0.0,246.0,310,310,151.16666666666666,7,0,1000000,3000,4
673219,673219,2692876,5008,146,584,1041.0,0.0,1041.0,1126,1126,597.472602739726,23,0,1000000,3000,4
673371,673371,2693484,5009,152,608,1063.0,0.0,1063.0,1151,1151,625.2894736842105,24,0,1000000,3000,4
673405,673405,2693620,5010,34,136,242.0,0.0,242.0,306,306,151.91176470588235,7,0,1000000,3000,4
673551,673551,2694204,5011,146,584,1044.0,0.0,1044.0,1130,1130,625.0205479452055,23,0,1000000,3000,4
673582,673582,2694328,5012,31,124,243.0,0.0,243.0,307,307,156.90322580645162,7,0,1000000,3000,4
673727,673727,2694908,5013,145,580,786.0,0.0,786.0,872,872,553.7724137931034,18,0,1000000,3000,4
673823,673823,2695292,5014,96,384,630.0,0.0,630.0,707,707,372.8958333333333,15,0,1000000,3000,4
673903,673903,2695612,5015,80,320,652.0,0.0,652.0,722,723,391.6125,15,0,1000000,3000,4
674048,674048,2696192,5016,145,580,1045.0,0.0,1045.0,1129,1129,591.8689655172413,23,0,1000000,3000,4
674134,674134,2696536,5017,86,344,615.0,0.0,615.0,690,690,397.3255813953488,14,0,1000000,3000,4
674207,674207,2696828,5018,73,292,653.0,0.0,653.0,722,722,385.8767123287671,15,0,1000000,3000,4
674249,674249,2696996,5019,42,168,236.0,0.0,236.0,302,302,149.95238095238096,7,0,1000000,3000,4
674281,674281,2697124,5020,32,128,247.0,0.0,247.0,310,310,159.65625,7,0,1000000,3000,4
674441,674441,2697764,5021,160,640,1439.0,0.0,1439.0,1528,1528,718.95625,31,0,1000000,3000,4
674527,674527,2698108,5022,86,344,623.0,0.0,623.0,697,697,384.0232558139535,14,0,1000000,3000,4
674557,674557,2698228,5023,30,120,249.0,0.0,249.0,313,313,152.63333333333333,7,0,1000000,3000,4
674589,674589,2698356,5024,32,128,248.0,0.0,248.0,312,312,148.90625,7,0,1000000,3000,4
674653,674653,2698612,5025,64,256,607.0,0.0,607.0,677,677,322.40625,14,0,1000000,3000,4
674774,674774,2699096,5026,121,484,1049.0,0.0,1049.0,1129,1129,580.694214876033,23,0,1000000,3000,4
675055,675055,2700220,5027,281,1124,1410.0,0.0,1410.0,1524,1524,721.153024911032,31,0,1000000,3000,4
675158,675158,2700632,5028,103,412,629.0,0.0,629.0,706,706,395.56310679611653,15,0,1000000,3000,4
675223,675223,2700892,5029,65,260,609.0,0.0,609.0,680,680,331.96923076923076,14,0,1000000,3000,4
675451,675451,2701804,5030,228,912,798.0,0.0,798.0,898,899,682.3552631578947,18,0,1000000,3000,4
675613,675613,2702452,5031,162,648,1039.0,0.0,1039.0,1127,1127,585.7037037037037,23,0,1000000,3000,4
675789,675789,2703156,5032,176,704,1345.0,0.0,1345.0,1438,1438,686.2386363636364,29,0,1000000,3000,4
675868,675868,2703472,5033,79,316,625.0,0.0,625.0,698,698,378.4810126582278,14,0,1000000,3000,4
676016,676016,2704064,5034,148,592,814.0,0.0,814.0,898,898,622.9054054054054,18,0,1000000,3000,4
676049,676049,2704196,5035,33,132,236.0,0.0,236.0,300,300,167.6060606060606,7,0,1000000,3000,4
676083,676083,2704332,5036,34,136,233.0,0.0,233.0,296,296,171.38235294117646,6,0,1000000,3000,4
676365,676365,2705460,5037,282,1128,1014.0,0.0,1014.0,1125,1125,670.2836879432624,23,0,1000000,3000,4
676541,676541,2706164,5038,176,704,1587.0,0.0,1587.0,1680,1680,836.5738636363636,34,0,1000000,3000,4
676627,676627,2706508,5039,86,344,628.0,0.0,628.0,703,703,397.74418604651163,15,0,1000000,3000,4
676704,676704,2706816,5040,77,308,628.0,0.0,628.0,701,701,395.61038961038963,15,0,1000000,3000,4
676740,676740,2706960,5041,36,144,237.0,0.0,237.0,301,301,165.25,7,0,1000000,3000,4
676907,676907,2707628,5042,167,668,1434.0,0.0,1434.0,1525,1525,751.2994011976048,31,0,1000000,3000,4
677081,677081,2708324,5043,174,696,1037.0,0.0,1037.0,1127,1127,627.3793103448276,23,0,1000000,3000,4
677153,677153,2708612,5044,72,288,598.0,0.0,598.0,670,670,323.5,14,0,1000000,3000,4
677267,677267,2709068,5045,114,456,1049.0,0.0,1049.0,1126,1126,560.780701754386,23,0,1000000,3000,4
677296,677296,2709184,5046,29,116,249.0,0.0,249.0,312,312,153.9655172413793,7,0,1000000,3000,4
677448,677448,2709792,5047,152,608,1043.0,0.0,1043.0,1129,1129,600.5394736842105,23,0,1000000,3000,4
677633,677633,2710532,5048,185,740,1036.0,0.0,1036.0,1128,1128,624.227027027027,23,0,1000000,3000,4
677665,677665,2710660,5049,32,128,247.0,0.0,247.0,311,311,152.53125,7,0,1000000,3000,4
677890,677890,2711560,5050,225,900,1563.0,0.0,1563.0,1665,1665,826.2622222222222,34,0,1000000,3000,4
677964,677964,2711856,5051,74,296,634.0,0.0,634.0,705,705,370.5405405405405,15,0,1000000,3000,4
678024,678024,2712096,5052,60,240,608.0,0.0,608.0,677,677,335.2,14,0,1000000,3000,4
678154,678154,2712616,5053,130,520,1049.0,0.0,1049.0,1130,1130,613.7538461538461,23,0,1000000,3000,4
678184,678184,2712736,5054,30,120,249.0,0.0,249.0,313,313,152.1,7,0,1000000,3000,4
678212,678212,2712848,5055,28,112,249.0,0.0,249.0,312,312,156.57142857142858,7,0,1000000,3000,4
678244,678244,2712976,5056,32,128,250.0,0.0,250.0,314,314,158.1875,7,0,1000000,3000,4
678418,678418,2713672,5057,174,696,1694.0,0.0,1694.0,1785,1785,955.2011494252873,36,0,1000000,3000,4
678489,678489,2713956,5058,71,284,613.0,0.0,613.0,685,685,341.2957746478873,14,0,1000000,3000,4
678520,678520,2714080,5059,31,124,241.0,0.0,241.0,304,304,166.16129032258064,7,0,1000000,3000,4
678549,678549,2714196,5060,29,116,249.0,0.0,249.0,312,312,153.79310344827587,7,0,1000000,3000,4
678669,678669,2714676,5061,120,480,727.0,0.0,727.0,809,809,441.75,17,0,1000000,3000,4
678773,678773,2715092,5062,104,416,603.0,0.0,603.0,680,680,402.7307692307692,14,0,1000000,3000,4
678954,678954,2715816,5063,181,724,1573.0,0.0,1573.0,1666,1666,800.2983425414365,34,0,1000000,3000,4
679036,679036,2716144,5064,82,328,607.0,0.0,607.0,681,681,339.3780487804878,14,0,1000000,3000,4
679066,679066,2716264,5065,30,120,252.0,0.0,252.0,315,315,159.5,7,0,1000000,3000,4
679105,679105,2716420,5066,39,156,227.0,0.0,227.0,292,292,161.12820512820514,6,0,1000000,3000,4
679313,679313,2717252,5067,208,832,1339.0,0.0,1339.0,1438,1438,745.1442307692307,29,0,1000000,3000,4
679411,679411,2717644,5068,98,392,626.0,0.0,626.0,703,703,392.90816326530614,15,0,1000000,3000,4
679655,679655,2718620,5069,244,976,1690.0,0.0,1690.0,1796,1796,856.9672131147541,36,0,1000000,3000,4
679717,679717,2718868,5070,62,248,616.0,0.0,616.0,686,686,348.2096774193548,14,0,1000000,3000,4
680163,680163,2720652,5071,446,1784,3032.0,0.0,3032.0,3161,3161,1847.6367713004483,64,0,1000000,3000,4
680258,680258,2721032,5072,95,380,722.0,0.0,722.0,796,796,484.11578947368423,16,0,1000000,3000,4
680396,680396,2721584,5073,138,552,792.0,0.0,792.0,877,877,539.4347826086956,18,0,1000000,3000,4
680485,680485,2721940,5074,89,356,614.0,0.0,614.0,688,688,421.685393258427,14,0,1000000,3000,4
680582,680582,2722328,5075,97,388,600.0,0.0,600.0,676,676,407.2371134020619,14,0,1000000,3000,4
680611,680611,2722444,5076,29,116,252.0,0.0,252.0,315,315,159.93103448275863,7,0,1000000,3000,4
680702,680702,2722808,5077,91,364,623.0,0.0,623.0,698,698,382.2087912087912,14,0,1000000,3000,4
680788,680788,2723152,5078,86,344,617.0,0.0,617.0,691,691,402.6279069767442,14,0,1000000,3000,4
680823,680823,2723292,5079,35,140,245.0,0.0,245.0,308,308,158.5142857142857,7,0,1000000,3000,4
680860,680860,2723440,5080,37,148,237.0,0.0,237.0,301,301,161.24324324324326,7,0,1000000,3000,4
681054,681054,2724216,5081,194,776,1322.0,0.0,1322.0,1416,1416,739.6288659793814,29,0,1000000,3000,4
681180,681180,2724720,5082,126,504,723.0,0.0,723.0,805,805,501.1746031746032,17,0,1000000,3000,4
681209,681209,2724836,5083,29,116,248.0,0.0,248.0,311,311,154.86206896551724,7,0,1000000,3000,4
681291,681291,2725164,5084,82,328,606.0,0.0,606.0,680,680,342.0731707317073,14,0,1000000,3000,4
681321,681321,2725284,5085,30,120,250.0,0.0,250.0,313,313,160.03333333333333,7,0,1000000,3000,4
681395,681395,2725580,5086,74,296,614.0,0.0,614.0,686,686,358.6621621621622,14,0,1000000,3000,4
681608,681608,2726432,5087,213,852,1423.0,0.0,1423.0,1523,1523,726.1737089201878,31,0,1000000,3000,4
681643,681643,2726572,5088,35,140,240.0,0.0,240.0,304,304,161.28571428571428,7,0,1000000,3000,4
681845,681845,2727380,5089,202,808,1344.0,0.0,1344.0,1442,1442,724.1831683168317,29,0,1000000,3000,4
681875,681875,2727500,5090,30,120,243.0,0.0,243.0,307,307,164.33333333333334,7,0,1000000,3000,4
681905,681905,2727620,5091,30,120,248.0,0.0,248.0,311,311,155.8,7,0,1000000,3000,4
681979,681979,2727916,5092,74,296,615.0,0.0,615.0,686,686,347.97297297297297,14,0,1000000,3000,4
682068,682068,2728272,5093,89,356,633.0,0.0,633.0,708,708,401.0674157303371,15,0,1000000,3000,4
682200,682200,2728800,5094,132,528,737.0,0.0,737.0,821,821,482.04545454545456,17,0,1000000,3000,4
682337,682337,2729348,5095,137,548,1045.0,0.0,1045.0,1128,1128,583.2335766423357,23,0,1000000,3000,4
682412,682412,2729648,5096,75,300,610.0,0.0,610.0,683,683,329.97333333333336,14,0,1000000,3000,4
682531,682531,2730124,5097,119,476,1049.0,0.0,1049.0,1127,1127,599.7310924369748,23,0,1000000,3000,4
682623,682623,2730492,5098,92,368,619.0,0.0,619.0,695,695,370.6630434782609,14,0,1000000,3000,4
682798,682798,2731192,5099,175,700,1338.0,0.0,1338.0,1430,1430,702.1371428571429,29,0,1000000,3000,4
682871,682871,2731484,5100,73,292,603.0,0.0,603.0,675,675,335.0821917808219,14,0,1000000,3000,4
683082,683082,2732328,5101,211,844,1334.0,0.0,1334.0,1434,1434,722.4786729857819,29,0,1000000,3000,4
683290,683290,2733160,5102,208,832,1316.0,0.0,1316.0,1412,1412,766.8653846153846,29,0,1000000,3000,4
683462,683462,2733848,5103,172,688,809.0,0.0,809.0,898,898,542.2790697674419,18,0,1000000,3000,4
683671,683671,2734684,5104,209,836,1339.0,0.0,1339.0,1438,1438,705.9282296650717,29,0,1000000,3000,4
683782,683782,2735128,5105,111,444,624.0,0.0,624.0,704,704,381.86486486486484,15,0,1000000,3000,4
683872,683872,2735488,5106,90,360,734.0,0.0,734.0,810,810,376.4555555555556,17,0,1000000,3000,4
683903,683903,2735612,5107,31,124,244.0,0.0,244.0,307,307,160.06451612903226,7,0,1000000,3000,4
683937,683937,2735748,5108,34,136,249.0,0.0,249.0,312,312,148.91176470588235,7,0,1000000,3000,4
683970,683970,2735880,5109,33,132,245.0,0.0,245.0,308,308,154.42424242424244,7,0,1000000,3000,4
684097,684097,2736388,5110,127,508,756.0,0.0,756.0,838,838,515.4330708661417,17,0,1000000,3000,4
684134,684134,2736536,5111,37,148,239.0,0.0,239.0,304,304,164.6216216216216,7,0,1000000,3000,4
684288,684288,2737152,5112,154,616,1345.0,0.0,1345.0,1433,1433,722.7922077922078,29,0,1000000,3000,4
684377,684377,2737508,5113,89,356,624.0,0.0,624.0,697,697,391.59550561797755,14,0,1000000,3000,4
684473,684473,2737892,5114,96,384,603.0,0.0,603.0,680,680,404.53125,14,0,1000000,3000,4
684567,684567,2738268,5115,94,376,628.0,0.0,628.0,702,702,375.3936170212766,15,0,1000000,3000,4
684835,684835,2739340,5116,268,1072,1672.0,0.0,1672.0,1781,1781,879.7164179104477,36,0,1000000,3000,4
684977,684977,2739908,5117,142,568,1154.0,0.0,1154.0,1239,1239,654.5281690140845,25,0,1000000,3000,4
685271,685271,2741084,5118,294,1176,1690.0,0.0,1690.0,1805,1805,852.6836734693877,37,0,1000000,3000,4
685407,685407,2741628,5119,136,544,1041.0,0.0,1041.0,1124,1124,580.0808823529412,23,0,1000000,3000,4
685489,685489,2741956,5120,82,328,606.0,0.0,606.0,680,680,310.5853658536585,14,0,1000000,3000,4
685527,685527,2742108,5121,38,152,232.0,0.0,232.0,297,297,169.60526315789474,6,0,1000000,3000,4
685702,685702,2742808,5122,175,700,1134.0,0.0,1134.0,1225,1225,667.8,25,0,1000000,3000,4
685926,685926,2743704,5123,224,896,1316.0,0.0,1316.0,1415,1415,744.1071428571429,29,0,1000000,3000,4
686023,686023,2744092,5124,97,388,615.0,0.0,615.0,691,691,397.9587628865979,14,0,1000000,3000,4
686218,686218,2744872,5125,195,780,1420.0,0.0,1420.0,1515,1515,714.9948717948718,31,0,1000000,3000,4
686380,686380,2745520,5126,162,648,744.0,0.0,744.0,833,833,518.716049382716,17,0,1000000,3000,4
686417,686417,2745668,5127,37,148,243.0,0.0,243.0,307,307,150.27027027027026,7,0,1000000,3000,4
686592,686592,2746368,5128,175,700,808.0,0.0,808.0,898,898,567.0857142857143,18,0,1000000,3000,4
686703,686703,2746812,5129,111,444,629.0,0.0,629.0,708,708,360.27927927927925,15,0,1000000,3000,4
686736,686736,2746944,5130,33,132,242.0,0.0,242.0,306,306,153.9090909090909,7,0,1000000,3000,4
686959,686959,2747836,5131,223,892,1314.0,0.0,1314.0,1415,1415,724.9237668161435,29,0,1000000,3000,4
687058,687058,2748232,5132,99,396,628.0,0.0,628.0,704,704,385.75757575757575,15,0,1000000,3000,4
687091,687091,2748364,5133,33,132,243.0,0.0,243.0,305,305,163.0909090909091,7,0,1000000,3000,4
687179,687179,2748716,5134,88,352,650.0,0.0,650.0,722,722,390.65909090909093,15,0,1000000,3000,4
687214,687214,2748856,5135,35,140,249.0,0.0,249.0,313,313,151.54285714285714,7,0,1000000,3000,4
687444,687444,2749776,5136,230,920,1403.0,0.0,1403.0,1504,1504,765.6565217391304,31,0,1000000,3000,4
687479,687479,2749916,5137,35,140,233.0,0.0,233.0,298,298,159.68571428571428,6,0,1000000,3000,4
687554,687554,2750216,5138,75,300,611.0,0.0,611.0,683,683,322.4266666666667,14,0,1000000,3000,4
687585,687585,2750340,5139,31,124,244.0,0.0,244.0,307,307,159.67741935483872,7,0,1000000,3000,4
687615,687615,2750460,5140,30,120,247.0,0.0,247.0,310,310,163.56666666666666,7,0,1000000,3000,4
687652,687652,2750608,5141,37,148,244.0,0.0,244.0,309,309,150.1891891891892,7,0,1000000,3000,4
687694,687694,2750776,5142,42,168,233.0,0.0,233.0,298,298,155.04761904761904,6,0,1000000,3000,4
687729,687729,2750916,5143,35,140,247.0,0.0,247.0,310,310,150.2,7,0,1000000,3000,4
687829,687829,2751316,5144,100,400,613.0,0.0,613.0,690,690,387.77,14,0,1000000,3000,4
687989,687989,2751956,5145,160,640,1051.0,0.0,1051.0,1138,1138,608.69375,23,0,1000000,3000,4
688024,688024,2752096,5146,35,140,242.0,0.0,242.0,306,306,161.31428571428572,7,0,1000000,3000,4
688059,688059,2752236,5147,35,140,248.0,0.0,248.0,311,311,156.62857142857143,7,0,1000000,3000,4
688150,688150,2752600,5148,91,364,606.0,0.0,606.0,682,682,400.56043956043953,14,0,1000000,3000,4
688235,688235,2752940,5149,85,340,624.0,0.0,624.0,698,698,386.8235294117647,14,0,1000000,3000,4
688284,688284,2753136,5150,49,196,215.0,0.0,215.0,281,281,157.44897959183675,6,0,1000000,3000,4
688364,688364,2753456,5151,80,320,628.0,0.0,628.0,701,701,334.975,15,0,1000000,3000,4
688514,688514,2754056,5152,150,600,774.0,0.0,774.0,862,862,545.3933333333333,18,0,1000000,3000,4
688593,688593,2754372,5153,79,316,612.0,0.0,612.0,685,685,338.8481012658228,14,0,1000000,3000,4
688782,688782,2755128,5154,189,756,1031.0,0.0,1031.0,1124,1124,641.058201058201,23,0,1000000,3000,4
688815,688815,2755260,5155,33,132,249.0,0.0,249.0,313,313,156.93939393939394,7,0,1000000,3000,4
688864,688864,2755456,5156,49,196,210.0,0.0,210.0,277,277,166.53061224489795,6,0,1000000,3000,4
689023,689023,2756092,5157,159,636,812.0,0.0,812.0,898,898,586.4716981132076,18,0,1000000,3000,4
689310,689310,2757240,5158,287,1148,1403.0,0.0,1403.0,1518,1518,753.6794425087108,31,0,1000000,3000,4
689641,689641,2758564,5159,331,1324,1005.0,0.0,1005.0,1126,1126,726.5256797583081,23,0,1000000,3000,4
689830,689830,2759320,5160,189,756,1317.0,0.0,1317.0,1411,1411,699.2380952380952,29,0,1000000,3000,4
689864,689864,2759456,5161,34,136,246.0,0.0,246.0,309,309,154.0,7,0,1000000,3000,4
690038,690038,2760152,5162,174,696,730.0,0.0,730.0,822,822,526.471264367816,17,0,1000000,3000,4
690121,690121,2760484,5163,83,332,613.0,0.0,613.0,686,686,331.7710843373494,14,0,1000000,3000,4
690321,690321,2761284,5164,200,800,733.0,0.0,733.0,829,829,538.365,17,0,1000000,3000,4
690531,690531,2762124,5165,210,840,1316.0,0.0,1316.0,1413,1413,758.5,29,0,1000000,3000,4
690646,690646,2762584,5166,115,460,596.0,0.0,596.0,675,675,397.74782608695654,14,0,1000000,3000,4
690751,690751,2763004,5167,105,420,618.0,0.0,618.0,695,695,395.8,14,0,1000000,3000,4
690844,690844,2763376,5168,93,372,632.0,0.0,632.0,706,706,374.4516129032258,15,0,1000000,3000,4
690881,690881,2763524,5169,37,148,238.0,0.0,238.0,302,302,163.1891891891892,7,0,1000000,3000,4
690918,690918,2763672,5170,37,148,237.0,0.0,237.0,301,301,152.94594594594594,7,0,1000000,3000,4
690951,690951,2763804,5171,33,132,240.0,0.0,240.0,303,303,162.15151515151516,7,0,1000000,3000,4
690993,690993,2763972,5172,42,168,235.0,0.0,235.0,300,300,151.6904761904762,7,0,1000000,3000,4
691037,691037,2764148,5173,44,176,235.0,0.0,235.0,301,301,151.86363636363637,7,0,1000000,3000,4
691223,691223,2764892,5174,186,744,1045.0,0.0,1045.0,1138,1138,621.1021505376344,23,0,1000000,3000,4
691263,691263,2765052,5175,40,160,230.0,0.0,230.0,295,295,164.95,6,0,1000000,3000,4
691380,691380,2765520,5176,117,468,584.0,0.0,584.0,663,663,418.3931623931624,14,0,1000000,3000,4
691464,691464,2765856,5177,84,336,618.0,0.0,618.0,692,692,399.3809523809524,14,0,1000000,3000,4
691709,691709,2766836,5178,245,980,1026.0,0.0,1026.0,1130,1130,684.3836734693878,23,0,1000000,3000,4
691807,691807,2767228,5179,98,392,616.0,0.0,616.0,693,693,369.9387755102041,14,0,1000000,3000,4
691977,691977,2767908,5180,170,680,1038.0,0.0,1038.0,1127,1127,591.064705882353,23,0,1000000,3000,4
692064,692064,2768256,5181,87,348,632.0,0.0,632.0,706,706,360.71264367816093,15,0,1000000,3000,4
692204,692204,2768816,5182,140,560,1041.0,0.0,1041.0,1124,1124,608.4642857142857,23,0,1000000,3000,4
692298,692298,2769192,5183,94,376,629.0,0.0,629.0,705,705,349.968085106383,15,0,1000000,3000,4
692383,692383,2769532,5184,85,340,614.0,0.0,614.0,688,688,337.67058823529413,14,0,1000000,3000,4
692428,692428,2769712,5185,45,180,224.0,0.0,224.0,290,290,159.6,6,0,1000000,3000,4
692626,692626,2770504,5186,198,792,1336.0,0.0,1336.0,1433,1433,707.969696969697,29,0,1000000,3000,4
692663,692663,2770652,5187,37,148,225.0,0.0,225.0,289,289,172.83783783783784,6,0,1000000,3000,4
692703,692703,2770812,5188,40,160,231.0,0.0,231.0,296,296,160.55,6,0,1000000,3000,4
692850,692850,2771400,5189,147,588,763.0,0.0,763.0,849,849,557.2517006802722,17,0,1000000,3000,4
693005,693005,2772020,5190,155,620,1043.0,0.0,1043.0,1128,1128,617.9225806451612,23,0,1000000,3000,4
693236,693236,2772944,5191,231,924,1328.0,0.0,1328.0,1432,1432,751.939393939394,29,0,1000000,3000,4
693270,693270,2773080,5192,34,136,240.0,0.0,240.0,302,302,164.2941176470588,7,0,1000000,3000,4
693355,693355,2773420,5193,85,340,650.0,0.0,650.0,722,723,359.5176470588235,15,0,1000000,3000,4
693452,693452,2773808,5194,97,388,629.0,0.0,629.0,706,706,391.50515463917526,15,0,1000000,3000,4
693486,693486,2773944,5195,34,136,233.0,0.0,233.0,296,296,171.6764705882353,6,0,1000000,3000,4
693614,693614,2774456,5196,128,512,739.0,0.0,739.0,821,821,474.6015625,17,0,1000000,3000,4
693735,693735,2774940,5197,121,484,752.0,0.0,752.0,833,833,483.20661157024796,17,0,1000000,3000,4
693900,693900,2775600,5198,165,660,810.0,0.0,810.0,898,899,563.5333333333333,18,0,1000000,3000,4
694131,694131,2776524,5199,231,924,1025.0,0.0,1025.0,1127,1127,589.6666666666666,23,0,1000000,3000,4
694307,694307,2777228,5200,176,704,1056.0,0.0,1056.0,1149,1149,567.2329545454545,23,0,1000000,3000,4
694501,694501,2778004,5201,194,776,719.0,0.0,719.0,814,814,486.63917525773195,17,0,1000000,3000,4
695259,695259,2781036,5202,758,3032,931.0,0.0,931.0,1139,1139,828.1411609498681,23,0,1000000,3000,4
695431,695431,2781724,5203,172,688,809.0,0.0,809.0,898,898,637.7790697674419,18,0,1000000,3000,4
695474,695474,2781896,5204,43,172,223.0,0.0,223.0,288,288,164.48837209302326,6,0,1000000,3000,4
695541,695541,2782164,5205,67,268,611.0,0.0,611.0,681,681,327.7761194029851,14,0,1000000,3000,4
695641,695641,2782564,5206,100,400,633.0,0.0,633.0,710,710,376.48,15,0,1000000,3000,4
695737,695737,2782948,5207,96,384,620.0,0.0,620.0,696,696,384.8020833333333,14,0,1000000,3000,4
695838,695838,2783352,5208,101,404,588.0,0.0,588.0,665,665,422.3168316831683,14,0,1000000,3000,4
695999,695999,2783996,5209,161,644,811.0,0.0,811.0,898,899,627.3850931677018,18,0,1000000,3000,4
696236,696236,2784944,5210,237,948,1309.0,0.0,1309.0,1412,1412,773.9282700421941,29,0,1000000,3000,4
696531,696531,2786124,5211,295,1180,1016.0,0.0,1016.0,1130,1130,656.6169491525424,23,0,1000000,3000,4
696606,696606,2786424,5212,75,300,626.0,0.0,626.0,696,696,356.46666666666664,14,0,1000000,3000,4
696813,696813,2787252,5213,207,828,1039.0,0.0,1039.0,1136,1136,603.9565217391304,23,0,1000000,3000,4
696849,696849,2787396,5214,36,144,231.0,0.0,231.0,295,295,171.08333333333334,6,0,1000000,3000,4
696960,696960,2787840,5215,111,444,598.0,0.0,598.0,677,677,380.60360360360363,14,0,1000000,3000,4
697076,697076,2788304,5216,116,464,741.0,0.0,741.0,821,821,509.7931034482759,17,0,1000000,3000,4
697110,697110,2788440,5217,34,136,244.0,0.0,244.0,307,307,158.7941176470588,7,0,1000000,3000,4
697267,697267,2789068,5218,157,628,1340.0,0.0,1340.0,1429,1429,719.515923566879,29,0,1000000,3000,4
697454,697454,2789816,5219,187,748,1335.0,0.0,1335.0,1430,1430,742.3155080213904,29,0,1000000,3000,4
697555,697555,2790220,5220,101,404,626.0,0.0,626.0,704,704,379.55445544554453,15,0,1000000,3000,4
697592,697592,2790368,5221,37,148,240.0,0.0,240.0,303,303,155.59459459459458,7,0,1000000,3000,4
697691,697691,2790764,5222,99,396,632.0,0.0,632.0,708,708,366.5959595959596,15,0,1000000,3000,4
697792,697792,2791168,5223,101,404,613.0,0.0,613.0,689,689,374.7029702970297,14,0,1000000,3000,4
697936,697936,2791744,5224,144,576,738.0,0.0,738.0,823,823,489.6875,17,0,1000000,3000,4
698045,698045,2792180,5225,109,436,602.0,0.0,602.0,680,680,380.54128440366975,14,0,1000000,3000,4
698149,698149,2792596,5226,104,416,595.0,0.0,595.0,672,672,406.4807692307692,14,0,1000000,3000,4
698226,698226,2792904,5227,77,308,637.0,0.0,637.0,709,709,372.4155844155844,15,0,1000000,3000,4
698387,698387,2793548,5228,161,644,1038.0,0.0,1038.0,1126,1126,590.27950310559,23,0,1000000,3000,4
698610,698610,2794440,5229,223,892,1310.0,0.0,1310.0,1410,1410,674.609865470852,29,0,1000000,3000,4
698696,698696,2794784,5230,86,344,622.0,0.0,622.0,696,696,365.6744186046512,14,0,1000000,3000,4
698844,698844,2795376,5231,148,592,756.0,0.0,756.0,842,842,493.6756756756757,17,0,1000000,3000,4
699059,699059,2796236,5232,215,860,1033.0,0.0,1033.0,1132,1132,627.8465116279069,23,0,1000000,3000,4
699155,699155,2796620,5233,96,384,597.0,0.0,597.0,672,672,410.96875,14,0,1000000,3000,4
699237,699237,2796948,5234,82,328,617.0,0.0,617.0,690,690,361.7317073170732,14,0,1000000,3000,4
699391,699391,2797564,5235,154,616,637.0,0.0,637.0,722,722,474.16883116883116,15,0,1000000,3000,4
699483,699483,2797932,5236,92,368,630.0,0.0,630.0,704,704,387.6521739130435,15,0,1000000,3000,4
699791,699791,2799164,5237,308,1232,1291.0,0.0,1291.0,1408,1408,768.9155844155844,29,0,1000000,3000,4
699947,699947,2799788,5238,156,624,1039.0,0.0,1039.0,1125,1125,601.3141025641025,23,0,1000000,3000,4
700150,700150,2800600,5239,203,812,1032.0,0.0,1032.0,1128,1128,655.256157635468,23,0,1000000,3000,4
700236,700236,2800944,5240,86,344,620.0,0.0,620.0,694,694,347.5581395348837,14,0,1000000,3000,4
700455,700455,2801820,5241,219,876,1028.0,0.0,1028.0,1127,1127,633.1735159817351,23,0,1000000,3000,4
700771,700771,2803084,5242,316,1264,1397.0,0.0,1397.0,1517,1517,732.4177215189874,31,0,1000000,3000,4
700806,700806,2803224,5243,35,140,231.0,0.0,231.0,295,295,164.02857142857144,6,0,1000000,3000,4
701079,701079,2804316,5244,273,1092,1313.0,0.0,1313.0,1425,1425,746.0293040293041,29,0,1000000,3000,4
701237,701237,2804948,5245,158,632,812.0,0.0,812.0,898,898,568.632911392405,18,0,1000000,3000,4
701332,701332,2805328,5246,95,380,624.0,0.0,624.0,699,699,355.70526315789476,14,0,1000000,3000,4
701522,701522,2806088,5247,190,760,1150.0,0.0,1150.0,1245,1245,638.7,25,0,1000000,3000,4
701683,701683,2806732,5248,161,644,757.0,0.0,757.0,846,846,541.8260869565217,17,0,1000000,3000,4
701899,701899,2807596,5249,216,864,1028.0,0.0,1028.0,1127,1127,638.5046296296297,23,0,1000000,3000,4
702112,702112,2808448,5250,213,852,1337.0,0.0,1337.0,1437,1437,711.1784037558685,29,0,1000000,3000,4
702157,702157,2808628,5251,45,180,220.0,0.0,220.0,284,284,168.53333333333333,6,0,1000000,3000,4
702197,702197,2808788,5252,40,160,231.0,0.0,231.0,295,295,160.6,6,0,1000000,3000,4
702262,702262,2809048,5253,65,260,606.0,0.0,606.0,676,676,320.6923076923077,14,0,1000000,3000,4
702485,702485,2809940,5254,223,892,1328.0,0.0,1328.0,1430,1430,733.4484304932736,29,0,1000000,3000,4
702524,702524,2810096,5255,39,156,234.0,0.0,234.0,299,299,162.84615384615384,6,0,1000000,3000,4
702607,702607,2810428,5256,83,332,615.0,0.0,615.0,687,687,348.578313253012,14,0,1000000,3000,4
702818,702818,2811272,5257,211,844,1130.0,0.0,1130.0,1229,1229,657.085308056872,25,0,1000000,3000,4
703097,703097,2812388,5258,279,1116,1018.0,0.0,1018.0,1129,1129,660.9605734767025,23,0,1000000,3000,4
703305,703305,2813220,5259,208,832,1032.0,0.0,1032.0,1130,1130,590.8461538461538,23,0,1000000,3000,4
703340,703340,2813360,5260,35,140,232.0,0.0,232.0,295,295,164.97142857142856,6,0,1000000,3000,4
703379,703379,2813516,5261,39,156,233.0,0.0,233.0,297,297,159.5897435897436,6,0,1000000,3000,4
703549,703549,2814196,5262,170,680,1046.0,0.0,1046.0,1136,1136,582.7588235294118,23,0,1000000,3000,4
703729,703729,2814916,5263,180,720,807.0,0.0,807.0,898,898,586.8444444444444,18,0,1000000,3000,4
703765,703765,2815060,5264,36,144,233.0,0.0,233.0,297,297,170.80555555555554,6,0,1000000,3000,4
703849,703849,2815396,5265,84,336,651.0,0.0,651.0,722,722,384.51190476190476,15,0,1000000,3000,4
704044,704044,2816176,5266,195,780,1032.0,0.0,1032.0,1127,1127,657.5846153846154,23,0,1000000,3000,4
704085,704085,2816340,5267,41,164,226.0,0.0,226.0,291,291,168.21951219512195,6,0,1000000,3000,4
704303,704303,2817212,5268,218,872,1329.0,0.0,1329.0,1430,1430,710.6605504587156,29,0,1000000,3000,4
704512,704512,2818048,5269,209,836,1311.0,0.0,1311.0,1409,1409,728.023923444976,29,0,1000000,3000,4
704556,704556,2818224,5270,44,176,225.0,0.0,225.0,290,290,163.20454545454547,6,0,1000000,3000,4
704688,704688,2818752,5271,132,528,717.0,0.0,717.0,800,800,452.3939393939394,17,0,1000000,3000,4
704883,704883,2819532,5272,195,780,1033.0,0.0,1033.0,1128,1128,555.4512820512821,23,0,1000000,3000,4
704919,704919,2819676,5273,36,144,242.0,0.0,242.0,306,306,157.83333333333334,7,0,1000000,3000,4
705017,705017,2820068,5274,98,392,630.0,0.0,630.0,706,706,364.16326530612247,15,0,1000000,3000,4
705182,705182,2820728,5275,165,660,811.0,0.0,811.0,898,898,532.569696969697,18,0,1000000,3000,4
705399,705399,2821596,5276,217,868,1310.0,0.0,1310.0,1409,1409,689.3732718894009,29,0,1000000,3000,4
705598,705598,2822392,5277,199,796,1146.0,0.0,1146.0,1243,1243,607.2261306532663,25,0,1000000,3000,4
705745,705745,2822980,5278,147,588,814.0,0.0,814.0,898,898,552.6394557823129,18,0,1000000,3000,4
705780,705780,2823120,5279,35,140,249.0,0.0,249.0,312,312,153.97142857142856,7,0,1000000,3000,4
705818,705818,2823272,5280,38,152,230.0,0.0,230.0,294,294,165.18421052631578,6,0,1000000,3000,4
705858,705858,2823432,5281,40,160,230.0,0.0,230.0,295,295,160.35,6,0,1000000,3000,4
706073,706073,2824292,5282,215,860,1419.0,0.0,1419.0,1519,1519,736.3860465116279,31,0,1000000,3000,4
706228,706228,2824912,5283,155,620,812.0,0.0,812.0,898,898,542.0064516129032,18,0,1000000,3000,4
706269,706269,2825076,5284,41,164,230.0,0.0,230.0,295,295,158.1219512195122,6,0,1000000,3000,4
706460,706460,2825840,5285,191,764,1316.0,0.0,1316.0,1410,1410,706.3874345549738,29,0,1000000,3000,4
706558,706558,2826232,5286,98,392,630.0,0.0,630.0,706,706,363.4591836734694,15,0,1000000,3000,4
706601,706601,2826404,5287,43,172,222.0,0.0,222.0,287,287,164.74418604651163,6,0,1000000,3000,4
706642,706642,2826568,5288,41,164,233.0,0.0,233.0,298,298,162.26829268292684,6,0,1000000,3000,4
706855,706855,2827420,5289,213,852,1041.0,0.0,1041.0,1139,1139,660.868544600939,23,0,1000000,3000,4
706896,706896,2827584,5290,41,164,232.0,0.0,232.0,296,296,162.17073170731706,6,0,1000000,3000,4
707118,707118,2828472,5291,222,888,1027.0,0.0,1027.0,1127,1127,650.5855855855856,23,0,1000000,3000,4
707399,707399,2829596,5292,281,1124,1014.0,0.0,1014.0,1126,1126,707.8861209964413,23,0,1000000,3000,4
707697,707697,2830788,5293,298,1192,1294.0,0.0,1294.0,1410,1410,737.3087248322148,29,0,1000000,3000,4
707732,707732,2830928,5294,35,140,238.0,0.0,238.0,302,302,154.45714285714286,7,0,1000000,3000,4
707980,707980,2831920,5295,248,992,1019.0,0.0,1019.0,1124,1124,677.8266129032259,23,0,1000000,3000,4
708081,708081,2832324,5296,101,404,623.0,0.0,623.0,700,700,372.3168316831683,15,0,1000000,3000,4
708256,708256,2833024,5297,175,700,809.0,0.0,809.0,898,898,506.04571428571427,18,0,1000000,3000,4
708296,708296,2833184,5298,40,160,233.0,0.0,233.0,298,298,160.6,6,0,1000000,3000,4
708401,708401,2833604,5299,105,420,623.0,0.0,623.0,699,699,354.23809523809524,14,0,1000000,3000,4
708446,708446,2833784,5300,45,180,222.0,0.0,222.0,288,288,171.06666666666666,6,0,1000000,3000,4
708574,708574,2834296,5301,128,512,627.0,0.0,627.0,709,709,338.9296875,15,0,1000000,3000,4
708728,708728,2834912,5302,154,616,724.0,0.0,724.0,811,811,484.487012987013,17,0,1000000,3000,4
709022,709022,2836088,5303,294,1176,1322.0,0.0,1322.0,1438,1438,689.295918367347,29,0,1000000,3000,4
709217,709217,2836868,5304,195,780,1043.0,0.0,1043.0,1137,1137,604.8205128205128,23,0,1000000,3000,4
709259,709259,2837036,5305,42,168,231.0,0.0,231.0,296,296,155.1904761904762,6,0,1000000,3000,4
709492,709492,2837968,5306,233,932,1027.0,0.0,1027.0,1128,1128,609.3476394849786,23,0,1000000,3000,4
709599,709599,2838396,5307,107,428,626.0,0.0,626.0,703,703,350.8411214953271,15,0,1000000,3000,4
709801,709801,2839204,5308,202,808,1057.0,0.0,1057.0,1155,1155,619.8366336633663,24,0,1000000,3000,4
709843,709843,2839372,5309,42,168,231.0,0.0,231.0,296,296,154.8095238095238,6,0,1000000,3000,4
710010,710010,2840040,5310,167,668,747.0,0.0,747.0,836,836,488.6946107784431,17,0,1000000,3000,4
710207,710207,2840828,5311,197,788,1043.0,0.0,1043.0,1138,1138,600.8781725888325,23,0,1000000,3000,4
710247,710247,2840988,5312,40,160,230.0,0.0,230.0,295,295,160.5,6,0,1000000,3000,4
710350,710350,2841400,5313,103,412,614.0,0.0,614.0,691,691,373.2621359223301,14,0,1000000,3000,4
710395,710395,2841580,5314,45,180,223.0,0.0,223.0,287,287,164.2888888888889,6,0,1000000,3000,4
710593,710593,2842372,5315,198,792,1043.0,0.0,1043.0,1139,1139,589.5757575757576,23,0,1000000,3000,4
710805,710805,2843220,5316,212,848,1032.0,0.0,1032.0,1131,1131,564.5990566037735,23,0,1000000,3000,4
711055,711055,2844220,5317,250,1000,1031.0,0.0,1031.0,1138,1138,594.364,23,0,1000000,3000,4
711099,711099,2844396,5318,44,176,230.0,0.0,230.0,294,294,155.27272727272728,6,0,1000000,3000,4
711233,711233,2844932,5319,134,536,608.0,0.0,608.0,692,692,335.03731343283584,14,0,1000000,3000,4
711271,711271,2845084,5320,38,152,230.0,0.0,230.0,293,293,167.81578947368422,6,0,1000000,3000,4
711471,711471,2845884,5321,200,800,1033.0,0.0,1033.0,1129,1129,575.025,23,0,1000000,3000,4
711673,711673,2846692,5322,202,808,1318.0,0.0,1318.0,1413,1413,698.509900990099,29,0,1000000,3000,4
711716,711716,2846864,5323,43,172,233.0,0.0,233.0,298,298,155.09302325581396,6,0,1000000,3000,4
711976,711976,2847904,5324,260,1040,1016.0,0.0,1016.0,1123,1123,640.223076923077,23,0,1000000,3000,4
712190,712190,2848760,5325,214,856,1038.0,0.0,1038.0,1137,1137,612.6588785046729,23,0,1000000,3000,4
712244,712244,2848976,5326,54,216,209.0,0.0,209.0,276,276,158.25925925925927,6,0,1000000,3000,4
712434,712434,2849736,5327,190,760,1031.0,0.0,1031.0,1125,1125,619.8789473684211,23,0,1000000,3000,4
712485,712485,2849940,5328,51,204,230.0,0.0,230.0,297,297,141.27450980392157,6,0,1000000,3000,4
712531,712531,2850124,5329,46,184,228.0,0.0,228.0,295,295,156.84782608695653,6,0,1000000,3000,4
712739,712739,2850956,5330,208,832,1028.0,0.0,1028.0,1124,1124,580.5096153846154,23,0,1000000,3000,4
712905,712905,2851620,5331,166,664,749.0,0.0,749.0,838,838,508.7048192771084,17,0,1000000,3000,4
712948,712948,2851792,5332,43,172,225.0,0.0,225.0,290,290,157.1860465116279,6,0,1000000,3000,4
713010,713010,2852040,5333,62,248,181.0,0.0,181.0,248,248,170.5483870967742,5,0,1000000,3000,4
713110,713110,2852440,5334,100,400,616.0,0.0,616.0,692,692,326.82,14,0,1000000,3000,4
713336,713336,2853344,5335,226,904,1331.0,0.0,1331.0,1434,1434,666.1194690265487,29,0,1000000,3000,4
713590,713590,2854360,5336,254,1016,1308.0,0.0,1308.0,1414,1414,733.3346456692914,29,0,1000000,3000,4
713634,713634,2854536,5337,44,176,228.0,0.0,228.0,293,293,156.9318181818182,6,0,1000000,3000,4
713772,713772,2855088,5338,138,552,816.0,0.0,816.0,898,898,550.3115942028985,18,0,1000000,3000,4
713813,713813,2855252,5339,41,164,221.0,0.0,221.0,286,286,172.29268292682926,6,0,1000000,3000,4
713992,713992,2855968,5340,179,716,1041.0,0.0,1041.0,1133,1133,595.4078212290502,23,0,1000000,3000,4
714143,714143,2856572,5341,151,604,724.0,0.0,724.0,810,810,508.8079470198675,17,0,1000000,3000,4
714251,714251,2857004,5342,108,432,633.0,0.0,633.0,711,711,366.787037037037,15,0,1000000,3000,4
714286,714286,2857144,5343,35,140,247.0,0.0,247.0,312,312,136.11428571428573,7,0,1000000,3000,4
714322,714322,2857288,5344,36,144,241.0,0.0,241.0,304,304,158.77777777777777,7,0,1000000,3000,4
714459,714459,2857836,5345,137,548,732.0,0.0,732.0,816,816,480.35036496350364,17,0,1000000,3000,4
714583,714583,2858332,5346,124,496,577.0,0.0,577.0,657,657,389.10483870967744,14,0,1000000,3000,4
714954,714954,2859816,5347,371,1484,1272.0,0.0,1272.0,1403,1403,776.6792452830189,29,0,1000000,3000,4
714997,714997,2859988,5348,43,172,233.0,0.0,233.0,298,298,151.74418604651163,6,0,1000000,3000,4
715424,715424,2861696,5349,427,1708,1097.0,0.0,1097.0,1240,1240,748.751756440281,25,0,1000000,3000,4
715596,715596,2862384,5350,172,688,736.0,0.0,736.0,827,827,508.74418604651163,17,0,1000000,3000,4
715770,715770,2863080,5351,174,696,1037.0,0.0,1037.0,1127,1127,588.7931034482758,23,0,1000000,3000,4
715863,715863,2863452,5352,93,372,621.0,0.0,621.0,697,697,397.3333333333333,14,0,1000000,3000,4
715952,715952,2863808,5353,89,356,614.0,0.0,614.0,689,689,338.4157303370786,14,0,1000000,3000,4
716084,716084,2864336,5354,132,528,1054.0,0.0,1054.0,1136,1136,545.9090909090909,23,0,1000000,3000,4
716153,716153,2864612,5355,69,276,618.0,0.0,618.0,688,688,342.0869565217391,14,0,1000000,3000,4
716326,716326,2865304,5356,173,692,1037.0,0.0,1037.0,1127,1127,590.3121387283237,23,0,1000000,3000,4
716543,716543,2866172,5357,217,868,1571.0,0.0,1571.0,1672,1672,826.3456221198156,34,0,1000000,3000,4
716667,716667,2866668,5358,124,496,1069.0,0.0,1069.0,1151,1151,571.0322580645161,24,0,1000000,3000,4
716743,716743,2866972,5359,76,304,631.0,0.0,631.0,704,704,397.07894736842104,15,0,1000000,3000,4
716776,716776,2867104,5360,33,132,234.0,0.0,234.0,297,297,171.63636363636363,6,0,1000000,3000,4
716813,716813,2867252,5361,37,148,229.0,0.0,229.0,293,293,170.67567567567568,6,0,1000000,3000,4
716995,716995,2867980,5362,182,728,1343.0,0.0,1343.0,1437,1437,745.1813186813187,29,0,1000000,3000,4
717081,717081,2868324,5363,86,344,634.0,0.0,634.0,707,707,384.1860465116279,15,0,1000000,3000,4
717178,717178,2868712,5364,97,388,611.0,0.0,611.0,687,687,398.1340206185567,14,0,1000000,3000,4
717206,717206,2868824,5365,28,112,249.0,0.0,249.0,312,312,157.42857142857142,7,0,1000000,3000,4
717283,717283,2869132,5366,77,308,634.0,0.0,634.0,706,706,384.2597402597403,15,0,1000000,3000,4
717377,717377,2869508,5367,94,376,628.0,0.0,628.0,704,704,373.6595744680851,15,0,1000000,3000,4
717531,717531,2870124,5368,154,616,1437.0,0.0,1437.0,1525,1525,777.6558441558442,31,0,1000000,3000,4
717560,717560,2870240,5369,29,116,248.0,0.0,248.0,311,311,154.41379310344828,7,0,1000000,3000,4
717765,717765,2871060,5370,205,820,1033.0,0.0,1033.0,1129,1129,635.5658536585366,23,0,1000000,3000,4
717794,717794,2871176,5371,29,116,252.0,0.0,252.0,315,315,155.6206896551724,7,0,1000000,3000,4
717856,717856,2871424,5372,62,248,615.0,0.0,615.0,685,685,351.51612903225805,14,0,1000000,3000,4
717940,717940,2871760,5373,84,336,636.0,0.0,636.0,709,709,389.1190476190476,15,0,1000000,3000,4
718013,718013,2872052,5374,73,292,606.0,0.0,606.0,677,677,339.027397260274,14,0,1000000,3000,4
718287,718287,2873148,5375,274,1096,1331.0,0.0,1331.0,1443,1443,739.3138686131387,29,0,1000000,3000,4
718403,718403,2873612,5376,116,464,1047.0,0.0,1047.0,1125,1125,533.6896551724138,23,0,1000000,3000,4
718567,718567,2874268,5377,164,656,635.0,0.0,635.0,722,722,496.6280487804878,15,0,1000000,3000,4
718645,718645,2874580,5378,78,312,638.0,0.0,638.0,711,711,387.70512820512823,15,0,1000000,3000,4
718732,718732,2874928,5379,87,348,625.0,0.0,625.0,699,699,400.57471264367814,14,0,1000000,3000,4
718765,718765,2875060,5380,33,132,240.0,0.0,240.0,304,304,156.93939393939394,7,0,1000000,3000,4
718938,718938,2875752,5381,173,692,1153.0,0.0,1153.0,1244,1244,614.7052023121387,25,0,1000000,3000,4
718968,718968,2875872,5382,30,120,248.0,0.0,248.0,312,312,161.1,7,0,1000000,3000,4
719215,719215,2876860,5383,247,988,1021.0,0.0,1021.0,1126,1126,607.8582995951417,23,0,1000000,3000,4
719474,719474,2877896,5384,259,1036,1026.0,0.0,1026.0,1133,1133,627.1776061776062,23,0,1000000,3000,4
719831,719831,2879324,5385,357,1428,2345.0,0.0,2345.0,2472,2472,1241.6806722689075,50,0,1000000,3000,4
719863,719863,2879452,5386,32,128,248.0,0.0,248.0,312,312,152.96875,7,0,1000000,3000,4
719904,719904,2879616,5387,41,164,235.0,0.0,235.0,300,300,153.78048780487805,7,0,1000000,3000,4
719998,719998,2879992,5388,94,376,619.0,0.0,619.0,694,694,336.75531914893617,14,0,1000000,3000,4
720041,720041,2880164,5389,43,172,230.0,0.0,230.0,296,296,163.3953488372093,6,0,1000000,3000,4
720121,720121,2880484,5390,80,320,630.0,0.0,630.0,703,703,381.825,15,0,1000000,3000,4
720223,720223,2880892,5391,102,408,597.0,0.0,597.0,674,674,400.69607843137254,14,0,1000000,3000,4
720415,720415,2881660,5392,192,768,1573.0,0.0,1573.0,1669,1669,840.6302083333334,34,0,1000000,3000,4
720448,720448,2881792,5393,33,132,250.0,0.0,250.0,314,314,151.75757575757575,7,0,1000000,3000,4
720530,720530,2882120,5394,82,328,630.0,0.0,630.0,703,703,350.6341463414634,15,0,1000000,3000,4
720570,720570,2882280,5395,40,160,227.0,0.0,227.0,292,292,161.425,6,0,1000000,3000,4
720609,720609,2882436,5396,39,156,223.0,0.0,223.0,287,287,169.82051282051282,6,0,1000000,3000,4
720647,720647,2882588,5397,38,152,237.0,0.0,237.0,302,302,155.10526315789474,7,0,1000000,3000,4
720797,720797,2883188,5398,150,600,1348.0,0.0,1348.0,1435,1435,725.68,29,0,1000000,3000,4
720887,720887,2883548,5399,90,360,606.0,0.0,606.0,681,681,398.27777777777777,14,0,1000000,3000,4
720987,720987,2883948,5400,100,400,617.0,0.0,617.0,694,694,341.45,14,0,1000000,3000,4
721067,721067,2884268,5401,80,320,639.0,0.0,639.0,712,712,379.25,15,0,1000000,3000,4
721161,721161,2884644,5402,94,376,631.0,0.0,631.0,706,706,385.25531914893617,15,0,1000000,3000,4
721194,721194,2884776,5403,33,132,251.0,0.0,251.0,315,315,148.3030303030303,7,0,1000000,3000,4
721229,721229,2884916,5404,35,140,240.0,0.0,240.0,303,303,163.0,7,0,1000000,3000,4
721307,721307,2885228,5405,78,312,614.0,0.0,614.0,687,687,328.55128205128204,14,0,1000000,3000,4
721571,721571,2886284,5406,264,1056,1842.0,0.0,1842.0,1951,1951,1018.2992424242424,40,0,1000000,3000,4
721615,721615,2886460,5407,44,176,228.0,0.0,228.0,292,292,156.29545454545453,6,0,1000000,3000,4
721757,721757,2887028,5408,142,568,731.0,0.0,731.0,816,816,469.99295774647885,17,0,1000000,3000,4
721995,721995,2887980,5409,238,952,1319.0,0.0,1319.0,1424,1424,697.8655462184873,29,0,1000000,3000,4
722116,722116,2888464,5410,121,484,603.0,0.0,603.0,683,683,376.10743801652893,14,0,1000000,3000,4
722325,722325,2889300,5411,209,836,1052.0,0.0,1052.0,1151,1151,609.665071770335,24,0,1000000,3000,4
722361,722361,2889444,5412,36,144,244.0,0.0,244.0,307,307,151.63888888888889,7,0,1000000,3000,4
722512,722512,2890048,5413,151,604,1041.0,0.0,1041.0,1127,1127,640.1258278145696,23,0,1000000,3000,4
722685,722685,2890740,5414,173,692,1431.0,0.0,1431.0,1523,1523,795.8265895953757,31,0,1000000,3000,4
722855,722855,2891420,5415,170,680,1049.0,0.0,1049.0,1138,1138,654.3176470588236,23,0,1000000,3000,4
723062,723062,2892248,5416,207,828,1425.0,0.0,1425.0,1522,1522,706.792270531401,31,0,1000000,3000,4
723152,723152,2892608,5417,90,360,614.0,0.0,614.0,689,689,315.64444444444445,14,0,1000000,3000,4
723248,723248,2892992,5418,96,384,630.0,0.0,630.0,706,706,376.03125,15,0,1000000,3000,4
723469,723469,2893876,5419,221,884,1328.0,0.0,1328.0,1430,1430,698.3800904977376,29,0,1000000,3000,4
723557,723557,2894228,5420,88,352,620.0,0.0,620.0,694,694,399.14772727272725,14,0,1000000,3000,4
723650,723650,2894600,5421,93,372,634.0,0.0,634.0,709,709,365.2903225806452,15,0,1000000,3000,4
723680,723680,2894720,5422,30,120,250.0,0.0,250.0,313,313,157.83333333333334,7,0,1000000,3000,4
723717,723717,2894868,5423,37,148,236.0,0.0,236.0,300,300,164.0810810810811,7,0,1000000,3000,4
723747,723747,2894988,5424,30,120,241.0,0.0,241.0,305,305,156.26666666666668,7,0,1000000,3000,4
723834,723834,2895336,5425,87,348,637.0,0.0,637.0,712,712,376.8390804597701,15,0,1000000,3000,4
724016,724016,2896064,5426,182,728,1318.0,0.0,1318.0,1411,1411,772.6318681318681,29,0,1000000,3000,4
724052,724052,2896208,5427,36,144,237.0,0.0,237.0,302,302,155.36111111111111,7,0,1000000,3000,4
724140,724140,2896560,5428,88,352,618.0,0.0,618.0,692,692,384.9431818181818,14,0,1000000,3000,4
724314,724314,2897256,5429,174,696,1036.0,0.0,1036.0,1126,1126,583.4827586206897,23,0,1000000,3000,4
724399,724399,2897596,5430,85,340,630.0,0.0,630.0,705,705,375.49411764705883,15,0,1000000,3000,4
724591,724591,2898364,5431,192,768,1338.0,0.0,1338.0,1434,1434,668.5520833333334,29,0,1000000,3000,4
724744,724744,2898976,5432,153,612,715.0,0.0,715.0,802,802,503.5424836601307,17,0,1000000,3000,4
724832,724832,2899328,5433,88,352,625.0,0.0,625.0,699,699,376.02272727272725,14,0,1000000,3000,4
724863,724863,2899452,5434,31,124,246.0,0.0,246.0,309,309,157.83870967741936,7,0,1000000,3000,4
724894,724894,2899576,5435,31,124,245.0,0.0,245.0,309,309,156.19354838709677,7,0,1000000,3000,4
724932,724932,2899728,5436,38,152,230.0,0.0,230.0,294,294,168.3684210526316,6,0,1000000,3000,4
724962,724962,2899848,5437,30,120,250.0,0.0,250.0,312,312,158.36666666666667,7,0,1000000,3000,4
724994,724994,2899976,5438,32,128,247.0,0.0,247.0,311,311,149.1875,7,0,1000000,3000,4
725108,725108,2900432,5439,114,456,645.0,0.0,645.0,722,722,387.5877192982456,15,0,1000000,3000,4
725147,725147,2900588,5440,39,156,241.0,0.0,241.0,305,305,156.64102564102564,7,0,1000000,3000,4
725238,725238,2900952,5441,91,364,623.0,0.0,623.0,698,698,382.56043956043953,14,0,1000000,3000,4
725277,725277,2901108,5442,39,156,237.0,0.0,237.0,302,302,156.76923076923077,7,0,1000000,3000,4
725389,725389,2901556,5443,112,448,604.0,0.0,604.0,682,682,383.94642857142856,14,0,1000000,3000,4
725543,725543,2902172,5444,154,616,1040.0,0.0,1040.0,1126,1126,584.6428571428571,23,0,1000000,3000,4
725578,725578,2902312,5445,35,140,242.0,0.0,242.0,307,307,150.05714285714285,7,0,1000000,3000,4
725660,725660,2902640,5446,82,328,611.0,0.0,611.0,685,685,373.5121951219512,14,0,1000000,3000,4
725834,725834,2903336,5447,174,696,1315.0,0.0,1315.0,1406,1406,755.1724137931035,29,0,1000000,3000,4
725867,725867,2903468,5448,33,132,250.0,0.0,250.0,314,314,154.0909090909091,7,0,1000000,3000,4
725994,725994,2903976,5449,127,508,818.0,0.0,818.0,898,898,584.9685039370079,18,0,1000000,3000,4
726095,726095,2904380,5450,101,404,600.0,0.0,600.0,678,678,408.6732673267327,14,0,1000000,3000,4
726132,726132,2904528,5451,37,148,241.0,0.0,241.0,305,305,151.94594594594594,7,0,1000000,3000,4
726256,726256,2905024,5452,124,496,721.0,0.0,721.0,802,802,438.88709677419354,17,0,1000000,3000,4
726347,726347,2905388,5453,91,364,613.0,0.0,613.0,688,688,338.2967032967033,14,0,1000000,3000,4
726537,726537,2906148,5454,190,760,1140.0,0.0,1140.0,1235,1235,629.4,25,0,1000000,3000,4
726615,726615,2906460,5455,78,312,609.0,0.0,609.0,681,681,314.1666666666667,14,0,1000000,3000,4
726695,726695,2906780,5456,80,320,636.0,0.0,636.0,708,708,364.8125,15,0,1000000,3000,4
726799,726799,2907196,5457,104,416,632.0,0.0,632.0,710,710,369.5480769230769,15,0,1000000,3000,4
726901,726901,2907604,5458,102,408,613.0,0.0,613.0,689,689,384.7843137254902,14,0,1000000,3000,4
726986,726986,2907944,5459,85,340,626.0,0.0,626.0,700,700,354.4235294117647,15,0,1000000,3000,4
727015,727015,2908060,5460,29,116,247.0,0.0,247.0,309,309,154.79310344827587,7,0,1000000,3000,4
727113,727113,2908452,5461,98,392,623.0,0.0,623.0,699,699,394.3469387755102,14,0,1000000,3000,4
727149,727149,2908596,5462,36,144,245.0,0.0,245.0,310,310,151.05555555555554,7,0,1000000,3000,4
727257,727257,2909028,5463,108,432,625.0,0.0,625.0,704,704,379.6666666666667,15,0,1000000,3000,4
727288,727288,2909152,5464,31,124,248.0,0.0,248.0,312,312,150.83870967741936,7,0,1000000,3000,4
727350,727350,2909400,5465,62,248,610.0,0.0,610.0,680,680,327.8709677419355,14,0,1000000,3000,4
727426,727426,2909704,5466,76,304,633.0,0.0,633.0,706,706,388.75,15,0,1000000,3000,4
727511,727511,2910044,5467,85,340,615.0,0.0,615.0,688,688,406.54117647058825,14,0,1000000,3000,4
727545,727545,2910180,5468,34,136,238.0,0.0,238.0,301,301,163.47058823529412,7,0,1000000,3000,4
727575,727575,2910300,5469,30,120,244.0,0.0,244.0,307,307,160.36666666666667,7,0,1000000,3000,4
727855,727855,2911420,5470,280,1120,1321.0,0.0,1321.0,1434,1434,684.5821428571429,29,0,1000000,3000,4
727884,727884,2911536,5471,29,116,246.0,0.0,246.0,309,309,161.82758620689654,7,0,1000000,3000,4
727984,727984,2911936,5472,100,400,621.0,0.0,621.0,697,697,373.25,14,0,1000000,3000,4
728133,728133,2912532,5473,149,596,1050.0,0.0,1050.0,1136,1136,630.8993288590603,23,0,1000000,3000,4
728215,728215,2912860,5474,82,328,635.0,0.0,635.0,708,708,372.0975609756098,15,0,1000000,3000,4
728249,728249,2912996,5475,34,136,249.0,0.0,249.0,313,313,150.64705882352942,7,0,1000000,3000,4
728393,728393,2913572,5476,144,576,815.0,0.0,815.0,898,899,547.1111111111111,18,0,1000000,3000,4
728428,728428,2913712,5477,35,140,238.0,0.0,238.0,303,303,161.05714285714285,7,0,1000000,3000,4
728534,728534,2914136,5478,106,424,629.0,0.0,629.0,707,707,403.42452830188677,15,0,1000000,3000,4
728568,728568,2914272,5479,34,136,248.0,0.0,248.0,312,312,148.61764705882354,7,0,1000000,3000,4
728640,728640,2914560,5480,72,288,636.0,0.0,636.0,707,707,383.0833333333333,15,0,1000000,3000,4
728677,728677,2914708,5481,37,148,242.0,0.0,242.0,306,306,155.51351351351352,7,0,1000000,3000,4
728785,728785,2915140,5482,108,432,618.0,0.0,618.0,697,697,380.39814814814815,14,0,1000000,3000,4
728975,728975,2915900,5483,190,760,1033.0,0.0,1033.0,1126,1126,683.4578947368421,23,0,1000000,3000,4
729058,729058,2916232,5484,83,332,651.0,0.0,651.0,722,722,365.66265060240966,15,0,1000000,3000,4
729164,729164,2916656,5485,106,424,624.0,0.0,624.0,702,702,386.04716981132077,15,0,1000000,3000,4
729198,729198,2916792,5486,34,136,243.0,0.0,243.0,306,306,166.6764705882353,7,0,1000000,3000,4
729291,729291,2917164,5487,93,372,623.0,0.0,623.0,699,699,374.64516129032256,14,0,1000000,3000,4
729369,729369,2917476,5488,78,312,635.0,0.0,635.0,708,708,390.5128205128205,15,0,1000000,3000,4
729512,729512,2918048,5489,143,572,1055.0,0.0,1055.0,1140,1140,615.8111888111888,23,0,1000000,3000,4
729597,729597,2918388,5490,85,340,634.0,0.0,634.0,708,708,382.63529411764705,15,0,1000000,3000,4
729630,729630,2918520,5491,33,132,248.0,0.0,248.0,311,311,158.4848484848485,7,0,1000000,3000,4
729792,729792,2919168,5492,162,648,811.0,0.0,811.0,898,898,579.0864197530864,18,0,1000000,3000,4
729831,729831,2919324,5493,39,156,238.0,0.0,238.0,303,303,150.46153846153845,7,0,1000000,3000,4
729864,729864,2919456,5494,33,132,239.0,0.0,239.0,303,303,164.87878787878788,7,0,1000000,3000,4
729906,729906,2919624,5495,42,168,232.0,0.0,232.0,297,297,150.4047619047619,6,0,1000000,3000,4
730072,730072,2920288,5496,166,664,634.0,0.0,634.0,722,722,486.855421686747,15,0,1000000,3000,4
730370,730370,2921480,5497,298,1192,1014.0,0.0,1014.0,1129,1129,632.771812080537,23,0,1000000,3000,4
730476,730476,2921904,5498,106,424,616.0,0.0,616.0,693,693,361.4622641509434,14,0,1000000,3000,4
730629,730629,2922516,5499,153,612,743.0,0.0,743.0,830,830,494.0457516339869,17,0,1000000,3000,4
730669,730669,2922676,5500,40,160,232.0,0.0,232.0,298,298,157.875,6,0,1000000,3000,4
730926,730926,2923704,5501,257,1028,1693.0,0.0,1693.0,1801,1801,857.8443579766537,37,0,1000000,3000,4
731170,731170,2924680,5502,244,976,1028.0,0.0,1028.0,1133,1133,636.7950819672132,23,0,1000000,3000,4
731286,731286,2925144,5503,116,464,614.0,0.0,614.0,695,695,368.66379310344826,14,0,1000000,3000,4
731511,731511,2926044,5504,225,900,1333.0,0.0,1333.0,1435,1435,721.7422222222223,29,0,1000000,3000,4
731552,731552,2926208,5505,41,164,233.0,0.0,233.0,298,298,158.2439024390244,6,0,1000000,3000,4
731587,731587,2926348,5506,35,140,236.0,0.0,236.0,299,299,167.8,6,0,1000000,3000,4
731725,731725,2926900,5507,138,552,728.0,0.0,728.0,812,812,474.0072463768116,17,0,1000000,3000,4
731971,731971,2927884,5508,246,984,1325.0,0.0,1325.0,1432,1432,761.6138211382114,29,0,1000000,3000,4
732003,732003,2928012,5509,32,128,240.0,0.0,240.0,304,304,165.5625,7,0,1000000,3000,4
732104,732104,2928416,5510,101,404,599.0,0.0,599.0,676,676,399.6237623762376,14,0,1000000,3000,4
732312,732312,2929248,5511,208,832,1124.0,0.0,1124.0,1221,1221,681.3701923076923,25,0,1000000,3000,4
732353,732353,2929412,5512,41,164,232.0,0.0,232.0,297,297,163.02439024390245,6,0,1000000,3000,4
732387,732387,2929548,5513,34,136,238.0,0.0,238.0,301,301,169.35294117647058,7,0,1000000,3000,4
732479,732479,2929916,5514,92,368,633.0,0.0,633.0,708,708,367.2282608695652,15,0,1000000,3000,4
732514,732514,2930056,5515,35,140,248.0,0.0,248.0,311,311,154.74285714285713,7,0,1000000,3000,4
732610,732610,2930440,5516,96,384,621.0,0.0,621.0,698,698,366.3333333333333,14,0,1000000,3000,4
732782,732782,2931128,5517,172,688,1034.0,0.0,1034.0,1124,1124,603.546511627907,23,0,1000000,3000,4
733024,733024,2932096,5518,242,968,1310.0,0.0,1310.0,1414,1414,765.0123966942149,29,0,1000000,3000,4
733172,733172,2932688,5519,148,592,1044.0,0.0,1044.0,1130,1130,593.418918918919,23,0,1000000,3000,4
733207,733207,2932828,5520,35,140,242.0,0.0,242.0,305,305,164.77142857142857,7,0,1000000,3000,4
733305,733305,2933220,5521,98,392,616.0,0.0,616.0,691,691,355.7040816326531,14,0,1000000,3000,4
733341,733341,2933364,5522,36,144,235.0,0.0,235.0,299,299,167.08333333333334,6,0,1000000,3000,4
733375,733375,2933500,5523,34,136,250.0,0.0,250.0,314,314,151.14705882352942,7,0,1000000,3000,4
733469,733469,2933876,5524,94,376,623.0,0.0,623.0,699,699,389.5851063829787,14,0,1000000,3000,4
733547,733547,2934188,5525,78,312,610.0,0.0,610.0,682,682,314.87179487179486,14,0,1000000,3000,4
733576,733576,2934304,5526,29,116,249.0,0.0,249.0,312,312,153.9655172413793,7,0,1000000,3000,4
733668,733668,2934672,5527,92,368,617.0,0.0,617.0,692,692,337.30434782608694,14,0,1000000,3000,4
733754,733754,2935016,5528,86,344,638.0,0.0,638.0,713,713,385.9767441860465,15,0,1000000,3000,4
733924,733924,2935696,5529,170,680,1041.0,0.0,1041.0,1130,1130,647.0235294117647,23,0,1000000,3000,4
734019,734019,2936076,5530,95,380,631.0,0.0,631.0,707,707,383.4,15,0,1000000,3000,4
734165,734165,2936660,5531,146,584,814.0,0.0,814.0,898,898,543.486301369863,18,0,1000000,3000,4
734201,734201,2936804,5532,36,144,232.0,0.0,232.0,297,297,161.47222222222223,6,0,1000000,3000,4
734347,734347,2937388,5533,146,584,715.0,0.0,715.0,801,801,499.75342465753425,17,0,1000000,3000,4
734534,734534,2938136,5534,187,748,1054.0,0.0,1054.0,1149,1149,608.2139037433155,23,0,1000000,3000,4
734566,734566,2938264,5535,32,128,251.0,0.0,251.0,315,315,157.53125,7,0,1000000,3000,4
734771,734771,2939084,5536,205,820,1311.0,0.0,1311.0,1408,1408,687.3512195121951,29,0,1000000,3000,4
734806,734806,2939224,5537,35,140,248.0,0.0,248.0,312,312,149.14285714285714,7,0,1000000,3000,4
734837,734837,2939348,5538,31,124,246.0,0.0,246.0,309,309,156.2258064516129,7,0,1000000,3000,4
735003,735003,2940012,5539,166,664,634.0,0.0,634.0,722,722,483.0722891566265,15,0,1000000,3000,4
735034,735034,2940136,5540,31,124,250.0,0.0,250.0,314,314,147.09677419354838,7,0,1000000,3000,4
735221,735221,2940884,5541,187,748,1344.0,0.0,1344.0,1439,1439,697.24064171123,29,0,1000000,3000,4
735416,735416,2941664,5542,195,780,1056.0,0.0,1056.0,1152,1152,621.8153846153846,24,0,1000000,3000,4
735445,735445,2941780,5543,29,116,247.0,0.0,247.0,310,310,157.17241379310346,7,0,1000000,3000,4
735728,735728,2942912,5544,283,1132,1412.0,0.0,1412.0,1525,1525,723.7844522968198,31,0,1000000,3000,4
735761,735761,2943044,5545,33,132,246.0,0.0,246.0,310,310,153.8181818181818,7,0,1000000,3000,4
735962,735962,2943848,5546,201,804,1427.0,0.0,1427.0,1525,1525,773.1343283582089,31,0,1000000,3000,4
736043,736043,2944172,5547,81,324,602.0,0.0,602.0,676,676,321.87654320987656,14,0,1000000,3000,4
736226,736226,2944904,5548,183,732,1035.0,0.0,1035.0,1127,1127,637.7049180327868,23,0,1000000,3000,4
736317,736317,2945268,5549,91,364,622.0,0.0,622.0,698,698,335.6923076923077,14,0,1000000,3000,4
736419,736419,2945676,5550,102,408,624.0,0.0,624.0,702,702,369.70588235294116,15,0,1000000,3000,4
736456,736456,2945824,5551,37,148,241.0,0.0,241.0,305,305,154.13513513513513,7,0,1000000,3000,4
737034,737034,2948136,5552,578,2312,3006.0,0.0,3006.0,3161,3161,1681.903114186851,64,0,1000000,3000,4
737134,737134,2948536,5553,100,400,629.0,0.0,629.0,705,705,347.76,15,0,1000000,3000,4
737168,737168,2948672,5554,34,136,248.0,0.0,248.0,312,312,151.85294117647058,7,0,1000000,3000,4
737201,737201,2948804,5555,33,132,251.0,0.0,251.0,315,315,151.6060606060606,7,0,1000000,3000,4
737445,737445,2949780,5556,244,976,1300.0,0.0,1300.0,1405,1405,684.688524590164,29,0,1000000,3000,4
737482,737482,2949928,5557,37,148,244.0,0.0,244.0,308,308,146.8108108108108,7,0,1000000,3000,4
737654,737654,2950616,5558,172,688,763.0,0.0,763.0,855,855,548.9883720930233,18,0,1000000,3000,4
737772,737772,2951088,5559,118,472,610.0,0.0,610.0,689,689,390.02542372881356,14,0,1000000,3000,4
738087,738087,2952348,5560,315,1260,1296.0,0.0,1296.0,1414,1414,760.4507936507937,29,0,1000000,3000,4
738246,738246,2952984,5561,159,636,636.0,0.0,636.0,722,722,463.9685534591195,15,0,1000000,3000,4
738455,738455,2953820,5562,209,836,1028.0,0.0,1028.0,1125,1125,645.6459330143541,23,0,1000000,3000,4
738494,738494,2953976,5563,39,156,231.0,0.0,231.0,295,295,156.46153846153845,6,0,1000000,3000,4
738526,738526,2954104,5564,32,128,251.0,0.0,251.0,315,315,151.40625,7,0,1000000,3000,4
738869,738869,2955476,5565,343,1372,1288.0,0.0,1288.0,1411,1411,776.0699708454811,29,0,1000000,3000,4
739024,739024,2956096,5566,155,620,813.0,0.0,813.0,898,898,570.4322580645161,18,0,1000000,3000,4
739056,739056,2956224,5567,32,128,252.0,0.0,252.0,316,316,156.71875,7,0,1000000,3000,4
739136,739136,2956544,5568,80,320,617.0,0.0,617.0,691,691,350.6625,14,0,1000000,3000,4
739327,739327,2957308,5569,191,764,703.0,0.0,703.0,798,798,546.2041884816754,16,0,1000000,3000,4
739456,739456,2957824,5570,129,516,1047.0,0.0,1047.0,1128,1128,595.7984496124031,23,0,1000000,3000,4
739488,739488,2957952,5571,32,128,239.0,0.0,239.0,302,302,165.625,7,0,1000000,3000,4
739574,739574,2958296,5572,86,344,637.0,0.0,637.0,711,711,388.4418604651163,15,0,1000000,3000,4
739704,739704,2958816,5573,130,520,785.0,0.0,785.0,868,868,533.2923076923076,18,0,1000000,3000,4
739734,739734,2958936,5574,30,120,252.0,0.0,252.0,315,315,156.7,7,0,1000000,3000,4
739970,739970,2959880,5575,236,944,1328.0,0.0,1328.0,1433,1433,731.228813559322,29,0,1000000,3000,4
740000,740000,2960000,5576,30,120,246.0,0.0,246.0,310,310,155.33333333333334,7,0,1000000,3000,4
740152,740152,2960608,5577,152,608,637.0,0.0,637.0,722,722,503.5394736842105,15,0,1000000,3000,4
740235,740235,2960940,5578,83,332,603.0,0.0,603.0,677,677,316.2048192771084,14,0,1000000,3000,4
740266,740266,2961064,5579,31,124,245.0,0.0,245.0,308,308,165.93548387096774,7,0,1000000,3000,4
740329,740329,2961316,5580,63,252,610.0,0.0,610.0,680,680,321.6507936507937,14,0,1000000,3000,4
740495,740495,2961980,5581,166,664,1038.0,0.0,1038.0,1127,1127,611.9156626506024,23,0,1000000,3000,4
740680,740680,2962720,5582,185,740,1330.0,0.0,1330.0,1424,1424,690.3351351351351,29,0,1000000,3000,4
740867,740867,2963468,5583,187,748,806.0,0.0,806.0,898,898,546.3850267379679,18,0,1000000,3000,4
740947,740947,2963788,5584,80,320,634.0,0.0,634.0,708,708,387.7125,15,0,1000000,3000,4
740983,740983,2963932,5585,36,144,231.0,0.0,231.0,295,295,163.36111111111111,6,0,1000000,3000,4
741168,741168,2964672,5586,185,740,1035.0,0.0,1035.0,1127,1127,602.6108108108108,23,0,1000000,3000,4
741425,741425,2965700,5587,257,1028,1848.0,0.0,1848.0,1955,1955,943.8054474708172,40,0,1000000,3000,4
741511,741511,2966044,5588,86,344,619.0,0.0,619.0,694,694,344.8255813953488,14,0,1000000,3000,4
741581,741581,2966324,5589,70,280,625.0,0.0,625.0,697,697,367.12857142857143,14,0,1000000,3000,4
741608,741608,2966432,5590,27,108,252.0,0.0,252.0,315,315,167.7037037037037,7,0,1000000,3000,4
741789,741789,2967156,5591,181,724,1317.0,0.0,1317.0,1410,1410,733.6795580110497,29,0,1000000,3000,4
741922,741922,2967688,5592,133,532,1069.0,0.0,1069.0,1153,1153,600.5187969924812,24,0,1000000,3000,4
741955,741955,2967820,5593,33,132,243.0,0.0,243.0,307,307,162.33333333333334,7,0,1000000,3000,4
741988,741988,2967952,5594,33,132,243.0,0.0,243.0,307,307,162.0909090909091,7,0,1000000,3000,4
742185,742185,2968740,5595,197,788,1338.0,0.0,1338.0,1435,1435,717.5025380710659,29,0,1000000,3000,4
742265,742265,2969060,5596,80,320,624.0,0.0,624.0,697,697,372.5,14,0,1000000,3000,4
742301,742301,2969204,5597,36,144,231.0,0.0,231.0,295,295,164.25,6,0,1000000,3000,4
742334,742334,2969336,5598,33,132,250.0,0.0,250.0,314,314,144.87878787878788,7,0,1000000,3000,4
742633,742633,2970532,5599,299,1196,1312.0,0.0,1312.0,1428,1428,764.438127090301,29,0,1000000,3000,4
742764,742764,2971056,5600,131,524,1051.0,0.0,1051.0,1134,1134,582.2900763358779,23,0,1000000,3000,4
742873,742873,2971492,5601,109,436,613.0,0.0,613.0,691,691,389.8256880733945,14,0,1000000,3000,4
742937,742937,2971748,5602,64,256,607.0,0.0,607.0,676,676,341.125,14,0,1000000,3000,4
743143,743143,2972572,5603,206,824,1027.0,0.0,1027.0,1123,1123,634.5728155339806,23,0,1000000,3000,4
743223,743223,2972892,5604,80,320,636.0,0.0,636.0,709,709,378.8125,15,0,1000000,3000,4
743315,743315,2973260,5605,92,368,632.0,0.0,632.0,708,708,363.5217391304348,15,0,1000000,3000,4
743399,743399,2973596,5606,84,336,633.0,0.0,633.0,707,707,399.5238095238095,15,0,1000000,3000,4
743526,743526,2974104,5607,127,508,747.0,0.0,747.0,829,829,479.99212598425197,17,0,1000000,3000,4
743622,743622,2974488,5608,96,384,611.0,0.0,611.0,687,687,404.8958333333333,14,0,1000000,3000,4
743839,743839,2975356,5609,217,868,1328.0,0.0,1328.0,1428,1428,726.8801843317972,29,0,1000000,3000,4
744051,744051,2976204,5610,212,848,1424.0,0.0,1424.0,1522,1522,763.2688679245283,31,0,1000000,3000,4
744198,744198,2976792,5611,147,588,638.0,0.0,638.0,722,723,501.99319727891157,15,0,1000000,3000,4
744285,744285,2977140,5612,87,348,628.0,0.0,628.0,703,703,384.95402298850576,15,0,1000000,3000,4
744455,744455,2977820,5613,170,680,1327.0,0.0,1327.0,1418,1418,757.5823529411765,29,0,1000000,3000,4
744596,744596,2978384,5614,141,564,1051.0,0.0,1051.0,1136,1136,582.049645390071,23,0,1000000,3000,4
744627,744627,2978508,5615,31,124,248.0,0.0,248.0,312,312,160.41935483870967,7,0,1000000,3000,4
744658,744658,2978632,5616,31,124,246.0,0.0,246.0,310,310,153.0,7,0,1000000,3000,4
744779,744779,2979116,5617,121,484,732.0,0.0,732.0,813,813,496.8677685950413,17,0,1000000,3000,4
744874,744874,2979496,5618,95,380,627.0,0.0,627.0,702,702,367.7894736842105,15,0,1000000,3000,4
745000,745000,2980000,5619,126,504,742.0,0.0,742.0,825,825,492.86507936507934,17,0,1000000,3000,4
745349,745349,2981396,5620,349,1396,1003.0,0.0,1003.0,1128,1128,736.0945558739255,23,0,1000000,3000,4
745386,745386,2981544,5621,37,148,232.0,0.0,232.0,297,297,165.1081081081081,6,0,1000000,3000,4
745416,745416,2981664,5622,30,120,247.0,0.0,247.0,310,310,160.5,7,0,1000000,3000,4
745658,745658,2982632,5623,242,968,1312.0,0.0,1312.0,1415,1415,737.8140495867768,29,0,1000000,3000,4
745742,745742,2982968,5624,84,336,617.0,0.0,617.0,691,691,351.0,14,0,1000000,3000,4
745772,745772,2983088,5625,30,120,245.0,0.0,245.0,308,308,153.96666666666667,7,0,1000000,3000,4
746014,746014,2984056,5626,242,968,1328.0,0.0,1328.0,1434,1434,702.1611570247934,29,0,1000000,3000,4
746054,746054,2984216,5627,40,160,226.0,0.0,226.0,291,291,162.725,6,0,1000000,3000,4
746081,746081,2984324,5628,27,108,252.0,0.0,252.0,315,315,167.7037037037037,7,0,1000000,3000,4
746230,746230,2984920,5629,149,596,755.0,0.0,755.0,840,840,557.6375838926175,17,0,1000000,3000,4
746316,746316,2985264,5630,86,344,625.0,0.0,625.0,699,699,390.25581395348837,14,0,1000000,3000,4
746614,746614,2986456,5631,298,1192,2357.0,0.0,2357.0,2472,2472,1196.6174496644296,50,0,1000000,3000,4
746797,746797,2987188,5632,183,732,1331.0,0.0,1331.0,1425,1425,686.2131147540983,29,0,1000000,3000,4
746977,746977,2987908,5633,180,720,1337.0,0.0,1337.0,1430,1430,737.25,29,0,1000000,3000,4
747067,747067,2988268,5634,90,360,632.0,0.0,632.0,706,706,393.7,15,0,1000000,3000,4
747146,747146,2988584,5635,79,316,633.0,0.0,633.0,706,706,381.32911392405066,15,0,1000000,3000,4
747216,747216,2988864,5636,70,280,615.0,0.0,615.0,687,687,355.5,14,0,1000000,3000,4
747447,747447,2989788,5637,231,924,1330.0,0.0,1330.0,1434,1434,669.6406926406927,29,0,1000000,3000,4
747528,747528,2990112,5638,81,324,610.0,0.0,610.0,682,682,356.1358024691358,14,0,1000000,3000,4
747681,747681,2990724,5639,153,612,813.0,0.0,813.0,898,898,548.3725490196078,18,0,1000000,3000,4
747752,747752,2991008,5640,71,284,623.0,0.0,623.0,695,695,359.19718309859155,14,0,1000000,3000,4
747787,747787,2991148,5641,35,140,231.0,0.0,231.0,295,295,164.8,6,0,1000000,3000,4
747855,747855,2991420,5642,68,272,612.0,0.0,612.0,683,683,347.3235294117647,14,0,1000000,3000,4
747965,747965,2991860,5643,110,440,624.0,0.0,624.0,703,703,361.73636363636365,15,0,1000000,3000,4
748103,748103,2992412,5644,138,552,1044.0,0.0,1044.0,1127,1127,591.731884057971,23,0,1000000,3000,4
748198,748198,2992792,5645,95,380,637.0,0.0,637.0,713,713,392.2315789473684,15,0,1000000,3000,4
748232,748232,2992928,5646,34,136,237.0,0.0,237.0,300,300,166.58823529411765,7,0,1000000,3000,4
748267,748267,2993068,5647,35,140,250.0,0.0,250.0,314,314,150.28571428571428,7,0,1000000,3000,4
748298,748298,2993192,5648,31,124,247.0,0.0,247.0,311,311,156.48387096774192,7,0,1000000,3000,4
748500,748500,2994000,5649,202,808,1031.0,0.0,1031.0,1127,1127,630.6138613861386,23,0,1000000,3000,4
748614,748614,2994456,5650,114,456,603.0,0.0,603.0,682,682,409.8157894736842,14,0,1000000,3000,4
748645,748645,2994580,5651,31,124,250.0,0.0,250.0,314,314,154.5483870967742,7,0,1000000,3000,4
748722,748722,2994888,5652,77,308,607.0,0.0,607.0,680,680,330.7012987012987,14,0,1000000,3000,4
748821,748821,2995284,5653,99,396,611.0,0.0,611.0,688,688,390.54545454545456,14,0,1000000,3000,4
748855,748855,2995420,5654,34,136,245.0,0.0,245.0,309,309,153.55882352941177,7,0,1000000,3000,4
748890,748890,2995560,5655,35,140,249.0,0.0,249.0,313,313,155.42857142857142,7,0,1000000,3000,4
749056,749056,2996224,5656,166,664,1037.0,0.0,1037.0,1126,1126,613.2349397590361,23,0,1000000,3000,4
749146,749146,2996584,5657,90,360,634.0,0.0,634.0,709,709,395.74444444444447,15,0,1000000,3000,4
749345,749345,2997380,5658,199,796,1039.0,0.0,1039.0,1135,1135,612.0201005025126,23,0,1000000,3000,4
749386,749386,2997544,5659,41,164,229.0,0.0,229.0,294,294,165.3170731707317,6,0,1000000,3000,4
749475,749475,2997900,5660,89,356,609.0,0.0,609.0,683,683,395.97752808988764,14,0,1000000,3000,4
749567,749567,2998268,5661,92,368,649.0,0.0,649.0,722,722,397.1195652173913,15,0,1000000,3000,4
749738,749738,2998952,5662,171,684,809.0,0.0,809.0,898,898,566.5029239766081,18,0,1000000,3000,4
749827,749827,2999308,5663,89,356,633.0,0.0,633.0,707,707,383.64044943820227,15,0,1000000,3000,4
749859,749859,2999436,5664,32,128,247.0,0.0,247.0,310,310,153.6875,7,0,1000000,3000,4
749991,749991,2999964,5665,132,528,738.0,0.0,738.0,821,821,508.02272727272725,17,0,1000000,3000,4
750060,750060,3000240,5666,69,276,623.0,0.0,623.0,694,694,361.4927536231884,14,0,1000000,3000,4
750300,750300,3001200,5667,240,960,1027.0,0.0,1027.0,1131,1131,724.4625,23,0,1000000,3000,4
750379,750379,3001516,5668,79,316,608.0,0.0,608.0,681,681,311.0632911392405,14,0,1000000,3000,4
750583,750583,3002332,5669,204,816,1036.0,0.0,1036.0,1133,1133,634.4313725490196,23,0,1000000,3000,4
750614,750614,3002456,5670,31,124,248.0,0.0,248.0,312,312,155.7741935483871,7,0,1000000,3000,4
750772,750772,3003088,5671,158,632,1042.0,0.0,1042.0,1129,1129,629.1835443037975,23,0,1000000,3000,4
750861,750861,3003444,5672,89,356,608.0,0.0,608.0,682,682,317.0449438202247,14,0,1000000,3000,4
750963,750963,3003852,5673,102,408,608.0,0.0,608.0,685,685,382.6862745098039,14,0,1000000,3000,4
751235,751235,3004940,5674,272,1088,1042.0,0.0,1042.0,1154,1154,655.8014705882352,24,0,1000000,3000,4
751269,751269,3005076,5675,34,136,236.0,0.0,236.0,299,299,169.1764705882353,6,0,1000000,3000,4
751458,751458,3005832,5676,189,756,806.0,0.0,806.0,898,899,572.3121693121693,18,0,1000000,3000,4
751495,751495,3005980,5677,37,148,236.0,0.0,236.0,300,300,164.05405405405406,7,0,1000000,3000,4
751529,751529,3006116,5678,34,136,245.0,0.0,245.0,309,309,158.7941176470588,7,0,1000000,3000,4
751783,751783,3007132,5679,254,1016,1708.0,0.0,1708.0,1816,1816,856.4251968503937,37,0,1000000,3000,4
751881,751881,3007524,5680,98,392,631.0,0.0,631.0,708,708,368.14285714285717,15,0,1000000,3000,4
751911,751911,3007644,5681,30,120,247.0,0.0,247.0,309,309,162.23333333333332,7,0,1000000,3000,4
752200,752200,3008800,5682,289,1156,1012.0,0.0,1012.0,1124,1124,678.4117647058823,23,0,1000000,3000,4
752499,752499,3009996,5683,299,1196,1011.0,0.0,1011.0,1126,1126,705.7591973244147,23,0,1000000,3000,4
752619,752619,3010476,5684,120,480,586.0,0.0,586.0,666,666,395.425,14,0,1000000,3000,4
752891,752891,3011564,5685,272,1088,1129.0,0.0,1129.0,1240,1240,685.8014705882352,25,0,1000000,3000,4
752926,752926,3011704,5686,35,140,242.0,0.0,242.0,306,306,157.0857142857143,7,0,1000000,3000,4
753121,753121,3012484,5687,195,780,805.0,0.0,805.0,898,899,519.7692307692307,18,0,1000000,3000,4
753413,753413,3013652,5688,292,1168,1296.0,0.0,1296.0,1411,1411,709.0068493150685,29,0,1000000,3000,4
753627,753627,3014508,5689,214,856,1038.0,0.0,1038.0,1137,1137,590.7757009345794,23,0,1000000,3000,4
753669,753669,3014676,5690,42,168,232.0,0.0,232.0,297,297,156.21428571428572,6,0,1000000,3000,4
753794,753794,3015176,5691,125,500,725.0,0.0,725.0,806,806,459.04,17,0,1000000,3000,4
753931,753931,3015724,5692,137,548,1044.0,0.0,1044.0,1127,1127,607.7956204379562,23,0,1000000,3000,4
754054,754054,3016216,5693,123,492,591.0,0.0,591.0,671,671,390.5528455284553,14,0,1000000,3000,4
754401,754401,3017604,5694,347,1388,1830.0,0.0,1830.0,1956,1956,914.250720461095,40,0,1000000,3000,4
754585,754585,3018340,5695,184,736,807.0,0.0,807.0,898,898,580.6032608695652,18,0,1000000,3000,4
754683,754683,3018732,5696,98,392,624.0,0.0,624.0,700,700,380.03061224489795,15,0,1000000,3000,4
754817,754817,3019268,5697,134,536,733.0,0.0,733.0,816,816,497.17164179104475,17,0,1000000,3000,4
754999,754999,3019996,5698,182,728,807.0,0.0,807.0,898,898,516.7692307692307,18,0,1000000,3000,4
755123,755123,3020492,5699,124,496,610.0,0.0,610.0,690,690,359.508064516129,14,0,1000000,3000,4
755242,755242,3020968,5700,119,476,603.0,0.0,603.0,683,683,373.00840336134456,14,0,1000000,3000,4
755278,755278,3021112,5701,36,144,239.0,0.0,239.0,302,302,158.94444444444446,7,0,1000000,3000,4
755530,755530,3022120,5702,252,1008,1549.0,0.0,1549.0,1655,1655,774.7142857142857,34,0,1000000,3000,4
755832,755832,3023328,5703,302,1208,1395.0,0.0,1395.0,1513,1513,695.8543046357615,31,0,1000000,3000,4
756076,756076,3024304,5704,244,976,1571.0,0.0,1571.0,1676,1676,799.0204918032787,34,0,1000000,3000,4
756172,756172,3024688,5705,96,384,602.0,0.0,602.0,678,678,390.1354166666667,14,0,1000000,3000,4
756218,756218,3024872,5706,46,184,224.0,0.0,224.0,291,291,147.91304347826087,6,0,1000000,3000,4
756415,756415,3025660,5707,197,788,1313.0,0.0,1313.0,1409,1409,694.6903553299493,29,0,1000000,3000,4
756465,756465,3025860,5708,50,200,210.0,0.0,210.0,276,276,167.74,6,0,1000000,3000,4
756596,756596,3026384,5709,131,524,1063.0,0.0,1063.0,1147,1147,552.2290076335878,23,0,1000000,3000,4
756673,756673,3026692,5710,77,308,632.0,0.0,632.0,704,704,368.1038961038961,15,0,1000000,3000,4
756838,756838,3027352,5711,165,660,1039.0,0.0,1039.0,1126,1126,549.3030303030303,23,0,1000000,3000,4
757028,757028,3028112,5712,190,760,1314.0,0.0,1314.0,1408,1408,687.9842105263158,29,0,1000000,3000,4
757067,757067,3028268,5713,39,156,241.0,0.0,241.0,305,305,150.3846153846154,7,0,1000000,3000,4
757147,757147,3028588,5714,80,320,627.0,0.0,627.0,700,700,359.9375,15,0,1000000,3000,4
757187,757187,3028748,5715,40,160,243.0,0.0,243.0,308,308,140.2,7,0,1000000,3000,4
757234,757234,3028936,5716,47,188,213.0,0.0,213.0,279,279,164.91489361702128,6,0,1000000,3000,4
757400,757400,3029600,5717,166,664,598.0,0.0,598.0,688,688,424.3734939759036,14,0,1000000,3000,4
757482,757482,3029928,5718,82,328,609.0,0.0,609.0,683,683,313.7317073170732,14,0,1000000,3000,4
757564,757564,3030256,5719,82,328,626.0,0.0,626.0,699,699,357.1219512195122,14,0,1000000,3000,4
757706,757706,3030824,5720,142,568,1155.0,0.0,1155.0,1241,1241,588.887323943662,25,0,1000000,3000,4
757772,757772,3031088,5721,66,264,616.0,0.0,616.0,687,687,337.04545454545456,14,0,1000000,3000,4
757805,757805,3031220,5722,33,132,241.0,0.0,241.0,304,304,161.84848484848484,7,0,1000000,3000,4
757915,757915,3031660,5723,110,440,609.0,0.0,609.0,688,688,404.23636363636365,14,0,1000000,3000,4
757948,757948,3031792,5724,33,132,250.0,0.0,250.0,314,314,150.36363636363637,7,0,1000000,3000,4
758033,758033,3032132,5725,85,340,608.0,0.0,608.0,682,682,348.8705882352941,14,0,1000000,3000,4
758241,758241,3032964,5726,208,832,1141.0,0.0,1141.0,1239,1239,636.4182692307693,25,0,1000000,3000,4
758332,758332,3033328,5727,91,364,623.0,0.0,623.0,699,699,359.86813186813185,14,0,1000000,3000,4
758374,758374,3033496,5728,42,168,233.0,0.0,233.0,298,298,154.5,6,0,1000000,3000,4
758414,758414,3033656,5729,40,160,232.0,0.0,232.0,297,297,161.65,6,0,1000000,3000,4
758498,758498,3033992,5730,84,336,633.0,0.0,633.0,706,706,388.5,15,0,1000000,3000,4
758527,758527,3034108,5731,29,116,250.0,0.0,250.0,312,312,154.24137931034483,7,0,1000000,3000,4
758564,758564,3034256,5732,37,148,235.0,0.0,235.0,299,299,168.1891891891892,6,0,1000000,3000,4
758605,758605,3034420,5733,41,164,229.0,0.0,229.0,295,295,164.90243902439025,6,0,1000000,3000,4
758642,758642,3034568,5734,37,148,241.0,0.0,241.0,305,305,160.02702702702703,7,0,1000000,3000,4
758739,758739,3034956,5735,97,388,628.0,0.0,628.0,704,704,384.4020618556701,15,0,1000000,3000,4
758938,758938,3035752,5736,199,796,1033.0,0.0,1033.0,1128,1128,650.8341708542714,23,0,1000000,3000,4
759104,759104,3036416,5737,166,664,1334.0,0.0,1334.0,1425,1425,713.9759036144578,29,0,1000000,3000,4
759325,759325,3037300,5738,221,884,1688.0,0.0,1688.0,1788,1788,888.2307692307693,36,0,1000000,3000,4
759359,759359,3037436,5739,34,136,236.0,0.0,236.0,299,299,164.61764705882354,6,0,1000000,3000,4
759394,759394,3037576,5740,35,140,241.0,0.0,241.0,304,304,155.9142857142857,7,0,1000000,3000,4
759431,759431,3037724,5741,37,148,233.0,0.0,233.0,298,298,161.13513513513513,6,0,1000000,3000,4
759526,759526,3038104,5742,95,380,630.0,0.0,630.0,707,707,386.2105263157895,15,0,1000000,3000,4
759563,759563,3038252,5743,37,148,231.0,0.0,231.0,295,295,165.2972972972973,6,0,1000000,3000,4
759721,759721,3038884,5744,158,632,1042.0,0.0,1042.0,1129,1129,581.9050632911392,23,0,1000000,3000,4
759756,759756,3039024,5745,35,140,235.0,0.0,235.0,298,298,170.4,6,0,1000000,3000,4
759820,759820,3039280,5746,64,256,616.0,0.0,616.0,684,684,345.53125,14,0,1000000,3000,4
759904,759904,3039616,5747,84,336,627.0,0.0,627.0,701,701,388.9047619047619,15,0,1000000,3000,4
760024,760024,3040096,5748,120,480,738.0,0.0,738.0,819,819,472.95,17,0,1000000,3000,4
760099,760099,3040396,5749,75,300,608.0,0.0,608.0,680,680,329.05333333333334,14,0,1000000,3000,4
760235,760235,3040940,5750,136,544,601.0,0.0,601.0,685,685,463.68382352941177,14,0,1000000,3000,4
760267,760267,3041068,5751,32,128,245.0,0.0,245.0,308,308,156.75,7,0,1000000,3000,4
760303,760303,3041212,5752,36,144,233.0,0.0,233.0,297,297,167.75,6,0,1000000,3000,4
760337,760337,3041348,5753,34,136,246.0,0.0,246.0,310,310,151.8235294117647,7,0,1000000,3000,4
760464,760464,3041856,5754,127,508,1043.0,0.0,1043.0,1124,1124,629.5590551181102,23,0,1000000,3000,4
760568,760568,3042272,5755,104,416,618.0,0.0,618.0,695,695,398.7692307692308,14,0,1000000,3000,4
760598,760598,3042392,5756,30,120,250.0,0.0,250.0,313,313,153.8,7,0,1000000,3000,4
760709,760709,3042836,5757,111,444,1057.0,0.0,1057.0,1136,1136,603.3423423423424,23,0,1000000,3000,4
760746,760746,3042984,5758,37,148,238.0,0.0,238.0,303,303,156.7027027027027,7,0,1000000,3000,4
760916,760916,3043664,5759,170,680,765.0,0.0,765.0,857,857,546.6882352941177,18,0,1000000,3000,4
760952,760952,3043808,5760,36,144,245.0,0.0,245.0,310,310,154.69444444444446,7,0,1000000,3000,4
760985,760985,3043940,5761,33,132,244.0,0.0,244.0,307,307,161.36363636363637,7,0,1000000,3000,4
761062,761062,3044248,5762,77,308,607.0,0.0,607.0,680,680,344.1038961038961,14,0,1000000,3000,4
761221,761221,3044884,5763,159,636,812.0,0.0,812.0,898,899,545.7295597484276,18,0,1000000,3000,4
761400,761400,3045600,5764,179,716,1324.0,0.0,1324.0,1415,1415,729.9944134078212,29,0,1000000,3000,4
761596,761596,3046384,5765,196,784,1324.0,0.0,1324.0,1421,1421,677.530612244898,29,0,1000000,3000,4
761744,761744,3046976,5766,148,592,1149.0,0.0,1149.0,1235,1235,586.25,25,0,1000000,3000,4
761920,761920,3047680,5767,176,704,1062.0,0.0,1062.0,1155,1155,646.9488636363636,24,0,1000000,3000,4
761987,761987,3047948,5768,67,268,610.0,0.0,610.0,681,681,339.7761194029851,14,0,1000000,3000,4
762021,762021,3048084,5769,34,136,251.0,0.0,251.0,315,315,151.2058823529412,7,0,1000000,3000,4
762119,762119,3048476,5770,98,392,614.0,0.0,614.0,690,690,401.4387755102041,14,0,1000000,3000,4
762223,762223,3048892,5771,104,416,610.0,0.0,610.0,688,688,393.0192307692308,14,0,1000000,3000,4
762297,762297,3049188,5772,74,296,635.0,0.0,635.0,706,706,387.22972972972974,15,0,1000000,3000,4
762587,762587,3050348,5773,290,1160,1319.0,0.0,1319.0,1434,1434,736.7965517241379,29,0,1000000,3000,4
762730,762730,3050920,5774,143,572,1042.0,0.0,1042.0,1126,1126,553.7412587412588,23,0,1000000,3000,4
762894,762894,3051576,5775,164,656,811.0,0.0,811.0,898,898,549.0975609756098,18,0,1000000,3000,4
762972,762972,3051888,5776,78,312,622.0,0.0,622.0,695,695,368.03846153846155,14,0,1000000,3000,4
763045,763045,3052180,5777,73,292,611.0,0.0,611.0,682,682,318.90410958904107,14,0,1000000,3000,4
763182,763182,3052728,5778,137,548,747.0,0.0,747.0,831,831,519.2262773722628,17,0,1000000,3000,4
763223,763223,3052892,5779,41,164,230.0,0.0,230.0,295,295,159.3170731707317,6,0,1000000,3000,4
763404,763404,3053616,5780,181,724,736.0,0.0,736.0,829,829,518.1160220994475,17,0,1000000,3000,4
763436,763436,3053744,5781,32,128,245.0,0.0,245.0,309,309,155.71875,7,0,1000000,3000,4
763527,763527,3054108,5782,91,364,606.0,0.0,606.0,681,681,411.14285714285717,14,0,1000000,3000,4
763635,763635,3054540,5783,108,432,600.0,0.0,600.0,678,678,400.89814814814815,14,0,1000000,3000,4
763665,763665,3054660,5784,30,120,246.0,0.0,246.0,310,310,149.4,7,0,1000000,3000,4
763746,763746,3054984,5785,81,324,613.0,0.0,613.0,687,687,349.9259259259259,14,0,1000000,3000,4
763897,763897,3055588,5786,151,604,774.0,0.0,774.0,861,861,520.1788079470199,18,0,1000000,3000,4
763929,763929,3055716,5787,32,128,246.0,0.0,246.0,310,310,146.65625,7,0,1000000,3000,4
764061,764061,3056244,5788,132,528,735.0,0.0,735.0,818,818,516.3787878787879,17,0,1000000,3000,4
764323,764323,3057292,5789,262,1048,1416.0,0.0,1416.0,1526,1526,787.0954198473282,31,0,1000000,3000,4
764356,764356,3057424,5790,33,132,252.0,0.0,252.0,316,316,152.42424242424244,7,0,1000000,3000,4
764502,764502,3058008,5791,146,584,1041.0,0.0,1041.0,1126,1126,609.445205479452,23,0,1000000,3000,4
764695,764695,3058780,5792,193,772,1031.0,0.0,1031.0,1125,1125,646.9430051813472,23,0,1000000,3000,4
764854,764854,3059416,5793,159,636,1038.0,0.0,1038.0,1124,1124,603.433962264151,23,0,1000000,3000,4
764948,764948,3059792,5794,94,376,605.0,0.0,605.0,681,681,372.90425531914894,14,0,1000000,3000,4
765220,765220,3060880,5795,272,1088,1043.0,0.0,1043.0,1155,1155,733.8713235294117,24,0,1000000,3000,4
765263,765263,3061052,5796,43,172,219.0,0.0,219.0,284,284,161.69767441860466,6,0,1000000,3000,4
765374,765374,3061496,5797,111,444,597.0,0.0,597.0,676,676,378.4144144144144,14,0,1000000,3000,4
765461,765461,3061844,5798,87,348,611.0,0.0,611.0,685,685,332.2183908045977,14,0,1000000,3000,4
765492,765492,3061968,5799,31,124,243.0,0.0,243.0,306,306,164.90322580645162,7,0,1000000,3000,4
765533,765533,3062132,5800,41,164,237.0,0.0,237.0,302,302,148.85365853658536,7,0,1000000,3000,4
765631,765631,3062524,5801,98,392,608.0,0.0,608.0,685,685,397.5,14,0,1000000,3000,4
765948,765948,3063792,5802,317,1268,1289.0,0.0,1289.0,1409,1409,722.031545741325,29,0,1000000,3000,4
766134,766134,3064536,5803,186,744,772.0,0.0,772.0,866,866,522.3172043010753,18,0,1000000,3000,4
766300,766300,3065200,5804,166,664,634.0,0.0,634.0,722,722,462.46385542168673,15,0,1000000,3000,4
766525,766525,3066100,5805,225,900,1037.0,0.0,1037.0,1139,1139,603.5511111111111,23,0,1000000,3000,4
766694,766694,3066776,5806,169,676,766.0,0.0,766.0,856,856,490.36686390532543,18,0,1000000,3000,4
766852,766852,3067408,5807,158,632,1039.0,0.0,1039.0,1125,1125,642.9367088607595,23,0,1000000,3000,4
767121,767121,3068484,5808,269,1076,1309.0,0.0,1309.0,1419,1419,722.6468401486989,29,0,1000000,3000,4
767400,767400,3069600,5809,279,1116,788.0,0.0,788.0,898,899,633.741935483871,18,0,1000000,3000,4
767671,767671,3070684,5810,271,1084,1019.0,0.0,1019.0,1129,1129,622.169741697417,23,0,1000000,3000,4
767759,767759,3071036,5811,88,352,625.0,0.0,625.0,700,700,394.1363636363636,15,0,1000000,3000,4
767940,767940,3071760,5812,181,724,754.0,0.0,754.0,847,847,548.414364640884,17,0,1000000,3000,4
768006,768006,3072024,5813,66,264,608.0,0.0,608.0,679,679,324.1969696969697,14,0,1000000,3000,4
768039,768039,3072156,5814,33,132,248.0,0.0,248.0,311,311,153.27272727272728,7,0,1000000,3000,4
768233,768233,3072932,5815,194,776,1310.0,0.0,1310.0,1404,1404,768.7371134020618,29,0,1000000,3000,4
768615,768615,3074460,5816,382,1528,1301.0,0.0,1301.0,1435,1435,747.7198952879581,29,0,1000000,3000,4
768653,768653,3074612,5817,38,152,229.0,0.0,229.0,294,294,173.28947368421052,6,0,1000000,3000,4
768692,768692,3074768,5818,39,156,224.0,0.0,224.0,288,288,171.02564102564102,6,0,1000000,3000,4
768794,768794,3075176,5819,102,408,621.0,0.0,621.0,699,699,366.2843137254902,14,0,1000000,3000,4
768977,768977,3075908,5820,183,732,1426.0,0.0,1426.0,1519,1519,749.7158469945355,31,0,1000000,3000,4
769117,769117,3076468,5821,140,560,782.0,0.0,782.0,867,867,546.25,18,0,1000000,3000,4
769404,769404,3077616,5822,287,1148,1559.0,0.0,1559.0,1674,1674,784.0940766550523,34,0,1000000,3000,4
769602,769602,3078408,5823,198,792,1032.0,0.0,1032.0,1127,1127,657.6717171717172,23,0,1000000,3000,4
769901,769901,3079604,5824,299,1196,1010.0,0.0,1010.0,1124,1124,644.6153846153846,23,0,1000000,3000,4
770206,770206,3080824,5825,305,1220,1317.0,0.0,1317.0,1435,1435,698.2229508196722,29,0,1000000,3000,4
770420,770420,3081680,5826,214,856,1026.0,0.0,1026.0,1124,1124,592.9158878504672,23,0,1000000,3000,4
770522,770522,3082088,5827,102,408,628.0,0.0,628.0,706,706,353.4313725490196,15,0,1000000,3000,4
770752,770752,3083008,5828,230,920,1023.0,0.0,1023.0,1123,1123,697.4434782608696,23,0,1000000,3000,4
770926,770926,3083704,5829,174,696,633.0,0.0,633.0,722,723,463.91379310344826,15,0,1000000,3000,4
771086,771086,3084344,5830,160,640,1039.0,0.0,1039.0,1126,1126,632.53125,23,0,1000000,3000,4
771194,771194,3084776,5831,108,432,594.0,0.0,594.0,671,671,400.8611111111111,14,0,1000000,3000,4
771224,771224,3084896,5832,30,120,248.0,0.0,248.0,311,311,159.36666666666667,7,0,1000000,3000,4
771259,771259,3085036,5833,35,140,246.0,0.0,246.0,309,309,150.34285714285716,7,0,1000000,3000,4
771296,771296,3085184,5834,37,148,234.0,0.0,234.0,298,298,156.8918918918919,6,0,1000000,3000,4
771533,771533,3086132,5835,237,948,1298.0,0.0,1298.0,1402,1402,764.8860759493671,29,0,1000000,3000,4
771614,771614,3086456,5836,81,324,608.0,0.0,608.0,681,681,328.39506172839504,14,0,1000000,3000,4
771730,771730,3086920,5837,116,464,589.0,0.0,589.0,670,670,382.58620689655174,14,0,1000000,3000,4
771761,771761,3087044,5838,31,124,244.0,0.0,244.0,306,306,164.8709677419355,7,0,1000000,3000,4
772266,772266,3089064,5839,505,2020,2313.0,0.0,2313.0,2469,2469,1452.0217821782178,50,0,1000000,3000,4
772460,772460,3089840,5840,194,776,629.0,0.0,629.0,722,722,431.08762886597935,15,0,1000000,3000,4
772503,772503,3090012,5841,43,172,229.0,0.0,229.0,294,294,153.93023255813952,6,0,1000000,3000,4
772590,772590,3090360,5842,87,348,639.0,0.0,639.0,714,714,359.4367816091954,15,0,1000000,3000,4
772705,772705,3090820,5843,115,460,600.0,0.0,600.0,680,680,368.74782608695654,14,0,1000000,3000,4
772745,772745,3090980,5844,40,160,231.0,0.0,231.0,296,296,158.15,6,0,1000000,3000,4
772792,772792,3091168,5845,47,188,226.0,0.0,226.0,293,293,147.68085106382978,6,0,1000000,3000,4
773177,773177,3092708,5846,385,1540,1301.0,0.0,1301.0,1435,1435,738.3272727272728,29,0,1000000,3000,4
773512,773512,3094048,5847,335,1340,678.0,0.0,678.0,802,802,597.7671641791045,17,0,1000000,3000,4
773643,773643,3094572,5848,131,524,746.0,0.0,746.0,829,829,510.37404580152673,17,0,1000000,3000,4
774028,774028,3096112,5849,385,1540,1383.0,0.0,1383.0,1516,1516,693.8779220779221,31,0,1000000,3000,4
774209,774209,3096836,5850,181,724,630.0,0.0,630.0,720,722,468.54696132596683,15,0,1000000,3000,4
774357,774357,3097428,5851,148,592,729.0,0.0,729.0,815,815,519.3513513513514,17,0,1000000,3000,4
774402,774402,3097608,5852,45,180,208.0,0.0,208.0,273,273,182.35555555555555,6,0,1000000,3000,4
774761,774761,3099044,5853,359,1436,1274.0,0.0,1274.0,1399,1399,696.0389972144847,28,0,1000000,3000,4
774895,774895,3099580,5854,134,536,586.0,0.0,586.0,669,669,380.7910447761194,14,0,1000000,3000,4
775091,775091,3100364,5855,196,784,724.0,0.0,724.0,820,820,561.6836734693877,17,0,1000000,3000,4
775378,775378,3101512,5856,287,1148,1301.0,0.0,1301.0,1413,1413,708.7595818815331,29,0,1000000,3000,4
775665,775665,3102660,5857,287,1148,1538.0,0.0,1538.0,1651,1651,837.1254355400697,34,0,1000000,3000,4
775769,775769,3103076,5858,104,416,609.0,0.0,609.0,686,686,379.4230769230769,14,0,1000000,3000,4
775831,775831,3103324,5859,62,248,222.0,0.0,222.0,292,292,127.70967741935483,6,0,1000000,3000,4
775986,775986,3103944,5860,155,620,759.0,0.0,759.0,846,846,521.9806451612903,17,0,1000000,3000,4
776197,776197,3104788,5861,211,844,569.0,0.0,569.0,667,667,481.8530805687204,14,0,1000000,3000,4
776402,776402,3105608,5862,205,820,1029.0,0.0,1029.0,1126,1126,625.2487804878049,23,0,1000000,3000,4
776627,776627,3106508,5863,225,900,799.0,0.0,799.0,898,898,490.2577777777778,18,0,1000000,3000,4
776971,776971,3107884,5864,344,1376,1290.0,0.0,1290.0,1414,1414,836.8343023255813,29,0,1000000,3000,4
777170,777170,3108680,5865,199,796,1031.0,0.0,1031.0,1126,1126,666.3366834170854,23,0,1000000,3000,4
777269,777269,3109076,5866,99,396,610.0,0.0,610.0,686,686,401.67676767676767,14,0,1000000,3000,4
777423,777423,3109692,5867,154,616,1064.0,0.0,1064.0,1152,1152,560.3571428571429,24,0,1000000,3000,4
777619,777619,3110476,5868,196,784,1030.0,0.0,1030.0,1125,1125,584.5204081632653,23,0,1000000,3000,4
777723,777723,3110892,5869,104,416,729.0,0.0,729.0,806,806,355.6730769230769,17,0,1000000,3000,4
777959,777959,3111836,5870,236,944,1022.0,0.0,1022.0,1124,1124,624.4533898305085,23,0,1000000,3000,4
777998,777998,3111992,5871,39,156,238.0,0.0,238.0,302,302,152.25641025641025,7,0,1000000,3000,4
778111,778111,3112444,5872,113,452,729.0,0.0,729.0,809,809,487.646017699115,17,0,1000000,3000,4
778161,778161,3112644,5873,50,200,215.0,0.0,215.0,280,280,159.84,6,0,1000000,3000,4
778199,778199,3112796,5874,38,152,249.0,0.0,249.0,314,314,146.1315789473684,7,0,1000000,3000,4
778348,778348,3113392,5875,149,596,769.0,0.0,769.0,854,854,518.3557046979865,18,0,1000000,3000,4
778381,778381,3113524,5876,33,132,249.0,0.0,249.0,313,313,148.27272727272728,7,0,1000000,3000,4
778482,778482,3113928,5877,101,404,610.0,0.0,610.0,688,688,349.03960396039605,14,0,1000000,3000,4
778747,778747,3114988,5878,265,1060,1323.0,0.0,1323.0,1433,1433,762.6905660377358,29,0,1000000,3000,4
778918,778918,3115672,5879,171,684,723.0,0.0,723.0,815,815,511.7368421052632,17,0,1000000,3000,4
779118,779118,3116472,5880,200,800,1430.0,0.0,1430.0,1527,1527,721.47,31,0,1000000,3000,4
779349,779349,3117396,5881,231,924,1420.0,0.0,1420.0,1524,1524,700.9004329004329,31,0,1000000,3000,4
779488,779488,3117952,5882,139,556,611.0,0.0,611.0,696,696,351.158273381295,14,0,1000000,3000,4
779592,779592,3118368,5883,104,416,603.0,0.0,603.0,681,681,385.5673076923077,14,0,1000000,3000,4
779632,779632,3118528,5884,40,160,241.0,0.0,241.0,306,306,145.85,7,0,1000000,3000,4
779670,779670,3118680,5885,38,152,242.0,0.0,242.0,304,306,151.8421052631579,7,0,1000000,3000,4
779714,779714,3118856,5886,44,176,239.0,0.0,239.0,305,305,140.3409090909091,7,0,1000000,3000,4
779804,779804,3119216,5887,90,360,616.0,0.0,616.0,691,691,371.9,14,0,1000000,3000,4
779838,779838,3119352,5888,34,136,244.0,0.0,244.0,308,308,146.08823529411765,7,0,1000000,3000,4
780001,780001,3120004,5889,163,652,635.0,0.0,635.0,722,722,463.80981595092027,15,0,1000000,3000,4
780150,780150,3120600,5890,149,596,744.0,0.0,744.0,830,830,506.6040268456376,17,0,1000000,3000,4
780183,780183,3120732,5891,33,132,250.0,0.0,250.0,314,314,144.45454545454547,7,0,1000000,3000,4
780294,780294,3121176,5892,111,444,630.0,0.0,630.0,710,710,368.2072072072072,15,0,1000000,3000,4
780509,780509,3122036,5893,215,860,1309.0,0.0,1309.0,1408,1408,671.7348837209303,29,0,1000000,3000,4
780605,780605,3122420,5894,96,384,624.0,0.0,624.0,700,700,390.4895833333333,15,0,1000000,3000,4
780644,780644,3122576,5895,39,156,233.0,0.0,233.0,297,297,164.33333333333334,6,0,1000000,3000,4
780726,780726,3122904,5896,82,328,613.0,0.0,613.0,687,687,340.2439024390244,14,0,1000000,3000,4
780810,780810,3123240,5897,84,336,625.0,0.0,625.0,699,699,362.20238095238096,14,0,1000000,3000,4
781019,781019,3124076,5898,209,836,1135.0,0.0,1135.0,1234,1234,631.5311004784689,25,0,1000000,3000,4
781051,781051,3124204,5899,32,128,243.0,0.0,243.0,307,307,153.90625,7,0,1000000,3000,4
781161,781161,3124644,5900,110,440,601.0,0.0,601.0,680,680,397.92727272727274,14,0,1000000,3000,4
781192,781192,3124768,5901,31,124,250.0,0.0,250.0,314,314,154.29032258064515,7,0,1000000,3000,4
781375,781375,3125500,5902,183,732,1135.0,0.0,1135.0,1226,1226,635.0546448087432,25,0,1000000,3000,4
781410,781410,3125640,5903,35,140,246.0,0.0,246.0,310,310,158.0,7,0,1000000,3000,4
781451,781451,3125804,5904,41,164,238.0,0.0,238.0,303,303,152.7560975609756,7,0,1000000,3000,4
781486,781486,3125944,5905,35,140,240.0,0.0,240.0,304,304,167.94285714285715,7,0,1000000,3000,4
781564,781564,3126256,5906,78,312,620.0,0.0,620.0,693,693,345.6794871794872,14,0,1000000,3000,4
781758,781758,3127032,5907,194,776,1056.0,0.0,1056.0,1152,1152,642.2164948453608,24,0,1000000,3000,4
781968,781968,3127872,5908,210,840,1696.0,0.0,1696.0,1793,1793,889.2571428571429,36,0,1000000,3000,4
782006,782006,3128024,5909,38,152,237.0,0.0,237.0,301,301,155.68421052631578,7,0,1000000,3000,4
782042,782042,3128168,5910,36,144,238.0,0.0,238.0,302,302,162.97222222222223,7,0,1000000,3000,4
782075,782075,3128300,5911,33,132,239.0,0.0,239.0,302,302,166.24242424242425,7,0,1000000,3000,4
782242,782242,3128968,5912,167,668,634.0,0.0,634.0,722,722,478.251497005988,15,0,1000000,3000,4
782285,782285,3129140,5913,43,172,232.0,0.0,232.0,297,297,157.34883720930233,6,0,1000000,3000,4
782322,782322,3129288,5914,37,148,241.0,0.0,241.0,306,306,154.21621621621622,7,0,1000000,3000,4
782357,782357,3129428,5915,35,140,238.0,0.0,238.0,301,301,163.45714285714286,7,0,1000000,3000,4
782399,782399,3129596,5916,42,168,233.0,0.0,233.0,298,298,157.73809523809524,6,0,1000000,3000,4
782499,782499,3129996,5917,100,400,627.0,0.0,627.0,702,702,363.08,15,0,1000000,3000,4
782532,782532,3130128,5918,33,132,240.0,0.0,240.0,303,303,164.8181818181818,7,0,1000000,3000,4
782729,782729,3130916,5919,197,788,1134.0,0.0,1134.0,1229,1229,611.5126903553299,25,0,1000000,3000,4
782899,782899,3131596,5920,170,680,769.0,0.0,769.0,859,859,519.2235294117647,18,0,1000000,3000,4
783124,783124,3132496,5921,225,900,1036.0,0.0,1036.0,1136,1136,590.3688888888889,23,0,1000000,3000,4
783155,783155,3132620,5922,31,124,244.0,0.0,244.0,308,308,152.8709677419355,7,0,1000000,3000,4
783196,783196,3132784,5923,41,164,235.0,0.0,235.0,300,300,154.8048780487805,7,0,1000000,3000,4
783236,783236,3132944,5924,40,160,232.0,0.0,232.0,297,297,160.5,6,0,1000000,3000,4
783267,783267,3133068,5925,31,124,247.0,0.0,247.0,310,310,158.48387096774192,7,0,1000000,3000,4
783434,783434,3133736,5926,167,668,810.0,0.0,810.0,898,898,537.9281437125749,18,0,1000000,3000,4
783653,783653,3134612,5927,219,876,1327.0,0.0,1327.0,1427,1427,723.3150684931506,29,0,1000000,3000,4
783735,783735,3134940,5928,82,328,636.0,0.0,636.0,709,709,374.3658536585366,15,0,1000000,3000,4
783827,783827,3135308,5929,92,368,603.0,0.0,603.0,678,678,293.0652173913044,14,0,1000000,3000,4
784041,784041,3136164,5930,214,856,1030.0,0.0,1030.0,1128,1128,619.9205607476636,23,0,1000000,3000,4
784143,784143,3136572,5931,102,408,604.0,0.0,604.0,681,681,383.19607843137254,14,0,1000000,3000,4
784264,784264,3137056,5932,121,484,585.0,0.0,585.0,666,666,406.40495867768595,14,0,1000000,3000,4
784296,784296,3137184,5933,32,128,241.0,0.0,241.0,303,303,164.46875,7,0,1000000,3000,4
784510,784510,3138040,5934,214,856,1335.0,0.0,1335.0,1435,1435,691.1869158878504,29,0,1000000,3000,4
784548,784548,3138192,5935,38,152,239.0,0.0,239.0,302,302,153.3684210526316,7,0,1000000,3000,4
784633,784633,3138532,5936,85,340,625.0,0.0,625.0,699,699,356.8705882352941,14,0,1000000,3000,4
784667,784667,3138668,5937,34,136,239.0,0.0,239.0,302,302,165.14705882352942,7,0,1000000,3000,4
784835,784835,3139340,5938,168,672,772.0,0.0,772.0,861,861,499.7261904761905,18,0,1000000,3000,4
784924,784924,3139696,5939,89,356,619.0,0.0,619.0,694,694,344.1685393258427,14,0,1000000,3000,4
785142,785142,3140568,5940,218,872,1320.0,0.0,1320.0,1421,1421,715.7339449541284,29,0,1000000,3000,4
785229,785229,3140916,5941,87,348,612.0,0.0,612.0,686,686,321.9425287356322,14,0,1000000,3000,4
785263,785263,3141052,5942,34,136,243.0,0.0,243.0,306,306,166.73529411764707,7,0,1000000,3000,4
785304,785304,3141216,5943,41,164,224.0,0.0,224.0,289,289,167.9512195121951,6,0,1000000,3000,4
785684,785684,3142736,5944,380,1520,994.0,0.0,994.0,1126,1126,754.2078947368421,23,0,1000000,3000,4
785881,785881,3143524,5945,197,788,1167.0,0.0,1167.0,1262,1262,647.3654822335026,26,0,1000000,3000,4
786041,786041,3144164,5946,160,640,1065.0,0.0,1065.0,1154,1154,514.8625,24,0,1000000,3000,4
786076,786076,3144304,5947,35,140,246.0,0.0,246.0,309,309,152.62857142857143,7,0,1000000,3000,4
786190,786190,3144760,5948,114,456,622.0,0.0,622.0,702,702,390.6578947368421,15,0,1000000,3000,4
786357,786357,3145428,5949,167,668,810.0,0.0,810.0,898,898,571.7425149700599,18,0,1000000,3000,4
786582,786582,3146328,5950,225,900,705.0,0.0,705.0,807,807,557.7555555555556,17,0,1000000,3000,4
786666,786666,3146664,5951,84,336,615.0,0.0,615.0,688,688,405.3333333333333,14,0,1000000,3000,4
786815,786815,3147260,5952,149,596,814.0,0.0,814.0,898,899,564.0268456375838,18,0,1000000,3000,4
786856,786856,3147424,5953,41,164,228.0,0.0,228.0,293,293,163.09756097560975,6,0,1000000,3000,4
787036,787036,3148144,5954,180,720,1042.0,0.0,1042.0,1135,1135,623.1333333333333,23,0,1000000,3000,4
787080,787080,3148320,5955,44,176,225.0,0.0,225.0,289,289,163.27272727272728,6,0,1000000,3000,4
787191,787191,3148764,5956,111,444,619.0,0.0,619.0,698,698,376.54954954954957,14,0,1000000,3000,4
787290,787290,3149160,5957,99,396,614.0,0.0,614.0,691,691,398.3030303030303,14,0,1000000,3000,4
787324,787324,3149296,5958,34,136,240.0,0.0,240.0,304,304,159.91176470588235,7,0,1000000,3000,4
787365,787365,3149460,5959,41,164,233.0,0.0,233.0,297,297,159.90243902439025,6,0,1000000,3000,4
787394,787394,3149576,5960,29,116,251.0,0.0,251.0,313,313,155.0344827586207,7,0,1000000,3000,4
787502,787502,3150008,5961,108,432,620.0,0.0,620.0,698,698,358.5740740740741,14,0,1000000,3000,4
787540,787540,3150160,5962,38,152,235.0,0.0,235.0,299,299,159.3421052631579,6,0,1000000,3000,4
787627,787627,3150508,5963,87,348,614.0,0.0,614.0,689,689,332.35632183908046,14,0,1000000,3000,4
787677,787677,3150708,5964,50,200,215.0,0.0,215.0,281,281,162.64,6,0,1000000,3000,4
787845,787845,3151380,5965,168,672,751.0,0.0,751.0,841,841,489.73809523809524,17,0,1000000,3000,4
787888,787888,3151552,5966,43,172,231.0,0.0,231.0,295,295,154.74418604651163,6,0,1000000,3000,4
788076,788076,3152304,5967,188,752,754.0,0.0,754.0,848,848,485.6170212765957,17,0,1000000,3000,4
788210,788210,3152840,5968,134,536,621.0,0.0,621.0,704,704,324.7910447761194,15,0,1000000,3000,4
788265,788265,3153060,5969,55,220,207.0,0.0,207.0,273,273,160.43636363636364,6,0,1000000,3000,4
788390,788390,3153560,5970,125,500,608.0,0.0,608.0,690,690,377.152,14,0,1000000,3000,4
788506,788506,3154024,5971,116,464,614.0,0.0,614.0,694,694,333.4396551724138,14,0,1000000,3000,4
788727,788727,3154908,5972,221,884,799.0,0.0,799.0,898,898,512.8325791855203,18,0,1000000,3000,4
788838,788838,3155352,5973,111,444,630.0,0.0,630.0,709,709,325.15315315315314,15,0,1000000,3000,4
789572,789572,3158288,5974,734,2936,934.0,0.0,934.0,1137,1137,796.6907356948229,23,0,1000000,3000,4
789612,789612,3158448,5975,40,160,228.0,0.0,228.0,292,292,170.75,6,0,1000000,3000,4
790123,790123,3160492,5976,511,2044,981.0,0.0,981.0,1140,1140,791.2367906066536,23,0,1000000,3000,4
790165,790165,3160660,5977,42,168,228.0,0.0,228.0,292,292,160.83333333333334,6,0,1000000,3000,4
790242,790242,3160968,5978,77,308,621.0,0.0,621.0,692,692,354.83116883116884,14,0,1000000,3000,4
790278,790278,3161112,5979,36,144,242.0,0.0,242.0,306,306,157.63888888888889,7,0,1000000,3000,4
790541,790541,3162164,5980,263,1052,1030.0,0.0,1030.0,1139,1139,677.4296577946768,23,0,1000000,3000,4
790582,790582,3162328,5981,41,164,232.0,0.0,232.0,296,296,157.9512195121951,6,0,1000000,3000,4
790797,790797,3163188,5982,215,860,701.0,0.0,701.0,801,801,564.7395348837209,17,0,1000000,3000,4
791031,791031,3164124,5983,234,936,1409.0,0.0,1409.0,1512,1512,745.8717948717949,31,0,1000000,3000,4
791079,791079,3164316,5984,48,192,212.0,0.0,212.0,277,277,168.75,6,0,1000000,3000,4
791292,791292,3165168,5985,213,852,1313.0,0.0,1313.0,1410,1410,752.037558685446,29,0,1000000,3000,4
791445,791445,3165780,5986,153,612,742.0,0.0,742.0,829,829,476.1111111111111,17,0,1000000,3000,4
791602,791602,3166408,5987,157,628,773.0,0.0,773.0,861,861,502.9490445859873,18,0,1000000,3000,4
791765,791765,3167060,5988,163,652,723.0,0.0,723.0,813,813,455.9079754601227,17,0,1000000,3000,4
791950,791950,3167800,5989,185,740,1038.0,0.0,1038.0,1130,1130,590.7675675675675,23,0,1000000,3000,4
792127,792127,3168508,5990,177,708,1038.0,0.0,1038.0,1129,1129,547.9717514124294,23,0,1000000,3000,4
792158,792158,3168632,5991,31,124,246.0,0.0,246.0,310,310,153.03225806451613,7,0,1000000,3000,4
792596,792596,3170384,5992,438,1752,2612.0,0.0,2612.0,2757,2757,1432.3150684931506,56,0,1000000,3000,4
792858,792858,3171432,5993,262,1048,750.0,0.0,750.0,859,859,596.2709923664122,18,0,1000000,3000,4
792896,792896,3171584,5994,38,152,242.0,0.0,242.0,306,306,160.02631578947367,7,0,1000000,3000,4
793006,793006,3172024,5995,110,440,607.0,0.0,607.0,685,685,371.8909090909091,14,0,1000000,3000,4
793202,793202,3172808,5996,196,784,1032.0,0.0,1032.0,1126,1126,649.8112244897959,23,0,1000000,3000,4
793448,793448,3173792,5997,246,984,1299.0,0.0,1299.0,1405,1405,699.890243902439,29,0,1000000,3000,4
793486,793486,3173944,5998,38,152,233.0,0.0,233.0,298,298,165.73684210526315,6,0,1000000,3000,4
793640,793640,3174560,5999,154,616,637.0,0.0,637.0,722,722,491.1623376623377,15,0,1000000,3000,4
793722,793722,3174888,6000,82,328,604.0,0.0,604.0,677,677,333.3170731707317,14,0,1000000,3000,4
793878,793878,3175512,6001,156,624,740.0,0.0,740.0,828,828,494.6794871794872,17,0,1000000,3000,4
793990,793990,3175960,6002,112,448,611.0,0.0,611.0,691,691,385.60714285714283,14,0,1000000,3000,4
794206,794206,3176824,6003,216,864,1422.0,0.0,1422.0,1522,1522,727.9166666666666,31,0,1000000,3000,4
794249,794249,3176996,6004,43,172,231.0,0.0,231.0,296,296,153.1860465116279,6,0,1000000,3000,4
794423,794423,3177692,6005,174,696,721.0,0.0,721.0,811,811,493.39080459770116,17,0,1000000,3000,4
794465,794465,3177860,6006,42,168,230.0,0.0,230.0,295,295,160.54761904761904,6,0,1000000,3000,4
794571,794571,3178284,6007,106,424,605.0,0.0,605.0,683,683,402.1320754716981,14,0,1000000,3000,4
794822,794822,3179288,6008,251,1004,1314.0,0.0,1314.0,1422,1422,730.4940239043825,29,0,1000000,3000,4
794910,794910,3179640,6009,88,352,604.0,0.0,604.0,678,678,327.375,14,0,1000000,3000,4
794995,794995,3179980,6010,85,340,632.0,0.0,632.0,705,705,353.9294117647059,15,0,1000000,3000,4
795159,795159,3180636,6011,164,656,811.0,0.0,811.0,898,899,574.2743902439024,18,0,1000000,3000,4
795189,795189,3180756,6012,30,120,253.0,0.0,253.0,316,316,159.26666666666668,7,0,1000000,3000,4
795484,795484,3181936,6013,295,1180,1287.0,0.0,1287.0,1403,1403,705.7864406779661,29,0,1000000,3000,4
795849,795849,3183396,6014,365,1460,1288.0,0.0,1288.0,1416,1416,785.8520547945205,29,0,1000000,3000,4
796045,796045,3184180,6015,196,784,1422.0,0.0,1422.0,1518,1518,787.0357142857143,31,0,1000000,3000,4
796230,796230,3184920,6016,185,740,1035.0,0.0,1035.0,1126,1126,591.5243243243243,23,0,1000000,3000,4
796449,796449,3185796,6017,219,876,1028.0,0.0,1028.0,1126,1126,674.7945205479452,23,0,1000000,3000,4
796528,796528,3186112,6018,79,316,630.0,0.0,630.0,701,701,381.34177215189874,15,0,1000000,3000,4
796693,796693,3186772,6019,165,660,747.0,0.0,747.0,837,837,544.8181818181819,17,0,1000000,3000,4
796861,796861,3187444,6020,168,672,1041.0,0.0,1041.0,1130,1130,610.75,23,0,1000000,3000,4
797074,797074,3188296,6021,213,852,1029.0,0.0,1029.0,1127,1127,682.2723004694835,23,0,1000000,3000,4
797153,797153,3188612,6022,79,316,618.0,0.0,618.0,690,690,345.26582278481015,14,0,1000000,3000,4
797192,797192,3188768,6023,39,156,235.0,0.0,235.0,299,299,163.71794871794873,6,0,1000000,3000,4
797224,797224,3188896,6024,32,128,250.0,0.0,250.0,313,313,149.5625,7,0,1000000,3000,4
797405,797405,3189620,6025,181,724,1034.0,0.0,1034.0,1125,1125,606.0220994475138,23,0,1000000,3000,4
797622,797622,3190488,6026,217,868,1027.0,0.0,1027.0,1126,1126,644.6036866359447,23,0,1000000,3000,4
797824,797824,3191296,6027,202,808,1030.0,0.0,1030.0,1126,1126,603.9455445544554,23,0,1000000,3000,4
797899,797899,3191596,6028,75,300,610.0,0.0,610.0,683,683,339.18666666666667,14,0,1000000,3000,4
797938,797938,3191752,6029,39,156,237.0,0.0,237.0,301,301,155.66666666666666,7,0,1000000,3000,4
798032,798032,3192128,6030,94,376,615.0,0.0,615.0,690,690,386.77659574468083,14,0,1000000,3000,4
798176,798176,3192704,6031,144,576,639.0,0.0,639.0,722,723,516.3125,15,0,1000000,3000,4
798573,798573,3194292,6032,397,1588,1016.0,0.0,1016.0,1153,1153,683.528967254408,24,0,1000000,3000,4
798656,798656,3194624,6033,83,332,631.0,0.0,631.0,704,704,379.69879518072287,15,0,1000000,3000,4
798863,798863,3195452,6034,207,828,1319.0,0.0,1319.0,1417,1417,693.7391304347826,29,0,1000000,3000,4
798900,798900,3195600,6035,37,148,239.0,0.0,239.0,303,303,153.8918918918919,7,0,1000000,3000,4
798998,798998,3195992,6036,98,392,624.0,0.0,624.0,700,700,367.5204081632653,15,0,1000000,3000,4
799213,799213,3196852,6037,215,860,1311.0,0.0,1311.0,1410,1410,758.5348837209302,29,0,1000000,3000,4
799349,799349,3197396,6038,136,544,730.0,0.0,730.0,813,813,482.7132352941176,17,0,1000000,3000,4
799656,799656,3198624,6039,307,1228,1011.0,0.0,1011.0,1128,1128,743.6547231270358,23,0,1000000,3000,4
799735,799735,3198940,6040,79,316,638.0,0.0,638.0,711,711,375.7974683544304,15,0,1000000,3000,4
799947,799947,3199788,6041,212,848,1040.0,0.0,1040.0,1139,1139,640.6462264150944,23,0,1000000,3000,4
799987,799987,3199948,6042,40,160,234.0,0.0,234.0,300,300,159.225,7,0,1000000,3000,4
800164,800164,3200656,6043,177,708,1058.0,0.0,1058.0,1151,1151,585.9548022598871,24,0,1000000,3000,4
800224,800224,3200896,6044,60,240,605.0,0.0,605.0,675,675,331.8333333333333,14,0,1000000,3000,4
800304,800304,3201216,6045,80,320,621.0,0.0,621.0,694,694,350.4375,14,0,1000000,3000,4
800474,800474,3201896,6046,170,680,721.0,0.0,721.0,812,812,505.61764705882354,17,0,1000000,3000,4
800513,800513,3202052,6047,39,156,241.0,0.0,241.0,305,305,150.07692307692307,7,0,1000000,3000,4
800657,800657,3202628,6048,144,576,639.0,0.0,639.0,722,723,521.0277777777778,15,0,1000000,3000,4
800689,800689,3202756,6049,32,128,244.0,0.0,244.0,307,307,163.0,7,0,1000000,3000,4
800880,800880,3203520,6050,191,764,1034.0,0.0,1034.0,1128,1128,613.6701570680628,23,0,1000000,3000,4
800991,800991,3203964,6051,111,444,606.0,0.0,606.0,685,685,409.3693693693694,14,0,1000000,3000,4
801068,801068,3204272,6052,77,308,638.0,0.0,638.0,711,711,378.6753246753247,15,0,1000000,3000,4
801141,801141,3204564,6053,73,292,617.0,0.0,617.0,689,689,352.17808219178085,14,0,1000000,3000,4
801232,801232,3204928,6054,91,364,631.0,0.0,631.0,707,707,373.2967032967033,15,0,1000000,3000,4
801333,801333,3205332,6055,101,404,635.0,0.0,635.0,713,713,373.990099009901,15,0,1000000,3000,4
801485,801485,3205940,6056,152,608,759.0,0.0,759.0,846,846,524.703947368421,17,0,1000000,3000,4
801646,801646,3206584,6057,161,644,1041.0,0.0,1041.0,1129,1129,572.1428571428571,23,0,1000000,3000,4
801792,801792,3207168,6058,146,584,1043.0,0.0,1043.0,1128,1128,603.9109589041096,23,0,1000000,3000,4
801824,801824,3207296,6059,32,128,249.0,0.0,249.0,312,312,151.40625,7,0,1000000,3000,4
801923,801923,3207692,6060,99,396,621.0,0.0,621.0,697,697,368.83838383838383,14,0,1000000,3000,4
801960,801960,3207840,6061,37,148,239.0,0.0,239.0,304,304,154.13513513513513,7,0,1000000,3000,4
802146,802146,3208584,6062,186,744,1032.0,0.0,1032.0,1125,1125,549.3333333333334,23,0,1000000,3000,4
802309,802309,3209236,6063,163,652,635.0,0.0,635.0,722,723,479.4907975460123,15,0,1000000,3000,4
802519,802519,3210076,6064,210,840,736.0,0.0,736.0,834,834,560.0142857142857,17,0,1000000,3000,4
802627,802627,3210508,6065,108,432,627.0,0.0,627.0,705,705,369.5462962962963,15,0,1000000,3000,4
802895,802895,3211580,6066,268,1072,1845.0,0.0,1845.0,1955,1955,937.3992537313433,40,0,1000000,3000,4
803168,803168,3212672,6067,273,1092,1305.0,0.0,1305.0,1415,1415,730.3369963369963,29,0,1000000,3000,4
803358,803358,3213432,6068,190,760,1031.0,0.0,1031.0,1123,1123,629.4684210526316,23,0,1000000,3000,4
803572,803572,3214288,6069,214,856,1313.0,0.0,1313.0,1410,1411,680.4766355140187,29,0,1000000,3000,4
803607,803607,3214428,6070,35,140,249.0,0.0,249.0,313,313,149.97142857142856,7,0,1000000,3000,4
803643,803643,3214572,6071,36,144,235.0,0.0,235.0,299,299,167.27777777777777,6,0,1000000,3000,4
803730,803730,3214920,6072,87,348,631.0,0.0,631.0,704,704,365.4367816091954,15,0,1000000,3000,4
803765,803765,3215060,6073,35,140,249.0,0.0,249.0,314,314,147.65714285714284,7,0,1000000,3000,4
803871,803871,3215484,6074,106,424,629.0,0.0,629.0,708,708,357.60377358490564,15,0,1000000,3000,4
803975,803975,3215900,6075,104,416,612.0,0.0,612.0,689,689,362.8269230769231,14,0,1000000,3000,4
804114,804114,3216456,6076,139,556,754.0,0.0,754.0,838,838,525.0647482014389,17,0,1000000,3000,4
804158,804158,3216632,6077,44,176,243.0,0.0,243.0,309,309,134.8409090909091,7,0,1000000,3000,4
804198,804198,3216792,6078,40,160,243.0,0.0,243.0,309,309,137.975,7,0,1000000,3000,4
804231,804231,3216924,6079,33,132,246.0,0.0,246.0,309,309,157.33333333333334,7,0,1000000,3000,4
804331,804331,3217324,6080,100,400,587.0,0.0,587.0,664,664,411.97,14,0,1000000,3000,4
804425,804425,3217700,6081,94,376,626.0,0.0,626.0,701,701,374.8404255319149,15,0,1000000,3000,4
804571,804571,3218284,6082,146,584,701.0,0.0,701.0,787,787,431.027397260274,16,0,1000000,3000,4
804608,804608,3218432,6083,37,148,240.0,0.0,240.0,304,304,150.13513513513513,7,0,1000000,3000,4
805186,805186,3220744,6084,578,2312,3006.0,0.0,3006.0,3161,3161,1660.7301038062283,64,0,1000000,3000,4
805353,805353,3221412,6085,167,668,1034.0,0.0,1034.0,1122,1122,509.6047904191617,23,0,1000000,3000,4
805387,805387,3221548,6086,34,136,248.0,0.0,248.0,311,311,144.52941176470588,7,0,1000000,3000,4
805461,805461,3221844,6087,74,296,621.0,0.0,621.0,693,693,333.3243243243243,14,0,1000000,3000,4
805689,805689,3222756,6088,228,912,1327.0,0.0,1327.0,1430,1430,695.9166666666666,29,0,1000000,3000,4
805828,805828,3223312,6089,139,556,723.0,0.0,723.0,807,807,480.3453237410072,17,0,1000000,3000,4
806097,806097,3224388,6090,269,1076,1317.0,0.0,1317.0,1428,1428,679.1301115241636,29,0,1000000,3000,4
806239,806239,3224956,6091,142,568,736.0,0.0,736.0,822,822,511.53521126760563,17,0,1000000,3000,4
806405,806405,3225620,6092,166,664,762.0,0.0,762.0,853,853,558.4518072289156,18,0,1000000,3000,4
806615,806615,3226460,6093,210,840,1318.0,0.0,1318.0,1415,1415,762.3952380952381,29,0,1000000,3000,4
806646,806646,3226584,6094,31,124,248.0,0.0,248.0,312,312,155.32258064516128,7,0,1000000,3000,4
806680,806680,3226720,6095,34,136,236.0,0.0,236.0,300,300,162.02941176470588,7,0,1000000,3000,4
806709,806709,3226836,6096,29,116,248.0,0.0,248.0,311,311,152.44827586206895,7,0,1000000,3000,4
806739,806739,3226956,6097,30,120,247.0,0.0,247.0,311,311,149.3,7,0,1000000,3000,4
806829,806829,3227316,6098,90,360,606.0,0.0,606.0,682,682,412.0888888888889,14,0,1000000,3000,4
806859,806859,3227436,6099,30,120,248.0,0.0,248.0,312,312,151.66666666666666,7,0,1000000,3000,4
807118,807118,3228472,6100,259,1036,1019.0,0.0,1019.0,1125,1125,582.065637065637,23,0,1000000,3000,4
807149,807149,3228596,6101,31,124,251.0,0.0,251.0,315,315,154.3548387096774,7,0,1000000,3000,4
807181,807181,3228724,6102,32,128,245.0,0.0,245.0,309,309,155.03125,7,0,1000000,3000,4
807220,807220,3228880,6103,39,156,231.0,0.0,231.0,296,296,167.3846153846154,6,0,1000000,3000,4
807251,807251,3229004,6104,31,124,250.0,0.0,250.0,314,314,157.80645161290323,7,0,1000000,3000,4
807282,807282,3229128,6105,31,124,250.0,0.0,250.0,314,314,155.29032258064515,7,0,1000000,3000,4
807527,807527,3230108,6106,245,980,1309.0,0.0,1309.0,1413,1413,634.6897959183674,29,0,1000000,3000,4
807559,807559,3230236,6107,32,128,248.0,0.0,248.0,311,311,157.09375,7,0,1000000,3000,4
807590,807590,3230360,6108,31,124,247.0,0.0,247.0,310,310,154.61290322580646,7,0,1000000,3000,4
807621,807621,3230484,6109,31,124,247.0,0.0,247.0,311,311,147.61290322580646,7,0,1000000,3000,4
807782,807782,3231128,6110,161,644,1417.0,0.0,1417.0,1505,1505,778.664596273292,31,0,1000000,3000,4
807860,807860,3231440,6111,78,312,611.0,0.0,611.0,684,684,337.3205128205128,14,0,1000000,3000,4
807941,807941,3231764,6112,81,324,635.0,0.0,635.0,708,708,388.98765432098764,15,0,1000000,3000,4
808041,808041,3232164,6113,100,400,612.0,0.0,612.0,689,689,405.69,14,0,1000000,3000,4
808248,808248,3232992,6114,207,828,1030.0,0.0,1030.0,1127,1127,580.5024154589372,23,0,1000000,3000,4
808279,808279,3233116,6115,31,124,247.0,0.0,247.0,311,311,150.58064516129033,7,0,1000000,3000,4
808318,808318,3233272,6116,39,156,244.0,0.0,244.0,309,309,142.28205128205127,7,0,1000000,3000,4
808498,808498,3233992,6117,180,720,708.0,0.0,708.0,800,800,572.4777777777778,17,0,1000000,3000,4
808530,808530,3234120,6118,32,128,246.0,0.0,246.0,310,310,153.03125,7,0,1000000,3000,4
808608,808608,3234432,6119,78,312,616.0,0.0,616.0,689,689,348.2564102564103,14,0,1000000,3000,4
808766,808766,3235064,6120,158,632,636.0,0.0,636.0,722,722,493.5506329113924,15,0,1000000,3000,4
809036,809036,3236144,6121,270,1080,1320.0,0.0,1320.0,1432,1432,730.2555555555556,29,0,1000000,3000,4
809244,809244,3236976,6122,208,832,1030.0,0.0,1030.0,1127,1127,603.2115384615385,23,0,1000000,3000,4
809326,809326,3237304,6123,82,328,606.0,0.0,606.0,680,680,337.0243902439024,14,0,1000000,3000,4
809406,809406,3237624,6124,80,320,606.0,0.0,606.0,679,679,343.0,14,0,1000000,3000,4
809572,809572,3238288,6125,166,664,809.0,0.0,809.0,897,898,582.9879518072289,18,0,1000000,3000,4
809668,809668,3238672,6126,96,384,591.0,0.0,591.0,667,667,416.7395833333333,14,0,1000000,3000,4
809886,809886,3239544,6127,218,872,1024.0,0.0,1024.0,1123,1123,665.7201834862385,23,0,1000000,3000,4
810095,810095,3240380,6128,209,836,1030.0,0.0,1030.0,1126,1126,645.7033492822967,23,0,1000000,3000,4
810130,810130,3240520,6129,35,140,236.0,0.0,236.0,299,299,171.6,6,0,1000000,3000,4
810225,810225,3240900,6130,95,380,613.0,0.0,613.0,689,689,397.4842105263158,14,0,1000000,3000,4
810391,810391,3241564,6131,166,664,810.0,0.0,810.0,898,900,558.5963855421687,19,0,1000000,3000,4
810426,810426,3241704,6132,35,140,233.0,0.0,233.0,296,296,171.54285714285714,6,0,1000000,3000,4
810501,810501,3242004,6133,75,300,611.0,0.0,611.0,682,682,342.70666666666665,14,0,1000000,3000,4
810688,810688,3242752,6134,187,748,806.0,0.0,806.0,898,899,546.5080213903743,18,0,1000000,3000,4
810777,810777,3243108,6135,89,356,635.0,0.0,635.0,710,710,345.17977528089887,15,0,1000000,3000,4
810810,810810,3243240,6136,33,132,247.0,0.0,247.0,310,310,152.8181818181818,7,0,1000000,3000,4
810912,810912,3243648,6137,102,408,603.0,0.0,603.0,681,681,345.3137254901961,14,0,1000000,3000,4
811065,811065,3244260,6138,153,612,813.0,0.0,813.0,898,899,570.2875816993464,18,0,1000000,3000,4
811106,811106,3244424,6139,41,164,234.0,0.0,234.0,300,300,154.26829268292684,7,0,1000000,3000,4
811299,811299,3245196,6140,193,772,1320.0,0.0,1320.0,1414,1414,665.2694300518135,29,0,1000000,3000,4
811535,811535,3246140,6141,236,944,1025.0,0.0,1025.0,1127,1127,663.792372881356,23,0,1000000,3000,4
811840,811840,3247360,6142,305,1220,1294.0,0.0,1294.0,1411,1411,699.8459016393442,29,0,1000000,3000,4
812073,812073,3248292,6143,233,932,1025.0,0.0,1025.0,1126,1126,614.1158798283262,23,0,1000000,3000,4
812272,812272,3249088,6144,199,796,1030.0,0.0,1030.0,1124,1124,612.6633165829146,23,0,1000000,3000,4
812457,812457,3249828,6145,185,740,1038.0,0.0,1038.0,1131,1131,599.7783783783784,23,0,1000000,3000,4
812496,812496,3249984,6146,39,156,241.0,0.0,241.0,306,306,154.4102564102564,7,0,1000000,3000,4
812531,812531,3250124,6147,35,140,245.0,0.0,245.0,309,309,153.02857142857144,7,0,1000000,3000,4
812791,812791,3251164,6148,260,1040,1020.0,0.0,1020.0,1127,1127,684.4538461538461,23,0,1000000,3000,4
812896,812896,3251584,6149,105,420,622.0,0.0,622.0,699,699,387.1047619047619,14,0,1000000,3000,4
812976,812976,3251904,6150,80,320,612.0,0.0,612.0,684,684,330.7375,14,0,1000000,3000,4
813079,813079,3252316,6151,103,412,611.0,0.0,611.0,688,688,386.06796116504853,14,0,1000000,3000,4
813113,813113,3252452,6152,34,136,243.0,0.0,243.0,306,306,163.58823529411765,7,0,1000000,3000,4
813325,813325,3253300,6153,212,848,1037.0,0.0,1037.0,1136,1136,646.6462264150944,23,0,1000000,3000,4
813488,813488,3253952,6154,163,652,1049.0,0.0,1049.0,1138,1138,635.2699386503067,23,0,1000000,3000,4
813704,813704,3254816,6155,216,864,1328.0,0.0,1328.0,1429,1429,716.1157407407408,29,0,1000000,3000,4
813782,813782,3255128,6156,78,312,618.0,0.0,618.0,690,690,344.6666666666667,14,0,1000000,3000,4
813975,813975,3255900,6157,193,772,752.0,0.0,752.0,848,848,551.4559585492228,17,0,1000000,3000,4
814221,814221,3256884,6158,246,984,1329.0,0.0,1329.0,1436,1436,685.089430894309,29,0,1000000,3000,4
814516,814516,3258064,6159,295,1180,1298.0,0.0,1298.0,1412,1412,717.2915254237288,29,0,1000000,3000,4
814763,814763,3259052,6160,247,988,1032.0,0.0,1032.0,1137,1137,624.834008097166,23,0,1000000,3000,4
814909,814909,3259636,6161,146,584,1157.0,0.0,1157.0,1244,1244,656.5,25,0,1000000,3000,4
815048,815048,3260192,6162,139,556,724.0,0.0,724.0,808,808,469.54676258992805,17,0,1000000,3000,4
815386,815386,3261544,6163,338,1352,1383.0,0.0,1383.0,1506,1506,776.8047337278107,31,0,1000000,3000,4
815686,815686,3262744,6164,300,1200,2355.0,0.0,2355.0,2471,2471,1211.6333333333334,50,0,1000000,3000,4
815855,815855,3263420,6165,169,676,594.0,0.0,594.0,684,684,478.4437869822485,14,0,1000000,3000,4
816015,816015,3264060,6166,160,640,764.0,0.0,764.0,853,853,540.76875,18,0,1000000,3000,4
816053,816053,3264212,6167,38,152,251.0,0.0,251.0,316,316,137.68421052631578,7,0,1000000,3000,4
816284,816284,3265136,6168,231,924,1028.0,0.0,1028.0,1130,1130,707.4372294372295,23,0,1000000,3000,4
816357,816357,3265428,6169,73,292,628.0,0.0,628.0,700,700,356.28767123287673,15,0,1000000,3000,4
816436,816436,3265744,6170,79,316,609.0,0.0,609.0,682,682,320.9113924050633,14,0,1000000,3000,4
816503,816503,3266012,6171,67,268,609.0,0.0,609.0,680,680,327.5820895522388,14,0,1000000,3000,4
816538,816538,3266152,6172,35,140,233.0,0.0,233.0,298,298,157.25714285714287,6,0,1000000,3000,4
816571,816571,3266284,6173,33,132,248.0,0.0,248.0,312,312,154.0,7,0,1000000,3000,4
816804,816804,3267216,6174,233,932,1333.0,0.0,1333.0,1437,1437,715.5922746781116,29,0,1000000,3000,4
817051,817051,3268204,6175,247,988,1417.0,0.0,1417.0,1524,1524,707.6518218623481,31,0,1000000,3000,4
817285,817285,3269140,6176,234,936,1311.0,0.0,1311.0,1412,1412,769.4358974358975,29,0,1000000,3000,4
817314,817314,3269256,6177,29,116,249.0,0.0,249.0,312,312,159.44827586206895,7,0,1000000,3000,4
817376,817376,3269504,6178,62,248,608.0,0.0,608.0,677,677,337.38709677419354,14,0,1000000,3000,4
817506,817506,3270024,6179,130,520,818.0,0.0,818.0,898,899,550.2307692307693,18,0,1000000,3000,4
817602,817602,3270408,6180,96,384,618.0,0.0,618.0,695,695,394.75,14,0,1000000,3000,4
817903,817903,3271612,6181,301,1204,1666.0,0.0,1666.0,1783,1783,833.8139534883721,36,0,1000000,3000,4
817938,817938,3271752,6182,35,140,236.0,0.0,236.0,300,300,165.71428571428572,7,0,1000000,3000,4
818044,818044,3272176,6183,106,424,603.0,0.0,603.0,681,681,400.5566037735849,14,0,1000000,3000,4
818226,818226,3272904,6184,182,728,1139.0,0.0,1139.0,1231,1231,637.8131868131868,25,0,1000000,3000,4
818256,818256,3273024,6185,30,120,247.0,0.0,247.0,310,310,160.9,7,0,1000000,3000,4
818285,818285,3273140,6186,29,116,248.0,0.0,248.0,311,311,157.13793103448276,7,0,1000000,3000,4
818494,818494,3273976,6187,209,836,1027.0,0.0,1027.0,1123,1123,649.0861244019138,23,0,1000000,3000,4
818661,818661,3274644,6188,167,668,779.0,0.0,779.0,869,869,542.1197604790419,18,0,1000000,3000,4
818773,818773,3275092,6189,112,448,615.0,0.0,615.0,694,694,393.3482142857143,14,0,1000000,3000,4
818868,818868,3275472,6190,95,380,619.0,0.0,619.0,696,696,391.38947368421054,14,0,1000000,3000,4
818933,818933,3275732,6191,65,260,612.0,0.0,612.0,681,681,334.8,14,0,1000000,3000,4
818961,818961,3275844,6192,28,112,249.0,0.0,249.0,312,312,157.96428571428572,7,0,1000000,3000,4
819089,819089,3276356,6193,128,512,1047.0,0.0,1047.0,1128,1128,556.8125,23,0,1000000,3000,4
819307,819307,3277228,6194,218,872,1323.0,0.0,1323.0,1424,1424,721.9036697247707,29,0,1000000,3000,4
819457,819457,3277828,6195,150,600,1044.0,0.0,1044.0,1129,1129,613.3266666666667,23,0,1000000,3000,4
819539,819539,3278156,6196,82,328,632.0,0.0,632.0,706,706,366.8780487804878,15,0,1000000,3000,4
819576,819576,3278304,6197,37,148,228.0,0.0,228.0,293,293,175.78378378378378,6,0,1000000,3000,4
819710,819710,3278840,6198,134,536,760.0,0.0,760.0,842,842,517.7089552238806,17,0,1000000,3000,4
819739,819739,3278956,6199,29,116,247.0,0.0,247.0,309,309,157.31034482758622,7,0,1000000,3000,4
819834,819834,3279336,6200,95,380,634.0,0.0,634.0,709,709,385.81052631578945,15,0,1000000,3000,4
819865,819865,3279460,6201,31,124,248.0,0.0,248.0,312,312,151.7741935483871,7,0,1000000,3000,4
819894,819894,3279576,6202,29,116,247.0,0.0,247.0,310,310,152.51724137931035,7,0,1000000,3000,4
820022,820022,3280088,6203,128,512,744.0,0.0,744.0,826,826,498.6640625,17,0,1000000,3000,4
820207,820207,3280828,6204,185,740,1040.0,0.0,1040.0,1133,1133,626.8594594594595,23,0,1000000,3000,4
820410,820410,3281640,6205,203,812,1317.0,0.0,1317.0,1413,1413,708.6354679802955,29,0,1000000,3000,4
820446,820446,3281784,6206,36,144,240.0,0.0,240.0,304,304,160.05555555555554,7,0,1000000,3000,4
820615,820615,3282460,6207,169,676,1041.0,0.0,1041.0,1130,1130,625.8165680473372,23,0,1000000,3000,4
820646,820646,3282584,6208,31,124,246.0,0.0,246.0,310,310,151.6451612903226,7,0,1000000,3000,4
820678,820678,3282712,6209,32,128,250.0,0.0,250.0,314,314,148.25,7,0,1000000,3000,4
820840,820840,3283360,6210,162,648,1145.0,0.0,1145.0,1233,1233,640.9691358024692,25,0,1000000,3000,4
821028,821028,3284112,6211,188,752,1033.0,0.0,1033.0,1125,1125,595.8776595744681,23,0,1000000,3000,4
821136,821136,3284544,6212,108,432,619.0,0.0,619.0,698,698,401.30555555555554,14,0,1000000,3000,4
821366,821366,3285464,6213,230,920,1137.0,0.0,1137.0,1241,1241,651.5782608695653,25,0,1000000,3000,4
821482,821482,3285928,6214,116,464,595.0,0.0,595.0,675,675,405.1034482758621,14,0,1000000,3000,4
821582,821582,3286328,6215,100,400,607.0,0.0,607.0,683,683,398.4,14,0,1000000,3000,4
821695,821695,3286780,6216,113,452,746.0,0.0,746.0,825,825,517.566371681416,17,0,1000000,3000,4
821736,821736,3286944,6217,41,164,220.0,0.0,220.0,285,285,175.4390243902439,6,0,1000000,3000,4
821774,821774,3287096,6218,38,152,229.0,0.0,229.0,293,293,161.21052631578948,6,0,1000000,3000,4
821915,821915,3287660,6219,141,564,1044.0,0.0,1044.0,1127,1127,540.0780141843971,23,0,1000000,3000,4
822246,822246,3288984,6220,331,1324,1007.0,0.0,1007.0,1129,1129,678.1359516616315,23,0,1000000,3000,4
822285,822285,3289140,6221,39,156,224.0,0.0,224.0,289,289,173.25641025641025,6,0,1000000,3000,4
822316,822316,3289264,6222,31,124,246.0,0.0,246.0,309,309,162.19354838709677,7,0,1000000,3000,4
822465,822465,3289860,6223,149,596,814.0,0.0,814.0,898,898,563.4563758389262,18,0,1000000,3000,4
822494,822494,3289976,6224,29,116,248.0,0.0,248.0,311,311,154.0344827586207,7,0,1000000,3000,4
822533,822533,3290132,6225,39,156,235.0,0.0,235.0,298,298,164.87179487179486,6,0,1000000,3000,4
822811,822811,3291244,6226,278,1112,1829.0,0.0,1829.0,1942,1942,946.9172661870504,39,0,1000000,3000,4
822843,822843,3291372,6227,32,128,252.0,0.0,252.0,316,316,152.34375,7,0,1000000,3000,4
823375,823375,3293500,6228,532,2128,651.0,0.0,651.0,812,813,653.4624060150376,17,0,1000000,3000,4
823911,823911,3295644,6229,536,2144,735.0,0.0,735.0,897,898,671.5242537313433,18,0,1000000,3000,4
823964,823964,3295856,6230,53,212,222.0,0.0,222.0,290,290,134.1509433962264,6,0,1000000,3000,4
824007,824007,3296028,6231,43,172,233.0,0.0,233.0,299,299,151.3953488372093,6,0,1000000,3000,4
824068,824068,3296272,6232,61,244,205.0,0.0,205.0,274,274,151.0655737704918,6,0,1000000,3000,4
824240,824240,3296960,6233,172,688,1037.0,0.0,1037.0,1127,1127,579.796511627907,23,0,1000000,3000,4
824481,824481,3297924,6234,241,964,1313.0,0.0,1313.0,1418,1418,695.0995850622406,29,0,1000000,3000,4
824571,824571,3298284,6235,90,360,635.0,0.0,635.0,709,709,378.03333333333336,15,0,1000000,3000,4
824602,824602,3298408,6236,31,124,250.0,0.0,250.0,314,314,150.74193548387098,7,0,1000000,3000,4
824774,824774,3299096,6237,172,688,760.0,0.0,760.0,852,852,503.8546511627907,18,0,1000000,3000,4
825011,825011,3300044,6238,237,948,1329.0,0.0,1329.0,1434,1434,717.7004219409283,29,0,1000000,3000,4
825059,825059,3300236,6239,48,192,208.0,0.0,208.0,273,273,167.9375,6,0,1000000,3000,4
825107,825107,3300428,6240,48,192,237.0,0.0,237.0,303,303,137.5625,7,0,1000000,3000,4
825149,825149,3300596,6241,42,168,234.0,0.0,234.0,299,299,148.21428571428572,6,0,1000000,3000,4
825439,825439,3301756,6242,290,1160,786.0,0.0,786.0,898,898,602.8793103448276,18,0,1000000,3000,4
825589,825589,3302356,6243,150,600,1041.0,0.0,1041.0,1126,1126,635.5,23,0,1000000,3000,4
825819,825819,3303276,6244,230,920,1035.0,0.0,1035.0,1137,1137,670.1260869565217,23,0,1000000,3000,4
826192,826192,3304768,6245,373,1492,998.0,0.0,998.0,1128,1128,669.3860589812332,23,0,1000000,3000,4
826425,826425,3305700,6246,233,932,1036.0,0.0,1036.0,1139,1139,644.5364806866953,23,0,1000000,3000,4
826467,826467,3305868,6247,42,168,237.0,0.0,237.0,303,303,151.0,7,0,1000000,3000,4
826572,826572,3306288,6248,105,420,624.0,0.0,624.0,703,703,365.1333333333333,15,0,1000000,3000,4
826745,826745,3306980,6249,173,692,580.0,0.0,580.0,671,671,420.15606936416185,14,0,1000000,3000,4
826950,826950,3307800,6250,205,820,719.0,0.0,719.0,817,817,499.57073170731707,17,0,1000000,3000,4
826989,826989,3307956,6251,39,156,239.0,0.0,239.0,304,304,148.0,7,0,1000000,3000,4
827066,827066,3308264,6252,77,308,652.0,0.0,652.0,722,722,363.2207792207792,15,0,1000000,3000,4
827116,827116,3308464,6253,50,200,213.0,0.0,213.0,279,279,164.54,6,0,1000000,3000,4
827161,827161,3308644,6254,45,180,226.0,0.0,226.0,291,291,163.15555555555557,6,0,1000000,3000,4
827330,827330,3309320,6255,169,676,1063.0,0.0,1063.0,1154,1154,589.5680473372781,24,0,1000000,3000,4
827643,827643,3310572,6256,313,1252,1296.0,0.0,1296.0,1414,1414,724.6230031948882,29,0,1000000,3000,4
827685,827685,3310740,6257,42,168,231.0,0.0,231.0,296,296,155.14285714285714,6,0,1000000,3000,4
827922,827922,3311688,6258,237,948,1120.0,0.0,1120.0,1224,1224,685.590717299578,25,0,1000000,3000,4
828153,828153,3312612,6259,231,924,1051.0,0.0,1051.0,1155,1155,626.7316017316017,24,0,1000000,3000,4
828192,828192,3312768,6260,39,156,238.0,0.0,238.0,302,302,149.51282051282053,7,0,1000000,3000,4
828284,828284,3313136,6261,92,368,605.0,0.0,605.0,681,681,344.3804347826087,14,0,1000000,3000,4
828374,828374,3313496,6262,90,360,607.0,0.0,607.0,682,682,336.3333333333333,14,0,1000000,3000,4
828628,828628,3314512,6263,254,1016,1306.0,0.0,1306.0,1411,1411,676.2598425196851,29,0,1000000,3000,4
828894,828894,3315576,6264,266,1064,1321.0,0.0,1321.0,1432,1432,659.1766917293234,29,0,1000000,3000,4
828923,828923,3315692,6265,29,116,249.0,0.0,249.0,311,311,160.72413793103448,7,0,1000000,3000,4
829105,829105,3316420,6266,182,728,1035.0,0.0,1035.0,1126,1126,634.8241758241758,23,0,1000000,3000,4
829310,829310,3317240,6267,205,820,1337.0,0.0,1337.0,1435,1435,675.0682926829269,29,0,1000000,3000,4
829340,829340,3317360,6268,30,120,252.0,0.0,252.0,315,315,156.66666666666666,7,0,1000000,3000,4
829522,829522,3318088,6269,182,728,1333.0,0.0,1333.0,1427,1427,718.0824175824176,29,0,1000000,3000,4
829553,829553,3318212,6270,31,124,251.0,0.0,251.0,314,314,156.70967741935485,7,0,1000000,3000,4
829582,829582,3318328,6271,29,116,247.0,0.0,247.0,310,310,156.3448275862069,7,0,1000000,3000,4
829613,829613,3318452,6272,31,124,250.0,0.0,250.0,314,314,155.2258064516129,7,0,1000000,3000,4
829839,829839,3319356,6273,226,904,1022.0,0.0,1022.0,1122,1122,622.2389380530974,23,0,1000000,3000,4
829883,829883,3319532,6274,44,176,236.0,0.0,236.0,302,302,140.38636363636363,7,0,1000000,3000,4
830107,830107,3320428,6275,224,896,756.0,0.0,756.0,858,858,529.7321428571429,18,0,1000000,3000,4
830316,830316,3321264,6276,209,836,1325.0,0.0,1325.0,1424,1424,628.578947368421,29,0,1000000,3000,4
830520,830520,3322080,6277,204,816,1319.0,0.0,1319.0,1415,1415,695.7107843137255,29,0,1000000,3000,4
830599,830599,3322396,6278,79,316,640.0,0.0,640.0,713,713,364.1518987341772,15,0,1000000,3000,4
830711,830711,3322844,6279,112,448,717.0,0.0,717.0,796,796,444.0,16,0,1000000,3000,4
830745,830745,3322980,6280,34,136,243.0,0.0,243.0,305,305,163.5,7,0,1000000,3000,4
830778,830778,3323112,6281,33,132,249.0,0.0,249.0,313,313,149.12121212121212,7,0,1000000,3000,4
831025,831025,3324100,6282,247,988,1336.0,0.0,1336.0,1443,1443,706.0445344129555,29,0,1000000,3000,4
831061,831061,3324244,6283,36,144,248.0,0.0,248.0,313,313,146.25,7,0,1000000,3000,4
831107,831107,3324428,6284,46,184,207.0,0.0,207.0,274,274,173.2826086956522,6,0,1000000,3000,4
831404,831404,3325616,6285,297,1188,1313.0,0.0,1313.0,1430,1430,748.929292929293,29,0,1000000,3000,4
831506,831506,3326024,6286,102,408,616.0,0.0,616.0,694,694,352.5882352941176,14,0,1000000,3000,4
831743,831743,3326972,6287,237,948,1417.0,0.0,1417.0,1521,1521,750.8776371308016,31,0,1000000,3000,4
831961,831961,3327844,6288,218,872,1334.0,0.0,1334.0,1435,1435,692.9082568807339,29,0,1000000,3000,4
832154,832154,3328616,6289,193,772,731.0,0.0,731.0,827,827,559.9430051813472,17,0,1000000,3000,4
832345,832345,3329380,6290,191,764,805.0,0.0,805.0,898,899,555.7068062827225,18,0,1000000,3000,4
832486,832486,3329944,6291,141,564,784.0,0.0,784.0,870,870,541.936170212766,18,0,1000000,3000,4
832521,832521,3330084,6292,35,140,236.0,0.0,236.0,299,299,170.0,6,0,1000000,3000,4
832602,832602,3330408,6293,81,324,617.0,0.0,617.0,691,691,359.4320987654321,14,0,1000000,3000,4
832703,832703,3330812,6294,101,404,605.0,0.0,605.0,682,682,398.34653465346537,14,0,1000000,3000,4
832785,832785,3331140,6295,82,328,630.0,0.0,630.0,704,704,369.0243902439024,15,0,1000000,3000,4
832817,832817,3331268,6296,32,128,239.0,0.0,239.0,302,302,166.375,7,0,1000000,3000,4
833006,833006,3332024,6297,189,756,1341.0,0.0,1341.0,1436,1436,712.2645502645503,29,0,1000000,3000,4
833036,833036,3332144,6298,30,120,252.0,0.0,252.0,315,315,155.3,7,0,1000000,3000,4
833195,833195,3332780,6299,159,636,755.0,0.0,755.0,843,843,568.4842767295597,17,0,1000000,3000,4
833386,833386,3333544,6300,191,764,1031.0,0.0,1031.0,1125,1125,622.4136125654451,23,0,1000000,3000,4
833420,833420,3333680,6301,34,136,250.0,0.0,250.0,314,314,158.55882352941177,7,0,1000000,3000,4
833566,833566,3334264,6302,146,584,638.0,0.0,638.0,722,722,479.7191780821918,15,0,1000000,3000,4
833738,833738,3334952,6303,172,688,809.0,0.0,809.0,898,898,572.7093023255813,18,0,1000000,3000,4
833772,833772,3335088,6304,34,136,238.0,0.0,238.0,301,301,173.38235294117646,7,0,1000000,3000,4
833808,833808,3335232,6305,36,144,241.0,0.0,241.0,306,306,157.77777777777777,7,0,1000000,3000,4
833841,833841,3335364,6306,33,132,237.0,0.0,237.0,301,301,160.15151515151516,7,0,1000000,3000,4
834121,834121,3336484,6307,280,1120,1018.0,0.0,1018.0,1129,1129,659.7,23,0,1000000,3000,4
834266,834266,3337064,6308,145,580,639.0,0.0,639.0,722,723,491.3241379310345,15,0,1000000,3000,4
834598,834598,3338392,6309,332,1328,1005.0,0.0,1005.0,1127,1127,718.527108433735,23,0,1000000,3000,4
834718,834718,3338872,6310,120,480,602.0,0.0,602.0,682,682,391.21666666666664,14,0,1000000,3000,4
834750,834750,3339000,6311,32,128,251.0,0.0,251.0,313,313,149.3125,7,0,1000000,3000,4
835011,835011,3340044,6312,261,1044,748.0,0.0,748.0,858,858,608.919540229885,18,0,1000000,3000,4
835359,835359,3341436,6313,348,1392,1000.0,0.0,1000.0,1124,1124,717.9597701149426,23,0,1000000,3000,4
835634,835634,3342536,6314,275,1100,1313.0,0.0,1313.0,1425,1425,688.9854545454546,29,0,1000000,3000,4
835882,835882,3343528,6315,248,992,1021.0,0.0,1021.0,1126,1126,638.6008064516129,23,0,1000000,3000,4
835963,835963,3343852,6316,81,324,631.0,0.0,631.0,704,704,354.9382716049383,15,0,1000000,3000,4
836030,836030,3344120,6317,67,268,611.0,0.0,611.0,681,681,324.74626865671644,14,0,1000000,3000,4
836231,836231,3344924,6318,201,804,1051.0,0.0,1051.0,1149,1149,587.0497512437811,23,0,1000000,3000,4
836394,836394,3345576,6319,163,652,1040.0,0.0,1040.0,1128,1128,630.1840490797546,23,0,1000000,3000,4
836591,836591,3346364,6320,197,788,1033.0,0.0,1033.0,1128,1128,611.5786802030457,23,0,1000000,3000,4
836735,836735,3346940,6321,144,576,815.0,0.0,815.0,898,898,555.8541666666666,18,0,1000000,3000,4
836925,836925,3347700,6322,190,760,1033.0,0.0,1033.0,1125,1125,617.8894736842105,23,0,1000000,3000,4
837202,837202,3348808,6323,277,1108,1321.0,0.0,1321.0,1434,1434,674.6859205776174,29,0,1000000,3000,4
837232,837232,3348928,6324,30,120,247.0,0.0,247.0,311,311,154.73333333333332,7,0,1000000,3000,4
837365,837365,3349460,6325,133,532,1043.0,0.0,1043.0,1124,1124,592.3684210526316,23,0,1000000,3000,4
837517,837517,3350068,6326,152,608,1142.0,0.0,1142.0,1228,1228,599.828947368421,25,0,1000000,3000,4
837714,837714,3350856,6327,197,788,1423.0,0.0,1423.0,1520,1520,727.4467005076142,31,0,1000000,3000,4
837817,837817,3351268,6328,103,412,622.0,0.0,622.0,699,699,355.63106796116506,14,0,1000000,3000,4
838080,838080,3352320,6329,263,1052,1030.0,0.0,1030.0,1138,1138,703.3878326996198,23,0,1000000,3000,4
838336,838336,3353344,6330,256,1024,1411.0,0.0,1411.0,1519,1519,660.93359375,31,0,1000000,3000,4
838536,838536,3354144,6331,200,800,737.0,0.0,737.0,834,834,501.15,17,0,1000000,3000,4
838582,838582,3354328,6332,46,184,222.0,0.0,222.0,287,287,165.65217391304347,6,0,1000000,3000,4
838662,838662,3354648,6333,80,320,607.0,0.0,607.0,679,679,301.6125,14,0,1000000,3000,4
838756,838756,3355024,6334,94,376,636.0,0.0,636.0,712,712,365.52127659574467,15,0,1000000,3000,4
838836,838836,3355344,6335,80,320,625.0,0.0,625.0,699,699,346.45,14,0,1000000,3000,4
838919,838919,3355676,6336,83,332,624.0,0.0,624.0,698,698,386.43373493975906,14,0,1000000,3000,4
838956,838956,3355824,6337,37,148,227.0,0.0,227.0,291,291,173.45945945945945,6,0,1000000,3000,4
839127,839127,3356508,6338,171,684,737.0,0.0,737.0,829,829,575.0175438596491,17,0,1000000,3000,4
839203,839203,3356812,6339,76,304,607.0,0.0,607.0,680,680,331.0394736842105,14,0,1000000,3000,4
839356,839356,3357424,6340,153,612,1062.0,0.0,1062.0,1150,1150,615.437908496732,24,0,1000000,3000,4
839650,839650,3358600,6341,294,1176,1012.0,0.0,1012.0,1126,1126,673.5544217687075,23,0,1000000,3000,4
839681,839681,3358724,6342,31,124,250.0,0.0,250.0,313,313,157.3548387096774,7,0,1000000,3000,4
839968,839968,3359872,6343,287,1148,1318.0,0.0,1318.0,1433,1433,720.1602787456446,29,0,1000000,3000,4
840002,840002,3360008,6344,34,136,250.0,0.0,250.0,314,314,155.58823529411765,7,0,1000000,3000,4
840038,840038,3360152,6345,36,144,248.0,0.0,248.0,313,313,145.36111111111111,7,0,1000000,3000,4
840164,840164,3360656,6346,126,504,588.0,0.0,588.0,670,670,387.531746031746,14,0,1000000,3000,4
840250,840250,3361000,6347,86,344,630.0,0.0,630.0,704,704,382.7906976744186,15,0,1000000,3000,4
840407,840407,3361628,6348,157,628,778.0,0.0,778.0,866,866,494.02547770700636,18,0,1000000,3000,4
840552,840552,3362208,6349,145,580,814.0,0.0,814.0,898,898,555.9241379310345,18,0,1000000,3000,4
840898,840898,3363592,6350,346,1384,999.0,0.0,999.0,1124,1124,736.1473988439307,23,0,1000000,3000,4
840929,840929,3363716,6351,31,124,245.0,0.0,245.0,307,307,168.25806451612902,7,0,1000000,3000,4
841068,841068,3364272,6352,139,556,787.0,0.0,787.0,871,871,552.1079136690647,18,0,1000000,3000,4
841109,841109,3364436,6353,41,164,234.0,0.0,234.0,299,299,157.09756097560975,6,0,1000000,3000,4
841481,841481,3365924,6354,372,1488,2343.0,0.0,2343.0,2473,2473,1415.9059139784947,50,0,1000000,3000,4
841513,841513,3366052,6355,32,128,249.0,0.0,249.0,313,313,147.8125,7,0,1000000,3000,4
841604,841604,3366416,6356,91,364,637.0,0.0,637.0,713,713,373.032967032967,15,0,1000000,3000,4
841806,841806,3367224,6357,202,808,1032.0,0.0,1032.0,1128,1128,636.3168316831683,23,0,1000000,3000,4
841964,841964,3367856,6358,158,632,1041.0,0.0,1041.0,1128,1128,588.6898734177215,23,0,1000000,3000,4
841999,841999,3367996,6359,35,140,233.0,0.0,233.0,296,296,171.94285714285715,6,0,1000000,3000,4
842078,842078,3368312,6360,79,316,617.0,0.0,617.0,689,689,347.2911392405063,14,0,1000000,3000,4
842172,842172,3368688,6361,94,376,615.0,0.0,615.0,690,690,375.36170212765956,14,0,1000000,3000,4
842206,842206,3368824,6362,34,136,237.0,0.0,237.0,301,301,172.26470588235293,7,0,1000000,3000,4
842378,842378,3369512,6363,172,688,1040.0,0.0,1040.0,1130,1130,606.9593023255813,23,0,1000000,3000,4
842418,842418,3369672,6364,40,160,227.0,0.0,227.0,292,292,167.35,6,0,1000000,3000,4
842515,842515,3370060,6365,97,388,618.0,0.0,618.0,694,694,373.1958762886598,14,0,1000000,3000,4
842610,842610,3370440,6366,95,380,633.0,0.0,633.0,709,709,367.90526315789475,15,0,1000000,3000,4
842776,842776,3371104,6367,166,664,729.0,0.0,729.0,819,819,505.3072289156627,17,0,1000000,3000,4
842978,842978,3371912,6368,202,808,731.0,0.0,731.0,828,828,549.2079207920792,17,0,1000000,3000,4
843291,843291,3373164,6369,313,1252,1393.0,0.0,1393.0,1512,1512,767.6038338658147,31,0,1000000,3000,4
843544,843544,3374176,6370,253,1012,1324.0,0.0,1324.0,1432,1432,654.1343873517786,29,0,1000000,3000,4
843713,843713,3374852,6371,169,676,1044.0,0.0,1044.0,1134,1134,673.9289940828403,23,0,1000000,3000,4
843956,843956,3375824,6372,243,972,1033.0,0.0,1033.0,1138,1138,667.2880658436214,23,0,1000000,3000,4
844057,844057,3376228,6373,101,404,598.0,0.0,598.0,675,675,401.45544554455444,14,0,1000000,3000,4
844094,844094,3376376,6374,37,148,241.0,0.0,241.0,306,306,154.9189189189189,7,0,1000000,3000,4
844134,844134,3376536,6375,40,160,235.0,0.0,235.0,301,301,154.95,7,0,1000000,3000,4
844234,844234,3376936,6376,100,400,630.0,0.0,630.0,708,708,356.07,15,0,1000000,3000,4
844385,844385,3377540,6377,151,604,813.0,0.0,813.0,898,899,565.0397350993378,18,0,1000000,3000,4
844483,844483,3377932,6378,98,392,606.0,0.0,606.0,683,683,401.11224489795916,14,0,1000000,3000,4
844511,844511,3378044,6379,28,112,247.0,0.0,247.0,310,310,155.17857142857142,7,0,1000000,3000,4
844604,844604,3378416,6380,93,372,637.0,0.0,637.0,712,712,359.44086021505376,15,0,1000000,3000,4
844694,844694,3378776,6381,90,360,618.0,0.0,618.0,694,694,368.0888888888889,14,0,1000000,3000,4
844781,844781,3379124,6382,87,348,609.0,0.0,609.0,684,684,333.95402298850576,14,0,1000000,3000,4
844923,844923,3379692,6383,142,568,1045.0,0.0,1045.0,1129,1129,602.1478873239437,23,0,1000000,3000,4
844953,844953,3379812,6384,30,120,249.0,0.0,249.0,313,313,150.56666666666666,7,0,1000000,3000,4
845041,845041,3380164,6385,88,352,635.0,0.0,635.0,709,709,355.8636363636364,15,0,1000000,3000,4
845071,845071,3380284,6386,30,120,247.0,0.0,247.0,310,310,153.93333333333334,7,0,1000000,3000,4
845177,845177,3380708,6387,106,424,634.0,0.0,634.0,713,713,382.02830188679246,15,0,1000000,3000,4
845395,845395,3381580,6388,218,872,1339.0,0.0,1339.0,1440,1440,729.3394495412844,29,0,1000000,3000,4
845599,845599,3382396,6389,204,816,745.0,0.0,745.0,843,843,532.6029411764706,17,0,1000000,3000,4
845694,845694,3382776,6390,95,380,624.0,0.0,624.0,700,700,378.4315789473684,15,0,1000000,3000,4
845725,845725,3382900,6391,31,124,243.0,0.0,243.0,307,307,157.03225806451613,7,0,1000000,3000,4
845916,845916,3383664,6392,191,764,1427.0,0.0,1427.0,1522,1522,744.6387434554974,31,0,1000000,3000,4
845955,845955,3383820,6393,39,156,230.0,0.0,230.0,293,293,170.97435897435898,6,0,1000000,3000,4
845992,845992,3383968,6394,37,148,243.0,0.0,243.0,307,307,154.0810810810811,7,0,1000000,3000,4
846070,846070,3384280,6395,78,312,633.0,0.0,633.0,705,705,388.94871794871796,15,0,1000000,3000,4
846151,846151,3384604,6396,81,324,606.0,0.0,606.0,680,680,331.7654320987654,14,0,1000000,3000,4
846229,846229,3384916,6397,78,312,631.0,0.0,631.0,702,702,378.4871794871795,15,0,1000000,3000,4
846260,846260,3385040,6398,31,124,249.0,0.0,249.0,313,313,152.2258064516129,7,0,1000000,3000,4
846417,846417,3385668,6399,157,628,1328.0,0.0,1328.0,1415,1415,727.5732484076433,29,0,1000000,3000,4
846611,846611,3386444,6400,194,776,805.0,0.0,805.0,898,898,624.8092783505155,18,0,1000000,3000,4
846811,846811,3387244,6401,200,800,1145.0,0.0,1145.0,1241,1241,649.135,25,0,1000000,3000,4
846844,846844,3387376,6402,33,132,241.0,0.0,241.0,305,305,155.42424242424244,7,0,1000000,3000,4
846874,846874,3387496,6403,30,120,245.0,0.0,245.0,307,307,161.93333333333334,7,0,1000000,3000,4
847037,847037,3388148,6404,163,652,635.0,0.0,635.0,722,723,478.76687116564415,15,0,1000000,3000,4
847133,847133,3388532,6405,96,384,621.0,0.0,621.0,698,698,394.9791666666667,14,0,1000000,3000,4
847322,847322,3389288,6406,189,756,1336.0,0.0,1336.0,1431,1431,726.4021164021163,29,0,1000000,3000,4
847408,847408,3389632,6407,86,344,603.0,0.0,603.0,677,677,321.24418604651163,14,0,1000000,3000,4
847631,847631,3390524,6408,223,892,1317.0,0.0,1317.0,1417,1417,680.0448430493274,29,0,1000000,3000,4
847871,847871,3391484,6409,240,960,795.0,0.0,795.0,898,898,663.1083333333333,18,0,1000000,3000,4
848050,848050,3392200,6410,179,716,1346.0,0.0,1346.0,1439,1439,693.5810055865921,29,0,1000000,3000,4
848262,848262,3393048,6411,212,848,1313.0,0.0,1313.0,1412,1412,692.4103773584906,29,0,1000000,3000,4
848293,848293,3393172,6412,31,124,247.0,0.0,247.0,311,311,156.25806451612902,7,0,1000000,3000,4
848369,848369,3393476,6413,76,304,610.0,0.0,610.0,683,683,348.0921052631579,14,0,1000000,3000,4
848573,848573,3394292,6414,204,816,1143.0,0.0,1143.0,1240,1240,627.2941176470588,25,0,1000000,3000,4
848603,848603,3394412,6415,30,120,251.0,0.0,251.0,314,314,157.53333333333333,7,0,1000000,3000,4
848796,848796,3395184,6416,193,772,1329.0,0.0,1329.0,1424,1424,670.1865284974093,29,0,1000000,3000,4
848955,848955,3395820,6417,159,636,711.0,0.0,711.0,799,799,501.7358490566038,16,0,1000000,3000,4
849064,849064,3396256,6418,109,436,614.0,0.0,614.0,692,692,389.20183486238534,14,0,1000000,3000,4
849220,849220,3396880,6419,156,624,812.0,0.0,812.0,898,898,580.8846153846154,18,0,1000000,3000,4
849302,849302,3397208,6420,82,328,621.0,0.0,621.0,693,693,340.609756097561,14,0,1000000,3000,4
849433,849433,3397732,6421,131,524,817.0,0.0,817.0,898,898,552.6335877862596,18,0,1000000,3000,4
849619,849619,3398476,6422,186,744,1693.0,0.0,1693.0,1786,1786,915.4408602150538,36,0,1000000,3000,4
849653,849653,3398612,6423,34,136,246.0,0.0,246.0,310,310,145.6764705882353,7,0,1000000,3000,4
849692,849692,3398768,6424,39,156,249.0,0.0,249.0,314,314,137.12820512820514,7,0,1000000,3000,4
849728,849728,3398912,6425,36,144,238.0,0.0,238.0,303,303,159.22222222222223,7,0,1000000,3000,4
849821,849821,3399284,6426,93,372,621.0,0.0,621.0,697,697,360.96774193548384,14,0,1000000,3000,4
849961,849961,3399844,6427,140,560,1155.0,0.0,1155.0,1239,1239,604.4,25,0,1000000,3000,4
849998,849998,3399992,6428,37,148,231.0,0.0,231.0,295,295,165.40540540540542,6,0,1000000,3000,4
850090,850090,3400360,6429,92,368,624.0,0.0,624.0,699,699,385.3695652173913,14,0,1000000,3000,4
850297,850297,3401188,6430,207,828,1027.0,0.0,1027.0,1123,1123,706.4009661835748,23,0,1000000,3000,4
850515,850515,3402060,6431,218,872,1413.0,0.0,1413.0,1512,1512,778.8715596330276,31,0,1000000,3000,4
850674,850674,3402696,6432,159,636,1341.0,0.0,1341.0,1430,1430,713.5157232704403,29,0,1000000,3000,4
850709,850709,3402836,6433,35,140,234.0,0.0,234.0,298,298,162.74285714285713,6,0,1000000,3000,4
850777,850777,3403108,6434,68,272,610.0,0.0,610.0,681,681,318.47058823529414,14,0,1000000,3000,4
851006,851006,3404024,6435,229,916,1683.0,0.0,1683.0,1785,1785,813.0829694323144,36,0,1000000,3000,4
851149,851149,3404596,6436,143,572,743.0,0.0,743.0,829,829,528.4755244755245,17,0,1000000,3000,4
851311,851311,3405244,6437,162,648,776.0,0.0,776.0,866,866,528.9506172839506,18,0,1000000,3000,4
851519,851519,3406076,6438,208,832,1427.0,0.0,1427.0,1526,1526,715.4807692307693,31,0,1000000,3000,4
851556,851556,3406224,6439,37,148,246.0,0.0,246.0,311,311,149.13513513513513,7,0,1000000,3000,4
851744,851744,3406976,6440,188,752,1322.0,0.0,1322.0,1414,1414,731.6648936170212,29,0,1000000,3000,4
851924,851924,3407696,6441,180,720,1028.0,0.0,1028.0,1118,1122,659.1777777777778,23,0,1000000,3000,4
852026,852026,3408104,6442,102,408,629.0,0.0,629.0,705,705,369.0686274509804,15,0,1000000,3000,4
852225,852225,3408900,6443,199,796,1337.0,0.0,1337.0,1434,1434,742.8693467336683,29,0,1000000,3000,4
852403,852403,3409612,6444,178,712,1045.0,0.0,1045.0,1136,1136,573.2921348314607,23,0,1000000,3000,4
852438,852438,3409752,6445,35,140,250.0,0.0,250.0,314,314,151.42857142857142,7,0,1000000,3000,4
852639,852639,3410556,6446,201,804,1415.0,0.0,1415.0,1512,1512,799.5223880597015,31,0,1000000,3000,4
852775,852775,3411100,6447,136,544,614.0,0.0,614.0,698,698,352.04411764705884,14,0,1000000,3000,4
852815,852815,3411260,6448,40,160,241.0,0.0,241.0,307,307,140.225,7,0,1000000,3000,4
852849,852849,3411396,6449,34,136,249.0,0.0,249.0,313,313,147.8235294117647,7,0,1000000,3000,4
853057,853057,3412228,6450,208,832,1316.0,0.0,1316.0,1412,1412,710.6778846153846,29,0,1000000,3000,4
853089,853089,3412356,6451,32,128,242.0,0.0,242.0,305,305,169.9375,7,0,1000000,3000,4
853281,853281,3413124,6452,192,768,1337.0,0.0,1337.0,1433,1433,692.8177083333334,29,0,1000000,3000,4
853314,853314,3413256,6453,33,132,247.0,0.0,247.0,310,310,159.6969696969697,7,0,1000000,3000,4
853351,853351,3413404,6454,37,148,244.0,0.0,244.0,307,307,153.13513513513513,7,0,1000000,3000,4
853390,853390,3413560,6455,39,156,248.0,0.0,248.0,313,313,131.53846153846155,7,0,1000000,3000,4
853551,853551,3414204,6456,161,644,1172.0,0.0,1172.0,1261,1261,687.4596273291926,26,0,1000000,3000,4
853653,853653,3414612,6457,102,408,601.0,0.0,601.0,679,679,409.11764705882354,14,0,1000000,3000,4
853682,853682,3414728,6458,29,116,251.0,0.0,251.0,314,314,159.27586206896552,7,0,1000000,3000,4
853833,853833,3415332,6459,151,604,617.0,0.0,617.0,705,705,461.10596026490066,15,0,1000000,3000,4
853865,853865,3415460,6460,32,128,250.0,0.0,250.0,314,314,150.53125,7,0,1000000,3000,4
853896,853896,3415584,6461,31,124,252.0,0.0,252.0,316,316,155.7741935483871,7,0,1000000,3000,4
853992,853992,3415968,6462,96,384,604.0,0.0,604.0,681,681,354.9895833333333,14,0,1000000,3000,4
854026,854026,3416104,6463,34,136,250.0,0.0,250.0,314,314,147.7941176470588,7,0,1000000,3000,4
854104,854104,3416416,6464,78,312,614.0,0.0,614.0,687,687,361.56410256410254,14,0,1000000,3000,4
854134,854134,3416536,6465,30,120,252.0,0.0,252.0,315,315,157.9,7,0,1000000,3000,4
854208,854208,3416832,6466,74,296,613.0,0.0,613.0,685,685,354.2432432432432,14,0,1000000,3000,4
854383,854383,3417532,6467,175,700,1035.0,0.0,1035.0,1126,1126,623.3142857142857,23,0,1000000,3000,4
854530,854530,3418120,6468,147,588,724.0,0.0,724.0,810,810,491.96598639455783,17,0,1000000,3000,4
854566,854566,3418264,6469,36,144,247.0,0.0,247.0,312,312,148.83333333333334,7,0,1000000,3000,4
854686,854686,3418744,6470,120,480,737.0,0.0,737.0,818,818,500.68333333333334,17,0,1000000,3000,4
854833,854833,3419332,6471,147,588,1042.0,0.0,1042.0,1126,1126,648.9047619047619,23,0,1000000,3000,4
854967,854967,3419868,6472,134,536,717.0,0.0,717.0,800,800,498.1940298507463,17,0,1000000,3000,4
855000,855000,3420000,6473,33,132,247.0,0.0,247.0,311,311,144.24242424242425,7,0,1000000,3000,4
855077,855077,3420308,6474,77,308,628.0,0.0,628.0,701,701,399.23376623376623,15,0,1000000,3000,4
855112,855112,3420448,6475,35,140,249.0,0.0,249.0,313,313,150.45714285714286,7,0,1000000,3000,4
855194,855194,3420776,6476,82,328,629.0,0.0,629.0,703,703,353.7073170731707,15,0,1000000,3000,4
855275,855275,3421100,6477,81,324,616.0,0.0,616.0,690,690,319.95061728395063,14,0,1000000,3000,4
855466,855466,3421864,6478,191,764,1339.0,0.0,1339.0,1435,1435,678.4293193717277,29,0,1000000,3000,4
855618,855618,3422472,6479,152,608,637.0,0.0,637.0,722,722,473.7828947368421,15,0,1000000,3000,4
855649,855649,3422596,6480,31,124,247.0,0.0,247.0,311,311,151.29032258064515,7,0,1000000,3000,4
855807,855807,3423228,6481,158,632,1039.0,0.0,1039.0,1126,1126,639.7974683544304,23,0,1000000,3000,4
856125,856125,3424500,6482,318,1272,1312.0,0.0,1312.0,1433,1433,746.9591194968554,29,0,1000000,3000,4
856314,856314,3425256,6483,189,756,1150.0,0.0,1150.0,1244,1244,658.4867724867725,25,0,1000000,3000,4
856451,856451,3425804,6484,137,548,1066.0,0.0,1066.0,1151,1151,600.3722627737226,24,0,1000000,3000,4
856606,856606,3426424,6485,155,620,636.0,0.0,636.0,722,726,487.59354838709675,15,0,1000000,3000,4
856710,856710,3426840,6486,104,416,604.0,0.0,604.0,680,680,409.0480769230769,14,0,1000000,3000,4
856749,856749,3426996,6487,39,156,237.0,0.0,237.0,301,301,161.02564102564102,7,0,1000000,3000,4
856893,856893,3427572,6488,144,576,778.0,0.0,778.0,864,864,559.0972222222222,18,0,1000000,3000,4
856931,856931,3427724,6489,38,152,237.0,0.0,237.0,302,302,150.52631578947367,7,0,1000000,3000,4
857001,857001,3428004,6490,70,280,653.0,0.0,653.0,722,722,391.4142857142857,15,0,1000000,3000,4
857140,857140,3428560,6491,139,556,640.0,0.0,640.0,722,724,521.3884892086331,15,0,1000000,3000,4
857277,857277,3429108,6492,137,548,816.0,0.0,816.0,898,898,593.8832116788321,18,0,1000000,3000,4
857351,857351,3429404,6493,74,296,623.0,0.0,623.0,694,694,369.47297297297297,14,0,1000000,3000,4
857434,857434,3429736,6494,83,332,629.0,0.0,629.0,702,702,387.09638554216866,15,0,1000000,3000,4
857464,857464,3429856,6495,30,120,250.0,0.0,250.0,314,314,155.66666666666666,7,0,1000000,3000,4
857656,857656,3430624,6496,192,768,1053.0,0.0,1053.0,1149,1149,574.03125,23,0,1000000,3000,4
857858,857858,3431432,6497,202,808,1328.0,0.0,1328.0,1426,1426,710.6237623762377,29,0,1000000,3000,4
857993,857993,3431972,6498,135,540,743.0,0.0,743.0,827,827,513.9185185185186,17,0,1000000,3000,4
858143,858143,3432572,6499,150,600,1336.0,0.0,1336.0,1423,1423,720.72,29,0,1000000,3000,4
858230,858230,3432920,6500,87,348,610.0,0.0,610.0,685,685,343.44827586206895,14,0,1000000,3000,4
858328,858328,3433312,6501,98,392,629.0,0.0,629.0,705,705,388.59183673469386,15,0,1000000,3000,4
858574,858574,3434296,6502,246,984,1423.0,0.0,1423.0,1530,1530,735.3983739837398,31,0,1000000,3000,4
858660,858660,3434640,6503,86,344,629.0,0.0,629.0,704,704,380.7093023255814,15,0,1000000,3000,4
858749,858749,3434996,6504,89,356,616.0,0.0,616.0,691,691,349.2696629213483,14,0,1000000,3000,4
858791,858791,3435164,6505,42,168,232.0,0.0,232.0,297,297,154.07142857142858,6,0,1000000,3000,4
858872,858872,3435488,6506,81,324,603.0,0.0,603.0,677,677,328.4567901234568,14,0,1000000,3000,4
859127,859127,3436508,6507,255,1020,1914.0,0.0,1914.0,2021,2021,937.7921568627451,41,0,1000000,3000,4
859205,859205,3436820,6508,78,312,626.0,0.0,626.0,698,698,369.14102564102564,14,0,1000000,3000,4
859452,859452,3437808,6509,247,988,1416.0,0.0,1416.0,1523,1523,707.080971659919,31,0,1000000,3000,4
859484,859484,3437936,6510,32,128,248.0,0.0,248.0,311,311,150.15625,7,0,1000000,3000,4
859696,859696,3438784,6511,212,848,1688.0,0.0,1688.0,1786,1786,868.3396226415094,36,0,1000000,3000,4
859727,859727,3438908,6512,31,124,244.0,0.0,244.0,307,307,162.61290322580646,7,0,1000000,3000,4
859818,859818,3439272,6513,91,364,626.0,0.0,626.0,700,700,391.4725274725275,15,0,1000000,3000,4
859855,859855,3439420,6514,37,148,246.0,0.0,246.0,310,310,151.6216216216216,7,0,1000000,3000,4
860122,860122,3440488,6515,267,1068,1128.0,0.0,1128.0,1239,1239,750.8576779026217,25,0,1000000,3000,4
860160,860160,3440640,6516,38,152,237.0,0.0,237.0,301,301,153.02631578947367,7,0,1000000,3000,4
860225,860225,3440900,6517,65,260,612.0,0.0,612.0,683,683,328.0615384615385,14,0,1000000,3000,4
860310,860310,3441240,6518,85,340,613.0,0.0,613.0,687,687,336.9529411764706,14,0,1000000,3000,4
860473,860473,3441892,6519,163,652,635.0,0.0,635.0,722,723,484.9877300613497,15,0,1000000,3000,4
860831,860831,3443324,6520,358,1432,1542.0,0.0,1542.0,1670,1670,794.6843575418994,34,0,1000000,3000,4
860869,860869,3443476,6521,38,152,231.0,0.0,231.0,295,295,153.02631578947367,6,0,1000000,3000,4
861175,861175,3444700,6522,306,1224,782.0,0.0,782.0,898,898,623.3627450980392,18,0,1000000,3000,4
861402,861402,3445608,6523,227,908,1656.0,0.0,1656.0,1758,1758,929.8370044052864,36,0,1000000,3000,4
861441,861441,3445764,6524,39,156,228.0,0.0,228.0,291,291,168.25641025641025,6,0,1000000,3000,4
861493,861493,3445972,6525,52,208,230.0,0.0,230.0,297,297,139.6346153846154,6,0,1000000,3000,4
861537,861537,3446148,6526,44,176,246.0,0.0,246.0,311,311,136.6590909090909,7,0,1000000,3000,4
861583,861583,3446332,6527,46,184,226.0,0.0,226.0,292,292,151.58695652173913,6,0,1000000,3000,4
861678,861678,3446712,6528,95,380,631.0,0.0,631.0,706,706,350.10526315789474,15,0,1000000,3000,4
861712,861712,3446848,6529,34,136,248.0,0.0,248.0,312,312,148.88235294117646,7,0,1000000,3000,4
861808,861808,3447232,6530,96,384,607.0,0.0,607.0,683,683,392.8854166666667,14,0,1000000,3000,4
861846,861846,3447384,6531,38,152,227.0,0.0,227.0,291,291,172.6578947368421,6,0,1000000,3000,4
862025,862025,3448100,6532,179,716,808.0,0.0,808.0,898,900,564.2513966480446,19,0,1000000,3000,4
862069,862069,3448276,6533,44,176,225.0,0.0,225.0,291,291,150.4318181818182,6,0,1000000,3000,4
862112,862112,3448448,6534,43,172,233.0,0.0,233.0,298,298,146.41860465116278,6,0,1000000,3000,4
862196,862196,3448784,6535,84,336,608.0,0.0,608.0,682,682,326.8452380952381,14,0,1000000,3000,4
862389,862389,3449556,6536,193,772,1030.0,0.0,1030.0,1124,1124,602.3575129533679,23,0,1000000,3000,4
862526,862526,3450104,6537,137,548,584.0,0.0,584.0,668,668,442.4014598540146,14,0,1000000,3000,4
862695,862695,3450780,6538,169,676,810.0,0.0,810.0,898,899,561.8934911242603,18,0,1000000,3000,4
862991,862991,3451964,6539,296,1184,1293.0,0.0,1293.0,1408,1408,721.6486486486486,29,0,1000000,3000,4
863168,863168,3452672,6540,177,708,1046.0,0.0,1046.0,1138,1138,604.1412429378531,23,0,1000000,3000,4
863436,863436,3453744,6541,268,1072,1304.0,0.0,1304.0,1412,1412,794.1865671641791,29,0,1000000,3000,4
863471,863471,3453884,6542,35,140,242.0,0.0,242.0,305,305,162.82857142857142,7,0,1000000,3000,4
863515,863515,3454060,6543,44,176,235.0,0.0,235.0,299,299,150.3181818181818,6,0,1000000,3000,4
863559,863559,3454236,6544,44,176,227.0,0.0,227.0,292,292,153.5681818181818,6,0,1000000,3000,4
863705,863705,3454820,6545,146,584,740.0,0.0,740.0,826,826,484.2191780821918,17,0,1000000,3000,4
863753,863753,3455012,6546,48,192,236.0,0.0,236.0,301,301,137.54166666666666,7,0,1000000,3000,4
863796,863796,3455184,6547,43,172,230.0,0.0,230.0,295,295,159.11627906976744,6,0,1000000,3000,4
864040,864040,3456160,6548,244,976,1315.0,0.0,1315.0,1420,1420,742.9139344262295,29,0,1000000,3000,4
864079,864079,3456316,6549,39,156,240.0,0.0,240.0,304,304,152.35897435897436,7,0,1000000,3000,4
864491,864491,3457964,6550,412,1648,998.0,0.0,998.0,1137,1137,759.6771844660194,23,0,1000000,3000,4
864564,864564,3458256,6551,73,292,653.0,0.0,653.0,722,722,382.94520547945206,15,0,1000000,3000,4
864610,864610,3458440,6552,46,184,226.0,0.0,226.0,291,291,156.8695652173913,6,0,1000000,3000,4
864711,864711,3458844,6553,101,404,623.0,0.0,623.0,699,699,356.5742574257426,14,0,1000000,3000,4
864747,864747,3458988,6554,36,144,231.0,0.0,231.0,294,294,162.13888888888889,6,0,1000000,3000,4
865116,865116,3460464,6555,369,1476,1280.0,0.0,1280.0,1408,1411,769.1084010840109,29,0,1000000,3000,4
865215,865215,3460860,6556,99,396,614.0,0.0,614.0,690,690,391.3939393939394,14,0,1000000,3000,4
865417,865417,3461668,6557,202,808,743.0,0.0,743.0,839,839,484.3019801980198,17,0,1000000,3000,4
865675,865675,3462700,6558,258,1032,1022.0,0.0,1022.0,1130,1130,644.1395348837209,23,0,1000000,3000,4
865719,865719,3462876,6559,44,176,230.0,0.0,230.0,294,294,156.61363636363637,6,0,1000000,3000,4
865764,865764,3463056,6560,45,180,221.0,0.0,221.0,287,287,165.93333333333334,6,0,1000000,3000,4
865960,865960,3463840,6561,196,784,736.0,0.0,736.0,831,831,532.3826530612245,17,0,1000000,3000,4
866078,866078,3464312,6562,118,472,613.0,0.0,613.0,693,693,344.0,14,0,1000000,3000,4
866280,866280,3465120,6563,202,808,1032.0,0.0,1032.0,1129,1129,653.4950495049505,23,0,1000000,3000,4
866327,866327,3465308,6564,47,188,220.0,0.0,220.0,286,286,164.0212765957447,6,0,1000000,3000,4
866450,866450,3465800,6565,123,492,600.0,0.0,600.0,682,682,364.1382113821138,14,0,1000000,3000,4
866548,866548,3466192,6566,98,392,616.0,0.0,616.0,692,692,337.6224489795918,14,0,1000000,3000,4
866588,866588,3466352,6567,40,160,240.0,0.0,240.0,305,305,147.375,7,0,1000000,3000,4
866697,866697,3466788,6568,109,436,587.0,0.0,587.0,665,665,390.25688073394497,14,0,1000000,3000,4
866902,866902,3467608,6569,205,820,1041.0,0.0,1041.0,1137,1137,590.9170731707317,23,0,1000000,3000,4
867114,867114,3468456,6570,212,848,713.0,0.0,713.0,812,812,543.1037735849056,17,0,1000000,3000,4
867215,867215,3468860,6571,101,404,618.0,0.0,618.0,694,694,362.5742574257426,14,0,1000000,3000,4
867437,867437,3469748,6572,222,888,1327.0,0.0,1327.0,1429,1429,704.0315315315315,29,0,1000000,3000,4
867477,867477,3469908,6573,40,160,231.0,0.0,231.0,296,296,160.55,6,0,1000000,3000,4
867511,867511,3470044,6574,34,136,241.0,0.0,241.0,303,303,161.38235294117646,7,0,1000000,3000,4
867717,867717,3470868,6575,206,824,1318.0,0.0,1318.0,1415,1415,717.2184466019418,29,0,1000000,3000,4
867826,867826,3471304,6576,109,436,597.0,0.0,597.0,675,675,383.1192660550459,14,0,1000000,3000,4
867859,867859,3471436,6577,33,132,236.0,0.0,236.0,299,299,162.24242424242425,6,0,1000000,3000,4
867899,867899,3471596,6578,40,160,231.0,0.0,231.0,295,295,160.525,6,0,1000000,3000,4
868038,868038,3472152,6579,139,556,740.0,0.0,740.0,824,824,483.58992805755395,17,0,1000000,3000,4
868141,868141,3472564,6580,103,412,598.0,0.0,598.0,676,676,398.6019417475728,14,0,1000000,3000,4
868376,868376,3473504,6581,235,940,1332.0,0.0,1332.0,1436,1436,691.4212765957446,29,0,1000000,3000,4
868464,868464,3473856,6582,88,352,616.0,0.0,616.0,690,690,351.1136363636364,14,0,1000000,3000,4
868661,868661,3474644,6583,197,788,1336.0,0.0,1336.0,1433,1433,667.4010152284264,29,0,1000000,3000,4
868788,868788,3475152,6584,127,508,720.0,0.0,720.0,801,801,498.12598425196853,17,0,1000000,3000,4
868825,868825,3475300,6585,37,148,240.0,0.0,240.0,303,303,162.78378378378378,7,0,1000000,3000,4
868861,868861,3475444,6586,36,144,237.0,0.0,237.0,301,301,163.75,7,0,1000000,3000,4
869101,869101,3476404,6587,240,960,1308.0,0.0,1308.0,1412,1412,708.5,29,0,1000000,3000,4
869132,869132,3476528,6588,31,124,242.0,0.0,242.0,305,305,167.25806451612902,7,0,1000000,3000,4
869303,869303,3477212,6589,171,684,781.0,0.0,781.0,871,871,507.4736842105263,18,0,1000000,3000,4
869449,869449,3477796,6590,146,584,747.0,0.0,747.0,833,833,493.06164383561645,17,0,1000000,3000,4
869673,869673,3478692,6591,224,896,1038.0,0.0,1038.0,1139,1139,577.2857142857143,23,0,1000000,3000,4
869872,869872,3479488,6592,199,796,1042.0,0.0,1042.0,1138,1138,632.1356783919598,23,0,1000000,3000,4
870005,870005,3480020,6593,133,532,751.0,0.0,751.0,834,834,480.9248120300752,17,0,1000000,3000,4
870045,870045,3480180,6594,40,160,230.0,0.0,230.0,295,295,160.25,6,0,1000000,3000,4
870082,870082,3480328,6595,37,148,241.0,0.0,241.0,304,304,160.24324324324326,7,0,1000000,3000,4
870118,870118,3480472,6596,36,144,244.0,0.0,244.0,308,308,160.47222222222223,7,0,1000000,3000,4
870159,870159,3480636,6597,41,164,227.0,0.0,227.0,292,292,167.9268292682927,6,0,1000000,3000,4
870203,870203,3480812,6598,44,176,222.0,0.0,222.0,287,287,167.0681818181818,6,0,1000000,3000,4
870243,870243,3480972,6599,40,160,234.0,0.0,234.0,297,297,165.675,6,0,1000000,3000,4
870439,870439,3481756,6600,196,784,1167.0,0.0,1167.0,1262,1262,643.8367346938776,26,0,1000000,3000,4
870615,870615,3482460,6601,176,704,1047.0,0.0,1047.0,1139,1139,587.3181818181819,23,0,1000000,3000,4
870782,870782,3483128,6602,167,668,1047.0,0.0,1047.0,1137,1137,601.6526946107784,23,0,1000000,3000,4
870881,870881,3483524,6603,99,396,633.0,0.0,633.0,708,708,368.020202020202,15,0,1000000,3000,4
870973,870973,3483892,6604,92,368,621.0,0.0,621.0,696,696,361.6521739130435,14,0,1000000,3000,4
871171,871171,3484684,6605,198,792,1335.0,0.0,1335.0,1432,1432,732.1262626262626,29,0,1000000,3000,4
871273,871273,3485092,6606,102,408,628.0,0.0,628.0,705,705,375.9901960784314,15,0,1000000,3000,4
871358,871358,3485432,6607,85,340,629.0,0.0,629.0,702,702,381.0352941176471,15,0,1000000,3000,4
871555,871555,3486220,6608,197,788,786.0,0.0,786.0,882,882,509.492385786802,18,0,1000000,3000,4
871727,871727,3486908,6609,172,688,809.0,0.0,809.0,898,898,555.4244186046511,18,0,1000000,3000,4
871765,871765,3487060,6610,38,152,237.0,0.0,237.0,301,301,158.23684210526315,7,0,1000000,3000,4
871803,871803,3487212,6611,38,152,243.0,0.0,243.0,308,308,150.71052631578948,7,0,1000000,3000,4
871847,871847,3487388,6612,44,176,225.0,0.0,225.0,290,290,166.79545454545453,6,0,1000000,3000,4
871987,871987,3487948,6613,140,560,1064.0,0.0,1064.0,1149,1149,547.7428571428571,23,0,1000000,3000,4
872022,872022,3488088,6614,35,140,245.0,0.0,245.0,310,310,149.6,7,0,1000000,3000,4
872147,872147,3488588,6615,125,500,760.0,0.0,760.0,841,841,487.552,17,0,1000000,3000,4
872374,872374,3489496,6616,227,908,1310.0,0.0,1310.0,1411,1411,731.4361233480176,29,0,1000000,3000,4
872601,872601,3490404,6617,227,908,722.0,0.0,722.0,824,824,595.1894273127754,17,0,1000000,3000,4
872790,872790,3491160,6618,189,756,1033.0,0.0,1033.0,1126,1126,592.015873015873,23,0,1000000,3000,4
873043,873043,3492172,6619,253,1012,1559.0,0.0,1559.0,1666,1666,844.8656126482214,34,0,1000000,3000,4
873320,873320,3493280,6620,277,1108,1297.0,0.0,1297.0,1409,1409,729.6281588447654,29,0,1000000,3000,4
873397,873397,3493588,6621,77,308,601.0,0.0,601.0,673,673,309.3636363636364,14,0,1000000,3000,4
873561,873561,3494244,6622,164,656,811.0,0.0,811.0,898,900,575.4756097560976,19,0,1000000,3000,4
873594,873594,3494376,6623,33,132,242.0,0.0,242.0,305,305,160.03030303030303,7,0,1000000,3000,4
873675,873675,3494700,6624,81,324,631.0,0.0,631.0,703,703,362.12345679012344,15,0,1000000,3000,4
873762,873762,3495048,6625,87,348,619.0,0.0,619.0,694,694,331.8390804597701,14,0,1000000,3000,4
873837,873837,3495348,6626,75,300,624.0,0.0,624.0,696,696,346.88,14,0,1000000,3000,4
873873,873873,3495492,6627,36,144,242.0,0.0,242.0,307,307,141.55555555555554,7,0,1000000,3000,4
874138,874138,3496552,6628,265,1060,1418.0,0.0,1418.0,1528,1528,744.8754716981132,31,0,1000000,3000,4
874329,874329,3497316,6629,191,764,1055.0,0.0,1055.0,1151,1151,665.0314136125654,24,0,1000000,3000,4
874362,874362,3497448,6630,33,132,244.0,0.0,244.0,307,307,168.72727272727272,7,0,1000000,3000,4
874610,874610,3498440,6631,248,992,1309.0,0.0,1309.0,1414,1414,724.6693548387096,29,0,1000000,3000,4
874838,874838,3499352,6632,228,912,1417.0,0.0,1417.0,1519,1519,785.3640350877193,31,0,1000000,3000,4
875467,875467,3501868,6633,629,2516,1829.0,0.0,1829.0,2011,2011,850.6438791732909,41,0,1000000,3000,4
875566,875566,3502264,6634,99,396,621.0,0.0,621.0,697,697,387.37373737373736,14,0,1000000,3000,4
875720,875720,3502880,6635,154,616,1043.0,0.0,1043.0,1129,1129,625.1493506493506,23,0,1000000,3000,4
875994,875994,3503976,6636,274,1096,1013.0,0.0,1013.0,1123,1123,660.2518248175182,23,0,1000000,3000,4
876077,876077,3504308,6637,83,332,628.0,0.0,628.0,700,700,387.855421686747,15,0,1000000,3000,4
876223,876223,3504892,6638,146,584,638.0,0.0,638.0,722,722,494.23972602739724,15,0,1000000,3000,4
876425,876425,3505700,6639,202,808,1334.0,0.0,1334.0,1432,1432,676.990099009901,29,0,1000000,3000,4
876534,876534,3506136,6640,109,436,617.0,0.0,617.0,695,695,379.39449541284404,14,0,1000000,3000,4
876745,876745,3506980,6641,211,844,766.0,0.0,766.0,865,865,548.781990521327,18,0,1000000,3000,4
876784,876784,3507136,6642,39,156,227.0,0.0,227.0,291,291,166.17948717948718,6,0,1000000,3000,4
876952,876952,3507808,6643,168,672,780.0,0.0,780.0,869,869,541.5654761904761,18,0,1000000,3000,4
877059,877059,3508236,6644,107,428,596.0,0.0,596.0,673,673,408.5420560747664,14,0,1000000,3000,4
877224,877224,3508896,6645,165,660,810.0,0.0,810.0,898,899,525.5212121212121,18,0,1000000,3000,4
877265,877265,3509060,6646,41,164,238.0,0.0,238.0,303,303,152.82926829268294,7,0,1000000,3000,4
877525,877525,3510100,6647,260,1040,1830.0,0.0,1830.0,1938,1938,978.873076923077,39,0,1000000,3000,4
877561,877561,3510244,6648,36,144,244.0,0.0,244.0,308,308,157.69444444444446,7,0,1000000,3000,4
877596,877596,3510384,6649,35,140,233.0,0.0,233.0,297,297,163.5142857142857,6,0,1000000,3000,4
877765,877765,3511060,6650,169,676,720.0,0.0,720.0,810,810,485.8284023668639,17,0,1000000,3000,4
877949,877949,3511796,6651,184,736,1059.0,0.0,1059.0,1153,1153,586.9673913043479,24,0,1000000,3000,4
878128,878128,3512512,6652,179,716,1036.0,0.0,1036.0,1127,1127,609.8938547486033,23,0,1000000,3000,4
878405,878405,3513620,6653,277,1108,1676.0,0.0,1676.0,1787,1787,873.4873646209386,36,0,1000000,3000,4
878594,878594,3514376,6654,189,756,1058.0,0.0,1058.0,1153,1153,577.6507936507936,24,0,1000000,3000,4
878637,878637,3514548,6655,43,172,235.0,0.0,235.0,300,300,142.97674418604652,7,0,1000000,3000,4
878864,878864,3515456,6656,227,908,1034.0,0.0,1034.0,1136,1136,647.2114537444934,23,0,1000000,3000,4
878975,878975,3515900,6657,111,444,625.0,0.0,625.0,704,704,363.2432432432432,15,0,1000000,3000,4
879265,879265,3517060,6658,290,1160,1318.0,0.0,1318.0,1433,1433,662.2413793103449,29,0,1000000,3000,4
879394,879394,3517576,6659,129,516,598.0,0.0,598.0,680,680,377.25581395348837,14,0,1000000,3000,4
879499,879499,3517996,6660,105,420,631.0,0.0,631.0,709,709,367.3904761904762,15,0,1000000,3000,4
880360,880360,3521440,6661,861,3444,1193.0,0.0,1193.0,1422,1422,843.4274099883856,29,0,1000000,3000,4
880413,880413,3521652,6662,53,212,193.0,0.0,193.0,260,260,170.16981132075472,6,0,1000000,3000,4
880454,880454,3521816,6663,41,164,216.0,0.0,216.0,280,280,174.29268292682926,6,0,1000000,3000,4
880699,880699,3522796,6664,245,980,736.0,0.0,736.0,841,841,583.2857142857143,17,0,1000000,3000,4
880887,880887,3523548,6665,188,752,724.0,0.0,724.0,818,818,488.29787234042556,17,0,1000000,3000,4
881048,881048,3524192,6666,161,644,635.0,0.0,635.0,722,722,465.360248447205,15,0,1000000,3000,4
881157,881157,3524628,6667,109,436,613.0,0.0,613.0,690,690,370.0550458715596,14,0,1000000,3000,4
881357,881357,3525428,6668,200,800,1345.0,0.0,1345.0,1442,1442,758.99,29,0,1000000,3000,4
881472,881472,3525888,6669,115,460,601.0,0.0,601.0,681,681,376.1304347826087,14,0,1000000,3000,4
881509,881509,3526036,6670,37,148,232.0,0.0,232.0,296,296,165.02702702702703,6,0,1000000,3000,4
881714,881714,3526856,6671,205,820,1028.0,0.0,1028.0,1125,1125,632.619512195122,23,0,1000000,3000,4
881836,881836,3527344,6672,122,488,581.0,0.0,581.0,661,661,386.8524590163934,14,0,1000000,3000,4
881875,881875,3527500,6673,39,156,239.0,0.0,239.0,303,303,159.64102564102564,7,0,1000000,3000,4
881986,881986,3527944,6674,111,444,631.0,0.0,631.0,710,710,360.0810810810811,15,0,1000000,3000,4
882025,882025,3528100,6675,39,156,232.0,0.0,232.0,297,297,159.35897435897436,6,0,1000000,3000,4
882062,882062,3528248,6676,37,148,232.0,0.0,232.0,296,296,165.6216216216216,6,0,1000000,3000,4
882215,882215,3528860,6677,153,612,741.0,0.0,741.0,828,828,496.3137254901961,17,0,1000000,3000,4
882252,882252,3529008,6678,37,148,239.0,0.0,239.0,303,303,160.27027027027026,7,0,1000000,3000,4
882417,882417,3529668,6679,165,660,635.0,0.0,635.0,722,722,459.58181818181816,15,0,1000000,3000,4
882498,882498,3529992,6680,81,324,638.0,0.0,638.0,710,710,367.30864197530866,15,0,1000000,3000,4
882532,882532,3530128,6681,34,136,244.0,0.0,244.0,308,308,154.7058823529412,7,0,1000000,3000,4
882850,882850,3531400,6682,318,1272,1004.0,0.0,1004.0,1123,1124,706.188679245283,23,0,1000000,3000,4
883111,883111,3532444,6683,261,1044,1319.0,0.0,1319.0,1428,1428,707.9578544061303,29,0,1000000,3000,4
883151,883151,3532604,6684,40,160,229.0,0.0,229.0,294,294,160.125,6,0,1000000,3000,4
883252,883252,3533008,6685,101,404,619.0,0.0,619.0,697,697,389.8514851485148,14,0,1000000,3000,4
883360,883360,3533440,6686,108,432,610.0,0.0,610.0,689,689,387.48148148148147,14,0,1000000,3000,4
883400,883400,3533600,6687,40,160,233.0,0.0,233.0,296,296,160.125,6,0,1000000,3000,4
883638,883638,3534552,6688,238,952,1022.0,0.0,1022.0,1125,1125,702.1134453781513,23,0,1000000,3000,4
883833,883833,3535332,6689,195,780,1315.0,0.0,1315.0,1410,1410,695.5230769230769,29,0,1000000,3000,4
883986,883986,3535944,6690,153,612,1339.0,0.0,1339.0,1427,1427,682.6732026143791,29,0,1000000,3000,4
884081,884081,3536324,6691,95,380,626.0,0.0,626.0,702,702,354.87368421052633,15,0,1000000,3000,4
884119,884119,3536476,6692,38,152,244.0,0.0,244.0,309,309,153.1315789473684,7,0,1000000,3000,4
884184,884184,3536736,6693,65,260,608.0,0.0,608.0,678,678,330.46153846153845,14,0,1000000,3000,4
884456,884456,3537824,6694,272,1088,1121.0,0.0,1121.0,1232,1232,650.3897058823529,25,0,1000000,3000,4
884622,884622,3538488,6695,166,664,765.0,0.0,765.0,856,856,523.277108433735,18,0,1000000,3000,4
884693,884693,3538772,6696,71,284,627.0,0.0,627.0,698,698,370.11267605633805,14,0,1000000,3000,4
884839,884839,3539356,6697,146,584,776.0,0.0,776.0,863,863,535.8561643835617,18,0,1000000,3000,4
884987,884987,3539948,6698,148,592,1067.0,0.0,1067.0,1154,1154,573.8175675675676,24,0,1000000,3000,4
885147,885147,3540588,6699,160,640,750.0,0.0,750.0,839,839,523.675,17,0,1000000,3000,4
885183,885183,3540732,6700,36,144,243.0,0.0,243.0,308,308,158.91666666666666,7,0,1000000,3000,4
885262,885262,3541048,6701,79,316,642.0,0.0,642.0,715,715,384.39240506329116,15,0,1000000,3000,4
885336,885336,3541344,6702,74,296,615.0,0.0,615.0,687,687,337.94594594594594,14,0,1000000,3000,4
885431,885431,3541724,6703,95,380,631.0,0.0,631.0,707,707,362.7157894736842,15,0,1000000,3000,4
885542,885542,3542168,6704,111,444,599.0,0.0,599.0,679,679,401.72072072072075,14,0,1000000,3000,4
885620,885620,3542480,6705,78,312,628.0,0.0,628.0,700,700,378.1794871794872,15,0,1000000,3000,4
885693,885693,3542772,6706,73,292,607.0,0.0,607.0,679,679,336.5753424657534,14,0,1000000,3000,4
885963,885963,3543852,6707,270,1080,1019.0,0.0,1019.0,1128,1128,695.4740740740741,23,0,1000000,3000,4
886190,886190,3544760,6708,227,908,1028.0,0.0,1028.0,1130,1130,678.5814977973569,23,0,1000000,3000,4
886350,886350,3545400,6709,160,640,1041.0,0.0,1041.0,1128,1128,571.55,23,0,1000000,3000,4
886439,886439,3545756,6710,89,356,624.0,0.0,624.0,698,698,344.87640449438203,14,0,1000000,3000,4
886473,886473,3545892,6711,34,136,246.0,0.0,246.0,310,310,153.7941176470588,7,0,1000000,3000,4
886612,886612,3546448,6712,139,556,731.0,0.0,731.0,814,814,455.48920863309354,17,0,1000000,3000,4
886733,886733,3546932,6713,121,484,582.0,0.0,582.0,663,663,391.5206611570248,14,0,1000000,3000,4
886980,886980,3547920,6714,247,988,1312.0,0.0,1312.0,1417,1417,791.0364372469636,29,0,1000000,3000,4
887021,887021,3548084,6715,41,164,226.0,0.0,226.0,291,291,164.46341463414635,6,0,1000000,3000,4
887114,887114,3548456,6716,93,372,622.0,0.0,622.0,697,697,350.55913978494624,14,0,1000000,3000,4
887265,887265,3549060,6717,151,604,1053.0,0.0,1053.0,1140,1140,578.317880794702,23,0,1000000,3000,4
887367,887367,3549468,6718,102,408,617.0,0.0,617.0,694,694,369.3921568627451,14,0,1000000,3000,4
887464,887464,3549856,6719,97,388,634.0,0.0,634.0,711,711,353.70103092783506,15,0,1000000,3000,4
887619,887619,3550476,6720,155,620,756.0,0.0,756.0,844,844,508.4193548387097,17,0,1000000,3000,4
887731,887731,3550924,6721,112,448,626.0,0.0,626.0,706,706,351.44642857142856,15,0,1000000,3000,4
887872,887872,3551488,6722,141,564,744.0,0.0,744.0,829,829,517.3758865248227,17,0,1000000,3000,4
888082,888082,3552328,6723,210,840,1312.0,0.0,1312.0,1410,1410,707.6238095238095,29,0,1000000,3000,4
888365,888365,3553460,6724,283,1132,787.0,0.0,787.0,898,898,642.0459363957597,18,0,1000000,3000,4
888650,888650,3554600,6725,285,1140,1012.0,0.0,1012.0,1124,1124,667.280701754386,23,0,1000000,3000,4
888756,888756,3555024,6726,106,424,604.0,0.0,604.0,681,681,390.6320754716981,14,0,1000000,3000,4
888930,888930,3555720,6727,174,696,1046.0,0.0,1046.0,1137,1137,564.8390804597701,23,0,1000000,3000,4
889220,889220,3556880,6728,290,1160,1832.0,0.0,1832.0,1946,1946,972.6448275862069,39,0,1000000,3000,4
889316,889316,3557264,6729,96,384,615.0,0.0,615.0,691,691,389.96875,14,0,1000000,3000,4
889427,889427,3557708,6730,111,444,616.0,0.0,616.0,695,695,386.3873873873874,14,0,1000000,3000,4
889670,889670,3558680,6731,243,972,1301.0,0.0,1301.0,1406,1406,660.448559670782,29,0,1000000,3000,4
889752,889752,3559008,6732,82,328,615.0,0.0,615.0,689,689,401.3292682926829,14,0,1000000,3000,4
889936,889936,3559744,6733,184,736,1330.0,0.0,1330.0,1424,1424,739.0489130434783,29,0,1000000,3000,4
890215,890215,3560860,6734,279,1116,1411.0,0.0,1411.0,1523,1523,793.3655913978495,31,0,1000000,3000,4
890342,890342,3561368,6735,127,508,818.0,0.0,818.0,898,898,576.5354330708661,18,0,1000000,3000,4
890584,890584,3562336,6736,242,968,1324.0,0.0,1324.0,1430,1430,727.2314049586777,29,0,1000000,3000,4
890783,890783,3563132,6737,199,796,1324.0,0.0,1324.0,1421,1421,756.7085427135678,29,0,1000000,3000,4
890878,890878,3563512,6738,95,380,604.0,0.0,604.0,681,681,401.6736842105263,14,0,1000000,3000,4
891077,891077,3564308,6739,199,796,1032.0,0.0,1032.0,1127,1127,666.8643216080402,23,0,1000000,3000,4
891270,891270,3565080,6740,193,772,1043.0,0.0,1043.0,1138,1138,611.6269430051814,23,0,1000000,3000,4
891437,891437,3565748,6741,167,668,731.0,0.0,731.0,821,821,488.1616766467066,17,0,1000000,3000,4
891468,891468,3565872,6742,31,124,244.0,0.0,244.0,307,307,157.3548387096774,7,0,1000000,3000,4
891559,891559,3566236,6743,91,364,608.0,0.0,608.0,683,683,413.2637362637363,14,0,1000000,3000,4
891765,891765,3567060,6744,206,824,1419.0,0.0,1419.0,1517,1517,743.2961165048544,31,0,1000000,3000,4
891798,891798,3567192,6745,33,132,240.0,0.0,240.0,304,304,166.06060606060606,7,0,1000000,3000,4
891956,891956,3567824,6746,158,632,1039.0,0.0,1039.0,1125,1125,651.6012658227849,23,0,1000000,3000,4
892195,892195,3568780,6747,239,956,1919.0,0.0,1919.0,2024,2024,935.9205020920502,41,0,1000000,3000,4
892288,892288,3569152,6748,93,372,616.0,0.0,616.0,691,691,368.247311827957,14,0,1000000,3000,4
892398,892398,3569592,6749,110,440,605.0,0.0,605.0,685,685,372.54545454545456,14,0,1000000,3000,4
892540,892540,3570160,6750,142,568,815.0,0.0,815.0,898,898,560.2535211267606,18,0,1000000,3000,4
892728,892728,3570912,6751,188,752,1042.0,0.0,1042.0,1136,1136,646.5212765957447,23,0,1000000,3000,4
892765,892765,3571060,6752,37,148,242.0,0.0,242.0,307,307,151.94594594594594,7,0,1000000,3000,4
892883,892883,3571532,6753,118,472,595.0,0.0,595.0,675,675,370.3305084745763,14,0,1000000,3000,4
893096,893096,3572384,6754,213,852,1121.0,0.0,1121.0,1219,1219,715.5774647887324,25,0,1000000,3000,4
893298,893298,3573192,6755,202,808,1040.0,0.0,1040.0,1137,1137,615.5742574257425,23,0,1000000,3000,4
893396,893396,3573584,6756,98,392,604.0,0.0,604.0,680,680,384.38775510204084,14,0,1000000,3000,4
893629,893629,3574516,6757,233,932,1020.0,0.0,1020.0,1121,1122,621.6566523605151,23,0,1000000,3000,4
893851,893851,3575404,6758,222,888,1314.0,0.0,1314.0,1414,1414,738.8558558558559,29,0,1000000,3000,4
893977,893977,3575908,6759,126,504,589.0,0.0,589.0,671,671,385.5238095238095,14,0,1000000,3000,4
894083,894083,3576332,6760,106,424,617.0,0.0,617.0,695,695,384.54716981132077,14,0,1000000,3000,4
894159,894159,3576636,6761,76,304,605.0,0.0,605.0,678,678,310.8421052631579,14,0,1000000,3000,4
894204,894204,3576816,6762,45,180,227.0,0.0,227.0,292,292,158.53333333333333,6,0,1000000,3000,4
894239,894239,3576956,6763,35,140,238.0,0.0,238.0,303,303,156.22857142857143,7,0,1000000,3000,4
894342,894342,3577368,6764,103,412,622.0,0.0,622.0,699,699,362.29126213592235,14,0,1000000,3000,4
894382,894382,3577528,6765,40,160,236.0,0.0,236.0,301,301,156.575,7,0,1000000,3000,4
894542,894542,3578168,6766,160,640,1037.0,0.0,1037.0,1125,1125,576.7625,23,0,1000000,3000,4
894646,894646,3578584,6767,104,416,604.0,0.0,604.0,682,682,388.6730769230769,14,0,1000000,3000,4
894742,894742,3578968,6768,96,384,634.0,0.0,634.0,711,711,365.75,15,0,1000000,3000,4
894850,894850,3579400,6769,108,432,598.0,0.0,598.0,677,677,376.8703703703704,14,0,1000000,3000,4
895137,895137,3580548,6770,287,1148,1304.0,0.0,1304.0,1417,1417,710.8954703832752,29,0,1000000,3000,4
895236,895236,3580944,6771,99,396,621.0,0.0,621.0,698,698,331.6363636363636,14,0,1000000,3000,4
895338,895338,3581352,6772,102,408,616.0,0.0,616.0,693,693,385.88235294117646,14,0,1000000,3000,4
895439,895439,3581756,6773,101,404,620.0,0.0,620.0,698,698,376.43564356435644,14,0,1000000,3000,4
895618,895618,3582472,6774,179,716,1036.0,0.0,1036.0,1127,1127,620.5083798882681,23,0,1000000,3000,4
895730,895730,3582920,6775,112,448,716.0,0.0,716.0,795,795,453.86607142857144,16,0,1000000,3000,4
895943,895943,3583772,6776,213,852,1030.0,0.0,1030.0,1128,1128,709.7370892018779,23,0,1000000,3000,4
895975,895975,3583900,6777,32,128,249.0,0.0,249.0,312,312,150.6875,7,0,1000000,3000,4
896189,896189,3584756,6778,214,856,1419.0,0.0,1419.0,1518,1518,735.7570093457944,31,0,1000000,3000,4
896224,896224,3584896,6779,35,140,249.0,0.0,249.0,313,313,152.4,7,0,1000000,3000,4
896453,896453,3585812,6780,229,916,1037.0,0.0,1037.0,1139,1139,649.8777292576419,23,0,1000000,3000,4
896620,896620,3586480,6781,167,668,710.0,0.0,710.0,800,800,485.76646706586826,17,0,1000000,3000,4
896660,896660,3586640,6782,40,160,247.0,0.0,247.0,312,312,138.8,7,0,1000000,3000,4
896920,896920,3587680,6783,260,1040,1306.0,0.0,1306.0,1413,1413,654.7346153846154,29,0,1000000,3000,4
897060,897060,3588240,6784,140,560,640.0,0.0,640.0,722,723,522.1142857142858,15,0,1000000,3000,4
897344,897344,3589376,6785,284,1136,1320.0,0.0,1320.0,1434,1434,775.6619718309859,29,0,1000000,3000,4
897445,897445,3589780,6786,101,404,608.0,0.0,608.0,686,686,357.6831683168317,14,0,1000000,3000,4
897630,897630,3590520,6787,185,740,765.0,0.0,765.0,858,858,519.8918918918919,18,0,1000000,3000,4
897781,897781,3591124,6788,151,604,707.0,0.0,707.0,794,794,452.03973509933775,16,0,1000000,3000,4
897952,897952,3591808,6789,171,684,595.0,0.0,595.0,686,686,425.6432748538012,14,0,1000000,3000,4
898144,898144,3592576,6790,192,768,731.0,0.0,731.0,825,825,469.109375,17,0,1000000,3000,4
898315,898315,3593260,6791,171,684,1045.0,0.0,1045.0,1136,1136,566.5672514619883,23,0,1000000,3000,4
898360,898360,3593440,6792,45,180,216.0,0.0,216.0,280,280,169.62222222222223,6,0,1000000,3000,4
898467,898467,3593868,6793,107,428,601.0,0.0,601.0,679,679,381.5700934579439,14,0,1000000,3000,4
898557,898557,3594228,6794,90,360,607.0,0.0,607.0,683,683,325.5777777777778,14,0,1000000,3000,4
898896,898896,3595584,6795,339,1356,1310.0,0.0,1310.0,1435,1435,753.2300884955753,29,0,1000000,3000,4
898944,898944,3595776,6796,48,192,237.0,0.0,237.0,304,304,130.83333333333334,7,0,1000000,3000,4
899038,899038,3596152,6797,94,376,628.0,0.0,628.0,702,702,387.93617021276594,15,0,1000000,3000,4
899207,899207,3596828,6798,169,676,1038.0,0.0,1038.0,1127,1127,595.792899408284,23,0,1000000,3000,4
899405,899405,3597620,6799,198,792,1029.0,0.0,1029.0,1123,1124,578.6919191919192,23,0,1000000,3000,4
899494,899494,3597976,6800,89,356,615.0,0.0,615.0,689,689,400.3258426966292,14,0,1000000,3000,4
899610,899610,3598440,6801,116,464,614.0,0.0,614.0,694,694,411.32758620689657,14,0,1000000,3000,4
899654,899654,3598616,6802,44,176,237.0,0.0,237.0,303,303,142.47727272727272,7,0,1000000,3000,4
899764,899764,3599056,6803,110,440,626.0,0.0,626.0,706,706,374.41818181818184,15,0,1000000,3000,4
899922,899922,3599688,6804,158,632,1038.0,0.0,1038.0,1124,1124,598.9050632911392,23,0,1000000,3000,4
900191,900191,3600764,6805,269,1076,1563.0,0.0,1563.0,1673,1673,821.9628252788104,34,0,1000000,3000,4
900223,900223,3600892,6806,32,128,247.0,0.0,247.0,309,309,154.71875,7,0,1000000,3000,4
900421,900421,3601684,6807,198,792,1707.0,0.0,1707.0,1802,1802,884.0050505050505,37,0,1000000,3000,4
900451,900451,3601804,6808,30,120,248.0,0.0,248.0,312,312,151.1,7,0,1000000,3000,4
900483,900483,3601932,6809,32,128,246.0,0.0,246.0,310,310,146.375,7,0,1000000,3000,4
900560,900560,3602240,6810,77,308,618.0,0.0,618.0,691,691,342.7402597402597,14,0,1000000,3000,4
900755,900755,3603020,6811,195,780,1138.0,0.0,1138.0,1233,1233,704.7025641025641,25,0,1000000,3000,4
900786,900786,3603144,6812,31,124,250.0,0.0,250.0,314,314,155.51612903225808,7,0,1000000,3000,4
900866,900866,3603464,6813,80,320,606.0,0.0,606.0,678,678,342.0875,14,0,1000000,3000,4
900902,900902,3603608,6814,36,144,240.0,0.0,240.0,305,305,152.30555555555554,7,0,1000000,3000,4
900974,900974,3603896,6815,72,288,612.0,0.0,612.0,684,684,346.52777777777777,14,0,1000000,3000,4
901010,901010,3604040,6816,36,144,245.0,0.0,245.0,309,309,153.75,7,0,1000000,3000,4
901177,901177,3604708,6817,167,668,1047.0,0.0,1047.0,1137,1137,618.9580838323353,23,0,1000000,3000,4
901273,901273,3605092,6818,96,384,632.0,0.0,632.0,707,707,395.2916666666667,15,0,1000000,3000,4
901383,901383,3605532,6819,110,440,604.0,0.0,604.0,683,683,399.43636363636364,14,0,1000000,3000,4
901420,901420,3605680,6820,37,148,233.0,0.0,233.0,296,296,165.21621621621622,6,0,1000000,3000,4
901527,901527,3606108,6821,107,428,607.0,0.0,607.0,685,685,409.7289719626168,14,0,1000000,3000,4
901618,901618,3606472,6822,91,364,603.0,0.0,603.0,679,679,328.7912087912088,14,0,1000000,3000,4
901705,901705,3606820,6823,87,348,632.0,0.0,632.0,706,706,377.0,15,0,1000000,3000,4
901804,901804,3607216,6824,99,396,632.0,0.0,632.0,708,708,375.42424242424244,15,0,1000000,3000,4
901885,901885,3607540,6825,81,324,623.0,0.0,623.0,696,696,345.6296296296296,14,0,1000000,3000,4
902060,902060,3608240,6826,175,700,1323.0,0.0,1323.0,1414,1414,710.1542857142857,29,0,1000000,3000,4
902091,902091,3608364,6827,31,124,245.0,0.0,245.0,308,308,162.58064516129033,7,0,1000000,3000,4
902187,902187,3608748,6828,96,384,610.0,0.0,610.0,687,687,337.8541666666667,14,0,1000000,3000,4
902410,902410,3609640,6829,223,892,1315.0,0.0,1315.0,1415,1415,671.3139013452915,29,0,1000000,3000,4
902591,902591,3610364,6830,181,724,1036.0,0.0,1036.0,1128,1128,591.6077348066299,23,0,1000000,3000,4
902669,902669,3610676,6831,78,312,604.0,0.0,604.0,676,676,316.14102564102564,14,0,1000000,3000,4
902706,902706,3610824,6832,37,148,244.0,0.0,244.0,309,309,146.16216216216216,7,0,1000000,3000,4
902747,902747,3610988,6833,41,164,229.0,0.0,229.0,294,294,160.73170731707316,6,0,1000000,3000,4
902832,902832,3611328,6834,85,340,629.0,0.0,629.0,704,704,368.16470588235296,15,0,1000000,3000,4
902877,902877,3611508,6835,45,180,220.0,0.0,220.0,286,286,162.2888888888889,6,0,1000000,3000,4
902985,902985,3611940,6836,108,432,621.0,0.0,621.0,699,699,363.00925925925924,14,0,1000000,3000,4
903178,903178,3612712,6837,193,772,1145.0,0.0,1145.0,1240,1240,609.0829015544041,25,0,1000000,3000,4
903280,903280,3613120,6838,102,408,598.0,0.0,598.0,674,674,403.19607843137254,14,0,1000000,3000,4
903376,903376,3613504,6839,96,384,648.0,0.0,648.0,722,723,371.2291666666667,15,0,1000000,3000,4
903614,903614,3614456,6840,238,952,1550.0,0.0,1550.0,1654,1654,832.2563025210084,34,0,1000000,3000,4
903802,903802,3615208,6841,188,752,1323.0,0.0,1323.0,1416,1416,706.2021276595744,29,0,1000000,3000,4
903844,903844,3615376,6842,42,168,224.0,0.0,224.0,289,289,165.5,6,0,1000000,3000,4
904063,904063,3616252,6843,219,876,1028.0,0.0,1028.0,1126,1126,653.8675799086758,23,0,1000000,3000,4
904105,904105,3616420,6844,42,168,226.0,0.0,226.0,291,291,165.04761904761904,6,0,1000000,3000,4
904227,904227,3616908,6845,122,488,607.0,0.0,607.0,689,689,346.92622950819674,14,0,1000000,3000,4
904262,904262,3617048,6846,35,140,248.0,0.0,248.0,312,312,147.77142857142857,7,0,1000000,3000,4
904366,904366,3617464,6847,104,416,613.0,0.0,613.0,691,691,379.77884615384613,14,0,1000000,3000,4
904467,904467,3617868,6848,101,404,622.0,0.0,622.0,699,699,392.5247524752475,14,0,1000000,3000,4
904684,904684,3618736,6849,217,868,1324.0,0.0,1324.0,1424,1424,716.2764976958525,29,0,1000000,3000,4
904749,904749,3618996,6850,65,260,618.0,0.0,618.0,688,688,350.96923076923076,14,0,1000000,3000,4
904787,904787,3619148,6851,38,152,240.0,0.0,240.0,305,305,136.02631578947367,7,0,1000000,3000,4
904825,904825,3619300,6852,38,152,232.0,0.0,232.0,297,297,165.73684210526315,6,0,1000000,3000,4
904915,904915,3619660,6853,90,360,626.0,0.0,626.0,701,701,393.8777777777778,15,0,1000000,3000,4
904958,904958,3619832,6854,43,172,225.0,0.0,225.0,291,291,161.86046511627907,6,0,1000000,3000,4
905146,905146,3620584,6855,188,752,1036.0,0.0,1036.0,1129,1129,615.8404255319149,23,0,1000000,3000,4
905184,905184,3620736,6856,38,152,239.0,0.0,239.0,303,303,157.1315789473684,7,0,1000000,3000,4
905320,905320,3621280,6857,136,544,774.0,0.0,774.0,859,859,522.5220588235294,18,0,1000000,3000,4
905352,905352,3621408,6858,32,128,243.0,0.0,243.0,307,307,159.90625,7,0,1000000,3000,4
905464,905464,3621856,6859,112,448,624.0,0.0,624.0,704,704,374.0357142857143,15,0,1000000,3000,4
905605,905605,3622420,6860,141,564,815.0,0.0,815.0,898,898,575.5886524822695,18,0,1000000,3000,4
905643,905643,3622572,6861,38,152,242.0,0.0,242.0,307,307,156.42105263157896,7,0,1000000,3000,4
905735,905735,3622940,6862,92,368,631.0,0.0,631.0,707,707,380.69565217391306,15,0,1000000,3000,4
905890,905890,3623560,6863,155,620,1347.0,0.0,1347.0,1435,1435,686.6967741935484,29,0,1000000,3000,4
905957,905957,3623828,6864,67,268,614.0,0.0,614.0,684,684,342.2985074626866,14,0,1000000,3000,4
906146,906146,3624584,6865,189,756,1333.0,0.0,1333.0,1428,1428,722.2857142857143,29,0,1000000,3000,4
906227,906227,3624908,6866,81,324,634.0,0.0,634.0,707,707,383.2716049382716,15,0,1000000,3000,4
906259,906259,3625036,6867,32,128,235.0,0.0,235.0,299,299,166.59375,6,0,1000000,3000,4
906341,906341,3625364,6868,82,328,607.0,0.0,607.0,681,681,344.7439024390244,14,0,1000000,3000,4
906544,906544,3626176,6869,203,812,1421.0,0.0,1421.0,1518,1518,744.039408866995,31,0,1000000,3000,4
906606,906606,3626424,6870,62,248,614.0,0.0,614.0,683,683,344.98387096774195,14,0,1000000,3000,4
906673,906673,3626692,6871,67,268,608.0,0.0,608.0,679,679,322.44776119402985,14,0,1000000,3000,4
906811,906811,3627244,6872,138,552,1057.0,0.0,1057.0,1141,1141,563.0869565217391,23,0,1000000,3000,4
906949,906949,3627796,6873,138,552,1350.0,0.0,1350.0,1435,1435,737.7608695652174,29,0,1000000,3000,4
907104,907104,3628416,6874,155,620,813.0,0.0,813.0,898,899,538.8451612903226,18,0,1000000,3000,4
907316,907316,3629264,6875,212,848,1424.0,0.0,1424.0,1524,1524,752.2264150943396,31,0,1000000,3000,4
907540,907540,3630160,6876,224,896,1030.0,0.0,1030.0,1130,1130,634.2544642857143,23,0,1000000,3000,4
907796,907796,3631184,6877,256,1024,792.0,0.0,792.0,898,898,659.56640625,18,0,1000000,3000,4
907879,907879,3631516,6878,83,332,630.0,0.0,630.0,704,704,367.48192771084337,15,0,1000000,3000,4
907990,907990,3631960,6879,111,444,595.0,0.0,595.0,674,674,396.18918918918916,14,0,1000000,3000,4
908027,908027,3632108,6880,37,148,238.0,0.0,238.0,301,301,156.1081081081081,7,0,1000000,3000,4
908064,908064,3632256,6881,37,148,246.0,0.0,246.0,311,311,151.32432432432432,7,0,1000000,3000,4
908317,908317,3633268,6882,253,1012,1021.0,0.0,1021.0,1127,1127,648.9881422924901,23,0,1000000,3000,4
908506,908506,3634024,6883,189,756,1562.0,0.0,1562.0,1656,1656,824.7037037037037,34,0,1000000,3000,4
908546,908546,3634184,6884,40,160,233.0,0.0,233.0,298,298,162.35,6,0,1000000,3000,4
908651,908651,3634604,6885,105,420,627.0,0.0,627.0,704,704,388.4761904761905,15,0,1000000,3000,4
908751,908751,3635004,6886,100,400,615.0,0.0,615.0,691,691,383.86,14,0,1000000,3000,4
908994,908994,3635976,6887,243,972,760.0,0.0,760.0,866,866,614.448559670782,18,0,1000000,3000,4
909643,909643,3638572,6888,649,2596,1774.0,0.0,1774.0,1960,1960,939.0539291217258,40,0,1000000,3000,4
909748,909748,3638992,6889,105,420,604.0,0.0,604.0,682,682,397.16190476190474,14,0,1000000,3000,4
909895,909895,3639580,6890,147,588,1042.0,0.0,1042.0,1126,1126,594.6462585034013,23,0,1000000,3000,4
910276,910276,3641104,6891,381,1524,996.0,0.0,996.0,1128,1128,678.8766404199475,23,0,1000000,3000,4
910377,910377,3641508,6892,101,404,622.0,0.0,622.0,700,700,381.83168316831683,15,0,1000000,3000,4
910669,910669,3642676,6893,292,1168,785.0,0.0,785.0,898,899,618.318493150685,18,0,1000000,3000,4
910832,910832,3643328,6894,163,652,1037.0,0.0,1037.0,1124,1124,595.2024539877301,23,0,1000000,3000,4
911175,911175,3644700,6895,343,1372,1547.0,0.0,1547.0,1672,1672,795.3615160349855,34,0,1000000,3000,4
911217,911217,3644868,6896,42,168,229.0,0.0,229.0,294,294,155.35714285714286,6,0,1000000,3000,4
911445,911445,3645780,6897,228,912,798.0,0.0,798.0,898,899,613.828947368421,18,0,1000000,3000,4
911556,911556,3646224,6898,111,444,616.0,0.0,616.0,694,694,391.4594594594595,14,0,1000000,3000,4
911593,911593,3646372,6899,37,148,232.0,0.0,232.0,296,296,173.16216216216216,6,0,1000000,3000,4
911779,911779,3647116,6900,186,744,1034.0,0.0,1034.0,1126,1126,600.8118279569892,23,0,1000000,3000,4
911854,911854,3647416,6901,75,300,621.0,0.0,621.0,692,692,358.41333333333336,14,0,1000000,3000,4
911893,911893,3647572,6902,39,156,237.0,0.0,237.0,302,302,156.5897435897436,7,0,1000000,3000,4
912116,912116,3648464,6903,223,892,799.0,0.0,799.0,898,898,570.1255605381166,18,0,1000000,3000,4
912290,912290,3649160,6904,174,696,766.0,0.0,766.0,857,857,565.2758620689655,18,0,1000000,3000,4
912436,912436,3649744,6905,146,584,607.0,0.0,607.0,694,694,448.8835616438356,14,0,1000000,3000,4
912635,912635,3650540,6906,199,796,1334.0,0.0,1334.0,1431,1431,764.5175879396985,29,0,1000000,3000,4
912674,912674,3650696,6907,39,156,242.0,0.0,242.0,306,306,144.64102564102564,7,0,1000000,3000,4
912704,912704,3650816,6908,30,120,252.0,0.0,252.0,315,315,155.66666666666666,7,0,1000000,3000,4
913104,913104,3652416,6909,400,1600,1296.0,0.0,1296.0,1433,1433,707.28,29,0,1000000,3000,4
913197,913197,3652788,6910,93,372,614.0,0.0,614.0,689,689,389.78494623655916,14,0,1000000,3000,4
913227,913227,3652908,6911,30,120,250.0,0.0,250.0,312,312,157.16666666666666,7,0,1000000,3000,4
913445,913445,3653780,6912,218,872,1558.0,0.0,1558.0,1659,1659,842.8348623853211,34,0,1000000,3000,4
913541,913541,3654164,6913,96,384,634.0,0.0,634.0,710,710,388.09375,15,0,1000000,3000,4
913585,913585,3654340,6914,44,176,233.0,0.0,233.0,298,298,152.4090909090909,6,0,1000000,3000,4
913784,913784,3655136,6915,199,796,1055.0,0.0,1055.0,1152,1152,595.3718592964824,24,0,1000000,3000,4
913819,913819,3655276,6916,35,140,245.0,0.0,245.0,308,308,156.88571428571427,7,0,1000000,3000,4
913857,913857,3655428,6917,38,152,232.0,0.0,232.0,297,297,166.5,6,0,1000000,3000,4
914148,914148,3656592,6918,291,1164,1405.0,0.0,1405.0,1521,1521,739.1958762886597,31,0,1000000,3000,4
914326,914326,3657304,6919,178,712,1047.0,0.0,1047.0,1138,1138,617.9775280898876,23,0,1000000,3000,4
914505,914505,3658020,6920,179,716,725.0,0.0,725.0,817,817,470.98324022346367,17,0,1000000,3000,4
914608,914608,3658432,6921,103,412,605.0,0.0,605.0,683,683,320.07766990291265,14,0,1000000,3000,4
914711,914711,3658844,6922,103,412,625.0,0.0,625.0,702,702,359.252427184466,15,0,1000000,3000,4
914795,914795,3659180,6923,84,336,619.0,0.0,619.0,693,693,343.9761904761905,14,0,1000000,3000,4
914985,914985,3659940,6924,190,760,1035.0,0.0,1035.0,1128,1128,550.3421052631579,23,0,1000000,3000,4
915014,915014,3660056,6925,29,116,251.0,0.0,251.0,314,314,155.10344827586206,7,0,1000000,3000,4
915238,915238,3660952,6926,224,896,1301.0,0.0,1301.0,1402,1402,763.34375,29,0,1000000,3000,4
915318,915318,3661272,6927,80,320,637.0,0.0,637.0,710,710,384.475,15,0,1000000,3000,4
915555,915555,3662220,6928,237,948,1323.0,0.0,1323.0,1427,1427,712.4261603375527,29,0,1000000,3000,4
915672,915672,3662688,6929,117,468,622.0,0.0,622.0,702,702,368.4017094017094,15,0,1000000,3000,4
915704,915704,3662816,6930,32,128,243.0,0.0,243.0,306,306,162.75,7,0,1000000,3000,4
915914,915914,3663656,6931,210,840,1040.0,0.0,1040.0,1138,1138,686.5285714285715,23,0,1000000,3000,4
916123,916123,3664492,6932,209,836,1054.0,0.0,1054.0,1153,1153,553.5502392344498,24,0,1000000,3000,4
916216,916216,3664864,6933,93,372,616.0,0.0,616.0,691,691,356.3010752688172,14,0,1000000,3000,4
916323,916323,3665292,6934,107,428,610.0,0.0,610.0,689,689,368.9626168224299,14,0,1000000,3000,4
916519,916519,3666076,6935,196,784,1313.0,0.0,1313.0,1409,1409,690.8877551020408,29,0,1000000,3000,4
916566,916566,3666264,6936,47,188,219.0,0.0,219.0,286,286,156.68085106382978,6,0,1000000,3000,4
916669,916669,3666676,6937,103,412,625.0,0.0,625.0,703,703,383.5242718446602,15,0,1000000,3000,4
916899,916899,3667596,6938,230,920,1037.0,0.0,1037.0,1140,1140,607.0695652173913,23,0,1000000,3000,4
917052,917052,3668208,6939,153,612,1042.0,0.0,1042.0,1128,1128,546.1372549019608,23,0,1000000,3000,4
917258,917258,3669032,6940,206,824,767.0,0.0,767.0,866,866,519.1262135922331,18,0,1000000,3000,4
917486,917486,3669944,6941,228,912,1037.0,0.0,1037.0,1139,1139,596.4122807017544,23,0,1000000,3000,4
917672,917672,3670688,6942,186,744,806.0,0.0,806.0,898,898,533.9247311827957,18,0,1000000,3000,4
917772,917772,3671088,6943,100,400,615.0,0.0,615.0,691,691,382.41,14,0,1000000,3000,4
918023,918023,3672092,6944,251,1004,1550.0,0.0,1550.0,1658,1658,763.7290836653386,34,0,1000000,3000,4
918279,918279,3673116,6945,256,1024,1020.0,0.0,1020.0,1127,1127,601.6875,23,0,1000000,3000,4
918382,918382,3673528,6946,103,412,634.0,0.0,634.0,711,711,378.6990291262136,15,0,1000000,3000,4
918499,918499,3673996,6947,117,468,606.0,0.0,606.0,687,687,357.11965811965814,14,0,1000000,3000,4
918538,918538,3674152,6948,39,156,240.0,0.0,240.0,304,304,154.10256410256412,7,0,1000000,3000,4
918630,918630,3674520,6949,92,368,601.0,0.0,601.0,677,677,399.0217391304348,14,0,1000000,3000,4
918747,918747,3674988,6950,117,468,619.0,0.0,619.0,699,699,351.46153846153845,14,0,1000000,3000,4
918781,918781,3675124,6951,34,136,249.0,0.0,249.0,313,313,141.94117647058823,7,0,1000000,3000,4
918923,918923,3675692,6952,142,568,752.0,0.0,752.0,837,837,504.7957746478873,17,0,1000000,3000,4
918965,918965,3675860,6953,42,168,240.0,0.0,240.0,305,305,146.6904761904762,7,0,1000000,3000,4
919006,919006,3676024,6954,41,164,236.0,0.0,236.0,302,302,146.6829268292683,7,0,1000000,3000,4
919095,919095,3676380,6955,89,356,650.0,0.0,650.0,722,722,383.7191011235955,15,0,1000000,3000,4
919314,919314,3677256,6956,219,876,1320.0,0.0,1320.0,1420,1420,672.5022831050228,29,0,1000000,3000,4
919460,919460,3677840,6957,146,584,1040.0,0.0,1040.0,1124,1124,592.7397260273973,23,0,1000000,3000,4
919618,919618,3678472,6958,158,632,757.0,0.0,757.0,845,845,503.32278481012656,17,0,1000000,3000,4
919884,919884,3679536,6959,266,1064,1016.0,0.0,1016.0,1124,1124,636.8721804511279,23,0,1000000,3000,4
919963,919963,3679852,6960,79,316,614.0,0.0,614.0,687,687,313.7721518987342,14,0,1000000,3000,4
920286,920286,3681144,6961,323,1292,1902.0,0.0,1902.0,2022,2022,930.1640866873065,41,0,1000000,3000,4
920484,920484,3681936,6962,198,792,1043.0,0.0,1043.0,1138,1138,636.6414141414141,23,0,1000000,3000,4
920635,920635,3682540,6963,151,604,1038.0,0.0,1038.0,1123,1123,521.1920529801324,23,0,1000000,3000,4
920948,920948,3683792,6964,313,1252,1012.0,0.0,1012.0,1131,1131,682.6741214057508,23,0,1000000,3000,4
921015,921015,3684060,6965,67,268,200.0,0.0,200.0,269,269,139.49253731343285,6,0,1000000,3000,4
921135,921135,3684540,6966,120,480,611.0,0.0,611.0,692,692,353.84166666666664,14,0,1000000,3000,4
921384,921384,3685536,6967,249,996,1024.0,0.0,1024.0,1125,1125,513.433734939759,23,0,1000000,3000,4
921533,921533,3686132,6968,149,596,583.0,0.0,583.0,669,669,344.0872483221477,14,0,1000000,3000,4
921850,921850,3687400,6969,317,1268,1314.0,0.0,1314.0,1435,1435,649.4479495268139,29,0,1000000,3000,4
922002,922002,3688008,6970,152,608,1037.0,0.0,1037.0,1122,1122,594.4868421052631,23,0,1000000,3000,4
922058,922058,3688232,6971,56,224,205.0,0.0,205.0,272,272,157.73214285714286,6,0,1000000,3000,4
922104,922104,3688416,6972,46,184,227.0,0.0,227.0,293,293,149.69565217391303,6,0,1000000,3000,4
922152,922152,3688608,6973,48,192,237.0,0.0,237.0,302,302,131.33333333333334,7,0,1000000,3000,4
922252,922252,3689008,6974,100,400,600.0,0.0,600.0,678,678,387.92,14,0,1000000,3000,4
922303,922303,3689212,6975,51,204,216.0,0.0,216.0,283,283,155.35294117647058,6,0,1000000,3000,4
922480,922480,3689920,6976,177,708,1332.0,0.0,1332.0,1425,1425,711.1016949152543,29,0,1000000,3000,4
922524,922524,3690096,6977,44,176,229.0,0.0,229.0,295,295,148.9090909090909,6,0,1000000,3000,4
922558,922558,3690232,6978,34,136,247.0,0.0,247.0,311,311,148.26470588235293,7,0,1000000,3000,4
922654,922654,3690616,6979,96,384,606.0,0.0,606.0,682,682,397.3854166666667,14,0,1000000,3000,4
922684,922684,3690736,6980,30,120,250.0,0.0,250.0,313,313,153.53333333333333,7,0,1000000,3000,4
922715,922715,3690860,6981,31,124,245.0,0.0,245.0,309,309,157.4516129032258,7,0,1000000,3000,4
922861,922861,3691444,6982,146,584,587.0,0.0,587.0,673,673,429.56849315068496,14,0,1000000,3000,4
923306,923306,3693224,6983,445,1780,1610.0,0.0,1610.0,1755,1755,834.0247191011237,36,0,1000000,3000,4
923340,923340,3693360,6984,34,136,247.0,0.0,247.0,311,311,150.0,7,0,1000000,3000,4
923514,923514,3694056,6985,174,696,633.0,0.0,633.0,722,722,461.62068965517244,15,0,1000000,3000,4
923735,923735,3694940,6986,221,884,1035.0,0.0,1035.0,1136,1136,624.6018099547512,23,0,1000000,3000,4
923906,923906,3695624,6987,171,684,809.0,0.0,809.0,898,899,599.7134502923976,18,0,1000000,3000,4
924026,924026,3696104,6988,120,480,605.0,0.0,605.0,686,686,390.825,14,0,1000000,3000,4
924246,924246,3696984,6989,220,880,1672.0,0.0,1672.0,1773,1773,894.45,36,0,1000000,3000,4
924314,924314,3697256,6990,68,272,609.0,0.0,609.0,680,680,319.6029411764706,14,0,1000000,3000,4
924387,924387,3697548,6991,73,292,607.0,0.0,607.0,679,679,326.86301369863014,14,0,1000000,3000,4
924491,924491,3697964,6992,104,416,606.0,0.0,606.0,684,684,398.9326923076923,14,0,1000000,3000,4
924741,924741,3698964,6993,250,1000,1325.0,0.0,1325.0,1432,1432,697.068,29,0,1000000,3000,4
924829,924829,3699316,6994,88,352,633.0,0.0,633.0,708,708,362.78409090909093,15,0,1000000,3000,4
924988,924988,3699952,6995,159,636,1146.0,0.0,1146.0,1234,1234,552.8050314465409,25,0,1000000,3000,4
925124,925124,3700496,6996,136,544,1043.0,0.0,1043.0,1126,1126,567.8823529411765,23,0,1000000,3000,4
925341,925341,3701364,6997,217,868,1923.0,0.0,1923.0,2024,2024,923.483870967742,41,0,1000000,3000,4
925422,925422,3701688,6998,81,324,606.0,0.0,606.0,680,680,316.0740740740741,14,0,1000000,3000,4
925468,925468,3701872,6999,46,184,228.0,0.0,228.0,294,294,146.8913043478261,6,0,1000000,3000,4
925500,925500,3702000,7000,32,128,247.0,0.0,247.0,311,311,153.0625,7,0,1000000,3000,4
925597,925597,3702388,7001,97,388,614.0,0.0,614.0,690,690,390.41237113402065,14,0,1000000,3000,4
925684,925684,3702736,7002,87,348,629.0,0.0,629.0,703,703,358.2528735632184,15,0,1000000,3000,4
925794,925794,3703176,7003,110,440,616.0,0.0,616.0,696,696,357.40909090909093,14,0,1000000,3000,4
926106,926106,3704424,7004,312,1248,1311.0,0.0,1311.0,1431,1431,765.7724358974359,29,0,1000000,3000,4
926135,926135,3704540,7005,29,116,250.0,0.0,250.0,313,313,154.20689655172413,7,0,1000000,3000,4
926233,926233,3704932,7006,98,392,611.0,0.0,611.0,688,688,390.765306122449,14,0,1000000,3000,4
926320,926320,3705280,7007,87,348,611.0,0.0,611.0,686,686,400.44827586206895,14,0,1000000,3000,4
926410,926410,3705640,7008,90,360,611.0,0.0,611.0,687,687,355.1111111111111,14,0,1000000,3000,4
926493,926493,3705972,7009,83,332,637.0,0.0,637.0,711,711,366.3614457831325,15,0,1000000,3000,4
926709,926709,3706836,7010,216,864,1323.0,0.0,1323.0,1423,1423,737.0324074074074,29,0,1000000,3000,4
926748,926748,3706992,7011,39,156,240.0,0.0,240.0,305,305,154.0,7,0,1000000,3000,4
926831,926831,3707324,7012,83,332,622.0,0.0,622.0,696,696,346.65060240963857,14,0,1000000,3000,4
926925,926925,3707700,7013,94,376,612.0,0.0,612.0,686,686,401.468085106383,14,0,1000000,3000,4
927012,927012,3708048,7014,87,348,611.0,0.0,611.0,685,685,369.9655172413793,14,0,1000000,3000,4
927048,927048,3708192,7015,36,144,236.0,0.0,236.0,300,300,164.61111111111111,7,0,1000000,3000,4
927262,927262,3709048,7016,214,856,1030.0,0.0,1030.0,1128,1128,616.803738317757,23,0,1000000,3000,4
927291,927291,3709164,7017,29,116,251.0,0.0,251.0,314,314,160.41379310344828,7,0,1000000,3000,4
927324,927324,3709296,7018,33,132,250.0,0.0,250.0,314,314,146.3939393939394,7,0,1000000,3000,4
927467,927467,3709868,7019,143,572,760.0,0.0,760.0,846,846,528.3216783216783,17,0,1000000,3000,4
927558,927558,3710232,7020,91,364,619.0,0.0,619.0,694,694,377.2967032967033,14,0,1000000,3000,4
927590,927590,3710360,7021,32,128,249.0,0.0,249.0,313,313,145.4375,7,0,1000000,3000,4
927730,927730,3710920,7022,140,560,738.0,0.0,738.0,823,823,515.15,17,0,1000000,3000,4
927974,927974,3711896,7023,244,976,572.0,0.0,572.0,677,677,495.55737704918033,14,0,1000000,3000,4
928093,928093,3712372,7024,119,476,1049.0,0.0,1049.0,1128,1128,591.2268907563025,23,0,1000000,3000,4
928249,928249,3712996,7025,156,624,774.0,0.0,774.0,862,862,518.4423076923077,18,0,1000000,3000,4
928290,928290,3713160,7026,41,164,231.0,0.0,231.0,296,296,158.8780487804878,6,0,1000000,3000,4
928330,928330,3713320,7027,40,160,230.0,0.0,230.0,293,293,165.725,6,0,1000000,3000,4
928449,928449,3713796,7028,119,476,599.0,0.0,599.0,680,680,371.02521008403363,14,0,1000000,3000,4
928659,928659,3714636,7029,210,840,1337.0,0.0,1337.0,1436,1436,697.9285714285714,29,0,1000000,3000,4
928771,928771,3715084,7030,112,448,745.0,0.0,745.0,824,824,489.1875,17,0,1000000,3000,4
928852,928852,3715408,7031,81,324,634.0,0.0,634.0,707,707,387.61728395061726,15,0,1000000,3000,4
929003,929003,3716012,7032,151,604,755.0,0.0,755.0,843,843,529.841059602649,17,0,1000000,3000,4
929085,929085,3716340,7033,82,328,626.0,0.0,626.0,700,700,350.0487804878049,15,0,1000000,3000,4
929117,929117,3716468,7034,32,128,249.0,0.0,249.0,313,313,148.03125,7,0,1000000,3000,4
929232,929232,3716928,7035,115,460,754.0,0.0,754.0,832,832,494.6347826086957,17,0,1000000,3000,4
929395,929395,3717580,7036,163,652,597.0,0.0,597.0,687,687,429.4171779141104,14,0,1000000,3000,4
929434,929434,3717736,7037,39,156,235.0,0.0,235.0,300,300,156.76923076923077,7,0,1000000,3000,4
929464,929464,3717856,7038,30,120,250.0,0.0,250.0,314,314,153.0,7,0,1000000,3000,4
929665,929665,3718660,7039,201,804,1041.0,0.0,1041.0,1138,1138,619.2437810945273,23,0,1000000,3000,4
929937,929937,3719748,7040,272,1088,789.0,0.0,789.0,898,899,631.4595588235294,18,0,1000000,3000,4
930172,930172,3720688,7041,235,940,1021.0,0.0,1021.0,1124,1124,606.8170212765957,23,0,1000000,3000,4
930255,930255,3721020,7042,83,332,634.0,0.0,634.0,707,707,377.33734939759034,15,0,1000000,3000,4
930335,930335,3721340,7043,80,320,626.0,0.0,626.0,699,699,371.825,14,0,1000000,3000,4
930521,930521,3722084,7044,186,744,1056.0,0.0,1056.0,1151,1151,596.3655913978495,24,0,1000000,3000,4
930743,930743,3722972,7045,222,888,1328.0,0.0,1328.0,1430,1430,720.0450450450451,29,0,1000000,3000,4
930820,930820,3723280,7046,77,308,612.0,0.0,612.0,685,685,331.3766233766234,14,0,1000000,3000,4
931046,931046,3724184,7047,226,904,1139.0,0.0,1139.0,1241,1241,667.3318584070796,25,0,1000000,3000,4
931370,931370,3725480,7048,324,1296,719.0,0.0,719.0,840,840,642.4907407407408,17,0,1000000,3000,4
931484,931484,3725936,7049,114,456,597.0,0.0,597.0,676,676,394.0877192982456,14,0,1000000,3000,4
931634,931634,3726536,7050,150,600,771.0,0.0,771.0,858,858,551.26,18,0,1000000,3000,4
931706,931706,3726824,7051,72,288,606.0,0.0,606.0,677,677,329.30555555555554,14,0,1000000,3000,4
931736,931736,3726944,7052,30,120,251.0,0.0,251.0,313,313,159.26666666666668,7,0,1000000,3000,4
931948,931948,3727792,7053,212,848,1318.0,0.0,1318.0,1415,1415,745.066037735849,29,0,1000000,3000,4
932154,932154,3728616,7054,206,824,1315.0,0.0,1315.0,1411,1411,721.7864077669902,29,0,1000000,3000,4
932310,932310,3729240,7055,156,624,1346.0,0.0,1346.0,1435,1435,681.4935897435897,29,0,1000000,3000,4
932471,932471,3729884,7056,161,644,1344.0,0.0,1344.0,1434,1434,686.0621118012423,29,0,1000000,3000,4
932569,932569,3730276,7057,98,392,622.0,0.0,622.0,699,699,366.2755102040816,14,0,1000000,3000,4
932756,932756,3731024,7058,187,748,1042.0,0.0,1042.0,1136,1136,626.7807486631016,23,0,1000000,3000,4
932848,932848,3731392,7059,92,368,620.0,0.0,620.0,696,696,379.8369565217391,14,0,1000000,3000,4
932912,932912,3731648,7060,64,256,614.0,0.0,614.0,684,684,333.9375,14,0,1000000,3000,4
933001,933001,3732004,7061,89,356,637.0,0.0,637.0,711,711,378.44943820224717,15,0,1000000,3000,4
933207,933207,3732828,7062,206,824,1026.0,0.0,1026.0,1123,1123,586.0631067961165,23,0,1000000,3000,4
933236,933236,3732944,7063,29,116,247.0,0.0,247.0,309,309,159.6206896551724,7,0,1000000,3000,4
933320,933320,3733280,7064,84,336,633.0,0.0,633.0,707,707,391.51190476190476,15,0,1000000,3000,4
933350,933350,3733400,7065,30,120,244.0,0.0,244.0,308,308,156.9,7,0,1000000,3000,4
933435,933435,3733740,7066,85,340,637.0,0.0,637.0,711,711,375.0,15,0,1000000,3000,4
933624,933624,3734496,7067,189,756,1418.0,0.0,1418.0,1512,1512,732.7830687830688,31,0,1000000,3000,4
933833,933833,3735332,7068,209,836,1335.0,0.0,1335.0,1434,1434,739.4641148325359,29,0,1000000,3000,4
933902,933902,3735608,7069,69,276,623.0,0.0,623.0,694,694,353.7971014492754,14,0,1000000,3000,4
933936,933936,3735744,7070,34,136,247.0,0.0,247.0,311,311,141.08823529411765,7,0,1000000,3000,4
934095,934095,3736380,7071,159,636,1329.0,0.0,1329.0,1416,1416,672.6918238993711,29,0,1000000,3000,4
934129,934129,3736516,7072,34,136,239.0,0.0,239.0,303,303,162.41176470588235,7,0,1000000,3000,4
934229,934229,3736916,7073,100,400,602.0,0.0,602.0,678,678,404.37,14,0,1000000,3000,4
934265,934265,3737060,7074,36,144,247.0,0.0,247.0,311,311,144.58333333333334,7,0,1000000,3000,4
934295,934295,3737180,7075,30,120,246.0,0.0,246.0,310,310,157.6,7,0,1000000,3000,4
934379,934379,3737516,7076,84,336,609.0,0.0,609.0,683,683,339.6904761904762,14,0,1000000,3000,4
934476,934476,3737904,7077,97,388,594.0,0.0,594.0,670,670,401.4845360824742,14,0,1000000,3000,4
934703,934703,3738812,7078,227,908,1340.0,0.0,1340.0,1443,1443,766.5550660792951,29,0,1000000,3000,4
934734,934734,3738936,7079,31,124,246.0,0.0,246.0,310,310,148.90322580645162,7,0,1000000,3000,4
934860,934860,3739440,7080,126,504,1048.0,0.0,1048.0,1129,1129,567.2063492063492,23,0,1000000,3000,4
935130,935130,3740520,7081,270,1080,1415.0,0.0,1415.0,1526,1526,726.1296296296297,31,0,1000000,3000,4
935282,935282,3741128,7082,152,608,1345.0,0.0,1345.0,1433,1433,682.421052631579,29,0,1000000,3000,4
935450,935450,3741800,7083,168,672,1432.0,0.0,1432.0,1523,1523,717.5416666666666,31,0,1000000,3000,4
935486,935486,3741944,7084,36,144,230.0,0.0,230.0,295,295,172.80555555555554,6,0,1000000,3000,4
935573,935573,3742292,7085,87,348,608.0,0.0,608.0,683,683,353.4022988505747,14,0,1000000,3000,4
935609,935609,3742436,7086,36,144,234.0,0.0,234.0,299,299,160.5,6,0,1000000,3000,4
935644,935644,3742576,7087,35,140,230.0,0.0,230.0,294,294,162.22857142857143,6,0,1000000,3000,4
935678,935678,3742712,7088,34,136,236.0,0.0,236.0,300,300,169.52941176470588,7,0,1000000,3000,4
935763,935763,3743052,7089,85,340,626.0,0.0,626.0,700,700,387.11764705882354,15,0,1000000,3000,4
935796,935796,3743184,7090,33,132,245.0,0.0,245.0,309,309,163.33333333333334,7,0,1000000,3000,4
935828,935828,3743312,7091,32,128,241.0,0.0,241.0,304,304,161.6875,7,0,1000000,3000,4
935859,935859,3743436,7092,31,124,247.0,0.0,247.0,311,311,150.61290322580646,7,0,1000000,3000,4
936008,936008,3744032,7093,149,596,759.0,0.0,759.0,846,846,556.8053691275168,17,0,1000000,3000,4
936079,936079,3744316,7094,71,284,606.0,0.0,606.0,678,678,324.5774647887324,14,0,1000000,3000,4
936176,936176,3744704,7095,97,388,590.0,0.0,590.0,666,666,408.12371134020617,14,0,1000000,3000,4
936263,936263,3745052,7096,87,348,619.0,0.0,619.0,693,693,396.51724137931035,14,0,1000000,3000,4
936355,936355,3745420,7097,92,368,621.0,0.0,621.0,697,697,398.44565217391306,14,0,1000000,3000,4
936390,936390,3745560,7098,35,140,235.0,0.0,235.0,298,298,165.5142857142857,6,0,1000000,3000,4
936534,936534,3746136,7099,144,576,1045.0,0.0,1045.0,1129,1129,568.7777777777778,23,0,1000000,3000,4
936732,936732,3746928,7100,198,792,1030.0,0.0,1030.0,1125,1125,632.6919191919192,23,0,1000000,3000,4
936762,936762,3747048,7101,30,120,251.0,0.0,251.0,315,315,156.06666666666666,7,0,1000000,3000,4
936791,936791,3747164,7102,29,116,250.0,0.0,250.0,313,313,156.58620689655172,7,0,1000000,3000,4
936825,936825,3747300,7103,34,136,244.0,0.0,244.0,308,308,164.2941176470588,7,0,1000000,3000,4
937000,937000,3748000,7104,175,700,1036.0,0.0,1036.0,1126,1126,630.5428571428571,23,0,1000000,3000,4
937256,937256,3749024,7105,256,1024,1311.0,0.0,1311.0,1419,1419,691.95703125,29,0,1000000,3000,4
937427,937427,3749708,7106,171,684,1037.0,0.0,1037.0,1128,1128,568.0701754385965,23,0,1000000,3000,4
937848,937848,3751392,7107,421,1684,1794.0,0.0,1794.0,1935,1935,905.6437054631829,39,0,1000000,3000,4
938105,938105,3752420,7108,257,1028,1324.0,0.0,1324.0,1433,1433,719.4280155642024,29,0,1000000,3000,4
938379,938379,3753516,7109,274,1096,1557.0,0.0,1557.0,1669,1669,746.1605839416059,34,0,1000000,3000,4
938445,938445,3753780,7110,66,264,605.0,0.0,605.0,676,676,304.3636363636364,14,0,1000000,3000,4
938516,938516,3754064,7111,71,284,619.0,0.0,619.0,691,691,340.4366197183099,14,0,1000000,3000,4
938560,938560,3754240,7112,44,176,220.0,0.0,220.0,284,284,170.5681818181818,6,0,1000000,3000,4
938816,938816,3755264,7113,256,1024,1682.0,0.0,1682.0,1791,1791,924.484375,36,0,1000000,3000,4
938891,938891,3755564,7114,75,300,621.0,0.0,621.0,692,692,344.4266666666667,14,0,1000000,3000,4
938992,938992,3755968,7115,101,404,602.0,0.0,602.0,680,680,387.1089108910891,14,0,1000000,3000,4
939114,939114,3756456,7116,122,488,578.0,0.0,578.0,659,659,408.6311475409836,14,0,1000000,3000,4
939202,939202,3756808,7117,88,352,632.0,0.0,632.0,707,707,380.34090909090907,15,0,1000000,3000,4
939434,939434,3757736,7118,232,928,1136.0,0.0,1136.0,1240,1240,598.3318965517242,25,0,1000000,3000,4
939474,939474,3757896,7119,40,160,222.0,0.0,222.0,286,286,171.975,6,0,1000000,3000,4
939512,939512,3758048,7120,38,152,240.0,0.0,240.0,305,305,155.76315789473685,7,0,1000000,3000,4
939673,939673,3758692,7121,161,644,635.0,0.0,635.0,722,722,488.5031055900621,15,0,1000000,3000,4
939808,939808,3759232,7122,135,540,1067.0,0.0,1067.0,1151,1151,579.3037037037037,24,0,1000000,3000,4
939842,939842,3759368,7123,34,136,249.0,0.0,249.0,313,313,146.7941176470588,7,0,1000000,3000,4
939875,939875,3759500,7124,33,132,239.0,0.0,239.0,302,302,159.0909090909091,7,0,1000000,3000,4
940050,940050,3760200,7125,175,700,1037.0,0.0,1037.0,1128,1128,626.8342857142857,23,0,1000000,3000,4
940089,940089,3760356,7126,39,156,238.0,0.0,238.0,303,303,154.71794871794873,7,0,1000000,3000,4
940330,940330,3761320,7127,241,964,1395.0,0.0,1395.0,1499,1499,765.551867219917,30,0,1000000,3000,4
940501,940501,3762004,7128,171,684,727.0,0.0,727.0,818,818,519.561403508772,17,0,1000000,3000,4
940585,940585,3762340,7129,84,336,614.0,0.0,614.0,688,688,326.4761904761905,14,0,1000000,3000,4
940736,940736,3762944,7130,151,604,752.0,0.0,752.0,840,840,506.27152317880797,17,0,1000000,3000,4
940775,940775,3763100,7131,39,156,236.0,0.0,236.0,300,300,155.15384615384616,7,0,1000000,3000,4
940968,940968,3763872,7132,193,772,1320.0,0.0,1320.0,1413,1413,721.6424870466321,29,0,1000000,3000,4
941068,941068,3764272,7133,100,400,605.0,0.0,605.0,683,683,388.69,14,0,1000000,3000,4
941108,941108,3764432,7134,40,160,229.0,0.0,229.0,294,294,163.125,6,0,1000000,3000,4
941252,941252,3765008,7135,144,576,744.0,0.0,744.0,829,829,484.43055555555554,17,0,1000000,3000,4
941408,941408,3765632,7136,156,624,1038.0,0.0,1038.0,1124,1124,552.275641025641,23,0,1000000,3000,4
941439,941439,3765756,7137,31,124,251.0,0.0,251.0,315,315,153.1290322580645,7,0,1000000,3000,4
941524,941524,3766096,7138,85,340,617.0,0.0,617.0,691,691,326.50588235294117,14,0,1000000,3000,4
941564,941564,3766256,7139,40,160,238.0,0.0,238.0,303,303,146.4,7,0,1000000,3000,4
941759,941759,3767036,7140,195,780,1034.0,0.0,1034.0,1129,1129,671.0410256410256,23,0,1000000,3000,4
941951,941951,3767804,7141,192,768,1137.0,0.0,1137.0,1232,1232,673.15625,25,0,1000000,3000,4
942069,942069,3768276,7142,118,472,609.0,0.0,609.0,690,690,387.9406779661017,14,0,1000000,3000,4
942116,942116,3768464,7143,47,188,217.0,0.0,217.0,283,283,169.80851063829786,6,0,1000000,3000,4
942226,942226,3768904,7144,110,440,601.0,0.0,601.0,680,680,392.1090909090909,14,0,1000000,3000,4
942263,942263,3769052,7145,37,148,241.0,0.0,241.0,306,306,156.0,7,0,1000000,3000,4
942300,942300,3769200,7146,37,148,248.0,0.0,248.0,313,313,146.1891891891892,7,0,1000000,3000,4
942333,942333,3769332,7147,33,132,242.0,0.0,242.0,305,305,162.06060606060606,7,0,1000000,3000,4
942372,942372,3769488,7148,39,156,238.0,0.0,238.0,303,303,148.23076923076923,7,0,1000000,3000,4
942457,942457,3769828,7149,85,340,611.0,0.0,611.0,684,684,343.90588235294115,14,0,1000000,3000,4
942495,942495,3769980,7150,38,152,239.0,0.0,239.0,303,303,148.57894736842104,7,0,1000000,3000,4
942524,942524,3770096,7151,29,116,247.0,0.0,247.0,310,310,152.3793103448276,7,0,1000000,3000,4
942555,942555,3770220,7152,31,124,248.0,0.0,248.0,312,312,151.61290322580646,7,0,1000000,3000,4
942654,942654,3770616,7153,99,396,613.0,0.0,613.0,688,688,344.8181818181818,14,0,1000000,3000,4
942692,942692,3770768,7154,38,152,243.0,0.0,243.0,308,308,151.76315789473685,7,0,1000000,3000,4
942907,942907,3771628,7155,215,860,1039.0,0.0,1039.0,1139,1139,625.2418604651162,23,0,1000000,3000,4
942953,942953,3771812,7156,46,184,222.0,0.0,222.0,288,288,158.0,6,0,1000000,3000,4
943076,943076,3772304,7157,123,492,588.0,0.0,588.0,669,669,378.4552845528455,14,0,1000000,3000,4
943117,943117,3772468,7158,41,164,245.0,0.0,245.0,311,311,140.73170731707316,7,0,1000000,3000,4
943228,943228,3772912,7159,111,444,608.0,0.0,608.0,688,688,375.73873873873873,14,0,1000000,3000,4
943266,943266,3773064,7160,38,152,238.0,0.0,238.0,301,301,155.28947368421052,7,0,1000000,3000,4
943314,943314,3773256,7161,48,192,224.0,0.0,224.0,289,289,150.66666666666666,6,0,1000000,3000,4
943354,943354,3773416,7162,40,160,234.0,0.0,234.0,300,300,148.75,7,0,1000000,3000,4
943477,943477,3773908,7163,123,492,729.0,0.0,729.0,810,810,461.9512195121951,17,0,1000000,3000,4
943699,943699,3774796,7164,222,888,1026.0,0.0,1026.0,1126,1126,624.2612612612612,23,0,1000000,3000,4
944040,944040,3776160,7165,341,1364,1301.0,0.0,1301.0,1426,1426,743.1700879765395,29,0,1000000,3000,4
944304,944304,3777216,7166,264,1056,1301.0,0.0,1301.0,1410,1410,699.1628787878788,29,0,1000000,3000,4
944417,944417,3777668,7167,113,452,584.0,0.0,584.0,662,662,392.85840707964604,14,0,1000000,3000,4
944521,944521,3778084,7168,104,416,629.0,0.0,629.0,707,707,347.0,15,0,1000000,3000,4
944745,944745,3778980,7169,224,896,799.0,0.0,799.0,898,899,553.7321428571429,18,0,1000000,3000,4
944882,944882,3779528,7170,137,548,591.0,0.0,591.0,675,675,364.48175182481754,14,0,1000000,3000,4
944922,944922,3779688,7171,40,160,236.0,0.0,236.0,302,302,143.575,7,0,1000000,3000,4
945160,945160,3780640,7172,238,952,1031.0,0.0,1031.0,1135,1135,624.5168067226891,23,0,1000000,3000,4
945205,945205,3780820,7173,45,180,220.0,0.0,220.0,285,285,169.44444444444446,6,0,1000000,3000,4
945259,945259,3781036,7174,54,216,231.0,0.0,231.0,299,299,131.6851851851852,6,0,1000000,3000,4
945600,945600,3782400,7175,341,1364,1308.0,0.0,1308.0,1434,1434,754.6803519061583,29,0,1000000,3000,4
945777,945777,3783108,7176,177,708,808.0,0.0,808.0,898,898,536.2033898305085,18,0,1000000,3000,4
945825,945825,3783300,7177,48,192,229.0,0.0,229.0,295,295,143.54166666666666,6,0,1000000,3000,4
946050,946050,3784200,7178,225,900,1310.0,0.0,1310.0,1411,1411,618.2711111111112,29,0,1000000,3000,4
946148,946148,3784592,7179,98,392,605.0,0.0,605.0,680,680,395.6938775510204,14,0,1000000,3000,4
946489,946489,3785956,7180,341,1364,1292.0,0.0,1292.0,1415,1415,740.633431085044,29,0,1000000,3000,4
946865,946865,3787460,7181,376,1504,768.0,0.0,768.0,898,898,639.4122340425532,18,0,1000000,3000,4
947002,947002,3788008,7182,137,548,620.0,0.0,620.0,703,703,345.6204379562044,15,0,1000000,3000,4
947296,947296,3789184,7183,294,1176,785.0,0.0,785.0,898,898,624.547619047619,18,0,1000000,3000,4
947334,947334,3789336,7184,38,152,231.0,0.0,231.0,295,295,167.10526315789474,6,0,1000000,3000,4
947376,947376,3789504,7185,42,168,229.0,0.0,229.0,294,294,158.5952380952381,6,0,1000000,3000,4
947509,947509,3790036,7186,133,532,592.0,0.0,592.0,674,674,449.90977443609023,14,0,1000000,3000,4
947552,947552,3790208,7187,43,172,230.0,0.0,230.0,295,295,152.95348837209303,6,0,1000000,3000,4
947808,947808,3791232,7188,256,1024,1324.0,0.0,1324.0,1433,1433,706.6484375,29,0,1000000,3000,4
947852,947852,3791408,7189,44,176,214.0,0.0,214.0,278,278,177.79545454545453,6,0,1000000,3000,4
948054,948054,3792216,7190,202,808,717.0,0.0,717.0,815,815,564.0,17,0,1000000,3000,4
948147,948147,3792588,7191,93,372,596.0,0.0,596.0,670,670,412.741935483871,14,0,1000000,3000,4
948253,948253,3793012,7192,106,424,606.0,0.0,606.0,683,683,396.2169811320755,14,0,1000000,3000,4
948453,948453,3793812,7193,200,800,1133.0,0.0,1133.0,1228,1228,675.69,25,0,1000000,3000,4
948692,948692,3794768,7194,239,956,1022.0,0.0,1022.0,1125,1125,649.1046025104603,23,0,1000000,3000,4
948887,948887,3795548,7195,195,780,1035.0,0.0,1035.0,1128,1128,590.4461538461538,23,0,1000000,3000,4
949163,949163,3796652,7196,276,1104,1022.0,0.0,1022.0,1134,1134,631.8768115942029,23,0,1000000,3000,4
949379,949379,3797516,7197,216,864,800.0,0.0,800.0,898,898,529.3379629629629,18,0,1000000,3000,4
949520,949520,3798080,7198,141,564,733.0,0.0,733.0,818,818,484.97163120567376,17,0,1000000,3000,4
949827,949827,3799308,7199,307,1228,1011.0,0.0,1011.0,1128,1128,669.1921824104235,23,0,1000000,3000,4
950148,950148,3800592,7200,321,1284,1008.0,0.0,1008.0,1128,1128,629.816199376947,23,0,1000000,3000,4
950181,950181,3800724,7201,33,132,240.0,0.0,240.0,304,304,152.96969696969697,7,0,1000000,3000,4
950382,950382,3801528,7202,201,804,793.0,0.0,793.0,890,890,541.9303482587064,18,0,1000000,3000,4
950485,950485,3801940,7203,103,412,596.0,0.0,596.0,674,674,405.1650485436893,14,0,1000000,3000,4
950522,950522,3802088,7204,37,148,231.0,0.0,231.0,295,295,161.21621621621622,6,0,1000000,3000,4
950801,950801,3803204,7205,279,1116,1017.0,0.0,1017.0,1127,1127,675.247311827957,23,0,1000000,3000,4
950963,950963,3803852,7206,162,648,1062.0,0.0,1062.0,1152,1152,565.2777777777778,24,0,1000000,3000,4
951050,951050,3804200,7207,87,348,627.0,0.0,627.0,701,701,380.3333333333333,15,0,1000000,3000,4
951216,951216,3804864,7208,166,664,740.0,0.0,740.0,829,829,526.144578313253,17,0,1000000,3000,4
951461,951461,3805844,7209,245,980,1311.0,0.0,1311.0,1416,1416,745.6775510204081,29,0,1000000,3000,4
951495,951495,3805980,7210,34,136,240.0,0.0,240.0,303,303,166.38235294117646,7,0,1000000,3000,4
951612,951612,3806448,7211,117,468,596.0,0.0,596.0,677,677,379.9145299145299,14,0,1000000,3000,4
951826,951826,3807304,7212,214,856,1343.0,0.0,1343.0,1443,1443,735.8224299065421,29,0,1000000,3000,4
951984,951984,3807936,7213,158,632,621.0,0.0,621.0,708,708,468.75949367088606,15,0,1000000,3000,4
952103,952103,3808412,7214,119,476,600.0,0.0,600.0,680,680,388.781512605042,14,0,1000000,3000,4
952269,952269,3809076,7215,166,664,634.0,0.0,634.0,722,722,477.9457831325301,15,0,1000000,3000,4
952310,952310,3809240,7216,41,164,237.0,0.0,237.0,302,302,152.46341463414635,7,0,1000000,3000,4
952687,952687,3810748,7217,377,1508,1817.0,0.0,1817.0,1949,1949,976.7665782493368,39,0,1000000,3000,4
952863,952863,3811452,7218,176,704,708.0,0.0,708.0,800,800,464.17045454545456,17,0,1000000,3000,4
953061,953061,3812244,7219,198,792,1031.0,0.0,1031.0,1126,1126,589.959595959596,23,0,1000000,3000,4
953099,953099,3812396,7220,38,152,234.0,0.0,234.0,298,298,163.39473684210526,6,0,1000000,3000,4
953335,953335,3813340,7221,236,944,1309.0,0.0,1309.0,1411,1411,715.7669491525423,29,0,1000000,3000,4
953376,953376,3813504,7222,41,164,229.0,0.0,229.0,295,295,157.09756097560975,6,0,1000000,3000,4
953482,953482,3813928,7223,106,424,605.0,0.0,605.0,684,684,386.87735849056605,14,0,1000000,3000,4
953599,953599,3814396,7224,117,468,593.0,0.0,593.0,673,673,376.04273504273505,14,0,1000000,3000,4
953782,953782,3815128,7225,183,732,1032.0,0.0,1032.0,1123,1124,565.9125683060109,23,0,1000000,3000,4
953828,953828,3815312,7226,46,184,219.0,0.0,219.0,285,285,161.7608695652174,6,0,1000000,3000,4
953933,953933,3815732,7227,105,420,596.0,0.0,596.0,673,673,394.3904761904762,14,0,1000000,3000,4
953973,953973,3815892,7228,40,160,231.0,0.0,231.0,296,296,158.3,6,0,1000000,3000,4
954081,954081,3816324,7229,108,432,605.0,0.0,605.0,683,683,402.0462962962963,14,0,1000000,3000,4
954187,954187,3816748,7230,106,424,621.0,0.0,621.0,699,699,369.6320754716981,14,0,1000000,3000,4
954447,954447,3817788,7231,260,1040,1030.0,0.0,1030.0,1138,1138,657.9230769230769,23,0,1000000,3000,4
954484,954484,3817936,7232,37,148,243.0,0.0,243.0,307,307,160.59459459459458,7,0,1000000,3000,4
954684,954684,3818736,7233,200,800,1034.0,0.0,1034.0,1131,1131,586.65,23,0,1000000,3000,4
954727,954727,3818908,7234,43,172,218.0,0.0,218.0,282,282,168.65116279069767,6,0,1000000,3000,4
954763,954763,3819052,7235,36,144,242.0,0.0,242.0,307,307,159.19444444444446,7,0,1000000,3000,4
954933,954933,3819732,7236,170,680,1154.0,0.0,1154.0,1245,1245,621.1882352941177,25,0,1000000,3000,4
955089,955089,3820356,7237,156,624,610.0,0.0,610.0,696,722,526.5,15,0,1000000,3000,4
955306,955306,3821224,7238,217,868,727.0,0.0,727.0,828,828,504.48387096774195,17,0,1000000,3000,4
955415,955415,3821660,7239,109,436,605.0,0.0,605.0,682,682,384.61467889908255,14,0,1000000,3000,4
955620,955620,3822480,7240,205,820,1031.0,0.0,1031.0,1126,1126,592.8731707317073,23,0,1000000,3000,4
955806,955806,3823224,7241,186,744,596.0,0.0,596.0,690,690,428.9301075268817,14,0,1000000,3000,4
956119,956119,3824476,7242,313,1252,1021.0,0.0,1021.0,1140,1140,583.5846645367412,23,0,1000000,3000,4
956460,956460,3825840,7243,341,1364,1283.0,0.0,1283.0,1408,1408,668.3196480938417,29,0,1000000,3000,4
956525,956525,3826100,7244,65,260,217.0,0.0,217.0,286,286,123.06153846153846,6,0,1000000,3000,4
956720,956720,3826880,7245,195,780,1031.0,0.0,1031.0,1125,1125,602.5692307692308,23,0,1000000,3000,4
956848,956848,3827392,7246,128,512,579.0,0.0,579.0,661,661,360.8828125,14,0,1000000,3000,4
956892,956892,3827568,7247,44,176,226.0,0.0,226.0,290,290,157.63636363636363,6,0,1000000,3000,4
957128,957128,3828512,7248,236,944,1034.0,0.0,1034.0,1138,1138,621.1779661016949,23,0,1000000,3000,4
957348,957348,3829392,7249,220,880,1026.0,0.0,1026.0,1125,1125,650.1681818181818,23,0,1000000,3000,4
957591,957591,3830364,7250,243,972,795.0,0.0,795.0,898,898,579.0905349794239,18,0,1000000,3000,4
957771,957771,3831084,7251,180,720,632.0,0.0,632.0,722,722,473.10555555555555,15,0,1000000,3000,4
957817,957817,3831268,7252,46,184,230.0,0.0,230.0,296,296,147.69565217391303,6,0,1000000,3000,4
957956,957956,3831824,7253,139,556,580.0,0.0,580.0,663,663,353.0143884892086,14,0,1000000,3000,4
957998,957998,3831992,7254,42,168,232.0,0.0,232.0,297,297,151.95238095238096,6,0,1000000,3000,4
958049,958049,3832196,7255,51,204,210.0,0.0,210.0,277,277,154.80392156862746,6,0,1000000,3000,4
958158,958158,3832632,7256,109,436,606.0,0.0,606.0,684,684,369.57798165137615,14,0,1000000,3000,4
958413,958413,3833652,7257,255,1020,1135.0,0.0,1135.0,1243,1243,633.5058823529412,25,0,1000000,3000,4
958530,958530,3834120,7258,117,468,616.0,0.0,616.0,696,696,353.45299145299145,14,0,1000000,3000,4
958809,958809,3835236,7259,279,1116,1414.0,0.0,1414.0,1527,1527,719.8530465949821,31,0,1000000,3000,4
959041,959041,3836164,7260,232,928,1032.0,0.0,1032.0,1135,1135,642.5,23,0,1000000,3000,4
959292,959292,3837168,7261,251,1004,1030.0,0.0,1030.0,1137,1137,630.6812749003984,23,0,1000000,3000,4
959328,959328,3837312,7262,36,144,249.0,0.0,249.0,313,313,149.36111111111111,7,0,1000000,3000,4
959487,959487,3837948,7263,159,636,812.0,0.0,812.0,898,898,550.9622641509434,18,0,1000000,3000,4
959696,959696,3838784,7264,209,836,1317.0,0.0,1317.0,1415,1415,738.8947368421053,29,0,1000000,3000,4
959860,959860,3839440,7265,164,656,1040.0,0.0,1040.0,1128,1128,532.4268292682926,23,0,1000000,3000,4
960281,960281,3841124,7266,421,1684,988.0,0.0,988.0,1128,1128,661.5748218527316,23,0,1000000,3000,4
960594,960594,3842376,7267,313,1252,1012.0,0.0,1012.0,1131,1131,625.0638977635783,23,0,1000000,3000,4
960635,960635,3842540,7268,41,164,235.0,0.0,235.0,300,300,154.17073170731706,7,0,1000000,3000,4
960902,960902,3843608,7269,267,1068,1298.0,0.0,1298.0,1408,1408,682.1685393258427,29,0,1000000,3000,4
960947,960947,3843788,7270,45,180,229.0,0.0,229.0,294,294,150.11111111111111,6,0,1000000,3000,4
961187,961187,3844748,7271,240,960,1029.0,0.0,1029.0,1133,1133,614.275,23,0,1000000,3000,4
961442,961442,3845768,7272,255,1020,1024.0,0.0,1024.0,1131,1131,623.0039215686274,23,0,1000000,3000,4
961483,961483,3845932,7273,41,164,232.0,0.0,232.0,297,297,158.609756097561,6,0,1000000,3000,4
961590,961590,3846360,7274,107,428,631.0,0.0,631.0,709,709,366.6448598130841,15,0,1000000,3000,4
961630,961630,3846520,7275,40,160,230.0,0.0,230.0,295,295,160.125,6,0,1000000,3000,4
961754,961754,3847016,7276,124,496,588.0,0.0,588.0,669,669,367.5725806451613,14,0,1000000,3000,4
961890,961890,3847560,7277,136,544,570.0,0.0,570.0,654,654,392.2352941176471,14,0,1000000,3000,4
962079,962079,3848316,7278,189,756,586.0,0.0,586.0,680,680,450.76719576719574,14,0,1000000,3000,4
962299,962299,3849196,7279,220,880,1033.0,0.0,1033.0,1133,1133,570.3363636363637,23,0,1000000,3000,4
962345,962345,3849380,7280,46,184,217.0,0.0,217.0,282,282,169.54347826086956,6,0,1000000,3000,4
962738,962738,3850952,7281,393,1572,998.0,0.0,998.0,1133,1133,680.7277353689567,23,0,1000000,3000,4
963050,963050,3852200,7282,312,1248,1021.0,0.0,1021.0,1139,1139,736.1730769230769,23,0,1000000,3000,4
963168,963168,3852672,7283,118,472,585.0,0.0,585.0,665,665,383.66101694915255,14,0,1000000,3000,4
963408,963408,3853632,7284,240,960,1037.0,0.0,1037.0,1141,1141,602.85,23,0,1000000,3000,4
963555,963555,3854220,7285,147,588,585.0,0.0,585.0,671,671,425.2312925170068,14,0,1000000,3000,4
963849,963849,3855396,7286,294,1176,1312.0,0.0,1312.0,1426,1426,742.3401360544218,29,0,1000000,3000,4
963890,963890,3855560,7287,41,164,232.0,0.0,232.0,298,298,163.17073170731706,6,0,1000000,3000,4
963928,963928,3855712,7288,38,152,239.0,0.0,239.0,303,303,156.8684210526316,7,0,1000000,3000,4
964007,964007,3856028,7289,79,316,652.0,0.0,652.0,722,722,365.59493670886076,15,0,1000000,3000,4
964236,964236,3856944,7290,229,916,1320.0,0.0,1320.0,1422,1422,691.9082969432314,29,0,1000000,3000,4
964401,964401,3857604,7291,165,660,810.0,0.0,810.0,898,898,549.0727272727273,18,0,1000000,3000,4
964478,964478,3857912,7292,77,308,625.0,0.0,625.0,697,697,361.4025974025974,14,0,1000000,3000,4
964689,964689,3858756,7293,211,844,1573.0,0.0,1573.0,1673,1673,784.8625592417062,34,0,1000000,3000,4
964722,964722,3858888,7294,33,132,243.0,0.0,243.0,307,307,158.1818181818182,7,0,1000000,3000,4
964812,964812,3859248,7295,90,360,622.0,0.0,622.0,696,696,381.9222222222222,14,0,1000000,3000,4
964978,964978,3859912,7296,166,664,810.0,0.0,810.0,898,898,579.566265060241,18,0,1000000,3000,4
965148,965148,3860592,7297,170,680,1044.0,0.0,1044.0,1135,1135,599.7,23,0,1000000,3000,4
965322,965322,3861288,7298,174,696,1037.0,0.0,1037.0,1126,1126,583.4080459770115,23,0,1000000,3000,4
965612,965612,3862448,7299,290,1160,1015.0,0.0,1015.0,1128,1128,664.3482758620689,23,0,1000000,3000,4
965646,965646,3862584,7300,34,136,237.0,0.0,237.0,300,300,170.55882352941177,7,0,1000000,3000,4
965878,965878,3863512,7301,232,928,1561.0,0.0,1561.0,1663,1663,847.1896551724138,34,0,1000000,3000,4
965919,965919,3863676,7302,41,164,229.0,0.0,229.0,294,294,160.65853658536585,6,0,1000000,3000,4
966084,966084,3864336,7303,165,660,1042.0,0.0,1042.0,1132,1132,570.1939393939394,23,0,1000000,3000,4
966291,966291,3865164,7304,207,828,1312.0,0.0,1312.0,1410,1410,761.3864734299517,29,0,1000000,3000,4
966416,966416,3865664,7305,125,500,603.0,0.0,603.0,685,685,393.336,14,0,1000000,3000,4
966542,966542,3866168,7306,126,504,626.0,0.0,626.0,709,709,365.46031746031747,15,0,1000000,3000,4
966719,966719,3866876,7307,177,708,1036.0,0.0,1036.0,1127,1127,573.8135593220339,23,0,1000000,3000,4
966937,966937,3867748,7308,218,872,1038.0,0.0,1038.0,1138,1138,589.9908256880734,23,0,1000000,3000,4
967063,967063,3868252,7309,126,504,607.0,0.0,607.0,690,690,380.4047619047619,14,0,1000000,3000,4
967178,967178,3868712,7310,115,460,627.0,0.0,627.0,706,706,373.7130434782609,15,0,1000000,3000,4
967266,967266,3869064,7311,88,352,630.0,0.0,630.0,705,705,375.22727272727275,15,0,1000000,3000,4
967305,967305,3869220,7312,39,156,235.0,0.0,235.0,300,300,160.25641025641025,7,0,1000000,3000,4
967346,967346,3869384,7313,41,164,233.0,0.0,233.0,298,298,155.65853658536585,6,0,1000000,3000,4
967390,967390,3869560,7314,44,176,220.0,0.0,220.0,286,286,160.95454545454547,6,0,1000000,3000,4
967605,967605,3870420,7315,215,860,1415.0,0.0,1415.0,1514,1514,741.3581395348838,31,0,1000000,3000,4
967774,967774,3871096,7316,169,676,732.0,0.0,732.0,821,821,470.5266272189349,17,0,1000000,3000,4
967814,967814,3871256,7317,40,160,222.0,0.0,222.0,286,286,173.7,6,0,1000000,3000,4
967855,967855,3871420,7318,41,164,233.0,0.0,233.0,299,299,150.3658536585366,6,0,1000000,3000,4
967894,967894,3871576,7319,39,156,236.0,0.0,236.0,301,301,152.28205128205127,7,0,1000000,3000,4
967991,967991,3871964,7320,97,388,614.0,0.0,614.0,690,690,372.319587628866,14,0,1000000,3000,4
968077,968077,3872308,7321,86,344,637.0,0.0,637.0,711,711,366.74418604651163,15,0,1000000,3000,4
968114,968114,3872456,7322,37,148,235.0,0.0,235.0,299,299,161.59459459459458,6,0,1000000,3000,4
968156,968156,3872624,7323,42,168,233.0,0.0,233.0,298,298,153.92857142857142,6,0,1000000,3000,4
968194,968194,3872776,7324,38,152,236.0,0.0,236.0,300,300,158.28947368421052,7,0,1000000,3000,4
968410,968410,3873640,7325,216,864,1027.0,0.0,1027.0,1126,1126,636.7407407407408,23,0,1000000,3000,4
968601,968601,3874404,7326,191,764,1033.0,0.0,1033.0,1127,1127,611.0942408376964,23,0,1000000,3000,4
968924,968924,3875696,7327,323,1292,1890.0,0.0,1890.0,2010,2010,958.3219814241486,41,0,1000000,3000,4
968965,968965,3875860,7328,41,164,232.0,0.0,232.0,298,298,156.02439024390245,6,0,1000000,3000,4
969180,969180,3876720,7329,215,860,1039.0,0.0,1039.0,1138,1138,553.8465116279069,23,0,1000000,3000,4
969286,969286,3877144,7330,106,424,626.0,0.0,626.0,704,704,362.6320754716981,15,0,1000000,3000,4
969325,969325,3877300,7331,39,156,241.0,0.0,241.0,305,305,152.30769230769232,7,0,1000000,3000,4
969414,969414,3877656,7332,89,356,632.0,0.0,632.0,706,706,370.7752808988764,15,0,1000000,3000,4
969520,969520,3878080,7333,106,424,632.0,0.0,632.0,711,711,372.60377358490564,15,0,1000000,3000,4
969605,969605,3878420,7334,85,340,633.0,0.0,633.0,707,707,378.8705882352941,15,0,1000000,3000,4
969806,969806,3879224,7335,201,804,1042.0,0.0,1042.0,1139,1139,604.502487562189,23,0,1000000,3000,4
969855,969855,3879420,7336,49,196,214.0,0.0,214.0,279,279,167.24489795918367,6,0,1000000,3000,4
970008,970008,3880032,7337,153,612,637.0,0.0,637.0,722,722,497.9019607843137,15,0,1000000,3000,4
970184,970184,3880736,7338,176,704,1047.0,0.0,1047.0,1138,1138,642.1363636363636,23,0,1000000,3000,4
970306,970306,3881224,7339,122,488,581.0,0.0,581.0,662,662,380.55737704918033,14,0,1000000,3000,4
970423,970423,3881692,7340,117,468,587.0,0.0,587.0,667,667,381.2649572649573,14,0,1000000,3000,4
970624,970624,3882496,7341,201,804,717.0,0.0,717.0,814,814,511.32835820895525,17,0,1000000,3000,4
970744,970744,3882976,7342,120,480,604.0,0.0,604.0,684,684,369.825,14,0,1000000,3000,4
970787,970787,3883148,7343,43,172,237.0,0.0,237.0,303,303,142.51162790697674,7,0,1000000,3000,4
970925,970925,3883700,7344,138,552,582.0,0.0,582.0,665,665,388.22463768115944,14,0,1000000,3000,4
970968,970968,3883872,7345,43,172,228.0,0.0,228.0,293,293,158.4418604651163,6,0,1000000,3000,4
971009,971009,3884036,7346,41,164,231.0,0.0,231.0,296,296,160.4390243902439,6,0,1000000,3000,4
971056,971056,3884224,7347,47,188,220.0,0.0,220.0,286,286,165.46808510638297,6,0,1000000,3000,4
971094,971094,3884376,7348,38,152,230.0,0.0,230.0,293,293,163.39473684210526,6,0,1000000,3000,4
971133,971133,3884532,7349,39,156,234.0,0.0,234.0,298,298,158.69230769230768,6,0,1000000,3000,4
971174,971174,3884696,7350,41,164,232.0,0.0,232.0,297,297,156.6341463414634,6,0,1000000,3000,4
971281,971281,3885124,7351,107,428,623.0,0.0,623.0,701,701,371.41121495327104,15,0,1000000,3000,4
971405,971405,3885620,7352,124,496,607.0,0.0,607.0,687,687,366.66129032258067,14,0,1000000,3000,4
971596,971596,3886384,7353,191,764,1029.0,0.0,1029.0,1123,1123,573.2670157068063,23,0,1000000,3000,4
971700,971700,3886800,7354,104,416,596.0,0.0,596.0,673,673,385.75961538461536,14,0,1000000,3000,4
971742,971742,3886968,7355,42,168,236.0,0.0,236.0,302,302,150.3095238095238,7,0,1000000,3000,4
971781,971781,3887124,7356,39,156,241.0,0.0,241.0,305,305,146.7948717948718,7,0,1000000,3000,4
971906,971906,3887624,7357,125,500,615.0,0.0,615.0,696,696,380.28,14,0,1000000,3000,4
971945,971945,3887780,7358,39,156,233.0,0.0,233.0,297,297,157.4102564102564,6,0,1000000,3000,4
972028,972028,3888112,7359,83,332,608.0,0.0,608.0,681,681,341.6265060240964,14,0,1000000,3000,4
972139,972139,3888556,7360,111,444,633.0,0.0,633.0,712,712,375.2882882882883,15,0,1000000,3000,4
972173,972173,3888692,7361,34,136,243.0,0.0,243.0,307,307,157.0,7,0,1000000,3000,4
972217,972217,3888868,7362,44,176,224.0,0.0,224.0,288,288,161.5681818181818,6,0,1000000,3000,4
972251,972251,3889004,7363,34,136,237.0,0.0,237.0,299,299,162.8235294117647,6,0,1000000,3000,4
972486,972486,3889944,7364,235,940,1314.0,0.0,1314.0,1416,1416,661.6510638297873,29,0,1000000,3000,4
972780,972780,3891120,7365,294,1176,1314.0,0.0,1314.0,1430,1430,689.343537414966,29,0,1000000,3000,4
972961,972961,3891844,7366,181,724,1033.0,0.0,1033.0,1125,1125,602.6740331491712,23,0,1000000,3000,4
973003,973003,3892012,7367,42,168,230.0,0.0,230.0,294,294,162.45238095238096,6,0,1000000,3000,4
973042,973042,3892168,7368,39,156,237.0,0.0,237.0,302,302,152.48717948717947,7,0,1000000,3000,4
973161,973161,3892644,7369,119,476,607.0,0.0,607.0,688,688,375.4621848739496,14,0,1000000,3000,4
973249,973249,3892996,7370,88,352,628.0,0.0,628.0,702,702,379.54545454545456,15,0,1000000,3000,4
973455,973455,3893820,7371,206,824,1568.0,0.0,1568.0,1666,1666,820.8155339805825,34,0,1000000,3000,4
973490,973490,3893960,7372,35,140,237.0,0.0,237.0,301,301,158.05714285714285,7,0,1000000,3000,4
973646,973646,3894584,7373,156,624,636.0,0.0,636.0,722,722,481.6666666666667,15,0,1000000,3000,4
973783,973783,3895132,7374,137,548,1042.0,0.0,1042.0,1124,1124,553.5620437956204,23,0,1000000,3000,4
973959,973959,3895836,7375,176,704,808.0,0.0,808.0,898,900,579.9829545454545,19,0,1000000,3000,4
974085,974085,3896340,7376,126,504,1047.0,0.0,1047.0,1127,1127,549.063492063492,23,0,1000000,3000,4
974120,974120,3896480,7377,35,140,237.0,0.0,237.0,301,301,162.8,7,0,1000000,3000,4
974213,974213,3896852,7378,93,372,611.0,0.0,611.0,686,686,338.4301075268817,14,0,1000000,3000,4
974251,974251,3897004,7379,38,152,238.0,0.0,238.0,303,303,152.44736842105263,7,0,1000000,3000,4
974288,974288,3897152,7380,37,148,239.0,0.0,239.0,303,303,160.94594594594594,7,0,1000000,3000,4
974370,974370,3897480,7381,82,328,623.0,0.0,623.0,697,697,321.2439024390244,14,0,1000000,3000,4
974645,974645,3898580,7382,275,1100,1669.0,0.0,1669.0,1778,1778,881.2727272727273,36,0,1000000,3000,4
974689,974689,3898756,7383,44,176,229.0,0.0,229.0,294,294,154.4090909090909,6,0,1000000,3000,4
974822,974822,3899288,7384,133,532,596.0,0.0,596.0,679,679,368.0676691729323,14,0,1000000,3000,4
974911,974911,3899644,7385,89,356,631.0,0.0,631.0,705,705,373.6629213483146,15,0,1000000,3000,4
974944,974944,3899776,7386,33,132,244.0,0.0,244.0,306,306,156.33333333333334,7,0,1000000,3000,4
975047,975047,3900188,7387,103,412,603.0,0.0,603.0,680,680,388.1067961165049,14,0,1000000,3000,4
975094,975094,3900376,7388,47,188,205.0,0.0,205.0,270,270,179.4255319148936,6,0,1000000,3000,4
975300,975300,3901200,7389,206,824,1041.0,0.0,1041.0,1139,1139,570.752427184466,23,0,1000000,3000,4
975507,975507,3902028,7390,207,828,1160.0,0.0,1160.0,1258,1258,640.5748792270531,26,0,1000000,3000,4
975672,975672,3902688,7391,165,660,1049.0,0.0,1049.0,1138,1138,610.9151515151515,23,0,1000000,3000,4
975710,975710,3902840,7392,38,152,243.0,0.0,243.0,308,308,145.02631578947367,7,0,1000000,3000,4
975867,975867,3903468,7393,157,628,731.0,0.0,731.0,819,819,464.2229299363057,17,0,1000000,3000,4
976016,976016,3904064,7394,149,596,1051.0,0.0,1051.0,1137,1137,582.7852348993289,23,0,1000000,3000,4
976056,976056,3904224,7395,40,160,239.0,0.0,239.0,304,304,146.4,7,0,1000000,3000,4
976345,976345,3905380,7396,289,1156,1296.0,0.0,1296.0,1410,1410,716.1107266435986,29,0,1000000,3000,4
976550,976550,3906200,7397,205,820,1030.0,0.0,1030.0,1126,1126,574.560975609756,23,0,1000000,3000,4
976827,976827,3907308,7398,277,1108,1321.0,0.0,1321.0,1434,1434,730.5631768953068,29,0,1000000,3000,4
976870,976870,3907480,7399,43,172,227.0,0.0,227.0,292,292,167.3953488372093,6,0,1000000,3000,4
976943,976943,3907772,7400,73,292,625.0,0.0,625.0,697,697,357.05479452054794,14,0,1000000,3000,4
977127,977127,3908508,7401,184,736,1045.0,0.0,1045.0,1138,1138,593.8369565217391,23,0,1000000,3000,4
977248,977248,3908992,7402,121,484,729.0,0.0,729.0,811,811,419.21487603305786,17,0,1000000,3000,4
977277,977277,3909108,7403,29,116,251.0,0.0,251.0,313,313,155.31034482758622,7,0,1000000,3000,4
977432,977432,3909728,7404,155,620,1052.0,0.0,1052.0,1139,1139,574.8838709677419,23,0,1000000,3000,4
977533,977533,3910132,7405,101,404,611.0,0.0,611.0,688,688,379.83168316831683,14,0,1000000,3000,4
977628,977628,3910512,7406,95,380,620.0,0.0,620.0,696,696,363.7894736842105,14,0,1000000,3000,4
977659,977659,3910636,7407,31,124,251.0,0.0,251.0,315,315,156.25806451612902,7,0,1000000,3000,4
977699,977699,3910796,7408,40,160,235.0,0.0,235.0,300,300,148.925,7,0,1000000,3000,4
977795,977795,3911180,7409,96,384,627.0,0.0,627.0,703,703,387.03125,15,0,1000000,3000,4
977934,977934,3911736,7410,139,556,816.0,0.0,816.0,898,898,537.1654676258993,18,0,1000000,3000,4
977966,977966,3911864,7411,32,128,248.0,0.0,248.0,311,311,154.3125,7,0,1000000,3000,4
978148,978148,3912592,7412,182,728,1055.0,0.0,1055.0,1149,1149,618.065934065934,23,0,1000000,3000,4
978226,978226,3912904,7413,78,312,622.0,0.0,622.0,695,695,351.03846153846155,14,0,1000000,3000,4
978262,978262,3913048,7414,36,144,239.0,0.0,239.0,304,304,151.69444444444446,7,0,1000000,3000,4
978480,978480,3913920,7415,218,872,1408.0,0.0,1408.0,1507,1507,771.3256880733945,31,0,1000000,3000,4
978518,978518,3914072,7416,38,152,238.0,0.0,238.0,303,303,160.60526315789474,7,0,1000000,3000,4
978614,978614,3914456,7417,96,384,621.0,0.0,621.0,697,697,377.8020833333333,14,0,1000000,3000,4
978702,978702,3914808,7418,88,352,609.0,0.0,609.0,684,684,339.17045454545456,14,0,1000000,3000,4
978774,978774,3915096,7419,72,288,621.0,0.0,621.0,692,692,359.90277777777777,14,0,1000000,3000,4
978867,978867,3915468,7420,93,372,609.0,0.0,609.0,684,684,395.02150537634407,14,0,1000000,3000,4
978958,978958,3915832,7421,91,364,621.0,0.0,621.0,697,697,345.3956043956044,14,0,1000000,3000,4
979226,979226,3916904,7422,268,1072,1688.0,0.0,1688.0,1797,1797,899.8059701492538,36,0,1000000,3000,4
979453,979453,3917812,7423,227,908,1328.0,0.0,1328.0,1431,1431,689.2775330396476,29,0,1000000,3000,4
979556,979556,3918224,7424,103,412,618.0,0.0,618.0,696,696,383.92233009708735,14,0,1000000,3000,4
979645,979645,3918580,7425,89,356,621.0,0.0,621.0,696,696,389.08988764044943,14,0,1000000,3000,4
979742,979742,3918968,7426,97,388,620.0,0.0,620.0,696,696,374.9587628865979,14,0,1000000,3000,4
979859,979859,3919436,7427,117,468,613.0,0.0,613.0,692,692,378.7692307692308,14,0,1000000,3000,4
980065,980065,3920260,7428,206,824,1032.0,0.0,1032.0,1129,1129,643.6456310679612,23,0,1000000,3000,4
980191,980191,3920764,7429,126,504,713.0,0.0,713.0,795,795,435.8333333333333,16,0,1000000,3000,4
980295,980295,3921180,7430,104,416,599.0,0.0,599.0,677,677,385.50961538461536,14,0,1000000,3000,4
980393,980393,3921572,7431,98,392,617.0,0.0,617.0,692,692,371.234693877551,14,0,1000000,3000,4
980691,980691,3922764,7432,298,1192,1675.0,0.0,1675.0,1790,1790,904.9563758389262,36,0,1000000,3000,4
980782,980782,3923128,7433,91,364,635.0,0.0,635.0,710,710,355.94505494505495,15,0,1000000,3000,4
980816,980816,3923264,7434,34,136,249.0,0.0,249.0,311,311,148.05882352941177,7,0,1000000,3000,4
980912,980912,3923648,7435,96,384,621.0,0.0,621.0,698,698,354.03125,14,0,1000000,3000,4
981163,981163,3924652,7436,251,1004,1329.0,0.0,1329.0,1437,1437,694.9960159362549,29,0,1000000,3000,4
981274,981274,3925096,7437,111,444,614.0,0.0,614.0,693,693,367.94594594594594,14,0,1000000,3000,4
981381,981381,3925524,7438,107,428,624.0,0.0,624.0,703,703,371.23364485981307,15,0,1000000,3000,4
981430,981430,3925720,7439,49,196,213.0,0.0,213.0,278,278,170.22448979591837,6,0,1000000,3000,4
981478,981478,3925912,7440,48,192,217.0,0.0,217.0,283,283,159.04166666666666,6,0,1000000,3000,4
981576,981576,3926304,7441,98,392,612.0,0.0,612.0,688,688,340.6326530612245,14,0,1000000,3000,4
981611,981611,3926444,7442,35,140,249.0,0.0,249.0,313,313,148.85714285714286,7,0,1000000,3000,4
981696,981696,3926784,7443,85,340,609.0,0.0,609.0,684,684,323.70588235294116,14,0,1000000,3000,4
981868,981868,3927472,7444,172,688,633.0,0.0,633.0,722,723,480.4593023255814,15,0,1000000,3000,4
981908,981908,3927632,7445,40,160,232.0,0.0,232.0,297,297,160.35,6,0,1000000,3000,4
981944,981944,3927776,7446,36,144,246.0,0.0,246.0,309,309,148.75,7,0,1000000,3000,4
982030,982030,3928120,7447,86,344,621.0,0.0,621.0,695,695,334.3953488372093,14,0,1000000,3000,4
982179,982179,3928716,7448,149,596,724.0,0.0,724.0,810,810,495.5503355704698,17,0,1000000,3000,4
982383,982383,3929532,7449,204,816,1336.0,0.0,1336.0,1434,1434,689.3774509803922,29,0,1000000,3000,4
982545,982545,3930180,7450,162,648,723.0,0.0,723.0,813,813,502.72222222222223,17,0,1000000,3000,4
982637,982637,3930548,7451,92,368,606.0,0.0,606.0,682,682,349.1630434782609,14,0,1000000,3000,4
982682,982682,3930728,7452,45,180,221.0,0.0,221.0,287,287,167.64444444444445,6,0,1000000,3000,4
982871,982871,3931484,7453,189,756,1312.0,0.0,1312.0,1406,1406,680.1904761904761,29,0,1000000,3000,4
982919,982919,3931676,7454,48,192,220.0,0.0,220.0,286,286,157.22916666666666,6,0,1000000,3000,4
982961,982961,3931844,7455,42,168,233.0,0.0,233.0,298,298,154.64285714285714,6,0,1000000,3000,4
982999,982999,3931996,7456,38,152,240.0,0.0,240.0,305,305,151.07894736842104,7,0,1000000,3000,4
983118,983118,3932472,7457,119,476,596.0,0.0,596.0,677,677,387.70588235294116,14,0,1000000,3000,4
983148,983148,3932592,7458,30,120,247.0,0.0,247.0,310,310,154.2,7,0,1000000,3000,4
983189,983189,3932756,7459,41,164,248.0,0.0,248.0,314,314,133.3170731707317,7,0,1000000,3000,4
983287,983287,3933148,7460,98,392,629.0,0.0,629.0,706,706,379.4183673469388,15,0,1000000,3000,4
983319,983319,3933276,7461,32,128,249.0,0.0,249.0,313,313,153.875,7,0,1000000,3000,4
983424,983424,3933696,7462,105,420,614.0,0.0,614.0,692,692,411.3904761904762,14,0,1000000,3000,4
983455,983455,3933820,7463,31,124,251.0,0.0,251.0,315,315,154.80645161290323,7,0,1000000,3000,4
983552,983552,3934208,7464,97,388,616.0,0.0,616.0,693,693,399.8659793814433,14,0,1000000,3000,4
983590,983590,3934360,7465,38,152,233.0,0.0,233.0,297,297,162.07894736842104,6,0,1000000,3000,4
983687,983687,3934748,7466,97,388,615.0,0.0,615.0,692,692,394.22680412371136,14,0,1000000,3000,4
983717,983717,3934868,7467,30,120,248.0,0.0,248.0,311,311,158.1,7,0,1000000,3000,4
983857,983857,3935428,7468,140,560,1042.0,0.0,1042.0,1124,1124,598.0857142857143,23,0,1000000,3000,4
984089,984089,3936356,7469,232,928,1025.0,0.0,1025.0,1127,1127,656.926724137931,23,0,1000000,3000,4
984255,984255,3937020,7470,166,664,591.0,0.0,591.0,681,681,450.0722891566265,14,0,1000000,3000,4
984294,984294,3937176,7471,39,156,234.0,0.0,234.0,299,299,157.82051282051282,6,0,1000000,3000,4
984385,984385,3937540,7472,91,364,630.0,0.0,630.0,706,706,390.74725274725273,15,0,1000000,3000,4
984474,984474,3937896,7473,89,356,628.0,0.0,628.0,702,702,382.9325842696629,15,0,1000000,3000,4
984807,984807,3939228,7474,333,1332,1007.0,0.0,1007.0,1129,1129,742.6036036036036,23,0,1000000,3000,4
984996,984996,3939984,7475,189,756,1315.0,0.0,1315.0,1409,1409,763.6455026455027,29,0,1000000,3000,4
985142,985142,3940568,7476,146,584,733.0,0.0,733.0,820,820,492.986301369863,17,0,1000000,3000,4
985173,985173,3940692,7477,31,124,248.0,0.0,248.0,311,311,158.0,7,0,1000000,3000,4
985332,985332,3941328,7478,159,636,1047.0,0.0,1047.0,1135,1135,555.0062893081761,23,0,1000000,3000,4
985370,985370,3941480,7479,38,152,232.0,0.0,232.0,296,296,162.3684210526316,6,0,1000000,3000,4
985400,985400,3941600,7480,30,120,247.0,0.0,247.0,311,311,154.16666666666666,7,0,1000000,3000,4
985432,985432,3941728,7481,32,128,242.0,0.0,242.0,305,305,163.9375,7,0,1000000,3000,4
985652,985652,3942608,7482,220,880,1028.0,0.0,1028.0,1128,1128,627.2,23,0,1000000,3000,4
985870,985870,3943480,7483,218,872,1332.0,0.0,1332.0,1433,1433,674.4770642201835,29,0,1000000,3000,4
985956,985956,3943824,7484,86,344,617.0,0.0,617.0,692,692,404.3720930232558,14,0,1000000,3000,4
986042,986042,3944168,7485,86,344,634.0,0.0,634.0,709,709,388.4651162790698,15,0,1000000,3000,4
986146,986146,3944584,7486,104,416,602.0,0.0,602.0,680,680,398.09615384615387,14,0,1000000,3000,4
986177,986177,3944708,7487,31,124,243.0,0.0,243.0,307,307,152.74193548387098,7,0,1000000,3000,4
986217,986217,3944868,7488,40,160,231.0,0.0,231.0,295,295,162.525,6,0,1000000,3000,4
986410,986410,3945640,7489,193,772,1033.0,0.0,1033.0,1127,1127,632.2383419689119,23,0,1000000,3000,4
986511,986511,3946044,7490,101,404,613.0,0.0,613.0,691,691,382.8910891089109,14,0,1000000,3000,4
986594,986594,3946376,7491,83,332,651.0,0.0,651.0,722,722,369.48192771084337,15,0,1000000,3000,4
986846,986846,3947384,7492,252,1008,1329.0,0.0,1329.0,1437,1437,760.797619047619,29,0,1000000,3000,4
986954,986954,3947816,7493,108,432,624.0,0.0,624.0,701,701,375.3240740740741,15,0,1000000,3000,4
987039,987039,3948156,7494,85,340,613.0,0.0,613.0,687,687,339.1058823529412,14,0,1000000,3000,4
987074,987074,3948296,7495,35,140,247.0,0.0,247.0,311,311,151.9142857142857,7,0,1000000,3000,4
987265,987265,3949060,7496,191,764,1347.0,0.0,1347.0,1443,1443,690.4450261780105,29,0,1000000,3000,4
987347,987347,3949388,7497,82,328,631.0,0.0,631.0,705,705,371.4146341463415,15,0,1000000,3000,4
987517,987517,3950068,7498,170,680,1036.0,0.0,1036.0,1126,1126,556.4235294117647,23,0,1000000,3000,4
987594,987594,3950376,7499,77,308,616.0,0.0,616.0,688,688,355.46753246753246,14,0,1000000,3000,4
987634,987634,3950536,7500,40,160,237.0,0.0,237.0,300,300,153.1,7,0,1000000,3000,4
987677,987677,3950708,7501,43,172,229.0,0.0,229.0,294,294,161.2093023255814,6,0,1000000,3000,4
987753,987753,3951012,7502,76,304,617.0,0.0,617.0,689,689,333.64473684210526,14,0,1000000,3000,4
987819,987819,3951276,7503,66,264,609.0,0.0,609.0,680,680,330.54545454545456,14,0,1000000,3000,4
987923,987923,3951692,7504,104,416,619.0,0.0,619.0,696,696,370.63461538461536,14,0,1000000,3000,4
987968,987968,3951872,7505,45,180,213.0,0.0,213.0,278,278,171.4,6,0,1000000,3000,4
988003,988003,3952012,7506,35,140,246.0,0.0,246.0,311,311,152.54285714285714,7,0,1000000,3000,4
988039,988039,3952156,7507,36,144,244.0,0.0,244.0,308,308,156.22222222222223,7,0,1000000,3000,4
988226,988226,3952904,7508,187,748,1425.0,0.0,1425.0,1519,1519,704.6684491978609,31,0,1000000,3000,4
988380,988380,3953520,7509,154,616,1039.0,0.0,1039.0,1125,1125,555.1038961038961,23,0,1000000,3000,4
988478,988478,3953912,7510,98,392,607.0,0.0,607.0,683,683,389.1734693877551,14,0,1000000,3000,4
988578,988578,3954312,7511,100,400,606.0,0.0,606.0,682,682,415.24,14,0,1000000,3000,4
988767,988767,3955068,7512,189,756,714.0,0.0,714.0,808,808,554.5449735449736,17,0,1000000,3000,4
988950,988950,3955800,7513,183,732,631.0,0.0,631.0,722,722,459.6775956284153,15,0,1000000,3000,4
988983,988983,3955932,7514,33,132,241.0,0.0,241.0,305,305,160.3939393939394,7,0,1000000,3000,4
989074,989074,3956296,7515,91,364,626.0,0.0,626.0,702,702,345.9340659340659,15,0,1000000,3000,4
989155,989155,3956620,7516,81,324,618.0,0.0,618.0,691,691,348.8395061728395,14,0,1000000,3000,4
989473,989473,3957892,7517,318,1272,1393.0,0.0,1393.0,1513,1513,786.2767295597484,31,0,1000000,3000,4
989589,989589,3958356,7518,116,464,604.0,0.0,604.0,684,684,380.2586206896552,14,0,1000000,3000,4
989675,989675,3958700,7519,86,344,613.0,0.0,613.0,687,687,351.36046511627904,14,0,1000000,3000,4
989844,989844,3959376,7520,169,676,1320.0,0.0,1320.0,1410,1410,717.5562130177515,29,0,1000000,3000,4
990149,990149,3960596,7521,305,1220,1838.0,0.0,1838.0,1956,1956,978.3508196721311,40,0,1000000,3000,4
990352,990352,3961408,7522,203,812,1317.0,0.0,1317.0,1413,1413,717.5369458128079,29,0,1000000,3000,4
990553,990553,3962212,7523,201,804,1575.0,0.0,1575.0,1673,1673,804.3582089552239,34,0,1000000,3000,4
990665,990665,3962660,7524,112,448,621.0,0.0,621.0,700,700,381.11607142857144,15,0,1000000,3000,4
990701,990701,3962804,7525,36,144,237.0,0.0,237.0,301,301,150.27777777777777,7,0,1000000,3000,4
990732,990732,3962928,7526,31,124,249.0,0.0,249.0,312,312,151.29032258064515,7,0,1000000,3000,4
990764,990764,3963056,7527,32,128,245.0,0.0,245.0,309,309,159.65625,7,0,1000000,3000,4
990916,990916,3963664,7528,152,608,637.0,0.0,637.0,722,722,490.44736842105266,15,0,1000000,3000,4
990946,990946,3963784,7529,30,120,245.0,0.0,245.0,308,308,156.93333333333334,7,0,1000000,3000,4
991044,991044,3964176,7530,98,392,619.0,0.0,619.0,696,696,357.5612244897959,14,0,1000000,3000,4
991075,991075,3964300,7531,31,124,247.0,0.0,247.0,310,310,162.29032258064515,7,0,1000000,3000,4
991249,991249,3964996,7532,174,696,1343.0,0.0,1343.0,1435,1435,655.3620689655172,29,0,1000000,3000,4
991287,991287,3965148,7533,38,152,239.0,0.0,239.0,304,304,160.78947368421052,7,0,1000000,3000,4
991318,991318,3965272,7534,31,124,242.0,0.0,242.0,304,304,163.38709677419354,7,0,1000000,3000,4
991418,991418,3965672,7535,100,400,616.0,0.0,616.0,694,694,377.34,14,0,1000000,3000,4
991452,991452,3965808,7536,34,136,247.0,0.0,247.0,310,310,153.38235294117646,7,0,1000000,3000,4
991629,991629,3966516,7537,177,708,1038.0,0.0,1038.0,1129,1129,590.8418079096045,23,0,1000000,3000,4
991659,991659,3966636,7538,30,120,249.0,0.0,249.0,312,312,162.36666666666667,7,0,1000000,3000,4
991699,991699,3966796,7539,40,160,231.0,0.0,231.0,297,297,156.225,6,0,1000000,3000,4
991736,991736,3966944,7540,37,148,236.0,0.0,236.0,300,300,165.86486486486487,7,0,1000000,3000,4
991772,991772,3967088,7541,36,144,241.0,0.0,241.0,305,305,159.27777777777777,7,0,1000000,3000,4
991971,991971,3967884,7542,199,796,804.0,0.0,804.0,898,898,563.2814070351759,18,0,1000000,3000,4
992073,992073,3968292,7543,102,408,615.0,0.0,615.0,693,693,401.9019607843137,14,0,1000000,3000,4
992109,992109,3968436,7544,36,144,234.0,0.0,234.0,298,298,161.63888888888889,6,0,1000000,3000,4
992189,992189,3968756,7545,80,320,636.0,0.0,636.0,708,708,388.8125,15,0,1000000,3000,4
992341,992341,3969364,7546,152,608,732.0,0.0,732.0,819,819,504.05263157894734,17,0,1000000,3000,4
992373,992373,3969492,7547,32,128,244.0,0.0,244.0,307,307,160.15625,7,0,1000000,3000,4
992589,992589,3970356,7548,216,864,1135.0,0.0,1135.0,1234,1234,689.1805555555555,25,0,1000000,3000,4
992654,992654,3970616,7549,65,260,611.0,0.0,611.0,681,681,337.33846153846156,14,0,1000000,3000,4
992689,992689,3970756,7550,35,140,234.0,0.0,234.0,298,298,162.77142857142857,6,0,1000000,3000,4
992730,992730,3970920,7551,41,164,230.0,0.0,230.0,295,295,162.9268292682927,6,0,1000000,3000,4
992986,992986,3971944,7552,256,1024,1020.0,0.0,1020.0,1127,1127,682.02734375,23,0,1000000,3000,4
993077,993077,3972308,7553,91,364,626.0,0.0,626.0,702,702,343.8021978021978,15,0,1000000,3000,4
993181,993181,3972724,7554,104,416,621.0,0.0,621.0,698,698,384.61538461538464,14,0,1000000,3000,4
993217,993217,3972868,7555,36,144,248.0,0.0,248.0,312,312,153.27777777777777,7,0,1000000,3000,4
993386,993386,3973544,7556,169,676,1040.0,0.0,1040.0,1129,1129,612.7278106508876,23,0,1000000,3000,4
993493,993493,3973972,7557,107,428,646.0,0.0,646.0,722,722,357.3644859813084,15,0,1000000,3000,4
993804,993804,3975216,7558,311,1244,1688.0,0.0,1688.0,1807,1807,879.6913183279743,37,0,1000000,3000,4
993896,993896,3975584,7559,92,368,613.0,0.0,613.0,688,688,378.19565217391306,14,0,1000000,3000,4
993966,993966,3975864,7560,70,280,624.0,0.0,624.0,696,696,362.8285714285714,14,0,1000000,3000,4
994119,994119,3976476,7561,153,612,813.0,0.0,813.0,898,898,599.2352941176471,18,0,1000000,3000,4
994334,994334,3977336,7562,215,860,1315.0,0.0,1315.0,1412,1412,725.6790697674419,29,0,1000000,3000,4
994369,994369,3977476,7563,35,140,241.0,0.0,241.0,303,303,157.34285714285716,7,0,1000000,3000,4
994405,994405,3977620,7564,36,144,237.0,0.0,237.0,301,301,157.66666666666666,7,0,1000000,3000,4
994502,994502,3978008,7565,97,388,612.0,0.0,612.0,689,689,384.50515463917526,14,0,1000000,3000,4
994601,994601,3978404,7566,99,396,602.0,0.0,602.0,678,678,389.2929292929293,14,0,1000000,3000,4
994816,994816,3979264,7567,215,860,1029.0,0.0,1029.0,1126,1126,574.7953488372093,23,0,1000000,3000,4
995011,995011,3980044,7568,195,780,1317.0,0.0,1317.0,1410,1410,735.7128205128205,29,0,1000000,3000,4
995331,995331,3981324,7569,320,1280,1659.0,0.0,1659.0,1779,1779,823.609375,36,0,1000000,3000,4
995372,995372,3981488,7570,41,164,237.0,0.0,237.0,303,303,154.1951219512195,7,0,1000000,3000,4
995580,995580,3982320,7571,208,832,1041.0,0.0,1041.0,1139,1139,642.3317307692307,23,0,1000000,3000,4
995658,995658,3982632,7572,78,312,620.0,0.0,620.0,691,691,352.65384615384613,14,0,1000000,3000,4
995960,995960,3983840,7573,302,1208,1844.0,0.0,1844.0,1961,1961,974.9139072847682,40,0,1000000,3000,4
996154,996154,3984616,7574,194,776,805.0,0.0,805.0,898,899,527.7268041237113,18,0,1000000,3000,4
996250,996250,3985000,7575,96,384,618.0,0.0,618.0,695,695,333.7916666666667,14,0,1000000,3000,4
996481,996481,3985924,7576,231,924,1408.0,0.0,1408.0,1511,1511,760.8831168831168,31,0,1000000,3000,4
996576,996576,3986304,7577,95,380,631.0,0.0,631.0,706,706,349.9263157894737,15,0,1000000,3000,4
996621,996621,3986484,7578,45,180,218.0,0.0,218.0,284,284,166.6888888888889,6,0,1000000,3000,4
996789,996789,3987156,7579,168,672,1334.0,0.0,1334.0,1425,1425,737.4404761904761,29,0,1000000,3000,4
996937,996937,3987748,7580,148,592,814.0,0.0,814.0,898,898,534.2837837837837,18,0,1000000,3000,4
997115,997115,3988460,7581,178,712,632.0,0.0,632.0,722,722,457.46629213483146,15,0,1000000,3000,4
997150,997150,3988600,7582,35,140,234.0,0.0,234.0,298,298,162.31428571428572,6,0,1000000,3000,4
997240,997240,3988960,7583,90,360,616.0,0.0,616.0,691,691,380.25555555555553,14,0,1000000,3000,4
997508,997508,3990032,7584,268,1072,1015.0,0.0,1015.0,1124,1124,699.75,23,0,1000000,3000,4
997766,997766,3991064,7585,258,1032,1325.0,0.0,1325.0,1434,1434,711.6434108527131,29,0,1000000,3000,4
997992,997992,3991968,7586,226,904,1308.0,0.0,1308.0,1409,1409,705.5044247787611,29,0,1000000,3000,4
998129,998129,3992516,7587,137,548,605.0,0.0,605.0,689,689,373.17518248175185,14,0,1000000,3000,4
998372,998372,3993488,7588,243,972,1556.0,0.0,1556.0,1660,1660,803.3004115226338,34,0,1000000,3000,4
998413,998413,3993652,7589,41,164,229.0,0.0,229.0,294,294,157.58536585365854,6,0,1000000,3000,4
998455,998455,3993820,7590,42,168,230.0,0.0,230.0,295,295,161.26190476190476,6,0,1000000,3000,4
998691,998691,3994764,7591,236,944,1035.0,0.0,1035.0,1138,1138,626.1525423728814,23,0,1000000,3000,4
998993,998993,3995972,7592,302,1208,1295.0,0.0,1295.0,1410,1410,675.5264900662252,29,0,1000000,3000,4
999147,999147,3996588,7593,154,616,618.0,0.0,618.0,706,706,340.3766233766234,15,0,1000000,3000,4
999412,999412,3997648,7594,265,1060,1028.0,0.0,1028.0,1137,1137,590.0037735849056,23,0,1000000,3000,4
999463,999463,3997852,7595,51,204,222.0,0.0,222.0,288,288,141.45098039215685,6,0,1000000,3000,4
999525,999525,3998100,7596,62,248,188.0,0.0,188.0,256,256,168.38709677419354,6,0,1000000,3000,4
999923,999923,3999692,7597,398,1592,998.0,0.0,998.0,1134,1134,612.0251256281407,23,0,1000000,3000,4
