global_step,global_decision_step,approx_global_env_frame_step,episode,episode_decision_steps,episode_approx_env_frame_steps,episode_ext_reward,episode_int_reward,episode_total_reward,episode_final_x_pos,episode_max_x_pos,episode_mean_x_pos,visited_bins,episode_timeout,train_total_timesteps,train_max_episode_steps,frame_skip
197,197,788,0,197,788,569.0,0.0,569.0,665,665,437.6345177664975,14,0,1000000,3000,4
332,332,1328,1,135,540,586.0,0.0,586.0,670,670,317.6740740740741,14,0,1000000,3000,4
482,482,1928,2,150,600,638.0,0.0,638.0,722,723,459.52666666666664,15,0,1000000,3000,4
742,742,2968,3,260,1040,791.0,0.0,791.0,898,898,539.1038461538461,18,0,1000000,3000,4
2574,2574,10296,4,1832,7328,714.0,0.0,714.0,1137,1137,825.8231441048035,23,0,1000000,3000,4
2606,2606,10424,5,32,128,244.0,0.0,244.0,306,306,161.0625,7,0,1000000,3000,4
2645,2645,10580,6,39,156,238.0,0.0,238.0,303,303,153.89743589743588,7,0,1000000,3000,4
2706,2706,10824,7,61,244,199.0,0.0,199.0,268,268,159.4262295081967,6,0,1000000,3000,4
2864,2864,11456,8,158,632,795.0,0.0,795.0,883,883,495.8481012658228,18,0,1000000,3000,4
3241,3241,12964,9,377,1508,671.0,0.0,671.0,803,803,593.761273209549,17,0,1000000,3000,4
3675,3675,14700,10,434,1736,1009.0,0.0,1009.0,1153,1153,731.9723502304147,24,0,1000000,3000,4
4706,4706,18824,11,1031,4124,864.0,0.0,864.0,1125,1125,810.5043646944714,23,0,1000000,3000,4
4793,4793,19172,12,87,348,639.0,0.0,639.0,714,714,365.0689655172414,15,0,1000000,3000,4
4979,4979,19916,13,186,744,800.0,0.0,800.0,892,898,530.5698924731183,18,0,1000000,3000,4
5031,5031,20124,14,52,208,201.0,0.0,201.0,267,267,176.76923076923077,6,0,1000000,3000,4
5160,5160,20640,15,129,516,607.0,0.0,607.0,689,689,328.8992248062016,14,0,1000000,3000,4
5196,5196,20784,16,36,144,237.0,0.0,237.0,301,301,164.13888888888889,7,0,1000000,3000,4
5994,5994,23976,17,798,3192,682.0,0.0,682.0,896,898,678.1804511278195,18,0,1000000,3000,4
6296,6296,25184,18,302,1208,714.0,0.0,714.0,832,832,615.8112582781457,17,0,1000000,3000,4
6402,6402,25608,19,106,424,630.0,0.0,630.0,708,708,378.9433962264151,15,0,1000000,3000,4
7066,7066,28264,20,664,2656,936.0,0.0,936.0,1124,1124,735.7394578313254,23,0,1000000,3000,4
7264,7264,29056,21,198,792,802.0,0.0,802.0,895,898,536.2626262626262,18,0,1000000,3000,4
7688,7688,30752,22,424,1696,1268.0,0.0,1268.0,1407,1410,738.8985849056604,29,0,1000000,3000,4
7788,7788,31152,23,100,400,604.0,0.0,604.0,679,679,396.37,14,0,1000000,3000,4
7974,7974,31896,24,186,744,1047.0,0.0,1047.0,1141,1141,608.5537634408602,23,0,1000000,3000,4
8233,8233,32932,25,259,1036,1022.0,0.0,1022.0,1129,1129,682.7799227799228,23,0,1000000,3000,4
8481,8481,33924,26,248,992,1033.0,0.0,1033.0,1139,1139,685.7620967741935,23,0,1000000,3000,4
8706,8706,34824,27,225,900,1037.0,0.0,1037.0,1138,1138,636.7288888888888,23,0,1000000,3000,4
8887,8887,35548,28,181,724,1142.0,0.0,1142.0,1235,1235,608.6187845303867,25,0,1000000,3000,4
8992,8992,35968,29,105,420,605.0,0.0,605.0,682,682,374.12380952380954,14,0,1000000,3000,4
9021,9021,36084,30,29,116,247.0,0.0,247.0,310,310,157.58620689655172,7,0,1000000,3000,4
9228,9228,36912,31,207,828,802.0,0.0,802.0,898,898,528.0483091787439,18,0,1000000,3000,4
9257,9257,37028,32,29,116,250.0,0.0,250.0,313,313,154.68965517241378,7,0,1000000,3000,4
9289,9289,37156,33,32,128,245.0,0.0,245.0,309,309,154.96875,7,0,1000000,3000,4
9385,9385,37540,34,96,384,596.0,0.0,596.0,672,672,404.5729166666667,14,0,1000000,3000,4
9486,9486,37944,35,101,404,613.0,0.0,613.0,690,690,390.0792079207921,14,0,1000000,3000,4
9615,9615,38460,36,129,516,717.0,0.0,717.0,800,800,491.16279069767444,17,0,1000000,3000,4
10448,10448,41792,37,833,3332,677.0,0.0,677.0,898,898,697.9747899159664,18,0,1000000,3000,4
10845,10845,43380,38,397,1588,735.0,0.0,735.0,872,872,637.8035264483627,18,0,1000000,3000,4
11010,11010,44040,39,165,660,811.0,0.0,811.0,898,898,539.9272727272727,18,0,1000000,3000,4
11052,11052,44208,40,42,168,226.0,0.0,226.0,291,291,164.33333333333334,6,0,1000000,3000,4
11356,11356,45424,41,304,1216,717.0,0.0,717.0,833,833,596.7927631578947,17,0,1000000,3000,4
11453,11453,45812,42,97,388,631.0,0.0,631.0,707,707,378.36082474226805,15,0,1000000,3000,4
11615,11615,46460,43,162,648,635.0,0.0,635.0,722,722,490.68518518518516,15,0,1000000,3000,4
11833,11833,47332,44,218,872,1031.0,0.0,1031.0,1130,1130,605.5137614678899,23,0,1000000,3000,4
12058,12058,48232,45,225,900,622.0,0.0,622.0,722,722,530.32,15,0,1000000,3000,4
12238,12238,48952,46,180,720,747.0,0.0,747.0,839,839,509.74444444444447,17,0,1000000,3000,4
12278,12278,49112,47,40,160,231.0,0.0,231.0,295,295,160.15,6,0,1000000,3000,4
12602,12602,50408,48,324,1296,1017.0,0.0,1017.0,1138,1138,629.8981481481482,23,0,1000000,3000,4
12688,12688,50752,49,86,344,636.0,0.0,636.0,711,711,374.2325581395349,15,0,1000000,3000,4
12772,12772,51088,50,84,336,613.0,0.0,613.0,687,687,329.32142857142856,14,0,1000000,3000,4
13136,13136,52544,51,364,1456,1304.0,0.0,1304.0,1434,1434,694.6263736263736,29,0,1000000,3000,4
13498,13498,53992,52,362,1448,1282.0,0.0,1282.0,1411,1411,752.2762430939226,29,0,1000000,3000,4
13575,13575,54300,53,77,308,608.0,0.0,608.0,679,679,331.4935064935065,14,0,1000000,3000,4
13610,13610,54440,54,35,140,248.0,0.0,248.0,312,312,153.17142857142858,7,0,1000000,3000,4
13651,13651,54604,55,41,164,232.0,0.0,232.0,297,297,158.41463414634146,6,0,1000000,3000,4
13684,13684,54736,56,33,132,237.0,0.0,237.0,301,301,167.3030303030303,7,0,1000000,3000,4
13910,13910,55640,57,226,904,1026.0,0.0,1026.0,1127,1127,642.141592920354,23,0,1000000,3000,4
14075,14075,56300,58,165,660,721.0,0.0,721.0,810,810,504.1333333333333,17,0,1000000,3000,4
14114,14114,56456,59,39,156,233.0,0.0,233.0,298,298,161.28205128205127,6,0,1000000,3000,4
14275,14275,57100,60,161,644,1039.0,0.0,1039.0,1127,1127,602.1552795031056,23,0,1000000,3000,4
14315,14315,57260,61,40,160,231.0,0.0,231.0,296,296,160.55,6,0,1000000,3000,4
14463,14463,57852,62,148,592,1046.0,0.0,1046.0,1131,1131,575.1756756756756,23,0,1000000,3000,4
14662,14662,58648,63,199,796,1319.0,0.0,1319.0,1414,1414,716.2060301507538,29,0,1000000,3000,4
14759,14759,59036,64,97,388,626.0,0.0,626.0,702,702,356.5154639175258,15,0,1000000,3000,4
14862,14862,59448,65,103,412,629.0,0.0,629.0,706,706,371.06796116504853,15,0,1000000,3000,4
15019,15019,60076,66,157,628,783.0,0.0,783.0,871,871,518.3566878980891,18,0,1000000,3000,4
15292,15292,61168,67,273,1092,759.0,0.0,759.0,870,870,601.2344322344322,18,0,1000000,3000,4
15472,15472,61888,68,180,720,1047.0,0.0,1047.0,1139,1139,577.1833333333333,23,0,1000000,3000,4
15508,15508,62032,69,36,144,237.0,0.0,237.0,300,300,157.05555555555554,7,0,1000000,3000,4
15547,15547,62188,70,39,156,235.0,0.0,235.0,298,298,159.87179487179486,6,0,1000000,3000,4
15667,15667,62668,71,120,480,603.0,0.0,603.0,684,684,384.7,14,0,1000000,3000,4
16001,16001,64004,72,334,1336,1668.0,0.0,1668.0,1792,1792,875.7155688622754,36,0,1000000,3000,4
16036,16036,64144,73,35,140,240.0,0.0,240.0,304,304,154.4857142857143,7,0,1000000,3000,4
16075,16075,64300,74,39,156,236.0,0.0,236.0,301,301,152.82051282051282,7,0,1000000,3000,4
16268,16268,65072,75,193,772,1138.0,0.0,1138.0,1232,1232,624.0569948186528,25,0,1000000,3000,4
16491,16491,65964,76,223,892,1038.0,0.0,1038.0,1139,1139,669.8161434977578,23,0,1000000,3000,4
16603,16603,66412,77,112,448,591.0,0.0,591.0,670,670,388.0267857142857,14,0,1000000,3000,4
16718,16718,66872,78,115,460,611.0,0.0,611.0,691,691,381.0,14,0,1000000,3000,4
16816,16816,67264,79,98,392,615.0,0.0,615.0,691,691,386.5408163265306,14,0,1000000,3000,4
16907,16907,67628,80,91,364,631.0,0.0,631.0,706,706,367.14285714285717,15,0,1000000,3000,4
17025,17025,68100,81,118,472,620.0,0.0,620.0,701,701,384.41525423728814,15,0,1000000,3000,4
17124,17124,68496,82,99,396,621.0,0.0,621.0,697,697,378.04040404040404,14,0,1000000,3000,4
17353,17353,69412,83,229,916,1308.0,0.0,1308.0,1410,1410,698.9694323144105,29,0,1000000,3000,4
17393,17393,69572,84,40,160,232.0,0.0,232.0,297,297,160.65,6,0,1000000,3000,4
17557,17557,70228,85,164,656,778.0,0.0,778.0,868,868,539.1036585365854,18,0,1000000,3000,4
17667,17667,70668,86,110,440,624.0,0.0,624.0,702,702,376.1636363636364,15,0,1000000,3000,4
17702,17702,70808,87,35,140,242.0,0.0,242.0,305,305,158.94285714285715,7,0,1000000,3000,4
17799,17799,71196,88,97,388,648.0,0.0,648.0,722,722,348.30927835051546,15,0,1000000,3000,4
17837,17837,71348,89,38,152,239.0,0.0,239.0,303,303,153.23684210526315,7,0,1000000,3000,4
18109,18109,72436,90,272,1088,1028.0,0.0,1028.0,1138,1138,648.7205882352941,23,0,1000000,3000,4
18201,18201,72804,91,92,368,626.0,0.0,626.0,701,701,347.04347826086956,15,0,1000000,3000,4
18436,18436,73744,92,235,940,1035.0,0.0,1035.0,1138,1138,677.2723404255319,23,0,1000000,3000,4
18684,18684,74736,93,248,992,1688.0,0.0,1688.0,1793,1793,862.2379032258065,36,0,1000000,3000,4
18914,18914,75656,94,230,920,1426.0,0.0,1426.0,1529,1529,717.0478260869565,31,0,1000000,3000,4
19065,19065,76260,95,151,604,1050.0,0.0,1050.0,1137,1137,588.3311258278146,23,0,1000000,3000,4
19100,19100,76400,96,35,140,239.0,0.0,239.0,302,302,164.68571428571428,7,0,1000000,3000,4
19171,19171,76684,97,71,284,622.0,0.0,622.0,693,693,359.16901408450707,14,0,1000000,3000,4
19209,19209,76836,98,38,152,239.0,0.0,239.0,304,304,151.07894736842104,7,0,1000000,3000,4
19414,19414,77656,99,205,820,1337.0,0.0,1337.0,1435,1435,720.1073170731707,29,0,1000000,3000,4
19554,19554,78216,100,140,560,781.0,0.0,781.0,866,866,539.8642857142858,18,0,1000000,3000,4
19635,19635,78540,101,81,324,632.0,0.0,632.0,706,706,361.9012345679012,15,0,1000000,3000,4
19670,19670,78680,102,35,140,242.0,0.0,242.0,306,306,161.68571428571428,7,0,1000000,3000,4
19769,19769,79076,103,99,396,621.0,0.0,621.0,697,697,388.7878787878788,14,0,1000000,3000,4
19807,19807,79228,104,38,152,239.0,0.0,239.0,303,303,159.55263157894737,7,0,1000000,3000,4
19887,19887,79548,105,80,320,638.0,0.0,638.0,711,711,382.2875,15,0,1000000,3000,4
19991,19991,79964,106,104,416,606.0,0.0,606.0,683,683,400.25,14,0,1000000,3000,4
20023,20023,80092,107,32,128,250.0,0.0,250.0,314,314,150.34375,7,0,1000000,3000,4
20143,20143,80572,108,120,480,626.0,0.0,626.0,708,708,382.65,15,0,1000000,3000,4
20190,20190,80760,109,47,188,224.0,0.0,224.0,290,290,158.3404255319149,6,0,1000000,3000,4
20274,20274,81096,110,84,336,623.0,0.0,623.0,697,697,357.57142857142856,14,0,1000000,3000,4
20347,20347,81388,111,73,292,622.0,0.0,622.0,693,693,340.67123287671234,14,0,1000000,3000,4
20379,20379,81516,112,32,128,248.0,0.0,248.0,312,312,153.53125,7,0,1000000,3000,4
20552,20552,82208,113,173,692,749.0,0.0,749.0,840,840,504.05202312138726,17,0,1000000,3000,4
20586,20586,82344,114,34,136,242.0,0.0,242.0,305,305,158.38235294117646,7,0,1000000,3000,4
20619,20619,82476,115,33,132,247.0,0.0,247.0,311,311,152.21212121212122,7,0,1000000,3000,4
20657,20657,82628,116,38,152,242.0,0.0,242.0,307,307,152.18421052631578,7,0,1000000,3000,4
20856,20856,83424,117,199,796,1034.0,0.0,1034.0,1129,1129,640.7035175879397,23,0,1000000,3000,4
21076,21076,84304,118,220,880,1024.0,0.0,1024.0,1123,1123,619.6545454545454,23,0,1000000,3000,4
21265,21265,85060,119,189,756,1310.0,0.0,1310.0,1403,1403,669.7989417989418,29,0,1000000,3000,4
21303,21303,85212,120,38,152,237.0,0.0,237.0,302,302,158.47368421052633,7,0,1000000,3000,4
21338,21338,85352,121,35,140,246.0,0.0,246.0,310,310,153.17142857142858,7,0,1000000,3000,4
21516,21516,86064,122,178,712,1136.0,0.0,1136.0,1227,1227,667.5449438202247,25,0,1000000,3000,4
21545,21545,86180,123,29,116,248.0,0.0,248.0,311,311,160.6206896551724,7,0,1000000,3000,4
21581,21581,86324,124,36,144,240.0,0.0,240.0,303,303,158.27777777777777,7,0,1000000,3000,4
21620,21620,86480,125,39,156,235.0,0.0,235.0,299,299,162.02564102564102,6,0,1000000,3000,4
21859,21859,87436,126,239,956,1310.0,0.0,1310.0,1413,1413,729.8451882845188,29,0,1000000,3000,4
21896,21896,87584,127,37,148,233.0,0.0,233.0,297,297,164.2972972972973,6,0,1000000,3000,4
21930,21930,87720,128,34,136,243.0,0.0,243.0,307,307,160.0,7,0,1000000,3000,4
21962,21962,87848,129,32,128,238.0,0.0,238.0,302,302,165.40625,7,0,1000000,3000,4
21993,21993,87972,130,31,124,245.0,0.0,245.0,308,308,155.51612903225808,7,0,1000000,3000,4
22027,22027,88108,131,34,136,242.0,0.0,242.0,306,306,155.94117647058823,7,0,1000000,3000,4
22111,22111,88444,132,84,336,614.0,0.0,614.0,687,687,324.5952380952381,14,0,1000000,3000,4
22322,22322,89288,133,211,844,1309.0,0.0,1309.0,1408,1408,710.872037914692,29,0,1000000,3000,4
22580,22580,90320,134,258,1032,1313.0,0.0,1313.0,1420,1420,730.6937984496124,29,0,1000000,3000,4
22620,22620,90480,135,40,160,230.0,0.0,230.0,295,295,160.075,6,0,1000000,3000,4
22705,22705,90820,136,85,340,627.0,0.0,627.0,700,700,396.0235294117647,15,0,1000000,3000,4
22821,22821,91284,137,116,464,597.0,0.0,597.0,676,676,398.83620689655174,14,0,1000000,3000,4
22915,22915,91660,138,94,376,634.0,0.0,634.0,709,709,377.75531914893617,15,0,1000000,3000,4
23051,23051,92204,139,136,544,640.0,0.0,640.0,722,722,543.0882352941177,15,0,1000000,3000,4
23325,23325,93300,140,274,1096,1028.0,0.0,1028.0,1138,1138,679.8905109489051,23,0,1000000,3000,4
23362,23362,93448,141,37,148,239.0,0.0,239.0,303,303,155.3783783783784,7,0,1000000,3000,4
23463,23463,93852,142,101,404,600.0,0.0,600.0,677,677,399.18811881188117,14,0,1000000,3000,4
23501,23501,94004,143,38,152,239.0,0.0,239.0,304,304,155.3421052631579,7,0,1000000,3000,4
23723,23723,94892,144,222,888,1311.0,0.0,1311.0,1411,1411,714.8693693693693,29,0,1000000,3000,4
23992,23992,95968,145,269,1076,1028.0,0.0,1028.0,1137,1137,678.3345724907064,23,0,1000000,3000,4
24085,24085,96340,146,93,372,619.0,0.0,619.0,694,694,392.78494623655916,14,0,1000000,3000,4
24206,24206,96824,147,121,484,592.0,0.0,592.0,673,673,384.8595041322314,14,0,1000000,3000,4
24246,24246,96984,148,40,160,230.0,0.0,230.0,295,295,160.225,6,0,1000000,3000,4
24419,24419,97676,149,173,692,712.0,0.0,712.0,803,803,484.1676300578035,17,0,1000000,3000,4
24546,24546,98184,150,127,508,714.0,0.0,714.0,796,796,452.40944881889766,16,0,1000000,3000,4
24585,24585,98340,151,39,156,237.0,0.0,237.0,302,302,158.71794871794873,7,0,1000000,3000,4
24672,24672,98688,152,87,348,630.0,0.0,630.0,704,704,363.9080459770115,15,0,1000000,3000,4
24709,24709,98836,153,37,148,232.0,0.0,232.0,296,296,162.2972972972973,6,0,1000000,3000,4
24910,24910,99640,154,201,804,1032.0,0.0,1032.0,1128,1128,661.5323383084577,23,0,1000000,3000,4
25081,25081,100324,155,171,684,775.0,0.0,775.0,866,866,526.374269005848,18,0,1000000,3000,4
25405,25405,101620,156,324,1296,1297.0,0.0,1297.0,1417,1417,734.0895061728395,29,0,1000000,3000,4
25566,25566,102264,157,161,644,635.0,0.0,635.0,722,723,481.72049689440996,15,0,1000000,3000,4
25660,25660,102640,158,94,376,629.0,0.0,629.0,705,705,380.8936170212766,15,0,1000000,3000,4
25747,25747,102988,159,87,348,638.0,0.0,638.0,712,712,374.14942528735634,15,0,1000000,3000,4
25782,25782,103128,160,35,140,241.0,0.0,241.0,306,306,162.17142857142858,7,0,1000000,3000,4
25896,25896,103584,161,114,456,593.0,0.0,593.0,671,671,405.06140350877195,14,0,1000000,3000,4
26259,26259,105036,162,363,1452,1287.0,0.0,1287.0,1415,1415,732.5261707988981,29,0,1000000,3000,4
26360,26360,105440,163,101,404,628.0,0.0,628.0,706,706,362.7920792079208,15,0,1000000,3000,4
26447,26447,105788,164,87,348,615.0,0.0,615.0,689,689,364.6551724137931,14,0,1000000,3000,4
26487,26487,105948,165,40,160,231.0,0.0,231.0,296,296,160.725,6,0,1000000,3000,4
26527,26527,106108,166,40,160,231.0,0.0,231.0,296,296,160.55,6,0,1000000,3000,4
26833,26833,107332,167,306,1224,680.0,0.0,680.0,798,798,606.7418300653595,16,0,1000000,3000,4
27070,27070,108280,168,237,948,1023.0,0.0,1023.0,1126,1126,635.3080168776371,23,0,1000000,3000,4
27162,27162,108648,169,92,368,626.0,0.0,626.0,702,702,362.19565217391306,15,0,1000000,3000,4
27254,27254,109016,170,92,368,637.0,0.0,637.0,712,712,376.8478260869565,15,0,1000000,3000,4
27617,27617,110468,171,363,1452,1011.0,0.0,1011.0,1140,1140,711.8209366391185,23,0,1000000,3000,4
27881,27881,111524,172,264,1056,1022.0,0.0,1022.0,1130,1130,601.8560606060606,23,0,1000000,3000,4
28119,28119,112476,173,238,952,1563.0,0.0,1563.0,1668,1668,827.4621848739496,34,0,1000000,3000,4
28152,28152,112608,174,33,132,252.0,0.0,252.0,316,316,146.57575757575756,7,0,1000000,3000,4
28263,28263,113052,175,111,444,587.0,0.0,587.0,666,666,400.3243243243243,14,0,1000000,3000,4
28307,28307,113228,176,44,176,223.0,0.0,223.0,288,288,167.47727272727272,6,0,1000000,3000,4
28347,28347,113388,177,40,160,231.0,0.0,231.0,296,296,160.55,6,0,1000000,3000,4
28462,28462,113848,178,115,460,595.0,0.0,595.0,674,674,405.82608695652175,14,0,1000000,3000,4
28653,28653,114612,179,191,764,1034.0,0.0,1034.0,1129,1129,627.3769633507853,23,0,1000000,3000,4
28750,28750,115000,180,97,388,606.0,0.0,606.0,682,682,381.58762886597935,14,0,1000000,3000,4
29114,29114,116456,181,364,1456,998.0,0.0,998.0,1126,1126,737.1153846153846,23,0,1000000,3000,4
29243,29243,116972,182,129,516,593.0,0.0,593.0,675,675,380.50387596899225,14,0,1000000,3000,4
29289,29289,117156,183,46,184,215.0,0.0,215.0,281,281,170.2608695652174,6,0,1000000,3000,4
29382,29382,117528,184,93,372,612.0,0.0,612.0,687,687,383.9139784946237,14,0,1000000,3000,4
29423,29423,117692,185,41,164,229.0,0.0,229.0,294,294,160.73170731707316,6,0,1000000,3000,4
29559,29559,118236,186,136,544,722.0,0.0,722.0,806,806,455.22058823529414,17,0,1000000,3000,4
29792,29792,119168,187,233,932,1028.0,0.0,1028.0,1130,1130,593.7725321888412,23,0,1000000,3000,4
29962,29962,119848,188,170,680,740.0,0.0,740.0,830,830,517.9176470588235,17,0,1000000,3000,4
30176,30176,120704,189,214,856,1040.0,0.0,1040.0,1139,1139,637.5794392523364,23,0,1000000,3000,4
30406,30406,121624,190,230,920,1318.0,0.0,1318.0,1421,1421,683.2260869565217,29,0,1000000,3000,4
30506,30506,122024,191,100,400,599.0,0.0,599.0,676,676,391.08,14,0,1000000,3000,4
30657,30657,122628,192,151,604,813.0,0.0,813.0,898,898,572.5960264900663,18,0,1000000,3000,4
30919,30919,123676,193,262,1048,1685.0,0.0,1685.0,1794,1794,890.587786259542,36,0,1000000,3000,4
31073,31073,124292,194,154,616,1065.0,0.0,1065.0,1153,1153,544.8116883116883,24,0,1000000,3000,4
31105,31105,124420,195,32,128,243.0,0.0,243.0,306,306,167.25,7,0,1000000,3000,4
31196,31196,124784,196,91,364,628.0,0.0,628.0,704,704,367.2307692307692,15,0,1000000,3000,4
31411,31411,125644,197,215,860,1413.0,0.0,1413.0,1511,1511,775.1720930232558,31,0,1000000,3000,4
31450,31450,125800,198,39,156,234.0,0.0,234.0,298,298,160.3846153846154,6,0,1000000,3000,4
31575,31575,126300,199,125,500,617.0,0.0,617.0,698,698,372.08,14,0,1000000,3000,4
31934,31934,127736,200,359,1436,1290.0,0.0,1290.0,1417,1417,757.4818941504178,29,0,1000000,3000,4
32090,32090,128360,201,156,624,636.0,0.0,636.0,722,723,486.0128205128205,15,0,1000000,3000,4
32197,32197,128788,202,107,428,606.0,0.0,606.0,684,684,379.04672897196264,14,0,1000000,3000,4
32242,32242,128968,203,45,180,223.0,0.0,223.0,288,288,164.46666666666667,6,0,1000000,3000,4
32362,32362,129448,204,120,480,602.0,0.0,602.0,682,682,381.9,14,0,1000000,3000,4
32482,32482,129928,205,120,480,600.0,0.0,600.0,680,680,387.0416666666667,14,0,1000000,3000,4
32640,32640,130560,206,158,632,636.0,0.0,636.0,722,722,466.753164556962,15,0,1000000,3000,4
33669,33669,134676,207,1029,4116,1161.0,0.0,1161.0,1422,1422,755.4625850340136,29,0,1000000,3000,4
33820,33820,135280,208,151,604,637.0,0.0,637.0,722,723,482.34437086092714,15,0,1000000,3000,4
33854,33854,135416,209,34,136,237.0,0.0,237.0,301,301,164.64705882352942,7,0,1000000,3000,4
34045,34045,136180,210,191,764,768.0,0.0,768.0,862,862,533.0261780104712,18,0,1000000,3000,4
34084,34084,136336,211,39,156,234.0,0.0,234.0,298,298,163.35897435897436,6,0,1000000,3000,4
34678,34678,138712,212,594,2376,1244.0,0.0,1244.0,1418,1418,819.0218855218856,29,0,1000000,3000,4
34835,34835,139340,213,157,628,636.0,0.0,636.0,722,723,506.8407643312102,15,0,1000000,3000,4
34873,34873,139492,214,38,152,238.0,0.0,238.0,303,303,158.94736842105263,7,0,1000000,3000,4
34913,34913,139652,215,40,160,234.0,0.0,234.0,298,298,161.7,6,0,1000000,3000,4
34953,34953,139812,216,40,160,233.0,0.0,233.0,298,298,158.275,6,0,1000000,3000,4
35044,35044,140176,217,91,364,627.0,0.0,627.0,703,703,354.0879120879121,15,0,1000000,3000,4
35188,35188,140752,218,144,576,639.0,0.0,639.0,722,722,521.6180555555555,15,0,1000000,3000,4
35416,35416,141664,219,228,912,1127.0,0.0,1127.0,1229,1229,682.7149122807018,25,0,1000000,3000,4
35622,35622,142488,220,206,824,1040.0,0.0,1040.0,1138,1138,651.3592233009708,23,0,1000000,3000,4
35728,35728,142912,221,106,424,596.0,0.0,596.0,674,674,400.92452830188677,14,0,1000000,3000,4
35910,35910,143640,222,182,728,1039.0,0.0,1039.0,1131,1131,592.4505494505495,23,0,1000000,3000,4
36135,36135,144540,223,225,900,1036.0,0.0,1036.0,1136,1136,643.7511111111111,23,0,1000000,3000,4
36170,36170,144680,224,35,140,239.0,0.0,239.0,303,303,154.65714285714284,7,0,1000000,3000,4
36283,36283,145132,225,113,452,615.0,0.0,615.0,694,694,380.3008849557522,14,0,1000000,3000,4
36321,36321,145284,226,38,152,239.0,0.0,239.0,304,304,157.8421052631579,7,0,1000000,3000,4
36488,36488,145952,227,167,668,1038.0,0.0,1038.0,1126,1126,647.1497005988024,23,0,1000000,3000,4
36597,36597,146388,228,109,436,608.0,0.0,608.0,686,686,391.5321100917431,14,0,1000000,3000,4
37022,37022,148088,229,425,1700,986.0,0.0,986.0,1125,1125,733.964705882353,23,0,1000000,3000,4
37066,37066,148264,230,44,176,225.0,0.0,225.0,290,290,164.5909090909091,6,0,1000000,3000,4
37262,37262,149048,231,196,784,1033.0,0.0,1033.0,1128,1128,612.015306122449,23,0,1000000,3000,4
37304,37304,149216,232,42,168,215.0,0.0,215.0,280,280,174.61904761904762,6,0,1000000,3000,4
37344,37344,149376,233,40,160,237.0,0.0,237.0,302,302,160.95,7,0,1000000,3000,4
37584,37584,150336,234,240,960,1025.0,0.0,1025.0,1128,1128,730.2125,23,0,1000000,3000,4
37657,37657,150628,235,73,292,616.0,0.0,616.0,688,688,351.4931506849315,14,0,1000000,3000,4
37693,37693,150772,236,36,144,241.0,0.0,241.0,304,304,159.97222222222223,7,0,1000000,3000,4
37898,37898,151592,237,205,820,1030.0,0.0,1030.0,1125,1125,664.6146341463415,23,0,1000000,3000,4
37937,37937,151748,238,39,156,236.0,0.0,236.0,300,300,159.23076923076923,7,0,1000000,3000,4
38026,38026,152104,239,89,356,612.0,0.0,612.0,687,687,342.2808988764045,14,0,1000000,3000,4
38059,38059,152236,240,33,132,240.0,0.0,240.0,303,303,169.12121212121212,7,0,1000000,3000,4
38298,38298,153192,241,239,956,1687.0,0.0,1687.0,1792,1792,885.3933054393306,36,0,1000000,3000,4
38476,38476,153904,242,178,712,1038.0,0.0,1038.0,1129,1129,604.5,23,0,1000000,3000,4
38512,38512,154048,243,36,144,241.0,0.0,241.0,306,306,156.30555555555554,7,0,1000000,3000,4
38681,38681,154724,244,169,676,753.0,0.0,753.0,844,844,551.4556213017752,17,0,1000000,3000,4
38754,38754,155016,245,73,292,625.0,0.0,625.0,697,697,355.35616438356163,14,0,1000000,3000,4
38785,38785,155140,246,31,124,250.0,0.0,250.0,314,314,153.25806451612902,7,0,1000000,3000,4
38817,38817,155268,247,32,128,249.0,0.0,249.0,313,313,156.6875,7,0,1000000,3000,4
38847,38847,155388,248,30,120,249.0,0.0,249.0,313,313,153.43333333333334,7,0,1000000,3000,4
38946,38946,155784,249,99,396,605.0,0.0,605.0,682,682,401.67676767676767,14,0,1000000,3000,4
38975,38975,155900,250,29,116,247.0,0.0,247.0,310,310,152.06896551724137,7,0,1000000,3000,4
39188,39188,156752,251,213,852,1424.0,0.0,1424.0,1524,1524,713.037558685446,31,0,1000000,3000,4
39372,39372,157488,252,184,736,1038.0,0.0,1038.0,1130,1130,575.0923913043479,23,0,1000000,3000,4
39459,39459,157836,253,87,348,636.0,0.0,636.0,711,711,378.8735632183908,15,0,1000000,3000,4
39489,39489,157956,254,30,120,250.0,0.0,250.0,314,314,153.26666666666668,7,0,1000000,3000,4
39523,39523,158092,255,34,136,249.0,0.0,249.0,313,313,153.23529411764707,7,0,1000000,3000,4
39616,39616,158464,256,93,372,634.0,0.0,634.0,710,710,382.5376344086022,15,0,1000000,3000,4
39647,39647,158588,257,31,124,246.0,0.0,246.0,310,310,155.7741935483871,7,0,1000000,3000,4
39743,39743,158972,258,96,384,648.0,0.0,648.0,722,722,396.59375,15,0,1000000,3000,4
39840,39840,159360,259,97,388,623.0,0.0,623.0,700,700,377.3917525773196,15,0,1000000,3000,4
39870,39870,159480,260,30,120,247.0,0.0,247.0,311,311,151.6,7,0,1000000,3000,4
39901,39901,159604,261,31,124,247.0,0.0,247.0,311,311,156.1290322580645,7,0,1000000,3000,4
39935,39935,159740,262,34,136,242.0,0.0,242.0,305,305,166.08823529411765,7,0,1000000,3000,4
40098,40098,160392,263,163,652,1043.0,0.0,1043.0,1132,1132,639.8895705521472,23,0,1000000,3000,4
40135,40135,160540,264,37,148,237.0,0.0,237.0,302,302,159.21621621621622,7,0,1000000,3000,4
40211,40211,160844,265,76,304,652.0,0.0,652.0,722,722,388.39473684210526,15,0,1000000,3000,4
40296,40296,161184,266,85,340,618.0,0.0,618.0,693,693,393.5529411764706,14,0,1000000,3000,4
40443,40443,161772,267,147,588,1050.0,0.0,1050.0,1135,1135,649.8707482993198,23,0,1000000,3000,4
40540,40540,162160,268,97,388,610.0,0.0,610.0,687,687,400.5154639175258,14,0,1000000,3000,4
40574,40574,162296,269,34,136,246.0,0.0,246.0,310,310,151.8235294117647,7,0,1000000,3000,4
41026,41026,164104,270,452,1808,2323.0,0.0,2323.0,2469,2469,1481.654867256637,50,0,1000000,3000,4
41399,41399,165596,271,373,1492,2340.0,0.0,2340.0,2470,2470,1349.4504021447722,50,0,1000000,3000,4
41429,41429,165716,272,30,120,248.0,0.0,248.0,312,312,159.16666666666666,7,0,1000000,3000,4
41466,41466,165864,273,37,148,239.0,0.0,239.0,303,303,153.94594594594594,7,0,1000000,3000,4
41646,41646,166584,274,180,720,1039.0,0.0,1039.0,1130,1130,617.5388888888889,23,0,1000000,3000,4
41826,41826,167304,275,180,720,807.0,0.0,807.0,898,899,535.4166666666666,18,0,1000000,3000,4
41919,41919,167676,276,93,372,635.0,0.0,635.0,711,711,353.78494623655916,15,0,1000000,3000,4
42094,42094,168376,277,175,700,773.0,0.0,773.0,864,864,539.76,18,0,1000000,3000,4
42310,42310,169240,278,216,864,1334.0,0.0,1334.0,1435,1435,711.1805555555555,29,0,1000000,3000,4
42416,42416,169664,279,106,424,604.0,0.0,604.0,682,682,396.9056603773585,14,0,1000000,3000,4
42685,42685,170740,280,269,1076,1326.0,0.0,1326.0,1437,1437,747.2044609665428,29,0,1000000,3000,4
42723,42723,170892,281,38,152,235.0,0.0,235.0,300,300,154.23684210526315,7,0,1000000,3000,4
42763,42763,171052,282,40,160,236.0,0.0,236.0,300,300,163.125,7,0,1000000,3000,4
42795,42795,171180,283,32,128,246.0,0.0,246.0,310,310,160.65625,7,0,1000000,3000,4
42964,42964,171856,284,169,676,810.0,0.0,810.0,898,898,549.3609467455622,18,0,1000000,3000,4
43120,43120,172480,285,156,624,776.0,0.0,776.0,864,864,544.9358974358975,18,0,1000000,3000,4
43356,43356,173424,286,236,944,1330.0,0.0,1330.0,1435,1435,729.0677966101695,29,0,1000000,3000,4
43565,43565,174260,287,209,836,1431.0,0.0,1431.0,1529,1529,776.2153110047847,31,0,1000000,3000,4
44052,44052,176208,288,487,1948,1349.0,0.0,1349.0,1502,1502,760.8110882956879,31,0,1000000,3000,4
44285,44285,177140,289,233,932,1028.0,0.0,1028.0,1130,1130,669.3648068669528,23,0,1000000,3000,4
44455,44455,177820,290,170,680,1338.0,0.0,1338.0,1429,1429,731.6588235294117,29,0,1000000,3000,4
44494,44494,177976,291,39,156,236.0,0.0,236.0,301,301,156.56410256410257,7,0,1000000,3000,4
45034,45034,180136,292,540,2160,2310.0,0.0,2310.0,2474,2474,1464.598148148148,50,0,1000000,3000,4
45346,45346,181384,293,312,1248,1314.0,0.0,1314.0,1434,1434,792.9134615384615,29,0,1000000,3000,4
45677,45677,182708,294,331,1324,1541.0,0.0,1541.0,1665,1665,805.9788519637463,34,0,1000000,3000,4
45714,45714,182856,295,37,148,236.0,0.0,236.0,301,301,159.35135135135135,7,0,1000000,3000,4
45957,45957,183828,296,243,972,795.0,0.0,795.0,898,898,591.6008230452675,18,0,1000000,3000,4
46269,46269,185076,297,312,1248,1550.0,0.0,1550.0,1670,1670,796.3717948717949,34,0,1000000,3000,4
46308,46308,185232,298,39,156,236.0,0.0,236.0,300,300,164.25641025641025,7,0,1000000,3000,4
46567,46567,186268,299,259,1036,1549.0,0.0,1549.0,1658,1658,788.6447876447877,34,0,1000000,3000,4
46723,46723,186892,300,156,624,1050.0,0.0,1050.0,1137,1137,611.7179487179487,23,0,1000000,3000,4
46753,46753,187012,301,30,120,244.0,0.0,244.0,308,308,162.03333333333333,7,0,1000000,3000,4
46898,46898,187592,302,145,580,739.0,0.0,739.0,825,825,467.1862068965517,17,0,1000000,3000,4
47005,47005,188020,303,107,428,611.0,0.0,611.0,688,688,369.85046728971963,14,0,1000000,3000,4
47086,47086,188344,304,81,324,651.0,0.0,651.0,722,722,368.98765432098764,15,0,1000000,3000,4
47258,47258,189032,305,172,688,809.0,0.0,809.0,898,898,527.7441860465116,18,0,1000000,3000,4
47484,47484,189936,306,226,904,1312.0,0.0,1312.0,1412,1412,707.1460176991151,29,0,1000000,3000,4
47721,47721,190884,307,237,948,749.0,0.0,749.0,853,853,526.253164556962,18,0,1000000,3000,4
48006,48006,192024,308,285,1140,1315.0,0.0,1315.0,1428,1428,720.8175438596492,29,0,1000000,3000,4
48045,48045,192180,309,39,156,231.0,0.0,231.0,295,295,161.48717948717947,6,0,1000000,3000,4
48252,48252,193008,310,207,828,766.0,0.0,766.0,864,864,524.7874396135265,18,0,1000000,3000,4
48294,48294,193176,311,42,168,230.0,0.0,230.0,295,295,156.07142857142858,6,0,1000000,3000,4
48331,48331,193324,312,37,148,237.0,0.0,237.0,301,301,157.45945945945945,7,0,1000000,3000,4
48498,48498,193992,313,167,668,585.0,0.0,585.0,675,675,429.8682634730539,14,0,1000000,3000,4
48762,48762,195048,314,264,1056,1028.0,0.0,1028.0,1137,1137,644.125,23,0,1000000,3000,4
49071,49071,196284,315,309,1236,1892.0,0.0,1892.0,2010,2010,1006.705501618123,41,0,1000000,3000,4
49116,49116,196464,316,45,180,220.0,0.0,220.0,284,284,165.57777777777778,6,0,1000000,3000,4
49158,49158,196632,317,42,168,230.0,0.0,230.0,295,295,164.85714285714286,6,0,1000000,3000,4
49199,49199,196796,318,41,164,234.0,0.0,234.0,299,299,158.390243902439,6,0,1000000,3000,4
49242,49242,196968,319,43,172,232.0,0.0,232.0,296,296,156.06976744186048,6,0,1000000,3000,4
49278,49278,197112,320,36,144,239.0,0.0,239.0,303,303,158.52777777777777,7,0,1000000,3000,4
49553,49553,198212,321,275,1100,1854.0,0.0,1854.0,1964,1964,946.0654545454546,40,0,1000000,3000,4
49824,49824,199296,322,271,1084,705.0,0.0,705.0,815,815,567.0036900369004,17,0,1000000,3000,4
49996,49996,199984,323,172,688,633.0,0.0,633.0,722,723,472.1220930232558,15,0,1000000,3000,4
50284,50284,201136,324,288,1152,1021.0,0.0,1021.0,1135,1135,657.6354166666666,23,0,1000000,3000,4
50604,50604,202416,325,320,1280,1401.0,0.0,1401.0,1521,1521,728.01875,31,0,1000000,3000,4
50643,50643,202572,326,39,156,242.0,0.0,242.0,307,307,150.07692307692307,7,0,1000000,3000,4
50763,50763,203052,327,120,480,583.0,0.0,583.0,664,664,381.65833333333336,14,0,1000000,3000,4
50818,50818,203272,328,55,220,197.0,0.0,197.0,263,263,173.47272727272727,6,0,1000000,3000,4
50863,50863,203452,329,45,180,229.0,0.0,229.0,295,295,151.06666666666666,6,0,1000000,3000,4
50912,50912,203648,330,49,196,227.0,0.0,227.0,293,293,141.57142857142858,6,0,1000000,3000,4
50973,50973,203892,331,61,244,211.0,0.0,211.0,280,280,145.45901639344262,6,0,1000000,3000,4
51109,51109,204436,332,136,544,579.0,0.0,579.0,662,662,354.56617647058823,14,0,1000000,3000,4
51147,51147,204588,333,38,152,233.0,0.0,233.0,297,297,160.23684210526315,6,0,1000000,3000,4
51483,51483,205932,334,336,1344,1286.0,0.0,1286.0,1409,1409,716.7380952380952,29,0,1000000,3000,4
51663,51663,206652,335,180,720,807.0,0.0,807.0,898,898,520.9388888888889,18,0,1000000,3000,4
51708,51708,206832,336,45,180,224.0,0.0,224.0,289,289,163.13333333333333,6,0,1000000,3000,4
51837,51837,207348,337,129,516,587.0,0.0,587.0,669,669,386.6279069767442,14,0,1000000,3000,4
51878,51878,207512,338,41,164,231.0,0.0,231.0,296,296,152.46341463414635,6,0,1000000,3000,4
51920,51920,207680,339,42,168,234.0,0.0,234.0,300,300,154.97619047619048,7,0,1000000,3000,4
52166,52166,208664,340,246,984,1305.0,0.0,1305.0,1411,1411,711.3252032520326,29,0,1000000,3000,4
52202,52202,208808,341,36,144,247.0,0.0,247.0,312,312,150.94444444444446,7,0,1000000,3000,4
52320,52320,209280,342,118,472,611.0,0.0,611.0,691,691,377.73728813559325,14,0,1000000,3000,4
52649,52649,210596,343,329,1316,1017.0,0.0,1017.0,1139,1139,653.4012158054711,23,0,1000000,3000,4
52773,52773,211092,344,124,496,594.0,0.0,594.0,675,675,383.6774193548387,14,0,1000000,3000,4
53024,53024,212096,345,251,1004,692.0,0.0,692.0,799,799,563.8486055776892,16,0,1000000,3000,4
53061,53061,212244,346,37,148,244.0,0.0,244.0,308,308,157.83783783783784,7,0,1000000,3000,4
53101,53101,212404,347,40,160,241.0,0.0,241.0,304,304,151.625,7,0,1000000,3000,4
53205,53205,212820,348,104,416,610.0,0.0,610.0,687,687,372.9230769230769,14,0,1000000,3000,4
53319,53319,213276,349,114,456,609.0,0.0,609.0,687,687,360.86842105263156,14,0,1000000,3000,4
53423,53423,213692,350,104,416,611.0,0.0,611.0,688,688,377.15384615384613,14,0,1000000,3000,4
53462,53462,213848,351,39,156,236.0,0.0,236.0,300,300,158.74358974358975,7,0,1000000,3000,4
53502,53502,214008,352,40,160,240.0,0.0,240.0,303,303,149.075,7,0,1000000,3000,4
53549,53549,214196,353,47,188,217.0,0.0,217.0,283,283,165.4468085106383,6,0,1000000,3000,4
53842,53842,215368,354,293,1172,752.0,0.0,752.0,867,867,586.7337883959044,18,0,1000000,3000,4
53885,53885,215540,355,43,172,230.0,0.0,230.0,294,294,156.7906976744186,6,0,1000000,3000,4
54001,54001,216004,356,116,464,627.0,0.0,627.0,706,706,361.0689655172414,15,0,1000000,3000,4
54126,54126,216504,357,125,500,586.0,0.0,586.0,667,667,389.52,14,0,1000000,3000,4
54700,54700,218800,358,574,2296,2299.0,0.0,2299.0,2469,2469,1205.0191637630662,50,0,1000000,3000,4
55102,55102,220408,359,402,1608,1296.0,0.0,1296.0,1434,1434,729.3532338308457,29,0,1000000,3000,4
55143,55143,220572,360,41,164,237.0,0.0,237.0,303,303,153.7560975609756,7,0,1000000,3000,4
55318,55318,221272,361,175,700,760.0,0.0,760.0,852,852,486.86857142857144,18,0,1000000,3000,4
55403,55403,221612,362,85,340,623.0,0.0,623.0,698,698,349.50588235294117,14,0,1000000,3000,4
55549,55549,222196,363,146,584,814.0,0.0,814.0,898,898,552.5616438356165,18,0,1000000,3000,4
55584,55584,222336,364,35,140,237.0,0.0,237.0,300,300,163.5142857142857,7,0,1000000,3000,4
55789,55789,223156,365,205,820,1132.0,0.0,1132.0,1230,1230,619.560975609756,25,0,1000000,3000,4
56006,56006,224024,366,217,868,1310.0,0.0,1310.0,1410,1410,727.1336405529954,29,0,1000000,3000,4
56047,56047,224188,367,41,164,232.0,0.0,232.0,297,297,162.2439024390244,6,0,1000000,3000,4
56089,56089,224356,368,42,168,230.0,0.0,230.0,295,295,160.3095238095238,6,0,1000000,3000,4
56130,56130,224520,369,41,164,232.0,0.0,232.0,298,298,159.09756097560975,6,0,1000000,3000,4
56175,56175,224700,370,45,180,229.0,0.0,229.0,294,294,155.64444444444445,6,0,1000000,3000,4
56218,56218,224872,371,43,172,229.0,0.0,229.0,294,294,157.34883720930233,6,0,1000000,3000,4
56376,56376,225504,372,158,632,812.0,0.0,812.0,898,899,556.0,18,0,1000000,3000,4
56418,56418,225672,373,42,168,233.0,0.0,233.0,298,298,159.5952380952381,6,0,1000000,3000,4
56547,56547,226188,374,129,516,605.0,0.0,605.0,686,686,358.7906976744186,14,0,1000000,3000,4
56891,56891,227564,375,344,1376,1013.0,0.0,1013.0,1137,1137,733.5959302325581,23,0,1000000,3000,4
57044,57044,228176,376,153,612,737.0,0.0,737.0,824,824,478.7712418300654,17,0,1000000,3000,4
57271,57271,229084,377,227,908,1311.0,0.0,1311.0,1411,1411,753.7356828193832,29,0,1000000,3000,4
57390,57390,229560,378,119,476,606.0,0.0,606.0,685,685,341.9579831932773,14,0,1000000,3000,4
57432,57432,229728,379,42,168,230.0,0.0,230.0,294,294,157.11904761904762,6,0,1000000,3000,4
57687,57687,230748,380,255,1020,1027.0,0.0,1027.0,1134,1134,652.0078431372549,23,0,1000000,3000,4
57849,57849,231396,381,162,648,729.0,0.0,729.0,818,818,484.51851851851853,17,0,1000000,3000,4
57895,57895,231580,382,46,184,222.0,0.0,222.0,288,288,159.54347826086956,6,0,1000000,3000,4
57998,57998,231992,383,103,412,618.0,0.0,618.0,695,695,354.19417475728153,14,0,1000000,3000,4
58044,58044,232176,384,46,184,227.0,0.0,227.0,292,292,153.6086956521739,6,0,1000000,3000,4
58087,58087,232348,385,43,172,225.0,0.0,225.0,289,289,162.27906976744185,6,0,1000000,3000,4
58203,58203,232812,386,116,464,602.0,0.0,602.0,683,683,352.12068965517244,14,0,1000000,3000,4
58244,58244,232976,387,41,164,230.0,0.0,230.0,295,295,159.82926829268294,6,0,1000000,3000,4
58485,58485,233940,388,241,964,736.0,0.0,736.0,841,841,493.2406639004149,17,0,1000000,3000,4
58642,58642,234568,389,157,628,732.0,0.0,732.0,820,820,456.5987261146497,17,0,1000000,3000,4
58684,58684,234736,390,42,168,230.0,0.0,230.0,295,295,160.47619047619048,6,0,1000000,3000,4
58796,58796,235184,391,112,448,609.0,0.0,609.0,688,688,376.0892857142857,14,0,1000000,3000,4
58838,58838,235352,392,42,168,237.0,0.0,237.0,302,302,144.4047619047619,7,0,1000000,3000,4
58880,58880,235520,393,42,168,229.0,0.0,229.0,294,294,159.26190476190476,6,0,1000000,3000,4
59052,59052,236208,394,172,688,633.0,0.0,633.0,722,723,480.58720930232556,15,0,1000000,3000,4
59093,59093,236372,395,41,164,231.0,0.0,231.0,296,296,158.26829268292684,6,0,1000000,3000,4
59137,59137,236548,396,44,176,231.0,0.0,231.0,296,296,152.11363636363637,6,0,1000000,3000,4
59681,59681,238724,397,544,2176,3013.0,0.0,3013.0,3161,3161,1621.1930147058824,64,0,1000000,3000,4
59931,59931,239724,398,250,1000,1046.0,0.0,1046.0,1153,1153,633.62,24,0,1000000,3000,4
59985,59985,239940,399,54,216,199.0,0.0,199.0,265,265,176.66666666666666,6,0,1000000,3000,4
60269,60269,241076,400,284,1136,1035.0,0.0,1035.0,1149,1149,623.3028169014085,23,0,1000000,3000,4
60311,60311,241244,401,42,168,235.0,0.0,235.0,300,300,156.14285714285714,7,0,1000000,3000,4
60416,60416,241664,402,105,420,596.0,0.0,596.0,674,674,390.43809523809523,14,0,1000000,3000,4
60448,60448,241792,403,32,128,248.0,0.0,248.0,312,312,153.25,7,0,1000000,3000,4
60487,60487,241948,404,39,156,237.0,0.0,237.0,301,301,154.94871794871796,7,0,1000000,3000,4
60521,60521,242084,405,34,136,250.0,0.0,250.0,314,314,144.91176470588235,7,0,1000000,3000,4
60724,60724,242896,406,203,812,1042.0,0.0,1042.0,1139,1139,674.7487684729064,23,0,1000000,3000,4
60828,60828,243312,407,104,416,619.0,0.0,619.0,696,696,377.02884615384613,14,0,1000000,3000,4
61004,61004,244016,408,176,704,632.0,0.0,632.0,722,722,456.10795454545456,15,0,1000000,3000,4
61118,61118,244472,409,114,456,589.0,0.0,589.0,668,668,397.60526315789474,14,0,1000000,3000,4
61234,61234,244936,410,116,464,608.0,0.0,608.0,688,688,396.7241379310345,14,0,1000000,3000,4
61551,61551,246204,411,317,1268,1311.0,0.0,1311.0,1432,1432,714.7003154574132,29,0,1000000,3000,4
61736,61736,246944,412,185,740,1035.0,0.0,1035.0,1127,1127,591.3783783783783,23,0,1000000,3000,4
61782,61782,247128,413,46,184,215.0,0.0,215.0,280,280,168.02173913043478,6,0,1000000,3000,4
61812,61812,247248,414,30,120,247.0,0.0,247.0,311,311,151.6,7,0,1000000,3000,4
62035,62035,248140,415,223,892,1125.0,0.0,1125.0,1225,1225,682.3946188340807,25,0,1000000,3000,4
62074,62074,248296,416,39,156,234.0,0.0,234.0,299,299,159.94871794871796,6,0,1000000,3000,4
62283,62283,249132,417,209,836,1026.0,0.0,1026.0,1122,1123,586.1818181818181,23,0,1000000,3000,4
62327,62327,249308,418,44,176,225.0,0.0,225.0,290,290,164.3409090909091,6,0,1000000,3000,4
62370,62370,249480,419,43,172,234.0,0.0,234.0,299,299,144.4418604651163,6,0,1000000,3000,4
62547,62547,250188,420,177,708,1046.0,0.0,1046.0,1138,1138,599.0508474576271,23,0,1000000,3000,4
62772,62772,251088,421,225,900,1025.0,0.0,1025.0,1125,1125,609.4888888888889,23,0,1000000,3000,4
62987,62987,251948,422,215,860,1040.0,0.0,1040.0,1139,1139,621.8744186046512,23,0,1000000,3000,4
63099,63099,252396,423,112,448,602.0,0.0,602.0,680,680,379.9017857142857,14,0,1000000,3000,4
63209,63209,252836,424,110,440,618.0,0.0,618.0,697,697,345.07272727272726,14,0,1000000,3000,4
63240,63240,252960,425,31,124,248.0,0.0,248.0,310,310,160.1290322580645,7,0,1000000,3000,4
63476,63476,253904,426,236,944,1305.0,0.0,1305.0,1408,1408,696.1737288135594,29,0,1000000,3000,4
63519,63519,254076,427,43,172,223.0,0.0,223.0,288,288,163.8139534883721,6,0,1000000,3000,4
63771,63771,255084,428,252,1008,1021.0,0.0,1021.0,1127,1127,593.218253968254,23,0,1000000,3000,4
63888,63888,255552,429,117,468,730.0,0.0,730.0,809,809,470.12820512820514,17,0,1000000,3000,4
63928,63928,255712,430,40,160,232.0,0.0,232.0,295,295,168.65,6,0,1000000,3000,4
64087,64087,256348,431,159,636,1049.0,0.0,1049.0,1136,1136,584.6981132075472,23,0,1000000,3000,4
64301,64301,257204,432,214,856,1331.0,0.0,1331.0,1431,1431,711.8364485981308,29,0,1000000,3000,4
64492,64492,257968,433,191,764,1418.0,0.0,1418.0,1513,1513,738.7277486910995,31,0,1000000,3000,4
64601,64601,258404,434,109,436,598.0,0.0,598.0,675,675,390.5963302752294,14,0,1000000,3000,4
64765,64765,259060,435,164,656,1036.0,0.0,1036.0,1124,1124,560.719512195122,23,0,1000000,3000,4
65201,65201,260804,436,436,1744,2327.0,0.0,2327.0,2470,2470,1377.1100917431193,50,0,1000000,3000,4
65364,65364,261456,437,163,652,1343.0,0.0,1343.0,1433,1433,749.0429447852761,29,0,1000000,3000,4
65484,65484,261936,438,120,480,609.0,0.0,609.0,690,690,376.3,14,0,1000000,3000,4
65734,65734,262936,439,250,1000,1022.0,0.0,1022.0,1129,1129,616.76,23,0,1000000,3000,4
65775,65775,263100,440,41,164,222.0,0.0,222.0,287,287,168.0731707317073,6,0,1000000,3000,4
66138,66138,264552,441,363,1452,1009.0,0.0,1009.0,1138,1138,720.3829201101928,23,0,1000000,3000,4
66293,66293,265172,442,155,620,708.0,0.0,708.0,796,796,463.8516129032258,16,0,1000000,3000,4
66390,66390,265560,443,97,388,613.0,0.0,613.0,689,689,382.44329896907215,14,0,1000000,3000,4
66512,66512,266048,444,122,488,598.0,0.0,598.0,679,679,378.0655737704918,14,0,1000000,3000,4
66551,66551,266204,445,39,156,241.0,0.0,241.0,305,305,152.30769230769232,7,0,1000000,3000,4
66646,66646,266584,446,95,380,617.0,0.0,617.0,692,692,364.57894736842104,14,0,1000000,3000,4
66760,66760,267040,447,114,456,600.0,0.0,600.0,679,679,388.57894736842104,14,0,1000000,3000,4
66942,66942,267768,448,182,728,1046.0,0.0,1046.0,1139,1139,585.9120879120879,23,0,1000000,3000,4
67125,67125,268500,449,183,732,1036.0,0.0,1036.0,1127,1127,602.8743169398907,23,0,1000000,3000,4
67168,67168,268672,450,43,172,222.0,0.0,222.0,287,287,162.5581395348837,6,0,1000000,3000,4
67205,67205,268820,451,37,148,242.0,0.0,242.0,306,306,156.72972972972974,7,0,1000000,3000,4
67285,67285,269140,452,80,320,621.0,0.0,621.0,694,694,352.45,14,0,1000000,3000,4
67450,67450,269800,453,165,660,1038.0,0.0,1038.0,1127,1127,560.6060606060606,23,0,1000000,3000,4
67621,67621,270484,454,171,684,776.0,0.0,776.0,867,867,501.7602339181287,18,0,1000000,3000,4
67810,67810,271240,455,189,756,1044.0,0.0,1044.0,1138,1138,596.7037037037037,23,0,1000000,3000,4
68099,68099,272396,456,289,1156,1296.0,0.0,1296.0,1410,1410,739.4325259515571,29,0,1000000,3000,4
68458,68458,273832,457,359,1436,1889.0,0.0,1889.0,2018,2018,939.3175487465181,41,0,1000000,3000,4
68649,68649,274596,458,191,764,1032.0,0.0,1032.0,1126,1126,626.6387434554974,23,0,1000000,3000,4
68752,68752,275008,459,103,412,607.0,0.0,607.0,683,683,372.93203883495147,14,0,1000000,3000,4
68799,68799,275196,460,47,188,216.0,0.0,216.0,281,281,171.2340425531915,6,0,1000000,3000,4
68897,68897,275588,461,98,392,628.0,0.0,628.0,705,705,373.1530612244898,15,0,1000000,3000,4
68933,68933,275732,462,36,144,246.0,0.0,246.0,311,311,148.0,7,0,1000000,3000,4
69098,69098,276392,463,165,660,811.0,0.0,811.0,898,898,553.3212121212122,18,0,1000000,3000,4
69274,69274,277096,464,176,704,1320.0,0.0,1320.0,1412,1412,728.9375,29,0,1000000,3000,4
69356,69356,277424,465,82,328,612.0,0.0,612.0,685,685,336.890243902439,14,0,1000000,3000,4
69389,69389,277556,466,33,132,244.0,0.0,244.0,306,306,158.9090909090909,7,0,1000000,3000,4
69591,69591,278364,467,202,808,1033.0,0.0,1033.0,1129,1129,622.7277227722773,23,0,1000000,3000,4
69816,69816,279264,468,225,900,1303.0,0.0,1303.0,1404,1404,709.9911111111111,29,0,1000000,3000,4
70001,70001,280004,469,185,740,1033.0,0.0,1033.0,1124,1124,626.4972972972973,23,0,1000000,3000,4
70209,70209,280836,470,208,832,802.0,0.0,802.0,898,899,587.0817307692307,18,0,1000000,3000,4
70302,70302,281208,471,93,372,632.0,0.0,632.0,708,708,380.752688172043,15,0,1000000,3000,4
70405,70405,281620,472,103,412,607.0,0.0,607.0,684,684,399.8349514563107,14,0,1000000,3000,4
70446,70446,281784,473,41,164,231.0,0.0,231.0,296,296,161.3170731707317,6,0,1000000,3000,4
70608,70608,282432,474,162,648,1049.0,0.0,1049.0,1138,1138,606.9506172839506,23,0,1000000,3000,4
70784,70784,283136,475,176,704,808.0,0.0,808.0,898,898,596.6704545454545,18,0,1000000,3000,4
70816,70816,283264,476,32,128,250.0,0.0,250.0,313,313,150.9375,7,0,1000000,3000,4
70918,70918,283672,477,102,408,619.0,0.0,619.0,696,696,379.20588235294116,14,0,1000000,3000,4
70950,70950,283800,478,32,128,241.0,0.0,241.0,304,304,166.15625,7,0,1000000,3000,4
71054,71054,284216,479,104,416,606.0,0.0,606.0,684,684,405.2980769230769,14,0,1000000,3000,4
71203,71203,284812,480,149,596,814.0,0.0,814.0,898,898,534.9798657718121,18,0,1000000,3000,4
71245,71245,284980,481,42,168,229.0,0.0,229.0,294,294,158.5952380952381,6,0,1000000,3000,4
71340,71340,285360,482,95,380,605.0,0.0,605.0,680,680,395.2421052631579,14,0,1000000,3000,4
71447,71447,285788,483,107,428,596.0,0.0,596.0,674,674,397.2803738317757,14,0,1000000,3000,4
71614,71614,286456,484,167,668,756.0,0.0,756.0,845,845,503.50898203592817,17,0,1000000,3000,4
71751,71751,287004,485,137,548,579.0,0.0,579.0,663,663,444.5255474452555,14,0,1000000,3000,4
71909,71909,287636,486,158,632,766.0,0.0,766.0,854,854,501.1645569620253,18,0,1000000,3000,4
71949,71949,287796,487,40,160,229.0,0.0,229.0,294,294,160.225,6,0,1000000,3000,4
72125,72125,288500,488,176,704,1038.0,0.0,1038.0,1129,1129,554.9034090909091,23,0,1000000,3000,4
72239,72239,288956,489,114,456,612.0,0.0,612.0,692,692,369.6842105263158,14,0,1000000,3000,4
72275,72275,289100,490,36,144,241.0,0.0,241.0,306,306,152.80555555555554,7,0,1000000,3000,4
72312,72312,289248,491,37,148,243.0,0.0,243.0,307,307,153.02702702702703,7,0,1000000,3000,4
72496,72496,289984,492,184,736,727.0,0.0,727.0,820,820,506.08152173913044,17,0,1000000,3000,4
72532,72532,290128,493,36,144,241.0,0.0,241.0,305,305,158.5,7,0,1000000,3000,4
72734,72734,290936,494,202,808,1426.0,0.0,1426.0,1523,1523,707.3564356435644,31,0,1000000,3000,4
72829,72829,291316,495,95,380,631.0,0.0,631.0,706,706,382.13684210526316,15,0,1000000,3000,4
72937,72937,291748,496,108,432,613.0,0.0,613.0,692,692,371.1203703703704,14,0,1000000,3000,4
73125,73125,292500,497,188,752,1044.0,0.0,1044.0,1138,1138,614.5691489361702,23,0,1000000,3000,4
73165,73165,292660,498,40,160,234.0,0.0,234.0,299,299,150.875,6,0,1000000,3000,4
73268,73268,293072,499,103,412,607.0,0.0,607.0,684,684,375.8252427184466,14,0,1000000,3000,4
73446,73446,293784,500,178,712,808.0,0.0,808.0,898,898,529.8483146067416,18,0,1000000,3000,4
73488,73488,293952,501,42,168,230.0,0.0,230.0,295,295,157.14285714285714,6,0,1000000,3000,4
73711,73711,294844,502,223,892,1418.0,0.0,1418.0,1519,1519,713.896860986547,31,0,1000000,3000,4
73897,73897,295588,503,186,744,1034.0,0.0,1034.0,1126,1126,616.005376344086,23,0,1000000,3000,4
74022,74022,296088,504,125,500,625.0,0.0,625.0,707,707,375.256,15,0,1000000,3000,4
74056,74056,296224,505,34,136,244.0,0.0,244.0,306,306,163.35294117647058,7,0,1000000,3000,4
74096,74096,296384,506,40,160,234.0,0.0,234.0,298,298,158.55,6,0,1000000,3000,4
74257,74257,297028,507,161,644,1049.0,0.0,1049.0,1137,1137,581.2857142857143,23,0,1000000,3000,4
74383,74383,297532,508,126,504,594.0,0.0,594.0,675,675,371.96031746031747,14,0,1000000,3000,4
74425,74425,297700,509,42,168,235.0,0.0,235.0,300,300,154.9047619047619,7,0,1000000,3000,4
74519,74519,298076,510,94,376,623.0,0.0,623.0,698,698,366.51063829787233,14,0,1000000,3000,4
74762,74762,299048,511,243,972,1326.0,0.0,1326.0,1432,1432,705.4979423868313,29,0,1000000,3000,4
74796,74796,299184,512,34,136,239.0,0.0,239.0,303,303,158.76470588235293,7,0,1000000,3000,4
74908,74908,299632,513,112,448,615.0,0.0,615.0,695,695,369.88392857142856,14,0,1000000,3000,4
74945,74945,299780,514,37,148,249.0,0.0,249.0,314,314,141.3783783783784,7,0,1000000,3000,4
74984,74984,299936,515,39,156,235.0,0.0,235.0,299,299,167.89743589743588,6,0,1000000,3000,4
75091,75091,300364,516,107,428,615.0,0.0,615.0,693,693,355.4766355140187,14,0,1000000,3000,4
75296,75296,301184,517,205,820,802.0,0.0,802.0,898,898,572.6048780487805,18,0,1000000,3000,4
75481,75481,301924,518,185,740,752.0,0.0,752.0,845,845,483.6972972972973,17,0,1000000,3000,4
75589,75589,302356,519,108,432,608.0,0.0,608.0,687,687,371.5925925925926,14,0,1000000,3000,4
75622,75622,302488,520,33,132,242.0,0.0,242.0,305,305,167.93939393939394,7,0,1000000,3000,4
75771,75771,303084,521,149,596,814.0,0.0,814.0,898,899,561.2684563758389,18,0,1000000,3000,4
75866,75866,303464,522,95,380,617.0,0.0,617.0,694,694,352.18947368421055,14,0,1000000,3000,4
75980,75980,303920,523,114,456,607.0,0.0,607.0,686,686,382.0877192982456,14,0,1000000,3000,4
76018,76018,304072,524,38,152,244.0,0.0,244.0,309,309,149.44736842105263,7,0,1000000,3000,4
76048,76048,304192,525,30,120,248.0,0.0,248.0,311,311,159.6,7,0,1000000,3000,4
76346,76346,305384,526,298,1192,1405.0,0.0,1405.0,1521,1521,719.0906040268457,31,0,1000000,3000,4
76455,76455,305820,527,109,436,618.0,0.0,618.0,696,696,384.9357798165138,14,0,1000000,3000,4
76597,76597,306388,528,142,568,765.0,0.0,765.0,850,850,530.8239436619718,18,0,1000000,3000,4
76772,76772,307088,529,175,700,632.0,0.0,632.0,722,724,454.2342857142857,15,0,1000000,3000,4
76815,76815,307260,530,43,172,226.0,0.0,226.0,291,291,164.11627906976744,6,0,1000000,3000,4
76847,76847,307388,531,32,128,248.0,0.0,248.0,311,311,148.6875,7,0,1000000,3000,4
76981,76981,307924,532,134,536,748.0,0.0,748.0,832,832,492.17164179104475,17,0,1000000,3000,4
77205,77205,308820,533,224,896,1423.0,0.0,1423.0,1523,1523,767.5089285714286,31,0,1000000,3000,4
77300,77300,309200,534,95,380,616.0,0.0,616.0,692,692,386.06315789473683,14,0,1000000,3000,4
77424,77424,309696,535,124,496,819.0,0.0,819.0,898,898,592.6935483870968,18,0,1000000,3000,4
77462,77462,309848,536,38,152,239.0,0.0,239.0,303,303,151.52631578947367,7,0,1000000,3000,4
77646,77646,310584,537,184,736,1426.0,0.0,1426.0,1520,1520,768.8369565217391,31,0,1000000,3000,4
77807,77807,311228,538,161,644,770.0,0.0,770.0,859,859,539.3105590062112,18,0,1000000,3000,4
77837,77837,311348,539,30,120,246.0,0.0,246.0,310,310,149.73333333333332,7,0,1000000,3000,4
77870,77870,311480,540,33,132,240.0,0.0,240.0,303,303,161.1818181818182,7,0,1000000,3000,4
77910,77910,311640,541,40,160,231.0,0.0,231.0,295,295,162.975,6,0,1000000,3000,4
77940,77940,311760,542,30,120,247.0,0.0,247.0,310,310,155.13333333333333,7,0,1000000,3000,4
78020,78020,312080,543,80,320,610.0,0.0,610.0,684,684,356.6625,14,0,1000000,3000,4
78243,78243,312972,544,223,892,1335.0,0.0,1335.0,1437,1437,730.6233183856502,29,0,1000000,3000,4
78390,78390,313560,545,147,588,1042.0,0.0,1042.0,1127,1127,622.8707482993198,23,0,1000000,3000,4
78515,78515,314060,546,125,500,731.0,0.0,731.0,814,814,482.736,17,0,1000000,3000,4
78548,78548,314192,547,33,132,242.0,0.0,242.0,306,306,157.5151515151515,7,0,1000000,3000,4
78626,78626,314504,548,78,312,623.0,0.0,623.0,696,696,336.9230769230769,14,0,1000000,3000,4
79095,79095,316380,549,469,1876,1265.0,0.0,1265.0,1414,1414,741.7910447761194,29,0,1000000,3000,4
79131,79131,316524,550,36,144,245.0,0.0,245.0,310,310,157.86111111111111,7,0,1000000,3000,4
79320,79320,317280,551,189,756,1338.0,0.0,1338.0,1433,1433,728.9312169312169,29,0,1000000,3000,4
79485,79485,317940,552,165,660,811.0,0.0,811.0,898,898,575.2181818181818,18,0,1000000,3000,4
79720,79720,318880,553,235,940,1022.0,0.0,1022.0,1123,1123,639.0765957446808,23,0,1000000,3000,4
79835,79835,319340,554,115,460,629.0,0.0,629.0,707,707,384.96521739130435,15,0,1000000,3000,4
80037,80037,320148,555,202,808,1034.0,0.0,1034.0,1130,1130,602.1881188118812,23,0,1000000,3000,4
80077,80077,320308,556,40,160,234.0,0.0,234.0,298,298,157.775,6,0,1000000,3000,4
80118,80118,320472,557,41,164,230.0,0.0,230.0,295,295,157.73170731707316,6,0,1000000,3000,4
80353,80353,321412,558,235,940,733.0,0.0,733.0,835,835,587.4297872340426,17,0,1000000,3000,4
80393,80393,321572,559,40,160,227.0,0.0,227.0,292,292,167.5,6,0,1000000,3000,4
80433,80433,321732,560,40,160,232.0,0.0,232.0,298,298,151.775,6,0,1000000,3000,4
80466,80466,321864,561,33,132,248.0,0.0,248.0,311,311,153.66666666666666,7,0,1000000,3000,4
80505,80505,322020,562,39,156,233.0,0.0,233.0,297,297,163.02564102564102,6,0,1000000,3000,4
80543,80543,322172,563,38,152,239.0,0.0,239.0,304,304,148.92105263157896,7,0,1000000,3000,4
80719,80719,322876,564,176,704,808.0,0.0,808.0,898,898,551.7102272727273,18,0,1000000,3000,4
80877,80877,323508,565,158,632,636.0,0.0,636.0,722,723,489.50632911392404,15,0,1000000,3000,4
80919,80919,323676,566,42,168,232.0,0.0,232.0,298,298,149.85714285714286,6,0,1000000,3000,4
81088,81088,324352,567,169,676,634.0,0.0,634.0,722,722,479.37278106508876,15,0,1000000,3000,4
81207,81207,324828,568,119,476,595.0,0.0,595.0,675,675,384.7142857142857,14,0,1000000,3000,4
81370,81370,325480,569,163,652,1064.0,0.0,1064.0,1154,1154,663.1779141104295,24,0,1000000,3000,4
81551,81551,326204,570,181,724,780.0,0.0,780.0,872,872,505.1933701657459,18,0,1000000,3000,4
81581,81581,326324,571,30,120,244.0,0.0,244.0,306,306,164.06666666666666,7,0,1000000,3000,4
81760,81760,327040,572,179,716,632.0,0.0,632.0,722,722,471.18435754189943,15,0,1000000,3000,4
81926,81926,327704,573,166,664,634.0,0.0,634.0,722,722,478.9457831325301,15,0,1000000,3000,4
82214,82214,328856,574,288,1152,1012.0,0.0,1012.0,1125,1125,685.6944444444445,23,0,1000000,3000,4
82442,82442,329768,575,228,912,1037.0,0.0,1037.0,1138,1138,608.3508771929825,23,0,1000000,3000,4
82482,82482,329928,576,40,160,231.0,0.0,231.0,296,296,157.525,6,0,1000000,3000,4
82568,82568,330272,577,86,344,623.0,0.0,623.0,698,698,396.0348837209302,14,0,1000000,3000,4
82605,82605,330420,578,37,148,238.0,0.0,238.0,302,302,154.0,7,0,1000000,3000,4
82802,82802,331208,579,197,788,1042.0,0.0,1042.0,1138,1138,612.6903553299493,23,0,1000000,3000,4
82873,82873,331492,580,71,284,622.0,0.0,622.0,694,694,344.7464788732394,14,0,1000000,3000,4
82902,82902,331608,581,29,116,251.0,0.0,251.0,314,314,160.72413793103448,7,0,1000000,3000,4
82932,82932,331728,582,30,120,246.0,0.0,246.0,310,310,154.96666666666667,7,0,1000000,3000,4
83163,83163,332652,583,231,924,1029.0,0.0,1029.0,1131,1131,629.7878787878788,23,0,1000000,3000,4
83260,83260,333040,584,97,388,629.0,0.0,629.0,705,705,368.5670103092784,15,0,1000000,3000,4
83301,83301,333204,585,41,164,229.0,0.0,229.0,293,293,156.7560975609756,6,0,1000000,3000,4
83422,83422,333688,586,121,484,600.0,0.0,600.0,682,682,385.099173553719,14,0,1000000,3000,4
83617,83617,334468,587,195,780,1030.0,0.0,1030.0,1125,1125,616.0461538461539,23,0,1000000,3000,4
83730,83730,334920,588,113,452,598.0,0.0,598.0,676,676,393.01769911504425,14,0,1000000,3000,4
83770,83770,335080,589,40,160,230.0,0.0,230.0,296,296,155.7,6,0,1000000,3000,4
83877,83877,335508,590,107,428,613.0,0.0,613.0,690,690,377.93457943925233,14,0,1000000,3000,4
84064,84064,336256,591,187,748,744.0,0.0,744.0,837,837,488.83422459893046,17,0,1000000,3000,4
84273,84273,337092,592,209,836,1041.0,0.0,1041.0,1138,1138,628.8421052631579,23,0,1000000,3000,4
84531,84531,338124,593,258,1032,1321.0,0.0,1321.0,1430,1430,722.8565891472869,29,0,1000000,3000,4
84564,84564,338256,594,33,132,241.0,0.0,241.0,304,304,163.66666666666666,7,0,1000000,3000,4
84856,84856,339424,595,292,1168,1316.0,0.0,1316.0,1432,1432,716.4623287671233,29,0,1000000,3000,4
85020,85020,340080,596,164,656,711.0,0.0,711.0,799,799,468.8292682926829,16,0,1000000,3000,4
85130,85130,340520,597,110,440,612.0,0.0,612.0,691,691,371.1272727272727,14,0,1000000,3000,4
85257,85257,341028,598,127,508,603.0,0.0,603.0,685,685,371.5748031496063,14,0,1000000,3000,4
85372,85372,341488,599,115,460,601.0,0.0,601.0,681,681,383.1304347826087,14,0,1000000,3000,4
85416,85416,341664,600,44,176,220.0,0.0,220.0,285,285,164.22727272727272,6,0,1000000,3000,4
85663,85663,342652,601,247,988,794.0,0.0,794.0,898,899,656.5465587044534,18,0,1000000,3000,4
85708,85708,342832,602,45,180,222.0,0.0,222.0,287,287,163.0,6,0,1000000,3000,4
85982,85982,343928,603,274,1096,1016.0,0.0,1016.0,1125,1125,647.4817518248175,23,0,1000000,3000,4
86021,86021,344084,604,39,156,220.0,0.0,220.0,284,284,176.30769230769232,6,0,1000000,3000,4
86064,86064,344256,605,43,172,227.0,0.0,227.0,292,292,163.88372093023256,6,0,1000000,3000,4
86150,86150,344600,606,86,344,630.0,0.0,630.0,704,704,372.8720930232558,15,0,1000000,3000,4
86362,86362,345448,607,212,848,1166.0,0.0,1166.0,1264,1264,636.1698113207547,26,0,1000000,3000,4
86583,86583,346332,608,221,884,1035.0,0.0,1035.0,1136,1136,604.1764705882352,23,0,1000000,3000,4
86753,86753,347012,609,170,680,777.0,0.0,777.0,867,867,514.2588235294118,18,0,1000000,3000,4
86788,86788,347152,610,35,140,239.0,0.0,239.0,303,303,162.65714285714284,7,0,1000000,3000,4
87018,87018,348072,611,230,920,1332.0,0.0,1332.0,1435,1435,686.1565217391304,29,0,1000000,3000,4
87074,87074,348296,612,56,224,189.0,0.0,189.0,255,255,180.66071428571428,6,0,1000000,3000,4
87378,87378,349512,613,304,1216,1294.0,0.0,1294.0,1411,1411,730.8059210526316,29,0,1000000,3000,4
87476,87476,349904,614,98,392,636.0,0.0,636.0,711,711,349.94897959183675,15,0,1000000,3000,4
87659,87659,350636,615,183,732,807.0,0.0,807.0,898,899,547.1366120218579,18,0,1000000,3000,4
87763,87763,351052,616,104,416,617.0,0.0,617.0,694,694,372.0192307692308,14,0,1000000,3000,4
87969,87969,351876,617,206,824,1032.0,0.0,1032.0,1129,1129,539.2378640776699,23,0,1000000,3000,4
88019,88019,352076,618,50,200,234.0,0.0,234.0,300,300,139.22,7,0,1000000,3000,4
88067,88067,352268,619,48,192,225.0,0.0,225.0,292,292,151.35416666666666,6,0,1000000,3000,4
88099,88099,352396,620,32,128,243.0,0.0,243.0,306,306,156.15625,7,0,1000000,3000,4
88132,88132,352528,621,33,132,249.0,0.0,249.0,313,313,148.36363636363637,7,0,1000000,3000,4
88166,88166,352664,622,34,136,246.0,0.0,246.0,310,310,139.7058823529412,7,0,1000000,3000,4
88201,88201,352804,623,35,140,239.0,0.0,239.0,302,302,162.68571428571428,7,0,1000000,3000,4
88243,88243,352972,624,42,168,234.0,0.0,234.0,300,300,145.45238095238096,7,0,1000000,3000,4
88288,88288,353152,625,45,180,226.0,0.0,226.0,292,292,159.9777777777778,6,0,1000000,3000,4
88386,88386,353544,626,98,392,611.0,0.0,611.0,687,687,393.31632653061223,14,0,1000000,3000,4
88547,88547,354188,627,161,644,811.0,0.0,811.0,898,898,564.4596273291926,18,0,1000000,3000,4
88638,88638,354552,628,91,364,629.0,0.0,629.0,704,704,359.68131868131866,15,0,1000000,3000,4
88737,88737,354948,629,99,396,632.0,0.0,632.0,708,708,349.6666666666667,15,0,1000000,3000,4
88782,88782,355128,630,45,180,220.0,0.0,220.0,286,286,164.0222222222222,6,0,1000000,3000,4
88985,88985,355940,631,203,812,786.0,0.0,786.0,883,883,523.7783251231527,18,0,1000000,3000,4
89110,89110,356440,632,125,500,607.0,0.0,607.0,688,688,355.936,14,0,1000000,3000,4
89486,89486,357944,633,376,1504,768.0,0.0,768.0,898,899,650.75,18,0,1000000,3000,4
89787,89787,359148,634,301,1204,783.0,0.0,783.0,898,898,607.2524916943522,18,0,1000000,3000,4
89832,89832,359328,635,45,180,218.0,0.0,218.0,283,283,167.77777777777777,6,0,1000000,3000,4
89868,89868,359472,636,36,144,244.0,0.0,244.0,308,308,155.66666666666666,7,0,1000000,3000,4
89981,89981,359924,637,113,452,613.0,0.0,613.0,692,692,378.6991150442478,14,0,1000000,3000,4
90249,90249,360996,638,268,1072,1304.0,0.0,1304.0,1412,1412,724.7835820895523,29,0,1000000,3000,4
90289,90289,361156,639,40,160,234.0,0.0,234.0,297,297,157.45,6,0,1000000,3000,4
90416,90416,361664,640,127,508,599.0,0.0,599.0,681,681,383.15748031496065,14,0,1000000,3000,4
90742,90742,362968,641,326,1304,1292.0,0.0,1292.0,1414,1414,747.5582822085889,29,0,1000000,3000,4
90956,90956,363824,642,214,856,1038.0,0.0,1038.0,1137,1137,558.6915887850467,23,0,1000000,3000,4
90999,90999,363996,643,43,172,227.0,0.0,227.0,292,292,153.46511627906978,6,0,1000000,3000,4
91112,91112,364448,644,113,452,625.0,0.0,625.0,705,705,319.7079646017699,15,0,1000000,3000,4
91196,91196,364784,645,84,336,628.0,0.0,628.0,701,701,331.32142857142856,15,0,1000000,3000,4
91552,91552,366208,646,356,1424,1010.0,0.0,1010.0,1137,1137,660.2275280898876,23,0,1000000,3000,4
91688,91688,366752,647,136,544,577.0,0.0,577.0,661,661,376.74264705882354,14,0,1000000,3000,4
91925,91925,367700,648,237,948,796.0,0.0,796.0,898,898,527.8818565400844,18,0,1000000,3000,4
92110,92110,368440,649,185,740,630.0,0.0,630.0,722,722,470.0648648648649,15,0,1000000,3000,4
92323,92323,369292,650,213,852,1316.0,0.0,1316.0,1413,1413,646.7605633802817,29,0,1000000,3000,4
92533,92533,370132,651,210,840,729.0,0.0,729.0,827,827,540.9809523809524,17,0,1000000,3000,4
92834,92834,371336,652,301,1204,1396.0,0.0,1396.0,1513,1513,712.8637873754153,31,0,1000000,3000,4
93332,93332,373328,653,498,1992,2316.0,0.0,2316.0,2470,2470,1308.8373493975903,50,0,1000000,3000,4
93584,93584,374336,654,252,1008,1311.0,0.0,1311.0,1418,1418,743.5277777777778,29,0,1000000,3000,4
93758,93758,375032,655,174,696,758.0,0.0,758.0,849,849,535.8850574712644,17,0,1000000,3000,4
93906,93906,375624,656,148,592,638.0,0.0,638.0,722,723,496.2635135135135,15,0,1000000,3000,4
94102,94102,376408,657,196,784,1320.0,0.0,1320.0,1415,1415,731.5663265306123,29,0,1000000,3000,4
94350,94350,377400,658,248,992,1412.0,0.0,1412.0,1519,1519,697.1572580645161,31,0,1000000,3000,4
94439,94439,377756,659,89,356,610.0,0.0,610.0,685,685,307.65168539325845,14,0,1000000,3000,4
94539,94539,378156,660,100,400,623.0,0.0,623.0,699,699,364.63,14,0,1000000,3000,4
94573,94573,378292,661,34,136,242.0,0.0,242.0,305,305,157.11764705882354,7,0,1000000,3000,4
94692,94692,378768,662,119,476,583.0,0.0,583.0,663,663,402.1512605042017,14,0,1000000,3000,4
94725,94725,378900,663,33,132,246.0,0.0,246.0,308,308,152.87878787878788,7,0,1000000,3000,4
94761,94761,379044,664,36,144,237.0,0.0,237.0,301,301,166.83333333333334,7,0,1000000,3000,4
94802,94802,379208,665,41,164,242.0,0.0,242.0,307,307,148.6341463414634,7,0,1000000,3000,4
95031,95031,380124,666,229,916,1565.0,0.0,1565.0,1668,1668,842.5851528384279,34,0,1000000,3000,4
95150,95150,380600,667,119,476,582.0,0.0,582.0,662,662,400.0840336134454,14,0,1000000,3000,4
95245,95245,380980,668,95,380,601.0,0.0,601.0,678,678,400.0105263157895,14,0,1000000,3000,4
95433,95433,381732,669,188,752,1149.0,0.0,1149.0,1244,1244,627.1010638297872,25,0,1000000,3000,4
95469,95469,381876,670,36,144,236.0,0.0,236.0,300,300,163.69444444444446,7,0,1000000,3000,4
95564,95564,382256,671,95,380,612.0,0.0,612.0,689,689,343.9684210526316,14,0,1000000,3000,4
95594,95594,382376,672,30,120,250.0,0.0,250.0,312,312,157.96666666666667,7,0,1000000,3000,4
95705,95705,382820,673,111,444,588.0,0.0,588.0,666,666,409.1981981981982,14,0,1000000,3000,4
95750,95750,383000,674,45,180,209.0,0.0,209.0,273,273,179.93333333333334,6,0,1000000,3000,4
95899,95899,383596,675,149,596,1347.0,0.0,1347.0,1434,1434,729.9328859060403,29,0,1000000,3000,4
96054,96054,384216,676,155,620,812.0,0.0,812.0,898,899,563.3741935483871,18,0,1000000,3000,4
96157,96157,384628,677,103,412,617.0,0.0,617.0,695,695,372.0388349514563,14,0,1000000,3000,4
96425,96425,385700,678,268,1072,1112.0,0.0,1112.0,1220,1220,645.1268656716418,25,0,1000000,3000,4
96460,96460,385840,679,35,140,247.0,0.0,247.0,311,311,156.57142857142858,7,0,1000000,3000,4
96679,96679,386716,680,219,876,1334.0,0.0,1334.0,1435,1435,665.310502283105,29,0,1000000,3000,4
96824,96824,387296,681,145,580,1348.0,0.0,1348.0,1434,1434,703.9172413793103,29,0,1000000,3000,4
96864,96864,387456,682,40,160,226.0,0.0,226.0,290,290,165.675,6,0,1000000,3000,4
96896,96896,387584,683,32,128,247.0,0.0,247.0,310,310,153.25,7,0,1000000,3000,4
96991,96991,387964,684,95,380,648.0,0.0,648.0,722,722,360.5684210526316,15,0,1000000,3000,4
97200,97200,388800,685,209,836,1332.0,0.0,1332.0,1431,1431,645.0478468899521,29,0,1000000,3000,4
97301,97301,389204,686,101,404,592.0,0.0,592.0,669,669,403.56435643564356,14,0,1000000,3000,4
97414,97414,389656,687,113,452,729.0,0.0,729.0,809,809,395.8495575221239,17,0,1000000,3000,4
97457,97457,389828,688,43,172,227.0,0.0,227.0,291,291,167.13953488372093,6,0,1000000,3000,4
97502,97502,390008,689,45,180,227.0,0.0,227.0,292,292,165.7111111111111,6,0,1000000,3000,4
97610,97610,390440,690,108,432,623.0,0.0,623.0,700,700,344.94444444444446,15,0,1000000,3000,4
97655,97655,390620,691,45,180,227.0,0.0,227.0,294,294,152.84444444444443,6,0,1000000,3000,4
97740,97740,390960,692,85,340,625.0,0.0,625.0,700,700,337.6941176470588,15,0,1000000,3000,4
97891,97891,391564,693,151,604,738.0,0.0,738.0,825,825,496.7549668874172,17,0,1000000,3000,4
97985,97985,391940,694,94,376,630.0,0.0,630.0,704,704,357.1063829787234,15,0,1000000,3000,4
98093,98093,392372,695,108,432,612.0,0.0,612.0,690,690,377.05555555555554,14,0,1000000,3000,4
98412,98412,393648,696,319,1276,1005.0,0.0,1005.0,1124,1124,723.9467084639498,23,0,1000000,3000,4
98631,98631,394524,697,219,876,1049.0,0.0,1049.0,1150,1150,655.662100456621,24,0,1000000,3000,4
98821,98821,395284,698,190,760,1322.0,0.0,1322.0,1414,1414,748.4736842105264,29,0,1000000,3000,4
99310,99310,397240,699,489,1956,2592.0,0.0,2592.0,2746,2746,1510.717791411043,55,0,1000000,3000,4
99464,99464,397856,700,154,616,575.0,0.0,575.0,662,662,382.81168831168833,14,0,1000000,3000,4
99948,99948,399792,701,484,1936,2319.0,0.0,2319.0,2471,2471,1319.4256198347107,50,0,1000000,3000,4
100077,100077,400308,702,129,516,602.0,0.0,602.0,683,683,329.15503875968994,14,0,1000000,3000,4
100121,100121,400484,703,44,176,229.0,0.0,229.0,293,293,150.5909090909091,6,0,1000000,3000,4
100180,100180,400720,704,59,236,220.0,0.0,220.0,288,288,138.0,6,0,1000000,3000,4
100228,100228,400912,705,48,192,210.0,0.0,210.0,275,275,167.66666666666666,6,0,1000000,3000,4
100451,100451,401804,706,223,892,623.0,0.0,623.0,722,723,433.05381165919283,15,0,1000000,3000,4
100713,100713,402852,707,262,1048,1017.0,0.0,1017.0,1125,1125,685.587786259542,23,0,1000000,3000,4
100826,100826,403304,708,113,452,598.0,0.0,598.0,676,676,386.8938053097345,14,0,1000000,3000,4
101171,101171,404684,709,345,1380,1389.0,0.0,1389.0,1515,1515,771.4898550724638,31,0,1000000,3000,4
101431,101431,405724,710,260,1040,1306.0,0.0,1306.0,1414,1414,711.7884615384615,29,0,1000000,3000,4
101545,101545,406180,711,114,456,625.0,0.0,625.0,704,704,342.96491228070175,15,0,1000000,3000,4
101704,101704,406816,712,159,636,1051.0,0.0,1051.0,1139,1139,593.3584905660377,23,0,1000000,3000,4
101808,101808,407232,713,104,416,626.0,0.0,626.0,702,702,342.00961538461536,15,0,1000000,3000,4
101981,101981,407924,714,173,692,573.0,0.0,573.0,664,664,393.4450867052023,14,0,1000000,3000,4
102023,102023,408092,715,42,168,230.0,0.0,230.0,295,295,157.35714285714286,6,0,1000000,3000,4
102124,102124,408496,716,101,404,614.0,0.0,614.0,691,691,370.44554455445547,14,0,1000000,3000,4
102355,102355,409420,717,231,924,1408.0,0.0,1408.0,1510,1510,743.1385281385282,31,0,1000000,3000,4
102487,102487,409948,718,132,528,741.0,0.0,741.0,823,823,483.84090909090907,17,0,1000000,3000,4
102667,102667,410668,719,180,720,807.0,0.0,807.0,898,899,559.7,18,0,1000000,3000,4
102709,102709,410836,720,42,168,230.0,0.0,230.0,295,295,156.66666666666666,6,0,1000000,3000,4
102910,102910,411640,721,201,804,1030.0,0.0,1030.0,1125,1125,572.2885572139304,23,0,1000000,3000,4
103127,103127,412508,722,217,868,1038.0,0.0,1038.0,1138,1138,570.2027649769585,23,0,1000000,3000,4
103157,103157,412628,723,30,120,245.0,0.0,245.0,308,308,158.66666666666666,7,0,1000000,3000,4
103242,103242,412968,724,85,340,601.0,0.0,601.0,675,675,301.38823529411764,14,0,1000000,3000,4
103283,103283,413132,725,41,164,233.0,0.0,233.0,297,297,163.1219512195122,6,0,1000000,3000,4
103466,103466,413864,726,183,732,1416.0,0.0,1416.0,1509,1509,713.016393442623,31,0,1000000,3000,4
103680,103680,414720,727,214,856,1027.0,0.0,1027.0,1125,1125,613.4532710280374,23,0,1000000,3000,4
103761,103761,415044,728,81,324,612.0,0.0,612.0,685,685,333.34567901234567,14,0,1000000,3000,4
103852,103852,415408,729,91,364,616.0,0.0,616.0,691,691,395.31868131868134,14,0,1000000,3000,4
103928,103928,415712,730,76,304,612.0,0.0,612.0,685,685,339.07894736842104,14,0,1000000,3000,4
103962,103962,415848,731,34,136,247.0,0.0,247.0,310,310,150.64705882352942,7,0,1000000,3000,4
104108,104108,416432,732,146,584,814.0,0.0,814.0,898,898,533.4383561643835,18,0,1000000,3000,4
104362,104362,417448,733,254,1016,793.0,0.0,793.0,898,900,653.2952755905512,19,0,1000000,3000,4
104537,104537,418148,734,175,700,1045.0,0.0,1045.0,1136,1136,613.0742857142857,23,0,1000000,3000,4
104627,104627,418508,735,90,360,650.0,0.0,650.0,722,722,358.6111111111111,15,0,1000000,3000,4
104698,104698,418792,736,71,284,653.0,0.0,653.0,722,722,390.71830985915494,15,0,1000000,3000,4
104821,104821,419284,737,123,492,602.0,0.0,602.0,684,684,376.5853658536585,14,0,1000000,3000,4
104857,104857,419428,738,36,144,240.0,0.0,240.0,304,304,164.16666666666666,7,0,1000000,3000,4
104963,104963,419852,739,106,424,602.0,0.0,602.0,681,681,384.188679245283,14,0,1000000,3000,4
105154,105154,420616,740,191,764,1343.0,0.0,1343.0,1439,1439,730.6858638743455,29,0,1000000,3000,4
105400,105400,421600,741,246,984,1030.0,0.0,1030.0,1136,1136,666.7642276422764,23,0,1000000,3000,4
105690,105690,422760,742,290,1160,1905.0,0.0,1905.0,2020,2020,963.3275862068965,41,0,1000000,3000,4
106038,106038,424152,743,348,1392,1007.0,0.0,1007.0,1132,1132,774.6408045977012,23,0,1000000,3000,4
106198,106198,424792,744,160,640,812.0,0.0,812.0,898,898,574.35625,18,0,1000000,3000,4
106482,106482,425928,745,284,1136,1324.0,0.0,1324.0,1438,1438,756.5,29,0,1000000,3000,4
106640,106640,426560,746,158,632,812.0,0.0,812.0,898,899,581.8354430379746,18,0,1000000,3000,4
107081,107081,428324,747,441,1764,3033.0,0.0,3033.0,3161,3161,1526.1043083900227,64,0,1000000,3000,4
107111,107111,428444,748,30,120,248.0,0.0,248.0,310,310,162.43333333333334,7,0,1000000,3000,4
107206,107206,428824,749,95,380,627.0,0.0,627.0,703,703,370.85263157894735,15,0,1000000,3000,4
107241,107241,428964,750,35,140,238.0,0.0,238.0,303,303,155.31428571428572,7,0,1000000,3000,4
107388,107388,429552,751,147,588,1051.0,0.0,1051.0,1137,1137,593.0136054421769,23,0,1000000,3000,4
107489,107489,429956,752,101,404,602.0,0.0,602.0,680,680,393.08910891089107,14,0,1000000,3000,4
107754,107754,431016,753,265,1060,1311.0,0.0,1311.0,1421,1421,749.1698113207547,29,0,1000000,3000,4
107837,107837,431348,754,83,332,619.0,0.0,619.0,692,692,351.30120481927713,14,0,1000000,3000,4
107875,107875,431500,755,38,152,239.0,0.0,239.0,304,304,165.05263157894737,7,0,1000000,3000,4
107991,107991,431964,756,116,464,738.0,0.0,738.0,818,818,506.44827586206895,17,0,1000000,3000,4
108086,108086,432344,757,95,380,633.0,0.0,633.0,710,710,368.90526315789475,15,0,1000000,3000,4
108207,108207,432828,758,121,484,747.0,0.0,747.0,828,828,500.9834710743802,17,0,1000000,3000,4
108294,108294,433176,759,87,348,650.0,0.0,650.0,722,723,383.8735632183908,15,0,1000000,3000,4
108417,108417,433668,760,123,492,580.0,0.0,580.0,661,661,400.650406504065,14,0,1000000,3000,4
108678,108678,434712,761,261,1044,1301.0,0.0,1301.0,1410,1410,707.2873563218391,29,0,1000000,3000,4
108774,108774,435096,762,96,384,628.0,0.0,628.0,704,704,362.0729166666667,15,0,1000000,3000,4
108884,108884,435536,763,110,440,587.0,0.0,587.0,666,666,410.42727272727274,14,0,1000000,3000,4
108921,108921,435684,764,37,148,241.0,0.0,241.0,306,306,154.21621621621622,7,0,1000000,3000,4
108960,108960,435840,765,39,156,236.0,0.0,236.0,300,300,162.43589743589743,7,0,1000000,3000,4
109171,109171,436684,766,211,844,1032.0,0.0,1032.0,1131,1131,590.042654028436,23,0,1000000,3000,4
109209,109209,436836,767,38,152,237.0,0.0,237.0,302,302,158.8421052631579,7,0,1000000,3000,4
109244,109244,436976,768,35,140,238.0,0.0,238.0,302,302,161.74285714285713,7,0,1000000,3000,4
109275,109275,437100,769,31,124,245.0,0.0,245.0,309,309,155.70967741935485,7,0,1000000,3000,4
109314,109314,437256,770,39,156,236.0,0.0,236.0,300,300,157.69230769230768,7,0,1000000,3000,4
109396,109396,437584,771,82,328,620.0,0.0,620.0,693,693,352.8658536585366,14,0,1000000,3000,4
109492,109492,437968,772,96,384,628.0,0.0,628.0,705,705,362.5520833333333,15,0,1000000,3000,4
109652,109652,438608,773,160,640,636.0,0.0,636.0,722,722,482.85,15,0,1000000,3000,4
109687,109687,438748,774,35,140,242.0,0.0,242.0,306,306,156.02857142857144,7,0,1000000,3000,4
109722,109722,438888,775,35,140,243.0,0.0,243.0,308,308,150.22857142857143,7,0,1000000,3000,4
109759,109759,439036,776,37,148,231.0,0.0,231.0,296,296,157.64864864864865,6,0,1000000,3000,4
109797,109797,439188,777,38,152,235.0,0.0,235.0,300,300,158.1578947368421,7,0,1000000,3000,4
109829,109829,439316,778,32,128,246.0,0.0,246.0,310,310,157.03125,7,0,1000000,3000,4
109920,109920,439680,779,91,364,630.0,0.0,630.0,706,706,386.0,15,0,1000000,3000,4
109951,109951,439804,780,31,124,250.0,0.0,250.0,314,314,153.93548387096774,7,0,1000000,3000,4
109982,109982,439928,781,31,124,247.0,0.0,247.0,311,311,156.74193548387098,7,0,1000000,3000,4
110017,110017,440068,782,35,140,243.0,0.0,243.0,306,306,156.02857142857144,7,0,1000000,3000,4
110181,110181,440724,783,164,656,742.0,0.0,742.0,832,832,512.6646341463414,17,0,1000000,3000,4
110467,110467,441868,784,286,1144,1318.0,0.0,1318.0,1433,1433,708.1398601398602,29,0,1000000,3000,4
110690,110690,442760,785,223,892,1026.0,0.0,1026.0,1126,1126,600.6816143497758,23,0,1000000,3000,4
110732,110732,442928,786,42,168,225.0,0.0,225.0,290,290,166.73809523809524,6,0,1000000,3000,4
110771,110771,443084,787,39,156,234.0,0.0,234.0,299,299,166.6153846153846,6,0,1000000,3000,4
110972,110972,443888,788,201,804,739.0,0.0,739.0,836,836,514.0597014925373,17,0,1000000,3000,4
111254,111254,445016,789,282,1128,1023.0,0.0,1023.0,1136,1136,674.6843971631206,23,0,1000000,3000,4
111367,111367,445468,790,113,452,593.0,0.0,593.0,672,672,399.05309734513276,14,0,1000000,3000,4
111452,111452,445808,791,85,340,616.0,0.0,616.0,690,690,357.4470588235294,14,0,1000000,3000,4
111645,111645,446580,792,193,772,1043.0,0.0,1043.0,1138,1138,622.8652849740932,23,0,1000000,3000,4
111746,111746,446984,793,101,404,602.0,0.0,602.0,679,679,397.1782178217822,14,0,1000000,3000,4
111786,111786,447144,794,40,160,237.0,0.0,237.0,302,302,160.95,7,0,1000000,3000,4
111936,111936,447744,795,150,600,737.0,0.0,737.0,824,824,486.46,17,0,1000000,3000,4
111983,111983,447932,796,47,188,218.0,0.0,218.0,284,284,166.59574468085106,6,0,1000000,3000,4
112298,112298,449192,797,315,1260,1828.0,0.0,1828.0,1946,1946,944.4761904761905,39,0,1000000,3000,4
112407,112407,449628,798,109,436,606.0,0.0,606.0,684,684,387.57798165137615,14,0,1000000,3000,4
112446,112446,449784,799,39,156,235.0,0.0,235.0,299,299,163.71794871794873,6,0,1000000,3000,4
112557,112557,450228,800,111,444,613.0,0.0,613.0,691,691,372.47747747747746,14,0,1000000,3000,4
112594,112594,450376,801,37,148,237.0,0.0,237.0,300,300,158.78378378378378,7,0,1000000,3000,4
112755,112755,451020,802,161,644,1043.0,0.0,1043.0,1131,1131,555.2111801242236,23,0,1000000,3000,4
113038,113038,452152,803,283,1132,1025.0,0.0,1025.0,1138,1138,687.7067137809187,23,0,1000000,3000,4
113199,113199,452796,804,161,644,798.0,0.0,798.0,887,887,516.0931677018633,18,0,1000000,3000,4
113324,113324,453296,805,125,500,588.0,0.0,588.0,670,670,393.256,14,0,1000000,3000,4
113524,113524,454096,806,200,800,1337.0,0.0,1337.0,1434,1434,784.15,29,0,1000000,3000,4
113617,113617,454468,807,93,372,611.0,0.0,611.0,686,686,394.02150537634407,14,0,1000000,3000,4
113762,113762,455048,808,145,580,638.0,0.0,638.0,722,723,523.7655172413793,15,0,1000000,3000,4
113849,113849,455396,809,87,348,627.0,0.0,627.0,701,701,359.2758620689655,15,0,1000000,3000,4
114074,114074,456296,810,225,900,691.0,0.0,691.0,792,792,566.3955555555556,16,0,1000000,3000,4
114162,114162,456648,811,88,352,619.0,0.0,619.0,693,693,354.0113636363636,14,0,1000000,3000,4
114336,114336,457344,812,174,696,720.0,0.0,720.0,811,811,492.7528735632184,17,0,1000000,3000,4
114437,114437,457748,813,101,404,631.0,0.0,631.0,709,709,358.5742574257426,15,0,1000000,3000,4
114742,114742,458968,814,305,1220,1017.0,0.0,1017.0,1135,1135,715.0262295081967,23,0,1000000,3000,4
115042,115042,460168,815,300,1200,1301.0,0.0,1301.0,1417,1417,733.4033333333333,29,0,1000000,3000,4
115084,115084,460336,816,42,168,233.0,0.0,233.0,297,297,149.28571428571428,6,0,1000000,3000,4
115255,115255,461020,817,171,684,771.0,0.0,771.0,862,862,510.80116959064327,18,0,1000000,3000,4
115335,115335,461340,818,80,320,622.0,0.0,622.0,694,694,345.175,14,0,1000000,3000,4
115480,115480,461920,819,145,580,760.0,0.0,760.0,845,845,480.5448275862069,17,0,1000000,3000,4
115641,115641,462564,820,161,644,811.0,0.0,811.0,898,898,549.9006211180124,18,0,1000000,3000,4
115672,115672,462688,821,31,124,251.0,0.0,251.0,314,314,149.29032258064515,7,0,1000000,3000,4
115762,115762,463048,822,90,360,626.0,0.0,626.0,701,701,339.9,15,0,1000000,3000,4
115847,115847,463388,823,85,340,617.0,0.0,617.0,690,690,393.61176470588236,14,0,1000000,3000,4
115884,115884,463536,824,37,148,242.0,0.0,242.0,306,306,158.51351351351352,7,0,1000000,3000,4
116013,116013,464052,825,129,516,759.0,0.0,759.0,841,841,494.5891472868217,17,0,1000000,3000,4
116048,116048,464192,826,35,140,246.0,0.0,246.0,309,309,154.68571428571428,7,0,1000000,3000,4
116144,116144,464576,827,96,384,630.0,0.0,630.0,707,707,383.96875,15,0,1000000,3000,4
116177,116177,464708,828,33,132,248.0,0.0,248.0,312,312,155.93939393939394,7,0,1000000,3000,4
116212,116212,464848,829,35,140,246.0,0.0,246.0,310,310,149.6,7,0,1000000,3000,4
116306,116306,465224,830,94,376,622.0,0.0,622.0,697,697,398.5,14,0,1000000,3000,4
116340,116340,465360,831,34,136,241.0,0.0,241.0,305,305,158.44117647058823,7,0,1000000,3000,4
116574,116574,466296,832,234,936,1129.0,0.0,1129.0,1231,1231,687.5555555555555,25,0,1000000,3000,4
116821,116821,467284,833,247,988,1851.0,0.0,1851.0,1958,1958,979.3036437246964,40,0,1000000,3000,4
116985,116985,467940,834,164,656,794.0,0.0,794.0,883,883,531.9329268292682,18,0,1000000,3000,4
117135,117135,468540,835,150,600,637.0,0.0,637.0,722,723,523.9066666666666,15,0,1000000,3000,4
117168,117168,468672,836,33,132,242.0,0.0,242.0,306,306,154.96969696969697,7,0,1000000,3000,4
117200,117200,468800,837,32,128,242.0,0.0,242.0,305,305,170.0,7,0,1000000,3000,4
117234,117234,468936,838,34,136,244.0,0.0,244.0,308,308,149.41176470588235,7,0,1000000,3000,4
117296,117296,469184,839,62,248,611.0,0.0,611.0,679,679,339.7096774193548,14,0,1000000,3000,4
117326,117326,469304,840,30,120,247.0,0.0,247.0,311,311,153.76666666666668,7,0,1000000,3000,4
117501,117501,470004,841,175,700,1046.0,0.0,1046.0,1137,1137,662.1485714285715,23,0,1000000,3000,4
117531,117531,470124,842,30,120,248.0,0.0,248.0,311,311,156.6,7,0,1000000,3000,4
117562,117562,470248,843,31,124,248.0,0.0,248.0,311,311,156.74193548387098,7,0,1000000,3000,4
117719,117719,470876,844,157,628,1038.0,0.0,1038.0,1125,1125,548.4076433121019,23,0,1000000,3000,4
117812,117812,471248,845,93,372,634.0,0.0,634.0,710,710,384.505376344086,15,0,1000000,3000,4
117901,117901,471604,846,89,356,629.0,0.0,629.0,704,704,370.3707865168539,15,0,1000000,3000,4
118021,118021,472084,847,120,480,720.0,0.0,720.0,800,800,476.1166666666667,17,0,1000000,3000,4
118226,118226,472904,848,205,820,1034.0,0.0,1034.0,1131,1131,571.3024390243902,23,0,1000000,3000,4
118409,118409,473636,849,183,732,1037.0,0.0,1037.0,1130,1130,618.7814207650273,23,0,1000000,3000,4
118586,118586,474344,850,177,708,808.0,0.0,808.0,898,898,566.5028248587571,18,0,1000000,3000,4
118687,118687,474748,851,101,404,629.0,0.0,629.0,705,705,379.6039603960396,15,0,1000000,3000,4
118730,118730,474920,852,43,172,228.0,0.0,228.0,293,293,165.34883720930233,6,0,1000000,3000,4
118763,118763,475052,853,33,132,241.0,0.0,241.0,305,305,160.24242424242425,7,0,1000000,3000,4
119044,119044,476176,854,281,1124,1902.0,0.0,1902.0,2016,2016,1026.085409252669,41,0,1000000,3000,4
119304,119304,477216,855,260,1040,1027.0,0.0,1027.0,1136,1136,632.1576923076923,23,0,1000000,3000,4
119338,119338,477352,856,34,136,242.0,0.0,242.0,306,306,152.52941176470588,7,0,1000000,3000,4
119416,119416,477664,857,78,312,632.0,0.0,632.0,705,705,370.03846153846155,15,0,1000000,3000,4
119517,119517,478068,858,101,404,610.0,0.0,610.0,687,687,389.05940594059405,14,0,1000000,3000,4
119608,119608,478432,859,91,364,621.0,0.0,621.0,695,695,391.1758241758242,14,0,1000000,3000,4
119710,119710,478840,860,102,408,629.0,0.0,629.0,706,706,383.4313725490196,15,0,1000000,3000,4
119746,119746,478984,861,36,144,244.0,0.0,244.0,307,307,153.80555555555554,7,0,1000000,3000,4
119781,119781,479124,862,35,140,249.0,0.0,249.0,313,313,145.71428571428572,7,0,1000000,3000,4
119875,119875,479500,863,94,376,633.0,0.0,633.0,708,708,376.24468085106383,15,0,1000000,3000,4
119919,119919,479676,864,44,176,223.0,0.0,223.0,288,288,166.38636363636363,6,0,1000000,3000,4
120240,120240,480960,865,321,1284,1669.0,0.0,1669.0,1789,1789,812.5482866043614,36,0,1000000,3000,4
120280,120280,481120,866,40,160,235.0,0.0,235.0,301,301,157.325,7,0,1000000,3000,4
120324,120324,481296,867,44,176,230.0,0.0,230.0,295,295,139.54545454545453,6,0,1000000,3000,4
120461,120461,481844,868,137,548,711.0,0.0,711.0,795,795,458.06569343065695,16,0,1000000,3000,4
120805,120805,483220,869,344,1376,1000.0,0.0,1000.0,1124,1124,654.2267441860465,23,0,1000000,3000,4
120839,120839,483356,870,34,136,241.0,0.0,241.0,305,305,159.7941176470588,7,0,1000000,3000,4
120961,120961,483844,871,122,488,720.0,0.0,720.0,800,800,480.6803278688525,17,0,1000000,3000,4
121212,121212,484848,872,251,1004,1115.0,0.0,1115.0,1220,1220,669.7609561752988,25,0,1000000,3000,4
121403,121403,485612,873,191,764,1310.0,0.0,1310.0,1405,1405,698.7748691099476,29,0,1000000,3000,4
121486,121486,485944,874,83,332,601.0,0.0,601.0,674,674,338.0120481927711,14,0,1000000,3000,4
121670,121670,486680,875,184,736,764.0,0.0,764.0,857,857,536.070652173913,18,0,1000000,3000,4
121713,121713,486852,876,43,172,227.0,0.0,227.0,292,292,164.46511627906978,6,0,1000000,3000,4
121892,121892,487568,877,179,716,1034.0,0.0,1034.0,1125,1125,622.8547486033519,23,0,1000000,3000,4
121924,121924,487696,878,32,128,246.0,0.0,246.0,310,310,152.34375,7,0,1000000,3000,4
122032,122032,488128,879,108,432,590.0,0.0,590.0,668,668,401.3333333333333,14,0,1000000,3000,4
122124,122124,488496,880,92,368,632.0,0.0,632.0,708,708,387.7391304347826,15,0,1000000,3000,4
122156,122156,488624,881,32,128,246.0,0.0,246.0,310,310,160.65625,7,0,1000000,3000,4
122190,122190,488760,882,34,136,239.0,0.0,239.0,303,303,157.3235294117647,7,0,1000000,3000,4
122226,122226,488904,883,36,144,248.0,0.0,248.0,312,312,149.91666666666666,7,0,1000000,3000,4
122402,122402,489608,884,176,704,808.0,0.0,808.0,898,898,543.4204545454545,18,0,1000000,3000,4
122440,122440,489760,885,38,152,233.0,0.0,233.0,297,297,165.5,6,0,1000000,3000,4
122476,122476,489904,886,36,144,230.0,0.0,230.0,294,294,160.0,6,0,1000000,3000,4
122508,122508,490032,887,32,128,249.0,0.0,249.0,313,313,146.1875,7,0,1000000,3000,4
122710,122710,490840,888,202,808,1330.0,0.0,1330.0,1428,1428,720.1336633663366,29,0,1000000,3000,4
122747,122747,490988,889,37,148,243.0,0.0,243.0,308,308,156.35135135135135,7,0,1000000,3000,4
122779,122779,491116,890,32,128,246.0,0.0,246.0,310,310,153.8125,7,0,1000000,3000,4
122926,122926,491704,891,147,588,798.0,0.0,798.0,883,883,534.1428571428571,18,0,1000000,3000,4
122968,122968,491872,892,42,168,230.0,0.0,230.0,296,296,160.66666666666666,6,0,1000000,3000,4
123146,123146,492584,893,178,712,1038.0,0.0,1038.0,1129,1129,641.3820224719101,23,0,1000000,3000,4
123236,123236,492944,894,90,360,633.0,0.0,633.0,709,709,366.84444444444443,15,0,1000000,3000,4
123270,123270,493080,895,34,136,244.0,0.0,244.0,308,308,150.7941176470588,7,0,1000000,3000,4
123306,123306,493224,896,36,144,242.0,0.0,242.0,307,307,152.38888888888889,7,0,1000000,3000,4
123347,123347,493388,897,41,164,230.0,0.0,230.0,295,295,158.0,6,0,1000000,3000,4
123384,123384,493536,898,37,148,240.0,0.0,240.0,305,305,151.94594594594594,7,0,1000000,3000,4
123424,123424,493696,899,40,160,239.0,0.0,239.0,303,303,152.0,7,0,1000000,3000,4
123562,123562,494248,900,138,552,640.0,0.0,640.0,722,723,500.55797101449275,15,0,1000000,3000,4
123593,123593,494372,901,31,124,245.0,0.0,245.0,308,308,157.09677419354838,7,0,1000000,3000,4
123624,123624,494496,902,31,124,249.0,0.0,249.0,312,312,149.0,7,0,1000000,3000,4
123665,123665,494660,903,41,164,232.0,0.0,232.0,297,297,159.0731707317073,6,0,1000000,3000,4
123733,123733,494932,904,68,272,621.0,0.0,621.0,692,692,353.3382352941176,14,0,1000000,3000,4
123988,123988,495952,905,255,1020,1308.0,0.0,1308.0,1413,1413,747.8274509803922,29,0,1000000,3000,4
124173,124173,496692,906,185,740,1141.0,0.0,1141.0,1234,1234,609.8432432432433,25,0,1000000,3000,4
124205,124205,496820,907,32,128,248.0,0.0,248.0,311,311,147.40625,7,0,1000000,3000,4
124453,124453,497812,908,248,992,1305.0,0.0,1305.0,1410,1410,768.1290322580645,29,0,1000000,3000,4
124668,124668,498672,909,215,860,699.0,0.0,699.0,798,798,569.4,16,0,1000000,3000,4
125124,125124,500496,910,456,1824,1282.0,0.0,1282.0,1431,1431,789.8157894736842,29,0,1000000,3000,4
125315,125315,501260,911,191,764,1043.0,0.0,1043.0,1138,1138,591.17277486911,23,0,1000000,3000,4
125564,125564,502256,912,249,996,1304.0,0.0,1304.0,1410,1410,700.5301204819277,29,0,1000000,3000,4
125601,125601,502404,913,37,148,237.0,0.0,237.0,301,301,158.45945945945945,7,0,1000000,3000,4
125643,125643,502572,914,42,168,230.0,0.0,230.0,295,295,154.28571428571428,6,0,1000000,3000,4
125753,125753,503012,915,110,440,603.0,0.0,603.0,682,682,395.07272727272726,14,0,1000000,3000,4
125992,125992,503968,916,239,956,1024.0,0.0,1024.0,1127,1127,641.723849372385,23,0,1000000,3000,4
126163,126163,504652,917,171,684,728.0,0.0,728.0,819,819,493.44444444444446,17,0,1000000,3000,4
126202,126202,504808,918,39,156,239.0,0.0,239.0,302,302,158.94871794871796,7,0,1000000,3000,4
126236,126236,504944,919,34,136,238.0,0.0,238.0,300,300,163.7058823529412,7,0,1000000,3000,4
126458,126458,505832,920,222,888,693.0,0.0,693.0,793,793,567.7612612612612,16,0,1000000,3000,4
126614,126614,506456,921,156,624,636.0,0.0,636.0,722,723,497.6794871794872,15,0,1000000,3000,4
126649,126649,506596,922,35,140,231.0,0.0,231.0,295,295,170.37142857142857,6,0,1000000,3000,4
126931,126931,507724,923,282,1128,1327.0,0.0,1327.0,1441,1441,720.2340425531914,29,0,1000000,3000,4
126965,126965,507860,924,34,136,236.0,0.0,236.0,300,300,158.8235294117647,7,0,1000000,3000,4
127051,127051,508204,925,86,344,608.0,0.0,608.0,683,683,320.9186046511628,14,0,1000000,3000,4
127401,127401,509604,926,350,1400,1290.0,0.0,1290.0,1417,1417,752.58,29,0,1000000,3000,4
127685,127685,510740,927,284,1136,1906.0,0.0,1906.0,2019,2019,961.7746478873239,41,0,1000000,3000,4
127718,127718,510872,928,33,132,243.0,0.0,243.0,306,306,160.96969696969697,7,0,1000000,3000,4
127810,127810,511240,929,92,368,616.0,0.0,616.0,691,691,332.5326086956522,14,0,1000000,3000,4
128059,128059,512236,930,249,996,1128.0,0.0,1128.0,1234,1234,678.3212851405623,25,0,1000000,3000,4
128249,128249,512996,931,190,760,1318.0,0.0,1318.0,1412,1412,725.9473684210526,29,0,1000000,3000,4
128417,128417,513668,932,168,672,810.0,0.0,810.0,898,898,546.1666666666666,18,0,1000000,3000,4
128653,128653,514612,933,236,944,1411.0,0.0,1411.0,1515,1515,729.2245762711865,31,0,1000000,3000,4
128690,128690,514760,934,37,148,240.0,0.0,240.0,304,304,158.27027027027026,7,0,1000000,3000,4
128957,128957,515828,935,267,1068,1029.0,0.0,1029.0,1138,1138,586.0449438202247,23,0,1000000,3000,4
129065,129065,516260,936,108,432,611.0,0.0,611.0,689,689,383.05555555555554,14,0,1000000,3000,4
129196,129196,516784,937,131,524,742.0,0.0,742.0,825,825,453.62595419847327,17,0,1000000,3000,4
129226,129226,516904,938,30,120,251.0,0.0,251.0,312,312,157.33333333333334,7,0,1000000,3000,4
129424,129424,517696,939,198,792,1031.0,0.0,1031.0,1125,1125,593.0858585858585,23,0,1000000,3000,4
129571,129571,518284,940,147,588,1050.0,0.0,1050.0,1136,1136,588.3673469387755,23,0,1000000,3000,4
129674,129674,518696,941,103,412,615.0,0.0,615.0,692,692,388.02912621359224,14,0,1000000,3000,4
129772,129772,519088,942,98,392,622.0,0.0,622.0,698,698,361.0,14,0,1000000,3000,4
129946,129946,519784,943,174,696,809.0,0.0,809.0,898,900,535.6666666666666,19,0,1000000,3000,4
129979,129979,519916,944,33,132,249.0,0.0,249.0,312,312,150.9090909090909,7,0,1000000,3000,4
130119,130119,520476,945,140,560,721.0,0.0,721.0,805,805,486.4714285714286,17,0,1000000,3000,4
130153,130153,520612,946,34,136,239.0,0.0,239.0,301,301,162.11764705882354,7,0,1000000,3000,4
130344,130344,521376,947,191,764,1035.0,0.0,1035.0,1129,1129,614.1570680628272,23,0,1000000,3000,4
130378,130378,521512,948,34,136,244.0,0.0,244.0,307,307,158.58823529411765,7,0,1000000,3000,4
130419,130419,521676,949,41,164,231.0,0.0,231.0,296,296,160.26829268292684,6,0,1000000,3000,4
130459,130459,521836,950,40,160,232.0,0.0,232.0,295,295,163.425,6,0,1000000,3000,4
130573,130573,522292,951,114,456,616.0,0.0,616.0,694,694,375.0964912280702,14,0,1000000,3000,4
130682,130682,522728,952,109,436,617.0,0.0,617.0,695,695,386.0275229357798,14,0,1000000,3000,4
130854,130854,523416,953,172,688,1035.0,0.0,1035.0,1124,1124,613.5988372093024,23,0,1000000,3000,4
131454,131454,525816,954,600,2400,2575.0,0.0,2575.0,2753,2753,1402.935,56,0,1000000,3000,4
131559,131559,526236,955,105,420,590.0,0.0,590.0,667,667,384.2952380952381,14,0,1000000,3000,4
131765,131765,527060,956,206,824,1124.0,0.0,1124.0,1221,1221,617.2378640776699,25,0,1000000,3000,4
132022,132022,528088,957,257,1028,1309.0,0.0,1309.0,1417,1417,683.15953307393,29,0,1000000,3000,4
132318,132318,529272,958,296,1184,1013.0,0.0,1013.0,1129,1129,635.4594594594595,23,0,1000000,3000,4
132731,132731,530924,959,413,1652,1000.0,0.0,1000.0,1139,1139,707.8401937046004,23,0,1000000,3000,4
132838,132838,531352,960,107,428,605.0,0.0,605.0,683,683,377.4485981308411,14,0,1000000,3000,4
133381,133381,533524,961,543,2172,1349.0,0.0,1349.0,1514,1514,734.633517495396,31,0,1000000,3000,4
133411,133411,533644,962,30,120,250.0,0.0,250.0,314,314,154.83333333333334,7,0,1000000,3000,4
133524,133524,534096,963,113,452,623.0,0.0,623.0,702,702,365.0353982300885,15,0,1000000,3000,4
133766,133766,535064,964,242,968,1130.0,0.0,1130.0,1235,1235,691.1363636363636,25,0,1000000,3000,4
133907,133907,535628,965,141,564,815.0,0.0,815.0,898,898,545.5531914893617,18,0,1000000,3000,4
134143,134143,536572,966,236,944,1404.0,0.0,1404.0,1507,1507,744.9533898305085,31,0,1000000,3000,4
134178,134178,536712,967,35,140,246.0,0.0,246.0,310,310,148.77142857142857,7,0,1000000,3000,4
134214,134214,536856,968,36,144,248.0,0.0,248.0,313,313,149.97222222222223,7,0,1000000,3000,4
134253,134253,537012,969,39,156,239.0,0.0,239.0,303,303,157.35897435897436,7,0,1000000,3000,4
134325,134325,537300,970,72,288,607.0,0.0,607.0,679,679,318.2083333333333,14,0,1000000,3000,4
134616,134616,538464,971,291,1164,785.0,0.0,785.0,898,899,610.0996563573883,18,0,1000000,3000,4
134710,134710,538840,972,94,376,620.0,0.0,620.0,695,695,331.2659574468085,14,0,1000000,3000,4
134941,134941,539764,973,231,924,1662.0,0.0,1662.0,1764,1764,882.1428571428571,36,0,1000000,3000,4
135217,135217,540868,974,276,1104,1302.0,0.0,1302.0,1412,1412,691.5326086956521,29,0,1000000,3000,4
135708,135708,542832,975,491,1964,986.0,0.0,986.0,1140,1140,723.9511201629327,23,0,1000000,3000,4
135828,135828,543312,976,120,480,600.0,0.0,600.0,680,680,347.3,14,0,1000000,3000,4
136244,136244,544976,977,416,1664,999.0,0.0,999.0,1139,1139,715.5384615384615,23,0,1000000,3000,4
136287,136287,545148,978,43,172,235.0,0.0,235.0,301,301,142.30232558139534,7,0,1000000,3000,4
136622,136622,546488,979,335,1340,1002.0,0.0,1002.0,1124,1124,694.4835820895522,23,0,1000000,3000,4
136661,136661,546644,980,39,156,234.0,0.0,234.0,297,297,156.02564102564102,6,0,1000000,3000,4
136836,136836,547344,981,175,700,746.0,0.0,746.0,838,838,550.0685714285714,17,0,1000000,3000,4
136952,136952,547808,982,116,464,599.0,0.0,599.0,679,679,365.4913793103448,14,0,1000000,3000,4
137053,137053,548212,983,101,404,616.0,0.0,616.0,693,693,359.94059405940595,14,0,1000000,3000,4
137571,137571,550284,984,518,2072,993.0,0.0,993.0,1154,1154,764.0849420849421,24,0,1000000,3000,4
138006,138006,552024,985,435,1740,1370.0,0.0,1370.0,1513,1513,766.7540229885058,31,0,1000000,3000,4
138154,138154,552616,986,148,592,638.0,0.0,638.0,722,723,492.3783783783784,15,0,1000000,3000,4
138192,138192,552768,987,38,152,237.0,0.0,237.0,301,301,153.81578947368422,7,0,1000000,3000,4
138471,138471,553884,988,279,1116,1300.0,0.0,1300.0,1411,1411,707.9784946236559,29,0,1000000,3000,4
138869,138869,555476,989,398,1592,1268.0,0.0,1268.0,1404,1404,745.1331658291457,29,0,1000000,3000,4
138990,138990,555960,990,121,484,610.0,0.0,610.0,691,691,358.25619834710744,14,0,1000000,3000,4
139146,139146,556584,991,156,624,798.0,0.0,798.0,885,885,539.5961538461538,18,0,1000000,3000,4
139238,139238,556952,992,92,368,610.0,0.0,610.0,685,685,386.7608695652174,14,0,1000000,3000,4
139542,139542,558168,993,304,1216,1103.0,0.0,1103.0,1218,1218,696.7236842105264,25,0,1000000,3000,4
139598,139598,558392,994,56,224,208.0,0.0,208.0,275,275,145.83928571428572,6,0,1000000,3000,4
139810,139810,559240,995,212,848,751.0,0.0,751.0,850,850,523.2311320754717,18,0,1000000,3000,4
140025,140025,560100,996,215,860,693.0,0.0,693.0,793,793,543.1906976744186,16,0,1000000,3000,4
140167,140167,560668,997,142,568,591.0,0.0,591.0,677,677,427.69718309859155,14,0,1000000,3000,4
140217,140217,560868,998,50,200,223.0,0.0,223.0,290,290,145.82,6,0,1000000,3000,4
140351,140351,561404,999,134,536,598.0,0.0,598.0,681,681,360.3880597014925,14,0,1000000,3000,4
140570,140570,562280,1000,219,876,705.0,0.0,705.0,805,805,538.62100456621,17,0,1000000,3000,4
140741,140741,562964,1001,171,684,1040.0,0.0,1040.0,1131,1131,642.9181286549708,23,0,1000000,3000,4
140952,140952,563808,1002,211,844,801.0,0.0,801.0,898,899,537.2890995260664,18,0,1000000,3000,4
141075,141075,564300,1003,123,492,617.0,0.0,617.0,699,699,323.7154471544715,14,0,1000000,3000,4
141293,141293,565172,1004,218,872,1132.0,0.0,1132.0,1231,1231,653.0688073394496,25,0,1000000,3000,4
141532,141532,566128,1005,239,956,1333.0,0.0,1333.0,1438,1438,708.9916317991632,29,0,1000000,3000,4
141575,141575,566300,1006,43,172,241.0,0.0,241.0,306,306,137.41860465116278,7,0,1000000,3000,4
141614,141614,566456,1007,39,156,245.0,0.0,245.0,309,309,147.10256410256412,7,0,1000000,3000,4
141735,141735,566940,1008,121,484,717.0,0.0,717.0,798,798,443.2809917355372,16,0,1000000,3000,4
141829,141829,567316,1009,94,376,627.0,0.0,627.0,703,703,398.1276595744681,15,0,1000000,3000,4
141953,141953,567812,1010,124,496,577.0,0.0,577.0,658,658,413.93548387096774,14,0,1000000,3000,4
141994,141994,567976,1011,41,164,228.0,0.0,228.0,293,293,164.8048780487805,6,0,1000000,3000,4
142177,142177,568708,1012,183,732,1428.0,0.0,1428.0,1522,1522,745.8087431693989,31,0,1000000,3000,4
142342,142342,569368,1013,165,660,1343.0,0.0,1343.0,1433,1433,662.3454545454546,29,0,1000000,3000,4
142436,142436,569744,1014,94,376,624.0,0.0,624.0,700,700,362.0,15,0,1000000,3000,4
142602,142602,570408,1015,166,664,634.0,0.0,634.0,722,722,480.0722891566265,15,0,1000000,3000,4
142899,142899,571596,1016,297,1188,1125.0,0.0,1125.0,1242,1242,757.053872053872,25,0,1000000,3000,4
143164,143164,572656,1017,265,1060,1300.0,0.0,1300.0,1409,1409,758.8150943396226,29,0,1000000,3000,4
143262,143262,573048,1018,98,392,613.0,0.0,613.0,690,690,357.3265306122449,14,0,1000000,3000,4
143357,143357,573428,1019,95,380,600.0,0.0,600.0,675,675,414.6,14,0,1000000,3000,4
143535,143535,574140,1020,178,712,599.0,0.0,599.0,691,691,444.2752808988764,14,0,1000000,3000,4
143573,143573,574292,1021,38,152,240.0,0.0,240.0,305,305,153.81578947368422,7,0,1000000,3000,4
143809,143809,575236,1022,236,944,1035.0,0.0,1035.0,1139,1139,692.0169491525423,23,0,1000000,3000,4
143842,143842,575368,1023,33,132,250.0,0.0,250.0,314,314,152.27272727272728,7,0,1000000,3000,4
143980,143980,575920,1024,138,552,582.0,0.0,582.0,666,666,457.036231884058,14,0,1000000,3000,4
144060,144060,576240,1025,80,320,621.0,0.0,621.0,694,694,355.7,14,0,1000000,3000,4
144152,144152,576608,1026,92,368,649.0,0.0,649.0,722,722,363.8369565217391,15,0,1000000,3000,4
144262,144262,577048,1027,110,440,624.0,0.0,624.0,704,704,359.03636363636366,15,0,1000000,3000,4
144297,144297,577188,1028,35,140,239.0,0.0,239.0,303,303,159.0,7,0,1000000,3000,4
144439,144439,577756,1029,142,568,639.0,0.0,639.0,722,723,517.7816901408451,15,0,1000000,3000,4
144774,144774,579096,1030,335,1340,1297.0,0.0,1297.0,1421,1421,755.9940298507463,29,0,1000000,3000,4
144956,144956,579824,1031,182,728,807.0,0.0,807.0,898,899,594.4835164835165,18,0,1000000,3000,4
145187,145187,580748,1032,231,924,1028.0,0.0,1028.0,1130,1130,674.3593073593073,23,0,1000000,3000,4
145355,145355,581420,1033,168,672,573.0,0.0,573.0,663,663,478.4345238095238,14,0,1000000,3000,4
145385,145385,581540,1034,30,120,248.0,0.0,248.0,312,312,153.33333333333334,7,0,1000000,3000,4
145483,145483,581932,1035,98,392,624.0,0.0,624.0,700,700,352.3673469387755,15,0,1000000,3000,4
145909,145909,583636,1036,426,1704,1274.0,0.0,1274.0,1415,1415,717.6267605633802,29,0,1000000,3000,4
145985,145985,583940,1037,76,304,621.0,0.0,621.0,693,693,337.0394736842105,14,0,1000000,3000,4
146451,146451,585804,1038,466,1864,1281.0,0.0,1281.0,1432,1432,791.3690987124463,29,0,1000000,3000,4
146655,146655,586620,1039,204,816,1320.0,0.0,1320.0,1416,1416,667.8186274509804,29,0,1000000,3000,4
146689,146689,586756,1040,34,136,232.0,0.0,232.0,295,295,166.7058823529412,6,0,1000000,3000,4
146802,146802,587208,1041,113,452,632.0,0.0,632.0,711,711,364.14159292035396,15,0,1000000,3000,4
147403,147403,589612,1042,601,2404,953.0,0.0,953.0,1129,1129,730.1064891846922,23,0,1000000,3000,4
147504,147504,590016,1043,101,404,612.0,0.0,612.0,689,689,381.2475247524753,14,0,1000000,3000,4
148071,148071,592284,1044,567,2268,1240.0,0.0,1240.0,1410,1410,741.0529100529101,29,0,1000000,3000,4
148108,148108,592432,1045,37,148,235.0,0.0,235.0,299,299,157.40540540540542,6,0,1000000,3000,4
148260,148260,593040,1046,152,608,637.0,0.0,637.0,722,722,486.92105263157896,15,0,1000000,3000,4
148300,148300,593200,1047,40,160,237.0,0.0,237.0,302,302,150.075,7,0,1000000,3000,4
148392,148392,593568,1048,92,368,619.0,0.0,619.0,695,695,350.0869565217391,14,0,1000000,3000,4
148495,148495,593980,1049,103,412,616.0,0.0,616.0,693,693,390.75728155339806,14,0,1000000,3000,4
148904,148904,595616,1050,409,1636,677.0,0.0,677.0,816,816,629.5256723716382,17,0,1000000,3000,4
148946,148946,595784,1051,42,168,229.0,0.0,229.0,293,293,159.78571428571428,6,0,1000000,3000,4
149061,149061,596244,1052,115,460,586.0,0.0,586.0,666,666,396.2173913043478,14,0,1000000,3000,4
149217,149217,596868,1053,156,624,636.0,0.0,636.0,722,722,506.02564102564105,15,0,1000000,3000,4
149744,149744,598976,1054,527,2108,965.0,0.0,965.0,1126,1126,774.6660341555977,23,0,1000000,3000,4
149838,149838,599352,1055,94,376,624.0,0.0,624.0,700,700,377.5425531914894,15,0,1000000,3000,4
149941,149941,599764,1056,103,412,589.0,0.0,589.0,666,666,401.3495145631068,14,0,1000000,3000,4
150067,150067,600268,1057,126,504,721.0,0.0,721.0,803,803,480.53968253968253,17,0,1000000,3000,4
150106,150106,600424,1058,39,156,241.0,0.0,241.0,305,305,146.66666666666666,7,0,1000000,3000,4
150379,150379,601516,1059,273,1092,1014.0,0.0,1014.0,1123,1123,737.7289377289377,23,0,1000000,3000,4
150533,150533,602132,1060,154,616,637.0,0.0,637.0,722,723,484.34415584415586,15,0,1000000,3000,4
150637,150637,602548,1061,104,416,593.0,0.0,593.0,669,669,390.00961538461536,14,0,1000000,3000,4
150747,150747,602988,1062,110,440,616.0,0.0,616.0,695,695,362.73636363636365,14,0,1000000,3000,4
151018,151018,604072,1063,271,1084,1017.0,0.0,1017.0,1127,1127,631.269372693727,23,0,1000000,3000,4
151053,151053,604212,1064,35,140,241.0,0.0,241.0,306,306,151.71428571428572,7,0,1000000,3000,4
151252,151252,605008,1065,199,796,743.0,0.0,743.0,839,839,536.5326633165829,17,0,1000000,3000,4
151395,151395,605580,1066,143,572,639.0,0.0,639.0,722,722,517.9020979020979,15,0,1000000,3000,4
151493,151493,605972,1067,98,392,628.0,0.0,628.0,705,705,343.6326530612245,15,0,1000000,3000,4
151673,151673,606692,1068,180,720,701.0,0.0,701.0,793,793,478.56666666666666,16,0,1000000,3000,4
151784,151784,607136,1069,111,444,593.0,0.0,593.0,672,672,391.8018018018018,14,0,1000000,3000,4
151822,151822,607288,1070,38,152,240.0,0.0,240.0,304,304,153.5,7,0,1000000,3000,4
152188,152188,608752,1071,366,1464,732.0,0.0,732.0,863,863,639.5027322404371,18,0,1000000,3000,4
152223,152223,608892,1072,35,140,250.0,0.0,250.0,314,314,151.5142857142857,7,0,1000000,3000,4
152379,152379,609516,1073,156,624,636.0,0.0,636.0,722,722,499.43589743589746,15,0,1000000,3000,4
152484,152484,609936,1074,105,420,630.0,0.0,630.0,708,708,351.7238095238095,15,0,1000000,3000,4
152590,152590,610360,1075,106,424,592.0,0.0,592.0,669,669,401.6509433962264,14,0,1000000,3000,4
152629,152629,610516,1076,39,156,240.0,0.0,240.0,304,304,156.4102564102564,7,0,1000000,3000,4
152737,152737,610948,1077,108,432,602.0,0.0,602.0,679,679,382.6296296296296,14,0,1000000,3000,4
152897,152897,611588,1078,160,640,811.0,0.0,811.0,898,898,562.85,18,0,1000000,3000,4
152934,152934,611736,1079,37,148,241.0,0.0,241.0,305,305,157.43243243243242,7,0,1000000,3000,4
152966,152966,611864,1080,32,128,241.0,0.0,241.0,304,304,166.0625,7,0,1000000,3000,4
153426,153426,613704,1081,460,1840,1275.0,0.0,1275.0,1424,1424,720.508695652174,29,0,1000000,3000,4
153463,153463,613852,1082,37,148,243.0,0.0,243.0,306,306,158.02702702702703,7,0,1000000,3000,4
153614,153614,614456,1083,151,604,766.0,0.0,766.0,853,853,478.17218543046357,18,0,1000000,3000,4
153943,153943,615772,1084,329,1316,1556.0,0.0,1556.0,1679,1679,802.9452887537994,34,0,1000000,3000,4
154130,154130,616520,1085,187,748,1150.0,0.0,1150.0,1243,1243,626.6470588235294,25,0,1000000,3000,4
154165,154165,616660,1086,35,140,245.0,0.0,245.0,308,308,158.05714285714285,7,0,1000000,3000,4
154431,154431,617724,1087,266,1064,1406.0,0.0,1406.0,1515,1515,755.9097744360902,31,0,1000000,3000,4
154523,154523,618092,1088,92,368,604.0,0.0,604.0,680,680,316.3152173913044,14,0,1000000,3000,4
154562,154562,618248,1089,39,156,237.0,0.0,237.0,302,302,149.46153846153845,7,0,1000000,3000,4
154919,154919,619676,1090,357,1428,1002.0,0.0,1002.0,1129,1129,686.9411764705883,23,0,1000000,3000,4
155174,155174,620696,1091,255,1020,1019.0,0.0,1019.0,1126,1126,673.3176470588236,23,0,1000000,3000,4
155207,155207,620828,1092,33,132,250.0,0.0,250.0,314,314,144.36363636363637,7,0,1000000,3000,4
155600,155600,622400,1093,393,1572,1281.0,0.0,1281.0,1415,1415,689.1628498727736,29,0,1000000,3000,4
155707,155707,622828,1094,107,428,611.0,0.0,611.0,689,689,385.8785046728972,14,0,1000000,3000,4
155852,155852,623408,1095,145,580,639.0,0.0,639.0,722,722,512.1034482758621,15,0,1000000,3000,4
156015,156015,624060,1096,163,652,811.0,0.0,811.0,898,899,537.6748466257669,18,0,1000000,3000,4
156055,156055,624220,1097,40,160,230.0,0.0,230.0,295,295,159.975,6,0,1000000,3000,4
156306,156306,625224,1098,251,1004,1319.0,0.0,1319.0,1426,1426,741.6414342629482,29,0,1000000,3000,4
156391,156391,625564,1099,85,340,650.0,0.0,650.0,722,722,360.90588235294115,15,0,1000000,3000,4
156485,156485,625940,1100,94,376,635.0,0.0,635.0,711,711,363.0851063829787,15,0,1000000,3000,4
156588,156588,626352,1101,103,412,621.0,0.0,621.0,699,699,383.621359223301,14,0,1000000,3000,4
156794,156794,627176,1102,206,824,1031.0,0.0,1031.0,1127,1127,597.1359223300971,23,0,1000000,3000,4
156990,156990,627960,1103,196,784,746.0,0.0,746.0,841,841,561.4795918367347,17,0,1000000,3000,4
157215,157215,628860,1104,225,900,1024.0,0.0,1024.0,1124,1124,651.7066666666667,23,0,1000000,3000,4
157509,157509,630036,1105,294,1176,1400.0,0.0,1400.0,1515,1515,739.8605442176871,31,0,1000000,3000,4
157549,157549,630196,1106,40,160,225.0,0.0,225.0,290,290,170.45,6,0,1000000,3000,4
157652,157652,630608,1107,103,412,631.0,0.0,631.0,708,708,377.54368932038835,15,0,1000000,3000,4
157885,157885,631540,1108,233,932,1333.0,0.0,1333.0,1437,1437,765.068669527897,29,0,1000000,3000,4
157968,157968,631872,1109,83,332,628.0,0.0,628.0,702,702,373.6385542168675,15,0,1000000,3000,4
158205,158205,632820,1110,237,948,1412.0,0.0,1412.0,1517,1517,711.7805907172996,31,0,1000000,3000,4
158250,158250,633000,1111,45,180,219.0,0.0,219.0,285,285,166.95555555555555,6,0,1000000,3000,4
158549,158549,634196,1112,299,1196,1868.0,0.0,1868.0,1984,1984,950.3745819397993,40,0,1000000,3000,4
158688,158688,634752,1113,139,556,788.0,0.0,788.0,871,871,545.6402877697842,18,0,1000000,3000,4
158861,158861,635444,1114,173,692,809.0,0.0,809.0,898,898,568.0462427745665,18,0,1000000,3000,4
158901,158901,635604,1115,40,160,235.0,0.0,235.0,300,300,163.975,7,0,1000000,3000,4
159169,159169,636676,1116,268,1072,1303.0,0.0,1303.0,1413,1413,696.4253731343283,29,0,1000000,3000,4
159263,159263,637052,1117,94,376,631.0,0.0,631.0,707,707,382.09574468085106,15,0,1000000,3000,4
159305,159305,637220,1118,42,168,233.0,0.0,233.0,299,299,152.88095238095238,6,0,1000000,3000,4
159513,159513,638052,1119,208,832,1423.0,0.0,1423.0,1522,1522,740.6634615384615,31,0,1000000,3000,4
159544,159544,638176,1120,31,124,249.0,0.0,249.0,311,311,150.7741935483871,7,0,1000000,3000,4
159589,159589,638356,1121,45,180,221.0,0.0,221.0,287,287,165.86666666666667,6,0,1000000,3000,4
159778,159778,639112,1122,189,756,1316.0,0.0,1316.0,1410,1410,681.4867724867725,29,0,1000000,3000,4
159814,159814,639256,1123,36,144,243.0,0.0,243.0,307,307,155.61111111111111,7,0,1000000,3000,4
159995,159995,639980,1124,181,724,1035.0,0.0,1035.0,1126,1126,630.9226519337017,23,0,1000000,3000,4
160040,160040,640160,1125,45,180,221.0,0.0,221.0,286,286,163.53333333333333,6,0,1000000,3000,4
160157,160157,640628,1126,117,468,603.0,0.0,603.0,683,683,386.13675213675214,14,0,1000000,3000,4
160427,160427,641708,1127,270,1080,1320.0,0.0,1320.0,1432,1432,734.4037037037037,29,0,1000000,3000,4
160631,160631,642524,1128,204,816,1314.0,0.0,1314.0,1410,1410,752.9558823529412,29,0,1000000,3000,4
160792,160792,643168,1129,161,644,811.0,0.0,811.0,898,899,535.1366459627329,18,0,1000000,3000,4
160833,160833,643332,1130,41,164,233.0,0.0,233.0,298,298,162.17073170731706,6,0,1000000,3000,4
160875,160875,643500,1131,42,168,236.0,0.0,236.0,301,301,156.3095238095238,7,0,1000000,3000,4
161044,161044,644176,1132,169,676,1048.0,0.0,1048.0,1138,1138,603.4970414201183,23,0,1000000,3000,4
161205,161205,644820,1133,161,644,749.0,0.0,749.0,838,838,495.37888198757764,17,0,1000000,3000,4
161385,161385,645540,1134,180,720,1034.0,0.0,1034.0,1125,1125,598.4166666666666,23,0,1000000,3000,4
161584,161584,646336,1135,199,796,1040.0,0.0,1040.0,1136,1136,568.2462311557789,23,0,1000000,3000,4
161624,161624,646496,1136,40,160,233.0,0.0,233.0,297,297,156.175,6,0,1000000,3000,4
161669,161669,646676,1137,45,180,215.0,0.0,215.0,280,280,169.42222222222222,6,0,1000000,3000,4
161711,161711,646844,1138,42,168,228.0,0.0,228.0,293,293,158.57142857142858,6,0,1000000,3000,4
161744,161744,646976,1139,33,132,242.0,0.0,242.0,305,305,163.3030303030303,7,0,1000000,3000,4
161785,161785,647140,1140,41,164,232.0,0.0,232.0,297,297,157.390243902439,6,0,1000000,3000,4
162019,162019,648076,1141,234,936,1028.0,0.0,1028.0,1130,1130,619.4615384615385,23,0,1000000,3000,4
162204,162204,648816,1142,185,740,1045.0,0.0,1045.0,1138,1138,592.0108108108108,23,0,1000000,3000,4
162427,162427,649708,1143,223,892,1037.0,0.0,1037.0,1137,1137,600.0,23,0,1000000,3000,4
162466,162466,649864,1144,39,156,231.0,0.0,231.0,295,295,160.3846153846154,6,0,1000000,3000,4
162510,162510,650040,1145,44,176,228.0,0.0,228.0,292,292,154.04545454545453,6,0,1000000,3000,4
162551,162551,650204,1146,41,164,233.0,0.0,233.0,298,298,157.90243902439025,6,0,1000000,3000,4
162752,162752,651008,1147,201,804,1034.0,0.0,1034.0,1131,1131,633.592039800995,23,0,1000000,3000,4
162996,162996,651984,1148,244,976,1034.0,0.0,1034.0,1139,1139,609.2172131147541,23,0,1000000,3000,4
163038,163038,652152,1149,42,168,230.0,0.0,230.0,294,294,156.11904761904762,6,0,1000000,3000,4
163078,163078,652312,1150,40,160,229.0,0.0,229.0,294,294,161.325,6,0,1000000,3000,4
163121,163121,652484,1151,43,172,231.0,0.0,231.0,295,295,156.27906976744185,6,0,1000000,3000,4
163243,163243,652972,1152,122,488,602.0,0.0,602.0,683,683,352.0327868852459,14,0,1000000,3000,4
163285,163285,653140,1153,42,168,229.0,0.0,229.0,293,293,164.66666666666666,6,0,1000000,3000,4
163332,163332,653328,1154,47,188,227.0,0.0,227.0,293,293,154.04255319148936,6,0,1000000,3000,4
163586,163586,654344,1155,254,1016,1046.0,0.0,1046.0,1154,1154,551.3661417322835,24,0,1000000,3000,4
163629,163629,654516,1156,43,172,228.0,0.0,228.0,293,293,154.13953488372093,6,0,1000000,3000,4
163765,163765,655060,1157,136,544,594.0,0.0,594.0,678,678,377.5147058823529,14,0,1000000,3000,4
163809,163809,655236,1158,44,176,227.0,0.0,227.0,291,291,160.1590909090909,6,0,1000000,3000,4
163856,163856,655424,1159,47,188,231.0,0.0,231.0,298,298,145.2127659574468,6,0,1000000,3000,4
164211,164211,656844,1160,355,1420,1286.0,0.0,1286.0,1414,1414,713.887323943662,29,0,1000000,3000,4
164261,164261,657044,1161,50,200,211.0,0.0,211.0,276,276,162.24,6,0,1000000,3000,4
164300,164300,657200,1162,39,156,233.0,0.0,233.0,297,297,163.76923076923077,6,0,1000000,3000,4
164597,164597,658388,1163,297,1188,1109.0,0.0,1109.0,1225,1225,613.7777777777778,25,0,1000000,3000,4
164641,164641,658564,1164,44,176,226.0,0.0,226.0,291,291,161.52272727272728,6,0,1000000,3000,4
164749,164749,658996,1165,108,432,611.0,0.0,611.0,689,689,358.712962962963,14,0,1000000,3000,4
164954,164954,659816,1166,205,820,1129.0,0.0,1129.0,1225,1225,651.829268292683,25,0,1000000,3000,4
164997,164997,659988,1167,43,172,233.0,0.0,233.0,298,298,144.51162790697674,6,0,1000000,3000,4
165030,165030,660120,1168,33,132,234.0,0.0,234.0,298,298,158.06060606060606,6,0,1000000,3000,4
165065,165065,660260,1169,35,140,238.0,0.0,238.0,302,302,165.45714285714286,7,0,1000000,3000,4
165104,165104,660416,1170,39,156,237.0,0.0,237.0,302,302,159.84615384615384,7,0,1000000,3000,4
165329,165329,661316,1171,225,900,1308.0,0.0,1308.0,1408,1408,706.1733333333333,29,0,1000000,3000,4
165369,165369,661476,1172,40,160,231.0,0.0,231.0,297,297,153.975,6,0,1000000,3000,4
165560,165560,662240,1173,191,764,1133.0,0.0,1133.0,1228,1228,632.1413612565445,25,0,1000000,3000,4
165855,165855,663420,1174,295,1180,1289.0,0.0,1289.0,1404,1404,747.3593220338983,29,0,1000000,3000,4
165895,165895,663580,1175,40,160,237.0,0.0,237.0,302,302,148.225,7,0,1000000,3000,4
166107,166107,664428,1176,212,848,1038.0,0.0,1038.0,1137,1137,580.0754716981132,23,0,1000000,3000,4
166226,166226,664904,1177,119,476,620.0,0.0,620.0,700,700,343.74789915966386,15,0,1000000,3000,4
166266,166266,665064,1178,40,160,237.0,0.0,237.0,302,302,146.4,7,0,1000000,3000,4
166531,166531,666124,1179,265,1060,1402.0,0.0,1402.0,1511,1511,763.4981132075471,31,0,1000000,3000,4
166572,166572,666288,1180,41,164,231.0,0.0,231.0,296,296,162.390243902439,6,0,1000000,3000,4
166763,166763,667052,1181,191,764,1043.0,0.0,1043.0,1138,1138,557.3246073298429,23,0,1000000,3000,4
166911,166911,667644,1182,148,592,713.0,0.0,713.0,799,799,491.7905405405405,16,0,1000000,3000,4
167007,167007,668028,1183,96,384,624.0,0.0,624.0,700,700,362.40625,15,0,1000000,3000,4
167313,167313,669252,1184,306,1224,1393.0,0.0,1393.0,1511,1511,707.0,31,0,1000000,3000,4
167583,167583,670332,1185,270,1080,1028.0,0.0,1028.0,1138,1138,618.5333333333333,23,0,1000000,3000,4
167623,167623,670492,1186,40,160,238.0,0.0,238.0,302,302,156.725,7,0,1000000,3000,4
167663,167663,670652,1187,40,160,236.0,0.0,236.0,301,301,152.925,7,0,1000000,3000,4
167697,167697,670788,1188,34,136,244.0,0.0,244.0,306,306,158.8235294117647,7,0,1000000,3000,4
167734,167734,670936,1189,37,148,239.0,0.0,239.0,303,303,156.48648648648648,7,0,1000000,3000,4
167786,167786,671144,1190,52,208,209.0,0.0,209.0,275,275,157.03846153846155,6,0,1000000,3000,4
167821,167821,671284,1191,35,140,245.0,0.0,245.0,309,309,152.25714285714287,7,0,1000000,3000,4
168004,168004,672016,1192,183,732,608.0,0.0,608.0,700,700,417.10382513661204,15,0,1000000,3000,4
168051,168051,672204,1193,47,188,229.0,0.0,229.0,294,294,148.0212765957447,6,0,1000000,3000,4
168098,168098,672392,1194,47,188,238.0,0.0,238.0,303,303,130.46808510638297,7,0,1000000,3000,4
168326,168326,673304,1195,228,912,1036.0,0.0,1036.0,1138,1138,583.188596491228,23,0,1000000,3000,4
168366,168366,673464,1196,40,160,244.0,0.0,244.0,309,309,139.25,7,0,1000000,3000,4
168424,168424,673696,1197,58,232,193.0,0.0,193.0,261,261,162.29310344827587,6,0,1000000,3000,4
168621,168621,674484,1198,197,788,1032.0,0.0,1032.0,1126,1126,617.1928934010152,23,0,1000000,3000,4
168665,168665,674660,1199,44,176,224.0,0.0,224.0,288,288,163.02272727272728,6,0,1000000,3000,4
168904,168904,675616,1200,239,956,1302.0,0.0,1302.0,1406,1406,692.3891213389121,29,0,1000000,3000,4
169074,169074,676296,1201,170,680,767.0,0.0,767.0,858,858,547.2705882352941,18,0,1000000,3000,4
169370,169370,677480,1202,296,1184,1294.0,0.0,1294.0,1410,1410,727.6993243243244,29,0,1000000,3000,4
169418,169418,677672,1203,48,192,214.0,0.0,214.0,279,279,169.58333333333334,6,0,1000000,3000,4
169529,169529,678116,1204,111,444,597.0,0.0,597.0,676,676,376.45045045045043,14,0,1000000,3000,4
169571,169571,678284,1205,42,168,225.0,0.0,225.0,289,289,166.26190476190476,6,0,1000000,3000,4
169830,169830,679320,1206,259,1036,1681.0,0.0,1681.0,1790,1790,887.1660231660231,36,0,1000000,3000,4
170165,170165,680660,1207,335,1340,1394.0,0.0,1394.0,1519,1519,759.6567164179105,31,0,1000000,3000,4
170198,170198,680792,1208,33,132,243.0,0.0,243.0,307,307,149.6060606060606,7,0,1000000,3000,4
170299,170299,681196,1209,101,404,620.0,0.0,620.0,696,696,359.8811881188119,14,0,1000000,3000,4
170422,170422,681688,1210,123,492,599.0,0.0,599.0,679,679,380.9756097560976,14,0,1000000,3000,4
170457,170457,681828,1211,35,140,247.0,0.0,247.0,311,311,147.88571428571427,7,0,1000000,3000,4
170488,170488,681952,1212,31,124,249.0,0.0,249.0,313,313,148.41935483870967,7,0,1000000,3000,4
170570,170570,682280,1213,82,328,612.0,0.0,612.0,686,686,350.9146341463415,14,0,1000000,3000,4
170668,170668,682672,1214,98,392,614.0,0.0,614.0,690,690,393.7959183673469,14,0,1000000,3000,4
170808,170808,683232,1215,140,560,622.0,0.0,622.0,706,706,375.12142857142857,15,0,1000000,3000,4
170842,170842,683368,1216,34,136,239.0,0.0,239.0,302,302,157.88235294117646,7,0,1000000,3000,4
170875,170875,683500,1217,33,132,251.0,0.0,251.0,315,315,155.87878787878788,7,0,1000000,3000,4
170906,170906,683624,1218,31,124,247.0,0.0,247.0,310,310,159.4516129032258,7,0,1000000,3000,4
170946,170946,683784,1219,40,160,233.0,0.0,233.0,298,298,156.65,6,0,1000000,3000,4
170981,170981,683924,1220,35,140,247.0,0.0,247.0,311,311,144.74285714285713,7,0,1000000,3000,4
171023,171023,684092,1221,42,168,234.0,0.0,234.0,300,300,150.11904761904762,7,0,1000000,3000,4
171324,171324,685296,1222,301,1204,1314.0,0.0,1314.0,1432,1432,709.8970099667774,29,0,1000000,3000,4
171472,171472,685888,1223,148,592,1049.0,0.0,1049.0,1135,1135,568.3243243243244,23,0,1000000,3000,4
171514,171514,686056,1224,42,168,242.0,0.0,242.0,306,306,137.57142857142858,7,0,1000000,3000,4
171566,171566,686264,1225,52,208,203.0,0.0,203.0,269,269,155.96153846153845,6,0,1000000,3000,4
171625,171625,686500,1226,59,236,194.0,0.0,194.0,261,261,165.16949152542372,6,0,1000000,3000,4
171695,171695,686780,1227,70,280,208.0,0.0,208.0,278,278,128.97142857142856,6,0,1000000,3000,4
171955,171955,687820,1228,260,1040,756.0,0.0,756.0,866,866,498.41923076923075,18,0,1000000,3000,4
172005,172005,688020,1229,50,200,222.0,0.0,222.0,288,288,151.64,6,0,1000000,3000,4
172045,172045,688180,1230,40,160,236.0,0.0,236.0,300,300,151.625,7,0,1000000,3000,4
172094,172094,688376,1231,49,196,219.0,0.0,219.0,285,285,151.9387755102041,6,0,1000000,3000,4
172142,172142,688568,1232,48,192,220.0,0.0,220.0,286,286,158.5,6,0,1000000,3000,4
172477,172477,689908,1233,335,1340,1097.0,0.0,1097.0,1221,1221,769.9134328358209,25,0,1000000,3000,4
172512,172512,690048,1234,35,140,238.0,0.0,238.0,302,302,156.85714285714286,7,0,1000000,3000,4
172571,172571,690284,1235,59,236,194.0,0.0,194.0,261,261,170.71186440677965,6,0,1000000,3000,4
172798,172798,691192,1236,227,908,798.0,0.0,798.0,898,899,558.8942731277533,18,0,1000000,3000,4
172844,172844,691376,1237,46,184,234.0,0.0,234.0,301,301,139.91304347826087,7,0,1000000,3000,4
173089,173089,692356,1238,245,980,715.0,0.0,715.0,821,821,562.9877551020409,17,0,1000000,3000,4
173124,173124,692496,1239,35,140,242.0,0.0,242.0,307,307,142.37142857142857,7,0,1000000,3000,4
173244,173244,692976,1240,120,480,744.0,0.0,744.0,824,824,479.4583333333333,17,0,1000000,3000,4
173353,173353,693412,1241,109,436,599.0,0.0,599.0,678,678,384.2477064220183,14,0,1000000,3000,4
173384,173384,693536,1242,31,124,246.0,0.0,246.0,308,308,152.2258064516129,7,0,1000000,3000,4
173479,173479,693916,1243,95,380,615.0,0.0,615.0,691,691,349.5263157894737,14,0,1000000,3000,4
173650,173650,694600,1244,171,684,1039.0,0.0,1039.0,1129,1129,638.0584795321637,23,0,1000000,3000,4
173683,173683,694732,1245,33,132,243.0,0.0,243.0,307,307,160.3030303030303,7,0,1000000,3000,4
173769,173769,695076,1246,86,344,611.0,0.0,611.0,686,686,326.40697674418607,14,0,1000000,3000,4
173805,173805,695220,1247,36,144,248.0,0.0,248.0,312,312,143.61111111111111,7,0,1000000,3000,4
173901,173901,695604,1248,96,384,636.0,0.0,636.0,713,713,366.8541666666667,15,0,1000000,3000,4
174072,174072,696288,1249,171,684,1039.0,0.0,1039.0,1129,1129,638.1988304093567,23,0,1000000,3000,4
174174,174174,696696,1250,102,408,607.0,0.0,607.0,685,685,408.1372549019608,14,0,1000000,3000,4
174453,174453,697812,1251,279,1116,1019.0,0.0,1019.0,1130,1130,667.9426523297491,23,0,1000000,3000,4
174625,174625,698500,1252,172,688,774.0,0.0,774.0,865,865,559.8255813953489,18,0,1000000,3000,4
174670,174670,698680,1253,45,180,224.0,0.0,224.0,290,290,164.44444444444446,6,0,1000000,3000,4
174740,174740,698960,1254,70,280,609.0,0.0,609.0,681,681,333.4714285714286,14,0,1000000,3000,4
174837,174837,699348,1255,97,388,620.0,0.0,620.0,695,695,388.9484536082474,14,0,1000000,3000,4
174868,174868,699472,1256,31,124,249.0,0.0,249.0,313,313,150.61290322580646,7,0,1000000,3000,4
174939,174939,699756,1257,71,284,628.0,0.0,628.0,700,700,374.4507042253521,15,0,1000000,3000,4
174971,174971,699884,1258,32,128,250.0,0.0,250.0,314,314,149.03125,7,0,1000000,3000,4
175115,175115,700460,1259,144,576,752.0,0.0,752.0,838,838,486.59027777777777,17,0,1000000,3000,4
175322,175322,701288,1260,207,828,1336.0,0.0,1336.0,1435,1435,709.5217391304348,29,0,1000000,3000,4
175358,175358,701432,1261,36,144,249.0,0.0,249.0,313,313,144.72222222222223,7,0,1000000,3000,4
175530,175530,702120,1262,172,688,1350.0,0.0,1350.0,1442,1442,697.7267441860465,29,0,1000000,3000,4
175717,175717,702868,1263,187,748,1034.0,0.0,1034.0,1126,1126,620.9358288770053,23,0,1000000,3000,4
175751,175751,703004,1264,34,136,246.0,0.0,246.0,310,310,151.6764705882353,7,0,1000000,3000,4
175783,175783,703132,1265,32,128,243.0,0.0,243.0,307,307,153.6875,7,0,1000000,3000,4
175816,175816,703264,1266,33,132,244.0,0.0,244.0,307,307,155.84848484848484,7,0,1000000,3000,4
175985,175985,703940,1267,169,676,810.0,0.0,810.0,898,899,576.4378698224853,18,0,1000000,3000,4
176064,176064,704256,1268,79,316,608.0,0.0,608.0,681,681,353.3544303797468,14,0,1000000,3000,4
176095,176095,704380,1269,31,124,244.0,0.0,244.0,308,308,158.19354838709677,7,0,1000000,3000,4
176185,176185,704740,1270,90,360,615.0,0.0,615.0,690,690,347.96666666666664,14,0,1000000,3000,4
176340,176340,705360,1271,155,620,1062.0,0.0,1062.0,1150,1150,517.6193548387097,24,0,1000000,3000,4
176486,176486,705944,1272,146,584,1044.0,0.0,1044.0,1130,1130,591.1643835616438,23,0,1000000,3000,4
176661,176661,706644,1273,175,700,1340.0,0.0,1340.0,1433,1433,765.1485714285715,29,0,1000000,3000,4
176748,176748,706992,1274,87,348,617.0,0.0,617.0,691,691,403.81609195402297,14,0,1000000,3000,4
176878,176878,707512,1275,130,520,1046.0,0.0,1046.0,1127,1127,580.6769230769231,23,0,1000000,3000,4
176912,176912,707648,1276,34,136,245.0,0.0,245.0,309,309,149.85294117647058,7,0,1000000,3000,4
177108,177108,708432,1277,196,784,1033.0,0.0,1033.0,1128,1128,608.9591836734694,23,0,1000000,3000,4
177427,177427,709708,1278,319,1276,1009.0,0.0,1009.0,1128,1128,730.717868338558,23,0,1000000,3000,4
177507,177507,710028,1279,80,320,606.0,0.0,606.0,680,680,333.7875,14,0,1000000,3000,4
177570,177570,710280,1280,63,252,610.0,0.0,610.0,680,680,328.46031746031747,14,0,1000000,3000,4
177667,177667,710668,1281,97,388,604.0,0.0,604.0,681,681,402.63917525773195,14,0,1000000,3000,4
177920,177920,711680,1282,253,1012,1025.0,0.0,1025.0,1132,1132,656.7786561264822,23,0,1000000,3000,4
177951,177951,711804,1283,31,124,247.0,0.0,247.0,311,311,157.09677419354838,7,0,1000000,3000,4
177989,177989,711956,1284,38,152,243.0,0.0,243.0,307,307,152.39473684210526,7,0,1000000,3000,4
178021,178021,712084,1285,32,128,249.0,0.0,249.0,313,313,151.3125,7,0,1000000,3000,4
178107,178107,712428,1286,86,344,616.0,0.0,616.0,691,691,357.1511627906977,14,0,1000000,3000,4
178144,178144,712576,1287,37,148,237.0,0.0,237.0,302,302,166.1081081081081,7,0,1000000,3000,4
178289,178289,713156,1288,145,580,741.0,0.0,741.0,826,826,506.07586206896553,17,0,1000000,3000,4
178349,178349,713396,1289,60,240,609.0,0.0,609.0,679,679,336.76666666666665,14,0,1000000,3000,4
178385,178385,713540,1290,36,144,233.0,0.0,233.0,298,298,163.52777777777777,6,0,1000000,3000,4
178533,178533,714132,1291,148,592,803.0,0.0,803.0,890,890,549.6081081081081,18,0,1000000,3000,4
178635,178635,714540,1292,102,408,606.0,0.0,606.0,683,683,404.6470588235294,14,0,1000000,3000,4
178902,178902,715608,1293,267,1068,1319.0,0.0,1319.0,1430,1430,692.5692883895131,29,0,1000000,3000,4
179068,179068,716272,1294,166,664,1034.0,0.0,1034.0,1122,1122,609.2409638554217,23,0,1000000,3000,4
179104,179104,716416,1295,36,144,232.0,0.0,232.0,297,297,165.58333333333334,6,0,1000000,3000,4
179138,179138,716552,1296,34,136,235.0,0.0,235.0,299,299,165.47058823529412,6,0,1000000,3000,4
179332,179332,717328,1297,194,776,1316.0,0.0,1316.0,1411,1411,752.9742268041238,29,0,1000000,3000,4
179492,179492,717968,1298,160,640,1440.0,0.0,1440.0,1530,1530,738.55625,31,0,1000000,3000,4
179605,179605,718420,1299,113,452,1050.0,0.0,1050.0,1128,1128,574.5398230088496,23,0,1000000,3000,4
179706,179706,718824,1300,101,404,631.0,0.0,631.0,709,709,373.7821782178218,15,0,1000000,3000,4
179736,179736,718944,1301,30,120,251.0,0.0,251.0,315,315,155.1,7,0,1000000,3000,4
179773,179773,719092,1302,37,148,237.0,0.0,237.0,301,301,165.43243243243242,7,0,1000000,3000,4
179803,179803,719212,1303,30,120,252.0,0.0,252.0,316,316,154.43333333333334,7,0,1000000,3000,4
179832,179832,719328,1304,29,116,249.0,0.0,249.0,312,312,153.9655172413793,7,0,1000000,3000,4
179899,179899,719596,1305,67,268,605.0,0.0,605.0,676,676,327.2089552238806,14,0,1000000,3000,4
179928,179928,719712,1306,29,116,252.0,0.0,252.0,315,315,160.48275862068965,7,0,1000000,3000,4
180037,180037,720148,1307,109,436,615.0,0.0,615.0,694,694,407.2201834862385,14,0,1000000,3000,4
180126,180126,720504,1308,89,356,650.0,0.0,650.0,722,722,380.1123595505618,15,0,1000000,3000,4
180155,180155,720620,1309,29,116,249.0,0.0,249.0,312,312,154.75862068965517,7,0,1000000,3000,4
180185,180185,720740,1310,30,120,247.0,0.0,247.0,310,310,156.63333333333333,7,0,1000000,3000,4
180224,180224,720896,1311,39,156,251.0,0.0,251.0,316,316,137.23076923076923,7,0,1000000,3000,4
180321,180321,721284,1312,97,388,731.0,0.0,731.0,807,807,409.25773195876286,17,0,1000000,3000,4
180513,180513,722052,1313,192,768,1035.0,0.0,1035.0,1129,1129,627.5885416666666,23,0,1000000,3000,4
180694,180694,722776,1314,181,724,1036.0,0.0,1036.0,1127,1127,606.9668508287293,23,0,1000000,3000,4
180773,180773,723092,1315,79,316,610.0,0.0,610.0,683,683,348.65822784810126,14,0,1000000,3000,4
180802,180802,723208,1316,29,116,251.0,0.0,251.0,314,314,160.0,7,0,1000000,3000,4
180838,180838,723352,1317,36,144,236.0,0.0,236.0,300,300,168.72222222222223,7,0,1000000,3000,4
180869,180869,723476,1318,31,124,247.0,0.0,247.0,311,311,154.09677419354838,7,0,1000000,3000,4
180902,180902,723608,1319,33,132,243.0,0.0,243.0,307,307,157.75757575757575,7,0,1000000,3000,4
181050,181050,724200,1320,148,592,742.0,0.0,742.0,829,829,534.2364864864865,17,0,1000000,3000,4
181087,181087,724348,1321,37,148,242.0,0.0,242.0,307,307,152.7027027027027,7,0,1000000,3000,4
181118,181118,724472,1322,31,124,247.0,0.0,247.0,311,311,151.16129032258064,7,0,1000000,3000,4
181212,181212,724848,1323,94,376,619.0,0.0,619.0,695,695,387.4255319148936,14,0,1000000,3000,4
181361,181361,725444,1324,149,596,1043.0,0.0,1043.0,1128,1128,636.3557046979865,23,0,1000000,3000,4
181595,181595,726380,1325,234,936,1405.0,0.0,1405.0,1508,1508,753.982905982906,31,0,1000000,3000,4
181850,181850,727400,1326,255,1020,1022.0,0.0,1022.0,1129,1129,718.3764705882353,23,0,1000000,3000,4
181890,181890,727560,1327,40,160,229.0,0.0,229.0,292,292,166.2,6,0,1000000,3000,4
181927,181927,727708,1328,37,148,235.0,0.0,235.0,299,299,160.43243243243242,6,0,1000000,3000,4
182017,182017,728068,1329,90,360,611.0,0.0,611.0,686,686,354.1,14,0,1000000,3000,4
182140,182140,728560,1330,123,492,1044.0,0.0,1044.0,1123,1123,552.9186991869918,23,0,1000000,3000,4
182412,182412,729648,1331,272,1088,1318.0,0.0,1318.0,1429,1429,763.2316176470588,29,0,1000000,3000,4
182507,182507,730028,1332,95,380,634.0,0.0,634.0,709,709,377.42105263157896,15,0,1000000,3000,4
182538,182538,730152,1333,31,124,251.0,0.0,251.0,315,315,156.16129032258064,7,0,1000000,3000,4
182575,182575,730300,1334,37,148,236.0,0.0,236.0,301,301,162.48648648648648,7,0,1000000,3000,4
182723,182723,730892,1335,148,592,814.0,0.0,814.0,898,898,592.8243243243244,18,0,1000000,3000,4
182836,182836,731344,1336,113,452,628.0,0.0,628.0,708,708,378.1946902654867,15,0,1000000,3000,4
182904,182904,731616,1337,68,272,609.0,0.0,609.0,680,680,330.7352941176471,14,0,1000000,3000,4
183111,183111,732444,1338,207,828,1029.0,0.0,1029.0,1126,1126,657.1642512077294,23,0,1000000,3000,4
183211,183211,732844,1339,100,400,613.0,0.0,613.0,691,691,332.29,14,0,1000000,3000,4
183243,183243,732972,1340,32,128,240.0,0.0,240.0,303,303,161.875,7,0,1000000,3000,4
183333,183333,733332,1341,90,360,731.0,0.0,731.0,807,807,390.1333333333333,17,0,1000000,3000,4
183418,183418,733672,1342,85,340,634.0,0.0,634.0,708,708,371.43529411764706,15,0,1000000,3000,4
183475,183475,733900,1343,57,228,202.0,0.0,202.0,269,269,166.3684210526316,6,0,1000000,3000,4
183523,183523,734092,1344,48,192,221.0,0.0,221.0,287,287,157.27083333333334,6,0,1000000,3000,4
183564,183564,734256,1345,41,164,235.0,0.0,235.0,299,299,153.3170731707317,6,0,1000000,3000,4
183681,183681,734724,1346,117,468,614.0,0.0,614.0,694,694,371.94017094017096,14,0,1000000,3000,4
183714,183714,734856,1347,33,132,243.0,0.0,243.0,306,306,152.03030303030303,7,0,1000000,3000,4
183810,183810,735240,1348,96,384,607.0,0.0,607.0,684,684,322.3125,14,0,1000000,3000,4
183886,183886,735544,1349,76,304,617.0,0.0,617.0,689,689,333.92105263157896,14,0,1000000,3000,4
183968,183968,735872,1350,82,328,621.0,0.0,621.0,695,695,346.5,14,0,1000000,3000,4
184227,184227,736908,1351,259,1036,1041.0,0.0,1041.0,1150,1150,599.1583011583011,24,0,1000000,3000,4
184264,184264,737056,1352,37,148,243.0,0.0,243.0,306,306,155.1081081081081,7,0,1000000,3000,4
184373,184373,737492,1353,109,436,585.0,0.0,585.0,663,663,400.74311926605503,14,0,1000000,3000,4
184534,184534,738136,1354,161,644,1343.0,0.0,1343.0,1433,1433,659.9006211180124,29,0,1000000,3000,4
184768,184768,739072,1355,234,936,1035.0,0.0,1035.0,1138,1138,690.1666666666666,23,0,1000000,3000,4
185029,185029,740116,1356,261,1044,1674.0,0.0,1674.0,1783,1783,851.4367816091954,36,0,1000000,3000,4
185071,185071,740284,1357,42,168,232.0,0.0,232.0,297,297,156.9047619047619,6,0,1000000,3000,4
185452,185452,741808,1358,381,1524,1276.0,0.0,1276.0,1409,1409,732.8451443569554,29,0,1000000,3000,4
185629,185629,742516,1359,177,708,751.0,0.0,751.0,844,844,533.54802259887,17,0,1000000,3000,4
185748,185748,742992,1360,119,476,715.0,0.0,715.0,795,795,451.0924369747899,16,0,1000000,3000,4
185899,185899,743596,1361,151,604,735.0,0.0,735.0,822,822,451.97350993377484,17,0,1000000,3000,4
185948,185948,743792,1362,49,196,217.0,0.0,217.0,283,283,162.48979591836735,6,0,1000000,3000,4
186149,186149,744596,1363,201,804,1033.0,0.0,1033.0,1129,1129,612.5273631840796,23,0,1000000,3000,4
186458,186458,745832,1364,309,1236,1293.0,0.0,1293.0,1411,1411,714.1618122977346,29,0,1000000,3000,4
186569,186569,746276,1365,111,444,601.0,0.0,601.0,680,680,368.4954954954955,14,0,1000000,3000,4
186721,186721,746884,1366,152,608,813.0,0.0,813.0,898,898,582.1578947368421,18,0,1000000,3000,4
186838,186838,747352,1367,117,468,593.0,0.0,593.0,673,673,386.1111111111111,14,0,1000000,3000,4
186877,186877,747508,1368,39,156,235.0,0.0,235.0,300,300,157.76923076923077,7,0,1000000,3000,4
187140,187140,748560,1369,263,1052,1835.0,0.0,1835.0,1944,1944,924.3079847908746,39,0,1000000,3000,4
187352,187352,749408,1370,212,848,1423.0,0.0,1423.0,1522,1522,738.5896226415094,31,0,1000000,3000,4
187442,187442,749768,1371,90,360,632.0,0.0,632.0,708,708,393.2111111111111,15,0,1000000,3000,4
187677,187677,750708,1372,235,940,722.0,0.0,722.0,825,825,576.804255319149,17,0,1000000,3000,4
187775,187775,751100,1373,98,392,607.0,0.0,607.0,683,683,369.8265306122449,14,0,1000000,3000,4
188024,188024,752096,1374,249,996,1402.0,0.0,1402.0,1508,1508,758.9598393574297,31,0,1000000,3000,4
188188,188188,752752,1375,164,656,635.0,0.0,635.0,722,723,474.390243902439,15,0,1000000,3000,4
188267,188267,753068,1376,79,316,640.0,0.0,640.0,712,712,369.746835443038,15,0,1000000,3000,4
188546,188546,754184,1377,279,1116,717.0,0.0,717.0,829,829,582.9139784946236,17,0,1000000,3000,4
188948,188948,755792,1378,402,1608,715.0,0.0,715.0,852,852,636.907960199005,18,0,1000000,3000,4
189324,189324,757296,1379,376,1504,1284.0,0.0,1284.0,1415,1415,770.9707446808511,29,0,1000000,3000,4
189557,189557,758228,1380,233,932,1026.0,0.0,1026.0,1128,1128,646.7424892703863,23,0,1000000,3000,4
189600,189600,758400,1381,43,172,226.0,0.0,226.0,291,291,161.93023255813952,6,0,1000000,3000,4
189846,189846,759384,1382,246,984,1304.0,0.0,1304.0,1409,1409,741.2154471544716,29,0,1000000,3000,4
189981,189981,759924,1383,135,540,739.0,0.0,739.0,822,822,498.8,17,0,1000000,3000,4
190051,190051,760204,1384,70,280,610.0,0.0,610.0,682,682,314.48571428571427,14,0,1000000,3000,4
190161,190161,760644,1385,110,440,600.0,0.0,600.0,678,678,367.41818181818184,14,0,1000000,3000,4
190392,190392,761568,1386,231,924,1027.0,0.0,1027.0,1129,1129,639.2510822510823,23,0,1000000,3000,4
190507,190507,762028,1387,115,460,713.0,0.0,713.0,793,793,463.1304347826087,16,0,1000000,3000,4
190548,190548,762192,1388,41,164,232.0,0.0,232.0,298,298,153.97560975609755,6,0,1000000,3000,4
190780,190780,763120,1389,232,928,1026.0,0.0,1026.0,1127,1127,590.1206896551724,23,0,1000000,3000,4
190874,190874,763496,1390,94,376,609.0,0.0,609.0,684,684,384.5851063829787,14,0,1000000,3000,4
190945,190945,763780,1391,71,284,628.0,0.0,628.0,700,700,373.4366197183099,15,0,1000000,3000,4
190976,190976,763904,1392,31,124,244.0,0.0,244.0,308,308,167.80645161290323,7,0,1000000,3000,4
191074,191074,764296,1393,98,392,625.0,0.0,625.0,701,701,373.14285714285717,15,0,1000000,3000,4
191275,191275,765100,1394,201,804,1140.0,0.0,1140.0,1237,1237,641.6268656716418,25,0,1000000,3000,4
191310,191310,765240,1395,35,140,236.0,0.0,236.0,300,300,162.28571428571428,7,0,1000000,3000,4
191391,191391,765564,1396,81,324,611.0,0.0,611.0,684,684,342.4074074074074,14,0,1000000,3000,4
191429,191429,765716,1397,38,152,231.0,0.0,231.0,295,295,170.57894736842104,6,0,1000000,3000,4
191585,191585,766340,1398,156,624,709.0,0.0,709.0,797,797,492.25,16,0,1000000,3000,4
191619,191619,766476,1399,34,136,236.0,0.0,236.0,300,300,165.2058823529412,7,0,1000000,3000,4
191655,191655,766620,1400,36,144,235.0,0.0,235.0,299,299,168.25,6,0,1000000,3000,4
191689,191689,766756,1401,34,136,238.0,0.0,238.0,302,302,158.44117647058823,7,0,1000000,3000,4
191773,191773,767092,1402,84,336,617.0,0.0,617.0,691,691,404.6666666666667,14,0,1000000,3000,4
191880,191880,767520,1403,107,428,634.0,0.0,634.0,713,713,365.9906542056075,15,0,1000000,3000,4
191910,191910,767640,1404,30,120,250.0,0.0,250.0,313,313,154.23333333333332,7,0,1000000,3000,4
192077,192077,768308,1405,167,668,1039.0,0.0,1039.0,1128,1128,590.185628742515,23,0,1000000,3000,4
192222,192222,768888,1406,145,580,775.0,0.0,775.0,862,862,540.7241379310345,18,0,1000000,3000,4
192322,192322,769288,1407,100,400,618.0,0.0,618.0,696,696,369.58,14,0,1000000,3000,4
192439,192439,769756,1408,117,468,599.0,0.0,599.0,680,680,393.35897435897436,14,0,1000000,3000,4
192470,192470,769880,1409,31,124,252.0,0.0,252.0,316,316,156.4516129032258,7,0,1000000,3000,4
192500,192500,770000,1410,30,120,246.0,0.0,246.0,310,310,147.8,7,0,1000000,3000,4
192529,192529,770116,1411,29,116,247.0,0.0,247.0,310,310,152.3793103448276,7,0,1000000,3000,4
192711,192711,770844,1412,182,728,1039.0,0.0,1039.0,1131,1131,619.032967032967,23,0,1000000,3000,4
192746,192746,770984,1413,35,140,251.0,0.0,251.0,315,315,151.14285714285714,7,0,1000000,3000,4
192836,192836,771344,1414,90,360,612.0,0.0,612.0,686,686,400.94444444444446,14,0,1000000,3000,4
192909,192909,771636,1415,73,292,607.0,0.0,607.0,679,679,331.1232876712329,14,0,1000000,3000,4
192941,192941,771764,1416,32,128,247.0,0.0,247.0,311,311,154.4375,7,0,1000000,3000,4
193188,193188,772752,1417,247,988,1570.0,0.0,1570.0,1677,1677,769.2874493927126,34,0,1000000,3000,4
193382,193382,773528,1418,194,776,1034.0,0.0,1034.0,1128,1128,578.7216494845361,23,0,1000000,3000,4
193515,193515,774060,1419,133,532,1043.0,0.0,1043.0,1124,1124,600.7744360902255,23,0,1000000,3000,4
193595,193595,774380,1420,80,320,652.0,0.0,652.0,722,724,377.2625,15,0,1000000,3000,4
193698,193698,774792,1421,103,412,611.0,0.0,611.0,688,688,392.63106796116506,14,0,1000000,3000,4
193779,193779,775116,1422,81,324,634.0,0.0,634.0,706,706,385.5925925925926,15,0,1000000,3000,4
193952,193952,775808,1423,173,692,809.0,0.0,809.0,898,900,586.5260115606936,19,0,1000000,3000,4
194132,194132,776528,1424,180,720,1036.0,0.0,1036.0,1126,1126,656.4166666666666,23,0,1000000,3000,4
194167,194167,776668,1425,35,140,248.0,0.0,248.0,312,312,147.8,7,0,1000000,3000,4
194245,194245,776980,1426,78,312,617.0,0.0,617.0,689,689,352.14102564102564,14,0,1000000,3000,4
194462,194462,777848,1427,217,868,1567.0,0.0,1567.0,1668,1668,783.9170506912442,34,0,1000000,3000,4
194562,194562,778248,1428,100,400,616.0,0.0,616.0,693,693,372.38,14,0,1000000,3000,4
194704,194704,778816,1429,142,568,716.0,0.0,716.0,801,801,494.82394366197184,17,0,1000000,3000,4
194740,194740,778960,1430,36,144,243.0,0.0,243.0,307,307,149.44444444444446,7,0,1000000,3000,4
194910,194910,779640,1431,170,680,725.0,0.0,725.0,815,815,557.0764705882353,17,0,1000000,3000,4
194945,194945,779780,1432,35,140,235.0,0.0,235.0,300,300,162.5142857142857,7,0,1000000,3000,4
194981,194981,779924,1433,36,144,244.0,0.0,244.0,309,309,146.77777777777777,7,0,1000000,3000,4
195021,195021,780084,1434,40,160,238.0,0.0,238.0,302,302,152.525,7,0,1000000,3000,4
195140,195140,780560,1435,119,476,755.0,0.0,755.0,835,835,499.42857142857144,17,0,1000000,3000,4
195176,195176,780704,1436,36,144,242.0,0.0,242.0,305,305,156.52777777777777,7,0,1000000,3000,4
195360,195360,781440,1437,184,736,1060.0,0.0,1060.0,1154,1154,637.2228260869565,24,0,1000000,3000,4
195459,195459,781836,1438,99,396,608.0,0.0,608.0,684,684,378.4646464646465,14,0,1000000,3000,4
195665,195665,782660,1439,206,824,1029.0,0.0,1029.0,1126,1126,595.2087378640776,23,0,1000000,3000,4
195755,195755,783020,1440,90,360,635.0,0.0,635.0,709,709,383.3222222222222,15,0,1000000,3000,4
195910,195910,783640,1441,155,620,636.0,0.0,636.0,722,722,503.2,15,0,1000000,3000,4
195948,195948,783792,1442,38,152,241.0,0.0,241.0,305,305,157.94736842105263,7,0,1000000,3000,4
195982,195982,783928,1443,34,136,243.0,0.0,243.0,307,307,146.38235294117646,7,0,1000000,3000,4
196098,196098,784392,1444,116,464,611.0,0.0,611.0,690,690,378.91379310344826,14,0,1000000,3000,4
196298,196298,785192,1445,200,800,696.0,0.0,696.0,793,793,568.55,16,0,1000000,3000,4
196512,196512,786048,1446,214,856,1316.0,0.0,1316.0,1413,1413,677.6635514018692,29,0,1000000,3000,4
196547,196547,786188,1447,35,140,249.0,0.0,249.0,312,312,139.9142857142857,7,0,1000000,3000,4
196850,196850,787400,1448,303,1212,1397.0,0.0,1397.0,1515,1515,807.0990099009902,31,0,1000000,3000,4
196892,196892,787568,1449,42,168,246.0,0.0,246.0,312,312,139.04761904761904,7,0,1000000,3000,4
196998,196998,787992,1450,106,424,587.0,0.0,587.0,665,665,393.7169811320755,14,0,1000000,3000,4
197101,197101,788404,1451,103,412,611.0,0.0,611.0,687,687,367.58252427184465,14,0,1000000,3000,4
197215,197215,788860,1452,114,456,598.0,0.0,598.0,677,677,387.4824561403509,14,0,1000000,3000,4
197376,197376,789504,1453,161,644,742.0,0.0,742.0,831,831,540.7639751552795,17,0,1000000,3000,4
197425,197425,789700,1454,49,196,232.0,0.0,232.0,298,298,133.6734693877551,6,0,1000000,3000,4
197508,197508,790032,1455,83,332,612.0,0.0,612.0,686,686,345.6265060240964,14,0,1000000,3000,4
197655,197655,790620,1456,147,588,710.0,0.0,710.0,796,796,432.81632653061223,16,0,1000000,3000,4
197696,197696,790784,1457,41,164,234.0,0.0,234.0,299,299,159.6341463414634,6,0,1000000,3000,4
197967,197967,791868,1458,271,1084,1122.0,0.0,1122.0,1233,1233,629.2952029520295,25,0,1000000,3000,4
198156,198156,792624,1459,189,756,806.0,0.0,806.0,898,899,551.3597883597884,18,0,1000000,3000,4
198254,198254,793016,1460,98,392,609.0,0.0,609.0,686,686,391.01020408163265,14,0,1000000,3000,4
198529,198529,794116,1461,275,1100,1547.0,0.0,1547.0,1658,1658,722.5818181818182,34,0,1000000,3000,4
198564,198564,794256,1462,35,140,241.0,0.0,241.0,304,304,160.77142857142857,7,0,1000000,3000,4
198684,198684,794736,1463,120,480,724.0,0.0,724.0,804,804,420.9,17,0,1000000,3000,4
198718,198718,794872,1464,34,136,249.0,0.0,249.0,311,311,148.76470588235293,7,0,1000000,3000,4
198830,198830,795320,1465,112,448,631.0,0.0,631.0,710,710,352.7767857142857,15,0,1000000,3000,4
199089,199089,796356,1466,259,1036,1408.0,0.0,1408.0,1516,1516,738.1196911196911,31,0,1000000,3000,4
199122,199122,796488,1467,33,132,241.0,0.0,241.0,304,304,165.3030303030303,7,0,1000000,3000,4
199163,199163,796652,1468,41,164,234.0,0.0,234.0,300,300,155.53658536585365,7,0,1000000,3000,4
199331,199331,797324,1469,168,672,810.0,0.0,810.0,898,898,551.202380952381,18,0,1000000,3000,4
199379,199379,797516,1470,48,192,220.0,0.0,220.0,285,285,156.625,6,0,1000000,3000,4
199530,199530,798120,1471,151,604,1154.0,0.0,1154.0,1242,1242,559.3311258278146,25,0,1000000,3000,4
199573,199573,798292,1472,43,172,229.0,0.0,229.0,294,294,155.90697674418604,6,0,1000000,3000,4
199614,199614,798456,1473,41,164,231.0,0.0,231.0,297,297,156.78048780487805,6,0,1000000,3000,4
199721,199721,798884,1474,107,428,627.0,0.0,627.0,704,704,370.6448598130841,15,0,1000000,3000,4
199828,199828,799312,1475,107,428,603.0,0.0,603.0,682,682,363.2429906542056,14,0,1000000,3000,4
199939,199939,799756,1476,111,444,623.0,0.0,623.0,702,702,377.4684684684685,15,0,1000000,3000,4
200048,200048,800192,1477,109,436,602.0,0.0,602.0,680,680,377.0642201834862,14,0,1000000,3000,4
200098,200098,800392,1478,50,200,225.0,0.0,225.0,292,292,148.42,6,0,1000000,3000,4
200160,200160,800640,1479,62,248,193.0,0.0,193.0,261,261,144.03225806451613,6,0,1000000,3000,4
200293,200293,801172,1480,133,532,595.0,0.0,595.0,677,677,370.3233082706767,14,0,1000000,3000,4
200342,200342,801368,1481,49,196,207.0,0.0,207.0,273,273,156.10204081632654,6,0,1000000,3000,4
200556,200556,802224,1482,214,856,759.0,0.0,759.0,857,857,490.6214953271028,18,0,1000000,3000,4
200823,200823,803292,1483,267,1068,1016.0,0.0,1016.0,1124,1124,663.0486891385768,23,0,1000000,3000,4
200869,200869,803476,1484,46,184,215.0,0.0,215.0,281,281,166.69565217391303,6,0,1000000,3000,4
200904,200904,803616,1485,35,140,240.0,0.0,240.0,304,304,163.22857142857143,7,0,1000000,3000,4
201006,201006,804024,1486,102,408,591.0,0.0,591.0,668,668,400.1862745098039,14,0,1000000,3000,4
201120,201120,804480,1487,114,456,627.0,0.0,627.0,707,707,312.96491228070175,15,0,1000000,3000,4
201259,201259,805036,1488,139,556,597.0,0.0,597.0,681,681,385.15107913669067,14,0,1000000,3000,4
201311,201311,805244,1489,52,208,229.0,0.0,229.0,296,296,131.55769230769232,6,0,1000000,3000,4
201441,201441,805764,1490,130,520,717.0,0.0,717.0,798,798,482.24615384615385,16,0,1000000,3000,4
201480,201480,805920,1491,39,156,245.0,0.0,245.0,309,309,145.4102564102564,7,0,1000000,3000,4
201517,201517,806068,1492,37,148,246.0,0.0,246.0,311,311,150.75675675675674,7,0,1000000,3000,4
201555,201555,806220,1493,38,152,232.0,0.0,232.0,295,295,162.60526315789474,6,0,1000000,3000,4
201592,201592,806368,1494,37,148,241.0,0.0,241.0,305,305,156.8108108108108,7,0,1000000,3000,4
201631,201631,806524,1495,39,156,234.0,0.0,234.0,298,298,159.12820512820514,6,0,1000000,3000,4
201832,201832,807328,1496,201,804,1025.0,0.0,1025.0,1121,1121,603.3681592039801,23,0,1000000,3000,4
201868,201868,807472,1497,36,144,241.0,0.0,241.0,305,305,153.16666666666666,7,0,1000000,3000,4
201973,201973,807892,1498,105,420,615.0,0.0,615.0,692,692,361.5809523809524,14,0,1000000,3000,4
202010,202010,808040,1499,37,148,230.0,0.0,230.0,293,293,163.64864864864865,6,0,1000000,3000,4
202356,202356,809424,1500,346,1384,1393.0,0.0,1393.0,1519,1519,709.0606936416185,31,0,1000000,3000,4
202392,202392,809568,1501,36,144,242.0,0.0,242.0,307,307,156.91666666666666,7,0,1000000,3000,4
202430,202430,809720,1502,38,152,235.0,0.0,235.0,299,299,164.52631578947367,6,0,1000000,3000,4
202544,202544,810176,1503,114,456,595.0,0.0,595.0,674,674,389.1842105263158,14,0,1000000,3000,4
202781,202781,811124,1504,237,948,1301.0,0.0,1301.0,1404,1404,721.1561181434599,29,0,1000000,3000,4
203003,203003,812012,1505,222,888,1136.0,0.0,1136.0,1238,1238,597.1936936936937,25,0,1000000,3000,4
203036,203036,812144,1506,33,132,252.0,0.0,252.0,316,316,153.03030303030303,7,0,1000000,3000,4
203081,203081,812324,1507,45,180,218.0,0.0,218.0,285,285,162.86666666666667,6,0,1000000,3000,4
203183,203183,812732,1508,102,408,612.0,0.0,612.0,689,689,377.2647058823529,14,0,1000000,3000,4
203395,203395,813580,1509,212,848,1310.0,0.0,1310.0,1409,1409,748.9198113207547,29,0,1000000,3000,4
203562,203562,814248,1510,167,668,1039.0,0.0,1039.0,1127,1127,530.502994011976,23,0,1000000,3000,4
203677,203677,814708,1511,115,460,614.0,0.0,614.0,695,695,359.81739130434784,14,0,1000000,3000,4
203814,203814,815256,1512,137,548,761.0,0.0,761.0,845,845,472.02919708029196,17,0,1000000,3000,4
203862,203862,815448,1513,48,192,229.0,0.0,229.0,296,296,145.5625,6,0,1000000,3000,4
204148,204148,816592,1514,286,1144,1815.0,0.0,1815.0,1929,1929,1019.4020979020979,39,0,1000000,3000,4
204405,204405,817620,1515,257,1028,1325.0,0.0,1325.0,1434,1434,708.15953307393,29,0,1000000,3000,4
204659,204659,818636,1516,254,1016,1335.0,0.0,1335.0,1443,1443,714.5393700787401,29,0,1000000,3000,4
204693,204693,818772,1517,34,136,246.0,0.0,246.0,309,309,156.11764705882354,7,0,1000000,3000,4
204883,204883,819532,1518,190,760,805.0,0.0,805.0,898,898,563.1526315789474,18,0,1000000,3000,4
204927,204927,819708,1519,44,176,226.0,0.0,226.0,290,290,166.52272727272728,6,0,1000000,3000,4
205037,205037,820148,1520,110,440,620.0,0.0,620.0,698,698,349.3363636363636,14,0,1000000,3000,4
205159,205159,820636,1521,122,488,603.0,0.0,603.0,683,683,373.7950819672131,14,0,1000000,3000,4
205196,205196,820784,1522,37,148,239.0,0.0,239.0,303,303,157.86486486486487,7,0,1000000,3000,4
205240,205240,820960,1523,44,176,232.0,0.0,232.0,297,297,153.1818181818182,6,0,1000000,3000,4
205471,205471,821884,1524,231,924,1332.0,0.0,1332.0,1436,1436,707.2943722943722,29,0,1000000,3000,4
205557,205557,822228,1525,86,344,635.0,0.0,635.0,708,708,367.09302325581393,15,0,1000000,3000,4
205726,205726,822904,1526,169,676,634.0,0.0,634.0,722,723,468.3491124260355,15,0,1000000,3000,4
206016,206016,824064,1527,290,1160,1391.0,0.0,1391.0,1505,1505,780.1275862068966,31,0,1000000,3000,4
206049,206049,824196,1528,33,132,247.0,0.0,247.0,310,310,142.87878787878788,7,0,1000000,3000,4
206238,206238,824952,1529,189,756,1034.0,0.0,1034.0,1127,1127,571.2645502645503,23,0,1000000,3000,4
206281,206281,825124,1530,43,172,247.0,0.0,247.0,313,313,132.4418604651163,7,0,1000000,3000,4
206530,206530,826120,1531,249,996,1025.0,0.0,1025.0,1131,1131,635.3734939759037,23,0,1000000,3000,4
206582,206582,826328,1532,52,208,224.0,0.0,224.0,291,291,135.76923076923077,6,0,1000000,3000,4
206623,206623,826492,1533,41,164,236.0,0.0,236.0,302,302,157.2439024390244,7,0,1000000,3000,4
206780,206780,827120,1534,157,628,636.0,0.0,636.0,722,722,490.89171974522293,15,0,1000000,3000,4
206817,206817,827268,1535,37,148,244.0,0.0,244.0,307,307,149.2972972972973,7,0,1000000,3000,4
206925,206925,827700,1536,108,432,739.0,0.0,739.0,816,816,478.25,17,0,1000000,3000,4
206974,206974,827896,1537,49,196,217.0,0.0,217.0,283,283,158.0408163265306,6,0,1000000,3000,4
207103,207103,828412,1538,129,516,576.0,0.0,576.0,658,658,381.1085271317829,14,0,1000000,3000,4
207141,207141,828564,1539,38,152,241.0,0.0,241.0,306,306,142.60526315789474,7,0,1000000,3000,4
207225,207225,828900,1540,84,336,632.0,0.0,632.0,706,706,364.98809523809524,15,0,1000000,3000,4
207496,207496,829984,1541,271,1084,1407.0,0.0,1407.0,1519,1519,740.8819188191882,31,0,1000000,3000,4
207541,207541,830164,1542,45,180,228.0,0.0,228.0,294,294,149.75555555555556,6,0,1000000,3000,4
207688,207688,830752,1543,147,588,638.0,0.0,638.0,722,722,518.3673469387755,15,0,1000000,3000,4
207928,207928,831712,1544,240,960,1324.0,0.0,1324.0,1429,1429,688.7375,29,0,1000000,3000,4
208223,208223,832892,1545,295,1180,1407.0,0.0,1407.0,1524,1524,763.8813559322034,31,0,1000000,3000,4
208415,208415,833660,1546,192,768,1035.0,0.0,1035.0,1130,1130,605.0104166666666,23,0,1000000,3000,4
208646,208646,834584,1547,231,924,748.0,0.0,748.0,851,851,614.943722943723,18,0,1000000,3000,4
208837,208837,835348,1548,191,764,805.0,0.0,805.0,898,898,544.1256544502618,18,0,1000000,3000,4
208872,208872,835488,1549,35,140,245.0,0.0,245.0,308,308,151.22857142857143,7,0,1000000,3000,4
208923,208923,835692,1550,51,204,215.0,0.0,215.0,282,282,159.54901960784315,6,0,1000000,3000,4
209153,209153,836612,1551,230,920,1326.0,0.0,1326.0,1430,1430,647.5173913043478,29,0,1000000,3000,4
209189,209189,836756,1552,36,144,250.0,0.0,250.0,315,315,142.83333333333334,7,0,1000000,3000,4
209375,209375,837500,1553,186,744,1339.0,0.0,1339.0,1434,1434,715.0591397849462,29,0,1000000,3000,4
209413,209413,837652,1554,38,152,247.0,0.0,247.0,312,312,147.97368421052633,7,0,1000000,3000,4
209504,209504,838016,1555,91,364,632.0,0.0,632.0,707,707,384.31868131868134,15,0,1000000,3000,4
209543,209543,838172,1556,39,156,240.0,0.0,240.0,305,305,148.71794871794873,7,0,1000000,3000,4
209769,209769,839076,1557,226,904,1024.0,0.0,1024.0,1125,1125,671.362831858407,23,0,1000000,3000,4
209850,209850,839400,1558,81,324,628.0,0.0,628.0,702,702,351.2098765432099,15,0,1000000,3000,4
209941,209941,839764,1559,91,364,631.0,0.0,631.0,706,706,373.8131868131868,15,0,1000000,3000,4
210097,210097,840388,1560,156,624,743.0,0.0,743.0,831,831,469.9230769230769,17,0,1000000,3000,4
210213,210213,840852,1561,116,464,595.0,0.0,595.0,676,676,364.82758620689657,14,0,1000000,3000,4
210320,210320,841280,1562,107,428,628.0,0.0,628.0,706,706,352.06542056074767,15,0,1000000,3000,4
210428,210428,841712,1563,108,432,620.0,0.0,620.0,698,698,359.47222222222223,14,0,1000000,3000,4
210696,210696,842784,1564,268,1072,1117.0,0.0,1117.0,1227,1227,651.0671641791045,25,0,1000000,3000,4
210797,210797,843188,1565,101,404,613.0,0.0,613.0,691,691,372.0,14,0,1000000,3000,4
210837,210837,843348,1566,40,160,236.0,0.0,236.0,301,301,149.225,7,0,1000000,3000,4
210872,210872,843488,1567,35,140,232.0,0.0,232.0,297,297,164.94285714285715,6,0,1000000,3000,4
211137,211137,844548,1568,265,1060,1306.0,0.0,1306.0,1414,1414,687.2452830188679,29,0,1000000,3000,4
211231,211231,844924,1569,94,376,628.0,0.0,628.0,703,703,372.32978723404256,15,0,1000000,3000,4
211418,211418,845672,1570,187,748,1036.0,0.0,1036.0,1129,1129,613.5401069518716,23,0,1000000,3000,4
211451,211451,845804,1571,33,132,244.0,0.0,244.0,307,307,162.1818181818182,7,0,1000000,3000,4
211491,211491,845964,1572,40,160,238.0,0.0,238.0,303,303,160.85,7,0,1000000,3000,4
211742,211742,846968,1573,251,1004,737.0,0.0,737.0,844,844,581.8605577689243,17,0,1000000,3000,4
211934,211934,847736,1574,192,768,1137.0,0.0,1137.0,1232,1232,594.5729166666666,25,0,1000000,3000,4
211967,211967,847868,1575,33,132,251.0,0.0,251.0,315,315,150.03030303030303,7,0,1000000,3000,4
212088,212088,848352,1576,121,484,1051.0,0.0,1051.0,1131,1131,610.3223140495868,23,0,1000000,3000,4
212127,212127,848508,1577,39,156,236.0,0.0,236.0,301,301,150.97435897435898,7,0,1000000,3000,4
212329,212329,849316,1578,202,808,1317.0,0.0,1317.0,1413,1413,648.0693069306931,29,0,1000000,3000,4
212504,212504,850016,1579,175,700,1341.0,0.0,1341.0,1433,1433,700.2514285714286,29,0,1000000,3000,4
212537,212537,850148,1580,33,132,248.0,0.0,248.0,311,311,154.45454545454547,7,0,1000000,3000,4
212604,212604,850416,1581,67,268,605.0,0.0,605.0,676,676,327.17910447761193,14,0,1000000,3000,4
212768,212768,851072,1582,164,656,754.0,0.0,754.0,844,844,504.7073170731707,17,0,1000000,3000,4
212807,212807,851228,1583,39,156,237.0,0.0,237.0,301,301,157.48717948717947,7,0,1000000,3000,4
212960,212960,851840,1584,153,612,1045.0,0.0,1045.0,1132,1132,579.1633986928105,23,0,1000000,3000,4
213127,213127,852508,1585,167,668,634.0,0.0,634.0,722,723,492.36526946107784,15,0,1000000,3000,4
213428,213428,853712,1586,301,1204,1007.0,0.0,1007.0,1122,1122,706.1860465116279,23,0,1000000,3000,4
213839,213839,855356,1587,411,1644,1280.0,0.0,1280.0,1419,1419,710.6277372262774,29,0,1000000,3000,4
213882,213882,855528,1588,43,172,232.0,0.0,232.0,297,297,156.06976744186048,6,0,1000000,3000,4
214159,214159,856636,1589,277,1108,1024.0,0.0,1024.0,1136,1136,664.4548736462094,23,0,1000000,3000,4
214265,214265,857060,1590,106,424,630.0,0.0,630.0,707,707,339.54716981132077,15,0,1000000,3000,4
214373,214373,857492,1591,108,432,633.0,0.0,633.0,712,712,354.1203703703704,15,0,1000000,3000,4
214678,214678,858712,1592,305,1220,1118.0,0.0,1118.0,1236,1236,682.5114754098361,25,0,1000000,3000,4
214723,214723,858892,1593,45,180,229.0,0.0,229.0,295,295,147.93333333333334,6,0,1000000,3000,4
215049,215049,860196,1594,326,1304,1004.0,0.0,1004.0,1125,1125,671.4509202453987,23,0,1000000,3000,4
215157,215157,860628,1595,108,432,610.0,0.0,610.0,689,689,369.27777777777777,14,0,1000000,3000,4
215391,215391,861564,1596,234,936,1025.0,0.0,1025.0,1127,1127,628.2606837606837,23,0,1000000,3000,4
215523,215523,862092,1597,132,528,608.0,0.0,608.0,691,691,341.5984848484849,14,0,1000000,3000,4
215562,215562,862248,1598,39,156,240.0,0.0,240.0,305,305,151.66666666666666,7,0,1000000,3000,4
215723,215723,862892,1599,161,644,730.0,0.0,730.0,819,819,478.96894409937886,17,0,1000000,3000,4
215813,215813,863252,1600,90,360,605.0,0.0,605.0,681,681,307.06666666666666,14,0,1000000,3000,4
216059,216059,864236,1601,246,984,1036.0,0.0,1036.0,1141,1141,596.9878048780488,23,0,1000000,3000,4
216115,216115,864460,1602,56,224,229.0,0.0,229.0,298,298,132.01785714285714,6,0,1000000,3000,4
216158,216158,864632,1603,43,172,229.0,0.0,229.0,295,295,148.8139534883721,6,0,1000000,3000,4
216250,216250,865000,1604,92,368,631.0,0.0,631.0,706,706,353.6304347826087,15,0,1000000,3000,4
216393,216393,865572,1605,143,572,639.0,0.0,639.0,722,722,491.02097902097904,15,0,1000000,3000,4
216546,216546,866184,1606,153,612,813.0,0.0,813.0,898,898,530.1960784313726,18,0,1000000,3000,4
216743,216743,866972,1607,197,788,1576.0,0.0,1576.0,1673,1673,823.8020304568528,34,0,1000000,3000,4
216773,216773,867092,1608,30,120,245.0,0.0,245.0,308,308,154.23333333333332,7,0,1000000,3000,4
216806,216806,867224,1609,33,132,247.0,0.0,247.0,311,311,156.3030303030303,7,0,1000000,3000,4
216951,216951,867804,1610,145,580,1043.0,0.0,1043.0,1127,1127,559.3103448275862,23,0,1000000,3000,4
216986,216986,867944,1611,35,140,234.0,0.0,234.0,299,299,171.34285714285716,6,0,1000000,3000,4
217094,217094,868376,1612,108,432,619.0,0.0,619.0,698,698,381.55555555555554,14,0,1000000,3000,4
217189,217189,868756,1613,95,380,631.0,0.0,631.0,706,706,370.06315789473683,15,0,1000000,3000,4
217231,217231,868924,1614,42,168,241.0,0.0,241.0,306,306,146.95238095238096,7,0,1000000,3000,4
217407,217407,869628,1615,176,704,1035.0,0.0,1035.0,1126,1126,598.4886363636364,23,0,1000000,3000,4
217626,217626,870504,1616,219,876,1027.0,0.0,1027.0,1126,1126,641.4931506849315,23,0,1000000,3000,4
217885,217885,871540,1617,259,1036,1418.0,0.0,1418.0,1527,1527,710.7953667953668,31,0,1000000,3000,4
218016,218016,872064,1618,131,524,1044.0,0.0,1044.0,1126,1126,547.2595419847328,23,0,1000000,3000,4
218122,218122,872488,1619,106,424,601.0,0.0,601.0,680,680,399.1698113207547,14,0,1000000,3000,4
218200,218200,872800,1620,78,312,611.0,0.0,611.0,684,684,332.11538461538464,14,0,1000000,3000,4
218367,218367,873468,1621,167,668,1049.0,0.0,1049.0,1139,1139,554.2035928143713,23,0,1000000,3000,4
218399,218399,873596,1622,32,128,239.0,0.0,239.0,302,302,162.53125,7,0,1000000,3000,4
218428,218428,873712,1623,29,116,249.0,0.0,249.0,312,312,153.79310344827587,7,0,1000000,3000,4
218524,218524,874096,1624,96,384,622.0,0.0,622.0,699,699,393.8854166666667,14,0,1000000,3000,4
218569,218569,874276,1625,45,180,221.0,0.0,221.0,287,287,161.7111111111111,6,0,1000000,3000,4
218600,218600,874400,1626,31,124,251.0,0.0,251.0,315,315,155.06451612903226,7,0,1000000,3000,4
218715,218715,874860,1627,115,460,621.0,0.0,621.0,701,701,389.1913043478261,15,0,1000000,3000,4
218752,218752,875008,1628,37,148,237.0,0.0,237.0,301,301,164.51351351351352,7,0,1000000,3000,4
218785,218785,875140,1629,33,132,242.0,0.0,242.0,305,305,161.36363636363637,7,0,1000000,3000,4
218917,218917,875668,1630,132,528,817.0,0.0,817.0,898,899,547.75,18,0,1000000,3000,4
218946,218946,875784,1631,29,116,248.0,0.0,248.0,311,311,153.44827586206895,7,0,1000000,3000,4
219025,219025,876100,1632,79,316,617.0,0.0,617.0,690,690,339.8101265822785,14,0,1000000,3000,4
219131,219131,876524,1633,106,424,610.0,0.0,610.0,687,687,382.79245283018867,14,0,1000000,3000,4
219410,219410,877640,1634,279,1116,1296.0,0.0,1296.0,1408,1408,774.6021505376344,29,0,1000000,3000,4
219444,219444,877776,1635,34,136,238.0,0.0,238.0,302,302,161.05882352941177,7,0,1000000,3000,4
219657,219657,878628,1636,213,852,1029.0,0.0,1029.0,1127,1127,607.2629107981221,23,0,1000000,3000,4
219807,219807,879228,1637,150,600,770.0,0.0,770.0,857,857,492.44,18,0,1000000,3000,4
220000,220000,880000,1638,193,772,1031.0,0.0,1031.0,1124,1124,678.3419689119171,23,0,1000000,3000,4
220096,220096,880384,1639,96,384,619.0,0.0,619.0,695,695,388.1354166666667,14,0,1000000,3000,4
220184,220184,880736,1640,88,352,650.0,0.0,650.0,722,723,363.09090909090907,15,0,1000000,3000,4
220300,220300,881200,1641,116,464,588.0,0.0,588.0,668,668,399.01724137931035,14,0,1000000,3000,4
220518,220518,882072,1642,218,872,1422.0,0.0,1422.0,1523,1523,705.151376146789,31,0,1000000,3000,4
220682,220682,882728,1643,164,656,635.0,0.0,635.0,722,722,485.8841463414634,15,0,1000000,3000,4
220865,220865,883460,1644,183,732,1058.0,0.0,1058.0,1152,1152,558.1420765027323,24,0,1000000,3000,4
220904,220904,883616,1645,39,156,231.0,0.0,231.0,295,295,158.6153846153846,6,0,1000000,3000,4
220940,220940,883760,1646,36,144,246.0,0.0,246.0,311,311,145.0,7,0,1000000,3000,4
221042,221042,884168,1647,102,408,592.0,0.0,592.0,670,670,392.30392156862746,14,0,1000000,3000,4
221076,221076,884304,1648,34,136,241.0,0.0,241.0,304,304,161.7941176470588,7,0,1000000,3000,4
221220,221220,884880,1649,144,576,639.0,0.0,639.0,722,722,505.75,15,0,1000000,3000,4
221312,221312,885248,1650,92,368,630.0,0.0,630.0,705,705,364.4130434782609,15,0,1000000,3000,4
221349,221349,885396,1651,37,148,245.0,0.0,245.0,310,310,155.0810810810811,7,0,1000000,3000,4
221441,221441,885764,1652,92,368,612.0,0.0,612.0,687,687,344.4021739130435,14,0,1000000,3000,4
221597,221597,886388,1653,156,624,778.0,0.0,778.0,866,866,511.8205128205128,18,0,1000000,3000,4
221688,221688,886752,1654,91,364,632.0,0.0,632.0,708,708,346.27472527472526,15,0,1000000,3000,4
221729,221729,886916,1655,41,164,234.0,0.0,234.0,299,299,158.70731707317074,6,0,1000000,3000,4
221817,221817,887268,1656,88,352,637.0,0.0,637.0,710,710,362.17045454545456,15,0,1000000,3000,4
221851,221851,887404,1657,34,136,250.0,0.0,250.0,313,313,147.85294117647058,7,0,1000000,3000,4
222054,222054,888216,1658,203,812,1337.0,0.0,1337.0,1435,1435,720.7487684729064,29,0,1000000,3000,4
222255,222255,889020,1659,201,804,1031.0,0.0,1031.0,1127,1127,624.6467661691543,23,0,1000000,3000,4
222285,222285,889140,1660,30,120,249.0,0.0,249.0,312,312,155.5,7,0,1000000,3000,4
222399,222399,889596,1661,114,456,632.0,0.0,632.0,712,712,385.2894736842105,15,0,1000000,3000,4
222545,222545,890180,1662,146,584,757.0,0.0,757.0,843,843,566.6027397260274,17,0,1000000,3000,4
222629,222629,890516,1663,84,336,632.0,0.0,632.0,706,706,370.79761904761904,15,0,1000000,3000,4
222842,222842,891368,1664,213,852,1427.0,0.0,1427.0,1527,1527,733.0,31,0,1000000,3000,4
222923,222923,891692,1665,81,324,610.0,0.0,610.0,684,684,343.71604938271605,14,0,1000000,3000,4
223104,223104,892416,1666,181,724,807.0,0.0,807.0,898,898,566.6629834254144,18,0,1000000,3000,4
223136,223136,892544,1667,32,128,249.0,0.0,249.0,313,313,150.5,7,0,1000000,3000,4
223396,223396,893584,1668,260,1040,1299.0,0.0,1299.0,1408,1408,722.2884615384615,29,0,1000000,3000,4
223490,223490,893960,1669,94,376,634.0,0.0,634.0,709,709,370.3723404255319,15,0,1000000,3000,4
223521,223521,894084,1670,31,124,251.0,0.0,251.0,315,315,155.6451612903226,7,0,1000000,3000,4
223612,223612,894448,1671,91,364,623.0,0.0,623.0,699,699,367.5054945054945,14,0,1000000,3000,4
223748,223748,894992,1672,136,544,726.0,0.0,726.0,810,810,477.34558823529414,17,0,1000000,3000,4
223849,223849,895396,1673,101,404,631.0,0.0,631.0,709,709,364.74257425742576,15,0,1000000,3000,4
223993,223993,895972,1674,144,576,639.0,0.0,639.0,722,723,523.0763888888889,15,0,1000000,3000,4
224153,224153,896612,1675,160,640,635.0,0.0,635.0,722,722,474.65,15,0,1000000,3000,4
224244,224244,896976,1676,91,364,614.0,0.0,614.0,689,689,403.8131868131868,14,0,1000000,3000,4
224311,224311,897244,1677,67,268,609.0,0.0,609.0,680,680,338.4179104477612,14,0,1000000,3000,4
224424,224424,897696,1678,113,452,617.0,0.0,617.0,696,696,386.53982300884957,14,0,1000000,3000,4
224462,224462,897848,1679,38,152,232.0,0.0,232.0,297,297,164.18421052631578,6,0,1000000,3000,4
224499,224499,897996,1680,37,148,240.0,0.0,240.0,304,304,157.7027027027027,7,0,1000000,3000,4
224762,224762,899048,1681,263,1052,1306.0,0.0,1306.0,1415,1415,724.4942965779468,29,0,1000000,3000,4
224969,224969,899876,1682,207,828,1334.0,0.0,1334.0,1433,1433,711.0,29,0,1000000,3000,4
225197,225197,900788,1683,228,912,1327.0,0.0,1327.0,1430,1430,691.4649122807018,29,0,1000000,3000,4
225462,225462,901848,1684,265,1060,1686.0,0.0,1686.0,1795,1795,837.6377358490566,36,0,1000000,3000,4
225663,225663,902652,1685,201,804,1342.0,0.0,1342.0,1440,1440,727.5074626865671,29,0,1000000,3000,4
225854,225854,903416,1686,191,764,1320.0,0.0,1320.0,1414,1414,672.5026178010471,29,0,1000000,3000,4
225889,225889,903556,1687,35,140,240.0,0.0,240.0,304,304,156.5142857142857,7,0,1000000,3000,4
225997,225997,903988,1688,108,432,607.0,0.0,607.0,685,685,392.1666666666667,14,0,1000000,3000,4
226090,226090,904360,1689,93,372,636.0,0.0,636.0,711,711,371.01075268817203,15,0,1000000,3000,4
226134,226134,904536,1690,44,176,233.0,0.0,233.0,298,298,141.70454545454547,6,0,1000000,3000,4
226174,226174,904696,1691,40,160,233.0,0.0,233.0,297,297,161.775,6,0,1000000,3000,4
226564,226564,906256,1692,390,1560,1651.0,0.0,1651.0,1784,1784,808.0538461538462,36,0,1000000,3000,4
226615,226615,906460,1693,51,204,219.0,0.0,219.0,285,285,141.68627450980392,6,0,1000000,3000,4
227021,227021,908084,1694,406,1624,1285.0,0.0,1285.0,1423,1423,739.0049261083744,29,0,1000000,3000,4
227324,227324,909296,1695,303,1212,1008.0,0.0,1008.0,1123,1123,706.983498349835,23,0,1000000,3000,4
227600,227600,910400,1696,276,1104,1014.0,0.0,1014.0,1125,1125,642.4673913043479,23,0,1000000,3000,4
227713,227713,910852,1697,113,452,617.0,0.0,617.0,696,696,372.9734513274336,14,0,1000000,3000,4
227754,227754,911016,1698,41,164,231.0,0.0,231.0,297,297,158.6829268292683,6,0,1000000,3000,4
227992,227992,911968,1699,238,952,1023.0,0.0,1023.0,1125,1125,644.1386554621848,23,0,1000000,3000,4
228222,228222,912888,1700,230,920,1026.0,0.0,1026.0,1128,1128,682.8695652173913,23,0,1000000,3000,4
228261,228261,913044,1701,39,156,236.0,0.0,236.0,300,300,154.25641025641025,7,0,1000000,3000,4
228443,228443,913772,1702,182,728,762.0,0.0,762.0,856,856,527.489010989011,18,0,1000000,3000,4
228483,228483,913932,1703,40,160,239.0,0.0,239.0,303,303,153.75,7,0,1000000,3000,4
228613,228613,914452,1704,130,520,594.0,0.0,594.0,675,675,367.12307692307695,14,0,1000000,3000,4
228647,228647,914588,1705,34,136,244.0,0.0,244.0,308,308,150.91176470588235,7,0,1000000,3000,4
228927,228927,915708,1706,280,1120,1297.0,0.0,1297.0,1408,1408,754.4107142857143,29,0,1000000,3000,4
229103,229103,916412,1707,176,704,629.0,0.0,629.0,719,722,449.51704545454544,15,0,1000000,3000,4
230213,230213,920852,1708,1110,4440,848.0,0.0,848.0,1122,1123,692.7936936936937,23,0,1000000,3000,4
230294,230294,921176,1709,81,324,613.0,0.0,613.0,687,687,316.74074074074076,14,0,1000000,3000,4
230348,230348,921392,1710,54,216,211.0,0.0,211.0,278,278,153.83333333333334,6,0,1000000,3000,4
231034,231034,924136,1711,686,2744,706.0,0.0,706.0,898,898,671.0932944606413,18,0,1000000,3000,4
231070,231070,924280,1712,36,144,241.0,0.0,241.0,305,305,159.80555555555554,7,0,1000000,3000,4
231172,231172,924688,1713,102,408,609.0,0.0,609.0,687,687,376.38235294117646,14,0,1000000,3000,4
231456,231456,925824,1714,284,1136,1313.0,0.0,1313.0,1427,1427,752.6091549295775,29,0,1000000,3000,4
231580,231580,926320,1715,124,496,604.0,0.0,604.0,685,685,364.63709677419354,14,0,1000000,3000,4
232533,232533,930132,1716,953,3812,1173.0,0.0,1173.0,1421,1421,769.8646379853095,29,0,1000000,3000,4
233073,233073,932292,1717,540,2160,1056.0,0.0,1056.0,1219,1219,735.6888888888889,25,0,1000000,3000,4
233112,233112,932448,1718,39,156,235.0,0.0,235.0,300,300,159.5897435897436,7,0,1000000,3000,4
233226,233226,932904,1719,114,456,592.0,0.0,592.0,670,670,399.8070175438597,14,0,1000000,3000,4
233351,233351,933404,1720,125,500,599.0,0.0,599.0,679,679,370.192,14,0,1000000,3000,4
233393,233393,933572,1721,42,168,229.0,0.0,229.0,295,295,154.14285714285714,6,0,1000000,3000,4
233523,233523,934092,1722,130,520,583.0,0.0,583.0,665,665,447.12307692307695,14,0,1000000,3000,4
233913,233913,935652,1723,390,1560,669.0,0.0,669.0,804,804,641.0641025641025,17,0,1000000,3000,4
233954,233954,935816,1724,41,164,229.0,0.0,229.0,294,294,168.2439024390244,6,0,1000000,3000,4
233988,233988,935952,1725,34,136,243.0,0.0,243.0,306,306,161.64705882352942,7,0,1000000,3000,4
234475,234475,937900,1726,487,1948,1262.0,0.0,1262.0,1415,1415,770.3983572895277,29,0,1000000,3000,4
234671,234671,938684,1727,196,784,804.0,0.0,804.0,898,899,634.3061224489796,18,0,1000000,3000,4
234964,234964,939856,1728,293,1172,1305.0,0.0,1305.0,1420,1420,699.5767918088737,29,0,1000000,3000,4
235258,235258,941032,1729,294,1176,1034.0,0.0,1034.0,1150,1150,690.8571428571429,24,0,1000000,3000,4
235530,235530,942120,1730,272,1088,1310.0,0.0,1310.0,1421,1421,732.7132352941177,29,0,1000000,3000,4
235567,235567,942268,1731,37,148,246.0,0.0,246.0,309,309,154.9189189189189,7,0,1000000,3000,4
235697,235697,942788,1732,130,520,748.0,0.0,748.0,830,830,503.25384615384615,17,0,1000000,3000,4
235735,235735,942940,1733,38,152,237.0,0.0,237.0,302,302,155.3684210526316,7,0,1000000,3000,4
235780,235780,943120,1734,45,180,229.0,0.0,229.0,294,294,157.53333333333333,6,0,1000000,3000,4
235816,235816,943264,1735,36,144,246.0,0.0,246.0,310,310,145.11111111111111,7,0,1000000,3000,4
235987,235987,943948,1736,171,684,1137.0,0.0,1137.0,1228,1228,620.9766081871345,25,0,1000000,3000,4
236032,236032,944128,1737,45,180,223.0,0.0,223.0,288,288,161.24444444444444,6,0,1000000,3000,4
236150,236150,944600,1738,118,472,589.0,0.0,589.0,669,669,383.7118644067797,14,0,1000000,3000,4
236199,236199,944796,1739,49,196,216.0,0.0,216.0,281,281,166.42857142857142,6,0,1000000,3000,4
236469,236469,945876,1740,270,1080,1907.0,0.0,1907.0,2017,2017,1006.062962962963,41,0,1000000,3000,4
236567,236567,946268,1741,98,392,648.0,0.0,648.0,722,722,371.5408163265306,15,0,1000000,3000,4
236792,236792,947168,1742,225,900,1035.0,0.0,1035.0,1136,1136,601.3377777777778,23,0,1000000,3000,4
236946,236946,947784,1743,154,616,737.0,0.0,737.0,823,823,503.57142857142856,17,0,1000000,3000,4
237345,237345,949380,1744,399,1596,2338.0,0.0,2338.0,2473,2473,1265.62656641604,50,0,1000000,3000,4
237385,237385,949540,1745,40,160,236.0,0.0,236.0,301,301,148.55,7,0,1000000,3000,4
237425,237425,949700,1746,40,160,233.0,0.0,233.0,298,298,151.1,6,0,1000000,3000,4
237465,237465,949860,1747,40,160,226.0,0.0,226.0,290,290,168.325,6,0,1000000,3000,4
237506,237506,950024,1748,41,164,232.0,0.0,232.0,297,297,160.34146341463415,6,0,1000000,3000,4
237608,237608,950432,1749,102,408,614.0,0.0,614.0,691,691,373.2450980392157,14,0,1000000,3000,4
237699,237699,950796,1750,91,364,632.0,0.0,632.0,706,706,353.5824175824176,15,0,1000000,3000,4
237742,237742,950968,1751,43,172,231.0,0.0,231.0,296,296,152.11627906976744,6,0,1000000,3000,4
237776,237776,951104,1752,34,136,248.0,0.0,248.0,311,311,155.3235294117647,7,0,1000000,3000,4
237923,237923,951692,1753,147,588,1048.0,0.0,1048.0,1134,1134,605.8163265306123,23,0,1000000,3000,4
238027,238027,952108,1754,104,416,632.0,0.0,632.0,709,709,342.125,15,0,1000000,3000,4
238205,238205,952820,1755,178,712,808.0,0.0,808.0,898,898,528.6910112359551,18,0,1000000,3000,4
238298,238298,953192,1756,93,372,649.0,0.0,649.0,722,722,347.7204301075269,15,0,1000000,3000,4
238341,238341,953364,1757,43,172,230.0,0.0,230.0,295,295,159.1627906976744,6,0,1000000,3000,4
238525,238525,954100,1758,184,736,755.0,0.0,755.0,847,847,519.0326086956521,17,0,1000000,3000,4
238655,238655,954620,1759,130,520,574.0,0.0,574.0,656,656,366.0846153846154,14,0,1000000,3000,4
238705,238705,954820,1760,50,200,223.0,0.0,223.0,289,289,146.36,6,0,1000000,3000,4
238749,238749,954996,1761,44,176,231.0,0.0,231.0,295,295,152.1590909090909,6,0,1000000,3000,4
238984,238984,955936,1762,235,940,744.0,0.0,744.0,847,847,493.34893617021277,17,0,1000000,3000,4
239177,239177,956708,1763,193,772,721.0,0.0,721.0,817,817,548.1865284974093,17,0,1000000,3000,4
239511,239511,958044,1764,334,1336,709.0,0.0,709.0,833,833,583.7814371257485,17,0,1000000,3000,4
239549,239549,958196,1765,38,152,239.0,0.0,239.0,303,303,152.8684210526316,7,0,1000000,3000,4
239869,239869,959476,1766,320,1280,780.0,0.0,780.0,898,898,613.5,18,0,1000000,3000,4
239904,239904,959616,1767,35,140,247.0,0.0,247.0,310,310,149.54285714285714,7,0,1000000,3000,4
240064,240064,960256,1768,160,640,635.0,0.0,635.0,722,722,466.7625,15,0,1000000,3000,4
240097,240097,960388,1769,33,132,248.0,0.0,248.0,312,312,149.6060606060606,7,0,1000000,3000,4
240148,240148,960592,1770,51,204,210.0,0.0,210.0,276,276,163.84313725490196,6,0,1000000,3000,4
240238,240238,960952,1771,90,360,626.0,0.0,626.0,701,701,341.65555555555557,15,0,1000000,3000,4
240280,240280,961120,1772,42,168,230.0,0.0,230.0,294,294,163.07142857142858,6,0,1000000,3000,4
240319,240319,961276,1773,39,156,235.0,0.0,235.0,299,299,163.2051282051282,6,0,1000000,3000,4
241004,241004,964016,1774,685,2740,635.0,0.0,635.0,829,829,664.8262773722628,17,0,1000000,3000,4
241047,241047,964188,1775,43,172,241.0,0.0,241.0,307,307,145.74418604651163,7,0,1000000,3000,4
241508,241508,966032,1776,461,1844,730.0,0.0,730.0,880,880,644.3665943600868,18,0,1000000,3000,4
241572,241572,966288,1777,64,256,611.0,0.0,611.0,681,681,332.6875,14,0,1000000,3000,4
241605,241605,966420,1778,33,132,245.0,0.0,245.0,308,308,149.5151515151515,7,0,1000000,3000,4
241710,241710,966840,1779,105,420,606.0,0.0,606.0,684,684,394.4190476190476,14,0,1000000,3000,4
242198,242198,968792,1780,488,1952,746.0,0.0,746.0,898,899,673.5409836065573,18,0,1000000,3000,4
242614,242614,970456,1781,416,1664,1298.0,0.0,1298.0,1439,1439,744.6634615384615,29,0,1000000,3000,4
243005,243005,972020,1782,391,1564,1277.0,0.0,1277.0,1410,1410,705.0741687979539,29,0,1000000,3000,4
243678,243678,974712,1783,673,2692,1233.0,0.0,1233.0,1424,1424,752.404160475483,29,0,1000000,3000,4
243799,243799,975196,1784,121,484,643.0,0.0,643.0,721,722,307.8181818181818,15,0,1000000,3000,4
244219,244219,976876,1785,420,1680,1276.0,0.0,1276.0,1414,1414,781.7690476190476,29,0,1000000,3000,4
244323,244323,977292,1786,104,416,604.0,0.0,604.0,681,681,378.5576923076923,14,0,1000000,3000,4
245258,245258,981032,1787,935,3740,1177.0,0.0,1177.0,1420,1420,807.979679144385,29,0,1000000,3000,4
245670,245670,982680,1788,412,1648,986.0,0.0,986.0,1123,1123,684.0533980582525,23,0,1000000,3000,4
246075,246075,984300,1789,405,1620,1093.0,0.0,1093.0,1230,1230,672.5703703703704,25,0,1000000,3000,4
246374,246374,985496,1790,299,1196,744.0,0.0,744.0,860,860,588.6387959866221,18,0,1000000,3000,4
246462,246462,985848,1791,88,352,635.0,0.0,635.0,708,708,359.3636363636364,15,0,1000000,3000,4
246766,246766,987064,1792,304,1216,1015.0,0.0,1015.0,1132,1132,673.75,23,0,1000000,3000,4
247127,247127,988508,1793,361,1444,1296.0,0.0,1296.0,1426,1426,747.8448753462604,29,0,1000000,3000,4
247272,247272,989088,1794,145,580,733.0,0.0,733.0,818,818,495.28275862068966,17,0,1000000,3000,4
247446,247446,989784,1795,174,696,1040.0,0.0,1040.0,1131,1131,596.5402298850574,23,0,1000000,3000,4
247736,247736,990944,1796,290,1160,1016.0,0.0,1016.0,1129,1129,604.3689655172413,23,0,1000000,3000,4
248015,248015,992060,1797,279,1116,788.0,0.0,788.0,898,899,628.3620071684588,18,0,1000000,3000,4
248092,248092,992368,1798,77,308,603.0,0.0,603.0,676,676,323.8181818181818,14,0,1000000,3000,4
248125,248125,992500,1799,33,132,250.0,0.0,250.0,314,314,150.93939393939394,7,0,1000000,3000,4
248214,248214,992856,1800,89,356,632.0,0.0,632.0,706,706,357.0449438202247,15,0,1000000,3000,4
248308,248308,993232,1801,94,376,626.0,0.0,626.0,701,701,394.5851063829787,15,0,1000000,3000,4
248348,248348,993392,1802,40,160,232.0,0.0,232.0,298,298,165.175,6,0,1000000,3000,4
248448,248448,993792,1803,100,400,614.0,0.0,614.0,692,692,395.3,14,0,1000000,3000,4
248479,248479,993916,1804,31,124,247.0,0.0,247.0,311,311,152.74193548387098,7,0,1000000,3000,4
248661,248661,994644,1805,182,728,1331.0,0.0,1331.0,1425,1425,667.8791208791209,29,0,1000000,3000,4
248765,248765,995060,1806,104,416,630.0,0.0,630.0,708,708,374.08653846153845,15,0,1000000,3000,4
248812,248812,995248,1807,47,188,235.0,0.0,235.0,301,301,137.95744680851064,7,0,1000000,3000,4
248892,248892,995568,1808,80,320,604.0,0.0,604.0,677,677,305.0375,14,0,1000000,3000,4
248926,248926,995704,1809,34,136,247.0,0.0,247.0,310,310,149.91176470588235,7,0,1000000,3000,4
248959,248959,995836,1810,33,132,243.0,0.0,243.0,307,307,154.84848484848484,7,0,1000000,3000,4
249055,249055,996220,1811,96,384,619.0,0.0,619.0,696,696,385.21875,14,0,1000000,3000,4
249169,249169,996676,1812,114,456,625.0,0.0,625.0,705,705,397.2368421052632,15,0,1000000,3000,4
249210,249210,996840,1813,41,164,236.0,0.0,236.0,302,302,149.4390243902439,7,0,1000000,3000,4
249252,249252,997008,1814,42,168,232.0,0.0,232.0,298,298,144.97619047619048,6,0,1000000,3000,4
249291,249291,997164,1815,39,156,237.0,0.0,237.0,301,301,163.25641025641025,7,0,1000000,3000,4
249371,249371,997484,1816,80,320,613.0,0.0,613.0,686,686,340.075,14,0,1000000,3000,4
249405,249405,997620,1817,34,136,243.0,0.0,243.0,306,306,158.6764705882353,7,0,1000000,3000,4
249440,249440,997760,1818,35,140,244.0,0.0,244.0,307,307,155.77142857142857,7,0,1000000,3000,4
249557,249557,998228,1819,117,468,618.0,0.0,618.0,698,698,377.7264957264957,14,0,1000000,3000,4
249720,249720,998880,1820,163,652,1041.0,0.0,1041.0,1129,1129,579.6564417177914,23,0,1000000,3000,4
249863,249863,999452,1821,143,572,1176.0,0.0,1176.0,1261,1261,638.1258741258741,26,0,1000000,3000,4
250023,250023,1000092,1822,160,640,1048.0,0.0,1048.0,1136,1136,624.25625,23,0,1000000,3000,4
250118,250118,1000472,1823,95,380,614.0,0.0,614.0,689,689,335.62105263157895,14,0,1000000,3000,4
250207,250207,1000828,1824,89,356,606.0,0.0,606.0,680,680,330.02247191011236,14,0,1000000,3000,4
250247,250247,1000988,1825,40,160,233.0,0.0,233.0,298,298,155.775,6,0,1000000,3000,4
250278,250278,1001112,1826,31,124,247.0,0.0,247.0,310,310,150.96774193548387,7,0,1000000,3000,4
250479,250479,1001916,1827,201,804,1032.0,0.0,1032.0,1128,1128,579.0298507462686,23,0,1000000,3000,4
250568,250568,1002272,1828,89,356,618.0,0.0,618.0,691,691,378.92134831460675,14,0,1000000,3000,4
250604,250604,1002416,1829,36,144,242.0,0.0,242.0,307,307,156.63888888888889,7,0,1000000,3000,4
250642,250642,1002568,1830,38,152,242.0,0.0,242.0,305,305,156.21052631578948,7,0,1000000,3000,4
250738,250738,1002952,1831,96,384,619.0,0.0,619.0,696,696,376.46875,14,0,1000000,3000,4
250771,250771,1003084,1832,33,132,246.0,0.0,246.0,308,308,155.72727272727272,7,0,1000000,3000,4
250805,250805,1003220,1833,34,136,236.0,0.0,236.0,299,299,171.58823529411765,6,0,1000000,3000,4
251002,251002,1004008,1834,197,788,1428.0,0.0,1428.0,1524,1524,730.269035532995,31,0,1000000,3000,4
251037,251037,1004148,1835,35,140,245.0,0.0,245.0,309,309,148.57142857142858,7,0,1000000,3000,4
251075,251075,1004300,1836,38,152,236.0,0.0,236.0,301,301,151.71052631578948,7,0,1000000,3000,4
251105,251105,1004420,1837,30,120,246.0,0.0,246.0,309,309,155.8,7,0,1000000,3000,4
251170,251170,1004680,1838,65,260,612.0,0.0,612.0,682,682,334.5230769230769,14,0,1000000,3000,4
251266,251266,1005064,1839,96,384,632.0,0.0,632.0,709,709,379.21875,15,0,1000000,3000,4
251444,251444,1005776,1840,178,712,1038.0,0.0,1038.0,1129,1129,618.3876404494382,23,0,1000000,3000,4
251485,251485,1005940,1841,41,164,236.0,0.0,236.0,302,302,152.97560975609755,7,0,1000000,3000,4
251657,251657,1006628,1842,172,688,1341.0,0.0,1341.0,1433,1433,675.3779069767442,29,0,1000000,3000,4
251688,251688,1006752,1843,31,124,251.0,0.0,251.0,315,315,150.96774193548387,7,0,1000000,3000,4
251724,251724,1006896,1844,36,144,238.0,0.0,238.0,303,303,163.11111111111111,7,0,1000000,3000,4
251858,251858,1007432,1845,134,536,1049.0,0.0,1049.0,1131,1131,602.0149253731344,23,0,1000000,3000,4
251956,251956,1007824,1846,98,392,607.0,0.0,607.0,684,684,393.7040816326531,14,0,1000000,3000,4
251989,251989,1007956,1847,33,132,249.0,0.0,249.0,313,313,152.3939393939394,7,0,1000000,3000,4
252186,252186,1008744,1848,197,788,1704.0,0.0,1704.0,1801,1801,880.1269035532995,37,0,1000000,3000,4
252300,252300,1009200,1849,114,456,712.0,0.0,712.0,791,791,476.63157894736844,16,0,1000000,3000,4
252395,252395,1009580,1850,95,380,619.0,0.0,619.0,696,696,380.7368421052632,14,0,1000000,3000,4
252543,252543,1010172,1851,148,592,814.0,0.0,814.0,898,898,564.6959459459459,18,0,1000000,3000,4
252611,252611,1010444,1852,68,272,613.0,0.0,613.0,684,684,331.9264705882353,14,0,1000000,3000,4
252750,252750,1011000,1853,139,556,816.0,0.0,816.0,898,898,562.7985611510792,18,0,1000000,3000,4
252841,252841,1011364,1854,91,364,630.0,0.0,630.0,705,705,385.5274725274725,15,0,1000000,3000,4
252875,252875,1011500,1855,34,136,246.0,0.0,246.0,310,310,155.58823529411765,7,0,1000000,3000,4
252910,252910,1011640,1856,35,140,247.0,0.0,247.0,311,311,144.4,7,0,1000000,3000,4
252983,252983,1011932,1857,73,292,606.0,0.0,606.0,678,678,321.041095890411,14,0,1000000,3000,4
253071,253071,1012284,1858,88,352,629.0,0.0,629.0,703,703,390.95454545454544,15,0,1000000,3000,4
253115,253115,1012460,1859,44,176,219.0,0.0,219.0,284,284,165.9318181818182,6,0,1000000,3000,4
253218,253218,1012872,1860,103,412,714.0,0.0,714.0,791,791,460.3398058252427,16,0,1000000,3000,4
253404,253404,1013616,1861,186,744,1334.0,0.0,1334.0,1429,1429,723.7311827956989,29,0,1000000,3000,4
253599,253599,1014396,1862,195,780,1425.0,0.0,1425.0,1522,1522,797.1333333333333,31,0,1000000,3000,4
253668,253668,1014672,1863,69,276,608.0,0.0,608.0,679,679,337.18840579710144,14,0,1000000,3000,4
253700,253700,1014800,1864,32,128,243.0,0.0,243.0,307,307,159.3125,7,0,1000000,3000,4
253730,253730,1014920,1865,30,120,252.0,0.0,252.0,315,315,158.33333333333334,7,0,1000000,3000,4
253761,253761,1015044,1866,31,124,248.0,0.0,248.0,311,311,154.06451612903226,7,0,1000000,3000,4
253965,253965,1015860,1867,204,816,1337.0,0.0,1337.0,1435,1435,722.5490196078431,29,0,1000000,3000,4
253996,253996,1015984,1868,31,124,248.0,0.0,248.0,312,312,158.06451612903226,7,0,1000000,3000,4
254062,254062,1016248,1869,66,264,613.0,0.0,613.0,684,684,328.72727272727275,14,0,1000000,3000,4
254213,254213,1016852,1870,151,604,1042.0,0.0,1042.0,1128,1128,599.4304635761589,23,0,1000000,3000,4
254438,254438,1017752,1871,225,900,1915.0,0.0,1915.0,2016,2016,993.0311111111112,41,0,1000000,3000,4
254592,254592,1018368,1872,154,616,770.0,0.0,770.0,858,858,519.7597402597403,18,0,1000000,3000,4
254716,254716,1018864,1873,124,496,725.0,0.0,725.0,806,806,454.0483870967742,17,0,1000000,3000,4
254812,254812,1019248,1874,96,384,622.0,0.0,622.0,698,698,392.5520833333333,14,0,1000000,3000,4
254900,254900,1019600,1875,88,352,605.0,0.0,605.0,680,680,345.09090909090907,14,0,1000000,3000,4
254991,254991,1019964,1876,91,364,626.0,0.0,626.0,702,702,338.57142857142856,15,0,1000000,3000,4
255136,255136,1020544,1877,145,580,747.0,0.0,747.0,833,833,512.8275862068965,17,0,1000000,3000,4
255401,255401,1021604,1878,265,1060,1839.0,0.0,1839.0,1950,1950,1016.7169811320755,40,0,1000000,3000,4
255595,255595,1022380,1879,194,776,805.0,0.0,805.0,898,898,584.7113402061856,18,0,1000000,3000,4
255829,255829,1023316,1880,234,936,1545.0,0.0,1545.0,1649,1649,872.6709401709402,33,0,1000000,3000,4
256080,256080,1024320,1881,251,1004,1681.0,0.0,1681.0,1788,1788,924.3585657370518,36,0,1000000,3000,4
256335,256335,1025340,1882,255,1020,1413.0,0.0,1413.0,1522,1522,734.2156862745098,31,0,1000000,3000,4
256377,256377,1025508,1883,42,168,226.0,0.0,226.0,291,291,166.04761904761904,6,0,1000000,3000,4
256417,256417,1025668,1884,40,160,238.0,0.0,238.0,303,303,154.425,7,0,1000000,3000,4
256538,256538,1026152,1885,121,484,754.0,0.0,754.0,835,835,520.2314049586777,17,0,1000000,3000,4
256581,256581,1026324,1886,43,172,226.0,0.0,226.0,291,291,163.65116279069767,6,0,1000000,3000,4
256610,256610,1026440,1887,29,116,247.0,0.0,247.0,309,309,160.17241379310346,7,0,1000000,3000,4
256639,256639,1026556,1888,29,116,249.0,0.0,249.0,312,312,152.55172413793105,7,0,1000000,3000,4
256734,256734,1026936,1889,95,380,616.0,0.0,616.0,693,693,342.3263157894737,14,0,1000000,3000,4
256775,256775,1027100,1890,41,164,239.0,0.0,239.0,305,305,147.1219512195122,7,0,1000000,3000,4
256813,256813,1027252,1891,38,152,226.0,0.0,226.0,291,291,168.97368421052633,6,0,1000000,3000,4
257002,257002,1028008,1892,189,756,806.0,0.0,806.0,898,898,553.6455026455027,18,0,1000000,3000,4
257042,257042,1028168,1893,40,160,231.0,0.0,231.0,295,295,157.2,6,0,1000000,3000,4
257320,257320,1029280,1894,278,1112,1817.0,0.0,1817.0,1929,1929,960.910071942446,39,0,1000000,3000,4
257351,257351,1029404,1895,31,124,249.0,0.0,249.0,313,313,159.41935483870967,7,0,1000000,3000,4
257433,257433,1029732,1896,82,328,620.0,0.0,620.0,693,693,348.4756097560976,14,0,1000000,3000,4
257523,257523,1030092,1897,90,360,618.0,0.0,618.0,692,692,388.5,14,0,1000000,3000,4
257701,257701,1030804,1898,178,712,1039.0,0.0,1039.0,1130,1130,586.2808988764045,23,0,1000000,3000,4
257745,257745,1030980,1899,44,176,221.0,0.0,221.0,286,286,164.4318181818182,6,0,1000000,3000,4
258040,258040,1032160,1900,295,1180,1299.0,0.0,1299.0,1413,1413,764.9423728813559,29,0,1000000,3000,4
258207,258207,1032828,1901,167,668,1338.0,0.0,1338.0,1429,1429,699.814371257485,29,0,1000000,3000,4
258315,258315,1033260,1902,108,432,614.0,0.0,614.0,692,692,365.85185185185185,14,0,1000000,3000,4
258432,258432,1033728,1903,117,468,726.0,0.0,726.0,806,806,492.0769230769231,17,0,1000000,3000,4
258469,258469,1033876,1904,37,148,230.0,0.0,230.0,294,294,172.05405405405406,6,0,1000000,3000,4
258510,258510,1034040,1905,41,164,231.0,0.0,231.0,296,296,159.1219512195122,6,0,1000000,3000,4
258805,258805,1035220,1906,295,1180,1012.0,0.0,1012.0,1126,1126,694.6237288135593,23,0,1000000,3000,4
258847,258847,1035388,1907,42,168,233.0,0.0,233.0,297,297,156.54761904761904,6,0,1000000,3000,4
259160,259160,1036640,1908,313,1252,1290.0,0.0,1290.0,1409,1409,669.5079872204473,29,0,1000000,3000,4
259196,259196,1036784,1909,36,144,233.0,0.0,233.0,298,298,159.02777777777777,6,0,1000000,3000,4
259344,259344,1037376,1910,148,592,1042.0,0.0,1042.0,1126,1126,566.2094594594595,23,0,1000000,3000,4
259647,259647,1038588,1911,303,1212,1848.0,0.0,1848.0,1965,1965,952.1221122112212,40,0,1000000,3000,4
259685,259685,1038740,1912,38,152,235.0,0.0,235.0,299,299,164.89473684210526,6,0,1000000,3000,4
259850,259850,1039400,1913,165,660,1039.0,0.0,1039.0,1128,1128,575.0909090909091,23,0,1000000,3000,4
260034,260034,1040136,1914,184,736,1035.0,0.0,1035.0,1127,1127,575.4130434782609,23,0,1000000,3000,4
260156,260156,1040624,1915,122,488,585.0,0.0,585.0,666,666,385.9016393442623,14,0,1000000,3000,4
260191,260191,1040764,1916,35,140,245.0,0.0,245.0,309,309,155.11428571428573,7,0,1000000,3000,4
260286,260286,1041144,1917,95,380,615.0,0.0,615.0,691,691,402.7578947368421,14,0,1000000,3000,4
260887,260887,1043548,1918,601,2404,2294.0,0.0,2294.0,2470,2470,1337.8452579034943,50,0,1000000,3000,4
261346,261346,1045384,1919,459,1836,752.0,0.0,752.0,898,899,715.6492374727669,18,0,1000000,3000,4
261504,261504,1046016,1920,158,632,636.0,0.0,636.0,722,724,486.7088607594937,15,0,1000000,3000,4
261664,261664,1046656,1921,160,640,603.0,0.0,603.0,690,690,475.1875,14,0,1000000,3000,4
261940,261940,1047760,1922,276,1104,724.0,0.0,724.0,836,836,604.6630434782609,17,0,1000000,3000,4
261985,261985,1047940,1923,45,180,211.0,0.0,211.0,277,277,173.8,6,0,1000000,3000,4
262030,262030,1048120,1924,45,180,228.0,0.0,228.0,294,294,157.51111111111112,6,0,1000000,3000,4
262115,262115,1048460,1925,85,340,628.0,0.0,628.0,702,702,349.0,15,0,1000000,3000,4
262203,262203,1048812,1926,88,352,606.0,0.0,606.0,681,681,403.8068181818182,14,0,1000000,3000,4
262304,262304,1049216,1927,101,404,611.0,0.0,611.0,689,689,377.0495049504951,14,0,1000000,3000,4
262522,262522,1050088,1928,218,872,1038.0,0.0,1038.0,1137,1137,625.7155963302753,23,0,1000000,3000,4
262660,262660,1050640,1929,138,552,741.0,0.0,741.0,824,824,486.54347826086956,17,0,1000000,3000,4
262693,262693,1050772,1930,33,132,236.0,0.0,236.0,300,300,162.03030303030303,7,0,1000000,3000,4
262935,262935,1051740,1931,242,968,1035.0,0.0,1035.0,1140,1140,657.6074380165289,23,0,1000000,3000,4
262987,262987,1051948,1932,52,208,204.0,0.0,204.0,271,271,170.76923076923077,6,0,1000000,3000,4
263023,263023,1052092,1933,36,144,232.0,0.0,232.0,296,296,170.08333333333334,6,0,1000000,3000,4
263191,263191,1052764,1934,168,672,810.0,0.0,810.0,898,898,556.3035714285714,18,0,1000000,3000,4
263234,263234,1052936,1935,43,172,226.0,0.0,226.0,290,290,165.48837209302326,6,0,1000000,3000,4
263395,263395,1053580,1936,161,644,781.0,0.0,781.0,869,869,531.8944099378882,18,0,1000000,3000,4
263431,263431,1053724,1937,36,144,240.0,0.0,240.0,303,303,163.36111111111111,7,0,1000000,3000,4
263604,263604,1054416,1938,173,692,1319.0,0.0,1319.0,1410,1410,732.8901734104046,29,0,1000000,3000,4
263885,263885,1055540,1939,281,1124,1905.0,0.0,1905.0,2019,2019,994.4519572953736,41,0,1000000,3000,4
263915,263915,1055660,1940,30,120,247.0,0.0,247.0,310,310,153.0,7,0,1000000,3000,4
263962,263962,1055848,1941,47,188,219.0,0.0,219.0,284,284,166.48936170212767,6,0,1000000,3000,4
264245,264245,1056980,1942,283,1132,702.0,0.0,702.0,815,815,579.1554770318021,17,0,1000000,3000,4
264287,264287,1057148,1943,42,168,237.0,0.0,237.0,303,303,147.1904761904762,7,0,1000000,3000,4
264333,264333,1057332,1944,46,184,223.0,0.0,223.0,289,289,160.91304347826087,6,0,1000000,3000,4
264372,264372,1057488,1945,39,156,240.0,0.0,240.0,303,303,152.15384615384616,7,0,1000000,3000,4
265095,265095,1060380,1946,723,2892,930.0,0.0,930.0,1130,1130,778.3250345781466,23,0,1000000,3000,4
265443,265443,1061772,1947,348,1392,1301.0,0.0,1301.0,1428,1428,695.0919540229885,29,0,1000000,3000,4
265725,265725,1062900,1948,282,1128,1025.0,0.0,1025.0,1137,1137,681.8971631205674,23,0,1000000,3000,4
265835,265835,1063340,1949,110,440,615.0,0.0,615.0,692,692,388.93636363636364,14,0,1000000,3000,4
265879,265879,1063516,1950,44,176,229.0,0.0,229.0,294,294,154.72727272727272,6,0,1000000,3000,4
266090,266090,1064360,1951,211,844,1040.0,0.0,1040.0,1138,1138,621.6445497630332,23,0,1000000,3000,4
266310,266310,1065240,1952,220,880,1032.0,0.0,1032.0,1132,1132,655.0909090909091,23,0,1000000,3000,4
266346,266346,1065384,1953,36,144,247.0,0.0,247.0,311,311,141.0,7,0,1000000,3000,4
266384,266384,1065536,1954,38,152,242.0,0.0,242.0,306,306,154.92105263157896,7,0,1000000,3000,4
266591,266591,1066364,1955,207,828,1040.0,0.0,1040.0,1138,1138,647.7729468599034,23,0,1000000,3000,4
266864,266864,1067456,1956,273,1092,1679.0,0.0,1679.0,1789,1789,847.3882783882784,36,0,1000000,3000,4
267127,267127,1068508,1957,263,1052,1016.0,0.0,1016.0,1124,1124,701.3802281368821,23,0,1000000,3000,4
267295,267295,1069180,1958,168,672,1041.0,0.0,1041.0,1131,1131,589.6190476190476,23,0,1000000,3000,4
267386,267386,1069544,1959,91,364,635.0,0.0,635.0,711,711,371.02197802197804,15,0,1000000,3000,4
267713,267713,1070852,1960,327,1308,1299.0,0.0,1299.0,1422,1422,727.5779816513761,29,0,1000000,3000,4
267743,267743,1070972,1961,30,120,249.0,0.0,249.0,312,312,164.16666666666666,7,0,1000000,3000,4
267910,267910,1071640,1962,167,668,1059.0,0.0,1059.0,1150,1150,625.5748502994012,24,0,1000000,3000,4
267948,267948,1071792,1963,38,152,231.0,0.0,231.0,295,295,163.81578947368422,6,0,1000000,3000,4
267981,267981,1071924,1964,33,132,243.0,0.0,243.0,307,307,156.9090909090909,7,0,1000000,3000,4
268061,268061,1072244,1965,80,320,628.0,0.0,628.0,701,701,367.3625,15,0,1000000,3000,4
268255,268255,1073020,1966,194,776,724.0,0.0,724.0,819,819,548.6185567010309,17,0,1000000,3000,4
268707,268707,1074828,1967,452,1808,1081.0,0.0,1081.0,1229,1229,736.6924778761062,25,0,1000000,3000,4
268864,268864,1075456,1968,157,628,812.0,0.0,812.0,898,898,550.2866242038217,18,0,1000000,3000,4
268902,268902,1075608,1969,38,152,242.0,0.0,242.0,307,307,143.8421052631579,7,0,1000000,3000,4
269014,269014,1076056,1970,112,448,617.0,0.0,617.0,697,697,370.19642857142856,14,0,1000000,3000,4
269115,269115,1076460,1971,101,404,614.0,0.0,614.0,690,690,377.15841584158414,14,0,1000000,3000,4
269299,269299,1077196,1972,184,736,1430.0,0.0,1430.0,1522,1522,711.5760869565217,31,0,1000000,3000,4
269384,269384,1077536,1973,85,340,615.0,0.0,615.0,689,689,355.5529411764706,14,0,1000000,3000,4
269419,269419,1077676,1974,35,140,236.0,0.0,236.0,300,300,160.0857142857143,7,0,1000000,3000,4
269579,269579,1078316,1975,160,640,751.0,0.0,751.0,840,840,544.25625,17,0,1000000,3000,4
269657,269657,1078628,1976,78,312,613.0,0.0,613.0,685,685,339.4102564102564,14,0,1000000,3000,4
269895,269895,1079580,1977,238,952,1320.0,0.0,1320.0,1425,1425,706.5840336134454,29,0,1000000,3000,4
270102,270102,1080408,1978,207,828,1031.0,0.0,1031.0,1127,1127,647.6038647342995,23,0,1000000,3000,4
270132,270132,1080528,1979,30,120,246.0,0.0,246.0,309,309,155.73333333333332,7,0,1000000,3000,4
270303,270303,1081212,1980,171,684,1343.0,0.0,1343.0,1435,1435,660.2456140350877,29,0,1000000,3000,4
270381,270381,1081524,1981,78,312,629.0,0.0,629.0,701,701,350.9230769230769,15,0,1000000,3000,4
270420,270420,1081680,1982,39,156,235.0,0.0,235.0,300,300,157.6153846153846,7,0,1000000,3000,4
270539,270539,1082156,1983,119,476,757.0,0.0,757.0,838,838,529.1848739495798,17,0,1000000,3000,4
270687,270687,1082748,1984,148,592,1040.0,0.0,1040.0,1124,1124,607.5,23,0,1000000,3000,4
270776,270776,1083104,1985,89,356,626.0,0.0,626.0,701,701,389.1685393258427,15,0,1000000,3000,4
271059,271059,1084236,1986,283,1132,1545.0,0.0,1545.0,1658,1658,825.2473498233215,34,0,1000000,3000,4
271091,271091,1084364,1987,32,128,246.0,0.0,246.0,310,310,153.34375,7,0,1000000,3000,4
271244,271244,1084976,1988,153,612,813.0,0.0,813.0,898,898,556.0392156862745,18,0,1000000,3000,4
271323,271323,1085292,1989,79,316,651.0,0.0,651.0,720,722,347.50632911392404,15,0,1000000,3000,4
271553,271553,1086212,1990,230,920,797.0,0.0,797.0,898,898,645.1739130434783,18,0,1000000,3000,4
271591,271591,1086364,1991,38,152,229.0,0.0,229.0,292,292,168.73684210526315,6,0,1000000,3000,4
271840,271840,1087360,1992,249,996,1298.0,0.0,1298.0,1404,1404,711.6546184738955,29,0,1000000,3000,4
272014,272014,1088056,1993,174,696,1425.0,0.0,1425.0,1516,1516,784.3620689655172,31,0,1000000,3000,4
272052,272052,1088208,1994,38,152,236.0,0.0,236.0,300,300,159.92105263157896,7,0,1000000,3000,4
272084,272084,1088336,1995,32,128,250.0,0.0,250.0,314,314,147.5625,7,0,1000000,3000,4
272209,272209,1088836,1996,125,500,609.0,0.0,609.0,691,691,386.16,14,0,1000000,3000,4
272418,272418,1089672,1997,209,836,1029.0,0.0,1029.0,1125,1125,599.0191387559809,23,0,1000000,3000,4
272465,272465,1089860,1998,47,188,228.0,0.0,228.0,294,294,146.9787234042553,6,0,1000000,3000,4
272564,272564,1090256,1999,99,396,615.0,0.0,615.0,691,691,397.57575757575756,14,0,1000000,3000,4
272736,272736,1090944,2000,172,688,1045.0,0.0,1045.0,1136,1136,591.4476744186046,23,0,1000000,3000,4
272972,272972,1091888,2001,236,944,1027.0,0.0,1027.0,1131,1131,588.6694915254237,23,0,1000000,3000,4
273028,273028,1092112,2002,56,224,206.0,0.0,206.0,273,273,155.08928571428572,6,0,1000000,3000,4
273346,273346,1093384,2003,318,1272,1308.0,0.0,1308.0,1429,1429,704.188679245283,29,0,1000000,3000,4
273456,273456,1093824,2004,110,440,599.0,0.0,599.0,678,678,379.1818181818182,14,0,1000000,3000,4
273542,273542,1094168,2005,86,344,618.0,0.0,618.0,692,692,326.25581395348837,14,0,1000000,3000,4
273649,273649,1094596,2006,107,428,619.0,0.0,619.0,698,698,353.9626168224299,14,0,1000000,3000,4
273833,273833,1095332,2007,184,736,1342.0,0.0,1342.0,1436,1436,713.054347826087,29,0,1000000,3000,4
273947,273947,1095788,2008,114,456,606.0,0.0,606.0,685,685,380.2368421052632,14,0,1000000,3000,4
274121,274121,1096484,2009,174,696,1045.0,0.0,1045.0,1136,1136,641.7298850574713,23,0,1000000,3000,4
274200,274200,1096800,2010,79,316,652.0,0.0,652.0,722,722,383.6835443037975,15,0,1000000,3000,4
274233,274233,1096932,2011,33,132,247.0,0.0,247.0,310,310,153.4848484848485,7,0,1000000,3000,4
274270,274270,1097080,2012,37,148,239.0,0.0,239.0,302,302,160.67567567567568,7,0,1000000,3000,4
274463,274463,1097852,2013,193,772,1033.0,0.0,1033.0,1127,1127,615.2901554404145,23,0,1000000,3000,4
274600,274600,1098400,2014,137,548,786.0,0.0,786.0,870,870,550.3722627737226,18,0,1000000,3000,4
274695,274695,1098780,2015,95,380,599.0,0.0,599.0,674,674,407.77894736842103,14,0,1000000,3000,4
274920,274920,1099680,2016,225,900,1319.0,0.0,1319.0,1421,1421,680.3688888888889,29,0,1000000,3000,4
274962,274962,1099848,2017,42,168,234.0,0.0,234.0,300,300,148.95238095238096,7,0,1000000,3000,4
275155,275155,1100620,2018,193,772,1031.0,0.0,1031.0,1125,1125,605.119170984456,23,0,1000000,3000,4
275274,275274,1101096,2019,119,476,623.0,0.0,623.0,704,704,367.5042016806723,15,0,1000000,3000,4
275371,275371,1101484,2020,97,388,622.0,0.0,622.0,699,699,340.63917525773195,14,0,1000000,3000,4
275408,275408,1101632,2021,37,148,240.0,0.0,240.0,305,305,149.64864864864865,7,0,1000000,3000,4
275442,275442,1101768,2022,34,136,235.0,0.0,235.0,299,299,161.52941176470588,6,0,1000000,3000,4
275482,275482,1101928,2023,40,160,236.0,0.0,236.0,302,302,154.1,7,0,1000000,3000,4
275559,275559,1102236,2024,77,308,652.0,0.0,652.0,722,722,387.93506493506493,15,0,1000000,3000,4
275591,275591,1102364,2025,32,128,249.0,0.0,249.0,313,313,151.0625,7,0,1000000,3000,4
275718,275718,1102872,2026,127,508,1049.0,0.0,1049.0,1130,1130,566.1023622047244,23,0,1000000,3000,4
275751,275751,1103004,2027,33,132,247.0,0.0,247.0,311,311,146.15151515151516,7,0,1000000,3000,4
275940,275940,1103760,2028,189,756,806.0,0.0,806.0,898,898,597.2910052910053,18,0,1000000,3000,4
275984,275984,1103936,2029,44,176,224.0,0.0,224.0,288,288,164.5909090909091,6,0,1000000,3000,4
276113,276113,1104452,2030,129,516,616.0,0.0,616.0,698,698,366.68992248062017,14,0,1000000,3000,4
276434,276434,1105736,2031,321,1284,1290.0,0.0,1290.0,1410,1410,803.4205607476636,29,0,1000000,3000,4
276532,276532,1106128,2032,98,392,633.0,0.0,633.0,709,709,364.3469387755102,15,0,1000000,3000,4
276604,276604,1106416,2033,72,288,607.0,0.0,607.0,679,679,304.875,14,0,1000000,3000,4
276715,276715,1106860,2034,111,444,611.0,0.0,611.0,689,689,358.43243243243245,14,0,1000000,3000,4
276833,276833,1107332,2035,118,472,594.0,0.0,594.0,674,674,396.3220338983051,14,0,1000000,3000,4
277013,277013,1108052,2036,180,720,1034.0,0.0,1034.0,1124,1124,557.6055555555556,23,0,1000000,3000,4
277229,277229,1108916,2037,216,864,1314.0,0.0,1314.0,1413,1413,661.8194444444445,29,0,1000000,3000,4
277471,277471,1109884,2038,242,968,1403.0,0.0,1403.0,1508,1508,709.1900826446281,31,0,1000000,3000,4
277543,277543,1110172,2039,72,288,633.0,0.0,633.0,704,704,374.375,15,0,1000000,3000,4
277687,277687,1110748,2040,144,576,1067.0,0.0,1067.0,1153,1153,566.7847222222222,24,0,1000000,3000,4
277883,277883,1111532,2041,196,784,1320.0,0.0,1320.0,1415,1415,705.8673469387755,29,0,1000000,3000,4
277917,277917,1111668,2042,34,136,247.0,0.0,247.0,311,311,152.97058823529412,7,0,1000000,3000,4
278027,278027,1112108,2043,110,440,616.0,0.0,616.0,693,693,370.2090909090909,14,0,1000000,3000,4
278121,278121,1112484,2044,94,376,632.0,0.0,632.0,707,707,345.20212765957444,15,0,1000000,3000,4
278215,278215,1112860,2045,94,376,603.0,0.0,603.0,679,679,307.56382978723406,14,0,1000000,3000,4
278415,278415,1113660,2046,200,800,1035.0,0.0,1035.0,1130,1130,647.0,23,0,1000000,3000,4
278682,278682,1114728,2047,267,1068,1670.0,0.0,1670.0,1780,1780,807.4494382022472,36,0,1000000,3000,4
278718,278718,1114872,2048,36,144,233.0,0.0,233.0,297,297,167.41666666666666,6,0,1000000,3000,4
278906,278906,1115624,2049,188,752,1318.0,0.0,1318.0,1410,1413,713.4893617021277,29,0,1000000,3000,4
279057,279057,1116228,2050,151,604,757.0,0.0,757.0,844,844,549.7284768211921,17,0,1000000,3000,4
279146,279146,1116584,2051,89,356,621.0,0.0,621.0,695,695,384.6292134831461,14,0,1000000,3000,4
279185,279185,1116740,2052,39,156,231.0,0.0,231.0,296,296,163.56410256410257,6,0,1000000,3000,4
279379,279379,1117516,2053,194,776,1321.0,0.0,1321.0,1415,1415,714.6340206185567,29,0,1000000,3000,4
279460,279460,1117840,2054,81,324,622.0,0.0,622.0,696,696,350.679012345679,14,0,1000000,3000,4
279687,279687,1118748,2055,227,908,1320.0,0.0,1320.0,1423,1423,717.3083700440528,29,0,1000000,3000,4
279774,279774,1119096,2056,87,348,607.0,0.0,607.0,682,682,337.11494252873564,14,0,1000000,3000,4
279871,279871,1119484,2057,97,388,731.0,0.0,731.0,808,808,361.2371134020619,17,0,1000000,3000,4
279921,279921,1119684,2058,50,200,211.0,0.0,211.0,276,276,170.56,6,0,1000000,3000,4
280023,280023,1120092,2059,102,408,605.0,0.0,605.0,682,682,400.0882352941176,14,0,1000000,3000,4
280117,280117,1120468,2060,94,376,606.0,0.0,606.0,682,682,347.5851063829787,14,0,1000000,3000,4
280219,280219,1120876,2061,102,408,620.0,0.0,620.0,698,698,365.0980392156863,14,0,1000000,3000,4
280315,280315,1121260,2062,96,384,613.0,0.0,613.0,689,689,399.1354166666667,14,0,1000000,3000,4
280553,280553,1122212,2063,238,952,1034.0,0.0,1034.0,1138,1138,668.8571428571429,23,0,1000000,3000,4
280638,280638,1122552,2064,85,340,635.0,0.0,635.0,708,708,367.9294117647059,15,0,1000000,3000,4
280747,280747,1122988,2065,109,436,613.0,0.0,613.0,692,692,336.4770642201835,14,0,1000000,3000,4
280979,280979,1123916,2066,232,928,1310.0,0.0,1310.0,1411,1411,716.0560344827586,29,0,1000000,3000,4
281191,281191,1124764,2067,212,848,1408.0,0.0,1408.0,1507,1507,795.7783018867924,31,0,1000000,3000,4
281287,281287,1125148,2068,96,384,648.0,0.0,648.0,722,722,369.5729166666667,15,0,1000000,3000,4
281396,281396,1125584,2069,109,436,593.0,0.0,593.0,671,671,393.5229357798165,14,0,1000000,3000,4
281533,281533,1126132,2070,137,548,816.0,0.0,816.0,898,898,564.6788321167883,18,0,1000000,3000,4
281679,281679,1126716,2071,146,584,1041.0,0.0,1041.0,1126,1126,618.8150684931506,23,0,1000000,3000,4
281710,281710,1126840,2072,31,124,250.0,0.0,250.0,314,314,155.90322580645162,7,0,1000000,3000,4
282010,282010,1128040,2073,300,1200,1292.0,0.0,1292.0,1408,1408,665.4366666666666,29,0,1000000,3000,4
282217,282217,1128868,2074,207,828,1043.0,0.0,1043.0,1141,1141,688.1594202898551,23,0,1000000,3000,4
282434,282434,1129736,2075,217,868,1028.0,0.0,1028.0,1126,1126,678.1013824884793,23,0,1000000,3000,4
282506,282506,1130024,2076,72,288,609.0,0.0,609.0,681,681,316.05555555555554,14,0,1000000,3000,4
282781,282781,1131124,2077,275,1100,1128.0,0.0,1128.0,1240,1240,715.2727272727273,25,0,1000000,3000,4
282828,282828,1131312,2078,47,188,218.0,0.0,218.0,284,284,161.91489361702128,6,0,1000000,3000,4
283068,283068,1132272,2079,240,960,1327.0,0.0,1327.0,1432,1432,708.8208333333333,29,0,1000000,3000,4
283176,283176,1132704,2080,108,432,600.0,0.0,600.0,678,678,395.712962962963,14,0,1000000,3000,4
283270,283270,1133080,2081,94,376,605.0,0.0,605.0,679,679,394.70212765957444,14,0,1000000,3000,4
283478,283478,1133912,2082,208,832,1039.0,0.0,1039.0,1137,1137,572.1394230769231,23,0,1000000,3000,4
283523,283523,1134092,2083,45,180,241.0,0.0,241.0,306,306,139.88888888888889,7,0,1000000,3000,4
283682,283682,1134728,2084,159,636,621.0,0.0,621.0,709,709,452.9937106918239,15,0,1000000,3000,4
283717,283717,1134868,2085,35,140,243.0,0.0,243.0,306,306,157.74285714285713,7,0,1000000,3000,4
283802,283802,1135208,2086,85,340,622.0,0.0,622.0,695,695,334.81176470588235,14,0,1000000,3000,4
283835,283835,1135340,2087,33,132,241.0,0.0,241.0,304,304,163.93939393939394,7,0,1000000,3000,4
283900,283900,1135600,2088,65,260,608.0,0.0,608.0,677,677,323.5692307692308,14,0,1000000,3000,4
284285,284285,1137140,2089,385,1540,1648.0,0.0,1648.0,1782,1782,856.9350649350649,36,0,1000000,3000,4
284325,284325,1137300,2090,40,160,239.0,0.0,239.0,303,303,151.05,7,0,1000000,3000,4
284560,284560,1138240,2091,235,940,1324.0,0.0,1324.0,1429,1429,726.7404255319149,29,0,1000000,3000,4
284771,284771,1139084,2092,211,844,1699.0,0.0,1699.0,1799,1799,865.4881516587677,36,0,1000000,3000,4
284935,284935,1139740,2093,164,656,635.0,0.0,635.0,722,722,495.1707317073171,15,0,1000000,3000,4
285036,285036,1140144,2094,101,404,628.0,0.0,628.0,704,704,353.7920792079208,15,0,1000000,3000,4
285141,285141,1140564,2095,105,420,646.0,0.0,646.0,721,722,355.15238095238095,15,0,1000000,3000,4
285248,285248,1140992,2096,107,428,623.0,0.0,623.0,701,701,346.05607476635515,15,0,1000000,3000,4
285332,285332,1141328,2097,84,336,617.0,0.0,617.0,691,691,319.3809523809524,14,0,1000000,3000,4
285444,285444,1141776,2098,112,448,618.0,0.0,618.0,698,698,356.4642857142857,14,0,1000000,3000,4
285481,285481,1141924,2099,37,148,244.0,0.0,244.0,308,308,152.83783783783784,7,0,1000000,3000,4
285518,285518,1142072,2100,37,148,250.0,0.0,250.0,314,314,139.78378378378378,7,0,1000000,3000,4
285619,285619,1142476,2101,101,404,612.0,0.0,612.0,689,689,374.81188118811883,14,0,1000000,3000,4
285719,285719,1142876,2102,100,400,587.0,0.0,587.0,664,664,405.19,14,0,1000000,3000,4
285961,285961,1143844,2103,242,968,1331.0,0.0,1331.0,1437,1437,748.5826446280992,29,0,1000000,3000,4
286275,286275,1145100,2104,314,1256,1014.0,0.0,1014.0,1133,1133,659.8821656050956,23,0,1000000,3000,4
286418,286418,1145672,2105,143,572,580.0,0.0,580.0,665,665,364.73426573426576,14,0,1000000,3000,4
286681,286681,1146724,2106,263,1052,1306.0,0.0,1306.0,1413,1413,744.8555133079848,29,0,1000000,3000,4
286764,286764,1147056,2107,83,332,635.0,0.0,635.0,708,708,354.51807228915663,15,0,1000000,3000,4
287367,287367,1149468,2108,603,2412,947.0,0.0,947.0,1122,1122,785.7562189054727,23,0,1000000,3000,4
287409,287409,1149636,2109,42,168,230.0,0.0,230.0,294,294,164.21428571428572,6,0,1000000,3000,4
287556,287556,1150224,2110,147,588,740.0,0.0,740.0,825,825,444.2925170068027,17,0,1000000,3000,4
287604,287604,1150416,2111,48,192,220.0,0.0,220.0,285,285,160.5,6,0,1000000,3000,4
287646,287646,1150584,2112,42,168,231.0,0.0,231.0,296,296,161.71428571428572,6,0,1000000,3000,4
287819,287819,1151276,2113,173,692,714.0,0.0,714.0,805,805,561.7687861271677,17,0,1000000,3000,4
287866,287866,1151464,2114,47,188,222.0,0.0,222.0,288,288,157.85106382978722,6,0,1000000,3000,4
287975,287975,1151900,2115,109,436,609.0,0.0,609.0,687,687,369.61467889908255,14,0,1000000,3000,4
288108,288108,1152432,2116,133,532,589.0,0.0,589.0,672,672,390.37593984962405,14,0,1000000,3000,4
288435,288435,1153740,2117,327,1308,1297.0,0.0,1297.0,1419,1419,692.2507645259939,29,0,1000000,3000,4
290019,290019,1160076,2118,1584,6336,1027.0,0.0,1027.0,1400,1400,835.8131313131313,29,0,1000000,3000,4
290398,290398,1161592,2119,379,1516,1387.0,0.0,1387.0,1520,1520,759.0105540897098,31,0,1000000,3000,4
290991,290991,1163964,2120,593,2372,1242.0,0.0,1242.0,1416,1416,711.4418212478921,29,0,1000000,3000,4
291035,291035,1164140,2121,44,176,232.0,0.0,232.0,296,296,152.47727272727272,6,0,1000000,3000,4
291083,291083,1164332,2122,48,192,237.0,0.0,237.0,302,302,138.875,7,0,1000000,3000,4
291118,291118,1164472,2123,35,140,247.0,0.0,247.0,312,312,143.71428571428572,7,0,1000000,3000,4
291374,291374,1165496,2124,256,1024,683.0,0.0,683.0,791,791,502.83203125,16,0,1000000,3000,4
291409,291409,1165636,2125,35,140,240.0,0.0,240.0,304,304,160.05714285714285,7,0,1000000,3000,4
291448,291448,1165792,2126,39,156,231.0,0.0,231.0,294,294,161.7948717948718,6,0,1000000,3000,4
291489,291489,1165956,2127,41,164,230.0,0.0,230.0,295,295,157.58536585365854,6,0,1000000,3000,4
291598,291598,1166392,2128,109,436,596.0,0.0,596.0,674,674,394.8715596330275,14,0,1000000,3000,4
291656,291656,1166624,2129,58,232,210.0,0.0,210.0,278,278,133.63793103448276,6,0,1000000,3000,4
291742,291742,1166968,2130,86,344,632.0,0.0,632.0,705,705,347.8139534883721,15,0,1000000,3000,4
292727,292727,1170908,2131,985,3940,886.0,0.0,886.0,1139,1139,709.2203045685279,23,0,1000000,3000,4
292767,292767,1171068,2132,40,160,233.0,0.0,233.0,298,298,160.825,6,0,1000000,3000,4
293673,293673,1174692,2133,906,3624,627.0,0.0,627.0,866,866,677.5419426048566,18,0,1000000,3000,4
293725,293725,1174900,2134,52,208,226.0,0.0,226.0,293,293,133.3846153846154,6,0,1000000,3000,4
293887,293887,1175548,2135,162,648,634.0,0.0,634.0,721,722,453.7345679012346,15,0,1000000,3000,4
295269,295269,1181076,2136,1382,5528,795.0,0.0,795.0,1127,1127,743.9457308248915,23,0,1000000,3000,4
295305,295305,1181220,2137,36,144,246.0,0.0,246.0,310,310,145.08333333333334,7,0,1000000,3000,4
296141,296141,1184564,2138,836,3344,903.0,0.0,903.0,1125,1125,726.4126794258373,23,0,1000000,3000,4
296179,296179,1184716,2139,38,152,236.0,0.0,236.0,300,300,153.8421052631579,7,0,1000000,3000,4
296266,296266,1185064,2140,87,348,627.0,0.0,627.0,702,702,377.41379310344826,15,0,1000000,3000,4
296562,296562,1186248,2141,296,1184,696.0,0.0,696.0,812,812,592.75,17,0,1000000,3000,4
296727,296727,1186908,2142,165,660,810.0,0.0,810.0,898,898,586.369696969697,18,0,1000000,3000,4
296825,296825,1187300,2143,98,392,627.0,0.0,627.0,703,703,369.42857142857144,15,0,1000000,3000,4
296892,296892,1187568,2144,67,268,609.0,0.0,609.0,680,680,307.7910447761194,14,0,1000000,3000,4
296978,296978,1187912,2145,86,344,629.0,0.0,629.0,703,703,359.27906976744185,15,0,1000000,3000,4
297009,297009,1188036,2146,31,124,248.0,0.0,248.0,312,312,155.06451612903226,7,0,1000000,3000,4
297040,297040,1188160,2147,31,124,251.0,0.0,251.0,315,315,151.38709677419354,7,0,1000000,3000,4
297679,297679,1190716,2148,639,2556,716.0,0.0,716.0,898,899,689.3959311424101,18,0,1000000,3000,4
297777,297777,1191108,2149,98,392,591.0,0.0,591.0,667,667,410.3265306122449,14,0,1000000,3000,4
298052,298052,1192208,2150,275,1100,731.0,0.0,731.0,843,843,600.1127272727273,17,0,1000000,3000,4
298251,298251,1193004,2151,199,796,710.0,0.0,710.0,806,806,560.5427135678392,17,0,1000000,3000,4
298292,298292,1193168,2152,41,164,235.0,0.0,235.0,300,300,156.02439024390245,7,0,1000000,3000,4
298326,298326,1193304,2153,34,136,242.0,0.0,242.0,305,305,158.5,7,0,1000000,3000,4
298368,298368,1193472,2154,42,168,219.0,0.0,219.0,283,283,177.14285714285714,6,0,1000000,3000,4
298482,298482,1193928,2155,114,456,586.0,0.0,586.0,665,665,404.2280701754386,14,0,1000000,3000,4
298642,298642,1194568,2156,160,640,774.0,0.0,774.0,862,862,549.675,18,0,1000000,3000,4
298722,298722,1194888,2157,80,320,634.0,0.0,634.0,706,706,378.5625,15,0,1000000,3000,4
298756,298756,1195024,2158,34,136,246.0,0.0,246.0,309,309,145.3235294117647,7,0,1000000,3000,4
298914,298914,1195656,2159,158,632,1342.0,0.0,1342.0,1431,1431,716.746835443038,29,0,1000000,3000,4
298947,298947,1195788,2160,33,132,244.0,0.0,244.0,306,306,158.15151515151516,7,0,1000000,3000,4
299112,299112,1196448,2161,165,660,1343.0,0.0,1343.0,1433,1433,684.1454545454545,29,0,1000000,3000,4
299279,299279,1197116,2162,167,668,1036.0,0.0,1036.0,1124,1124,602.4610778443114,23,0,1000000,3000,4
299386,299386,1197544,2163,107,428,1051.0,0.0,1051.0,1128,1128,561.6915887850467,23,0,1000000,3000,4
299545,299545,1198180,2164,159,636,1041.0,0.0,1041.0,1127,1127,601.1320754716982,23,0,1000000,3000,4
299573,299573,1198292,2165,28,112,248.0,0.0,248.0,311,311,155.82142857142858,7,0,1000000,3000,4
299873,299873,1199492,2166,300,1200,784.0,0.0,784.0,898,898,602.5966666666667,18,0,1000000,3000,4
299951,299951,1199804,2167,78,312,652.0,0.0,652.0,722,723,381.5769230769231,15,0,1000000,3000,4
300031,300031,1200124,2168,80,320,634.0,0.0,634.0,707,707,390.675,15,0,1000000,3000,4
300232,300232,1200928,2169,201,804,803.0,0.0,803.0,898,898,543.7661691542288,18,0,1000000,3000,4
300333,300333,1201332,2170,101,404,625.0,0.0,625.0,702,702,387.66336633663366,15,0,1000000,3000,4
300362,300362,1201448,2171,29,116,250.0,0.0,250.0,313,313,164.6206896551724,7,0,1000000,3000,4
300494,300494,1201976,2172,132,528,1045.0,0.0,1045.0,1127,1127,612.7272727272727,23,0,1000000,3000,4
300528,300528,1202112,2173,34,136,239.0,0.0,239.0,303,303,159.05882352941177,7,0,1000000,3000,4
300566,300566,1202264,2174,38,152,240.0,0.0,240.0,304,304,154.39473684210526,7,0,1000000,3000,4
300811,300811,1203244,2175,245,980,1023.0,0.0,1023.0,1127,1127,653.0693877551021,23,0,1000000,3000,4
300843,300843,1203372,2176,32,128,238.0,0.0,238.0,302,302,162.375,7,0,1000000,3000,4
300878,300878,1203512,2177,35,140,234.0,0.0,234.0,297,297,168.05714285714285,6,0,1000000,3000,4
300943,300943,1203772,2178,65,260,624.0,0.0,624.0,695,695,366.6,14,0,1000000,3000,4
300975,300975,1203900,2179,32,128,251.0,0.0,251.0,315,315,154.625,7,0,1000000,3000,4
301004,301004,1204016,2180,29,116,248.0,0.0,248.0,311,311,161.48275862068965,7,0,1000000,3000,4
301044,301044,1204176,2181,40,160,232.0,0.0,232.0,297,297,168.75,6,0,1000000,3000,4
301077,301077,1204308,2182,33,132,236.0,0.0,236.0,299,299,172.0909090909091,6,0,1000000,3000,4
301157,301157,1204628,2183,80,320,627.0,0.0,627.0,701,701,388.8125,15,0,1000000,3000,4
301373,301373,1205492,2184,216,864,1026.0,0.0,1026.0,1124,1124,694.0555555555555,23,0,1000000,3000,4
301407,301407,1205628,2185,34,136,249.0,0.0,249.0,313,313,152.7058823529412,7,0,1000000,3000,4
301437,301437,1205748,2186,30,120,247.0,0.0,247.0,310,310,155.73333333333332,7,0,1000000,3000,4
301591,301591,1206364,2187,154,616,637.0,0.0,637.0,722,722,483.2142857142857,15,0,1000000,3000,4
301984,301984,1207936,2188,393,1572,1378.0,0.0,1378.0,1513,1513,817.4325699745547,31,0,1000000,3000,4
302028,302028,1208112,2189,44,176,231.0,0.0,231.0,297,297,154.36363636363637,6,0,1000000,3000,4
302192,302192,1208768,2190,164,656,787.0,0.0,787.0,875,875,531.3780487804878,18,0,1000000,3000,4
302230,302230,1208920,2191,38,152,244.0,0.0,244.0,309,309,153.3684210526316,7,0,1000000,3000,4
302356,302356,1209424,2192,126,504,586.0,0.0,586.0,668,668,455.2936507936508,14,0,1000000,3000,4
302631,302631,1210524,2193,275,1100,1019.0,0.0,1019.0,1129,1129,706.3890909090909,23,0,1000000,3000,4
302673,302673,1210692,2194,42,168,231.0,0.0,231.0,297,297,157.6904761904762,6,0,1000000,3000,4
302763,302763,1211052,2195,90,360,623.0,0.0,623.0,697,697,383.0444444444444,14,0,1000000,3000,4
303006,303006,1212024,2196,243,972,795.0,0.0,795.0,898,898,670.0452674897119,18,0,1000000,3000,4
303157,303157,1212628,2197,151,604,637.0,0.0,637.0,722,722,466.12582781456956,15,0,1000000,3000,4
303197,303197,1212788,2198,40,160,242.0,0.0,242.0,306,306,147.45,7,0,1000000,3000,4
303301,303301,1213204,2199,104,416,608.0,0.0,608.0,685,685,381.4807692307692,14,0,1000000,3000,4
303338,303338,1213352,2200,37,148,238.0,0.0,238.0,301,301,155.7027027027027,7,0,1000000,3000,4
303453,303453,1213812,2201,115,460,594.0,0.0,594.0,674,674,385.96521739130435,14,0,1000000,3000,4
303491,303491,1213964,2202,38,152,238.0,0.0,238.0,303,303,148.8421052631579,7,0,1000000,3000,4
303665,303665,1214660,2203,174,696,809.0,0.0,809.0,898,898,535.183908045977,18,0,1000000,3000,4
303713,303713,1214852,2204,48,192,218.0,0.0,218.0,283,283,164.14583333333334,6,0,1000000,3000,4
304132,304132,1216528,2205,419,1676,988.0,0.0,988.0,1127,1127,766.3699284009547,23,0,1000000,3000,4
304234,304234,1216936,2206,102,408,618.0,0.0,618.0,696,696,362.52941176470586,14,0,1000000,3000,4
304373,304373,1217492,2207,139,556,1042.0,0.0,1042.0,1124,1124,548.0359712230215,23,0,1000000,3000,4
304561,304561,1218244,2208,188,752,806.0,0.0,806.0,898,898,529.7553191489362,18,0,1000000,3000,4
304740,304740,1218960,2209,179,716,757.0,0.0,757.0,849,849,506.1731843575419,17,0,1000000,3000,4
304885,304885,1219540,2210,145,580,639.0,0.0,639.0,722,722,505.848275862069,15,0,1000000,3000,4
305128,305128,1220512,2211,243,972,703.0,0.0,703.0,808,808,551.6584362139918,17,0,1000000,3000,4
305539,305539,1222156,2212,411,1644,1362.0,0.0,1362.0,1500,1500,775.8199513381995,31,0,1000000,3000,4
306168,306168,1224672,2213,629,2516,2288.0,0.0,2288.0,2468,2468,1261.1891891891892,50,0,1000000,3000,4
306263,306263,1225052,2214,95,380,618.0,0.0,618.0,692,692,386.41052631578947,14,0,1000000,3000,4
306474,306474,1225896,2215,211,844,1037.0,0.0,1037.0,1136,1136,576.3696682464455,23,0,1000000,3000,4
306594,306594,1226376,2216,120,480,589.0,0.0,589.0,669,669,397.85,14,0,1000000,3000,4
306676,306676,1226704,2217,82,328,624.0,0.0,624.0,698,698,345.9024390243902,14,0,1000000,3000,4
306792,306792,1227168,2218,116,464,624.0,0.0,624.0,704,704,354.8534482758621,15,0,1000000,3000,4
306901,306901,1227604,2219,109,436,627.0,0.0,627.0,704,704,326.9449541284404,15,0,1000000,3000,4
307031,307031,1228124,2220,130,520,609.0,0.0,609.0,693,693,361.6461538461538,14,0,1000000,3000,4
307130,307130,1228520,2221,99,396,621.0,0.0,621.0,697,697,356.8686868686869,14,0,1000000,3000,4
307172,307172,1228688,2222,42,168,228.0,0.0,228.0,293,293,157.47619047619048,6,0,1000000,3000,4
307214,307214,1228856,2223,42,168,238.0,0.0,238.0,304,304,146.4047619047619,7,0,1000000,3000,4
307409,307409,1229636,2224,195,780,804.0,0.0,804.0,898,898,558.6615384615385,18,0,1000000,3000,4
307575,307575,1230300,2225,166,664,1038.0,0.0,1038.0,1126,1126,586.644578313253,23,0,1000000,3000,4
307611,307611,1230444,2226,36,144,245.0,0.0,245.0,310,310,147.72222222222223,7,0,1000000,3000,4
307713,307713,1230852,2227,102,408,625.0,0.0,625.0,702,702,342.4901960784314,15,0,1000000,3000,4
307754,307754,1231016,2228,41,164,235.0,0.0,235.0,301,301,157.0,7,0,1000000,3000,4
307784,307784,1231136,2229,30,120,247.0,0.0,247.0,310,310,158.76666666666668,7,0,1000000,3000,4
307816,307816,1231264,2230,32,128,244.0,0.0,244.0,307,307,163.0625,7,0,1000000,3000,4
307925,307925,1231700,2231,109,436,589.0,0.0,589.0,667,667,395.54128440366975,14,0,1000000,3000,4
308037,308037,1232148,2232,112,448,596.0,0.0,596.0,674,674,391.1517857142857,14,0,1000000,3000,4
308084,308084,1232336,2233,47,188,224.0,0.0,224.0,290,290,150.5531914893617,6,0,1000000,3000,4
308288,308288,1233152,2234,204,816,1154.0,0.0,1154.0,1250,1250,655.0686274509804,26,0,1000000,3000,4
308324,308324,1233296,2235,36,144,243.0,0.0,243.0,307,307,156.33333333333334,7,0,1000000,3000,4
308364,308364,1233456,2236,40,160,238.0,0.0,238.0,302,302,152.75,7,0,1000000,3000,4
308457,308457,1233828,2237,93,372,629.0,0.0,629.0,704,704,324.93548387096774,15,0,1000000,3000,4
308490,308490,1233960,2238,33,132,247.0,0.0,247.0,310,310,151.15151515151516,7,0,1000000,3000,4
308632,308632,1234528,2239,142,568,1041.0,0.0,1041.0,1124,1124,532.3943661971831,23,0,1000000,3000,4
308667,308667,1234668,2240,35,140,236.0,0.0,236.0,300,300,163.57142857142858,7,0,1000000,3000,4
308904,308904,1235616,2241,237,948,1119.0,0.0,1119.0,1222,1222,646.5105485232068,25,0,1000000,3000,4
308941,308941,1235764,2242,37,148,239.0,0.0,239.0,303,303,159.83783783783784,7,0,1000000,3000,4
308981,308981,1235924,2243,40,160,236.0,0.0,236.0,300,300,153.6,7,0,1000000,3000,4
309018,309018,1236072,2244,37,148,242.0,0.0,242.0,306,306,155.94594594594594,7,0,1000000,3000,4
309058,309058,1236232,2245,40,160,236.0,0.0,236.0,300,300,158.525,7,0,1000000,3000,4
309159,309159,1236636,2246,101,404,626.0,0.0,626.0,704,704,373.81188118811883,15,0,1000000,3000,4
309261,309261,1237044,2247,102,408,617.0,0.0,617.0,694,694,374.5882352941176,14,0,1000000,3000,4
309307,309307,1237228,2248,46,184,219.0,0.0,219.0,286,286,161.30434782608697,6,0,1000000,3000,4
309498,309498,1237992,2249,191,764,1036.0,0.0,1036.0,1130,1130,606.738219895288,23,0,1000000,3000,4
309595,309595,1238380,2250,97,388,615.0,0.0,615.0,691,691,328.1340206185567,14,0,1000000,3000,4
309778,309778,1239112,2251,183,732,1038.0,0.0,1038.0,1130,1130,595.9781420765028,23,0,1000000,3000,4
309957,309957,1239828,2252,179,716,1044.0,0.0,1044.0,1136,1136,582.4972067039106,23,0,1000000,3000,4
309991,309991,1239964,2253,34,136,247.0,0.0,247.0,311,311,155.2941176470588,7,0,1000000,3000,4
310031,310031,1240124,2254,40,160,235.0,0.0,235.0,300,300,160.525,7,0,1000000,3000,4
310065,310065,1240260,2255,34,136,239.0,0.0,239.0,301,301,164.05882352941177,7,0,1000000,3000,4
310337,310337,1241348,2256,272,1088,1025.0,0.0,1025.0,1136,1136,605.1507352941177,23,0,1000000,3000,4
310559,310559,1242236,2257,222,888,1333.0,0.0,1333.0,1435,1435,655.3063063063063,29,0,1000000,3000,4
310739,310739,1242956,2258,180,720,1042.0,0.0,1042.0,1135,1135,650.5444444444445,23,0,1000000,3000,4
310908,310908,1243632,2259,169,676,1037.0,0.0,1037.0,1126,1126,576.5207100591716,23,0,1000000,3000,4
310982,310982,1243928,2260,74,296,608.0,0.0,608.0,680,680,294.31081081081084,14,0,1000000,3000,4
311026,311026,1244104,2261,44,176,227.0,0.0,227.0,293,293,161.5,6,0,1000000,3000,4
311064,311064,1244256,2262,38,152,241.0,0.0,241.0,306,306,149.3684210526316,7,0,1000000,3000,4
311241,311241,1244964,2263,177,708,1046.0,0.0,1046.0,1137,1137,607.3107344632768,23,0,1000000,3000,4
311351,311351,1245404,2264,110,440,604.0,0.0,604.0,683,683,402.03636363636366,14,0,1000000,3000,4
311384,311384,1245536,2265,33,132,249.0,0.0,249.0,313,313,147.27272727272728,7,0,1000000,3000,4
311551,311551,1246204,2266,167,668,732.0,0.0,732.0,822,822,501.8862275449102,17,0,1000000,3000,4
311593,311593,1246372,2267,42,168,231.0,0.0,231.0,296,296,148.3095238095238,6,0,1000000,3000,4
311702,311702,1246808,2268,109,436,624.0,0.0,624.0,701,701,359.38532110091745,15,0,1000000,3000,4
311826,311826,1247304,2269,124,496,585.0,0.0,585.0,665,665,399.39516129032256,14,0,1000000,3000,4
312047,312047,1248188,2270,221,884,1029.0,0.0,1029.0,1129,1129,619.9140271493212,23,0,1000000,3000,4
312087,312087,1248348,2271,40,160,240.0,0.0,240.0,304,304,154.75,7,0,1000000,3000,4
312141,312141,1248564,2272,54,216,223.0,0.0,223.0,290,290,139.14814814814815,6,0,1000000,3000,4
312254,312254,1249016,2273,113,452,585.0,0.0,585.0,664,664,391.2300884955752,14,0,1000000,3000,4
312415,312415,1249660,2274,161,644,708.0,0.0,708.0,796,796,464.2546583850932,16,0,1000000,3000,4
312774,312774,1251096,2275,359,1436,1294.0,0.0,1294.0,1422,1422,707.0194986072423,29,0,1000000,3000,4
312957,312957,1251828,2276,183,732,1339.0,0.0,1339.0,1433,1433,667.8142076502733,29,0,1000000,3000,4
313180,313180,1252720,2277,223,892,1028.0,0.0,1028.0,1129,1129,626.9192825112108,23,0,1000000,3000,4
313211,313211,1252844,2278,31,124,250.0,0.0,250.0,314,314,149.83870967741936,7,0,1000000,3000,4
313318,313318,1253272,2279,107,428,618.0,0.0,618.0,696,696,377.0,14,0,1000000,3000,4
313356,313356,1253424,2280,38,152,231.0,0.0,231.0,296,296,157.5,6,0,1000000,3000,4
313395,313395,1253580,2281,39,156,240.0,0.0,240.0,304,304,146.15384615384616,7,0,1000000,3000,4
313587,313587,1254348,2282,192,768,1340.0,0.0,1340.0,1436,1436,739.8802083333334,29,0,1000000,3000,4
313692,313692,1254768,2283,105,420,633.0,0.0,633.0,711,711,364.35238095238094,15,0,1000000,3000,4
313926,313926,1255704,2284,234,936,1549.0,0.0,1549.0,1651,1651,787.7094017094017,34,0,1000000,3000,4
314042,314042,1256168,2285,116,464,587.0,0.0,587.0,667,667,388.9051724137931,14,0,1000000,3000,4
314148,314148,1256592,2286,106,424,628.0,0.0,628.0,706,706,330.2169811320755,15,0,1000000,3000,4
314367,314367,1257468,2287,219,876,1028.0,0.0,1028.0,1126,1126,589.1735159817351,23,0,1000000,3000,4
314498,314498,1257992,2288,131,524,1047.0,0.0,1047.0,1129,1129,558.0763358778626,23,0,1000000,3000,4
314585,314585,1258340,2289,87,348,605.0,0.0,605.0,680,680,336.0574712643678,14,0,1000000,3000,4
314808,314808,1259232,2290,223,892,1028.0,0.0,1028.0,1128,1128,625.0179372197309,23,0,1000000,3000,4
315025,315025,1260100,2291,217,868,1031.0,0.0,1031.0,1130,1130,636.852534562212,23,0,1000000,3000,4
315304,315304,1261216,2292,279,1116,705.0,0.0,705.0,816,816,518.336917562724,17,0,1000000,3000,4
316543,316543,1266172,2293,1239,4956,1121.0,0.0,1121.0,1426,1426,741.5641646489104,29,0,1000000,3000,4
316772,316772,1267088,2294,229,916,622.0,0.0,622.0,722,723,513.471615720524,15,0,1000000,3000,4
317436,317436,1269744,2295,664,2656,949.0,0.0,949.0,1138,1138,787.3388554216867,23,0,1000000,3000,4
317484,317484,1269936,2296,48,192,233.0,0.0,233.0,299,299,144.97916666666666,6,0,1000000,3000,4
317576,317576,1270304,2297,92,368,614.0,0.0,614.0,690,690,311.5108695652174,14,0,1000000,3000,4
317626,317626,1270504,2298,50,200,213.0,0.0,213.0,279,279,161.86,6,0,1000000,3000,4
317723,317723,1270892,2299,97,388,624.0,0.0,624.0,699,699,359.63917525773195,14,0,1000000,3000,4
318112,318112,1272448,2300,389,1556,1281.0,0.0,1281.0,1414,1414,772.388174807198,29,0,1000000,3000,4
318277,318277,1273108,2301,165,660,631.0,0.0,631.0,719,724,471.46666666666664,15,0,1000000,3000,4
318506,318506,1274024,2302,229,916,1333.0,0.0,1333.0,1436,1436,675.5851528384279,29,0,1000000,3000,4
318616,318616,1274464,2303,110,440,624.0,0.0,624.0,704,704,352.1636363636364,15,0,1000000,3000,4
318897,318897,1275588,2304,281,1124,1011.0,0.0,1011.0,1122,1123,640.814946619217,23,0,1000000,3000,4
319005,319005,1276020,2305,108,432,612.0,0.0,612.0,689,689,390.99074074074076,14,0,1000000,3000,4
319110,319110,1276440,2306,105,420,604.0,0.0,604.0,683,683,379.2190476190476,14,0,1000000,3000,4
319263,319263,1277052,2307,153,612,1050.0,0.0,1050.0,1137,1137,565.3202614379085,23,0,1000000,3000,4
319375,319375,1277500,2308,112,448,611.0,0.0,611.0,689,689,386.6607142857143,14,0,1000000,3000,4
319480,319480,1277920,2309,105,420,620.0,0.0,620.0,697,697,381.57142857142856,14,0,1000000,3000,4
319583,319583,1278332,2310,103,412,598.0,0.0,598.0,674,674,407.7378640776699,14,0,1000000,3000,4
319890,319890,1279560,2311,307,1228,1292.0,0.0,1292.0,1410,1410,749.5993485342019,29,0,1000000,3000,4
319931,319931,1279724,2312,41,164,234.0,0.0,234.0,298,298,148.65853658536585,6,0,1000000,3000,4
320125,320125,1280500,2313,194,776,1043.0,0.0,1043.0,1138,1138,590.3969072164948,23,0,1000000,3000,4
320374,320374,1281496,2314,249,996,731.0,0.0,731.0,837,837,549.6265060240963,17,0,1000000,3000,4
320417,320417,1281668,2315,43,172,226.0,0.0,226.0,291,291,154.5581395348837,6,0,1000000,3000,4
320594,320594,1282376,2316,177,708,760.0,0.0,760.0,852,852,502.9378531073446,18,0,1000000,3000,4
320769,320769,1283076,2317,175,700,1040.0,0.0,1040.0,1130,1130,548.4342857142857,23,0,1000000,3000,4
320813,320813,1283252,2318,44,176,228.0,0.0,228.0,292,292,157.22727272727272,6,0,1000000,3000,4
320997,320997,1283988,2319,184,736,749.0,0.0,749.0,843,843,503.7880434782609,17,0,1000000,3000,4
321126,321126,1284504,2320,129,516,588.0,0.0,588.0,669,669,386.7674418604651,14,0,1000000,3000,4
321305,321305,1285220,2321,179,716,780.0,0.0,780.0,873,873,507.25698324022346,18,0,1000000,3000,4
321434,321434,1285736,2322,129,516,581.0,0.0,581.0,663,663,389.4263565891473,14,0,1000000,3000,4
321477,321477,1285908,2323,43,172,231.0,0.0,231.0,296,296,156.93023255813952,6,0,1000000,3000,4
321518,321518,1286072,2324,41,164,233.0,0.0,233.0,297,297,160.390243902439,6,0,1000000,3000,4
321593,321593,1286372,2325,75,300,624.0,0.0,624.0,695,695,368.17333333333335,14,0,1000000,3000,4
321718,321718,1286872,2326,125,500,597.0,0.0,597.0,680,680,382.248,14,0,1000000,3000,4
321885,321885,1287540,2327,167,668,730.0,0.0,730.0,820,820,443.65868263473055,17,0,1000000,3000,4
322042,322042,1288168,2328,157,628,722.0,0.0,722.0,811,811,436.8407643312102,17,0,1000000,3000,4
322333,322333,1289332,2329,291,1164,1011.0,0.0,1011.0,1125,1125,626.807560137457,23,0,1000000,3000,4
322453,322453,1289812,2330,120,480,615.0,0.0,615.0,694,694,350.35,14,0,1000000,3000,4
322517,322517,1290068,2331,64,256,201.0,0.0,201.0,269,269,146.0,6,0,1000000,3000,4
322666,322666,1290664,2332,149,596,595.0,0.0,595.0,680,680,321.5570469798658,14,0,1000000,3000,4
322710,322710,1290840,2333,44,176,228.0,0.0,228.0,292,292,158.3409090909091,6,0,1000000,3000,4
322764,322764,1291056,2334,54,216,205.0,0.0,205.0,272,272,152.14814814814815,6,0,1000000,3000,4
322807,322807,1291228,2335,43,172,230.0,0.0,230.0,295,295,156.2093023255814,6,0,1000000,3000,4
324051,324051,1296204,2336,1244,4976,824.0,0.0,824.0,1128,1128,690.5884244372991,23,0,1000000,3000,4
324262,324262,1297048,2337,211,844,745.0,0.0,745.0,844,844,509.3981042654028,17,0,1000000,3000,4
324346,324346,1297384,2338,84,336,618.0,0.0,618.0,692,692,352.04761904761904,14,0,1000000,3000,4
324692,324692,1298768,2339,346,1384,716.0,0.0,716.0,842,842,627.6820809248555,17,0,1000000,3000,4
325261,325261,1301044,2340,569,2276,1240.0,0.0,1240.0,1408,1411,711.0263620386643,29,0,1000000,3000,4
325314,325314,1301256,2341,53,212,209.0,0.0,209.0,276,276,149.37735849056602,6,0,1000000,3000,4
325358,325358,1301432,2342,44,176,232.0,0.0,232.0,297,297,148.20454545454547,6,0,1000000,3000,4
325405,325405,1301620,2343,47,188,234.0,0.0,234.0,300,300,138.70212765957447,7,0,1000000,3000,4
325433,325433,1301732,2344,28,112,247.0,0.0,247.0,310,310,160.57142857142858,7,0,1000000,3000,4
325568,325568,1302272,2345,135,540,610.0,0.0,610.0,693,693,367.85185185185185,14,0,1000000,3000,4
325761,325761,1303044,2346,193,772,767.0,0.0,767.0,862,862,522.7927461139897,18,0,1000000,3000,4
326078,326078,1304312,2347,317,1268,1006.0,0.0,1006.0,1125,1125,660.9810725552051,23,0,1000000,3000,4
326122,326122,1304488,2348,44,176,230.0,0.0,230.0,294,294,158.22727272727272,6,0,1000000,3000,4
326155,326155,1304620,2349,33,132,248.0,0.0,248.0,311,311,158.4848484848485,7,0,1000000,3000,4
326191,326191,1304764,2350,36,144,237.0,0.0,237.0,302,302,154.97222222222223,7,0,1000000,3000,4
326409,326409,1305636,2351,218,872,1327.0,0.0,1327.0,1428,1428,691.4862385321101,29,0,1000000,3000,4
326450,326450,1305800,2352,41,164,246.0,0.0,246.0,312,312,139.17073170731706,7,0,1000000,3000,4
327013,327013,1308052,2353,563,2252,1233.0,0.0,1233.0,1401,1401,742.6394316163411,29,0,1000000,3000,4
327244,327244,1308976,2354,231,924,1032.0,0.0,1032.0,1135,1135,591.7662337662338,23,0,1000000,3000,4
327518,327518,1310072,2355,274,1096,1413.0,0.0,1413.0,1525,1525,753.6058394160584,31,0,1000000,3000,4
327623,327623,1310492,2356,105,420,600.0,0.0,600.0,678,678,299.2952380952381,14,0,1000000,3000,4
327669,327669,1310676,2357,46,184,222.0,0.0,222.0,288,288,169.02173913043478,6,0,1000000,3000,4
327711,327711,1310844,2358,42,168,230.0,0.0,230.0,295,295,156.61904761904762,6,0,1000000,3000,4
327889,327889,1311556,2359,178,712,1046.0,0.0,1046.0,1138,1138,583.1516853932584,23,0,1000000,3000,4
328141,328141,1312564,2360,252,1008,1029.0,0.0,1029.0,1135,1135,666.7738095238095,23,0,1000000,3000,4
328183,328183,1312732,2361,42,168,235.0,0.0,235.0,299,299,150.8095238095238,6,0,1000000,3000,4
328220,328220,1312880,2362,37,148,244.0,0.0,244.0,307,307,153.64864864864865,7,0,1000000,3000,4
328273,328273,1313092,2363,53,212,209.0,0.0,209.0,276,276,159.50943396226415,6,0,1000000,3000,4
328310,328310,1313240,2364,37,148,244.0,0.0,244.0,308,308,144.8918918918919,7,0,1000000,3000,4
328359,328359,1313436,2365,49,196,217.0,0.0,217.0,282,282,163.59183673469389,6,0,1000000,3000,4
328402,328402,1313608,2366,43,172,227.0,0.0,227.0,293,293,154.3953488372093,6,0,1000000,3000,4
328440,328440,1313760,2367,38,152,245.0,0.0,245.0,310,310,147.47368421052633,7,0,1000000,3000,4
328629,328629,1314516,2368,189,756,1042.0,0.0,1042.0,1136,1136,569.5555555555555,23,0,1000000,3000,4
328664,328664,1314656,2369,35,140,247.0,0.0,247.0,310,310,154.62857142857143,7,0,1000000,3000,4
328746,328746,1314984,2370,82,328,632.0,0.0,632.0,705,705,371.2560975609756,15,0,1000000,3000,4
328968,328968,1315872,2371,222,888,1026.0,0.0,1026.0,1126,1126,690.3513513513514,23,0,1000000,3000,4
329007,329007,1316028,2372,39,156,231.0,0.0,231.0,295,295,166.43589743589743,6,0,1000000,3000,4
329068,329068,1316272,2373,61,244,609.0,0.0,609.0,679,679,333.88524590163934,14,0,1000000,3000,4
329136,329136,1316544,2374,68,272,609.0,0.0,609.0,680,680,321.22058823529414,14,0,1000000,3000,4
329170,329170,1316680,2375,34,136,245.0,0.0,245.0,309,309,151.7058823529412,7,0,1000000,3000,4
329208,329208,1316832,2376,38,152,232.0,0.0,232.0,296,296,167.8684210526316,6,0,1000000,3000,4
329329,329329,1317316,2377,121,484,602.0,0.0,602.0,684,684,399.31404958677683,14,0,1000000,3000,4
329578,329578,1318312,2378,249,996,756.0,0.0,756.0,862,862,556.281124497992,18,0,1000000,3000,4
329781,329781,1319124,2379,203,812,1052.0,0.0,1052.0,1150,1150,592.9507389162561,24,0,1000000,3000,4
329911,329911,1319644,2380,130,520,594.0,0.0,594.0,676,676,462.16923076923075,14,0,1000000,3000,4
330139,330139,1320556,2381,228,912,1315.0,0.0,1315.0,1416,1416,732.2324561403509,29,0,1000000,3000,4
330316,330316,1321264,2382,177,708,740.0,0.0,740.0,832,832,564.5084745762712,17,0,1000000,3000,4
330356,330356,1321424,2383,40,160,232.0,0.0,232.0,297,297,164.6,6,0,1000000,3000,4
330398,330398,1321592,2384,42,168,229.0,0.0,229.0,294,294,167.04761904761904,6,0,1000000,3000,4
330432,330432,1321728,2385,34,136,240.0,0.0,240.0,304,304,157.08823529411765,7,0,1000000,3000,4
330837,330837,1323348,2386,405,1620,2338.0,0.0,2338.0,2475,2475,1211.856790123457,50,0,1000000,3000,4
330898,330898,1323592,2387,61,244,606.0,0.0,606.0,676,676,332.0327868852459,14,0,1000000,3000,4
330935,330935,1323740,2388,37,148,246.0,0.0,246.0,309,309,150.16216216216216,7,0,1000000,3000,4
330975,330975,1323900,2389,40,160,245.0,0.0,245.0,310,310,147.1,7,0,1000000,3000,4
331010,331010,1324040,2390,35,140,246.0,0.0,246.0,310,310,146.31428571428572,7,0,1000000,3000,4
331172,331172,1324688,2391,162,648,1040.0,0.0,1040.0,1128,1128,583.4629629629629,23,0,1000000,3000,4
331340,331340,1325360,2392,168,672,1352.0,0.0,1352.0,1443,1443,734.8035714285714,29,0,1000000,3000,4
331372,331372,1325488,2393,32,128,251.0,0.0,251.0,315,315,151.3125,7,0,1000000,3000,4
331402,331402,1325608,2394,30,120,250.0,0.0,250.0,314,314,152.43333333333334,7,0,1000000,3000,4
331556,331556,1326224,2395,154,616,1043.0,0.0,1043.0,1129,1129,604.0324675324675,23,0,1000000,3000,4
331586,331586,1326344,2396,30,120,247.0,0.0,247.0,309,309,157.36666666666667,7,0,1000000,3000,4
331615,331615,1326460,2397,29,116,252.0,0.0,252.0,315,315,161.3448275862069,7,0,1000000,3000,4
331719,331719,1326876,2398,104,416,602.0,0.0,602.0,680,680,403.52884615384613,14,0,1000000,3000,4
331791,331791,1327164,2399,72,288,611.0,0.0,611.0,683,683,349.5833333333333,14,0,1000000,3000,4
331882,331882,1327528,2400,91,364,625.0,0.0,625.0,701,701,376.1098901098901,15,0,1000000,3000,4
331914,331914,1327656,2401,32,128,238.0,0.0,238.0,302,302,163.53125,7,0,1000000,3000,4
331951,331951,1327804,2402,37,148,234.0,0.0,234.0,299,299,160.27027027027026,6,0,1000000,3000,4
331985,331985,1327940,2403,34,136,250.0,0.0,250.0,314,314,153.38235294117646,7,0,1000000,3000,4
332014,332014,1328056,2404,29,116,246.0,0.0,246.0,308,308,160.72413793103448,7,0,1000000,3000,4
332044,332044,1328176,2405,30,120,248.0,0.0,248.0,312,312,152.9,7,0,1000000,3000,4
332124,332124,1328496,2406,80,320,609.0,0.0,609.0,682,682,362.875,14,0,1000000,3000,4
332206,332206,1328824,2407,82,328,631.0,0.0,631.0,705,705,388.280487804878,15,0,1000000,3000,4
332354,332354,1329416,2408,148,592,814.0,0.0,814.0,898,899,562.3378378378378,18,0,1000000,3000,4
332556,332556,1330224,2409,202,808,1339.0,0.0,1339.0,1437,1437,719.2128712871287,29,0,1000000,3000,4
332587,332587,1330348,2410,31,124,249.0,0.0,249.0,313,313,155.2258064516129,7,0,1000000,3000,4
332807,332807,1331228,2411,220,880,1026.0,0.0,1026.0,1125,1125,677.7863636363636,23,0,1000000,3000,4
332840,332840,1331360,2412,33,132,236.0,0.0,236.0,300,300,162.12121212121212,7,0,1000000,3000,4
332935,332935,1331740,2413,95,380,612.0,0.0,612.0,687,687,334.09473684210525,14,0,1000000,3000,4
332968,332968,1331872,2414,33,132,249.0,0.0,249.0,312,312,156.6060606060606,7,0,1000000,3000,4
333158,333158,1332632,2415,190,760,1343.0,0.0,1343.0,1438,1438,715.0684210526316,29,0,1000000,3000,4
333271,333271,1333084,2416,113,452,622.0,0.0,622.0,702,702,385.30973451327435,15,0,1000000,3000,4
333355,333355,1333420,2417,84,336,616.0,0.0,616.0,690,690,401.0833333333333,14,0,1000000,3000,4
333497,333497,1333988,2418,142,568,599.0,0.0,599.0,685,685,453.2957746478873,14,0,1000000,3000,4
333528,333528,1334112,2419,31,124,247.0,0.0,247.0,311,311,152.48387096774192,7,0,1000000,3000,4
333569,333569,1334276,2420,41,164,230.0,0.0,230.0,295,295,163.34146341463415,6,0,1000000,3000,4
333721,333721,1334884,2421,152,608,813.0,0.0,813.0,898,898,555.5065789473684,18,0,1000000,3000,4
333810,333810,1335240,2422,89,356,607.0,0.0,607.0,682,682,344.08988764044943,14,0,1000000,3000,4
333980,333980,1335920,2423,170,680,1166.0,0.0,1166.0,1256,1256,686.9529411764706,26,0,1000000,3000,4
334018,334018,1336072,2424,38,152,237.0,0.0,237.0,302,302,156.0,7,0,1000000,3000,4
334054,334054,1336216,2425,36,144,237.0,0.0,237.0,301,301,166.0,7,0,1000000,3000,4
334270,334270,1337080,2426,216,864,1310.0,0.0,1310.0,1410,1410,714.5879629629629,29,0,1000000,3000,4
334302,334302,1337208,2427,32,128,251.0,0.0,251.0,315,315,154.625,7,0,1000000,3000,4
334485,334485,1337940,2428,183,732,1036.0,0.0,1036.0,1128,1128,610.0491803278688,23,0,1000000,3000,4
334586,334586,1338344,2429,101,404,633.0,0.0,633.0,711,711,362.23762376237624,15,0,1000000,3000,4
334618,334618,1338472,2430,32,128,243.0,0.0,243.0,307,307,160.71875,7,0,1000000,3000,4
334649,334649,1338596,2431,31,124,243.0,0.0,243.0,307,307,157.7741935483871,7,0,1000000,3000,4
334679,334679,1338716,2432,30,120,250.0,0.0,250.0,313,313,156.16666666666666,7,0,1000000,3000,4
334866,334866,1339464,2433,187,748,1342.0,0.0,1342.0,1437,1437,752.4224598930481,29,0,1000000,3000,4
334908,334908,1339632,2434,42,168,230.0,0.0,230.0,295,295,159.16666666666666,6,0,1000000,3000,4
334997,334997,1339988,2435,89,356,618.0,0.0,618.0,693,693,327.2022471910112,14,0,1000000,3000,4
335039,335039,1340156,2436,42,168,232.0,0.0,232.0,298,298,163.0,6,0,1000000,3000,4
335132,335132,1340528,2437,93,372,613.0,0.0,613.0,687,687,390.44086021505376,14,0,1000000,3000,4
335247,335247,1340988,2438,115,460,624.0,0.0,624.0,703,703,398.0608695652174,15,0,1000000,3000,4
335363,335363,1341452,2439,116,464,597.0,0.0,597.0,676,676,375.92241379310343,14,0,1000000,3000,4
335571,335571,1342284,2440,208,832,1133.0,0.0,1133.0,1230,1230,724.2115384615385,25,0,1000000,3000,4
335725,335725,1342900,2441,154,616,637.0,0.0,637.0,722,723,481.538961038961,15,0,1000000,3000,4
335939,335939,1343756,2442,214,856,1413.0,0.0,1413.0,1512,1512,796.1775700934579,31,0,1000000,3000,4
335982,335982,1343928,2443,43,172,232.0,0.0,232.0,297,297,163.95348837209303,6,0,1000000,3000,4
336019,336019,1344076,2444,37,148,245.0,0.0,245.0,310,310,149.1081081081081,7,0,1000000,3000,4
336224,336224,1344896,2445,205,820,745.0,0.0,745.0,842,842,513.5317073170731,17,0,1000000,3000,4
336265,336265,1345060,2446,41,164,243.0,0.0,243.0,308,308,140.4878048780488,7,0,1000000,3000,4
336356,336356,1345424,2447,91,364,610.0,0.0,610.0,685,685,398.0989010989011,14,0,1000000,3000,4
336447,336447,1345788,2448,91,364,617.0,0.0,617.0,693,693,313.54945054945057,14,0,1000000,3000,4
336783,336783,1347132,2449,336,1344,1295.0,0.0,1295.0,1418,1418,714.7678571428571,29,0,1000000,3000,4
336821,336821,1347284,2450,38,152,223.0,0.0,223.0,287,287,169.89473684210526,6,0,1000000,3000,4
337029,337029,1348116,2451,208,832,1414.0,0.0,1414.0,1512,1512,692.7259615384615,31,0,1000000,3000,4
337123,337123,1348492,2452,94,376,635.0,0.0,635.0,710,710,361.43617021276594,15,0,1000000,3000,4
337287,337287,1349148,2453,164,656,811.0,0.0,811.0,898,898,568.5060975609756,18,0,1000000,3000,4
337379,337379,1349516,2454,92,368,620.0,0.0,620.0,696,696,357.7608695652174,14,0,1000000,3000,4
337630,337630,1350520,2455,251,1004,1020.0,0.0,1020.0,1126,1126,698.3505976095618,23,0,1000000,3000,4
338082,338082,1352328,2456,452,1808,2325.0,0.0,2325.0,2471,2471,1304.7566371681417,50,0,1000000,3000,4
338112,338112,1352448,2457,30,120,250.0,0.0,250.0,312,312,157.3,7,0,1000000,3000,4
338141,338141,1352564,2458,29,116,249.0,0.0,249.0,311,311,162.9655172413793,7,0,1000000,3000,4
338342,338342,1353368,2459,201,804,1313.0,0.0,1313.0,1409,1409,702.7462686567164,29,0,1000000,3000,4
338442,338442,1353768,2460,100,400,610.0,0.0,610.0,687,687,382.45,14,0,1000000,3000,4
338476,338476,1353904,2461,34,136,243.0,0.0,243.0,307,307,155.02941176470588,7,0,1000000,3000,4
338506,338506,1354024,2462,30,120,251.0,0.0,251.0,314,314,157.33333333333334,7,0,1000000,3000,4
338681,338681,1354724,2463,175,700,1343.0,0.0,1343.0,1435,1435,723.4114285714286,29,0,1000000,3000,4
338838,338838,1355352,2464,157,628,1345.0,0.0,1345.0,1434,1434,690.2611464968153,29,0,1000000,3000,4
338924,338924,1355696,2465,86,344,634.0,0.0,634.0,709,709,358.6279069767442,15,0,1000000,3000,4
339004,339004,1356016,2466,80,320,636.0,0.0,636.0,709,709,394.6125,15,0,1000000,3000,4
339042,339042,1356168,2467,38,152,249.0,0.0,249.0,314,314,143.1578947368421,7,0,1000000,3000,4
339139,339139,1356556,2468,97,388,631.0,0.0,631.0,708,708,372.50515463917526,15,0,1000000,3000,4
339237,339237,1356948,2469,98,392,623.0,0.0,623.0,699,699,382.5,14,0,1000000,3000,4
339272,339272,1357088,2470,35,140,240.0,0.0,240.0,304,304,157.65714285714284,7,0,1000000,3000,4
339498,339498,1357992,2471,226,904,1330.0,0.0,1330.0,1433,1433,686.7743362831858,29,0,1000000,3000,4
339540,339540,1358160,2472,42,168,229.0,0.0,229.0,295,295,157.14285714285714,6,0,1000000,3000,4
339639,339639,1358556,2473,99,396,600.0,0.0,600.0,677,677,394.6060606060606,14,0,1000000,3000,4
339672,339672,1358688,2474,33,132,249.0,0.0,249.0,313,313,145.87878787878788,7,0,1000000,3000,4
339776,339776,1359104,2475,104,416,612.0,0.0,612.0,690,690,395.02884615384613,14,0,1000000,3000,4
339964,339964,1359856,2476,188,752,710.0,0.0,710.0,803,803,454.8776595744681,17,0,1000000,3000,4
340116,340116,1360464,2477,152,608,637.0,0.0,637.0,722,722,476.61842105263156,15,0,1000000,3000,4
340221,340221,1360884,2478,105,420,629.0,0.0,629.0,706,706,365.12380952380954,15,0,1000000,3000,4
340642,340642,1362568,2479,421,1684,1374.0,0.0,1374.0,1510,1510,604.8859857482186,31,0,1000000,3000,4
340695,340695,1362780,2480,53,212,211.0,0.0,211.0,278,278,150.52830188679246,6,0,1000000,3000,4
340806,340806,1363224,2481,111,444,604.0,0.0,604.0,683,683,358.9189189189189,14,0,1000000,3000,4
340852,340852,1363408,2482,46,184,214.0,0.0,214.0,280,280,177.7173913043478,6,0,1000000,3000,4
341021,341021,1364084,2483,169,676,810.0,0.0,810.0,898,900,527.8639053254437,19,0,1000000,3000,4
341234,341234,1364936,2484,213,852,1335.0,0.0,1335.0,1435,1435,736.962441314554,29,0,1000000,3000,4
341267,341267,1365068,2485,33,132,252.0,0.0,252.0,316,316,147.96969696969697,7,0,1000000,3000,4
341368,341368,1365472,2486,101,404,631.0,0.0,631.0,708,708,374.3168316831683,15,0,1000000,3000,4
341473,341473,1365892,2487,105,420,602.0,0.0,602.0,680,680,406.14285714285717,14,0,1000000,3000,4
341630,341630,1366520,2488,157,628,1039.0,0.0,1039.0,1126,1126,564.5286624203821,23,0,1000000,3000,4
341674,341674,1366696,2489,44,176,232.0,0.0,232.0,297,297,149.1590909090909,6,0,1000000,3000,4
341763,341763,1367052,2490,89,356,625.0,0.0,625.0,699,699,363.60674157303373,14,0,1000000,3000,4
341927,341927,1367708,2491,164,656,1038.0,0.0,1038.0,1126,1126,577.7987804878048,23,0,1000000,3000,4
342019,342019,1368076,2492,92,368,599.0,0.0,599.0,675,675,404.1195652173913,14,0,1000000,3000,4
342049,342049,1368196,2493,30,120,251.0,0.0,251.0,314,314,157.3,7,0,1000000,3000,4
342225,342225,1368900,2494,176,704,808.0,0.0,808.0,898,898,566.1761363636364,18,0,1000000,3000,4
342406,342406,1369624,2495,181,724,1321.0,0.0,1321.0,1413,1413,694.3370165745856,29,0,1000000,3000,4
342442,342442,1369768,2496,36,144,237.0,0.0,237.0,302,302,165.38888888888889,7,0,1000000,3000,4
342478,342478,1369912,2497,36,144,246.0,0.0,246.0,311,311,148.75,7,0,1000000,3000,4
342568,342568,1370272,2498,90,360,632.0,0.0,632.0,706,706,397.27777777777777,15,0,1000000,3000,4
342600,342600,1370400,2499,32,128,247.0,0.0,247.0,310,310,161.5,7,0,1000000,3000,4
342679,342679,1370716,2500,79,316,612.0,0.0,612.0,684,684,324.17721518987344,14,0,1000000,3000,4
342870,342870,1371480,2501,191,764,1035.0,0.0,1035.0,1129,1129,608.1570680628272,23,0,1000000,3000,4
342900,342900,1371600,2502,30,120,245.0,0.0,245.0,309,309,153.96666666666667,7,0,1000000,3000,4
342986,342986,1371944,2503,86,344,633.0,0.0,633.0,707,707,361.69767441860466,15,0,1000000,3000,4
343131,343131,1372524,2504,145,580,588.0,0.0,588.0,674,674,449.17931034482757,14,0,1000000,3000,4
343238,343238,1372952,2505,107,428,625.0,0.0,625.0,703,703,391.4766355140187,15,0,1000000,3000,4
343268,343268,1373072,2506,30,120,247.0,0.0,247.0,309,309,160.8,7,0,1000000,3000,4
343301,343301,1373204,2507,33,132,238.0,0.0,238.0,301,301,168.15151515151516,7,0,1000000,3000,4
343346,343346,1373384,2508,45,180,218.0,0.0,218.0,283,283,166.84444444444443,6,0,1000000,3000,4
343389,343389,1373556,2509,43,172,227.0,0.0,227.0,291,291,161.74418604651163,6,0,1000000,3000,4
343573,343573,1374292,2510,184,736,1032.0,0.0,1032.0,1123,1123,581.1521739130435,23,0,1000000,3000,4
343615,343615,1374460,2511,42,168,231.0,0.0,231.0,296,296,157.85714285714286,6,0,1000000,3000,4
343651,343651,1374604,2512,36,144,235.0,0.0,235.0,299,299,158.0,6,0,1000000,3000,4
343689,343689,1374756,2513,38,152,240.0,0.0,240.0,303,303,155.28947368421052,7,0,1000000,3000,4
343775,343775,1375100,2514,86,344,650.0,0.0,650.0,722,722,374.9767441860465,15,0,1000000,3000,4
343924,343924,1375696,2515,149,596,1156.0,0.0,1156.0,1243,1243,626.8322147651006,25,0,1000000,3000,4
344003,344003,1376012,2516,79,316,616.0,0.0,616.0,688,688,350.0506329113924,14,0,1000000,3000,4
344133,344133,1376532,2517,130,520,592.0,0.0,592.0,675,675,378.03846153846155,14,0,1000000,3000,4
344167,344167,1376668,2518,34,136,240.0,0.0,240.0,304,304,148.61764705882354,7,0,1000000,3000,4
344333,344333,1377332,2519,166,664,1036.0,0.0,1036.0,1124,1124,666.4457831325301,23,0,1000000,3000,4
344513,344513,1378052,2520,180,720,1036.0,0.0,1036.0,1127,1127,627.6055555555556,23,0,1000000,3000,4
344547,344547,1378188,2521,34,136,245.0,0.0,245.0,309,309,148.11764705882354,7,0,1000000,3000,4
344645,344645,1378580,2522,98,392,609.0,0.0,609.0,686,686,383.6938775510204,14,0,1000000,3000,4
344683,344683,1378732,2523,38,152,239.0,0.0,239.0,304,304,157.8684210526316,7,0,1000000,3000,4
344842,344842,1379368,2524,159,636,1138.0,0.0,1138.0,1225,1225,604.2075471698113,25,0,1000000,3000,4
344874,344874,1379496,2525,32,128,248.0,0.0,248.0,312,312,157.28125,7,0,1000000,3000,4
344968,344968,1379872,2526,94,376,635.0,0.0,635.0,711,711,371.8510638297872,15,0,1000000,3000,4
345047,345047,1380188,2527,79,316,617.0,0.0,617.0,690,690,344.7721518987342,14,0,1000000,3000,4
345097,345097,1380388,2528,50,200,224.0,0.0,224.0,291,291,147.36,6,0,1000000,3000,4
345130,345130,1380520,2529,33,132,241.0,0.0,241.0,304,304,164.72727272727272,7,0,1000000,3000,4
345326,345326,1381304,2530,196,784,1033.0,0.0,1033.0,1128,1128,620.5561224489796,23,0,1000000,3000,4
345429,345429,1381716,2531,103,412,631.0,0.0,631.0,709,709,359.8349514563107,15,0,1000000,3000,4
345573,345573,1382292,2532,144,576,776.0,0.0,776.0,861,861,547.5555555555555,18,0,1000000,3000,4
345604,345604,1382416,2533,31,124,249.0,0.0,249.0,313,313,152.58064516129033,7,0,1000000,3000,4
345642,345642,1382568,2534,38,152,225.0,0.0,225.0,289,289,170.39473684210526,6,0,1000000,3000,4
345831,345831,1383324,2535,189,756,1042.0,0.0,1042.0,1136,1136,578.1798941798942,23,0,1000000,3000,4
346095,346095,1384380,2536,264,1056,1845.0,0.0,1845.0,1955,1955,900.0227272727273,40,0,1000000,3000,4
346193,346193,1384772,2537,98,392,604.0,0.0,604.0,681,681,403.1734693877551,14,0,1000000,3000,4
346232,346232,1384928,2538,39,156,240.0,0.0,240.0,304,304,153.87179487179486,7,0,1000000,3000,4
346337,346337,1385348,2539,105,420,616.0,0.0,616.0,695,695,351.1714285714286,14,0,1000000,3000,4
346429,346429,1385716,2540,92,368,626.0,0.0,626.0,702,702,387.9782608695652,15,0,1000000,3000,4
346463,346463,1385852,2541,34,136,244.0,0.0,244.0,308,308,163.58823529411765,7,0,1000000,3000,4
346632,346632,1386528,2542,169,676,1344.0,0.0,1344.0,1435,1435,691.2011834319527,29,0,1000000,3000,4
346675,346675,1386700,2543,43,172,216.0,0.0,216.0,282,282,171.09302325581396,6,0,1000000,3000,4
346769,346769,1387076,2544,94,376,607.0,0.0,607.0,682,682,401.79787234042556,14,0,1000000,3000,4
346862,346862,1387448,2545,93,372,609.0,0.0,609.0,684,684,355.3225806451613,14,0,1000000,3000,4
347013,347013,1388052,2546,151,604,637.0,0.0,637.0,722,722,482.4503311258278,15,0,1000000,3000,4
347120,347120,1388480,2547,107,428,606.0,0.0,606.0,684,684,409.9158878504673,14,0,1000000,3000,4
347281,347281,1389124,2548,161,644,1038.0,0.0,1038.0,1126,1126,640.4409937888199,23,0,1000000,3000,4
347414,347414,1389656,2549,133,532,817.0,0.0,817.0,898,899,549.1203007518797,18,0,1000000,3000,4
347653,347653,1390612,2550,239,956,1025.0,0.0,1025.0,1128,1128,655.3598326359833,23,0,1000000,3000,4
347687,347687,1390748,2551,34,136,242.0,0.0,242.0,306,306,143.64705882352942,7,0,1000000,3000,4
347897,347897,1391588,2552,210,840,1029.0,0.0,1029.0,1125,1125,689.4809523809524,23,0,1000000,3000,4
348070,348070,1392280,2553,173,692,1038.0,0.0,1038.0,1128,1128,599.1445086705203,23,0,1000000,3000,4
348152,348152,1392608,2554,82,328,623.0,0.0,623.0,697,697,340.6585365853659,14,0,1000000,3000,4
348300,348300,1393200,2555,148,592,1050.0,0.0,1050.0,1136,1136,621.0540540540541,23,0,1000000,3000,4
348449,348449,1393796,2556,149,596,1067.0,0.0,1067.0,1154,1154,605.9194630872483,24,0,1000000,3000,4
348622,348622,1394488,2557,173,692,1047.0,0.0,1047.0,1138,1138,633.393063583815,23,0,1000000,3000,4
348655,348655,1394620,2558,33,132,243.0,0.0,243.0,306,306,151.6969696969697,7,0,1000000,3000,4
348840,348840,1395360,2559,185,740,1141.0,0.0,1141.0,1234,1234,632.8378378378378,25,0,1000000,3000,4
348874,348874,1395496,2560,34,136,238.0,0.0,238.0,302,302,163.05882352941177,7,0,1000000,3000,4
348907,348907,1395628,2561,33,132,240.0,0.0,240.0,303,303,154.75757575757575,7,0,1000000,3000,4
348943,348943,1395772,2562,36,144,243.0,0.0,243.0,307,307,153.58333333333334,7,0,1000000,3000,4
349021,349021,1396084,2563,78,312,618.0,0.0,618.0,691,691,357.11538461538464,14,0,1000000,3000,4
349127,349127,1396508,2564,106,424,603.0,0.0,603.0,681,681,347.4811320754717,14,0,1000000,3000,4
349166,349166,1396664,2565,39,156,239.0,0.0,239.0,303,303,155.3846153846154,7,0,1000000,3000,4
349258,349258,1397032,2566,92,368,610.0,0.0,610.0,685,685,335.2608695652174,14,0,1000000,3000,4
349294,349294,1397176,2567,36,144,246.0,0.0,246.0,311,311,150.27777777777777,7,0,1000000,3000,4
349423,349423,1397692,2568,129,516,586.0,0.0,586.0,668,668,398.4186046511628,14,0,1000000,3000,4
349513,349513,1398052,2569,90,360,613.0,0.0,613.0,688,688,394.74444444444447,14,0,1000000,3000,4
349756,349756,1399024,2570,243,972,1561.0,0.0,1561.0,1665,1665,805.5720164609054,34,0,1000000,3000,4
349789,349789,1399156,2571,33,132,250.0,0.0,250.0,314,314,154.36363636363637,7,0,1000000,3000,4
349898,349898,1399592,2572,109,436,620.0,0.0,620.0,697,697,389.697247706422,14,0,1000000,3000,4
349935,349935,1399740,2573,37,148,241.0,0.0,241.0,305,305,159.05405405405406,7,0,1000000,3000,4
349969,349969,1399876,2574,34,136,236.0,0.0,236.0,298,298,162.47058823529412,6,0,1000000,3000,4
350069,350069,1400276,2575,100,400,611.0,0.0,611.0,689,689,386.44,14,0,1000000,3000,4
350337,350337,1401348,2576,268,1072,1312.0,0.0,1312.0,1423,1423,703.4067164179105,29,0,1000000,3000,4
350487,350487,1401948,2577,150,600,1045.0,0.0,1045.0,1130,1130,560.3066666666666,23,0,1000000,3000,4
350690,350690,1402760,2578,203,812,1053.0,0.0,1053.0,1151,1151,660.0,24,0,1000000,3000,4
350792,350792,1403168,2579,102,408,609.0,0.0,609.0,686,686,405.5882352941176,14,0,1000000,3000,4
350826,350826,1403304,2580,34,136,244.0,0.0,244.0,307,307,156.7058823529412,7,0,1000000,3000,4
350982,350982,1403928,2581,156,624,1321.0,0.0,1321.0,1409,1409,683.7307692307693,29,0,1000000,3000,4
351025,351025,1404100,2582,43,172,230.0,0.0,230.0,295,295,144.97674418604652,6,0,1000000,3000,4
351194,351194,1404776,2583,169,676,710.0,0.0,710.0,800,800,484.2426035502959,17,0,1000000,3000,4
351239,351239,1404956,2584,45,180,232.0,0.0,232.0,298,298,141.4,6,0,1000000,3000,4
351276,351276,1405104,2585,37,148,242.0,0.0,242.0,306,306,144.8918918918919,7,0,1000000,3000,4
351331,351331,1405324,2586,55,220,201.0,0.0,201.0,268,268,166.07272727272726,6,0,1000000,3000,4
351550,351550,1406200,2587,219,876,1326.0,0.0,1326.0,1427,1427,633.972602739726,29,0,1000000,3000,4
351664,351664,1406656,2588,114,456,619.0,0.0,619.0,698,698,386.53508771929825,14,0,1000000,3000,4
351711,351711,1406844,2589,47,188,220.0,0.0,220.0,285,285,161.80851063829786,6,0,1000000,3000,4
351742,351742,1406968,2590,31,124,250.0,0.0,250.0,314,314,149.4516129032258,7,0,1000000,3000,4
351968,351968,1407872,2591,226,904,1025.0,0.0,1025.0,1126,1126,672.4911504424779,23,0,1000000,3000,4
352004,352004,1408016,2592,36,144,239.0,0.0,239.0,304,304,163.22222222222223,7,0,1000000,3000,4
352037,352037,1408148,2593,33,132,245.0,0.0,245.0,306,306,163.33333333333334,7,0,1000000,3000,4
352219,352219,1408876,2594,182,728,1035.0,0.0,1035.0,1127,1127,622.7142857142857,23,0,1000000,3000,4
352249,352249,1408996,2595,30,120,247.0,0.0,247.0,311,311,150.8,7,0,1000000,3000,4
352281,352281,1409124,2596,32,128,246.0,0.0,246.0,309,309,155.09375,7,0,1000000,3000,4
352358,352358,1409432,2597,77,308,632.0,0.0,632.0,705,705,361.35064935064935,15,0,1000000,3000,4
352448,352448,1409792,2598,90,360,635.0,0.0,635.0,711,711,358.1222222222222,15,0,1000000,3000,4
352619,352619,1410476,2599,171,684,1335.0,0.0,1335.0,1427,1427,722.140350877193,29,0,1000000,3000,4
352649,352649,1410596,2600,30,120,251.0,0.0,251.0,314,314,157.0,7,0,1000000,3000,4
352730,352730,1410920,2601,81,324,633.0,0.0,633.0,707,707,375.82716049382714,15,0,1000000,3000,4
352815,352815,1411260,2602,85,340,612.0,0.0,612.0,685,685,366.7647058823529,14,0,1000000,3000,4
352848,352848,1411392,2603,33,132,246.0,0.0,246.0,309,309,160.1818181818182,7,0,1000000,3000,4
352881,352881,1411524,2604,33,132,245.0,0.0,245.0,309,309,156.1818181818182,7,0,1000000,3000,4
353055,353055,1412220,2605,174,696,633.0,0.0,633.0,722,722,481.98275862068965,15,0,1000000,3000,4
353365,353365,1413460,2606,310,1240,1547.0,0.0,1547.0,1667,1667,794.6967741935484,34,0,1000000,3000,4
353396,353396,1413584,2607,31,124,246.0,0.0,246.0,310,310,145.93548387096774,7,0,1000000,3000,4
353603,353603,1414412,2608,207,828,1038.0,0.0,1038.0,1136,1136,607.7149758454107,23,0,1000000,3000,4
353711,353711,1414844,2609,108,432,625.0,0.0,625.0,703,703,386.6203703703704,15,0,1000000,3000,4
353811,353811,1415244,2610,100,400,595.0,0.0,595.0,672,672,404.63,14,0,1000000,3000,4
353855,353855,1415420,2611,44,176,229.0,0.0,229.0,294,294,152.36363636363637,6,0,1000000,3000,4
353889,353889,1415556,2612,34,136,245.0,0.0,245.0,308,308,153.05882352941177,7,0,1000000,3000,4
353985,353985,1415940,2613,96,384,618.0,0.0,618.0,694,694,376.7708333333333,14,0,1000000,3000,4
354085,354085,1416340,2614,100,400,613.0,0.0,613.0,690,690,372.91,14,0,1000000,3000,4
354120,354120,1416480,2615,35,140,247.0,0.0,247.0,311,311,148.54285714285714,7,0,1000000,3000,4
354208,354208,1416832,2616,88,352,631.0,0.0,631.0,706,706,378.46590909090907,15,0,1000000,3000,4
354249,354249,1416996,2617,41,164,230.0,0.0,230.0,294,294,158.65853658536585,6,0,1000000,3000,4
354463,354463,1417852,2618,214,856,1326.0,0.0,1326.0,1425,1425,712.6588785046729,29,0,1000000,3000,4
354562,354562,1418248,2619,99,396,600.0,0.0,600.0,677,677,394.22222222222223,14,0,1000000,3000,4
354601,354601,1418404,2620,39,156,241.0,0.0,241.0,305,305,147.69230769230768,7,0,1000000,3000,4
354725,354725,1418900,2621,124,496,585.0,0.0,585.0,665,665,387.741935483871,14,0,1000000,3000,4
354936,354936,1419744,2622,211,844,1029.0,0.0,1029.0,1126,1126,602.5071090047394,23,0,1000000,3000,4
354983,354983,1419932,2623,47,188,232.0,0.0,232.0,298,298,146.38297872340425,6,0,1000000,3000,4
355055,355055,1420220,2624,72,288,608.0,0.0,608.0,679,679,300.27777777777777,14,0,1000000,3000,4
355223,355223,1420892,2625,168,672,1036.0,0.0,1036.0,1124,1124,559.8095238095239,23,0,1000000,3000,4
355278,355278,1421112,2626,55,220,215.0,0.0,215.0,282,282,141.9090909090909,6,0,1000000,3000,4
355386,355386,1421544,2627,108,432,598.0,0.0,598.0,676,676,369.49074074074076,14,0,1000000,3000,4
355758,355758,1423032,2628,372,1488,1095.0,0.0,1095.0,1225,1225,631.9059139784946,25,0,1000000,3000,4
355872,355872,1423488,2629,114,456,707.0,0.0,707.0,785,785,390.92105263157896,16,0,1000000,3000,4
355943,355943,1423772,2630,71,284,604.0,0.0,604.0,676,676,301.8732394366197,14,0,1000000,3000,4
356166,356166,1424664,2631,223,892,1321.0,0.0,1321.0,1422,1422,682.9910313901345,29,0,1000000,3000,4
356393,356393,1425572,2632,227,908,1307.0,0.0,1307.0,1409,1409,684.8017621145375,29,0,1000000,3000,4
356437,356437,1425748,2633,44,176,229.0,0.0,229.0,293,293,158.8181818181818,6,0,1000000,3000,4
356676,356676,1426704,2634,239,956,1305.0,0.0,1305.0,1408,1408,781.5899581589958,29,0,1000000,3000,4
356753,356753,1427012,2635,77,308,197.0,0.0,197.0,269,269,132.1038961038961,6,0,1000000,3000,4
356804,356804,1427216,2636,51,204,227.0,0.0,227.0,293,293,143.80392156862746,6,0,1000000,3000,4
356981,356981,1427924,2637,177,708,699.0,0.0,699.0,791,791,443.01129943502826,16,0,1000000,3000,4
357333,357333,1429332,2638,352,1408,1308.0,0.0,1308.0,1436,1436,655.4431818181819,29,0,1000000,3000,4
357464,357464,1429856,2639,131,524,574.0,0.0,574.0,657,657,382.8396946564886,14,0,1000000,3000,4
357660,357660,1430640,2640,196,784,1029.0,0.0,1029.0,1124,1124,594.1530612244898,23,0,1000000,3000,4
357808,357808,1431232,2641,148,592,1149.0,0.0,1149.0,1234,1234,592.0067567567568,25,0,1000000,3000,4
358157,358157,1432628,2642,349,1396,1027.0,0.0,1027.0,1154,1154,726.4699140401146,24,0,1000000,3000,4
358209,358209,1432836,2643,52,208,229.0,0.0,229.0,297,297,142.8653846153846,6,0,1000000,3000,4
358260,358260,1433040,2644,51,204,230.0,0.0,230.0,297,297,135.0392156862745,6,0,1000000,3000,4
358297,358297,1433188,2645,37,148,241.0,0.0,241.0,304,304,157.6216216216216,7,0,1000000,3000,4
358345,358345,1433380,2646,48,192,239.0,0.0,239.0,305,305,137.375,7,0,1000000,3000,4
358438,358438,1433752,2647,93,372,633.0,0.0,633.0,709,709,338.9032258064516,15,0,1000000,3000,4
358533,358533,1434132,2648,95,380,617.0,0.0,617.0,692,692,326.7368421052632,14,0,1000000,3000,4
358765,358765,1435060,2649,232,928,1141.0,0.0,1141.0,1245,1245,652.4612068965517,25,0,1000000,3000,4
358847,358847,1435388,2650,82,328,611.0,0.0,611.0,685,685,343.0609756097561,14,0,1000000,3000,4
359021,359021,1436084,2651,174,696,749.0,0.0,749.0,840,840,529.1206896551724,17,0,1000000,3000,4
359193,359193,1436772,2652,172,688,1036.0,0.0,1036.0,1126,1126,613.1395348837209,23,0,1000000,3000,4
359239,359239,1436956,2653,46,184,218.0,0.0,218.0,283,283,168.95652173913044,6,0,1000000,3000,4
359423,359423,1437692,2654,184,736,1058.0,0.0,1058.0,1152,1152,595.945652173913,24,0,1000000,3000,4
359498,359498,1437992,2655,75,300,607.0,0.0,607.0,679,679,302.2266666666667,14,0,1000000,3000,4
359582,359582,1438328,2656,84,336,628.0,0.0,628.0,702,702,350.79761904761904,15,0,1000000,3000,4
359873,359873,1439492,2657,291,1164,1302.0,0.0,1302.0,1416,1416,744.5498281786942,29,0,1000000,3000,4
359942,359942,1439768,2658,69,276,610.0,0.0,610.0,681,681,318.3333333333333,14,0,1000000,3000,4
360292,360292,1441168,2659,350,1400,1010.0,0.0,1010.0,1137,1137,668.2942857142857,23,0,1000000,3000,4
360514,360514,1442056,2660,222,888,1142.0,0.0,1142.0,1243,1243,630.0585585585585,25,0,1000000,3000,4
360710,360710,1442840,2661,196,784,735.0,0.0,735.0,831,831,552.0867346938776,17,0,1000000,3000,4
360755,360755,1443020,2662,45,180,217.0,0.0,217.0,282,282,171.8,6,0,1000000,3000,4
360872,360872,1443488,2663,117,468,595.0,0.0,595.0,676,676,393.7692307692308,14,0,1000000,3000,4
361146,361146,1444584,2664,274,1096,1019.0,0.0,1019.0,1129,1129,702.514598540146,23,0,1000000,3000,4
361423,361423,1445692,2665,277,1108,1025.0,0.0,1025.0,1136,1136,649.2490974729242,23,0,1000000,3000,4
361518,361518,1446072,2666,95,380,648.0,0.0,648.0,722,722,368.1684210526316,15,0,1000000,3000,4
361717,361717,1446868,2667,199,796,1320.0,0.0,1320.0,1415,1415,738.5829145728643,29,0,1000000,3000,4
361982,361982,1447928,2668,265,1060,1307.0,0.0,1307.0,1415,1415,687.1207547169811,29,0,1000000,3000,4
362018,362018,1448072,2669,36,144,243.0,0.0,243.0,308,308,153.91666666666666,7,0,1000000,3000,4
362126,362126,1448504,2670,108,432,605.0,0.0,605.0,683,683,398.77777777777777,14,0,1000000,3000,4
362160,362160,1448640,2671,34,136,246.0,0.0,246.0,310,310,153.2058823529412,7,0,1000000,3000,4
362341,362341,1449364,2672,181,724,1046.0,0.0,1046.0,1139,1139,602.182320441989,23,0,1000000,3000,4
362505,362505,1450020,2673,164,656,811.0,0.0,811.0,898,898,587.9329268292682,18,0,1000000,3000,4
362627,362627,1450508,2674,122,488,735.0,0.0,735.0,817,817,470.5,17,0,1000000,3000,4
362701,362701,1450804,2675,74,296,611.0,0.0,611.0,683,683,311.5945945945946,14,0,1000000,3000,4
362952,362952,1451808,2676,251,1004,1327.0,0.0,1327.0,1435,1435,704.4422310756972,29,0,1000000,3000,4
363044,363044,1452176,2677,92,368,631.0,0.0,631.0,707,707,371.44565217391306,15,0,1000000,3000,4
363077,363077,1452308,2678,33,132,249.0,0.0,249.0,312,312,154.1818181818182,7,0,1000000,3000,4
363111,363111,1452444,2679,34,136,237.0,0.0,237.0,300,300,166.41176470588235,7,0,1000000,3000,4
363222,363222,1452888,2680,111,444,733.0,0.0,733.0,813,813,495.36036036036035,17,0,1000000,3000,4
363299,363299,1453196,2681,77,308,604.0,0.0,604.0,677,677,314.0779220779221,14,0,1000000,3000,4
363459,363459,1453836,2682,160,640,794.0,0.0,794.0,882,882,522.71875,18,0,1000000,3000,4
363493,363493,1453972,2683,34,136,248.0,0.0,248.0,312,312,140.2941176470588,7,0,1000000,3000,4
363537,363537,1454148,2684,44,176,225.0,0.0,225.0,291,291,161.5,6,0,1000000,3000,4
363619,363619,1454476,2685,82,328,608.0,0.0,608.0,682,682,341.3536585365854,14,0,1000000,3000,4
363653,363653,1454612,2686,34,136,248.0,0.0,248.0,312,312,149.08823529411765,7,0,1000000,3000,4
363903,363903,1455612,2687,250,1000,1673.0,0.0,1673.0,1780,1780,858.816,36,0,1000000,3000,4
363986,363986,1455944,2688,83,332,605.0,0.0,605.0,678,678,330.27710843373495,14,0,1000000,3000,4
364210,364210,1456840,2689,224,896,1317.0,0.0,1317.0,1418,1418,731.5625,29,0,1000000,3000,4
364283,364283,1457132,2690,73,292,610.0,0.0,610.0,681,681,341.3835616438356,14,0,1000000,3000,4
364326,364326,1457304,2691,43,172,224.0,0.0,224.0,290,290,160.02325581395348,6,0,1000000,3000,4
364434,364434,1457736,2692,108,432,621.0,0.0,621.0,700,700,389.1388888888889,15,0,1000000,3000,4
364583,364583,1458332,2693,149,596,1040.0,0.0,1040.0,1124,1124,571.0805369127517,23,0,1000000,3000,4
364615,364615,1458460,2694,32,128,251.0,0.0,251.0,315,315,152.6875,7,0,1000000,3000,4
364647,364647,1458588,2695,32,128,247.0,0.0,247.0,311,311,149.71875,7,0,1000000,3000,4
364732,364732,1458928,2696,85,340,621.0,0.0,621.0,694,694,363.3058823529412,14,0,1000000,3000,4
364767,364767,1459068,2697,35,140,238.0,0.0,238.0,302,302,168.82857142857142,7,0,1000000,3000,4
364842,364842,1459368,2698,75,300,620.0,0.0,620.0,692,692,331.29333333333335,14,0,1000000,3000,4
364887,364887,1459548,2699,45,180,238.0,0.0,238.0,304,304,140.82222222222222,7,0,1000000,3000,4
364922,364922,1459688,2700,35,140,237.0,0.0,237.0,300,300,165.57142857142858,7,0,1000000,3000,4
365084,365084,1460336,2701,162,648,811.0,0.0,811.0,898,898,588.3827160493827,18,0,1000000,3000,4
365258,365258,1461032,2702,174,696,1335.0,0.0,1335.0,1427,1427,710.1321839080459,29,0,1000000,3000,4
365421,365421,1461684,2703,163,652,1038.0,0.0,1038.0,1125,1125,621.6196319018405,23,0,1000000,3000,4
365452,365452,1461808,2704,31,124,249.0,0.0,249.0,313,313,154.6451612903226,7,0,1000000,3000,4
365492,365492,1461968,2705,40,160,236.0,0.0,236.0,302,302,156.775,7,0,1000000,3000,4
365597,365597,1462388,2706,105,420,732.0,0.0,732.0,811,811,405.87619047619046,17,0,1000000,3000,4
365696,365696,1462784,2707,99,396,629.0,0.0,629.0,706,706,385.16161616161617,15,0,1000000,3000,4
365728,365728,1462912,2708,32,128,250.0,0.0,250.0,314,314,151.78125,7,0,1000000,3000,4
365763,365763,1463052,2709,35,140,248.0,0.0,248.0,312,312,151.68571428571428,7,0,1000000,3000,4
365966,365966,1463864,2710,203,812,1420.0,0.0,1420.0,1517,1517,702.0147783251232,31,0,1000000,3000,4
366004,366004,1464016,2711,38,152,241.0,0.0,241.0,306,306,151.6578947368421,7,0,1000000,3000,4
366200,366200,1464800,2712,196,784,1341.0,0.0,1341.0,1438,1438,682.6224489795918,29,0,1000000,3000,4
366236,366236,1464944,2713,36,144,245.0,0.0,245.0,310,310,154.08333333333334,7,0,1000000,3000,4
366273,366273,1465092,2714,37,148,232.0,0.0,232.0,297,297,159.72972972972974,6,0,1000000,3000,4
366425,366425,1465700,2715,152,608,747.0,0.0,747.0,834,834,518.7894736842105,17,0,1000000,3000,4
366527,366527,1466108,2716,102,408,631.0,0.0,631.0,707,707,384.12745098039215,15,0,1000000,3000,4
366631,366631,1466524,2717,104,416,607.0,0.0,607.0,685,685,391.1923076923077,14,0,1000000,3000,4
366765,366765,1467060,2718,134,536,1044.0,0.0,1044.0,1125,1125,579.4179104477612,23,0,1000000,3000,4
366859,366859,1467436,2719,94,376,613.0,0.0,613.0,689,689,345.7340425531915,14,0,1000000,3000,4
366889,366889,1467556,2720,30,120,247.0,0.0,247.0,311,311,151.46666666666667,7,0,1000000,3000,4
366929,366929,1467716,2721,40,160,230.0,0.0,230.0,296,296,150.25,6,0,1000000,3000,4
367082,367082,1468328,2722,153,612,1348.0,0.0,1348.0,1436,1436,724.9803921568628,29,0,1000000,3000,4
367111,367111,1468444,2723,29,116,247.0,0.0,247.0,310,310,153.3448275862069,7,0,1000000,3000,4
367294,367294,1469176,2724,183,732,1036.0,0.0,1036.0,1127,1127,631.0273224043716,23,0,1000000,3000,4
367489,367489,1469956,2725,195,780,1420.0,0.0,1420.0,1516,1516,751.5384615384615,31,0,1000000,3000,4
367530,367530,1470120,2726,41,164,226.0,0.0,226.0,291,291,164.97560975609755,6,0,1000000,3000,4
367622,367622,1470488,2727,92,368,608.0,0.0,608.0,684,684,387.4130434782609,14,0,1000000,3000,4
367724,367724,1470896,2728,102,408,607.0,0.0,607.0,684,684,392.7450980392157,14,0,1000000,3000,4
367825,367825,1471300,2729,101,404,617.0,0.0,617.0,694,694,397.4950495049505,14,0,1000000,3000,4
367927,367927,1471708,2730,102,408,601.0,0.0,601.0,677,677,383.22549019607845,14,0,1000000,3000,4
368092,368092,1472368,2731,165,660,810.0,0.0,810.0,898,898,555.5939393939394,18,0,1000000,3000,4
368314,368314,1473256,2732,222,888,1026.0,0.0,1026.0,1126,1126,656.2027027027027,23,0,1000000,3000,4
368461,368461,1473844,2733,147,588,638.0,0.0,638.0,722,723,507.8775510204082,15,0,1000000,3000,4
368643,368643,1474572,2734,182,728,1045.0,0.0,1045.0,1138,1138,635.1153846153846,23,0,1000000,3000,4
368683,368683,1474732,2735,40,160,233.0,0.0,233.0,298,298,155.2,6,0,1000000,3000,4
368875,368875,1475500,2736,192,768,1035.0,0.0,1035.0,1129,1129,621.0208333333334,23,0,1000000,3000,4
368982,368982,1475928,2737,107,428,634.0,0.0,634.0,711,711,372.1682242990654,15,0,1000000,3000,4
369018,369018,1476072,2738,36,144,249.0,0.0,249.0,314,314,141.69444444444446,7,0,1000000,3000,4
369230,369230,1476920,2739,212,848,1028.0,0.0,1028.0,1126,1126,648.2169811320755,23,0,1000000,3000,4
369267,369267,1477068,2740,37,148,239.0,0.0,239.0,304,304,153.7027027027027,7,0,1000000,3000,4
369358,369358,1477432,2741,91,364,634.0,0.0,634.0,710,710,367.9120879120879,15,0,1000000,3000,4
369500,369500,1478000,2742,142,568,639.0,0.0,639.0,722,723,525.2042253521126,15,0,1000000,3000,4
369660,369660,1478640,2743,160,640,745.0,0.0,745.0,834,834,518.49375,17,0,1000000,3000,4
369764,369764,1479056,2744,104,416,630.0,0.0,630.0,707,707,379.9807692307692,15,0,1000000,3000,4
369914,369914,1479656,2745,150,600,638.0,0.0,638.0,722,722,515.4666666666667,15,0,1000000,3000,4
369959,369959,1479836,2746,45,180,223.0,0.0,223.0,290,290,161.42222222222222,6,0,1000000,3000,4
370038,370038,1480152,2747,79,316,621.0,0.0,621.0,693,693,335.50632911392404,14,0,1000000,3000,4
370176,370176,1480704,2748,138,552,745.0,0.0,745.0,829,829,478.45652173913044,17,0,1000000,3000,4
370216,370216,1480864,2749,40,160,237.0,0.0,237.0,302,302,153.55,7,0,1000000,3000,4
370490,370490,1481960,2750,274,1096,1395.0,0.0,1395.0,1505,1505,805.2007299270073,31,0,1000000,3000,4
370534,370534,1482136,2751,44,176,233.0,0.0,233.0,298,298,148.25,6,0,1000000,3000,4
370788,370788,1483152,2752,254,1016,1033.0,0.0,1033.0,1140,1140,634.4448818897638,23,0,1000000,3000,4
371035,371035,1484140,2753,247,988,1034.0,0.0,1034.0,1140,1140,615.4331983805668,23,0,1000000,3000,4
371154,371154,1484616,2754,119,476,587.0,0.0,587.0,666,666,370.88235294117646,14,0,1000000,3000,4
371444,371444,1485776,2755,290,1160,1024.0,0.0,1024.0,1138,1138,733.1,23,0,1000000,3000,4
371486,371486,1485944,2756,42,168,232.0,0.0,232.0,296,296,152.85714285714286,6,0,1000000,3000,4
371605,371605,1486420,2757,119,476,620.0,0.0,620.0,699,699,367.26050420168065,14,0,1000000,3000,4
371654,371654,1486616,2758,49,196,216.0,0.0,216.0,281,281,152.79591836734693,6,0,1000000,3000,4
371800,371800,1487200,2759,146,584,707.0,0.0,707.0,793,793,420.35616438356163,16,0,1000000,3000,4
372143,372143,1488572,2760,343,1372,1296.0,0.0,1296.0,1420,1420,702.6151603498542,29,0,1000000,3000,4
372300,372300,1489200,2761,157,628,636.0,0.0,636.0,722,723,497.4012738853503,15,0,1000000,3000,4
372414,372414,1489656,2762,114,456,616.0,0.0,616.0,695,695,361.140350877193,14,0,1000000,3000,4
372454,372454,1489816,2763,40,160,234.0,0.0,234.0,298,298,161.925,6,0,1000000,3000,4
372495,372495,1489980,2764,41,164,233.0,0.0,233.0,298,298,163.0731707317073,6,0,1000000,3000,4
372741,372741,1490964,2765,246,984,1024.0,0.0,1024.0,1130,1130,683.9186991869918,23,0,1000000,3000,4
372781,372781,1491124,2766,40,160,230.0,0.0,230.0,294,294,160.0,6,0,1000000,3000,4
372891,372891,1491564,2767,110,440,613.0,0.0,613.0,692,692,359.6,14,0,1000000,3000,4
373121,373121,1492484,2768,230,920,1554.0,0.0,1554.0,1655,1655,876.0478260869565,34,0,1000000,3000,4
373160,373160,1492640,2769,39,156,239.0,0.0,239.0,303,303,152.07692307692307,7,0,1000000,3000,4
373316,373316,1493264,2770,156,624,636.0,0.0,636.0,722,723,506.60897435897436,15,0,1000000,3000,4
373358,373358,1493432,2771,42,168,236.0,0.0,236.0,301,301,155.38095238095238,7,0,1000000,3000,4
373400,373400,1493600,2772,42,168,222.0,0.0,222.0,287,287,173.38095238095238,6,0,1000000,3000,4
373519,373519,1494076,2773,119,476,620.0,0.0,620.0,701,701,365.73949579831935,15,0,1000000,3000,4
373558,373558,1494232,2774,39,156,239.0,0.0,239.0,303,303,155.53846153846155,7,0,1000000,3000,4
373600,373600,1494400,2775,42,168,236.0,0.0,236.0,302,302,155.1904761904762,7,0,1000000,3000,4
373707,373707,1494828,2776,107,428,613.0,0.0,613.0,691,691,387.50467289719626,14,0,1000000,3000,4
373824,373824,1495296,2777,117,468,606.0,0.0,606.0,686,686,378.8034188034188,14,0,1000000,3000,4
374192,374192,1496768,2778,368,1472,711.0,0.0,711.0,841,841,611.6304347826087,17,0,1000000,3000,4
374231,374231,1496924,2779,39,156,237.0,0.0,237.0,301,301,153.48717948717947,7,0,1000000,3000,4
374272,374272,1497088,2780,41,164,232.0,0.0,232.0,297,297,156.09756097560975,6,0,1000000,3000,4
374310,374310,1497240,2781,38,152,234.0,0.0,234.0,298,298,163.07894736842104,6,0,1000000,3000,4
374534,374534,1498136,2782,224,896,1026.0,0.0,1026.0,1126,1126,628.8839285714286,23,0,1000000,3000,4
374802,374802,1499208,2783,268,1072,1029.0,0.0,1029.0,1139,1139,652.2537313432836,23,0,1000000,3000,4
374903,374903,1499612,2784,101,404,612.0,0.0,612.0,690,690,365.53465346534654,14,0,1000000,3000,4
374943,374943,1499772,2785,40,160,233.0,0.0,233.0,299,299,160.625,6,0,1000000,3000,4
374983,374983,1499932,2786,40,160,231.0,0.0,231.0,296,296,159.95,6,0,1000000,3000,4
375069,375069,1500276,2787,86,344,631.0,0.0,631.0,705,705,353.80232558139534,15,0,1000000,3000,4
375110,375110,1500440,2788,41,164,233.0,0.0,233.0,298,298,162.8780487804878,6,0,1000000,3000,4
375151,375151,1500604,2789,41,164,231.0,0.0,231.0,296,296,161.3170731707317,6,0,1000000,3000,4
375354,375354,1501416,2790,203,812,803.0,0.0,803.0,898,898,555.9211822660099,18,0,1000000,3000,4
375398,375398,1501592,2791,44,176,220.0,0.0,220.0,285,285,166.22727272727272,6,0,1000000,3000,4
375636,375636,1502544,2792,238,952,1034.0,0.0,1034.0,1138,1138,638.1050420168067,23,0,1000000,3000,4
375743,375743,1502972,2793,107,428,618.0,0.0,618.0,695,695,375.01869158878503,14,0,1000000,3000,4
375787,375787,1503148,2794,44,176,233.0,0.0,233.0,298,298,155.04545454545453,6,0,1000000,3000,4
375893,375893,1503572,2795,106,424,606.0,0.0,606.0,684,684,372.08490566037733,14,0,1000000,3000,4
376189,376189,1504756,2796,296,1184,1674.0,0.0,1674.0,1791,1791,878.9391891891892,36,0,1000000,3000,4
376282,376282,1505128,2797,93,372,627.0,0.0,627.0,702,702,365.83870967741933,15,0,1000000,3000,4
376546,376546,1506184,2798,264,1056,1030.0,0.0,1030.0,1138,1138,661.8295454545455,23,0,1000000,3000,4
376744,376744,1506976,2799,198,792,1031.0,0.0,1031.0,1125,1125,638.9747474747475,23,0,1000000,3000,4
376912,376912,1507648,2800,168,672,634.0,0.0,634.0,722,722,481.4642857142857,15,0,1000000,3000,4
377169,377169,1508676,2801,257,1028,1302.0,0.0,1302.0,1409,1409,718.8949416342413,29,0,1000000,3000,4
377325,377325,1509300,2802,156,624,733.0,0.0,733.0,821,821,480.1602564102564,17,0,1000000,3000,4
377366,377366,1509464,2803,41,164,231.0,0.0,231.0,296,296,161.21951219512195,6,0,1000000,3000,4
377528,377528,1510112,2804,162,648,635.0,0.0,635.0,722,722,493.9691358024691,15,0,1000000,3000,4
377639,377639,1510556,2805,111,444,605.0,0.0,605.0,684,684,382.18918918918916,14,0,1000000,3000,4
377749,377749,1510996,2806,110,440,613.0,0.0,613.0,691,691,370.90909090909093,14,0,1000000,3000,4
378189,378189,1512756,2807,440,1760,1281.0,0.0,1281.0,1425,1425,786.5681818181819,29,0,1000000,3000,4
378385,378385,1513540,2808,196,784,1042.0,0.0,1042.0,1138,1138,588.1071428571429,23,0,1000000,3000,4
378489,378489,1513956,2809,104,416,625.0,0.0,625.0,703,703,380.34615384615387,15,0,1000000,3000,4
378778,378778,1515112,2810,289,1156,1672.0,0.0,1672.0,1786,1786,856.4221453287197,36,0,1000000,3000,4
379058,379058,1516232,2811,280,1120,1310.0,0.0,1310.0,1421,1421,734.2714285714286,29,0,1000000,3000,4
379150,379150,1516600,2812,92,368,633.0,0.0,633.0,708,708,365.45652173913044,15,0,1000000,3000,4
379386,379386,1517544,2813,236,944,1301.0,0.0,1301.0,1405,1405,683.3262711864406,29,0,1000000,3000,4
379627,379627,1518508,2814,241,964,1324.0,0.0,1324.0,1430,1430,706.2489626556016,29,0,1000000,3000,4
379863,379863,1519452,2815,236,944,1307.0,0.0,1307.0,1411,1411,723.9152542372881,29,0,1000000,3000,4
380194,380194,1520776,2816,331,1324,1015.0,0.0,1015.0,1138,1138,712.6283987915408,23,0,1000000,3000,4
380303,380303,1521212,2817,109,436,609.0,0.0,609.0,687,687,371.64220183486236,14,0,1000000,3000,4
380472,380472,1521888,2818,169,676,765.0,0.0,765.0,855,855,526.5917159763313,18,0,1000000,3000,4
380609,380609,1522436,2819,137,548,716.0,0.0,716.0,800,800,451.1678832116788,17,0,1000000,3000,4
380866,380866,1523464,2820,257,1028,1293.0,0.0,1293.0,1401,1401,709.1050583657587,29,0,1000000,3000,4
380906,380906,1523624,2821,40,160,230.0,0.0,230.0,295,295,160.5,6,0,1000000,3000,4
381297,381297,1525188,2822,391,1564,1377.0,0.0,1377.0,1512,1512,824.5089514066497,31,0,1000000,3000,4
381337,381337,1525348,2823,40,160,233.0,0.0,233.0,298,298,163.025,6,0,1000000,3000,4
381377,381377,1525508,2824,40,160,231.0,0.0,231.0,296,296,160.55,6,0,1000000,3000,4
381476,381476,1525904,2825,99,396,605.0,0.0,605.0,682,682,332.45454545454544,14,0,1000000,3000,4
381522,381522,1526088,2826,46,184,217.0,0.0,217.0,283,283,167.65217391304347,6,0,1000000,3000,4
381734,381734,1526936,2827,212,848,1130.0,0.0,1130.0,1229,1229,651.8537735849056,25,0,1000000,3000,4
381891,381891,1527564,2828,157,628,812.0,0.0,812.0,898,899,576.8980891719746,18,0,1000000,3000,4
381978,381978,1527912,2829,87,348,630.0,0.0,630.0,705,705,364.8735632183908,15,0,1000000,3000,4
382012,382012,1528048,2830,34,136,235.0,0.0,235.0,299,299,165.94117647058823,6,0,1000000,3000,4
382121,382121,1528484,2831,109,436,604.0,0.0,604.0,683,683,382.4678899082569,14,0,1000000,3000,4
382200,382200,1528800,2832,79,316,615.0,0.0,615.0,687,687,343.9493670886076,14,0,1000000,3000,4
382236,382236,1528944,2833,36,144,238.0,0.0,238.0,303,303,155.19444444444446,7,0,1000000,3000,4
382573,382573,1530292,2834,337,1348,1835.0,0.0,1835.0,1960,1960,932.5578635014837,40,0,1000000,3000,4
382795,382795,1531180,2835,222,888,1161.0,0.0,1161.0,1262,1262,664.563063063063,26,0,1000000,3000,4
382830,382830,1531320,2836,35,140,245.0,0.0,245.0,308,308,157.62857142857143,7,0,1000000,3000,4
382994,382994,1531976,2837,164,656,635.0,0.0,635.0,722,723,483.8719512195122,15,0,1000000,3000,4
383038,383038,1532152,2838,44,176,222.0,0.0,222.0,288,288,162.75,6,0,1000000,3000,4
383079,383079,1532316,2839,41,164,233.0,0.0,233.0,298,298,153.26829268292684,6,0,1000000,3000,4
383226,383226,1532904,2840,147,588,756.0,0.0,756.0,842,842,496.21768707482994,17,0,1000000,3000,4
383404,383404,1533616,2841,178,712,1318.0,0.0,1318.0,1410,1410,705.7247191011236,29,0,1000000,3000,4
383499,383499,1533996,2842,95,380,636.0,0.0,636.0,712,712,378.9789473684211,15,0,1000000,3000,4
383538,383538,1534152,2843,39,156,234.0,0.0,234.0,297,297,158.7948717948718,6,0,1000000,3000,4
383608,383608,1534432,2844,70,280,619.0,0.0,619.0,691,691,345.5857142857143,14,0,1000000,3000,4
383730,383730,1534920,2845,122,488,597.0,0.0,597.0,679,679,389.6475409836066,14,0,1000000,3000,4
383769,383769,1535076,2846,39,156,232.0,0.0,232.0,296,296,159.71794871794873,6,0,1000000,3000,4
383802,383802,1535208,2847,33,132,243.0,0.0,243.0,306,306,161.24242424242425,7,0,1000000,3000,4
383991,383991,1535964,2848,189,756,1045.0,0.0,1045.0,1138,1138,660.0846560846561,23,0,1000000,3000,4
384161,384161,1536644,2849,170,680,1049.0,0.0,1049.0,1139,1139,589.0294117647059,23,0,1000000,3000,4
384417,384417,1537668,2850,256,1024,1405.0,0.0,1405.0,1513,1513,727.51171875,31,0,1000000,3000,4
384456,384456,1537824,2851,39,156,233.0,0.0,233.0,298,298,157.48717948717947,6,0,1000000,3000,4
384618,384618,1538472,2852,162,648,1044.0,0.0,1044.0,1133,1133,606.641975308642,23,0,1000000,3000,4
384729,384729,1538916,2853,111,444,586.0,0.0,586.0,665,665,396.72072072072075,14,0,1000000,3000,4
384974,384974,1539896,2854,245,980,1022.0,0.0,1022.0,1126,1126,624.6081632653061,23,0,1000000,3000,4
385065,385065,1540260,2855,91,364,637.0,0.0,637.0,712,712,364.84615384615387,15,0,1000000,3000,4
385105,385105,1540420,2856,40,160,228.0,0.0,228.0,292,292,168.425,6,0,1000000,3000,4
385338,385338,1541352,2857,233,932,1684.0,0.0,1684.0,1788,1788,878.2961373390558,36,0,1000000,3000,4
385531,385531,1542124,2858,193,772,1034.0,0.0,1034.0,1128,1128,611.2020725388601,23,0,1000000,3000,4
385692,385692,1542768,2859,161,644,1038.0,0.0,1038.0,1126,1126,600.1242236024844,23,0,1000000,3000,4
385738,385738,1542952,2860,46,184,223.0,0.0,223.0,290,290,156.91304347826087,6,0,1000000,3000,4
385877,385877,1543508,2861,139,556,777.0,0.0,777.0,862,862,522.4172661870504,18,0,1000000,3000,4
385922,385922,1543688,2862,45,180,222.0,0.0,222.0,287,287,162.7111111111111,6,0,1000000,3000,4
386027,386027,1544108,2863,105,420,625.0,0.0,625.0,703,703,386.46666666666664,15,0,1000000,3000,4
386196,386196,1544784,2864,169,676,810.0,0.0,810.0,898,898,576.2781065088758,18,0,1000000,3000,4
386329,386329,1545316,2865,133,532,609.0,0.0,609.0,692,692,361.8721804511278,14,0,1000000,3000,4
386469,386469,1545876,2866,140,560,771.0,0.0,771.0,856,856,505.9714285714286,18,0,1000000,3000,4
386675,386675,1546700,2867,206,824,1031.0,0.0,1031.0,1128,1128,568.8689320388349,23,0,1000000,3000,4
386869,386869,1547476,2868,194,776,1032.0,0.0,1032.0,1125,1125,670.5360824742268,23,0,1000000,3000,4
386907,386907,1547628,2869,38,152,247.0,0.0,247.0,312,312,141.57894736842104,7,0,1000000,3000,4
386959,386959,1547836,2870,52,208,223.0,0.0,223.0,290,290,147.73076923076923,6,0,1000000,3000,4
387256,387256,1549024,2871,297,1188,1316.0,0.0,1316.0,1433,1433,688.3400673400673,29,0,1000000,3000,4
387358,387358,1549432,2872,102,408,617.0,0.0,617.0,695,695,348.80392156862746,14,0,1000000,3000,4
387552,387552,1550208,2873,194,776,755.0,0.0,755.0,851,851,530.2216494845361,18,0,1000000,3000,4
387589,387589,1550356,2874,37,148,239.0,0.0,239.0,304,304,157.56756756756758,7,0,1000000,3000,4
387688,387688,1550752,2875,99,396,602.0,0.0,602.0,678,678,393.6868686868687,14,0,1000000,3000,4
387918,387918,1551672,2876,230,920,1311.0,0.0,1311.0,1414,1414,718.4826086956522,29,0,1000000,3000,4
388007,388007,1552028,2877,89,356,650.0,0.0,650.0,722,722,353.17977528089887,15,0,1000000,3000,4
388191,388191,1552764,2878,184,736,1342.0,0.0,1342.0,1436,1436,731.3315217391304,29,0,1000000,3000,4
388230,388230,1552920,2879,39,156,242.0,0.0,242.0,307,307,145.15384615384616,7,0,1000000,3000,4
388273,388273,1553092,2880,43,172,226.0,0.0,226.0,291,291,162.8372093023256,6,0,1000000,3000,4
388440,388440,1553760,2881,167,668,1040.0,0.0,1040.0,1129,1129,646.7125748502993,23,0,1000000,3000,4
388619,388619,1554476,2882,179,716,724.0,0.0,724.0,817,817,568.3016759776536,17,0,1000000,3000,4
388916,388916,1555664,2883,297,1188,1667.0,0.0,1667.0,1784,1784,873.6296296296297,36,0,1000000,3000,4
389081,389081,1556324,2884,165,660,1039.0,0.0,1039.0,1127,1127,552.369696969697,23,0,1000000,3000,4
389172,389172,1556688,2885,91,364,615.0,0.0,615.0,690,690,378.64835164835165,14,0,1000000,3000,4
389265,389265,1557060,2886,93,372,632.0,0.0,632.0,706,706,350.2043010752688,15,0,1000000,3000,4
389303,389303,1557212,2887,38,152,235.0,0.0,235.0,300,300,152.73684210526315,7,0,1000000,3000,4
389406,389406,1557624,2888,103,412,629.0,0.0,629.0,707,707,356.1747572815534,15,0,1000000,3000,4
389440,389440,1557760,2889,34,136,243.0,0.0,243.0,306,306,157.91176470588235,7,0,1000000,3000,4
389547,389547,1558188,2890,107,428,617.0,0.0,617.0,696,696,385.01869158878503,14,0,1000000,3000,4
389615,389615,1558460,2891,68,272,615.0,0.0,615.0,686,686,340.8382352941176,14,0,1000000,3000,4
389853,389853,1559412,2892,238,952,1136.0,0.0,1136.0,1241,1241,708.8949579831933,25,0,1000000,3000,4
390000,390000,1560000,2893,147,588,1041.0,0.0,1041.0,1125,1125,543.0544217687075,23,0,1000000,3000,4
390076,390076,1560304,2894,76,304,632.0,0.0,632.0,704,704,393.5394736842105,15,0,1000000,3000,4
390303,390303,1561212,2895,227,908,1037.0,0.0,1037.0,1138,1138,703.1101321585903,23,0,1000000,3000,4
390352,390352,1561408,2896,49,196,207.0,0.0,207.0,273,273,168.20408163265307,6,0,1000000,3000,4
390389,390389,1561556,2897,37,148,229.0,0.0,229.0,293,293,164.05405405405406,6,0,1000000,3000,4
390622,390622,1562488,2898,233,932,1024.0,0.0,1024.0,1126,1126,677.5407725321888,23,0,1000000,3000,4
390843,390843,1563372,2899,221,884,1037.0,0.0,1037.0,1138,1138,589.2036199095022,23,0,1000000,3000,4
391099,391099,1564396,2900,256,1024,1120.0,0.0,1120.0,1228,1228,644.4765625,25,0,1000000,3000,4
391147,391147,1564588,2901,48,192,225.0,0.0,225.0,290,290,151.14583333333334,6,0,1000000,3000,4
391412,391412,1565648,2902,265,1060,1291.0,0.0,1291.0,1401,1401,703.4679245283019,29,0,1000000,3000,4
391466,391466,1565864,2903,54,216,204.0,0.0,204.0,270,270,156.7962962962963,6,0,1000000,3000,4
391664,391664,1566656,2904,198,792,804.0,0.0,804.0,898,899,539.6414141414141,18,0,1000000,3000,4
391710,391710,1566840,2905,46,184,227.0,0.0,227.0,293,293,153.65217391304347,6,0,1000000,3000,4
391763,391763,1567052,2906,53,212,231.0,0.0,231.0,298,298,129.03773584905662,6,0,1000000,3000,4
391886,391886,1567544,2907,123,492,609.0,0.0,609.0,690,690,340.0081300813008,14,0,1000000,3000,4
392034,392034,1568136,2908,148,592,607.0,0.0,607.0,692,692,348.9864864864865,14,0,1000000,3000,4
392158,392158,1568632,2909,124,496,605.0,0.0,605.0,686,686,379.38709677419354,14,0,1000000,3000,4
392423,392423,1569692,2910,265,1060,1020.0,0.0,1020.0,1129,1129,679.1018867924528,23,0,1000000,3000,4
392715,392715,1570860,2911,292,1168,1315.0,0.0,1315.0,1431,1431,742.6609589041096,29,0,1000000,3000,4
392929,392929,1571716,2912,214,856,1036.0,0.0,1036.0,1135,1135,642.0747663551402,23,0,1000000,3000,4
393052,393052,1572208,2913,123,492,622.0,0.0,622.0,703,703,344.4878048780488,15,0,1000000,3000,4
393244,393244,1572976,2914,192,768,752.0,0.0,752.0,847,847,507.7291666666667,17,0,1000000,3000,4
393461,393461,1573844,2915,217,868,1042.0,0.0,1042.0,1142,1142,604.9723502304147,23,0,1000000,3000,4
393575,393575,1574300,2916,114,456,613.0,0.0,613.0,692,692,365.17543859649123,14,0,1000000,3000,4
393615,393615,1574460,2917,40,160,233.0,0.0,233.0,297,297,155.875,6,0,1000000,3000,4
393676,393676,1574704,2918,61,244,199.0,0.0,199.0,268,268,153.1639344262295,6,0,1000000,3000,4
393839,393839,1575356,2919,163,652,713.0,0.0,713.0,802,802,460.49693251533745,17,0,1000000,3000,4
393966,393966,1575864,2920,127,508,591.0,0.0,591.0,673,673,376.01574803149606,14,0,1000000,3000,4
394189,394189,1576756,2921,223,892,1034.0,0.0,1034.0,1135,1135,622.0089686098655,23,0,1000000,3000,4
394232,394232,1576928,2922,43,172,230.0,0.0,230.0,295,295,153.72093023255815,6,0,1000000,3000,4
394352,394352,1577408,2923,120,480,607.0,0.0,607.0,687,687,345.75,14,0,1000000,3000,4
394448,394448,1577792,2924,96,384,624.0,0.0,624.0,700,700,344.8229166666667,15,0,1000000,3000,4
394704,394704,1578816,2925,256,1024,1016.0,0.0,1016.0,1123,1123,608.87109375,23,0,1000000,3000,4
394809,394809,1579236,2926,105,420,627.0,0.0,627.0,704,704,359.9714285714286,15,0,1000000,3000,4
394847,394847,1579388,2927,38,152,240.0,0.0,240.0,304,304,156.07894736842104,7,0,1000000,3000,4
395087,395087,1580348,2928,240,960,1309.0,0.0,1309.0,1412,1412,751.8541666666666,29,0,1000000,3000,4
395199,395199,1580796,2929,112,448,619.0,0.0,619.0,697,697,372.92857142857144,14,0,1000000,3000,4
395237,395237,1580948,2930,38,152,235.0,0.0,235.0,299,299,162.47368421052633,6,0,1000000,3000,4
395343,395343,1581372,2931,106,424,611.0,0.0,611.0,688,688,373.97169811320754,14,0,1000000,3000,4
395388,395388,1581552,2932,45,180,231.0,0.0,231.0,297,297,148.77777777777777,6,0,1000000,3000,4
395652,395652,1582608,2933,264,1056,1026.0,0.0,1026.0,1135,1135,627.405303030303,23,0,1000000,3000,4
395751,395751,1583004,2934,99,396,626.0,0.0,626.0,702,702,348.5151515151515,15,0,1000000,3000,4
395998,395998,1583992,2935,247,988,1020.0,0.0,1020.0,1124,1124,637.4615384615385,23,0,1000000,3000,4
396124,396124,1584496,2936,126,504,583.0,0.0,583.0,665,665,384.74603174603175,14,0,1000000,3000,4
396234,396234,1584936,2937,110,440,605.0,0.0,605.0,684,684,372.3727272727273,14,0,1000000,3000,4
396290,396290,1585160,2938,56,224,217.0,0.0,217.0,285,285,136.66071428571428,6,0,1000000,3000,4
396425,396425,1585700,2939,135,540,602.0,0.0,602.0,686,686,361.24444444444447,14,0,1000000,3000,4
396621,396621,1586484,2940,196,784,1319.0,0.0,1319.0,1413,1413,750.9030612244898,29,0,1000000,3000,4
396667,396667,1586668,2941,46,184,242.0,0.0,242.0,309,309,129.8913043478261,7,0,1000000,3000,4
396838,396838,1587352,2942,171,684,1041.0,0.0,1041.0,1132,1132,533.0994152046784,23,0,1000000,3000,4
397052,397052,1588208,2943,214,856,1312.0,0.0,1312.0,1411,1411,699.0607476635514,29,0,1000000,3000,4
397174,397174,1588696,2944,122,488,582.0,0.0,582.0,663,663,376.90983606557376,14,0,1000000,3000,4
397222,397222,1588888,2945,48,192,217.0,0.0,217.0,283,283,147.89583333333334,6,0,1000000,3000,4
397384,397384,1589536,2946,162,648,570.0,0.0,570.0,659,659,393.0308641975309,14,0,1000000,3000,4
397432,397432,1589728,2947,48,192,223.0,0.0,223.0,289,289,150.64583333333334,6,0,1000000,3000,4
397480,397480,1589920,2948,48,192,228.0,0.0,228.0,294,294,146.47916666666666,6,0,1000000,3000,4
397674,397674,1590696,2949,194,776,702.0,0.0,702.0,797,797,409.07216494845363,16,0,1000000,3000,4
397721,397721,1590884,2950,47,188,220.0,0.0,220.0,286,286,158.12765957446808,6,0,1000000,3000,4
398032,398032,1592128,2951,311,1244,1290.0,0.0,1290.0,1409,1409,691.3022508038586,29,0,1000000,3000,4
398274,398274,1593096,2952,242,968,1306.0,0.0,1306.0,1410,1410,641.2561983471074,29,0,1000000,3000,4
398362,398362,1593448,2953,88,352,608.0,0.0,608.0,683,683,301.85227272727275,14,0,1000000,3000,4
398592,398592,1594368,2954,230,920,1023.0,0.0,1023.0,1125,1125,689.6913043478261,23,0,1000000,3000,4
398662,398662,1594648,2955,70,280,603.0,0.0,603.0,675,675,319.7,14,0,1000000,3000,4
398693,398693,1594772,2956,31,124,247.0,0.0,247.0,311,311,153.09677419354838,7,0,1000000,3000,4
398728,398728,1594912,2957,35,140,236.0,0.0,236.0,300,300,165.77142857142857,7,0,1000000,3000,4
398830,398830,1595320,2958,102,408,613.0,0.0,613.0,691,691,361.6470588235294,14,0,1000000,3000,4
399212,399212,1596848,2959,382,1528,991.0,0.0,991.0,1122,1124,727.369109947644,23,0,1000000,3000,4
399336,399336,1597344,2960,124,496,594.0,0.0,594.0,675,675,362.5403225806452,14,0,1000000,3000,4
399393,399393,1597572,2961,57,228,192.0,0.0,192.0,260,260,162.52631578947367,6,0,1000000,3000,4
399567,399567,1598268,2962,174,696,633.0,0.0,633.0,722,722,450.4080459770115,15,0,1000000,3000,4
399823,399823,1599292,2963,256,1024,1413.0,0.0,1413.0,1521,1521,738.84375,31,0,1000000,3000,4
399852,399852,1599408,2964,29,116,248.0,0.0,248.0,311,311,154.0344827586207,7,0,1000000,3000,4
400057,400057,1600228,2965,205,820,803.0,0.0,803.0,898,898,602.6292682926829,18,0,1000000,3000,4
400151,400151,1600604,2966,94,376,608.0,0.0,608.0,683,683,380.40425531914894,14,0,1000000,3000,4
400270,400270,1601080,2967,119,476,605.0,0.0,605.0,685,685,370.85714285714283,14,0,1000000,3000,4
400311,400311,1601244,2968,41,164,231.0,0.0,231.0,296,296,163.65853658536585,6,0,1000000,3000,4
400583,400583,1602332,2969,272,1088,1679.0,0.0,1679.0,1790,1790,835.75,36,0,1000000,3000,4
400626,400626,1602504,2970,43,172,232.0,0.0,232.0,297,297,157.72093023255815,6,0,1000000,3000,4
400661,400661,1602644,2971,35,140,236.0,0.0,236.0,299,299,165.05714285714285,6,0,1000000,3000,4
400747,400747,1602988,2972,86,344,602.0,0.0,602.0,677,677,319.0232558139535,14,0,1000000,3000,4
400787,400787,1603148,2973,40,160,239.0,0.0,239.0,305,305,143.575,7,0,1000000,3000,4
400897,400897,1603588,2974,110,440,622.0,0.0,622.0,701,701,314.3727272727273,15,0,1000000,3000,4
401117,401117,1604468,2975,220,880,1028.0,0.0,1028.0,1126,1126,587.1818181818181,23,0,1000000,3000,4
401149,401149,1604596,2976,32,128,247.0,0.0,247.0,311,311,151.9375,7,0,1000000,3000,4
401384,401384,1605536,2977,235,940,1314.0,0.0,1314.0,1418,1418,724.2553191489362,29,0,1000000,3000,4
401533,401533,1606132,2978,149,596,1046.0,0.0,1046.0,1132,1132,587.993288590604,23,0,1000000,3000,4
401568,401568,1606272,2979,35,140,251.0,0.0,251.0,314,314,147.54285714285714,7,0,1000000,3000,4
401663,401663,1606652,2980,95,380,617.0,0.0,617.0,693,693,381.06315789473683,14,0,1000000,3000,4
401788,401788,1607152,2981,125,500,594.0,0.0,594.0,675,675,381.112,14,0,1000000,3000,4
401946,401946,1607784,2982,158,632,636.0,0.0,636.0,722,722,467.8101265822785,15,0,1000000,3000,4
402325,402325,1609300,2983,379,1516,1293.0,0.0,1293.0,1425,1425,726.4300791556728,29,0,1000000,3000,4
402543,402543,1610172,2984,218,872,1035.0,0.0,1035.0,1134,1134,624.8348623853211,23,0,1000000,3000,4
402657,402657,1610628,2985,114,456,587.0,0.0,587.0,666,666,386.32456140350877,14,0,1000000,3000,4
402790,402790,1611160,2986,133,532,714.0,0.0,714.0,797,797,466.6616541353383,16,0,1000000,3000,4
402832,402832,1611328,2987,42,168,230.0,0.0,230.0,294,294,157.3095238095238,6,0,1000000,3000,4
403135,403135,1612540,2988,303,1212,1020.0,0.0,1020.0,1137,1137,626.1419141914191,23,0,1000000,3000,4
403363,403363,1613452,2989,228,912,1025.0,0.0,1025.0,1126,1126,545.0657894736842,23,0,1000000,3000,4
403417,403417,1613668,2990,54,216,228.0,0.0,228.0,295,295,133.92592592592592,6,0,1000000,3000,4
403659,403659,1614636,2991,242,968,1034.0,0.0,1034.0,1139,1139,566.9793388429752,23,0,1000000,3000,4
403862,403862,1615448,2992,203,812,1034.0,0.0,1034.0,1130,1130,536.8423645320197,23,0,1000000,3000,4
403985,403985,1615940,2993,123,492,610.0,0.0,610.0,691,691,339.4878048780488,14,0,1000000,3000,4
404177,404177,1616708,2994,192,768,1039.0,0.0,1039.0,1134,1134,651.421875,23,0,1000000,3000,4
404223,404223,1616892,2995,46,184,227.0,0.0,227.0,293,293,146.5,6,0,1000000,3000,4
404265,404265,1617060,2996,42,168,231.0,0.0,231.0,296,296,159.21428571428572,6,0,1000000,3000,4
404639,404639,1618556,2997,374,1496,1280.0,0.0,1280.0,1410,1410,718.1176470588235,29,0,1000000,3000,4
404751,404751,1619004,2998,112,448,597.0,0.0,597.0,676,676,386.70535714285717,14,0,1000000,3000,4
404922,404922,1619688,2999,171,684,1148.0,0.0,1148.0,1239,1239,606.187134502924,25,0,1000000,3000,4
405089,405089,1620356,3000,167,668,810.0,0.0,810.0,898,899,563.0179640718563,18,0,1000000,3000,4
405130,405130,1620520,3001,41,164,232.0,0.0,232.0,297,297,158.78048780487805,6,0,1000000,3000,4
405215,405215,1620860,3002,85,340,609.0,0.0,609.0,682,682,330.2705882352941,14,0,1000000,3000,4
405440,405440,1621760,3003,225,900,1035.0,0.0,1035.0,1136,1136,659.0444444444445,23,0,1000000,3000,4
405543,405543,1622172,3004,103,412,612.0,0.0,612.0,689,689,369.4466019417476,14,0,1000000,3000,4
405584,405584,1622336,3005,41,164,222.0,0.0,222.0,287,287,173.6341463414634,6,0,1000000,3000,4
405802,405802,1623208,3006,218,872,1033.0,0.0,1033.0,1133,1133,588.6559633027523,23,0,1000000,3000,4
406086,406086,1624344,3007,284,1136,748.0,0.0,748.0,861,861,578.4119718309859,18,0,1000000,3000,4
406198,406198,1624792,3008,112,448,624.0,0.0,624.0,704,704,360.94642857142856,15,0,1000000,3000,4
406239,406239,1624956,3009,41,164,231.0,0.0,231.0,295,295,160.02439024390245,6,0,1000000,3000,4
406283,406283,1625132,3010,44,176,231.0,0.0,231.0,295,295,154.4318181818182,6,0,1000000,3000,4
406533,406533,1626132,3011,250,1000,1303.0,0.0,1303.0,1409,1409,717.72,29,0,1000000,3000,4
406620,406620,1626480,3012,87,348,621.0,0.0,621.0,695,695,333.8045977011494,14,0,1000000,3000,4
406719,406719,1626876,3013,99,396,615.0,0.0,615.0,692,692,346.42424242424244,14,0,1000000,3000,4
406981,406981,1627924,3014,262,1048,1555.0,0.0,1555.0,1664,1664,829.5725190839695,34,0,1000000,3000,4
407014,407014,1628056,3015,33,132,251.0,0.0,251.0,314,314,146.1818181818182,7,0,1000000,3000,4
407050,407050,1628200,3016,36,144,249.0,0.0,249.0,314,314,146.08333333333334,7,0,1000000,3000,4
407215,407215,1628860,3017,165,660,1039.0,0.0,1039.0,1127,1127,625.3030303030303,23,0,1000000,3000,4
407310,407310,1629240,3018,95,380,615.0,0.0,615.0,692,692,335.85263157894735,14,0,1000000,3000,4
407410,407410,1629640,3019,100,400,625.0,0.0,625.0,702,702,366.84,15,0,1000000,3000,4
407455,407455,1629820,3020,45,180,225.0,0.0,225.0,290,290,157.84444444444443,6,0,1000000,3000,4
407691,407691,1630764,3021,236,944,1301.0,0.0,1301.0,1405,1405,741.5974576271186,29,0,1000000,3000,4
407762,407762,1631048,3022,71,284,610.0,0.0,610.0,682,682,356.46478873239437,14,0,1000000,3000,4
407875,407875,1631500,3023,113,452,626.0,0.0,626.0,706,706,363.0619469026549,15,0,1000000,3000,4
408058,408058,1632232,3024,183,732,1038.0,0.0,1038.0,1130,1130,618.5355191256831,23,0,1000000,3000,4
408234,408234,1632936,3025,176,704,1039.0,0.0,1039.0,1131,1131,618.8125,23,0,1000000,3000,4
408330,408330,1633320,3026,96,384,632.0,0.0,632.0,709,709,364.0208333333333,15,0,1000000,3000,4
408363,408363,1633452,3027,33,132,241.0,0.0,241.0,304,304,162.12121212121212,7,0,1000000,3000,4
408549,408549,1634196,3028,186,744,1036.0,0.0,1036.0,1129,1129,616.736559139785,23,0,1000000,3000,4
408586,408586,1634344,3029,37,148,243.0,0.0,243.0,307,307,152.6216216216216,7,0,1000000,3000,4
408719,408719,1634876,3030,133,532,1044.0,0.0,1044.0,1126,1126,615.1052631578947,23,0,1000000,3000,4
408808,408808,1635232,3031,89,356,634.0,0.0,634.0,708,708,380.8314606741573,15,0,1000000,3000,4
408852,408852,1635408,3032,44,176,225.0,0.0,225.0,291,291,160.77272727272728,6,0,1000000,3000,4
408891,408891,1635564,3033,39,156,238.0,0.0,238.0,303,303,150.05128205128204,7,0,1000000,3000,4
408927,408927,1635708,3034,36,144,238.0,0.0,238.0,303,303,150.83333333333334,7,0,1000000,3000,4
409178,409178,1636712,3035,251,1004,1023.0,0.0,1023.0,1129,1129,683.5219123505976,23,0,1000000,3000,4
409367,409367,1637468,3036,189,756,1033.0,0.0,1033.0,1126,1126,628.4867724867725,23,0,1000000,3000,4
409458,409458,1637832,3037,91,364,627.0,0.0,627.0,702,702,339.84615384615387,15,0,1000000,3000,4
409500,409500,1638000,3038,42,168,231.0,0.0,231.0,297,297,156.8095238095238,6,0,1000000,3000,4
409679,409679,1638716,3039,179,716,1319.0,0.0,1319.0,1411,1411,653.4525139664804,29,0,1000000,3000,4
409954,409954,1639816,3040,275,1100,1391.0,0.0,1391.0,1502,1502,794.04,31,0,1000000,3000,4
410091,410091,1640364,3041,137,548,774.0,0.0,774.0,858,858,535.8759124087592,18,0,1000000,3000,4
410248,410248,1640992,3042,157,628,733.0,0.0,733.0,822,822,494.9108280254777,17,0,1000000,3000,4
410365,410365,1641460,3043,117,468,617.0,0.0,617.0,698,698,378.7521367521368,14,0,1000000,3000,4
410550,410550,1642200,3044,185,740,1057.0,0.0,1057.0,1151,1151,570.5027027027027,24,0,1000000,3000,4
410589,410589,1642356,3045,39,156,235.0,0.0,235.0,299,299,166.89743589743588,6,0,1000000,3000,4
410627,410627,1642508,3046,38,152,238.0,0.0,238.0,303,303,155.3684210526316,7,0,1000000,3000,4
410667,410667,1642668,3047,40,160,236.0,0.0,236.0,301,301,155.95,7,0,1000000,3000,4
410753,410753,1643012,3048,86,344,608.0,0.0,608.0,683,683,363.3255813953488,14,0,1000000,3000,4
410843,410843,1643372,3049,90,360,617.0,0.0,617.0,692,692,335.94444444444446,14,0,1000000,3000,4
410872,410872,1643488,3050,29,116,248.0,0.0,248.0,311,311,152.89655172413794,7,0,1000000,3000,4
411073,411073,1644292,3051,201,804,1333.0,0.0,1333.0,1430,1430,756.4129353233831,29,0,1000000,3000,4
411270,411270,1645080,3052,197,788,1330.0,0.0,1330.0,1427,1427,736.756345177665,29,0,1000000,3000,4
411310,411310,1645240,3053,40,160,229.0,0.0,229.0,294,294,162.15,6,0,1000000,3000,4
411484,411484,1645936,3054,174,696,809.0,0.0,809.0,898,899,558.3390804597701,18,0,1000000,3000,4
411653,411653,1646612,3055,169,676,634.0,0.0,634.0,722,722,478.6923076923077,15,0,1000000,3000,4
411698,411698,1646792,3056,45,180,226.0,0.0,226.0,291,291,157.57777777777778,6,0,1000000,3000,4
411734,411734,1646936,3057,36,144,247.0,0.0,247.0,311,311,141.58333333333334,7,0,1000000,3000,4
411995,411995,1647980,3058,261,1044,1295.0,0.0,1295.0,1404,1404,717.3563218390805,29,0,1000000,3000,4
412211,412211,1648844,3059,216,864,1310.0,0.0,1310.0,1410,1410,712.6018518518518,29,0,1000000,3000,4
412299,412299,1649196,3060,88,352,611.0,0.0,611.0,685,685,325.10227272727275,14,0,1000000,3000,4
412334,412334,1649336,3061,35,140,236.0,0.0,236.0,300,300,162.6,7,0,1000000,3000,4
412919,412919,1651676,3062,585,2340,2999.0,0.0,2999.0,3161,3161,1309.08547008547,64,0,1000000,3000,4
413150,413150,1652600,3063,231,924,1309.0,0.0,1309.0,1411,1411,671.2857142857143,29,0,1000000,3000,4
413361,413361,1653444,3064,211,844,1038.0,0.0,1038.0,1137,1137,608.7440758293839,23,0,1000000,3000,4
413411,413411,1653644,3065,50,200,222.0,0.0,222.0,288,288,148.42,6,0,1000000,3000,4
413643,413643,1654572,3066,232,928,1319.0,0.0,1319.0,1421,1421,709.3405172413793,29,0,1000000,3000,4
413675,413675,1654700,3067,32,128,249.0,0.0,249.0,312,312,149.71875,7,0,1000000,3000,4
413828,413828,1655312,3068,153,612,714.0,0.0,714.0,800,800,470.83660130718954,17,0,1000000,3000,4
414100,414100,1656400,3069,272,1088,1291.0,0.0,1291.0,1402,1402,734.4007352941177,29,0,1000000,3000,4
414326,414326,1657304,3070,226,904,1315.0,0.0,1315.0,1416,1416,726.8097345132743,29,0,1000000,3000,4
414399,414399,1657596,3071,73,292,612.0,0.0,612.0,683,683,310.86301369863014,14,0,1000000,3000,4
414440,414440,1657760,3072,41,164,238.0,0.0,238.0,303,303,154.21951219512195,7,0,1000000,3000,4
414479,414479,1657916,3073,39,156,238.0,0.0,238.0,302,302,156.15384615384616,7,0,1000000,3000,4
414590,414590,1658360,3074,111,444,629.0,0.0,629.0,709,709,353.6126126126126,15,0,1000000,3000,4
414703,414703,1658812,3075,113,452,613.0,0.0,613.0,692,692,368.4867256637168,14,0,1000000,3000,4
414810,414810,1659240,3076,107,428,618.0,0.0,618.0,696,696,392.95327102803736,14,0,1000000,3000,4
414985,414985,1659940,3077,175,700,1320.0,0.0,1320.0,1411,1411,739.5428571428571,29,0,1000000,3000,4
415083,415083,1660332,3078,98,392,620.0,0.0,620.0,696,696,369.8775510204082,14,0,1000000,3000,4
415304,415304,1661216,3079,221,884,1310.0,0.0,1310.0,1411,1411,737.2352941176471,29,0,1000000,3000,4
415336,415336,1661344,3080,32,128,242.0,0.0,242.0,306,306,159.03125,7,0,1000000,3000,4
415426,415426,1661704,3081,90,360,616.0,0.0,616.0,691,691,401.3666666666667,14,0,1000000,3000,4
415514,415514,1662056,3082,88,352,630.0,0.0,630.0,704,704,375.02272727272725,15,0,1000000,3000,4
415608,415608,1662432,3083,94,376,634.0,0.0,634.0,709,709,374.90425531914894,15,0,1000000,3000,4
415641,415641,1662564,3084,33,132,242.0,0.0,242.0,306,306,159.33333333333334,7,0,1000000,3000,4
415672,415672,1662688,3085,31,124,243.0,0.0,243.0,307,307,166.61290322580646,7,0,1000000,3000,4
415708,415708,1662832,3086,36,144,234.0,0.0,234.0,298,298,153.88888888888889,6,0,1000000,3000,4
415842,415842,1663368,3087,134,536,617.0,0.0,617.0,701,701,391.64925373134326,15,0,1000000,3000,4
415880,415880,1663520,3088,38,152,240.0,0.0,240.0,303,303,155.07894736842104,7,0,1000000,3000,4
415982,415982,1663928,3089,102,408,623.0,0.0,623.0,700,700,371.2156862745098,15,0,1000000,3000,4
416082,416082,1664328,3090,100,400,615.0,0.0,615.0,691,691,383.42,14,0,1000000,3000,4
416158,416158,1664632,3091,76,304,617.0,0.0,617.0,689,689,349.7105263157895,14,0,1000000,3000,4
416402,416402,1665608,3092,244,976,1298.0,0.0,1298.0,1403,1403,699.061475409836,29,0,1000000,3000,4
416510,416510,1666040,3093,108,432,610.0,0.0,610.0,687,687,375.5462962962963,14,0,1000000,3000,4
416653,416653,1666612,3094,143,572,746.0,0.0,746.0,830,830,504.4965034965035,17,0,1000000,3000,4
416685,416685,1666740,3095,32,128,245.0,0.0,245.0,309,309,163.1875,7,0,1000000,3000,4
416849,416849,1667396,3096,164,656,758.0,0.0,758.0,846,846,548.1158536585366,17,0,1000000,3000,4
416886,416886,1667544,3097,37,148,237.0,0.0,237.0,302,302,153.7027027027027,7,0,1000000,3000,4
417042,417042,1668168,3098,156,624,1042.0,0.0,1042.0,1129,1129,615.8717948717949,23,0,1000000,3000,4
417109,417109,1668436,3099,67,268,609.0,0.0,609.0,679,679,323.2238805970149,14,0,1000000,3000,4
417275,417275,1669100,3100,166,664,1062.0,0.0,1062.0,1153,1153,596.5542168674699,24,0,1000000,3000,4
417313,417313,1669252,3101,38,152,235.0,0.0,235.0,299,299,158.31578947368422,6,0,1000000,3000,4
417345,417345,1669380,3102,32,128,249.0,0.0,249.0,313,313,150.84375,7,0,1000000,3000,4
417381,417381,1669524,3103,36,144,230.0,0.0,230.0,294,294,173.5,6,0,1000000,3000,4
417583,417583,1670332,3104,202,808,1321.0,0.0,1321.0,1417,1417,719.7920792079208,29,0,1000000,3000,4
417794,417794,1671176,3105,211,844,1842.0,0.0,1842.0,1940,1940,992.0900473933649,39,0,1000000,3000,4
417991,417991,1671964,3106,197,788,1033.0,0.0,1033.0,1128,1128,717.0355329949239,23,0,1000000,3000,4
418027,418027,1672108,3107,36,144,240.0,0.0,240.0,304,304,156.77777777777777,7,0,1000000,3000,4
418293,418293,1673172,3108,266,1064,1015.0,0.0,1015.0,1123,1123,703.8721804511279,23,0,1000000,3000,4
418479,418479,1673916,3109,186,744,806.0,0.0,806.0,898,898,585.6344086021505,18,0,1000000,3000,4
418516,418516,1674064,3110,37,148,244.0,0.0,244.0,309,309,156.43243243243242,7,0,1000000,3000,4
418551,418551,1674204,3111,35,140,234.0,0.0,234.0,297,297,168.77142857142857,6,0,1000000,3000,4
418772,418772,1675088,3112,221,884,1332.0,0.0,1332.0,1434,1434,711.3800904977376,29,0,1000000,3000,4
418967,418967,1675868,3113,195,780,714.0,0.0,714.0,810,810,566.6153846153846,17,0,1000000,3000,4
419048,419048,1676192,3114,81,324,613.0,0.0,613.0,686,686,343.4938271604938,14,0,1000000,3000,4
419121,419121,1676484,3115,73,292,617.0,0.0,617.0,688,688,343.28767123287673,14,0,1000000,3000,4
419297,419297,1677188,3116,176,704,1432.0,0.0,1432.0,1523,1523,724.9318181818181,31,0,1000000,3000,4
419473,419473,1677892,3117,176,704,1342.0,0.0,1342.0,1435,1435,719.6420454545455,29,0,1000000,3000,4
419582,419582,1678328,3118,109,436,603.0,0.0,603.0,681,681,387.26605504587155,14,0,1000000,3000,4
419615,419615,1678460,3119,33,132,241.0,0.0,241.0,305,305,157.21212121212122,7,0,1000000,3000,4
419840,419840,1679360,3120,225,900,1422.0,0.0,1422.0,1524,1524,751.7733333333333,31,0,1000000,3000,4
420026,420026,1680104,3121,186,744,1035.0,0.0,1035.0,1128,1128,579.0483870967741,23,0,1000000,3000,4
420128,420128,1680512,3122,102,408,610.0,0.0,610.0,687,687,398.95098039215685,14,0,1000000,3000,4
420212,420212,1680848,3123,84,336,630.0,0.0,630.0,704,704,363.0238095238095,15,0,1000000,3000,4
420437,420437,1681748,3124,225,900,1425.0,0.0,1425.0,1527,1527,753.2933333333333,31,0,1000000,3000,4
420473,420473,1681892,3125,36,144,242.0,0.0,242.0,307,307,155.19444444444446,7,0,1000000,3000,4
420634,420634,1682536,3126,161,644,1322.0,0.0,1322.0,1411,1411,694.1180124223603,29,0,1000000,3000,4
420670,420670,1682680,3127,36,144,236.0,0.0,236.0,300,300,163.58333333333334,7,0,1000000,3000,4
420770,420770,1683080,3128,100,400,629.0,0.0,629.0,707,707,358.5,15,0,1000000,3000,4
420857,420857,1683428,3129,87,348,627.0,0.0,627.0,700,700,358.44827586206895,15,0,1000000,3000,4
421036,421036,1684144,3130,179,716,749.0,0.0,749.0,841,841,553.9888268156425,17,0,1000000,3000,4
421076,421076,1684304,3131,40,160,235.0,0.0,235.0,299,299,165.975,6,0,1000000,3000,4
421107,421107,1684428,3132,31,124,245.0,0.0,245.0,308,308,165.09677419354838,7,0,1000000,3000,4
421332,421332,1685328,3133,225,900,1318.0,0.0,1318.0,1419,1419,760.8666666666667,29,0,1000000,3000,4
421366,421366,1685464,3134,34,136,244.0,0.0,244.0,307,307,158.91176470588235,7,0,1000000,3000,4
421609,421609,1686436,3135,243,972,1023.0,0.0,1023.0,1126,1126,628.2139917695473,23,0,1000000,3000,4
421643,421643,1686572,3136,34,136,251.0,0.0,251.0,315,315,151.41176470588235,7,0,1000000,3000,4
421788,421788,1687152,3137,145,580,731.0,0.0,731.0,818,818,479.57241379310346,17,0,1000000,3000,4
421891,421891,1687564,3138,103,412,603.0,0.0,603.0,680,680,396.31067961165047,14,0,1000000,3000,4
421996,421996,1687984,3139,105,420,614.0,0.0,614.0,691,691,379.4095238095238,14,0,1000000,3000,4
422038,422038,1688152,3140,42,168,219.0,0.0,219.0,284,284,176.38095238095238,6,0,1000000,3000,4
422121,422121,1688484,3141,83,332,612.0,0.0,612.0,686,686,335.5421686746988,14,0,1000000,3000,4
422305,422305,1689220,3142,184,736,729.0,0.0,729.0,822,822,532.5869565217391,17,0,1000000,3000,4
422566,422566,1690264,3143,261,1044,1306.0,0.0,1306.0,1414,1414,724.6206896551724,29,0,1000000,3000,4
422603,422603,1690412,3144,37,148,241.0,0.0,241.0,306,306,160.43243243243242,7,0,1000000,3000,4
422768,422768,1691072,3145,165,660,811.0,0.0,811.0,898,898,548.4424242424243,18,0,1000000,3000,4
422803,422803,1691212,3146,35,140,249.0,0.0,249.0,312,312,149.97142857142856,7,0,1000000,3000,4
423025,423025,1692100,3147,222,888,1037.0,0.0,1037.0,1137,1137,642.472972972973,23,0,1000000,3000,4
423223,423223,1692892,3148,198,792,1032.0,0.0,1032.0,1126,1126,623.7828282828283,23,0,1000000,3000,4
423257,423257,1693028,3149,34,136,245.0,0.0,245.0,309,309,144.1764705882353,7,0,1000000,3000,4
423349,423349,1693396,3150,92,368,618.0,0.0,618.0,694,694,382.6195652173913,14,0,1000000,3000,4
423554,423554,1694216,3151,205,820,1031.0,0.0,1031.0,1128,1128,684.1365853658536,23,0,1000000,3000,4
423589,423589,1694356,3152,35,140,241.0,0.0,241.0,304,304,161.28571428571428,7,0,1000000,3000,4
423700,423700,1694800,3153,111,444,617.0,0.0,617.0,697,697,376.7027027027027,14,0,1000000,3000,4
423800,423800,1695200,3154,100,400,604.0,0.0,604.0,681,681,402.01,14,0,1000000,3000,4
424007,424007,1696028,3155,207,828,1318.0,0.0,1318.0,1414,1414,766.2753623188406,29,0,1000000,3000,4
424099,424099,1696396,3156,92,368,609.0,0.0,609.0,684,684,355.8695652173913,14,0,1000000,3000,4
424307,424307,1697228,3157,208,832,1036.0,0.0,1036.0,1134,1134,620.2932692307693,23,0,1000000,3000,4
424454,424454,1697816,3158,147,588,1053.0,0.0,1053.0,1138,1138,604.530612244898,23,0,1000000,3000,4
424558,424558,1698232,3159,104,416,590.0,0.0,590.0,667,667,417.0576923076923,14,0,1000000,3000,4
424594,424594,1698376,3160,36,144,244.0,0.0,244.0,309,309,149.33333333333334,7,0,1000000,3000,4
424637,424637,1698548,3161,43,172,231.0,0.0,231.0,296,296,157.30232558139534,6,0,1000000,3000,4
424880,424880,1699520,3162,243,972,1310.0,0.0,1310.0,1414,1414,727.8930041152263,29,0,1000000,3000,4
425020,425020,1700080,3163,140,560,629.0,0.0,629.0,711,722,498.27142857142854,15,0,1000000,3000,4
425196,425196,1700784,3164,176,704,785.0,0.0,785.0,876,876,494.6875,18,0,1000000,3000,4
425244,425244,1700976,3165,48,192,238.0,0.0,238.0,304,304,127.52083333333333,7,0,1000000,3000,4
425285,425285,1701140,3166,41,164,231.0,0.0,231.0,296,296,157.02439024390245,6,0,1000000,3000,4
425325,425325,1701300,3167,40,160,238.0,0.0,238.0,302,302,156.425,7,0,1000000,3000,4
425424,425424,1701696,3168,99,396,624.0,0.0,624.0,700,700,342.5959595959596,15,0,1000000,3000,4
425536,425536,1702144,3169,112,448,605.0,0.0,605.0,685,685,355.54464285714283,14,0,1000000,3000,4
425640,425640,1702560,3170,104,416,586.0,0.0,586.0,662,662,398.13461538461536,14,0,1000000,3000,4
425716,425716,1702864,3171,76,304,621.0,0.0,621.0,693,693,350.55263157894734,14,0,1000000,3000,4
425816,425816,1703264,3172,100,400,612.0,0.0,612.0,688,688,345.63,14,0,1000000,3000,4
426029,426029,1704116,3173,213,852,1033.0,0.0,1033.0,1132,1132,602.6854460093897,23,0,1000000,3000,4
426063,426063,1704252,3174,34,136,240.0,0.0,240.0,303,303,161.08823529411765,7,0,1000000,3000,4
426147,426147,1704588,3175,84,336,603.0,0.0,603.0,677,677,305.5357142857143,14,0,1000000,3000,4
426299,426299,1705196,3176,152,608,813.0,0.0,813.0,898,898,557.3486842105264,18,0,1000000,3000,4
426335,426335,1705340,3177,36,144,238.0,0.0,238.0,302,302,159.77777777777777,7,0,1000000,3000,4
426578,426578,1706312,3178,243,972,1026.0,0.0,1026.0,1130,1130,689.1769547325102,23,0,1000000,3000,4
426620,426620,1706480,3179,42,168,230.0,0.0,230.0,294,294,159.0,6,0,1000000,3000,4
426875,426875,1707500,3180,255,1020,1565.0,0.0,1565.0,1673,1673,809.4235294117647,34,0,1000000,3000,4
427098,427098,1708392,3181,223,892,1028.0,0.0,1028.0,1127,1127,632.0493273542601,23,0,1000000,3000,4
427230,427230,1708920,3182,132,528,579.0,0.0,579.0,661,661,394.95454545454544,14,0,1000000,3000,4
427412,427412,1709648,3183,182,728,1033.0,0.0,1033.0,1124,1124,589.5879120879121,23,0,1000000,3000,4
427516,427516,1710064,3184,104,416,614.0,0.0,614.0,691,691,381.5480769230769,14,0,1000000,3000,4
427619,427619,1710476,3185,103,412,613.0,0.0,613.0,690,690,364.71844660194176,14,0,1000000,3000,4
427784,427784,1711136,3186,165,660,810.0,0.0,810.0,898,898,554.9878787878788,18,0,1000000,3000,4
427941,427941,1711764,3187,157,628,1040.0,0.0,1040.0,1127,1127,589.6050955414013,23,0,1000000,3000,4
428093,428093,1712372,3188,152,608,745.0,0.0,745.0,832,832,476.70394736842104,17,0,1000000,3000,4
428200,428200,1712800,3189,107,428,615.0,0.0,615.0,694,694,348.06542056074767,14,0,1000000,3000,4
428403,428403,1713612,3190,203,812,1311.0,0.0,1311.0,1408,1408,715.4975369458128,29,0,1000000,3000,4
428439,428439,1713756,3191,36,144,248.0,0.0,248.0,312,312,147.33333333333334,7,0,1000000,3000,4
428526,428526,1714104,3192,87,348,623.0,0.0,623.0,698,698,349.8735632183908,14,0,1000000,3000,4
428601,428601,1714404,3193,75,300,607.0,0.0,607.0,679,679,315.36,14,0,1000000,3000,4
428751,428751,1715004,3194,150,600,1044.0,0.0,1044.0,1128,1128,579.6666666666666,23,0,1000000,3000,4
428826,428826,1715304,3195,75,300,635.0,0.0,635.0,708,708,389.81333333333333,15,0,1000000,3000,4
428958,428958,1715832,3196,132,528,817.0,0.0,817.0,898,900,569.5757575757576,19,0,1000000,3000,4
429127,429127,1716508,3197,169,676,810.0,0.0,810.0,898,898,536.8698224852071,18,0,1000000,3000,4
429326,429326,1717304,3198,199,796,1041.0,0.0,1041.0,1137,1137,613.3768844221106,23,0,1000000,3000,4
429404,429404,1717616,3199,78,312,626.0,0.0,626.0,699,699,362.70512820512823,14,0,1000000,3000,4
429439,429439,1717756,3200,35,140,246.0,0.0,246.0,310,310,158.8,7,0,1000000,3000,4
429513,429513,1718052,3201,74,296,653.0,0.0,653.0,722,722,387.2027027027027,15,0,1000000,3000,4
429768,429768,1719072,3202,255,1020,1309.0,0.0,1309.0,1414,1414,725.5058823529412,29,0,1000000,3000,4
429804,429804,1719216,3203,36,144,227.0,0.0,227.0,291,291,172.91666666666666,6,0,1000000,3000,4
429841,429841,1719364,3204,37,148,238.0,0.0,238.0,303,303,153.21621621621622,7,0,1000000,3000,4
430097,430097,1720388,3205,256,1024,1309.0,0.0,1309.0,1416,1416,736.1328125,29,0,1000000,3000,4
430127,430127,1720508,3206,30,120,248.0,0.0,248.0,312,312,149.56666666666666,7,0,1000000,3000,4
430237,430237,1720948,3207,110,440,711.0,0.0,711.0,790,790,484.3,16,0,1000000,3000,4
430275,430275,1721100,3208,38,152,238.0,0.0,238.0,303,303,152.71052631578948,7,0,1000000,3000,4
430415,430415,1721660,3209,140,560,1152.0,0.0,1152.0,1236,1236,616.0928571428572,25,0,1000000,3000,4
430620,430620,1722480,3210,205,820,1029.0,0.0,1029.0,1125,1125,638.1560975609756,23,0,1000000,3000,4
430708,430708,1722832,3211,88,352,650.0,0.0,650.0,722,722,358.29545454545456,15,0,1000000,3000,4
430747,430747,1722988,3212,39,156,232.0,0.0,232.0,296,296,163.35897435897436,6,0,1000000,3000,4
430782,430782,1723128,3213,35,140,239.0,0.0,239.0,303,303,160.2,7,0,1000000,3000,4
430817,430817,1723268,3214,35,140,243.0,0.0,243.0,307,307,153.8,7,0,1000000,3000,4
430896,430896,1723584,3215,79,316,611.0,0.0,611.0,684,684,328.50632911392404,14,0,1000000,3000,4
431001,431001,1724004,3216,105,420,626.0,0.0,626.0,703,703,367.9142857142857,15,0,1000000,3000,4
431276,431276,1725104,3217,275,1100,1302.0,0.0,1302.0,1413,1413,719.88,29,0,1000000,3000,4
431370,431370,1725480,3218,94,376,635.0,0.0,635.0,710,710,359.8936170212766,15,0,1000000,3000,4
431447,431447,1725788,3219,77,308,606.0,0.0,606.0,679,679,311.6233766233766,14,0,1000000,3000,4
431548,431548,1726192,3220,101,404,602.0,0.0,602.0,679,679,394.8019801980198,14,0,1000000,3000,4
431720,431720,1726880,3221,172,688,760.0,0.0,760.0,852,852,512.1046511627907,18,0,1000000,3000,4
431751,431751,1727004,3222,31,124,244.0,0.0,244.0,308,308,157.80645161290323,7,0,1000000,3000,4
431931,431931,1727724,3223,180,720,735.0,0.0,735.0,828,828,542.65,17,0,1000000,3000,4
432175,432175,1728700,3224,244,976,1136.0,0.0,1136.0,1242,1242,714.1434426229508,25,0,1000000,3000,4
432373,432373,1729492,3225,198,792,1335.0,0.0,1335.0,1432,1432,753.1717171717172,29,0,1000000,3000,4
432414,432414,1729656,3226,41,164,238.0,0.0,238.0,304,304,149.85365853658536,7,0,1000000,3000,4
432536,432536,1730144,3227,122,488,607.0,0.0,607.0,689,689,358.5163934426229,14,0,1000000,3000,4
432566,432566,1730264,3228,30,120,244.0,0.0,244.0,308,308,156.13333333333333,7,0,1000000,3000,4
432605,432605,1730420,3229,39,156,235.0,0.0,235.0,298,298,160.48717948717947,6,0,1000000,3000,4
432643,432643,1730572,3230,38,152,239.0,0.0,239.0,303,303,155.8421052631579,7,0,1000000,3000,4
432816,432816,1731264,3231,173,692,1045.0,0.0,1045.0,1136,1136,565.7572254335261,23,0,1000000,3000,4
432912,432912,1731648,3232,96,384,622.0,0.0,622.0,699,699,390.8020833333333,14,0,1000000,3000,4
432946,432946,1731784,3233,34,136,246.0,0.0,246.0,310,310,150.73529411764707,7,0,1000000,3000,4
433073,433073,1732292,3234,127,508,1046.0,0.0,1046.0,1127,1127,560.4015748031496,23,0,1000000,3000,4
433110,433110,1732440,3235,37,148,235.0,0.0,235.0,299,299,160.75675675675674,6,0,1000000,3000,4
433148,433148,1732592,3236,38,152,238.0,0.0,238.0,302,302,149.57894736842104,7,0,1000000,3000,4
433353,433353,1733412,3237,205,820,1150.0,0.0,1150.0,1248,1248,670.3512195121951,25,0,1000000,3000,4
433435,433435,1733740,3238,82,328,631.0,0.0,631.0,704,704,386.2439024390244,15,0,1000000,3000,4
433589,433589,1734356,3239,154,616,1043.0,0.0,1043.0,1129,1129,637.1103896103896,23,0,1000000,3000,4
433624,433624,1734496,3240,35,140,248.0,0.0,248.0,312,312,157.9142857142857,7,0,1000000,3000,4
433798,433798,1735192,3241,174,696,1045.0,0.0,1045.0,1136,1136,566.4080459770115,23,0,1000000,3000,4
433943,433943,1735772,3242,145,580,1045.0,0.0,1045.0,1129,1129,596.8620689655172,23,0,1000000,3000,4
433975,433975,1735900,3243,32,128,239.0,0.0,239.0,303,303,167.5,7,0,1000000,3000,4
434056,434056,1736224,3244,81,324,632.0,0.0,632.0,705,705,354.0617283950617,15,0,1000000,3000,4
434153,434153,1736612,3245,97,388,621.0,0.0,621.0,698,698,376.8453608247423,14,0,1000000,3000,4
434243,434243,1736972,3246,90,360,624.0,0.0,624.0,700,700,370.18888888888887,15,0,1000000,3000,4
434431,434431,1737724,3247,188,752,726.0,0.0,726.0,819,819,552.531914893617,17,0,1000000,3000,4
434466,434466,1737864,3248,35,140,238.0,0.0,238.0,301,301,163.11428571428573,7,0,1000000,3000,4
434565,434565,1738260,3249,99,396,619.0,0.0,619.0,695,695,378.62626262626264,14,0,1000000,3000,4
434721,434721,1738884,3250,156,624,755.0,0.0,755.0,844,844,485.40384615384613,17,0,1000000,3000,4
434758,434758,1739032,3251,37,148,243.0,0.0,243.0,307,307,154.78378378378378,7,0,1000000,3000,4
434929,434929,1739716,3252,171,684,809.0,0.0,809.0,898,898,575.3567251461989,18,0,1000000,3000,4
435078,435078,1740312,3253,149,596,814.0,0.0,814.0,898,898,591.6510067114094,18,0,1000000,3000,4
435341,435341,1741364,3254,263,1052,1016.0,0.0,1016.0,1123,1123,650.6463878326996,23,0,1000000,3000,4
435550,435550,1742200,3255,209,836,1330.0,0.0,1330.0,1429,1429,733.2105263157895,29,0,1000000,3000,4
435729,435729,1742916,3256,179,716,1338.0,0.0,1338.0,1431,1431,713.9162011173185,29,0,1000000,3000,4
435766,435766,1743064,3257,37,148,249.0,0.0,249.0,314,314,146.43243243243242,7,0,1000000,3000,4
435985,435985,1743940,3258,219,876,1138.0,0.0,1138.0,1238,1238,629.8082191780821,25,0,1000000,3000,4
436031,436031,1744124,3259,46,184,225.0,0.0,225.0,291,291,163.04347826086956,6,0,1000000,3000,4
436221,436221,1744884,3260,190,760,1036.0,0.0,1036.0,1128,1128,638.1526315789474,23,0,1000000,3000,4
436372,436372,1745488,3261,151,604,1042.0,0.0,1042.0,1128,1128,565.4370860927153,23,0,1000000,3000,4
436400,436400,1745600,3262,28,112,251.0,0.0,251.0,314,314,158.96428571428572,7,0,1000000,3000,4
436432,436432,1745728,3263,32,128,251.0,0.0,251.0,315,315,151.78125,7,0,1000000,3000,4
436470,436470,1745880,3264,38,152,231.0,0.0,231.0,295,295,166.60526315789474,6,0,1000000,3000,4
436613,436613,1746452,3265,143,572,1044.0,0.0,1044.0,1128,1128,578.006993006993,23,0,1000000,3000,4
436676,436676,1746704,3266,63,252,607.0,0.0,607.0,677,677,325.73015873015873,14,0,1000000,3000,4
436794,436794,1747176,3267,118,472,1160.0,0.0,1160.0,1241,1241,577.7542372881356,25,0,1000000,3000,4
436891,436891,1747564,3268,97,388,620.0,0.0,620.0,696,696,390.0103092783505,14,0,1000000,3000,4
437065,437065,1748260,3269,174,696,1321.0,0.0,1321.0,1412,1412,714.183908045977,29,0,1000000,3000,4
437224,437224,1748896,3270,159,636,779.0,0.0,779.0,868,868,541.6415094339623,18,0,1000000,3000,4
437363,437363,1749452,3271,139,556,769.0,0.0,769.0,854,854,515.3237410071943,18,0,1000000,3000,4
437454,437454,1749816,3272,91,364,601.0,0.0,601.0,676,676,412.8131868131868,14,0,1000000,3000,4
437534,437534,1750136,3273,80,320,633.0,0.0,633.0,706,706,379.4125,15,0,1000000,3000,4
437740,437740,1750960,3274,206,824,1027.0,0.0,1027.0,1124,1124,687.5679611650486,23,0,1000000,3000,4
437832,437832,1751328,3275,92,368,636.0,0.0,636.0,712,712,371.7826086956522,15,0,1000000,3000,4
437925,437925,1751700,3276,93,372,614.0,0.0,614.0,689,689,390.10752688172045,14,0,1000000,3000,4
438005,438005,1752020,3277,80,320,621.0,0.0,621.0,694,694,356.825,14,0,1000000,3000,4
438204,438204,1752816,3278,199,796,745.0,0.0,745.0,842,842,520.0804020100503,17,0,1000000,3000,4
438244,438244,1752976,3279,40,160,234.0,0.0,234.0,299,299,150.425,6,0,1000000,3000,4
438428,438428,1753712,3280,184,736,1334.0,0.0,1334.0,1428,1428,684.375,29,0,1000000,3000,4
438464,438464,1753856,3281,36,144,246.0,0.0,246.0,311,311,153.61111111111111,7,0,1000000,3000,4
438570,438570,1754280,3282,106,424,615.0,0.0,615.0,693,693,395.50943396226415,14,0,1000000,3000,4
438774,438774,1755096,3283,204,816,1143.0,0.0,1143.0,1241,1241,679.2549019607843,25,0,1000000,3000,4
438819,438819,1755276,3284,45,180,244.0,0.0,244.0,308,308,125.95555555555555,7,0,1000000,3000,4
438905,438905,1755620,3285,86,344,602.0,0.0,602.0,677,677,334.0581395348837,14,0,1000000,3000,4
439045,439045,1756180,3286,140,560,638.0,0.0,638.0,721,722,491.9642857142857,15,0,1000000,3000,4
439184,439184,1756736,3287,139,556,726.0,0.0,726.0,810,810,514.9928057553957,17,0,1000000,3000,4
439448,439448,1757792,3288,264,1056,1311.0,0.0,1311.0,1419,1419,697.1780303030303,29,0,1000000,3000,4
439480,439480,1757920,3289,32,128,247.0,0.0,247.0,310,310,150.5625,7,0,1000000,3000,4
439591,439591,1758364,3290,111,444,631.0,0.0,631.0,709,709,377.02702702702703,15,0,1000000,3000,4
440600,440600,1762400,3291,1009,4036,1251.0,0.0,1251.0,1509,1509,844.8225966303271,31,0,1000000,3000,4
440738,440738,1762952,3292,138,552,583.0,0.0,583.0,667,667,366.05797101449275,14,0,1000000,3000,4
440785,440785,1763140,3293,47,188,220.0,0.0,220.0,285,285,162.40425531914894,6,0,1000000,3000,4
440825,440825,1763300,3294,40,160,232.0,0.0,232.0,297,297,155.75,6,0,1000000,3000,4
440863,440863,1763452,3295,38,152,241.0,0.0,241.0,305,305,148.18421052631578,7,0,1000000,3000,4
440906,440906,1763624,3296,43,172,244.0,0.0,244.0,310,310,137.8372093023256,7,0,1000000,3000,4
441183,441183,1764732,3297,277,1108,1032.0,0.0,1032.0,1145,1145,697.8953068592058,23,0,1000000,3000,4
441308,441308,1765232,3298,125,500,589.0,0.0,589.0,671,671,375.552,14,0,1000000,3000,4
441396,441396,1765584,3299,88,352,635.0,0.0,635.0,709,709,369.3181818181818,15,0,1000000,3000,4
441437,441437,1765748,3300,41,164,221.0,0.0,221.0,286,286,167.7560975609756,6,0,1000000,3000,4
441737,441737,1766948,3301,300,1200,1305.0,0.0,1305.0,1422,1422,665.5266666666666,29,0,1000000,3000,4
441862,441862,1767448,3302,125,500,616.0,0.0,616.0,696,696,354.344,14,0,1000000,3000,4
442027,442027,1768108,3303,165,660,591.0,0.0,591.0,679,679,472.3030303030303,14,0,1000000,3000,4
442066,442066,1768264,3304,39,156,226.0,0.0,226.0,289,289,176.17948717948718,6,0,1000000,3000,4
442163,442163,1768652,3305,97,388,620.0,0.0,620.0,697,697,321.36082474226805,14,0,1000000,3000,4
442253,442253,1769012,3306,90,360,606.0,0.0,606.0,682,682,338.31111111111113,14,0,1000000,3000,4
442287,442287,1769148,3307,34,136,249.0,0.0,249.0,313,313,152.85294117647058,7,0,1000000,3000,4
442383,442383,1769532,3308,96,384,616.0,0.0,616.0,692,692,370.5104166666667,14,0,1000000,3000,4
442596,442596,1770384,3309,213,852,564.0,0.0,564.0,663,663,447.962441314554,14,0,1000000,3000,4
442760,442760,1771040,3310,164,656,733.0,0.0,733.0,822,822,431.1524390243902,17,0,1000000,3000,4
442803,442803,1771212,3311,43,172,244.0,0.0,244.0,310,310,134.53488372093022,7,0,1000000,3000,4
442862,442862,1771448,3312,59,236,199.0,0.0,199.0,267,267,145.42372881355934,6,0,1000000,3000,4
443947,443947,1775788,3313,1085,4340,519.0,0.0,519.0,792,792,652.4976958525345,16,0,1000000,3000,4
444855,444855,1779420,3314,908,3632,627.0,0.0,627.0,865,865,665.5936123348017,18,0,1000000,3000,4
446318,446318,1785272,3315,1463,5852,773.0,0.0,773.0,1120,1122,797.0095693779904,23,0,1000000,3000,4
446352,446352,1785408,3316,34,136,243.0,0.0,243.0,305,305,160.0,7,0,1000000,3000,4
446382,446382,1785528,3317,30,120,248.0,0.0,248.0,312,312,155.93333333333334,7,0,1000000,3000,4
446410,446410,1785640,3318,28,112,251.0,0.0,251.0,314,314,165.0,7,0,1000000,3000,4
446997,446997,1787988,3319,587,2348,620.0,0.0,620.0,793,793,666.5587734241908,16,0,1000000,3000,4
447092,447092,1788368,3320,95,380,614.0,0.0,614.0,691,691,340.0736842105263,14,0,1000000,3000,4
447203,447203,1788812,3321,111,444,614.0,0.0,614.0,694,694,350.7477477477477,14,0,1000000,3000,4
449208,449208,1796832,3322,2005,8020,438.0,0.0,438.0,893,899,822.5211970074813,18,0,1000000,3000,4
449245,449245,1796980,3323,37,148,231.0,0.0,231.0,294,294,169.43243243243242,6,0,1000000,3000,4
449346,449346,1797384,3324,101,404,602.0,0.0,602.0,680,680,389.46534653465346,14,0,1000000,3000,4
451193,451193,1804772,3325,1847,7388,449.0,0.0,449.0,875,875,695.8278289117488,18,0,1000000,3000,4
452149,452149,1808596,3326,956,3824,652.0,0.0,652.0,898,898,693.5564853556485,18,0,1000000,3000,4
452224,452224,1808896,3327,75,300,616.0,0.0,616.0,688,688,328.8,14,0,1000000,3000,4
452534,452534,1810136,3328,310,1240,781.0,0.0,781.0,898,898,631.2612903225806,18,0,1000000,3000,4
452802,452802,1811208,3329,268,1072,790.0,0.0,790.0,898,898,653.8917910447761,18,0,1000000,3000,4
452838,452838,1811352,3330,36,144,236.0,0.0,236.0,301,301,160.13888888888889,7,0,1000000,3000,4
453166,453166,1812664,3331,328,1312,778.0,0.0,778.0,898,899,635.6737804878048,18,0,1000000,3000,4
453355,453355,1813420,3332,189,756,800.0,0.0,800.0,892,900,549.3862433862433,19,0,1000000,3000,4
453416,453416,1813664,3333,61,244,607.0,0.0,607.0,677,677,331.75409836065575,14,0,1000000,3000,4
453507,453507,1814028,3334,91,364,617.0,0.0,617.0,692,692,394.2087912087912,14,0,1000000,3000,4
453917,453917,1815668,3335,410,1640,990.0,0.0,990.0,1126,1126,646.6073170731707,23,0,1000000,3000,4
454280,454280,1817120,3336,363,1452,1882.0,0.0,1882.0,2011,2011,1022.8292011019283,41,0,1000000,3000,4
454442,454442,1817768,3337,162,648,635.0,0.0,635.0,722,724,461.3888888888889,15,0,1000000,3000,4
454521,454521,1818084,3338,79,316,606.0,0.0,606.0,679,679,327.50632911392404,14,0,1000000,3000,4
454621,454621,1818484,3339,100,400,598.0,0.0,598.0,676,676,398.19,14,0,1000000,3000,4
454660,454660,1818640,3340,39,156,239.0,0.0,239.0,303,303,141.30769230769232,7,0,1000000,3000,4
455054,455054,1820216,3341,394,1576,1649.0,0.0,1649.0,1784,1784,824.4720812182741,36,0,1000000,3000,4
455405,455405,1821620,3342,351,1404,1655.0,0.0,1655.0,1780,1780,896.8290598290598,36,0,1000000,3000,4
455645,455645,1822580,3343,240,960,1323.0,0.0,1323.0,1428,1428,751.9833333333333,29,0,1000000,3000,4
455793,455793,1823172,3344,148,592,1038.0,0.0,1038.0,1122,1122,586.0,23,0,1000000,3000,4
455887,455887,1823548,3345,94,376,632.0,0.0,632.0,707,707,384.3936170212766,15,0,1000000,3000,4
455915,455915,1823660,3346,28,112,249.0,0.0,249.0,311,311,157.53571428571428,7,0,1000000,3000,4
456010,456010,1824040,3347,95,380,617.0,0.0,617.0,693,693,345.4315789473684,14,0,1000000,3000,4
456141,456141,1824564,3348,131,524,1053.0,0.0,1053.0,1136,1136,575.824427480916,23,0,1000000,3000,4
456174,456174,1824696,3349,33,132,249.0,0.0,249.0,312,312,150.12121212121212,7,0,1000000,3000,4
456326,456326,1825304,3350,152,608,1041.0,0.0,1041.0,1126,1126,575.2697368421053,23,0,1000000,3000,4
456484,456484,1825936,3351,158,632,1049.0,0.0,1049.0,1136,1136,604.2848101265823,23,0,1000000,3000,4
456517,456517,1826068,3352,33,132,243.0,0.0,243.0,306,306,163.0,7,0,1000000,3000,4
456556,456556,1826224,3353,39,156,233.0,0.0,233.0,296,296,161.23076923076923,6,0,1000000,3000,4
456744,456744,1826976,3354,188,752,1316.0,0.0,1316.0,1410,1410,748.2712765957447,29,0,1000000,3000,4
456783,456783,1827132,3355,39,156,244.0,0.0,244.0,309,309,154.87179487179486,7,0,1000000,3000,4
456911,456911,1827644,3356,128,512,593.0,0.0,593.0,674,674,391.9296875,14,0,1000000,3000,4
456996,456996,1827984,3357,85,340,623.0,0.0,623.0,697,697,360.3058823529412,14,0,1000000,3000,4
457032,457032,1828128,3358,36,144,238.0,0.0,238.0,302,302,160.22222222222223,7,0,1000000,3000,4
457074,457074,1828296,3359,42,168,229.0,0.0,229.0,294,294,160.35714285714286,6,0,1000000,3000,4
457320,457320,1829280,3360,246,984,1033.0,0.0,1033.0,1139,1139,604.7682926829268,23,0,1000000,3000,4
457526,457526,1830104,3361,206,824,700.0,0.0,700.0,798,798,549.3155339805825,16,0,1000000,3000,4
457564,457564,1830256,3362,38,152,241.0,0.0,241.0,304,304,160.3684210526316,7,0,1000000,3000,4
457599,457599,1830396,3363,35,140,244.0,0.0,244.0,308,308,154.4857142857143,7,0,1000000,3000,4
457759,457759,1831036,3364,160,640,736.0,0.0,736.0,825,825,508.88125,17,0,1000000,3000,4
457934,457934,1831736,3365,175,700,1151.0,0.0,1151.0,1241,1241,583.5371428571428,25,0,1000000,3000,4
458174,458174,1832696,3366,240,960,1320.0,0.0,1320.0,1425,1425,720.7291666666666,29,0,1000000,3000,4
458367,458367,1833468,3367,193,772,1043.0,0.0,1043.0,1138,1138,656.2746113989638,23,0,1000000,3000,4
458402,458402,1833608,3368,35,140,246.0,0.0,246.0,309,309,154.8,7,0,1000000,3000,4
458477,458477,1833908,3369,75,300,621.0,0.0,621.0,692,692,367.97333333333336,14,0,1000000,3000,4
458616,458616,1834464,3370,139,556,1046.0,0.0,1046.0,1130,1130,580.9280575539568,23,0,1000000,3000,4
458657,458657,1834628,3371,41,164,228.0,0.0,228.0,293,293,158.0,6,0,1000000,3000,4
458811,458811,1835244,3372,154,616,741.0,0.0,741.0,828,828,485.57142857142856,17,0,1000000,3000,4
459020,459020,1836080,3373,209,836,1039.0,0.0,1039.0,1137,1137,650.8229665071771,23,0,1000000,3000,4
459063,459063,1836252,3374,43,172,227.0,0.0,227.0,292,292,157.13953488372093,6,0,1000000,3000,4
459242,459242,1836968,3375,179,716,1059.0,0.0,1059.0,1152,1152,576.1452513966481,24,0,1000000,3000,4
459279,459279,1837116,3376,37,148,241.0,0.0,241.0,305,305,156.21621621621622,7,0,1000000,3000,4
459392,459392,1837568,3377,113,452,622.0,0.0,622.0,701,701,360.88495575221236,15,0,1000000,3000,4
459502,459502,1838008,3378,110,440,618.0,0.0,618.0,697,697,347.6545454545454,14,0,1000000,3000,4
459598,459598,1838392,3379,96,384,619.0,0.0,619.0,695,695,377.3854166666667,14,0,1000000,3000,4
459636,459636,1838544,3380,38,152,236.0,0.0,236.0,299,299,157.94736842105263,6,0,1000000,3000,4
459677,459677,1838708,3381,41,164,232.0,0.0,232.0,297,297,159.34146341463415,6,0,1000000,3000,4
459840,459840,1839360,3382,163,652,724.0,0.0,724.0,813,813,484.5766871165644,17,0,1000000,3000,4
459952,459952,1839808,3383,112,448,596.0,0.0,596.0,675,675,381.6517857142857,14,0,1000000,3000,4
460120,460120,1840480,3384,168,672,739.0,0.0,739.0,829,829,492.6845238095238,17,0,1000000,3000,4
460157,460157,1840628,3385,37,148,239.0,0.0,239.0,303,303,159.48648648648648,7,0,1000000,3000,4
460198,460198,1840792,3386,41,164,232.0,0.0,232.0,297,297,162.0487804878049,6,0,1000000,3000,4
460294,460294,1841176,3387,96,384,607.0,0.0,607.0,683,683,392.5729166666667,14,0,1000000,3000,4
460520,460520,1842080,3388,226,904,1308.0,0.0,1308.0,1410,1410,716.0929203539823,29,0,1000000,3000,4
460772,460772,1843088,3389,252,1008,1303.0,0.0,1303.0,1409,1409,721.6150793650794,29,0,1000000,3000,4
461050,461050,1844200,3390,278,1112,1027.0,0.0,1027.0,1138,1138,680.9712230215828,23,0,1000000,3000,4
461159,461159,1844636,3391,109,436,629.0,0.0,629.0,708,708,348.5596330275229,15,0,1000000,3000,4
461206,461206,1844824,3392,47,188,217.0,0.0,217.0,283,283,168.38297872340425,6,0,1000000,3000,4
461398,461398,1845592,3393,192,768,804.0,0.0,804.0,897,898,550.453125,18,0,1000000,3000,4
461442,461442,1845768,3394,44,176,225.0,0.0,225.0,290,290,151.8409090909091,6,0,1000000,3000,4
461497,461497,1845988,3395,55,220,211.0,0.0,211.0,279,279,152.1090909090909,6,0,1000000,3000,4
461539,461539,1846156,3396,42,168,227.0,0.0,227.0,292,292,161.02380952380952,6,0,1000000,3000,4
461678,461678,1846712,3397,139,556,605.0,0.0,605.0,689,689,366.431654676259,14,0,1000000,3000,4
461726,461726,1846904,3398,48,192,215.0,0.0,215.0,280,280,170.33333333333334,6,0,1000000,3000,4
461850,461850,1847400,3399,124,496,597.0,0.0,597.0,678,678,383.0241935483871,14,0,1000000,3000,4
462106,462106,1848424,3400,256,1024,1296.0,0.0,1296.0,1404,1404,670.9140625,29,0,1000000,3000,4
462153,462153,1848612,3401,47,188,227.0,0.0,227.0,293,293,147.4468085106383,6,0,1000000,3000,4
462375,462375,1849500,3402,222,888,1300.0,0.0,1300.0,1401,1401,732.0945945945946,29,0,1000000,3000,4
462583,462583,1850332,3403,208,832,1140.0,0.0,1140.0,1239,1239,618.2067307692307,25,0,1000000,3000,4
462811,462811,1851244,3404,228,912,1314.0,0.0,1314.0,1415,1415,707.1140350877193,29,0,1000000,3000,4
462853,462853,1851412,3405,42,168,232.0,0.0,232.0,297,297,159.02380952380952,6,0,1000000,3000,4
462899,462899,1851596,3406,46,184,215.0,0.0,215.0,281,281,168.56521739130434,6,0,1000000,3000,4
463085,463085,1852340,3407,186,744,611.0,0.0,611.0,705,705,452.98924731182797,15,0,1000000,3000,4
463285,463285,1853140,3408,200,800,1033.0,0.0,1033.0,1128,1128,565.815,23,0,1000000,3000,4
463482,463482,1853928,3409,197,788,1040.0,0.0,1040.0,1136,1136,602.7715736040609,23,0,1000000,3000,4
463588,463588,1854352,3410,106,424,613.0,0.0,613.0,691,691,375.811320754717,14,0,1000000,3000,4
463881,463881,1855524,3411,293,1172,1300.0,0.0,1300.0,1415,1415,678.9351535836178,29,0,1000000,3000,4
463991,463991,1855964,3412,110,440,625.0,0.0,625.0,704,704,352.72727272727275,15,0,1000000,3000,4
464272,464272,1857088,3413,281,1124,1308.0,0.0,1308.0,1421,1421,741.576512455516,29,0,1000000,3000,4
464455,464455,1857820,3414,183,732,704.0,0.0,704.0,797,797,461.3224043715847,16,0,1000000,3000,4
464496,464496,1857984,3415,41,164,232.0,0.0,232.0,298,298,162.02439024390245,6,0,1000000,3000,4
464544,464544,1858176,3416,48,192,215.0,0.0,215.0,280,280,168.85416666666666,6,0,1000000,3000,4
464808,464808,1859232,3417,264,1056,1117.0,0.0,1117.0,1226,1226,699.7916666666666,25,0,1000000,3000,4
464909,464909,1859636,3418,101,404,627.0,0.0,627.0,704,704,369.2277227722772,15,0,1000000,3000,4
465199,465199,1860796,3419,290,1160,1328.0,0.0,1328.0,1443,1443,728.4379310344827,29,0,1000000,3000,4
465531,465531,1862124,3420,332,1328,1391.0,0.0,1391.0,1514,1514,741.7409638554217,31,0,1000000,3000,4
465571,465571,1862284,3421,40,160,232.0,0.0,232.0,296,296,164.25,6,0,1000000,3000,4
465750,465750,1863000,3422,179,716,1043.0,0.0,1043.0,1135,1135,604.8938547486033,23,0,1000000,3000,4
465797,465797,1863188,3423,47,188,220.0,0.0,220.0,286,286,165.85106382978722,6,0,1000000,3000,4
465836,465836,1863344,3424,39,156,247.0,0.0,247.0,311,311,136.33333333333334,7,0,1000000,3000,4
465878,465878,1863512,3425,42,168,238.0,0.0,238.0,302,302,148.9047619047619,7,0,1000000,3000,4
465921,465921,1863684,3426,43,172,231.0,0.0,231.0,296,296,156.1627906976744,6,0,1000000,3000,4
465967,465967,1863868,3427,46,184,231.0,0.0,231.0,296,296,150.30434782608697,6,0,1000000,3000,4
466151,466151,1864604,3428,184,736,1033.0,0.0,1033.0,1124,1124,567.2119565217391,23,0,1000000,3000,4
466192,466192,1864768,3429,41,164,232.0,0.0,232.0,296,296,160.70731707317074,6,0,1000000,3000,4
466459,466459,1865836,3430,267,1068,1029.0,0.0,1029.0,1138,1138,578.1385767790263,23,0,1000000,3000,4
466792,466792,1867168,3431,333,1332,1004.0,0.0,1004.0,1126,1126,679.063063063063,23,0,1000000,3000,4
466896,466896,1867584,3432,104,416,620.0,0.0,620.0,696,696,365.8557692307692,14,0,1000000,3000,4
466937,466937,1867748,3433,41,164,232.0,0.0,232.0,297,297,160.85365853658536,6,0,1000000,3000,4
467026,467026,1868104,3434,89,356,636.0,0.0,636.0,709,709,349.69662921348316,15,0,1000000,3000,4
467068,467068,1868272,3435,42,168,232.0,0.0,232.0,297,297,159.26190476190476,6,0,1000000,3000,4
467439,467439,1869756,3436,371,1484,1653.0,0.0,1653.0,1783,1783,827.7035040431267,36,0,1000000,3000,4
467573,467573,1870292,3437,134,536,583.0,0.0,583.0,666,666,384.1044776119403,14,0,1000000,3000,4
467700,467700,1870800,3438,127,508,595.0,0.0,595.0,677,677,359.8976377952756,14,0,1000000,3000,4
468119,468119,1872476,3439,419,1676,1271.0,0.0,1271.0,1410,1410,797.2744630071599,29,0,1000000,3000,4
468432,468432,1873728,3440,313,1252,1292.0,0.0,1292.0,1411,1411,746.8722044728435,29,0,1000000,3000,4
468705,468705,1874820,3441,273,1092,1028.0,0.0,1028.0,1138,1138,654.8754578754579,23,0,1000000,3000,4
469005,469005,1876020,3442,300,1200,707.0,0.0,707.0,824,824,528.78,17,0,1000000,3000,4
469390,469390,1877560,3443,385,1540,1289.0,0.0,1289.0,1415,1415,671.3740259740259,29,0,1000000,3000,4
469445,469445,1877780,3444,55,220,204.0,0.0,204.0,272,272,164.03636363636363,6,0,1000000,3000,4
469591,469591,1878364,3445,146,584,591.0,0.0,591.0,677,677,323.0753424657534,14,0,1000000,3000,4
469715,469715,1878860,3446,124,496,571.0,0.0,571.0,651,651,382.7096774193548,14,0,1000000,3000,4
470470,470470,1881880,3447,755,3020,919.0,0.0,919.0,1125,1125,755.1390728476821,23,0,1000000,3000,4
470691,470691,1882764,3448,221,884,785.0,0.0,785.0,886,886,522.8371040723982,18,0,1000000,3000,4
471078,471078,1884312,3449,387,1548,724.0,0.0,724.0,857,857,615.4005167958657,18,0,1000000,3000,4
471134,471134,1884536,3450,56,224,202.0,0.0,202.0,270,270,146.375,6,0,1000000,3000,4
471490,471490,1885960,3451,356,1424,1003.0,0.0,1003.0,1131,1131,556.5421348314607,23,0,1000000,3000,4
471568,471568,1886272,3452,78,312,181.0,0.0,181.0,252,252,135.97435897435898,6,0,1000000,3000,4
472908,472908,1891632,3453,1340,5360,807.0,0.0,807.0,1131,1131,823.473880597015,23,0,1000000,3000,4
473373,473373,1893492,3454,465,1860,998.0,0.0,998.0,1148,1148,699.3483870967742,23,0,1000000,3000,4
473411,473411,1893644,3455,38,152,242.0,0.0,242.0,306,306,156.05263157894737,7,0,1000000,3000,4
473461,473461,1893844,3456,50,200,229.0,0.0,229.0,295,295,142.1,6,0,1000000,3000,4
473500,473500,1894000,3457,39,156,240.0,0.0,240.0,303,303,154.12820512820514,7,0,1000000,3000,4
474180,474180,1896720,3458,680,2720,707.0,0.0,707.0,898,899,675.1720588235294,18,0,1000000,3000,4
474221,474221,1896884,3459,41,164,236.0,0.0,236.0,301,301,147.390243902439,7,0,1000000,3000,4
474378,474378,1897512,3460,157,628,705.0,0.0,705.0,792,792,454.28662420382165,16,0,1000000,3000,4
474705,474705,1898820,3461,327,1308,1004.0,0.0,1004.0,1125,1125,606.7767584097859,23,0,1000000,3000,4
475984,475984,1903936,3462,1279,5116,826.0,0.0,826.0,1138,1138,815.4409695074277,23,0,1000000,3000,4
476510,476510,1906040,3463,526,2104,960.0,0.0,960.0,1121,1121,682.522813688213,23,0,1000000,3000,4
476568,476568,1906272,3464,58,232,220.0,0.0,220.0,286,286,138.20689655172413,6,0,1000000,3000,4
476611,476611,1906444,3465,43,172,229.0,0.0,229.0,293,293,152.86046511627907,6,0,1000000,3000,4
476672,476672,1906688,3466,61,244,217.0,0.0,217.0,286,286,132.95081967213116,6,0,1000000,3000,4
478344,478344,1913376,3467,1672,6688,462.0,0.0,462.0,853,853,664.7278708133971,18,0,1000000,3000,4
478390,478390,1913560,3468,46,184,216.0,0.0,216.0,281,281,164.58695652173913,6,0,1000000,3000,4
478516,478516,1914064,3469,126,504,582.0,0.0,582.0,664,664,396.62698412698415,14,0,1000000,3000,4
478644,478644,1914576,3470,128,512,603.0,0.0,603.0,685,685,353.5,14,0,1000000,3000,4
478688,478688,1914752,3471,44,176,228.0,0.0,228.0,293,293,158.02272727272728,6,0,1000000,3000,4
478735,478735,1914940,3472,47,188,229.0,0.0,229.0,295,295,144.82978723404256,6,0,1000000,3000,4
478780,478780,1915120,3473,45,180,239.0,0.0,239.0,303,303,137.75555555555556,7,0,1000000,3000,4
479874,479874,1919496,3474,1094,4376,860.0,0.0,860.0,1134,1134,707.644424131627,23,0,1000000,3000,4
480137,480137,1920548,3475,263,1052,707.0,0.0,707.0,815,815,520.9049429657795,17,0,1000000,3000,4
480203,480203,1920812,3476,66,264,219.0,0.0,219.0,288,288,120.65151515151516,6,0,1000000,3000,4
480313,480313,1921252,3477,110,440,600.0,0.0,600.0,679,679,383.0,14,0,1000000,3000,4
480359,480359,1921436,3478,46,184,229.0,0.0,229.0,295,295,153.3695652173913,6,0,1000000,3000,4
480631,480631,1922524,3479,272,1088,565.0,0.0,565.0,675,675,481.8897058823529,14,0,1000000,3000,4
480682,480682,1922728,3480,51,204,221.0,0.0,221.0,288,288,143.80392156862746,6,0,1000000,3000,4
480730,480730,1922920,3481,48,192,221.0,0.0,221.0,287,287,149.39583333333334,6,0,1000000,3000,4
480777,480777,1923108,3482,47,188,228.0,0.0,228.0,294,294,148.87234042553192,6,0,1000000,3000,4
480958,480958,1923832,3483,181,724,631.0,0.0,631.0,722,722,434.5359116022099,15,0,1000000,3000,4
481125,481125,1924500,3484,167,668,706.0,0.0,706.0,796,796,480.45508982035926,16,0,1000000,3000,4
481239,481239,1924956,3485,114,456,616.0,0.0,616.0,696,696,364.57894736842104,14,0,1000000,3000,4
481423,481423,1925692,3486,184,736,590.0,0.0,590.0,683,683,446.4945652173913,14,0,1000000,3000,4
481469,481469,1925876,3487,46,184,221.0,0.0,221.0,286,286,162.32608695652175,6,0,1000000,3000,4
481517,481517,1926068,3488,48,192,219.0,0.0,219.0,284,284,161.08333333333334,6,0,1000000,3000,4
481875,481875,1927500,3489,358,1432,712.0,0.0,712.0,840,840,585.4497206703911,17,0,1000000,3000,4
482131,482131,1928524,3490,256,1024,1024.0,0.0,1024.0,1131,1131,564.8359375,23,0,1000000,3000,4
482334,482334,1929336,3491,203,812,802.0,0.0,802.0,897,898,534.6108374384237,18,0,1000000,3000,4
482378,482378,1929512,3492,44,176,232.0,0.0,232.0,297,297,153.61363636363637,6,0,1000000,3000,4
482419,482419,1929676,3493,41,164,229.0,0.0,229.0,294,294,159.41463414634146,6,0,1000000,3000,4
482603,482603,1930412,3494,184,736,706.0,0.0,706.0,799,799,476.32065217391306,16,0,1000000,3000,4
482650,482650,1930600,3495,47,188,228.0,0.0,228.0,294,294,147.48936170212767,6,0,1000000,3000,4
483898,483898,1935592,3496,1248,4992,819.0,0.0,819.0,1125,1125,796.2620192307693,23,0,1000000,3000,4
483930,483930,1935720,3497,32,128,239.0,0.0,239.0,302,302,163.84375,7,0,1000000,3000,4
484325,484325,1937300,3498,395,1580,998.0,0.0,998.0,1133,1133,642.0227848101266,23,0,1000000,3000,4
484883,484883,1939532,3499,558,2232,661.0,0.0,661.0,828,828,647.741935483871,17,0,1000000,3000,4
485045,485045,1940180,3500,162,648,635.0,0.0,635.0,722,722,481.0679012345679,15,0,1000000,3000,4
485090,485090,1940360,3501,45,180,220.0,0.0,220.0,285,285,162.2888888888889,6,0,1000000,3000,4
485131,485131,1940524,3502,41,164,232.0,0.0,232.0,297,297,159.73170731707316,6,0,1000000,3000,4
485180,485180,1940720,3503,49,196,220.0,0.0,220.0,285,285,155.85714285714286,6,0,1000000,3000,4
485226,485226,1940904,3504,46,184,229.0,0.0,229.0,294,294,150.41304347826087,6,0,1000000,3000,4
485270,485270,1941080,3505,44,176,229.0,0.0,229.0,294,294,155.36363636363637,6,0,1000000,3000,4
485585,485585,1942340,3506,315,1260,1010.0,0.0,1010.0,1128,1128,679.1396825396826,23,0,1000000,3000,4
485626,485626,1942504,3507,41,164,233.0,0.0,233.0,297,297,162.390243902439,6,0,1000000,3000,4
485673,485673,1942692,3508,47,188,221.0,0.0,221.0,286,286,164.10638297872342,6,0,1000000,3000,4
485719,485719,1942876,3509,46,184,217.0,0.0,217.0,283,283,162.15217391304347,6,0,1000000,3000,4
485843,485843,1943372,3510,124,496,601.0,0.0,601.0,682,682,386.6532258064516,14,0,1000000,3000,4
486104,486104,1944416,3511,261,1044,1027.0,0.0,1027.0,1136,1136,637.5325670498084,23,0,1000000,3000,4
486146,486146,1944584,3512,42,168,231.0,0.0,231.0,296,296,160.6904761904762,6,0,1000000,3000,4
486186,486186,1944744,3513,40,160,230.0,0.0,230.0,295,295,160.475,6,0,1000000,3000,4
486226,486226,1944904,3514,40,160,230.0,0.0,230.0,295,295,159.95,6,0,1000000,3000,4
486268,486268,1945072,3515,42,168,232.0,0.0,232.0,296,296,155.14285714285714,6,0,1000000,3000,4
486313,486313,1945252,3516,45,180,219.0,0.0,219.0,285,285,168.44444444444446,6,0,1000000,3000,4
486647,486647,1946588,3517,334,1336,1283.0,0.0,1283.0,1406,1406,698.7694610778443,29,0,1000000,3000,4
486689,486689,1946756,3518,42,168,230.0,0.0,230.0,295,295,155.78571428571428,6,0,1000000,3000,4
486861,486861,1947444,3519,172,688,791.0,0.0,791.0,882,882,523.6569767441861,18,0,1000000,3000,4
486903,486903,1947612,3520,42,168,232.0,0.0,232.0,297,297,156.47619047619048,6,0,1000000,3000,4
487017,487017,1948068,3521,114,456,611.0,0.0,611.0,690,690,356.780701754386,14,0,1000000,3000,4
487229,487229,1948916,3522,212,848,1030.0,0.0,1030.0,1129,1129,582.25,23,0,1000000,3000,4
487412,487412,1949648,3523,183,732,730.0,0.0,730.0,822,822,476.6666666666667,17,0,1000000,3000,4
487453,487453,1949812,3524,41,164,233.0,0.0,233.0,298,298,162.34146341463415,6,0,1000000,3000,4
487669,487669,1950676,3525,216,864,1027.0,0.0,1027.0,1126,1126,634.8796296296297,23,0,1000000,3000,4
487903,487903,1951612,3526,234,936,1034.0,0.0,1034.0,1137,1137,642.7393162393163,23,0,1000000,3000,4
488065,488065,1952260,3527,162,648,751.0,0.0,751.0,840,840,476.5061728395062,17,0,1000000,3000,4
488181,488181,1952724,3528,116,464,625.0,0.0,625.0,705,705,353.7758620689655,15,0,1000000,3000,4
488292,488292,1953168,3529,111,444,601.0,0.0,601.0,680,680,370.9549549549549,14,0,1000000,3000,4
488333,488333,1953332,3530,41,164,232.0,0.0,232.0,296,296,157.8048780487805,6,0,1000000,3000,4
488587,488587,1954348,3531,254,1016,1307.0,0.0,1307.0,1413,1413,720.7086614173228,29,0,1000000,3000,4
488691,488691,1954764,3532,104,416,617.0,0.0,617.0,694,694,372.6442307692308,14,0,1000000,3000,4
488898,488898,1955592,3533,207,828,802.0,0.0,802.0,898,899,555.9082125603865,18,0,1000000,3000,4
488939,488939,1955756,3534,41,164,230.0,0.0,230.0,295,295,159.70731707317074,6,0,1000000,3000,4
489100,489100,1956400,3535,161,644,635.0,0.0,635.0,722,723,480.3478260869565,15,0,1000000,3000,4
489267,489267,1957068,3536,167,668,634.0,0.0,634.0,722,722,483.5329341317365,15,0,1000000,3000,4
489569,489569,1958276,3537,302,1208,1297.0,0.0,1297.0,1412,1412,745.4039735099337,29,0,1000000,3000,4
489677,489677,1958708,3538,108,432,600.0,0.0,600.0,678,678,381.14814814814815,14,0,1000000,3000,4
489912,489912,1959648,3539,235,940,1034.0,0.0,1034.0,1138,1138,634.2936170212766,23,0,1000000,3000,4
490084,490084,1960336,3540,172,688,809.0,0.0,809.0,898,898,541.6744186046511,18,0,1000000,3000,4
490190,490190,1960760,3541,106,424,625.0,0.0,625.0,703,703,358.4622641509434,15,0,1000000,3000,4
490310,490310,1961240,3542,120,480,613.0,0.0,613.0,693,693,369.125,14,0,1000000,3000,4
490650,490650,1962600,3543,340,1360,1278.0,0.0,1278.0,1403,1403,759.3411764705883,29,0,1000000,3000,4
490884,490884,1963536,3544,234,936,1308.0,0.0,1308.0,1410,1410,723.1709401709402,29,0,1000000,3000,4
491126,491126,1964504,3545,242,968,1036.0,0.0,1036.0,1140,1140,626.7066115702479,23,0,1000000,3000,4
491167,491167,1964668,3546,41,164,231.0,0.0,231.0,296,296,157.609756097561,6,0,1000000,3000,4
491367,491367,1965468,3547,200,800,1043.0,0.0,1043.0,1138,1138,586.55,23,0,1000000,3000,4
491573,491573,1966292,3548,206,824,1027.0,0.0,1027.0,1123,1123,610.4223300970874,23,0,1000000,3000,4
491618,491618,1966472,3549,45,180,217.0,0.0,217.0,283,283,167.9777777777778,6,0,1000000,3000,4
491660,491660,1966640,3550,42,168,230.0,0.0,230.0,295,295,155.04761904761904,6,0,1000000,3000,4
491993,491993,1967972,3551,333,1332,1287.0,0.0,1287.0,1410,1410,740.5735735735735,29,0,1000000,3000,4
492191,492191,1968764,3552,198,792,1036.0,0.0,1036.0,1131,1131,590.5959595959596,23,0,1000000,3000,4
492290,492290,1969160,3553,99,396,628.0,0.0,628.0,704,704,362.5959595959596,15,0,1000000,3000,4
492443,492443,1969772,3554,153,612,720.0,0.0,720.0,807,807,470.8496732026144,17,0,1000000,3000,4
492652,492652,1970608,3555,209,836,1040.0,0.0,1040.0,1138,1138,632.578947368421,23,0,1000000,3000,4
492844,492844,1971376,3556,192,768,1033.0,0.0,1033.0,1126,1126,599.390625,23,0,1000000,3000,4
492943,492943,1971772,3557,99,396,627.0,0.0,627.0,703,703,365.8181818181818,15,0,1000000,3000,4
493100,493100,1972400,3558,157,628,636.0,0.0,636.0,722,722,475.687898089172,15,0,1000000,3000,4
493211,493211,1972844,3559,111,444,595.0,0.0,595.0,673,673,386.65765765765764,14,0,1000000,3000,4
493419,493419,1973676,3560,208,832,1036.0,0.0,1036.0,1134,1134,601.2884615384615,23,0,1000000,3000,4
493460,493460,1973840,3561,41,164,231.0,0.0,231.0,296,296,160.609756097561,6,0,1000000,3000,4
493566,493566,1974264,3562,106,424,620.0,0.0,620.0,697,697,365.5,14,0,1000000,3000,4
493606,493606,1974424,3563,40,160,231.0,0.0,231.0,296,296,160.55,6,0,1000000,3000,4
493652,493652,1974608,3564,46,184,216.0,0.0,216.0,282,282,169.7826086956522,6,0,1000000,3000,4
493920,493920,1975680,3565,268,1072,1300.0,0.0,1300.0,1410,1410,714.6529850746268,29,0,1000000,3000,4
494092,494092,1976368,3566,172,688,789.0,0.0,789.0,880,880,519.5755813953489,18,0,1000000,3000,4
494199,494199,1976796,3567,107,428,604.0,0.0,604.0,682,682,380.23364485981307,14,0,1000000,3000,4
494239,494239,1976956,3568,40,160,231.0,0.0,231.0,296,296,160.55,6,0,1000000,3000,4
494283,494283,1977132,3569,44,176,223.0,0.0,223.0,288,288,167.29545454545453,6,0,1000000,3000,4
494327,494327,1977308,3570,44,176,222.0,0.0,222.0,286,286,166.6818181818182,6,0,1000000,3000,4
494440,494440,1977760,3571,113,452,602.0,0.0,602.0,680,680,382.07964601769913,14,0,1000000,3000,4
494481,494481,1977924,3572,41,164,232.0,0.0,232.0,297,297,161.46341463414635,6,0,1000000,3000,4
494664,494664,1978656,3573,183,732,773.0,0.0,773.0,866,866,527.3879781420765,18,0,1000000,3000,4
494799,494799,1979196,3574,135,540,586.0,0.0,586.0,670,670,394.74074074074076,14,0,1000000,3000,4
494839,494839,1979356,3575,40,160,230.0,0.0,230.0,295,295,159.925,6,0,1000000,3000,4
495021,495021,1980084,3576,182,728,753.0,0.0,753.0,846,846,500.02197802197804,17,0,1000000,3000,4
495061,495061,1980244,3577,40,160,230.0,0.0,230.0,295,295,160.475,6,0,1000000,3000,4
495169,495169,1980676,3578,108,432,603.0,0.0,603.0,680,680,379.14814814814815,14,0,1000000,3000,4
495213,495213,1980852,3579,44,176,224.0,0.0,224.0,288,288,165.6818181818182,6,0,1000000,3000,4
495452,495452,1981808,3580,239,956,1117.0,0.0,1117.0,1220,1220,666.3807531380753,25,0,1000000,3000,4
495492,495492,1981968,3581,40,160,231.0,0.0,231.0,296,296,160.55,6,0,1000000,3000,4
495661,495661,1982644,3582,169,676,634.0,0.0,634.0,722,722,459.8816568047337,15,0,1000000,3000,4
495846,495846,1983384,3583,185,740,784.0,0.0,784.0,877,877,509.0972972972973,18,0,1000000,3000,4
495958,495958,1983832,3584,112,448,627.0,0.0,627.0,706,706,365.3482142857143,15,0,1000000,3000,4
496208,496208,1984832,3585,250,1000,1296.0,0.0,1296.0,1402,1402,707.892,29,0,1000000,3000,4
496248,496248,1984992,3586,40,160,231.0,0.0,231.0,296,296,160.55,6,0,1000000,3000,4
496288,496288,1985152,3587,40,160,231.0,0.0,231.0,296,296,160.55,6,0,1000000,3000,4
496329,496329,1985316,3588,41,164,232.0,0.0,232.0,297,297,161.34146341463415,6,0,1000000,3000,4
496369,496369,1985476,3589,40,160,231.0,0.0,231.0,296,296,160.55,6,0,1000000,3000,4
496470,496470,1985880,3590,101,404,620.0,0.0,620.0,696,696,369.029702970297,14,0,1000000,3000,4
496511,496511,1986044,3591,41,164,232.0,0.0,232.0,297,297,161.34146341463415,6,0,1000000,3000,4
496618,496618,1986472,3592,107,428,604.0,0.0,604.0,682,682,375.02803738317755,14,0,1000000,3000,4
496867,496867,1987468,3593,249,996,1022.0,0.0,1022.0,1127,1127,635.1044176706828,23,0,1000000,3000,4
496979,496979,1987916,3594,112,448,604.0,0.0,604.0,682,682,380.63392857142856,14,0,1000000,3000,4
497168,497168,1988672,3595,189,756,1045.0,0.0,1045.0,1139,1139,587.7513227513227,23,0,1000000,3000,4
497300,497300,1989200,3596,132,528,594.0,0.0,594.0,677,677,384.75,14,0,1000000,3000,4
497523,497523,1990092,3597,223,892,1025.0,0.0,1025.0,1125,1125,613.9237668161435,23,0,1000000,3000,4
497564,497564,1990256,3598,41,164,233.0,0.0,233.0,297,297,162.9268292682927,6,0,1000000,3000,4
497605,497605,1990420,3599,41,164,233.0,0.0,233.0,298,298,162.2439024390244,6,0,1000000,3000,4
497648,497648,1990592,3600,43,172,231.0,0.0,231.0,296,296,152.86046511627907,6,0,1000000,3000,4
497693,497693,1990772,3601,45,180,223.0,0.0,223.0,287,287,168.06666666666666,6,0,1000000,3000,4
497801,497801,1991204,3602,108,432,620.0,0.0,620.0,697,697,370.3703703703704,14,0,1000000,3000,4
497911,497911,1991644,3603,110,440,614.0,0.0,614.0,692,692,377.41818181818184,14,0,1000000,3000,4
498231,498231,1992924,3604,320,1280,1292.0,0.0,1292.0,1411,1411,772.18125,29,0,1000000,3000,4
498449,498449,1993796,3605,218,872,1039.0,0.0,1039.0,1139,1139,650.8302752293578,23,0,1000000,3000,4
498655,498655,1994620,3606,206,824,1041.0,0.0,1041.0,1138,1138,609.3689320388349,23,0,1000000,3000,4
498826,498826,1995304,3607,171,684,809.0,0.0,809.0,898,898,514.7953216374269,18,0,1000000,3000,4
498993,498993,1995972,3608,167,668,592.0,0.0,592.0,682,682,425.47904191616766,14,0,1000000,3000,4
499237,499237,1996948,3609,244,976,1034.0,0.0,1034.0,1138,1138,616.2213114754098,23,0,1000000,3000,4
499536,499536,1998144,3610,299,1196,1022.0,0.0,1022.0,1137,1137,671.4113712374582,23,0,1000000,3000,4
499752,499752,1999008,3611,216,864,1039.0,0.0,1039.0,1138,1138,634.6898148148148,23,0,1000000,3000,4
499792,499792,1999168,3612,40,160,231.0,0.0,231.0,295,295,160.525,6,0,1000000,3000,4
500043,500043,2000172,3613,251,1004,1019.0,0.0,1019.0,1125,1125,610.8844621513945,23,0,1000000,3000,4
500084,500084,2000336,3614,41,164,230.0,0.0,230.0,295,295,161.26829268292684,6,0,1000000,3000,4
500207,500207,2000828,3615,123,492,596.0,0.0,596.0,677,677,376.9268292682927,14,0,1000000,3000,4
500332,500332,2001328,3616,125,500,591.0,0.0,591.0,671,671,388.464,14,0,1000000,3000,4
500527,500527,2002108,3617,195,780,1043.0,0.0,1043.0,1138,1138,605.251282051282,23,0,1000000,3000,4
500568,500568,2002272,3618,41,164,232.0,0.0,232.0,297,297,159.390243902439,6,0,1000000,3000,4
500845,500845,2003380,3619,277,1108,1026.0,0.0,1026.0,1138,1138,670.8231046931407,23,0,1000000,3000,4
500886,500886,2003544,3620,41,164,231.0,0.0,231.0,295,295,160.6341463414634,6,0,1000000,3000,4
500988,500988,2003952,3621,102,408,620.0,0.0,620.0,697,697,367.51960784313724,14,0,1000000,3000,4
501030,501030,2004120,3622,42,168,231.0,0.0,231.0,296,296,158.8095238095238,6,0,1000000,3000,4
501197,501197,2004788,3623,167,668,634.0,0.0,634.0,722,723,469.8023952095808,15,0,1000000,3000,4
501393,501393,2005572,3624,196,784,1031.0,0.0,1031.0,1126,1126,604.7755102040817,23,0,1000000,3000,4
501687,501687,2006748,3625,294,1176,1296.0,0.0,1296.0,1411,1411,754.1598639455782,29,0,1000000,3000,4
501794,501794,2007176,3626,107,428,606.0,0.0,606.0,683,683,390.50467289719626,14,0,1000000,3000,4
501947,501947,2007788,3627,153,612,762.0,0.0,762.0,849,849,489.2549019607843,17,0,1000000,3000,4
502188,502188,2008752,3628,241,964,1034.0,0.0,1034.0,1139,1139,585.3153526970955,23,0,1000000,3000,4
502229,502229,2008916,3629,41,164,231.0,0.0,231.0,295,295,162.2439024390244,6,0,1000000,3000,4
502329,502329,2009316,3630,100,400,627.0,0.0,627.0,702,702,364.12,15,0,1000000,3000,4
502487,502487,2009948,3631,158,632,583.0,0.0,583.0,671,671,426.22151898734177,14,0,1000000,3000,4
502603,502603,2010412,3632,116,464,613.0,0.0,613.0,693,693,376.11206896551727,14,0,1000000,3000,4
502728,502728,2010912,3633,125,500,587.0,0.0,587.0,669,669,389.032,14,0,1000000,3000,4
502855,502855,2011420,3634,127,508,609.0,0.0,609.0,691,691,380.3543307086614,14,0,1000000,3000,4
503230,503230,2012920,3635,375,1500,1281.0,0.0,1281.0,1411,1411,773.2453333333333,29,0,1000000,3000,4
503330,503330,2013320,3636,100,400,627.0,0.0,627.0,703,703,362.01,15,0,1000000,3000,4
503516,503516,2014064,3637,186,744,1045.0,0.0,1045.0,1138,1138,600.8978494623656,23,0,1000000,3000,4
503620,503620,2014480,3638,104,416,625.0,0.0,625.0,702,702,368.3942307692308,15,0,1000000,3000,4
503868,503868,2015472,3639,248,992,1032.0,0.0,1032.0,1138,1138,618.1693548387096,23,0,1000000,3000,4
504168,504168,2016672,3640,300,1200,1295.0,0.0,1295.0,1410,1410,757.7033333333334,29,0,1000000,3000,4
504289,504289,2017156,3641,121,484,607.0,0.0,607.0,687,687,386.5702479338843,14,0,1000000,3000,4
504513,504513,2018052,3642,224,896,1028.0,0.0,1028.0,1129,1129,620.9955357142857,23,0,1000000,3000,4
504619,504619,2018476,3643,106,424,627.0,0.0,627.0,705,705,368.0,15,0,1000000,3000,4
504734,504734,2018936,3644,115,460,598.0,0.0,598.0,677,677,383.4782608695652,14,0,1000000,3000,4
504775,504775,2019100,3645,41,164,231.0,0.0,231.0,296,296,161.09756097560975,6,0,1000000,3000,4
504819,504819,2019276,3646,44,176,225.0,0.0,225.0,290,290,164.0909090909091,6,0,1000000,3000,4
504935,504935,2019740,3647,116,464,607.0,0.0,607.0,686,686,370.69827586206895,14,0,1000000,3000,4
504976,504976,2019904,3648,41,164,229.0,0.0,229.0,294,294,160.46341463414635,6,0,1000000,3000,4
505087,505087,2020348,3649,111,444,617.0,0.0,617.0,696,696,372.4054054054054,14,0,1000000,3000,4
505300,505300,2021200,3650,213,852,801.0,0.0,801.0,898,898,543.7793427230047,18,0,1000000,3000,4
505405,505405,2021620,3651,105,420,617.0,0.0,617.0,693,693,369.79047619047617,14,0,1000000,3000,4
505620,505620,2022480,3652,215,860,1025.0,0.0,1025.0,1123,1124,600.1116279069768,23,0,1000000,3000,4
505814,505814,2023256,3653,194,776,1042.0,0.0,1042.0,1137,1137,585.360824742268,23,0,1000000,3000,4
506138,506138,2024552,3654,324,1296,1660.0,0.0,1660.0,1780,1780,868.2592592592592,36,0,1000000,3000,4
506451,506451,2025804,3655,313,1252,1284.0,0.0,1284.0,1402,1402,720.591054313099,29,0,1000000,3000,4
506579,506579,2026316,3656,128,512,611.0,0.0,611.0,693,693,367.1640625,14,0,1000000,3000,4
506630,506630,2026520,3657,51,204,217.0,0.0,217.0,283,283,158.4313725490196,6,0,1000000,3000,4
506934,506934,2027736,3658,304,1216,1307.0,0.0,1307.0,1424,1424,703.5625,29,0,1000000,3000,4
506988,506988,2027952,3659,54,216,206.0,0.0,206.0,272,272,161.66666666666666,6,0,1000000,3000,4
507103,507103,2028412,3660,115,460,619.0,0.0,619.0,697,697,363.6,14,0,1000000,3000,4
507236,507236,2028944,3661,133,532,609.0,0.0,609.0,692,692,370.7368421052632,14,0,1000000,3000,4
507541,507541,2030164,3662,305,1220,783.0,0.0,783.0,898,899,623.5475409836066,18,0,1000000,3000,4
507720,507720,2030880,3663,179,716,610.0,0.0,610.0,702,702,446.16759776536315,15,0,1000000,3000,4
507964,507964,2031856,3664,244,976,1033.0,0.0,1033.0,1138,1138,617.3770491803278,23,0,1000000,3000,4
508197,508197,2032788,3665,233,932,1036.0,0.0,1036.0,1139,1139,620.9527896995709,23,0,1000000,3000,4
508418,508418,2033672,3666,221,884,1033.0,0.0,1033.0,1134,1134,601.0452488687782,23,0,1000000,3000,4
508583,508583,2034332,3667,165,660,741.0,0.0,741.0,830,830,489.8909090909091,17,0,1000000,3000,4
508827,508827,2035308,3668,244,976,1033.0,0.0,1033.0,1138,1138,600.0409836065573,23,0,1000000,3000,4
508869,508869,2035476,3669,42,168,231.0,0.0,231.0,296,296,159.0,6,0,1000000,3000,4
509065,509065,2036260,3670,196,784,745.0,0.0,745.0,841,841,501.4234693877551,17,0,1000000,3000,4
509109,509109,2036436,3671,44,176,231.0,0.0,231.0,295,295,149.5681818181818,6,0,1000000,3000,4
509152,509152,2036608,3672,43,172,231.0,0.0,231.0,296,296,158.6046511627907,6,0,1000000,3000,4
509196,509196,2036784,3673,44,176,232.0,0.0,232.0,296,296,152.38636363636363,6,0,1000000,3000,4
509242,509242,2036968,3674,46,184,215.0,0.0,215.0,281,281,168.56521739130434,6,0,1000000,3000,4
509288,509288,2037152,3675,46,184,217.0,0.0,217.0,283,283,167.1086956521739,6,0,1000000,3000,4
509400,509400,2037600,3676,112,448,612.0,0.0,612.0,691,691,367.41964285714283,14,0,1000000,3000,4
509627,509627,2038508,3677,227,908,1120.0,0.0,1120.0,1221,1221,654.1277533039647,25,0,1000000,3000,4
509735,509735,2038940,3678,108,432,627.0,0.0,627.0,704,704,360.93518518518516,15,0,1000000,3000,4
509777,509777,2039108,3679,42,168,231.0,0.0,231.0,295,295,159.57142857142858,6,0,1000000,3000,4
509827,509827,2039308,3680,50,200,211.0,0.0,211.0,278,278,165.72,6,0,1000000,3000,4
509949,509949,2039796,3681,122,488,607.0,0.0,607.0,688,688,371.3360655737705,14,0,1000000,3000,4
509994,509994,2039976,3682,45,180,231.0,0.0,231.0,296,296,151.86666666666667,6,0,1000000,3000,4
510038,510038,2040152,3683,44,176,231.0,0.0,231.0,295,295,151.27272727272728,6,0,1000000,3000,4
510080,510080,2040320,3684,42,168,233.0,0.0,233.0,298,298,157.3095238095238,6,0,1000000,3000,4
510405,510405,2041620,3685,325,1300,1017.0,0.0,1017.0,1138,1138,716.9907692307693,23,0,1000000,3000,4
510456,510456,2041824,3686,51,204,211.0,0.0,211.0,277,277,161.90196078431373,6,0,1000000,3000,4
510693,510693,2042772,3687,237,948,1030.0,0.0,1030.0,1134,1134,614.5527426160338,23,0,1000000,3000,4
511099,511099,2044396,3688,406,1624,1249.0,0.0,1249.0,1386,1386,804.7093596059113,28,0,1000000,3000,4
511363,511363,2045452,3689,264,1056,1030.0,0.0,1030.0,1138,1138,563.5530303030303,23,0,1000000,3000,4
511704,511704,2046816,3690,341,1364,1385.0,0.0,1385.0,1509,1509,676.4780058651027,31,0,1000000,3000,4
511953,511953,2047812,3691,249,996,1032.0,0.0,1032.0,1138,1138,583.9718875502008,23,0,1000000,3000,4
512059,512059,2048236,3692,106,424,621.0,0.0,621.0,699,699,364.50943396226415,14,0,1000000,3000,4
512101,512101,2048404,3693,42,168,233.0,0.0,233.0,297,297,155.85714285714286,6,0,1000000,3000,4
512141,512141,2048564,3694,40,160,231.0,0.0,231.0,296,296,160.55,6,0,1000000,3000,4
512182,512182,2048728,3695,41,164,230.0,0.0,230.0,295,295,160.9268292682927,6,0,1000000,3000,4
512428,512428,2049712,3696,246,984,1034.0,0.0,1034.0,1140,1140,616.7967479674796,23,0,1000000,3000,4
512660,512660,2050640,3697,232,928,797.0,0.0,797.0,898,898,579.9612068965517,18,0,1000000,3000,4
512851,512851,2051404,3698,191,764,1044.0,0.0,1044.0,1139,1139,574.6020942408377,23,0,1000000,3000,4
512892,512892,2051568,3699,41,164,233.0,0.0,233.0,297,297,163.21951219512195,6,0,1000000,3000,4
513129,513129,2052516,3700,237,948,1035.0,0.0,1035.0,1138,1138,580.3037974683544,23,0,1000000,3000,4
513370,513370,2053480,3701,241,964,1305.0,0.0,1305.0,1410,1410,734.3402489626556,29,0,1000000,3000,4
513412,513412,2053648,3702,42,168,230.0,0.0,230.0,295,295,157.54761904761904,6,0,1000000,3000,4
513681,513681,2054724,3703,269,1076,1294.0,0.0,1294.0,1404,1404,718.8364312267659,29,0,1000000,3000,4
513726,513726,2054904,3704,45,180,221.0,0.0,221.0,286,286,168.13333333333333,6,0,1000000,3000,4
514002,514002,2056008,3705,276,1104,788.0,0.0,788.0,898,898,639.731884057971,18,0,1000000,3000,4
514120,514120,2056480,3706,118,472,617.0,0.0,617.0,697,697,371.89830508474574,14,0,1000000,3000,4
514225,514225,2056900,3707,105,420,626.0,0.0,626.0,702,702,365.15238095238095,15,0,1000000,3000,4
514474,514474,2057896,3708,249,996,1314.0,0.0,1314.0,1420,1420,745.285140562249,29,0,1000000,3000,4
514579,514579,2058316,3709,105,420,626.0,0.0,626.0,703,703,360.6095238095238,15,0,1000000,3000,4
514629,514629,2058516,3710,50,200,213.0,0.0,213.0,279,279,160.42,6,0,1000000,3000,4
514872,514872,2059488,3711,243,972,1305.0,0.0,1305.0,1409,1409,716.4444444444445,29,0,1000000,3000,4
515062,515062,2060248,3712,190,760,1045.0,0.0,1045.0,1138,1138,582.3578947368421,23,0,1000000,3000,4
515178,515178,2060712,3713,116,464,614.0,0.0,614.0,694,694,346.30172413793105,14,0,1000000,3000,4
515286,515286,2061144,3714,108,432,623.0,0.0,623.0,701,701,369.02777777777777,15,0,1000000,3000,4
515460,515460,2061840,3715,174,696,767.0,0.0,767.0,857,857,497.78735632183907,18,0,1000000,3000,4
515502,515502,2062008,3716,42,168,230.0,0.0,230.0,295,295,155.83333333333334,6,0,1000000,3000,4
515619,515619,2062476,3717,117,468,601.0,0.0,601.0,680,680,377.44444444444446,14,0,1000000,3000,4
515661,515661,2062644,3718,42,168,229.0,0.0,229.0,293,293,159.04761904761904,6,0,1000000,3000,4
515909,515909,2063636,3719,248,992,1305.0,0.0,1305.0,1411,1411,694.5403225806451,29,0,1000000,3000,4
516012,516012,2064048,3720,103,412,626.0,0.0,626.0,703,703,357.5145631067961,15,0,1000000,3000,4
516170,516170,2064680,3721,158,632,740.0,0.0,740.0,827,827,464.27848101265823,17,0,1000000,3000,4
516279,516279,2065116,3722,109,436,628.0,0.0,628.0,705,705,360.6788990825688,15,0,1000000,3000,4
516398,516398,2065592,3723,119,476,602.0,0.0,602.0,682,682,379.2857142857143,14,0,1000000,3000,4
516618,516618,2066472,3724,220,880,1039.0,0.0,1039.0,1138,1138,628.3181818181819,23,0,1000000,3000,4
516749,516749,2066996,3725,131,524,597.0,0.0,597.0,680,680,386.58015267175574,14,0,1000000,3000,4
516948,516948,2067792,3726,199,796,1043.0,0.0,1043.0,1139,1139,603.8743718592965,23,0,1000000,3000,4
516989,516989,2067956,3727,41,164,232.0,0.0,232.0,297,297,161.46341463414635,6,0,1000000,3000,4
517234,517234,2068936,3728,245,980,1306.0,0.0,1306.0,1411,1411,720.6163265306122,29,0,1000000,3000,4
517275,517275,2069100,3729,41,164,233.0,0.0,233.0,298,298,162.82926829268294,6,0,1000000,3000,4
517490,517490,2069960,3730,215,860,1041.0,0.0,1041.0,1141,1141,630.9674418604651,23,0,1000000,3000,4
517597,517597,2070388,3731,107,428,607.0,0.0,607.0,685,685,377.32710280373834,14,0,1000000,3000,4
517643,517643,2070572,3732,46,184,219.0,0.0,219.0,285,285,169.08695652173913,6,0,1000000,3000,4
517910,517910,2071640,3733,267,1068,1028.0,0.0,1028.0,1138,1138,675.2359550561798,23,0,1000000,3000,4
517951,517951,2071804,3734,41,164,232.0,0.0,232.0,296,296,163.0731707317073,6,0,1000000,3000,4
517992,517992,2071968,3735,41,164,233.0,0.0,233.0,298,298,162.46341463414635,6,0,1000000,3000,4
518099,518099,2072396,3736,107,428,605.0,0.0,605.0,683,683,379.04672897196264,14,0,1000000,3000,4
518221,518221,2072884,3737,122,488,585.0,0.0,585.0,666,666,394.9016393442623,14,0,1000000,3000,4
518261,518261,2073044,3738,40,160,231.0,0.0,231.0,296,296,160.55,6,0,1000000,3000,4
518302,518302,2073208,3739,41,164,231.0,0.0,231.0,296,296,158.5609756097561,6,0,1000000,3000,4
518460,518460,2073840,3740,158,632,745.0,0.0,745.0,833,833,471.74050632911394,17,0,1000000,3000,4
518642,518642,2074568,3741,182,728,1046.0,0.0,1046.0,1139,1139,594.3901098901099,23,0,1000000,3000,4
518688,518688,2074752,3742,46,184,222.0,0.0,222.0,288,288,160.65217391304347,6,0,1000000,3000,4
518860,518860,2075440,3743,172,688,809.0,0.0,809.0,898,898,546.5813953488372,18,0,1000000,3000,4
519005,519005,2076020,3744,145,580,708.0,0.0,708.0,793,793,397.7793103448276,16,0,1000000,3000,4
519047,519047,2076188,3745,42,168,229.0,0.0,229.0,293,293,158.97619047619048,6,0,1000000,3000,4
519193,519193,2076772,3746,146,584,584.0,0.0,584.0,670,670,426.52054794520546,14,0,1000000,3000,4
519497,519497,2077988,3747,304,1216,1293.0,0.0,1293.0,1409,1409,724.8552631578947,29,0,1000000,3000,4
519632,519632,2078528,3748,135,540,583.0,0.0,583.0,666,666,388.3333333333333,14,0,1000000,3000,4
519841,519841,2079364,3749,209,836,1029.0,0.0,1029.0,1125,1125,568.4832535885167,23,0,1000000,3000,4
519888,519888,2079552,3750,47,188,217.0,0.0,217.0,283,283,168.82978723404256,6,0,1000000,3000,4
520188,520188,2080752,3751,300,1200,1541.0,0.0,1541.0,1657,1657,806.8966666666666,34,0,1000000,3000,4
520352,520352,2081408,3752,164,656,635.0,0.0,635.0,722,722,483.6463414634146,15,0,1000000,3000,4
520397,520397,2081588,3753,45,180,232.0,0.0,232.0,296,296,154.0,6,0,1000000,3000,4
520614,520614,2082456,3754,217,868,1042.0,0.0,1042.0,1142,1142,608.4331797235023,23,0,1000000,3000,4
520869,520869,2083476,3755,255,1020,1307.0,0.0,1307.0,1412,1412,733.0431372549019,29,0,1000000,3000,4
521093,521093,2084372,3756,224,896,708.0,0.0,708.0,809,809,524.2142857142857,17,0,1000000,3000,4
521138,521138,2084552,3757,45,180,230.0,0.0,230.0,295,295,152.44444444444446,6,0,1000000,3000,4
521399,521399,2085596,3758,261,1044,791.0,0.0,791.0,898,898,613.4980842911878,18,0,1000000,3000,4
521541,521541,2086164,3759,142,568,609.0,0.0,609.0,693,693,383.00704225352115,14,0,1000000,3000,4
522036,522036,2088144,3760,495,1980,1254.0,0.0,1254.0,1410,1410,792.2040404040404,29,0,1000000,3000,4
522207,522207,2088828,3761,171,684,706.0,0.0,706.0,796,796,467.96491228070175,16,0,1000000,3000,4
522347,522347,2089388,3762,140,560,583.0,0.0,583.0,666,666,367.55,14,0,1000000,3000,4
522522,522522,2090088,3763,175,700,607.0,0.0,607.0,698,698,437.8457142857143,14,0,1000000,3000,4
522705,522705,2090820,3764,183,732,631.0,0.0,631.0,722,722,436.5245901639344,15,0,1000000,3000,4
522771,522771,2091084,3765,66,264,204.0,0.0,204.0,272,272,138.83333333333334,6,0,1000000,3000,4
523377,523377,2093508,3766,606,2424,961.0,0.0,961.0,1139,1139,647.2607260726072,23,0,1000000,3000,4
523424,523424,2093696,3767,47,188,230.0,0.0,230.0,296,296,145.59574468085106,6,0,1000000,3000,4
523468,523468,2093872,3768,44,176,227.0,0.0,227.0,291,291,155.72727272727272,6,0,1000000,3000,4
523516,523516,2094064,3769,48,192,220.0,0.0,220.0,285,285,158.58333333333334,6,0,1000000,3000,4
523652,523652,2094608,3770,136,544,589.0,0.0,589.0,672,672,376.1397058823529,14,0,1000000,3000,4
523705,523705,2094820,3771,53,212,221.0,0.0,221.0,288,288,144.45283018867926,6,0,1000000,3000,4
523748,523748,2094992,3772,43,172,233.0,0.0,233.0,297,297,157.30232558139534,6,0,1000000,3000,4
524038,524038,2096152,3773,290,1160,786.0,0.0,786.0,898,898,614.1344827586207,18,0,1000000,3000,4
524083,524083,2096332,3774,45,180,222.0,0.0,222.0,287,287,162.51111111111112,6,0,1000000,3000,4
524125,524125,2096500,3775,42,168,229.0,0.0,229.0,294,294,155.88095238095238,6,0,1000000,3000,4
524589,524589,2098356,3776,464,1856,991.0,0.0,991.0,1139,1139,740.5387931034483,23,0,1000000,3000,4
524698,524698,2098792,3777,109,436,625.0,0.0,625.0,702,702,364.73394495412845,15,0,1000000,3000,4
525140,525140,2100560,3778,442,1768,1512.0,0.0,1512.0,1657,1657,766.6968325791855,34,0,1000000,3000,4
525374,525374,2101496,3779,234,936,739.0,0.0,739.0,842,842,479.4188034188034,17,0,1000000,3000,4
525513,525513,2102052,3780,139,556,591.0,0.0,591.0,675,675,374.9208633093525,14,0,1000000,3000,4
525937,525937,2103748,3781,424,1696,993.0,0.0,993.0,1134,1134,681.5117924528302,23,0,1000000,3000,4
526075,526075,2104300,3782,138,552,591.0,0.0,591.0,675,675,356.3333333333333,14,0,1000000,3000,4
526273,526273,2105092,3783,198,792,748.0,0.0,748.0,844,844,452.6111111111111,17,0,1000000,3000,4
526467,526467,2105868,3784,194,776,744.0,0.0,744.0,839,839,528.8659793814433,17,0,1000000,3000,4
526711,526711,2106844,3785,244,976,1024.0,0.0,1024.0,1129,1129,616.1229508196722,23,0,1000000,3000,4
526755,526755,2107020,3786,44,176,229.0,0.0,229.0,294,294,153.70454545454547,6,0,1000000,3000,4
526812,526812,2107248,3787,57,228,207.0,0.0,207.0,274,274,153.21052631578948,6,0,1000000,3000,4
527036,527036,2108144,3788,224,896,1036.0,0.0,1036.0,1137,1137,618.7589285714286,23,0,1000000,3000,4
527238,527238,2108952,3789,202,808,1042.0,0.0,1042.0,1139,1139,569.7376237623762,23,0,1000000,3000,4
527479,527479,2109916,3790,241,964,1303.0,0.0,1303.0,1408,1408,696.9211618257261,29,0,1000000,3000,4
527527,527527,2110108,3791,48,192,212.0,0.0,212.0,278,278,170.6875,6,0,1000000,3000,4
527698,527698,2110792,3792,171,684,728.0,0.0,728.0,818,818,470.3625730994152,17,0,1000000,3000,4
527905,527905,2111620,3793,207,828,1040.0,0.0,1040.0,1138,1138,600.8309178743962,23,0,1000000,3000,4
528079,528079,2112316,3794,174,696,633.0,0.0,633.0,722,723,484.31609195402297,15,0,1000000,3000,4
528124,528124,2112496,3795,45,180,218.0,0.0,218.0,284,284,166.22222222222223,6,0,1000000,3000,4
528167,528167,2112668,3796,43,172,232.0,0.0,232.0,297,297,156.67441860465115,6,0,1000000,3000,4
528277,528277,2113108,3797,110,440,604.0,0.0,604.0,682,682,374.8363636363636,14,0,1000000,3000,4
528391,528391,2113564,3798,114,456,602.0,0.0,602.0,681,681,384.12280701754383,14,0,1000000,3000,4
528433,528433,2113732,3799,42,168,229.0,0.0,229.0,294,294,158.0,6,0,1000000,3000,4
528604,528604,2114416,3800,171,684,633.0,0.0,633.0,722,722,467.6608187134503,15,0,1000000,3000,4
528648,528648,2114592,3801,44,176,224.0,0.0,224.0,289,289,165.25,6,0,1000000,3000,4
528689,528689,2114756,3802,41,164,231.0,0.0,231.0,295,295,161.02439024390245,6,0,1000000,3000,4
528733,528733,2114932,3803,44,176,232.0,0.0,232.0,296,296,152.6818181818182,6,0,1000000,3000,4
528776,528776,2115104,3804,43,172,232.0,0.0,232.0,297,297,156.25581395348837,6,0,1000000,3000,4
528893,528893,2115572,3805,117,468,603.0,0.0,603.0,683,683,379.54700854700855,14,0,1000000,3000,4
528934,528934,2115736,3806,41,164,228.0,0.0,228.0,292,292,162.6829268292683,6,0,1000000,3000,4
528978,528978,2115912,3807,44,176,231.0,0.0,231.0,295,295,153.72727272727272,6,0,1000000,3000,4
529137,529137,2116548,3808,159,636,636.0,0.0,636.0,722,723,476.47169811320754,15,0,1000000,3000,4
529482,529482,2117928,3809,345,1380,1290.0,0.0,1290.0,1415,1415,719.1710144927537,29,0,1000000,3000,4
529528,529528,2118112,3810,46,184,230.0,0.0,230.0,296,296,150.30434782608697,6,0,1000000,3000,4
529643,529643,2118572,3811,115,460,588.0,0.0,588.0,667,667,386.9913043478261,14,0,1000000,3000,4
529685,529685,2118740,3812,42,168,229.0,0.0,229.0,294,294,157.04761904761904,6,0,1000000,3000,4
529818,529818,2119272,3813,133,532,581.0,0.0,581.0,663,663,394.90225563909775,14,0,1000000,3000,4
529859,529859,2119436,3814,41,164,230.0,0.0,230.0,294,294,161.3658536585366,6,0,1000000,3000,4
530142,530142,2120568,3815,283,1132,1307.0,0.0,1307.0,1420,1420,712.9257950530035,29,0,1000000,3000,4
530399,530399,2121596,3816,257,1028,1020.0,0.0,1020.0,1126,1126,616.0,23,0,1000000,3000,4
530521,530521,2122084,3817,122,488,622.0,0.0,622.0,703,703,312.12295081967216,15,0,1000000,3000,4
530685,530685,2122740,3818,164,656,811.0,0.0,811.0,898,899,541.310975609756,18,0,1000000,3000,4
530728,530728,2122912,3819,43,172,231.0,0.0,231.0,296,296,158.1627906976744,6,0,1000000,3000,4
531125,531125,2124500,3820,397,1588,1651.0,0.0,1651.0,1787,1787,868.551637279597,36,0,1000000,3000,4
531291,531291,2125164,3821,166,664,634.0,0.0,634.0,722,723,447.9277108433735,15,0,1000000,3000,4
531519,531519,2126076,3822,228,912,1037.0,0.0,1037.0,1139,1139,645.3859649122807,23,0,1000000,3000,4
531631,531631,2126524,3823,112,448,622.0,0.0,622.0,701,701,353.6875,15,0,1000000,3000,4
531678,531678,2126712,3824,47,188,230.0,0.0,230.0,295,295,148.9787234042553,6,0,1000000,3000,4
531788,531788,2127152,3825,110,440,605.0,0.0,605.0,683,683,369.3454545454546,14,0,1000000,3000,4
532048,532048,2128192,3826,260,1040,1303.0,0.0,1303.0,1411,1411,720.5346153846153,29,0,1000000,3000,4
532148,532148,2128592,3827,100,400,628.0,0.0,628.0,704,704,363.23,15,0,1000000,3000,4
532189,532189,2128756,3828,41,164,233.0,0.0,233.0,297,297,163.1951219512195,6,0,1000000,3000,4
532300,532300,2129200,3829,111,444,610.0,0.0,610.0,688,688,365.63963963963965,14,0,1000000,3000,4
532426,532426,2129704,3830,126,504,579.0,0.0,579.0,661,661,391.7063492063492,14,0,1000000,3000,4
532691,532691,2130764,3831,265,1060,1029.0,0.0,1029.0,1137,1137,611.9132075471698,23,0,1000000,3000,4
532871,532871,2131484,3832,180,720,1047.0,0.0,1047.0,1138,1138,587.3888888888889,23,0,1000000,3000,4
532916,532916,2131664,3833,45,180,232.0,0.0,232.0,298,298,149.88888888888889,6,0,1000000,3000,4
533146,533146,2132584,3834,230,920,1308.0,0.0,1308.0,1410,1410,716.3739130434783,29,0,1000000,3000,4
533245,533245,2132980,3835,99,396,628.0,0.0,628.0,704,704,364.3636363636364,15,0,1000000,3000,4
533604,533604,2134416,3836,359,1436,1282.0,0.0,1282.0,1410,1410,766.4596100278552,29,0,1000000,3000,4
533752,533752,2135008,3837,148,592,593.0,0.0,593.0,679,679,376.7027027027027,14,0,1000000,3000,4
533865,533865,2135460,3838,113,452,590.0,0.0,590.0,668,668,388.78761061946904,14,0,1000000,3000,4
534131,534131,2136524,3839,266,1064,1307.0,0.0,1307.0,1416,1416,715.3684210526316,29,0,1000000,3000,4
534172,534172,2136688,3840,41,164,228.0,0.0,228.0,293,293,158.1951219512195,6,0,1000000,3000,4
534213,534213,2136852,3841,41,164,232.0,0.0,232.0,296,296,162.34146341463415,6,0,1000000,3000,4
534441,534441,2137764,3842,228,912,1024.0,0.0,1024.0,1124,1124,638.2149122807018,23,0,1000000,3000,4
534684,534684,2138736,3843,243,972,1033.0,0.0,1033.0,1138,1138,612.8271604938271,23,0,1000000,3000,4
534815,534815,2139260,3844,131,524,600.0,0.0,600.0,683,683,373.618320610687,14,0,1000000,3000,4
534869,534869,2139476,3845,54,216,228.0,0.0,228.0,295,295,130.8148148148148,6,0,1000000,3000,4
535130,535130,2140520,3846,261,1044,1029.0,0.0,1029.0,1138,1138,637.9540229885057,23,0,1000000,3000,4
535179,535179,2140716,3847,49,196,229.0,0.0,229.0,294,294,140.14285714285714,6,0,1000000,3000,4
535286,535286,2141144,3848,107,428,624.0,0.0,624.0,702,702,361.6261682242991,15,0,1000000,3000,4
535534,535534,2142136,3849,248,992,1296.0,0.0,1296.0,1402,1402,708.3790322580645,29,0,1000000,3000,4
535694,535694,2142776,3850,160,640,636.0,0.0,636.0,722,722,471.8125,15,0,1000000,3000,4
535917,535917,2143668,3851,223,892,1039.0,0.0,1039.0,1140,1140,595.5829596412556,23,0,1000000,3000,4
536184,536184,2144736,3852,267,1068,1547.0,0.0,1547.0,1657,1657,795.8539325842696,34,0,1000000,3000,4
536329,536329,2145316,3853,145,580,714.0,0.0,714.0,799,799,436.6413793103448,16,0,1000000,3000,4
536440,536440,2145760,3854,111,444,627.0,0.0,627.0,705,705,357.3873873873874,15,0,1000000,3000,4
536481,536481,2145924,3855,41,164,230.0,0.0,230.0,295,295,159.85365853658536,6,0,1000000,3000,4
536526,536526,2146104,3856,45,180,222.0,0.0,222.0,286,286,169.0,6,0,1000000,3000,4
536637,536637,2146548,3857,111,444,599.0,0.0,599.0,678,678,382.44144144144144,14,0,1000000,3000,4
536680,536680,2146720,3858,43,172,229.0,0.0,229.0,294,294,155.69767441860466,6,0,1000000,3000,4
536731,536731,2146924,3859,51,204,210.0,0.0,210.0,277,277,164.8235294117647,6,0,1000000,3000,4
536993,536993,2147972,3860,262,1048,1418.0,0.0,1418.0,1527,1527,759.2251908396946,31,0,1000000,3000,4
537240,537240,2148960,3861,247,988,1392.0,0.0,1392.0,1496,1496,763.4372469635628,30,0,1000000,3000,4
537397,537397,2149588,3862,157,628,726.0,0.0,726.0,813,813,470.09554140127386,17,0,1000000,3000,4
537441,537441,2149764,3863,44,176,230.0,0.0,230.0,294,294,150.22727272727272,6,0,1000000,3000,4
537551,537551,2150204,3864,110,440,627.0,0.0,627.0,705,705,350.8727272727273,15,0,1000000,3000,4
537758,537758,2151032,3865,207,828,1040.0,0.0,1040.0,1138,1138,561.6425120772947,23,0,1000000,3000,4
537804,537804,2151216,3866,46,184,219.0,0.0,219.0,285,285,163.54347826086956,6,0,1000000,3000,4
538193,538193,2152772,3867,389,1556,1277.0,0.0,1277.0,1410,1410,760.8380462724936,29,0,1000000,3000,4
538569,538569,2154276,3868,376,1504,1813.0,0.0,1813.0,1945,1945,907.0851063829788,39,0,1000000,3000,4
538759,538759,2155036,3869,190,760,630.0,0.0,630.0,722,722,445.16315789473686,15,0,1000000,3000,4
538801,538801,2155204,3870,42,168,228.0,0.0,228.0,293,293,160.28571428571428,6,0,1000000,3000,4
539107,539107,2156428,3871,306,1224,1017.0,0.0,1017.0,1135,1135,662.3888888888889,23,0,1000000,3000,4
539309,539309,2157236,3872,202,808,1042.0,0.0,1042.0,1139,1139,600.0544554455446,23,0,1000000,3000,4
539420,539420,2157680,3873,111,444,626.0,0.0,626.0,705,705,368.72972972972974,15,0,1000000,3000,4
539463,539463,2157852,3874,43,172,228.0,0.0,228.0,293,293,156.30232558139534,6,0,1000000,3000,4
539564,539564,2158256,3875,101,404,626.0,0.0,626.0,702,702,363.1188118811881,15,0,1000000,3000,4
539609,539609,2158436,3876,45,180,228.0,0.0,228.0,293,293,149.0222222222222,6,0,1000000,3000,4
539660,539660,2158640,3877,51,204,208.0,0.0,208.0,275,275,165.84313725490196,6,0,1000000,3000,4
539887,539887,2159548,3878,227,908,798.0,0.0,798.0,898,898,596.546255506608,18,0,1000000,3000,4
539929,539929,2159716,3879,42,168,228.0,0.0,228.0,293,293,160.3095238095238,6,0,1000000,3000,4
539972,539972,2159888,3880,43,172,231.0,0.0,231.0,296,296,155.97674418604652,6,0,1000000,3000,4
540082,540082,2160328,3881,110,440,603.0,0.0,603.0,681,681,370.1272727272727,14,0,1000000,3000,4
540200,540200,2160800,3882,118,472,590.0,0.0,590.0,670,670,383.56779661016947,14,0,1000000,3000,4
540312,540312,2161248,3883,112,448,614.0,0.0,614.0,692,692,375.4732142857143,14,0,1000000,3000,4
540353,540353,2161412,3884,41,164,233.0,0.0,233.0,297,297,163.0,6,0,1000000,3000,4
540569,540569,2162276,3885,216,864,1319.0,0.0,1319.0,1419,1419,713.925925925926,29,0,1000000,3000,4
540779,540779,2163116,3886,210,840,1313.0,0.0,1313.0,1411,1411,711.2904761904762,29,0,1000000,3000,4
541008,541008,2164032,3887,229,916,1318.0,0.0,1318.0,1420,1420,703.3231441048035,29,0,1000000,3000,4
541214,541214,2164856,3888,206,824,1034.0,0.0,1034.0,1132,1132,614.0873786407767,23,0,1000000,3000,4
541260,541260,2165040,3889,46,184,229.0,0.0,229.0,295,295,151.0,6,0,1000000,3000,4
541548,541548,2166192,3890,288,1152,751.0,0.0,751.0,865,865,586.5972222222222,18,0,1000000,3000,4
541717,541717,2166868,3891,169,676,698.0,0.0,698.0,787,787,438.0769230769231,16,0,1000000,3000,4
541944,541944,2167776,3892,227,908,709.0,0.0,709.0,809,809,517.6916299559472,17,0,1000000,3000,4
542127,542127,2168508,3893,183,732,631.0,0.0,631.0,722,722,461.9398907103825,15,0,1000000,3000,4
542566,542566,2170264,3894,439,1756,993.0,0.0,993.0,1132,1132,545.8906605922551,23,0,1000000,3000,4
542836,542836,2171344,3895,270,1080,1019.0,0.0,1019.0,1129,1129,519.2,23,0,1000000,3000,4
543219,543219,2172876,3896,383,1532,1270.0,0.0,1270.0,1403,1403,704.6657963446476,29,0,1000000,3000,4
543275,543275,2173100,3897,56,224,222.0,0.0,222.0,289,289,133.91071428571428,6,0,1000000,3000,4
543456,543456,2173824,3898,181,724,595.0,0.0,595.0,688,688,443.9944751381216,14,0,1000000,3000,4
543510,543510,2174040,3899,54,216,214.0,0.0,214.0,280,280,149.2037037037037,6,0,1000000,3000,4
543628,543628,2174512,3900,118,472,622.0,0.0,622.0,701,701,365.3898305084746,15,0,1000000,3000,4
543761,543761,2175044,3901,133,532,597.0,0.0,597.0,680,680,367.9172932330827,14,0,1000000,3000,4
543918,543918,2175672,3902,157,628,589.0,0.0,589.0,677,677,423.22929936305735,14,0,1000000,3000,4
544209,544209,2176836,3903,291,1164,1024.0,0.0,1024.0,1139,1139,672.2680412371134,23,0,1000000,3000,4
544334,544334,2177336,3904,125,500,585.0,0.0,585.0,666,666,364.56,14,0,1000000,3000,4
544657,544657,2178628,3905,323,1292,1012.0,0.0,1012.0,1133,1133,670.0835913312693,23,0,1000000,3000,4
545004,545004,2180016,3906,347,1388,1287.0,0.0,1287.0,1411,1411,765.3631123919308,29,0,1000000,3000,4
545398,545398,2181592,3907,394,1576,1278.0,0.0,1278.0,1412,1412,737.1928934010152,29,0,1000000,3000,4
545524,545524,2182096,3908,126,504,595.0,0.0,595.0,676,676,344.1507936507937,14,0,1000000,3000,4
545585,545585,2182340,3909,61,244,218.0,0.0,218.0,286,286,130.62295081967213,6,0,1000000,3000,4
545719,545719,2182876,3910,134,536,597.0,0.0,597.0,680,680,342.0820895522388,14,0,1000000,3000,4
545780,545780,2183120,3911,61,244,222.0,0.0,222.0,291,291,129.24590163934425,6,0,1000000,3000,4
545824,545824,2183296,3912,44,176,226.0,0.0,226.0,290,290,154.20454545454547,6,0,1000000,3000,4
545983,545983,2183932,3913,159,636,769.0,0.0,769.0,857,857,477.748427672956,18,0,1000000,3000,4
546230,546230,2184920,3914,247,988,1309.0,0.0,1309.0,1415,1415,694.6437246963562,29,0,1000000,3000,4
546396,546396,2185584,3915,166,664,778.0,0.0,778.0,868,868,511.078313253012,18,0,1000000,3000,4
546522,546522,2186088,3916,126,504,582.0,0.0,582.0,663,663,400.9920634920635,14,0,1000000,3000,4
546566,546566,2186264,3917,44,176,231.0,0.0,231.0,295,295,153.72727272727272,6,0,1000000,3000,4
546878,546878,2187512,3918,312,1248,1291.0,0.0,1291.0,1410,1410,754.9326923076923,29,0,1000000,3000,4
546927,546927,2187708,3919,49,196,230.0,0.0,230.0,295,295,143.6122448979592,6,0,1000000,3000,4
547123,547123,2188492,3920,196,784,804.0,0.0,804.0,898,899,522.7755102040817,18,0,1000000,3000,4
547483,547483,2189932,3921,360,1440,1026.0,0.0,1026.0,1155,1155,701.2055555555555,24,0,1000000,3000,4
547634,547634,2190536,3922,151,604,587.0,0.0,587.0,673,673,382.02649006622516,14,0,1000000,3000,4
547806,547806,2191224,3923,172,688,762.0,0.0,762.0,852,852,472.76162790697674,18,0,1000000,3000,4
547854,547854,2191416,3924,48,192,231.0,0.0,231.0,297,297,142.41666666666666,6,0,1000000,3000,4
548104,548104,2192416,3925,250,1000,1032.0,0.0,1032.0,1138,1138,626.612,23,0,1000000,3000,4
548152,548152,2192608,3926,48,192,219.0,0.0,219.0,285,285,161.16666666666666,6,0,1000000,3000,4
548305,548305,2193220,3927,153,612,746.0,0.0,746.0,833,833,487.4575163398693,17,0,1000000,3000,4
548338,548338,2193352,3928,33,132,238.0,0.0,238.0,300,300,165.78787878787878,7,0,1000000,3000,4
548533,548533,2194132,3929,195,780,746.0,0.0,746.0,841,841,510.95384615384614,17,0,1000000,3000,4
548654,548654,2194616,3930,121,484,622.0,0.0,622.0,703,703,358.40495867768595,15,0,1000000,3000,4
548701,548701,2194804,3931,47,188,228.0,0.0,228.0,294,294,145.59574468085106,6,0,1000000,3000,4
548745,548745,2194980,3932,44,176,230.0,0.0,230.0,294,294,157.36363636363637,6,0,1000000,3000,4
548788,548788,2195152,3933,43,172,230.0,0.0,230.0,295,295,155.67441860465115,6,0,1000000,3000,4
548888,548888,2195552,3934,100,400,628.0,0.0,628.0,705,705,360.69,15,0,1000000,3000,4
548930,548930,2195720,3935,42,168,232.0,0.0,232.0,296,296,159.54761904761904,6,0,1000000,3000,4
549153,549153,2196612,3936,223,892,1037.0,0.0,1037.0,1138,1138,587.3542600896861,23,0,1000000,3000,4
549357,549357,2197428,3937,204,816,722.0,0.0,722.0,819,819,528.6911764705883,17,0,1000000,3000,4
549618,549618,2198472,3938,261,1044,1018.0,0.0,1018.0,1125,1125,643.5057471264367,23,0,1000000,3000,4
549747,549747,2198988,3939,129,516,612.0,0.0,612.0,694,694,361.7751937984496,14,0,1000000,3000,4
549891,549891,2199564,3940,144,576,580.0,0.0,580.0,664,664,385.1041666666667,14,0,1000000,3000,4
550181,550181,2200724,3941,290,1160,1292.0,0.0,1292.0,1406,1406,725.6517241379311,29,0,1000000,3000,4
550228,550228,2200912,3942,47,188,230.0,0.0,230.0,296,296,146.9787234042553,6,0,1000000,3000,4
550433,550433,2201732,3943,205,820,802.0,0.0,802.0,898,898,542.0243902439024,18,0,1000000,3000,4
550654,550654,2202616,3944,221,884,1034.0,0.0,1034.0,1135,1135,607.2217194570136,23,0,1000000,3000,4
550694,550694,2202776,3945,40,160,231.0,0.0,231.0,296,296,160.6,6,0,1000000,3000,4
550958,550958,2203832,3946,264,1056,1022.0,0.0,1022.0,1131,1131,657.5719696969697,23,0,1000000,3000,4
551161,551161,2204644,3947,203,812,1041.0,0.0,1041.0,1138,1138,611.4827586206897,23,0,1000000,3000,4
551380,551380,2205520,3948,219,876,1033.0,0.0,1033.0,1133,1133,624.6575342465753,23,0,1000000,3000,4
551428,551428,2205712,3949,48,192,216.0,0.0,216.0,282,282,168.3125,6,0,1000000,3000,4
551473,551473,2205892,3950,45,180,222.0,0.0,222.0,286,286,167.75555555555556,6,0,1000000,3000,4
551513,551513,2206052,3951,40,160,234.0,0.0,234.0,299,299,157.1,6,0,1000000,3000,4
551597,551597,2206388,3952,84,336,611.0,0.0,611.0,684,684,326.26190476190476,14,0,1000000,3000,4
551821,551821,2207284,3953,224,896,1309.0,0.0,1309.0,1409,1409,710.40625,29,0,1000000,3000,4
552049,552049,2208196,3954,228,912,1330.0,0.0,1330.0,1433,1433,721.8947368421053,29,0,1000000,3000,4
552210,552210,2208840,3955,161,644,748.0,0.0,748.0,837,837,475.30434782608694,17,0,1000000,3000,4
552338,552338,2209352,3956,128,512,586.0,0.0,586.0,668,668,388.7109375,14,0,1000000,3000,4
552593,552593,2210372,3957,255,1020,1557.0,0.0,1557.0,1664,1664,786.9215686274509,34,0,1000000,3000,4
552627,552627,2210508,3958,34,136,242.0,0.0,242.0,304,304,160.55882352941177,7,0,1000000,3000,4
552767,552767,2211068,3959,140,560,738.0,0.0,738.0,822,822,500.01428571428573,17,0,1000000,3000,4
552808,552808,2211232,3960,41,164,238.0,0.0,238.0,303,303,152.21951219512195,7,0,1000000,3000,4
552847,552847,2211388,3961,39,156,230.0,0.0,230.0,293,293,160.28205128205127,6,0,1000000,3000,4
552890,552890,2211560,3962,43,172,223.0,0.0,223.0,288,288,168.67441860465115,6,0,1000000,3000,4
553001,553001,2212004,3963,111,444,610.0,0.0,610.0,689,689,394.1081081081081,14,0,1000000,3000,4
553234,553234,2212936,3964,233,932,1310.0,0.0,1310.0,1413,1413,720.4463519313305,29,0,1000000,3000,4
553345,553345,2213380,3965,111,444,593.0,0.0,593.0,671,671,405.4594594594595,14,0,1000000,3000,4
553378,553378,2213512,3966,33,132,245.0,0.0,245.0,308,308,163.0,7,0,1000000,3000,4
553462,553462,2213848,3967,84,336,612.0,0.0,612.0,686,686,336.67857142857144,14,0,1000000,3000,4
553505,553505,2214020,3968,43,172,225.0,0.0,225.0,290,290,168.8372093023256,6,0,1000000,3000,4
553667,553667,2214668,3969,162,648,1039.0,0.0,1039.0,1126,1126,577.358024691358,23,0,1000000,3000,4
553708,553708,2214832,3970,41,164,229.0,0.0,229.0,293,293,164.21951219512195,6,0,1000000,3000,4
554025,554025,2216100,3971,317,1268,1013.0,0.0,1013.0,1133,1133,692.7318611987382,23,0,1000000,3000,4
554186,554186,2216744,3972,161,644,786.0,0.0,786.0,875,875,522.416149068323,18,0,1000000,3000,4
554232,554232,2216928,3973,46,184,221.0,0.0,221.0,287,287,164.2391304347826,6,0,1000000,3000,4
554328,554328,2217312,3974,96,384,631.0,0.0,631.0,706,706,359.5833333333333,15,0,1000000,3000,4
554370,554370,2217480,3975,42,168,231.0,0.0,231.0,295,295,158.92857142857142,6,0,1000000,3000,4
554601,554601,2218404,3976,231,924,1126.0,0.0,1126.0,1229,1229,688.1515151515151,25,0,1000000,3000,4
554642,554642,2218568,3977,41,164,231.0,0.0,231.0,295,295,161.53658536585365,6,0,1000000,3000,4
554854,554854,2219416,3978,212,848,1040.0,0.0,1040.0,1138,1138,684.377358490566,23,0,1000000,3000,4
555037,555037,2220148,3979,183,732,760.0,0.0,760.0,853,853,536.639344262295,18,0,1000000,3000,4
555284,555284,2221136,3980,247,988,1309.0,0.0,1309.0,1413,1413,735.3643724696357,29,0,1000000,3000,4
555325,555325,2221300,3981,41,164,232.0,0.0,232.0,297,297,161.34146341463415,6,0,1000000,3000,4
555606,555606,2222424,3982,281,1124,1686.0,0.0,1686.0,1799,1799,810.5160142348755,36,0,1000000,3000,4
555857,555857,2223428,3983,251,1004,1309.0,0.0,1309.0,1415,1415,726.5816733067729,29,0,1000000,3000,4
556080,556080,2224320,3984,223,892,1037.0,0.0,1037.0,1138,1138,658.5605381165919,23,0,1000000,3000,4
556182,556182,2224728,3985,102,408,601.0,0.0,601.0,678,678,318.4117647058824,14,0,1000000,3000,4
556455,556455,2225820,3986,273,1092,1028.0,0.0,1028.0,1138,1138,694.4468864468864,23,0,1000000,3000,4
556488,556488,2225952,3987,33,132,246.0,0.0,246.0,309,309,156.87878787878788,7,0,1000000,3000,4
556587,556587,2226348,3988,99,396,629.0,0.0,629.0,705,705,383.26262626262627,15,0,1000000,3000,4
556628,556628,2226512,3989,41,164,228.0,0.0,228.0,293,293,164.17073170731706,6,0,1000000,3000,4
556669,556669,2226676,3990,41,164,232.0,0.0,232.0,296,296,161.78048780487805,6,0,1000000,3000,4
556708,556708,2226832,3991,39,156,236.0,0.0,236.0,300,300,155.64102564102564,7,0,1000000,3000,4
556921,556921,2227684,3992,213,852,1316.0,0.0,1316.0,1414,1414,705.6572769953052,29,0,1000000,3000,4
557161,557161,2228644,3993,240,960,1139.0,0.0,1139.0,1243,1243,685.5625,25,0,1000000,3000,4
557206,557206,2228824,3994,45,180,231.0,0.0,231.0,296,296,153.0888888888889,6,0,1000000,3000,4
557529,557529,2230116,3995,323,1292,779.0,0.0,779.0,898,898,613.3374613003095,18,0,1000000,3000,4
557621,557621,2230484,3996,92,368,626.0,0.0,626.0,701,701,348.0108695652174,15,0,1000000,3000,4
557742,557742,2230968,3997,121,484,584.0,0.0,584.0,665,665,393.88429752066116,14,0,1000000,3000,4
557832,557832,2231328,3998,90,360,622.0,0.0,622.0,697,697,383.2888888888889,14,0,1000000,3000,4
557873,557873,2231492,3999,41,164,235.0,0.0,235.0,300,300,149.2439024390244,7,0,1000000,3000,4
557993,557993,2231972,4000,120,480,609.0,0.0,609.0,689,689,372.875,14,0,1000000,3000,4
558043,558043,2232172,4001,50,200,220.0,0.0,220.0,287,287,143.82,6,0,1000000,3000,4
558278,558278,2233112,4002,235,940,1302.0,0.0,1302.0,1406,1406,735.6085106382978,29,0,1000000,3000,4
558493,558493,2233972,4003,215,860,1030.0,0.0,1030.0,1129,1129,626.9255813953488,23,0,1000000,3000,4
558749,558749,2234996,4004,256,1024,1553.0,0.0,1553.0,1661,1661,803.234375,34,0,1000000,3000,4
558782,558782,2235128,4005,33,132,245.0,0.0,245.0,308,308,144.63636363636363,7,0,1000000,3000,4
558823,558823,2235292,4006,41,164,226.0,0.0,226.0,290,290,164.85365853658536,6,0,1000000,3000,4
558984,558984,2235936,4007,161,644,635.0,0.0,635.0,722,722,489.6335403726708,15,0,1000000,3000,4
559237,559237,2236948,4008,253,1012,1310.0,0.0,1310.0,1417,1417,674.9130434782609,29,0,1000000,3000,4
559287,559287,2237148,4009,50,200,213.0,0.0,213.0,279,279,160.14,6,0,1000000,3000,4
559331,559331,2237324,4010,44,176,225.0,0.0,225.0,290,290,164.20454545454547,6,0,1000000,3000,4
559508,559508,2238032,4011,177,708,1047.0,0.0,1047.0,1138,1138,604.1638418079096,23,0,1000000,3000,4
559693,559693,2238772,4012,185,740,611.0,0.0,611.0,705,705,450.8324324324324,15,0,1000000,3000,4
559803,559803,2239212,4013,110,440,591.0,0.0,591.0,670,670,382.0,14,0,1000000,3000,4
559843,559843,2239372,4014,40,160,230.0,0.0,230.0,295,295,160.05,6,0,1000000,3000,4
559987,559987,2239948,4015,144,576,736.0,0.0,736.0,820,820,463.0,17,0,1000000,3000,4
560029,560029,2240116,4016,42,168,233.0,0.0,233.0,297,297,156.35714285714286,6,0,1000000,3000,4
560073,560073,2240292,4017,44,176,230.0,0.0,230.0,295,295,158.02272727272728,6,0,1000000,3000,4
560192,560192,2240768,4018,119,476,590.0,0.0,590.0,670,670,382.7226890756302,14,0,1000000,3000,4
560298,560298,2241192,4019,106,424,608.0,0.0,608.0,685,685,377.0,14,0,1000000,3000,4
560457,560457,2241828,4020,159,636,600.0,0.0,600.0,687,687,396.37735849056605,14,0,1000000,3000,4
560681,560681,2242724,4021,224,896,734.0,0.0,734.0,834,834,491.69642857142856,17,0,1000000,3000,4
560788,560788,2243152,4022,107,428,601.0,0.0,601.0,678,678,375.8878504672897,14,0,1000000,3000,4
560929,560929,2243716,4023,141,564,785.0,0.0,785.0,870,870,496.79432624113474,18,0,1000000,3000,4
561060,561060,2244240,4024,131,524,597.0,0.0,597.0,680,680,383.8396946564886,14,0,1000000,3000,4
561175,561175,2244700,4025,115,460,610.0,0.0,610.0,689,689,380.0521739130435,14,0,1000000,3000,4
561274,561274,2245096,4026,99,396,626.0,0.0,626.0,702,702,350.1212121212121,15,0,1000000,3000,4
561384,561384,2245536,4027,110,440,613.0,0.0,613.0,692,692,359.91818181818184,14,0,1000000,3000,4
561604,561604,2246416,4028,220,880,1036.0,0.0,1036.0,1137,1137,544.9454545454546,23,0,1000000,3000,4
561646,561646,2246584,4029,42,168,228.0,0.0,228.0,292,292,163.4047619047619,6,0,1000000,3000,4
561756,561756,2247024,4030,110,440,591.0,0.0,591.0,670,670,391.8818181818182,14,0,1000000,3000,4
561796,561796,2247184,4031,40,160,229.0,0.0,229.0,294,294,159.325,6,0,1000000,3000,4
561875,561875,2247500,4032,79,316,621.0,0.0,621.0,693,693,342.88607594936707,14,0,1000000,3000,4
562056,562056,2248224,4033,181,724,730.0,0.0,730.0,822,822,501.585635359116,17,0,1000000,3000,4
562316,562316,2249264,4034,260,1040,723.0,0.0,723.0,832,832,581.5076923076923,17,0,1000000,3000,4
562409,562409,2249636,4035,93,372,625.0,0.0,625.0,700,700,359.4731182795699,15,0,1000000,3000,4
562676,562676,2250704,4036,267,1068,1029.0,0.0,1029.0,1139,1139,658.6404494382023,23,0,1000000,3000,4
562859,562859,2251436,4037,183,732,771.0,0.0,771.0,864,864,490.6120218579235,18,0,1000000,3000,4
562898,562898,2251592,4038,39,156,240.0,0.0,240.0,304,304,155.94871794871796,7,0,1000000,3000,4
563372,563372,2253488,4039,474,1896,2319.0,0.0,2319.0,2469,2469,1293.470464135021,50,0,1000000,3000,4
563466,563466,2253864,4040,94,376,612.0,0.0,612.0,687,687,316.56382978723406,14,0,1000000,3000,4
563543,563543,2254172,4041,77,308,608.0,0.0,608.0,680,680,330.12987012987014,14,0,1000000,3000,4
563730,563730,2254920,4042,187,748,1578.0,0.0,1578.0,1673,1673,787.4010695187166,34,0,1000000,3000,4
563804,563804,2255216,4043,74,296,622.0,0.0,622.0,693,693,356.7972972972973,14,0,1000000,3000,4
563896,563896,2255584,4044,92,368,629.0,0.0,629.0,704,704,346.8695652173913,15,0,1000000,3000,4
563939,563939,2255756,4045,43,172,228.0,0.0,228.0,293,293,159.13953488372093,6,0,1000000,3000,4
564092,564092,2256368,4046,153,612,813.0,0.0,813.0,898,898,553.3006535947712,18,0,1000000,3000,4
564167,564167,2256668,4047,75,300,212.0,0.0,212.0,284,284,117.48,6,0,1000000,3000,4
564208,564208,2256832,4048,41,164,236.0,0.0,236.0,301,301,151.0,7,0,1000000,3000,4
564251,564251,2257004,4049,43,172,223.0,0.0,223.0,288,288,163.7674418604651,6,0,1000000,3000,4
564482,564482,2257928,4050,231,924,1310.0,0.0,1310.0,1413,1413,691.7619047619048,29,0,1000000,3000,4
564528,564528,2258112,4051,46,184,229.0,0.0,229.0,295,295,149.30434782608697,6,0,1000000,3000,4
564566,564566,2258264,4052,38,152,240.0,0.0,240.0,305,305,139.81578947368422,7,0,1000000,3000,4
564662,564662,2258648,4053,96,384,648.0,0.0,648.0,722,722,350.2083333333333,15,0,1000000,3000,4
564750,564750,2259000,4054,88,352,734.0,0.0,734.0,809,809,399.29545454545456,17,0,1000000,3000,4
564792,564792,2259168,4055,42,168,234.0,0.0,234.0,298,298,157.14285714285714,6,0,1000000,3000,4
564985,564985,2259940,4056,193,772,758.0,0.0,758.0,853,853,537.8549222797927,18,0,1000000,3000,4
565182,565182,2260728,4057,197,788,1041.0,0.0,1041.0,1137,1137,653.3857868020305,23,0,1000000,3000,4
565228,565228,2260912,4058,46,184,217.0,0.0,217.0,282,282,167.54347826086956,6,0,1000000,3000,4
565397,565397,2261588,4059,169,676,1050.0,0.0,1050.0,1139,1139,601.6449704142012,23,0,1000000,3000,4
565436,565436,2261744,4060,39,156,240.0,0.0,240.0,303,303,151.3846153846154,7,0,1000000,3000,4
565529,565529,2262116,4061,93,372,629.0,0.0,629.0,704,704,367.3763440860215,15,0,1000000,3000,4
565702,565702,2262808,4062,173,692,1038.0,0.0,1038.0,1127,1127,604.8381502890173,23,0,1000000,3000,4
565738,565738,2262952,4063,36,144,236.0,0.0,236.0,300,300,167.41666666666666,7,0,1000000,3000,4
565772,565772,2263088,4064,34,136,242.0,0.0,242.0,305,305,160.47058823529412,7,0,1000000,3000,4
565813,565813,2263252,4065,41,164,232.0,0.0,232.0,297,297,159.2439024390244,6,0,1000000,3000,4
566032,566032,2264128,4066,219,876,1331.0,0.0,1331.0,1432,1432,683.3333333333334,29,0,1000000,3000,4
566078,566078,2264312,4067,46,184,219.0,0.0,219.0,285,285,161.54347826086956,6,0,1000000,3000,4
566187,566187,2264748,4068,109,436,722.0,0.0,722.0,800,800,453.5321100917431,17,0,1000000,3000,4
566354,566354,2265416,4069,167,668,1036.0,0.0,1036.0,1125,1125,591.0479041916168,23,0,1000000,3000,4
566519,566519,2266076,4070,165,660,810.0,0.0,810.0,898,898,585.8303030303031,18,0,1000000,3000,4
566703,566703,2266812,4071,184,736,1046.0,0.0,1046.0,1139,1139,641.9673913043479,23,0,1000000,3000,4
566837,566837,2267348,4072,134,536,726.0,0.0,726.0,809,809,458.06716417910445,17,0,1000000,3000,4
566882,566882,2267528,4073,45,180,228.0,0.0,228.0,294,294,153.6,6,0,1000000,3000,4
567118,567118,2268472,4074,236,944,1306.0,0.0,1306.0,1410,1410,687.792372881356,29,0,1000000,3000,4
567214,567214,2268856,4075,96,384,618.0,0.0,618.0,694,694,375.4270833333333,14,0,1000000,3000,4
567317,567317,2269268,4076,103,412,609.0,0.0,609.0,685,685,406.09708737864077,14,0,1000000,3000,4
567537,567537,2270148,4077,220,880,1322.0,0.0,1322.0,1422,1422,707.5136363636364,29,0,1000000,3000,4
567578,567578,2270312,4078,41,164,232.0,0.0,232.0,297,297,159.14634146341464,6,0,1000000,3000,4
567719,567719,2270876,4079,141,564,717.0,0.0,717.0,801,801,481.93617021276594,17,0,1000000,3000,4
567927,567927,2271708,4080,208,832,1310.0,0.0,1310.0,1408,1408,723.9086538461538,29,0,1000000,3000,4
568172,568172,2272688,4081,245,980,1323.0,0.0,1323.0,1430,1430,737.3795918367347,29,0,1000000,3000,4
568262,568262,2273048,4082,90,360,628.0,0.0,628.0,703,703,391.55555555555554,15,0,1000000,3000,4
568458,568458,2273832,4083,196,784,1319.0,0.0,1319.0,1414,1414,726.0102040816327,29,0,1000000,3000,4
568537,568537,2274148,4084,79,316,636.0,0.0,636.0,708,708,396.9873417721519,15,0,1000000,3000,4
568834,568834,2275336,4085,297,1188,1670.0,0.0,1670.0,1785,1785,887.0505050505051,36,0,1000000,3000,4
568989,568989,2275956,4086,155,620,1328.0,0.0,1328.0,1413,1413,690.7677419354839,29,0,1000000,3000,4
569092,569092,2276368,4087,103,412,647.0,0.0,647.0,722,723,361.9611650485437,15,0,1000000,3000,4
569300,569300,2277200,4088,208,832,1041.0,0.0,1041.0,1138,1138,625.6442307692307,23,0,1000000,3000,4
569462,569462,2277848,4089,162,648,635.0,0.0,635.0,722,722,477.05555555555554,15,0,1000000,3000,4
569685,569685,2278740,4090,223,892,1309.0,0.0,1309.0,1410,1410,684.5739910313902,29,0,1000000,3000,4
569726,569726,2278904,4091,41,164,232.0,0.0,232.0,297,297,163.0487804878049,6,0,1000000,3000,4
569764,569764,2279056,4092,38,152,244.0,0.0,244.0,307,307,145.60526315789474,7,0,1000000,3000,4
569935,569935,2279740,4093,171,684,1138.0,0.0,1138.0,1229,1229,649.0994152046784,25,0,1000000,3000,4
569972,569972,2279888,4094,37,148,241.0,0.0,241.0,305,305,160.43243243243242,7,0,1000000,3000,4
570012,570012,2280048,4095,40,160,230.0,0.0,230.0,295,295,159.85,6,0,1000000,3000,4
570248,570248,2280992,4096,236,944,1311.0,0.0,1311.0,1414,1414,720.1525423728814,29,0,1000000,3000,4
570355,570355,2281420,4097,107,428,603.0,0.0,603.0,680,680,392.98130841121497,14,0,1000000,3000,4
570394,570394,2281576,4098,39,156,238.0,0.0,238.0,301,301,153.15384615384616,7,0,1000000,3000,4
570558,570558,2282232,4099,164,656,1048.0,0.0,1048.0,1137,1137,578.9329268292682,23,0,1000000,3000,4
570596,570596,2282384,4100,38,152,237.0,0.0,237.0,300,300,160.89473684210526,7,0,1000000,3000,4
570712,570712,2282848,4101,116,464,607.0,0.0,607.0,686,686,381.0689655172414,14,0,1000000,3000,4
570872,570872,2283488,4102,160,640,763.0,0.0,763.0,850,850,495.675,18,0,1000000,3000,4
571075,571075,2284300,4103,203,812,1040.0,0.0,1040.0,1137,1137,593.4926108374384,23,0,1000000,3000,4
571293,571293,2285172,4104,218,872,1029.0,0.0,1029.0,1128,1128,620.756880733945,23,0,1000000,3000,4
571528,571528,2286112,4105,235,940,1034.0,0.0,1034.0,1138,1138,668.8297872340426,23,0,1000000,3000,4
571641,571641,2286564,4106,113,452,593.0,0.0,593.0,672,672,384.16814159292034,14,0,1000000,3000,4
571740,571740,2286960,4107,99,396,628.0,0.0,628.0,704,704,365.8181818181818,15,0,1000000,3000,4
571780,571780,2287120,4108,40,160,230.0,0.0,230.0,295,295,160.2,6,0,1000000,3000,4
571886,571886,2287544,4109,106,424,609.0,0.0,609.0,687,687,377.8207547169811,14,0,1000000,3000,4
572112,572112,2288448,4110,226,904,1037.0,0.0,1037.0,1138,1138,637.2654867256637,23,0,1000000,3000,4
572201,572201,2288804,4111,89,356,623.0,0.0,623.0,697,697,375.8426966292135,14,0,1000000,3000,4
572373,572373,2289492,4112,172,688,1047.0,0.0,1047.0,1137,1137,602.8255813953489,23,0,1000000,3000,4
572780,572780,2291120,4113,407,1628,1285.0,0.0,1285.0,1422,1422,764.2334152334153,29,0,1000000,3000,4
572821,572821,2291284,4114,41,164,233.0,0.0,233.0,297,297,159.21951219512195,6,0,1000000,3000,4
572941,572941,2291764,4115,120,480,594.0,0.0,594.0,675,675,373.6,14,0,1000000,3000,4
573058,573058,2292232,4116,117,468,599.0,0.0,599.0,678,678,377.1794871794872,14,0,1000000,3000,4
573167,573167,2292668,4117,109,436,627.0,0.0,627.0,705,705,368.9449541284404,15,0,1000000,3000,4
573330,573330,2293320,4118,163,652,739.0,0.0,739.0,827,827,476.7361963190184,17,0,1000000,3000,4
573376,573376,2293504,4119,46,184,221.0,0.0,221.0,286,286,165.91304347826087,6,0,1000000,3000,4
573546,573546,2294184,4120,170,680,750.0,0.0,750.0,841,841,502.9529411764706,17,0,1000000,3000,4
573588,573588,2294352,4121,42,168,233.0,0.0,233.0,298,298,156.95238095238096,6,0,1000000,3000,4
573860,573860,2295440,4122,272,1088,1314.0,0.0,1314.0,1425,1425,714.7316176470588,29,0,1000000,3000,4
574257,574257,2297028,4123,397,1588,1274.0,0.0,1274.0,1409,1409,763.0050377833753,29,0,1000000,3000,4
574577,574577,2298308,4124,320,1280,1282.0,0.0,1282.0,1403,1403,726.925,29,0,1000000,3000,4
574618,574618,2298472,4125,41,164,231.0,0.0,231.0,295,295,162.390243902439,6,0,1000000,3000,4
574731,574731,2298924,4126,113,452,609.0,0.0,609.0,687,687,381.5132743362832,14,0,1000000,3000,4
574773,574773,2299092,4127,42,168,232.0,0.0,232.0,296,296,155.83333333333334,6,0,1000000,3000,4
575070,575070,2300280,4128,297,1188,1023.0,0.0,1023.0,1138,1138,724.7643097643098,23,0,1000000,3000,4
575112,575112,2300448,4129,42,168,230.0,0.0,230.0,295,295,155.42857142857142,6,0,1000000,3000,4
575153,575153,2300612,4130,41,164,230.0,0.0,230.0,295,295,160.41463414634146,6,0,1000000,3000,4
575262,575262,2301048,4131,109,436,617.0,0.0,617.0,695,695,374.08256880733944,14,0,1000000,3000,4
575416,575416,2301664,4132,154,616,732.0,0.0,732.0,819,819,490.61038961038963,17,0,1000000,3000,4
575456,575456,2301824,4133,40,160,230.0,0.0,230.0,295,295,160.125,6,0,1000000,3000,4
575557,575557,2302228,4134,101,404,625.0,0.0,625.0,702,702,354.48514851485146,15,0,1000000,3000,4
575813,575813,2303252,4135,256,1024,718.0,0.0,718.0,826,826,569.71484375,17,0,1000000,3000,4
576142,576142,2304568,4136,329,1316,1016.0,0.0,1016.0,1138,1138,676.5987841945289,23,0,1000000,3000,4
576185,576185,2304740,4137,43,172,224.0,0.0,224.0,288,288,164.32558139534885,6,0,1000000,3000,4
576227,576227,2304908,4138,42,168,231.0,0.0,231.0,295,295,156.9047619047619,6,0,1000000,3000,4
576269,576269,2305076,4139,42,168,229.0,0.0,229.0,294,294,157.97619047619048,6,0,1000000,3000,4
576310,576310,2305240,4140,41,164,232.0,0.0,232.0,296,296,159.0487804878049,6,0,1000000,3000,4
576351,576351,2305404,4141,41,164,233.0,0.0,233.0,297,297,162.90243902439025,6,0,1000000,3000,4
576393,576393,2305572,4142,42,168,230.0,0.0,230.0,295,295,157.4047619047619,6,0,1000000,3000,4
576434,576434,2305736,4143,41,164,232.0,0.0,232.0,296,296,162.5609756097561,6,0,1000000,3000,4
576477,576477,2305908,4144,43,172,230.0,0.0,230.0,294,294,153.2093023255814,6,0,1000000,3000,4
576593,576593,2306372,4145,116,464,602.0,0.0,602.0,682,682,378.7758620689655,14,0,1000000,3000,4
576828,576828,2307312,4146,235,940,748.0,0.0,748.0,851,851,523.8382978723404,18,0,1000000,3000,4
576985,576985,2307940,4147,157,628,719.0,0.0,719.0,806,806,481.828025477707,17,0,1000000,3000,4
577026,577026,2308104,4148,41,164,231.0,0.0,231.0,295,295,163.0731707317073,6,0,1000000,3000,4
577066,577066,2308264,4149,40,160,231.0,0.0,231.0,296,296,160.55,6,0,1000000,3000,4
577243,577243,2308972,4150,177,708,743.0,0.0,743.0,834,834,503.6666666666667,17,0,1000000,3000,4
577546,577546,2310184,4151,303,1212,1294.0,0.0,1294.0,1411,1411,751.085808580858,29,0,1000000,3000,4
577583,577583,2310332,4152,37,148,237.0,0.0,237.0,300,300,161.43243243243242,7,0,1000000,3000,4
577853,577853,2311412,4153,270,1080,1028.0,0.0,1028.0,1137,1137,637.3481481481482,23,0,1000000,3000,4
578075,578075,2312300,4154,222,888,1037.0,0.0,1037.0,1138,1138,636.3783783783783,23,0,1000000,3000,4
578174,578174,2312696,4155,99,396,620.0,0.0,620.0,696,696,343.1010101010101,14,0,1000000,3000,4
578216,578216,2312864,4156,42,168,231.0,0.0,231.0,296,296,159.45238095238096,6,0,1000000,3000,4
578411,578411,2313644,4157,195,780,756.0,0.0,756.0,851,851,509.61538461538464,18,0,1000000,3000,4
578454,578454,2313816,4158,43,172,230.0,0.0,230.0,295,295,159.27906976744185,6,0,1000000,3000,4
578495,578495,2313980,4159,41,164,230.0,0.0,230.0,295,295,163.46341463414635,6,0,1000000,3000,4
578610,578610,2314440,4160,115,460,610.0,0.0,610.0,689,689,375.2,14,0,1000000,3000,4
578826,578826,2315304,4161,216,864,1038.0,0.0,1038.0,1138,1138,631.2407407407408,23,0,1000000,3000,4
578867,578867,2315468,4162,41,164,233.0,0.0,233.0,297,297,163.02439024390245,6,0,1000000,3000,4
578924,578924,2315696,4163,57,228,225.0,0.0,225.0,293,293,135.5438596491228,6,0,1000000,3000,4
578970,578970,2315880,4164,46,184,230.0,0.0,230.0,296,296,148.17391304347825,6,0,1000000,3000,4
579153,579153,2316612,4165,183,732,807.0,0.0,807.0,898,899,544.5846994535519,18,0,1000000,3000,4
579201,579201,2316804,4166,48,192,229.0,0.0,229.0,295,295,148.52083333333334,6,0,1000000,3000,4
579251,579251,2317004,4167,50,200,229.0,0.0,229.0,295,295,144.8,6,0,1000000,3000,4
579809,579809,2319236,4168,558,2232,970.0,0.0,970.0,1138,1138,778.1093189964158,23,0,1000000,3000,4
579924,579924,2319696,4169,115,460,609.0,0.0,609.0,688,688,383.24347826086955,14,0,1000000,3000,4
580229,580229,2320916,4170,305,1220,1292.0,0.0,1292.0,1409,1409,756.7540983606557,29,0,1000000,3000,4
580457,580457,2321828,4171,228,912,1037.0,0.0,1037.0,1138,1138,618.2543859649123,23,0,1000000,3000,4
580499,580499,2321996,4172,42,168,232.0,0.0,232.0,297,297,149.11904761904762,6,0,1000000,3000,4
580720,580720,2322880,4173,221,884,799.0,0.0,799.0,898,899,550.6425339366516,18,0,1000000,3000,4
580836,580836,2323344,4174,116,464,616.0,0.0,616.0,696,696,380.67241379310343,14,0,1000000,3000,4
580877,580877,2323508,4175,41,164,230.0,0.0,230.0,295,295,163.26829268292684,6,0,1000000,3000,4
581024,581024,2324096,4176,147,588,712.0,0.0,712.0,798,798,479.9387755102041,16,0,1000000,3000,4
581063,581063,2324252,4177,39,156,232.0,0.0,232.0,295,295,162.3846153846154,6,0,1000000,3000,4
581183,581183,2324732,4178,120,480,604.0,0.0,604.0,685,685,376.73333333333335,14,0,1000000,3000,4
581222,581222,2324888,4179,39,156,230.0,0.0,230.0,294,294,160.74358974358975,6,0,1000000,3000,4
581262,581262,2325048,4180,40,160,236.0,0.0,236.0,299,299,161.75,6,0,1000000,3000,4
581558,581558,2326232,4181,296,1184,1294.0,0.0,1294.0,1410,1410,745.1452702702703,29,0,1000000,3000,4
581808,581808,2327232,4182,250,1000,1032.0,0.0,1032.0,1139,1139,620.468,23,0,1000000,3000,4
581851,581851,2327404,4183,43,172,233.0,0.0,233.0,298,298,155.34883720930233,6,0,1000000,3000,4
581892,581892,2327568,4184,41,164,231.0,0.0,231.0,295,295,161.17073170731706,6,0,1000000,3000,4
582109,582109,2328436,4185,217,868,1039.0,0.0,1039.0,1139,1139,635.6497695852535,23,0,1000000,3000,4
582145,582145,2328580,4186,36,144,246.0,0.0,246.0,311,311,151.75,7,0,1000000,3000,4
582314,582314,2329256,4187,169,676,1034.0,0.0,1034.0,1122,1122,601.6568047337278,23,0,1000000,3000,4
582437,582437,2329748,4188,123,492,589.0,0.0,589.0,670,670,390.0731707317073,14,0,1000000,3000,4
582471,582471,2329884,4189,34,136,238.0,0.0,238.0,301,301,168.91176470588235,7,0,1000000,3000,4
582514,582514,2330056,4190,43,172,231.0,0.0,231.0,296,296,155.72093023255815,6,0,1000000,3000,4
582650,582650,2330600,4191,136,544,600.0,0.0,600.0,684,684,375.40441176470586,14,0,1000000,3000,4
582696,582696,2330784,4192,46,184,219.0,0.0,219.0,285,285,162.6086956521739,6,0,1000000,3000,4
582816,582816,2331264,4193,120,480,610.0,0.0,610.0,690,690,374.9166666666667,14,0,1000000,3000,4
582858,582858,2331432,4194,42,168,231.0,0.0,231.0,296,296,153.83333333333334,6,0,1000000,3000,4
582954,582954,2331816,4195,96,384,628.0,0.0,628.0,703,703,375.8020833333333,15,0,1000000,3000,4
582995,582995,2331980,4196,41,164,232.0,0.0,232.0,297,297,158.0487804878049,6,0,1000000,3000,4
583210,583210,2332840,4197,215,860,1329.0,0.0,1329.0,1430,1430,692.7162790697674,29,0,1000000,3000,4
583249,583249,2332996,4198,39,156,235.0,0.0,235.0,300,300,156.84615384615384,7,0,1000000,3000,4
583332,583332,2333328,4199,83,332,611.0,0.0,611.0,684,684,338.65060240963857,14,0,1000000,3000,4
583576,583576,2334304,4200,244,976,1683.0,0.0,1683.0,1787,1787,854.5327868852459,36,0,1000000,3000,4
583617,583617,2334468,4201,41,164,227.0,0.0,227.0,292,292,164.1951219512195,6,0,1000000,3000,4
583656,583656,2334624,4202,39,156,234.0,0.0,234.0,299,299,157.07692307692307,6,0,1000000,3000,4
583778,583778,2335112,4203,122,488,610.0,0.0,610.0,691,691,364.07377049180326,14,0,1000000,3000,4
584063,584063,2336252,4204,285,1140,1402.0,0.0,1402.0,1516,1516,740.3228070175438,31,0,1000000,3000,4
584289,584289,2337156,4205,226,904,1306.0,0.0,1306.0,1408,1408,683.7743362831858,29,0,1000000,3000,4
584439,584439,2337756,4206,150,600,1052.0,0.0,1052.0,1138,1138,592.3733333333333,23,0,1000000,3000,4
584533,584533,2338132,4207,94,376,627.0,0.0,627.0,702,702,383.3085106382979,15,0,1000000,3000,4
584574,584574,2338296,4208,41,164,229.0,0.0,229.0,294,294,160.09756097560975,6,0,1000000,3000,4
584620,584620,2338480,4209,46,184,219.0,0.0,219.0,285,285,159.1304347826087,6,0,1000000,3000,4
584795,584795,2339180,4210,175,700,1048.0,0.0,1048.0,1139,1139,608.4914285714286,23,0,1000000,3000,4
584974,584974,2339896,4211,179,716,1041.0,0.0,1041.0,1133,1133,631.8659217877095,23,0,1000000,3000,4
585307,585307,2341228,4212,333,1332,1899.0,0.0,1899.0,2022,2022,994.9069069069069,41,0,1000000,3000,4
585457,585457,2341828,4213,150,600,716.0,0.0,716.0,803,803,491.81333333333333,17,0,1000000,3000,4
585631,585631,2342524,4214,174,696,1331.0,0.0,1331.0,1423,1423,697.8850574712644,29,0,1000000,3000,4
585670,585670,2342680,4215,39,156,234.0,0.0,234.0,298,298,166.0,6,0,1000000,3000,4
585703,585703,2342812,4216,33,132,238.0,0.0,238.0,302,302,157.72727272727272,7,0,1000000,3000,4
585736,585736,2342944,4217,33,132,245.0,0.0,245.0,308,308,155.8181818181818,7,0,1000000,3000,4
585973,585973,2343892,4218,237,948,1025.0,0.0,1025.0,1128,1128,660.4177215189874,23,0,1000000,3000,4
586009,586009,2344036,4219,36,144,243.0,0.0,243.0,306,306,156.08333333333334,7,0,1000000,3000,4
586198,586198,2344792,4220,189,756,1041.0,0.0,1041.0,1135,1135,603.5767195767196,23,0,1000000,3000,4
586285,586285,2345140,4221,87,348,734.0,0.0,734.0,809,809,361.6666666666667,17,0,1000000,3000,4
586328,586328,2345312,4222,43,172,234.0,0.0,234.0,298,298,148.65116279069767,6,0,1000000,3000,4
586548,586548,2346192,4223,220,880,1027.0,0.0,1027.0,1126,1126,606.1045454545455,23,0,1000000,3000,4
586636,586636,2346544,4224,88,352,614.0,0.0,614.0,688,688,343.0,14,0,1000000,3000,4
586745,586745,2346980,4225,109,436,591.0,0.0,591.0,669,669,399.70642201834863,14,0,1000000,3000,4
586980,586980,2347920,4226,235,940,1307.0,0.0,1307.0,1409,1409,697.6851063829787,29,0,1000000,3000,4
587164,587164,2348656,4227,184,736,1314.0,0.0,1314.0,1407,1407,699.2880434782609,29,0,1000000,3000,4
587204,587204,2348816,4228,40,160,230.0,0.0,230.0,294,294,163.65,6,0,1000000,3000,4
587297,587297,2349188,4229,93,372,631.0,0.0,631.0,706,706,351.23655913978496,15,0,1000000,3000,4
587483,587483,2349932,4230,186,744,806.0,0.0,806.0,898,899,535.0,18,0,1000000,3000,4
587558,587558,2350232,4231,75,300,606.0,0.0,606.0,679,679,312.6533333333333,14,0,1000000,3000,4
587783,587783,2351132,4232,225,900,1310.0,0.0,1310.0,1410,1410,694.96,29,0,1000000,3000,4
587903,587903,2351612,4233,120,480,593.0,0.0,593.0,673,673,387.7416666666667,14,0,1000000,3000,4
588112,588112,2352448,4234,209,836,1321.0,0.0,1321.0,1419,1419,699.244019138756,29,0,1000000,3000,4
588156,588156,2352624,4235,44,176,224.0,0.0,224.0,289,289,167.52272727272728,6,0,1000000,3000,4
588379,588379,2353516,4236,223,892,1320.0,0.0,1320.0,1421,1421,707.5112107623319,29,0,1000000,3000,4
588423,588423,2353692,4237,44,176,225.0,0.0,225.0,290,290,161.4318181818182,6,0,1000000,3000,4
588535,588535,2354140,4238,112,448,591.0,0.0,591.0,670,670,383.5892857142857,14,0,1000000,3000,4
588631,588631,2354524,4239,96,384,627.0,0.0,627.0,703,703,364.3541666666667,15,0,1000000,3000,4
588680,588680,2354720,4240,49,196,212.0,0.0,212.0,278,278,164.6122448979592,6,0,1000000,3000,4
588720,588720,2354880,4241,40,160,236.0,0.0,236.0,300,300,152.875,7,0,1000000,3000,4
589067,589067,2356268,4242,347,1388,1664.0,0.0,1664.0,1790,1790,888.9164265129683,36,0,1000000,3000,4
589241,589241,2356964,4243,174,696,809.0,0.0,809.0,898,899,564.5689655172414,18,0,1000000,3000,4
589283,589283,2357132,4244,42,168,233.0,0.0,233.0,298,298,156.9047619047619,6,0,1000000,3000,4
589327,589327,2357308,4245,44,176,230.0,0.0,230.0,294,294,157.4318181818182,6,0,1000000,3000,4
589522,589522,2358088,4246,195,780,703.0,0.0,703.0,798,798,510.04102564102567,16,0,1000000,3000,4
589614,589614,2358456,4247,92,368,620.0,0.0,620.0,695,695,376.70652173913044,14,0,1000000,3000,4
589656,589656,2358624,4248,42,168,229.0,0.0,229.0,294,294,160.76190476190476,6,0,1000000,3000,4
589962,589962,2359848,4249,306,1224,1016.0,0.0,1016.0,1134,1134,655.2026143790849,23,0,1000000,3000,4
590114,590114,2360456,4250,152,608,755.0,0.0,755.0,841,841,488.5592105263158,17,0,1000000,3000,4
590253,590253,2361012,4251,139,556,732.0,0.0,732.0,815,815,466.15107913669067,17,0,1000000,3000,4
590298,590298,2361192,4252,45,180,217.0,0.0,217.0,283,283,166.2,6,0,1000000,3000,4
590395,590395,2361580,4253,97,388,626.0,0.0,626.0,702,702,363.89690721649487,15,0,1000000,3000,4
590576,590576,2362304,4254,181,724,807.0,0.0,807.0,898,898,537.4033149171271,18,0,1000000,3000,4
590798,590798,2363192,4255,222,888,1331.0,0.0,1331.0,1433,1433,690.5855855855856,29,0,1000000,3000,4
590840,590840,2363360,4256,42,168,231.0,0.0,231.0,296,296,158.97619047619048,6,0,1000000,3000,4
591066,591066,2364264,4257,226,904,1321.0,0.0,1321.0,1422,1422,714.3274336283185,29,0,1000000,3000,4
591198,591198,2364792,4258,132,528,735.0,0.0,735.0,818,818,527.5151515151515,17,0,1000000,3000,4
591240,591240,2364960,4259,42,168,233.0,0.0,233.0,298,298,161.02380952380952,6,0,1000000,3000,4
591281,591281,2365124,4260,41,164,230.0,0.0,230.0,296,296,156.0,6,0,1000000,3000,4
591320,591320,2365280,4261,39,156,234.0,0.0,234.0,299,299,161.10256410256412,6,0,1000000,3000,4
591468,591468,2365872,4262,148,592,733.0,0.0,733.0,820,820,463.9932432432432,17,0,1000000,3000,4
591573,591573,2366292,4263,105,420,627.0,0.0,627.0,704,704,362.8285714285714,15,0,1000000,3000,4
591853,591853,2367412,4264,280,1120,1296.0,0.0,1296.0,1408,1408,715.225,29,0,1000000,3000,4
591890,591890,2367560,4265,37,148,241.0,0.0,241.0,304,304,162.2972972972973,7,0,1000000,3000,4
592069,592069,2368276,4266,179,716,1141.0,0.0,1141.0,1233,1233,648.0111731843575,25,0,1000000,3000,4
592278,592278,2369112,4267,209,836,1033.0,0.0,1033.0,1130,1130,588.2918660287081,23,0,1000000,3000,4
592374,592374,2369496,4268,96,384,622.0,0.0,622.0,698,698,375.5104166666667,14,0,1000000,3000,4
592599,592599,2370396,4269,225,900,1027.0,0.0,1027.0,1128,1128,610.96,23,0,1000000,3000,4
593250,593250,2373000,4270,651,2604,943.0,0.0,943.0,1129,1129,824.6282642089094,23,0,1000000,3000,4
593417,593417,2373668,4271,167,668,634.0,0.0,634.0,722,723,478.45508982035926,15,0,1000000,3000,4
593457,593457,2373828,4272,40,160,236.0,0.0,236.0,299,299,163.875,6,0,1000000,3000,4
593492,593492,2373968,4273,35,140,246.0,0.0,246.0,309,309,155.5142857142857,7,0,1000000,3000,4
593789,593789,2375156,4274,297,1188,1293.0,0.0,1293.0,1409,1409,715.003367003367,29,0,1000000,3000,4
593953,593953,2375812,4275,164,656,811.0,0.0,811.0,898,898,520.689024390244,18,0,1000000,3000,4
594087,594087,2376348,4276,134,536,1054.0,0.0,1054.0,1137,1137,548.4402985074627,23,0,1000000,3000,4
594249,594249,2376996,4277,162,648,712.0,0.0,712.0,801,801,465.7962962962963,17,0,1000000,3000,4
594481,594481,2377924,4278,232,928,1311.0,0.0,1311.0,1412,1412,741.3362068965517,29,0,1000000,3000,4
594522,594522,2378088,4279,41,164,233.0,0.0,233.0,298,298,164.17073170731706,6,0,1000000,3000,4
594555,594555,2378220,4280,33,132,248.0,0.0,248.0,310,310,152.21212121212122,7,0,1000000,3000,4
594719,594719,2378876,4281,164,656,635.0,0.0,635.0,722,722,475.9451219512195,15,0,1000000,3000,4
594809,594809,2379236,4282,90,360,624.0,0.0,624.0,698,698,347.8333333333333,14,0,1000000,3000,4
594844,594844,2379376,4283,35,140,246.0,0.0,246.0,310,310,154.71428571428572,7,0,1000000,3000,4
595062,595062,2380248,4284,218,872,1122.0,0.0,1122.0,1220,1220,656.545871559633,25,0,1000000,3000,4
595187,595187,2380748,4285,125,500,584.0,0.0,584.0,665,665,384.352,14,0,1000000,3000,4
595375,595375,2381500,4286,188,752,806.0,0.0,806.0,898,898,520.5744680851063,18,0,1000000,3000,4
595463,595463,2381852,4287,88,352,601.0,0.0,601.0,675,675,413.95454545454544,14,0,1000000,3000,4
595667,595667,2382668,4288,204,816,1056.0,0.0,1056.0,1154,1154,573.4950980392157,24,0,1000000,3000,4
595830,595830,2383320,4289,163,652,1038.0,0.0,1038.0,1125,1125,642.5521472392638,23,0,1000000,3000,4
595869,595869,2383476,4290,39,156,232.0,0.0,232.0,295,295,170.46153846153845,6,0,1000000,3000,4
596174,596174,2384696,4291,305,1220,1292.0,0.0,1292.0,1410,1410,686.3672131147541,29,0,1000000,3000,4
596347,596347,2385388,4292,173,692,1039.0,0.0,1039.0,1129,1129,591.3757225433526,23,0,1000000,3000,4
596391,596391,2385564,4293,44,176,229.0,0.0,229.0,294,294,150.8409090909091,6,0,1000000,3000,4
596433,596433,2385732,4294,42,168,231.0,0.0,231.0,295,295,155.57142857142858,6,0,1000000,3000,4
596541,596541,2386164,4295,108,432,627.0,0.0,627.0,705,705,379.787037037037,15,0,1000000,3000,4
596628,596628,2386512,4296,87,348,622.0,0.0,622.0,696,696,332.2413793103448,14,0,1000000,3000,4
596770,596770,2387080,4297,142,568,1049.0,0.0,1049.0,1134,1134,579.2323943661971,23,0,1000000,3000,4
596810,596810,2387240,4298,40,160,227.0,0.0,227.0,292,292,159.65,6,0,1000000,3000,4
596854,596854,2387416,4299,44,176,222.0,0.0,222.0,287,287,163.8409090909091,6,0,1000000,3000,4
597078,597078,2388312,4300,224,896,1335.0,0.0,1335.0,1437,1437,653.15625,29,0,1000000,3000,4
597359,597359,2389436,4301,281,1124,1409.0,0.0,1409.0,1523,1523,772.5978647686833,31,0,1000000,3000,4
597399,597399,2389596,4302,40,160,238.0,0.0,238.0,303,303,147.675,7,0,1000000,3000,4
597442,597442,2389768,4303,43,172,225.0,0.0,225.0,290,290,162.7906976744186,6,0,1000000,3000,4
597557,597557,2390228,4304,115,460,594.0,0.0,594.0,674,674,383.5652173913044,14,0,1000000,3000,4
597677,597677,2390708,4305,120,480,605.0,0.0,605.0,685,685,382.675,14,0,1000000,3000,4
597793,597793,2391172,4306,116,464,618.0,0.0,618.0,698,698,357.51724137931035,14,0,1000000,3000,4
598011,598011,2392044,4307,218,872,1028.0,0.0,1028.0,1127,1127,590.394495412844,23,0,1000000,3000,4
598122,598122,2392488,4308,111,444,593.0,0.0,593.0,672,672,385.009009009009,14,0,1000000,3000,4
598259,598259,2393036,4309,137,548,741.0,0.0,741.0,824,824,472.0,17,0,1000000,3000,4
598302,598302,2393208,4310,43,172,229.0,0.0,229.0,294,294,159.1860465116279,6,0,1000000,3000,4
598341,598341,2393364,4311,39,156,238.0,0.0,238.0,301,301,158.23076923076923,7,0,1000000,3000,4
598511,598511,2394044,4312,170,680,634.0,0.0,634.0,722,722,473.22352941176473,15,0,1000000,3000,4
598648,598648,2394592,4313,137,548,742.0,0.0,742.0,825,825,474.7664233576642,17,0,1000000,3000,4
598697,598697,2394788,4314,49,196,218.0,0.0,218.0,284,284,148.91836734693877,6,0,1000000,3000,4
598788,598788,2395152,4315,91,364,631.0,0.0,631.0,707,707,353.7692307692308,15,0,1000000,3000,4
598988,598988,2395952,4316,200,800,1029.0,0.0,1029.0,1124,1124,590.38,23,0,1000000,3000,4
599099,599099,2396396,4317,111,444,594.0,0.0,594.0,673,673,378.55855855855856,14,0,1000000,3000,4
599137,599137,2396548,4318,38,152,239.0,0.0,239.0,303,303,161.05263157894737,7,0,1000000,3000,4
599245,599245,2396980,4319,108,432,628.0,0.0,628.0,706,706,349.8888888888889,15,0,1000000,3000,4
599471,599471,2397884,4320,226,904,1030.0,0.0,1030.0,1131,1131,590.1769911504425,23,0,1000000,3000,4
599603,599603,2398412,4321,132,528,597.0,0.0,597.0,679,679,365.67424242424244,14,0,1000000,3000,4
599873,599873,2399492,4322,270,1080,1299.0,0.0,1299.0,1409,1409,684.2555555555556,29,0,1000000,3000,4
600126,600126,2400504,4323,253,1012,1030.0,0.0,1030.0,1137,1137,523.0,23,0,1000000,3000,4
600405,600405,2401620,4324,279,1116,1023.0,0.0,1023.0,1134,1134,634.9462365591398,23,0,1000000,3000,4
600756,600756,2403024,4325,351,1404,1667.0,0.0,1667.0,1795,1795,846.1851851851852,36,0,1000000,3000,4
600808,600808,2403232,4326,52,208,213.0,0.0,213.0,279,279,155.1153846153846,6,0,1000000,3000,4
600894,600894,2403576,4327,86,344,605.0,0.0,605.0,680,680,302.9651162790698,14,0,1000000,3000,4
601014,601014,2404056,4328,120,480,589.0,0.0,589.0,670,670,386.475,14,0,1000000,3000,4
601299,601299,2405196,4329,285,1140,1299.0,0.0,1299.0,1410,1410,699.2456140350877,29,0,1000000,3000,4
601505,601505,2406020,4330,206,824,1041.0,0.0,1041.0,1139,1139,576.2815533980582,23,0,1000000,3000,4
601664,601664,2406656,4331,159,636,1041.0,0.0,1041.0,1127,1127,536.3018867924528,23,0,1000000,3000,4
601699,601699,2406796,4332,35,140,245.0,0.0,245.0,309,309,150.54285714285714,7,0,1000000,3000,4
601749,601749,2406996,4333,50,200,227.0,0.0,227.0,293,293,142.44,6,0,1000000,3000,4
601792,601792,2407168,4334,43,172,229.0,0.0,229.0,293,293,150.88372093023256,6,0,1000000,3000,4
601842,601842,2407368,4335,50,200,228.0,0.0,228.0,294,294,142.38,6,0,1000000,3000,4
601978,601978,2407912,4336,136,544,578.0,0.0,578.0,662,662,393.47058823529414,14,0,1000000,3000,4
602167,602167,2408668,4337,189,756,1035.0,0.0,1035.0,1128,1128,599.8042328042328,23,0,1000000,3000,4
602445,602445,2409780,4338,278,1112,1311.0,0.0,1311.0,1424,1424,722.4244604316547,29,0,1000000,3000,4
602619,602619,2410476,4339,174,696,728.0,0.0,728.0,818,818,471.05172413793105,17,0,1000000,3000,4
602716,602716,2410864,4340,97,388,623.0,0.0,623.0,699,699,339.8453608247423,14,0,1000000,3000,4
602748,602748,2410992,4341,32,128,243.0,0.0,243.0,306,306,164.4375,7,0,1000000,3000,4
602787,602787,2411148,4342,39,156,234.0,0.0,234.0,299,299,154.69230769230768,6,0,1000000,3000,4
602948,602948,2411792,4343,161,644,635.0,0.0,635.0,722,722,476.09316770186336,15,0,1000000,3000,4
603051,603051,2412204,4344,103,412,613.0,0.0,613.0,690,690,372.7864077669903,14,0,1000000,3000,4
603141,603141,2412564,4345,90,360,635.0,0.0,635.0,710,710,360.26666666666665,15,0,1000000,3000,4
603194,603194,2412776,4346,53,212,215.0,0.0,215.0,281,281,154.43396226415095,6,0,1000000,3000,4
603338,603338,2413352,4347,144,576,815.0,0.0,815.0,898,898,542.75,18,0,1000000,3000,4
603627,603627,2414508,4348,289,1156,1024.0,0.0,1024.0,1138,1138,721.560553633218,23,0,1000000,3000,4
603753,603753,2415012,4349,126,504,730.0,0.0,730.0,812,812,455.515873015873,17,0,1000000,3000,4
604010,604010,2416040,4350,257,1028,1329.0,0.0,1329.0,1438,1438,644.1089494163424,29,0,1000000,3000,4
604045,604045,2416180,4351,35,140,247.0,0.0,247.0,310,310,145.02857142857144,7,0,1000000,3000,4
604222,604222,2416888,4352,177,708,808.0,0.0,808.0,898,901,556.8983050847457,19,0,1000000,3000,4
604335,604335,2417340,4353,113,452,617.0,0.0,617.0,696,696,375.4867256637168,14,0,1000000,3000,4
604584,604584,2418336,4354,249,996,1032.0,0.0,1032.0,1137,1137,611.1124497991968,23,0,1000000,3000,4
604806,604806,2419224,4355,222,888,749.0,0.0,749.0,850,850,530.7882882882883,18,0,1000000,3000,4
604841,604841,2419364,4356,35,140,235.0,0.0,235.0,299,299,166.62857142857143,6,0,1000000,3000,4
604889,604889,2419556,4357,48,192,212.0,0.0,212.0,278,278,166.0625,6,0,1000000,3000,4
604932,604932,2419728,4358,43,172,231.0,0.0,231.0,297,297,154.11627906976744,6,0,1000000,3000,4
604978,604978,2419912,4359,46,184,220.0,0.0,220.0,285,285,158.67391304347825,6,0,1000000,3000,4
605022,605022,2420088,4360,44,176,223.0,0.0,223.0,288,288,163.8181818181818,6,0,1000000,3000,4
605150,605150,2420600,4361,128,512,594.0,0.0,594.0,676,676,381.125,14,0,1000000,3000,4
605384,605384,2421536,4362,234,936,1306.0,0.0,1306.0,1409,1409,707.6837606837607,29,0,1000000,3000,4
605478,605478,2421912,4363,94,376,632.0,0.0,632.0,708,708,361.01063829787233,15,0,1000000,3000,4
605752,605752,2423008,4364,274,1096,1021.0,0.0,1021.0,1131,1131,691.0839416058394,23,0,1000000,3000,4
605954,605954,2423816,4365,202,808,736.0,0.0,736.0,833,833,519.4257425742575,17,0,1000000,3000,4
606142,606142,2424568,4366,188,752,726.0,0.0,726.0,821,821,458.4414893617021,17,0,1000000,3000,4
606245,606245,2424980,4367,103,412,622.0,0.0,622.0,700,700,328.00970873786406,15,0,1000000,3000,4
606595,606595,2426380,4368,350,1400,1003.0,0.0,1003.0,1129,1129,714.0142857142857,23,0,1000000,3000,4
606644,606644,2426576,4369,49,196,210.0,0.0,210.0,276,276,171.3877551020408,6,0,1000000,3000,4
606683,606683,2426732,4370,39,156,234.0,0.0,234.0,299,299,157.7948717948718,6,0,1000000,3000,4
607218,607218,2428872,4371,535,2140,3015.0,0.0,3015.0,3161,3161,1700.9981308411216,64,0,1000000,3000,4
607401,607401,2429604,4372,183,732,1034.0,0.0,1034.0,1125,1125,586.5464480874317,23,0,1000000,3000,4
607509,607509,2430036,4373,108,432,605.0,0.0,605.0,683,683,383.3611111111111,14,0,1000000,3000,4
607542,607542,2430168,4374,33,132,243.0,0.0,243.0,307,307,149.8181818181818,7,0,1000000,3000,4
607573,607573,2430292,4375,31,124,245.0,0.0,245.0,308,308,155.2258064516129,7,0,1000000,3000,4
607751,607751,2431004,4376,178,712,632.0,0.0,632.0,722,722,481.1292134831461,15,0,1000000,3000,4
607986,607986,2431944,4377,235,940,1330.0,0.0,1330.0,1435,1435,700.0297872340426,29,0,1000000,3000,4
608239,608239,2432956,4378,253,1012,1031.0,0.0,1031.0,1138,1138,645.0158102766799,23,0,1000000,3000,4
608416,608416,2433664,4379,177,708,808.0,0.0,808.0,898,899,541.0734463276837,18,0,1000000,3000,4
608481,608481,2433924,4380,65,260,219.0,0.0,219.0,288,288,130.56923076923076,6,0,1000000,3000,4
608574,608574,2434296,4381,93,372,609.0,0.0,609.0,685,685,338.51612903225805,14,0,1000000,3000,4
608721,608721,2434884,4382,147,588,726.0,0.0,726.0,813,813,457.48979591836735,17,0,1000000,3000,4
608829,608829,2435316,4383,108,432,611.0,0.0,611.0,689,689,373.9537037037037,14,0,1000000,3000,4
608998,608998,2435992,4384,169,676,746.0,0.0,746.0,836,836,501.9230769230769,17,0,1000000,3000,4
609037,609037,2436148,4385,39,156,233.0,0.0,233.0,298,298,158.5897435897436,6,0,1000000,3000,4
609126,609126,2436504,4386,89,356,618.0,0.0,618.0,692,692,327.91011235955057,14,0,1000000,3000,4
609332,609332,2437328,4387,206,824,1319.0,0.0,1319.0,1416,1416,653.6893203883495,29,0,1000000,3000,4
609530,609530,2438120,4388,198,792,1044.0,0.0,1044.0,1140,1140,614.489898989899,23,0,1000000,3000,4
609800,609800,2439200,4389,270,1080,1311.0,0.0,1311.0,1421,1421,736.7851851851852,29,0,1000000,3000,4
609849,609849,2439396,4390,49,196,219.0,0.0,219.0,284,284,154.85714285714286,6,0,1000000,3000,4
609948,609948,2439792,4391,99,396,627.0,0.0,627.0,703,703,361.45454545454544,15,0,1000000,3000,4
610158,610158,2440632,4392,210,840,801.0,0.0,801.0,898,898,557.5714285714286,18,0,1000000,3000,4
610197,610197,2440788,4393,39,156,232.0,0.0,232.0,297,297,169.97435897435898,6,0,1000000,3000,4
610275,610275,2441100,4394,78,312,616.0,0.0,616.0,689,689,334.7435897435897,14,0,1000000,3000,4
610490,610490,2441960,4395,215,860,1693.0,0.0,1693.0,1793,1793,800.9162790697675,36,0,1000000,3000,4
610532,610532,2442128,4396,42,168,236.0,0.0,236.0,300,300,150.38095238095238,7,0,1000000,3000,4
610775,610775,2443100,4397,243,972,774.0,0.0,774.0,879,879,497.1028806584362,18,0,1000000,3000,4
610828,610828,2443312,4398,53,212,217.0,0.0,217.0,284,284,150.77358490566039,6,0,1000000,3000,4
610923,610923,2443692,4399,95,380,620.0,0.0,620.0,697,697,322.0842105263158,14,0,1000000,3000,4
611107,611107,2444428,4400,184,736,1331.0,0.0,1331.0,1423,1423,667.5815217391304,29,0,1000000,3000,4
611220,611220,2444880,4401,113,452,619.0,0.0,619.0,697,697,353.929203539823,14,0,1000000,3000,4
611263,611263,2445052,4402,43,172,234.0,0.0,234.0,299,299,145.67441860465115,6,0,1000000,3000,4
611309,611309,2445236,4403,46,184,228.0,0.0,228.0,294,294,147.54347826086956,6,0,1000000,3000,4
611426,611426,2445704,4404,117,468,718.0,0.0,718.0,798,798,428.85470085470087,16,0,1000000,3000,4
611463,611463,2445852,4405,37,148,239.0,0.0,239.0,304,304,157.97297297297297,7,0,1000000,3000,4
611570,611570,2446280,4406,107,428,603.0,0.0,603.0,682,682,390.7289719626168,14,0,1000000,3000,4
611741,611741,2446964,4407,171,684,809.0,0.0,809.0,898,898,522.1111111111111,18,0,1000000,3000,4
611873,611873,2447492,4408,132,528,722.0,0.0,722.0,804,804,446.95454545454544,17,0,1000000,3000,4
611936,611936,2447744,4409,63,252,213.0,0.0,213.0,282,282,130.20634920634922,6,0,1000000,3000,4
612150,612150,2448600,4410,214,856,749.0,0.0,749.0,847,847,495.0700934579439,17,0,1000000,3000,4
612196,612196,2448784,4411,46,184,242.0,0.0,242.0,306,306,130.45652173913044,7,0,1000000,3000,4
612428,612428,2449712,4412,232,928,1048.0,0.0,1048.0,1152,1152,525.8965517241379,24,0,1000000,3000,4
612522,612522,2450088,4413,94,376,626.0,0.0,626.0,702,702,349.78723404255317,15,0,1000000,3000,4
612718,612718,2450872,4414,196,784,804.0,0.0,804.0,898,898,530.4744897959183,18,0,1000000,3000,4
613006,613006,2452024,4415,288,1152,1011.0,0.0,1011.0,1123,1123,681.6284722222222,23,0,1000000,3000,4
613046,613046,2452184,4416,40,160,234.0,0.0,234.0,300,300,147.25,7,0,1000000,3000,4
613088,613088,2452352,4417,42,168,234.0,0.0,234.0,300,300,153.57142857142858,7,0,1000000,3000,4
613175,613175,2452700,4418,87,348,623.0,0.0,623.0,697,697,393.6551724137931,14,0,1000000,3000,4
613345,613345,2453380,4419,170,680,582.0,0.0,582.0,672,672,468.29411764705884,14,0,1000000,3000,4
613419,613419,2453676,4420,74,296,614.0,0.0,614.0,685,685,333.4189189189189,14,0,1000000,3000,4
613632,613632,2454528,4421,213,852,1315.0,0.0,1315.0,1412,1412,724.0892018779343,29,0,1000000,3000,4
613711,613711,2454844,4422,79,316,622.0,0.0,622.0,694,694,351.59493670886076,14,0,1000000,3000,4
613885,613885,2455540,4423,174,696,633.0,0.0,633.0,722,722,468.0574712643678,15,0,1000000,3000,4
613924,613924,2455696,4424,39,156,232.0,0.0,232.0,295,295,168.3846153846154,6,0,1000000,3000,4
614145,614145,2456580,4425,221,884,1410.0,0.0,1410.0,1512,1512,717.2714932126697,31,0,1000000,3000,4
614226,614226,2456904,4426,81,324,605.0,0.0,605.0,679,679,320.7901234567901,14,0,1000000,3000,4
614331,614331,2457324,4427,105,420,630.0,0.0,630.0,708,708,362.3142857142857,15,0,1000000,3000,4
614367,614367,2457468,4428,36,144,242.0,0.0,242.0,307,307,157.33333333333334,7,0,1000000,3000,4
614591,614591,2458364,4429,224,896,1037.0,0.0,1037.0,1138,1138,610.2142857142857,23,0,1000000,3000,4
614787,614787,2459148,4430,196,784,1031.0,0.0,1031.0,1126,1126,614.1938775510204,23,0,1000000,3000,4
614937,614937,2459748,4431,150,600,1062.0,0.0,1062.0,1149,1149,543.98,23,0,1000000,3000,4
615031,615031,2460124,4432,94,376,607.0,0.0,607.0,682,682,374.1170212765957,14,0,1000000,3000,4
615074,615074,2460296,4433,43,172,225.0,0.0,225.0,289,289,160.88372093023256,6,0,1000000,3000,4
615151,615151,2460604,4434,77,308,623.0,0.0,623.0,695,695,352.9220779220779,14,0,1000000,3000,4
615375,615375,2461500,4435,224,896,1313.0,0.0,1313.0,1412,1412,763.5223214285714,29,0,1000000,3000,4
615536,615536,2462144,4436,161,644,811.0,0.0,811.0,898,898,544.9378881987577,18,0,1000000,3000,4
615575,615575,2462300,4437,39,156,238.0,0.0,238.0,302,302,156.76923076923077,7,0,1000000,3000,4
615740,615740,2462960,4438,165,660,1047.0,0.0,1047.0,1135,1135,618.5575757575757,23,0,1000000,3000,4
615957,615957,2463828,4439,217,868,1029.0,0.0,1029.0,1128,1128,629.3410138248848,23,0,1000000,3000,4
615986,615986,2463944,4440,29,116,250.0,0.0,250.0,312,312,155.20689655172413,7,0,1000000,3000,4
616020,616020,2464080,4441,34,136,241.0,0.0,241.0,304,304,162.23529411764707,7,0,1000000,3000,4
616152,616152,2464608,4442,132,528,1045.0,0.0,1045.0,1126,1126,559.5833333333334,23,0,1000000,3000,4
616673,616673,2466692,4443,521,2084,2311.0,0.0,2311.0,2471,2471,1330.598848368522,50,0,1000000,3000,4
616814,616814,2467256,4444,141,564,1045.0,0.0,1045.0,1129,1129,582.6879432624113,23,0,1000000,3000,4
617056,617056,2468224,4445,242,968,1842.0,0.0,1842.0,1947,1947,918.198347107438,39,0,1000000,3000,4
617092,617092,2468368,4446,36,144,247.0,0.0,247.0,312,312,154.77777777777777,7,0,1000000,3000,4
617292,617292,2469168,4447,200,800,1559.0,0.0,1559.0,1656,1656,857.9,34,0,1000000,3000,4
617491,617491,2469964,4448,199,796,1031.0,0.0,1031.0,1126,1126,652.286432160804,23,0,1000000,3000,4
617520,617520,2470080,4449,29,116,249.0,0.0,249.0,312,312,152.9655172413793,7,0,1000000,3000,4
617636,617636,2470544,4450,116,464,621.0,0.0,621.0,701,701,381.25,15,0,1000000,3000,4
617804,617804,2471216,4451,168,672,743.0,0.0,743.0,832,832,548.3869047619048,17,0,1000000,3000,4
618045,618045,2472180,4452,241,964,1045.0,0.0,1045.0,1151,1151,649.9377593360996,24,0,1000000,3000,4
618077,618077,2472308,4453,32,128,249.0,0.0,249.0,313,313,151.84375,7,0,1000000,3000,4
618109,618109,2472436,4454,32,128,252.0,0.0,252.0,316,316,152.09375,7,0,1000000,3000,4
618148,618148,2472592,4455,39,156,232.0,0.0,232.0,296,296,160.15384615384616,6,0,1000000,3000,4
618350,618350,2473400,4456,202,808,1056.0,0.0,1056.0,1154,1154,604.059405940594,24,0,1000000,3000,4
618388,618388,2473552,4457,38,152,227.0,0.0,227.0,292,292,171.31578947368422,6,0,1000000,3000,4
618605,618605,2474420,4458,217,868,1685.0,0.0,1685.0,1785,1785,874.8387096774194,36,0,1000000,3000,4
618823,618823,2475292,4459,218,872,1028.0,0.0,1028.0,1127,1127,613.2339449541284,23,0,1000000,3000,4
618952,618952,2475808,4460,129,516,1068.0,0.0,1068.0,1151,1151,536.3720930232558,24,0,1000000,3000,4
618996,618996,2475984,4461,44,176,231.0,0.0,231.0,296,296,157.61363636363637,6,0,1000000,3000,4
619156,619156,2476624,4462,160,640,811.0,0.0,811.0,898,899,555.825,18,0,1000000,3000,4
619233,619233,2476932,4463,77,308,652.0,0.0,652.0,722,722,386.45454545454544,15,0,1000000,3000,4
619516,619516,2478064,4464,283,1132,1306.0,0.0,1306.0,1419,1419,706.9681978798586,29,0,1000000,3000,4
619626,619626,2478504,4465,110,440,610.0,0.0,610.0,688,688,358.6,14,0,1000000,3000,4
619708,619708,2478832,4466,82,328,633.0,0.0,633.0,705,705,368.4146341463415,15,0,1000000,3000,4
619763,619763,2479052,4467,55,220,235.0,0.0,235.0,302,302,125.89090909090909,7,0,1000000,3000,4
619988,619988,2479952,4468,225,900,1025.0,0.0,1025.0,1125,1125,600.0088888888889,23,0,1000000,3000,4
620032,620032,2480128,4469,44,176,231.0,0.0,231.0,296,296,152.6818181818182,6,0,1000000,3000,4
620198,620198,2480792,4470,166,664,634.0,0.0,634.0,722,722,456.46385542168673,15,0,1000000,3000,4
620242,620242,2480968,4471,44,176,237.0,0.0,237.0,302,302,138.72727272727272,7,0,1000000,3000,4
620460,620460,2481840,4472,218,872,1038.0,0.0,1038.0,1138,1138,656.2752293577981,23,0,1000000,3000,4
620657,620657,2482628,4473,197,788,1131.0,0.0,1131.0,1226,1226,658.5837563451777,25,0,1000000,3000,4
620766,620766,2483064,4474,109,436,598.0,0.0,598.0,676,676,387.2201834862385,14,0,1000000,3000,4
620814,620814,2483256,4475,48,192,233.0,0.0,233.0,298,298,140.25,6,0,1000000,3000,4
621022,621022,2484088,4476,208,832,802.0,0.0,802.0,898,898,524.8942307692307,18,0,1000000,3000,4
621194,621194,2484776,4477,172,688,809.0,0.0,809.0,898,898,570.6104651162791,18,0,1000000,3000,4
621358,621358,2485432,4478,164,656,1050.0,0.0,1050.0,1138,1138,635.8170731707318,23,0,1000000,3000,4
621400,621400,2485600,4479,42,168,242.0,0.0,242.0,308,308,144.45238095238096,7,0,1000000,3000,4
621435,621435,2485740,4480,35,140,238.0,0.0,238.0,303,303,151.88571428571427,7,0,1000000,3000,4
621530,621530,2486120,4481,95,380,624.0,0.0,624.0,701,701,355.9789473684211,15,0,1000000,3000,4
621561,621561,2486244,4482,31,124,238.0,0.0,238.0,301,301,168.06451612903226,7,0,1000000,3000,4
621762,621762,2487048,4483,201,804,1031.0,0.0,1031.0,1127,1127,623.2686567164179,23,0,1000000,3000,4
621905,621905,2487620,4484,143,572,814.0,0.0,814.0,897,898,594.916083916084,18,0,1000000,3000,4
621994,621994,2487976,4485,89,356,632.0,0.0,632.0,707,707,352.8988764044944,15,0,1000000,3000,4
622128,622128,2488512,4486,134,536,618.0,0.0,618.0,701,701,361.9925373134328,15,0,1000000,3000,4
622176,622176,2488704,4487,48,192,220.0,0.0,220.0,285,285,152.89583333333334,6,0,1000000,3000,4
622338,622338,2489352,4488,162,648,811.0,0.0,811.0,898,898,506.94444444444446,18,0,1000000,3000,4
622468,622468,2489872,4489,130,520,595.0,0.0,595.0,677,677,383.7307692307692,14,0,1000000,3000,4
622638,622638,2490552,4490,170,680,726.0,0.0,726.0,817,817,497.29411764705884,17,0,1000000,3000,4
622688,622688,2490752,4491,50,200,222.0,0.0,222.0,287,287,154.28,6,0,1000000,3000,4
622730,622730,2490920,4492,42,168,233.0,0.0,233.0,299,299,151.1904761904762,6,0,1000000,3000,4
622768,622768,2491072,4493,38,152,244.0,0.0,244.0,309,309,139.3684210526316,7,0,1000000,3000,4
622810,622810,2491240,4494,42,168,229.0,0.0,229.0,294,294,155.11904761904762,6,0,1000000,3000,4
623013,623013,2492052,4495,203,812,1031.0,0.0,1031.0,1126,1126,602.768472906404,23,0,1000000,3000,4
623134,623134,2492536,4496,121,484,594.0,0.0,594.0,676,676,376.5289256198347,14,0,1000000,3000,4
623321,623321,2493284,4497,187,748,728.0,0.0,728.0,822,822,477.2299465240642,17,0,1000000,3000,4
623568,623568,2494272,4498,247,988,1019.0,0.0,1019.0,1124,1124,622.9028340080972,23,0,1000000,3000,4
623795,623795,2495180,4499,227,908,1312.0,0.0,1312.0,1413,1413,701.647577092511,29,0,1000000,3000,4
623836,623836,2495344,4500,41,164,221.0,0.0,221.0,286,286,169.0731707317073,6,0,1000000,3000,4
623926,623926,2495704,4501,90,360,630.0,0.0,630.0,705,705,369.34444444444443,15,0,1000000,3000,4
624038,624038,2496152,4502,112,448,612.0,0.0,612.0,690,690,373.9375,14,0,1000000,3000,4
624147,624147,2496588,4503,109,436,597.0,0.0,597.0,676,676,387.9816513761468,14,0,1000000,3000,4
624192,624192,2496768,4504,45,180,226.0,0.0,226.0,291,291,160.64444444444445,6,0,1000000,3000,4
624380,624380,2497520,4505,188,752,1043.0,0.0,1043.0,1136,1136,598.2712765957447,23,0,1000000,3000,4
624489,624489,2497956,4506,109,436,598.0,0.0,598.0,677,677,393.58715596330273,14,0,1000000,3000,4
624747,624747,2498988,4507,258,1032,1418.0,0.0,1418.0,1527,1527,734.0077519379845,31,0,1000000,3000,4
625029,625029,2500116,4508,282,1128,1704.0,0.0,1704.0,1818,1818,857.6631205673759,37,0,1000000,3000,4
625194,625194,2500776,4509,165,660,1040.0,0.0,1040.0,1128,1128,597.4060606060606,23,0,1000000,3000,4
625272,625272,2501088,4510,78,312,735.0,0.0,735.0,808,808,395.6923076923077,17,0,1000000,3000,4
625305,625305,2501220,4511,33,132,249.0,0.0,249.0,313,313,153.03030303030303,7,0,1000000,3000,4
625525,625525,2502100,4512,220,880,1692.0,0.0,1692.0,1792,1792,849.7181818181818,36,0,1000000,3000,4
625737,625737,2502948,4513,212,848,1319.0,0.0,1319.0,1417,1417,710.3443396226415,29,0,1000000,3000,4
625766,625766,2503064,4514,29,116,252.0,0.0,252.0,315,315,156.0344827586207,7,0,1000000,3000,4
625958,625958,2503832,4515,192,768,1035.0,0.0,1035.0,1129,1129,582.265625,23,0,1000000,3000,4
626145,626145,2504580,4516,187,748,1337.0,0.0,1337.0,1432,1432,679.0802139037434,29,0,1000000,3000,4
626228,626228,2504912,4517,83,332,628.0,0.0,628.0,701,701,396.66265060240966,15,0,1000000,3000,4
626366,626366,2505464,4518,138,552,640.0,0.0,640.0,722,723,525.1086956521739,15,0,1000000,3000,4
626567,626567,2506268,4519,201,804,1319.0,0.0,1319.0,1415,1415,715.9800995024875,29,0,1000000,3000,4
626736,626736,2506944,4520,169,676,1044.0,0.0,1044.0,1134,1134,622.4082840236687,23,0,1000000,3000,4
626975,626975,2507900,4521,239,956,1328.0,0.0,1328.0,1433,1433,700.8995815899582,29,0,1000000,3000,4
627187,627187,2508748,4522,212,848,752.0,0.0,752.0,851,851,510.0377358490566,18,0,1000000,3000,4
627300,627300,2509200,4523,113,452,618.0,0.0,618.0,697,697,351.13274336283183,14,0,1000000,3000,4
627403,627403,2509612,4524,103,412,599.0,0.0,599.0,677,677,402.45631067961165,14,0,1000000,3000,4
627439,627439,2509756,4525,36,144,237.0,0.0,237.0,302,302,159.19444444444446,7,0,1000000,3000,4
627569,627569,2510276,4526,130,520,734.0,0.0,734.0,817,817,492.84615384615387,17,0,1000000,3000,4
627658,627658,2510632,4527,89,356,633.0,0.0,633.0,707,707,370.76404494382024,15,0,1000000,3000,4
627988,627988,2511952,4528,330,1320,1822.0,0.0,1822.0,1945,1945,1001.1151515151515,39,0,1000000,3000,4
628182,628182,2512728,4529,194,776,805.0,0.0,805.0,898,898,554.0824742268042,18,0,1000000,3000,4
628232,628232,2512928,4530,50,200,240.0,0.0,240.0,307,307,128.66,7,0,1000000,3000,4
628292,628292,2513168,4531,60,240,193.0,0.0,193.0,261,261,161.71666666666667,6,0,1000000,3000,4
628663,628663,2514652,4532,371,1484,716.0,0.0,716.0,848,848,591.1132075471698,17,0,1000000,3000,4
628710,628710,2514840,4533,47,188,229.0,0.0,229.0,295,295,151.25531914893617,6,0,1000000,3000,4
629022,629022,2516088,4534,312,1248,1010.0,0.0,1010.0,1127,1127,634.9967948717949,23,0,1000000,3000,4
629195,629195,2516780,4535,173,692,809.0,0.0,809.0,898,898,533.6127167630058,18,0,1000000,3000,4
629338,629338,2517352,4536,143,572,716.0,0.0,716.0,801,801,458.68531468531467,17,0,1000000,3000,4
629389,629389,2517556,4537,51,204,231.0,0.0,231.0,298,298,140.05882352941177,6,0,1000000,3000,4
629428,629428,2517712,4538,39,156,236.0,0.0,236.0,300,300,154.87179487179486,7,0,1000000,3000,4
629591,629591,2518364,4539,163,652,622.0,0.0,622.0,712,712,446.53374233128835,15,0,1000000,3000,4
629770,629770,2519080,4540,179,716,808.0,0.0,808.0,898,898,548.4916201117319,18,0,1000000,3000,4
629811,629811,2519244,4541,41,164,230.0,0.0,230.0,294,294,161.90243902439025,6,0,1000000,3000,4
630034,630034,2520136,4542,223,892,1037.0,0.0,1037.0,1138,1138,575.8520179372198,23,0,1000000,3000,4
630270,630270,2521080,4543,236,944,1025.0,0.0,1025.0,1127,1127,626.4533898305085,23,0,1000000,3000,4
630373,630373,2521492,4544,103,412,608.0,0.0,608.0,686,686,315.77669902912623,14,0,1000000,3000,4
630701,630701,2522804,4545,328,1312,1015.0,0.0,1015.0,1137,1137,742.7103658536586,23,0,1000000,3000,4
630745,630745,2522980,4546,44,176,232.0,0.0,232.0,298,298,152.52272727272728,6,0,1000000,3000,4
631073,631073,2524292,4547,328,1312,1830.0,0.0,1830.0,1951,1951,1012.3628048780488,40,0,1000000,3000,4
631311,631311,2525244,4548,238,952,1307.0,0.0,1307.0,1410,1410,712.8949579831933,29,0,1000000,3000,4
631356,631356,2525424,4549,45,180,220.0,0.0,220.0,286,286,164.06666666666666,6,0,1000000,3000,4
631708,631708,2526832,4550,352,1408,1283.0,0.0,1283.0,1409,1409,754.0965909090909,29,0,1000000,3000,4
631831,631831,2527324,4551,123,492,597.0,0.0,597.0,679,679,379.0487804878049,14,0,1000000,3000,4
631916,631916,2527664,4552,85,340,626.0,0.0,626.0,701,701,333.54117647058825,15,0,1000000,3000,4
631957,631957,2527828,4553,41,164,228.0,0.0,228.0,294,294,163.70731707317074,6,0,1000000,3000,4
632076,632076,2528304,4554,119,476,619.0,0.0,619.0,700,700,369.0,15,0,1000000,3000,4
632348,632348,2529392,4555,272,1088,1027.0,0.0,1027.0,1138,1138,661.6286764705883,23,0,1000000,3000,4
632401,632401,2529604,4556,53,212,204.0,0.0,204.0,270,270,170.28301886792454,6,0,1000000,3000,4
632511,632511,2530044,4557,110,440,624.0,0.0,624.0,704,704,349.5,15,0,1000000,3000,4
632598,632598,2530392,4558,87,348,633.0,0.0,633.0,708,708,372.5057471264368,15,0,1000000,3000,4
632690,632690,2530760,4559,92,368,619.0,0.0,619.0,694,694,379.82608695652175,14,0,1000000,3000,4
632735,632735,2530940,4560,45,180,216.0,0.0,216.0,283,283,166.44444444444446,6,0,1000000,3000,4
632775,632775,2531100,4561,40,160,231.0,0.0,231.0,296,296,160.175,6,0,1000000,3000,4
633101,633101,2532404,4562,326,1304,1016.0,0.0,1016.0,1137,1137,736.9263803680982,23,0,1000000,3000,4
633194,633194,2532776,4563,93,372,629.0,0.0,629.0,704,704,357.96774193548384,15,0,1000000,3000,4
633441,633441,2533764,4564,247,988,1309.0,0.0,1309.0,1414,1414,719.8785425101214,29,0,1000000,3000,4
633487,633487,2533948,4565,46,184,230.0,0.0,230.0,296,296,150.7173913043478,6,0,1000000,3000,4
633641,633641,2534564,4566,154,616,731.0,0.0,731.0,819,819,472.461038961039,17,0,1000000,3000,4
633679,633679,2534716,4567,38,152,237.0,0.0,237.0,302,302,159.8421052631579,7,0,1000000,3000,4
633784,633784,2535136,4568,105,420,617.0,0.0,617.0,695,695,366.62857142857143,14,0,1000000,3000,4
633882,633882,2535528,4569,98,392,618.0,0.0,618.0,695,695,384.7755102040816,14,0,1000000,3000,4
633969,633969,2535876,4570,87,348,621.0,0.0,621.0,695,695,327.5632183908046,14,0,1000000,3000,4
634179,634179,2536716,4571,210,840,1328.0,0.0,1328.0,1428,1428,691.5,29,0,1000000,3000,4
634213,634213,2536852,4572,34,136,233.0,0.0,233.0,297,297,167.64705882352942,6,0,1000000,3000,4
634321,634321,2537284,4573,108,432,623.0,0.0,623.0,701,701,377.39814814814815,15,0,1000000,3000,4
634407,634407,2537628,4574,86,344,626.0,0.0,626.0,701,701,396.9651162790698,15,0,1000000,3000,4
634446,634446,2537784,4575,39,156,240.0,0.0,240.0,305,305,144.15384615384616,7,0,1000000,3000,4
634481,634481,2537924,4576,35,140,233.0,0.0,233.0,298,298,162.37142857142857,6,0,1000000,3000,4
634525,634525,2538100,4577,44,176,223.0,0.0,223.0,288,288,163.75,6,0,1000000,3000,4
634560,634560,2538240,4578,35,140,252.0,0.0,252.0,316,316,150.97142857142856,7,0,1000000,3000,4
634767,634767,2539068,4579,207,828,802.0,0.0,802.0,898,900,557.864734299517,19,0,1000000,3000,4
634974,634974,2539896,4580,207,828,1420.0,0.0,1420.0,1519,1519,754.7632850241546,31,0,1000000,3000,4
635083,635083,2540332,4581,109,436,612.0,0.0,612.0,690,690,370.9908256880734,14,0,1000000,3000,4
635191,635191,2540764,4582,108,432,601.0,0.0,601.0,679,679,380.0925925925926,14,0,1000000,3000,4
635304,635304,2541216,4583,113,452,631.0,0.0,631.0,711,711,370.56637168141594,15,0,1000000,3000,4
635505,635505,2542020,4584,201,804,1029.0,0.0,1029.0,1125,1125,599.7213930348258,23,0,1000000,3000,4
635687,635687,2542748,4585,182,728,750.0,0.0,750.0,843,843,508.84065934065933,17,0,1000000,3000,4
635720,635720,2542880,4586,33,132,241.0,0.0,241.0,304,304,164.3030303030303,7,0,1000000,3000,4
635870,635870,2543480,4587,150,600,1062.0,0.0,1062.0,1149,1149,601.9,23,0,1000000,3000,4
635900,635900,2543600,4588,30,120,246.0,0.0,246.0,310,310,154.03333333333333,7,0,1000000,3000,4
636052,636052,2544208,4589,152,608,1043.0,0.0,1043.0,1129,1129,629.8421052631579,23,0,1000000,3000,4
636220,636220,2544880,4590,168,672,810.0,0.0,810.0,898,898,584.7083333333334,18,0,1000000,3000,4
636255,636255,2545020,4591,35,140,244.0,0.0,244.0,307,307,158.62857142857143,7,0,1000000,3000,4
636333,636333,2545332,4592,78,312,611.0,0.0,611.0,684,684,347.12820512820514,14,0,1000000,3000,4
636428,636428,2545712,4593,95,380,616.0,0.0,616.0,693,693,371.66315789473686,14,0,1000000,3000,4
636718,636718,2546872,4594,290,1160,1911.0,0.0,1911.0,2027,2027,1042.9931034482759,41,0,1000000,3000,4
636925,636925,2547700,4595,207,828,1336.0,0.0,1336.0,1435,1435,733.6618357487922,29,0,1000000,3000,4
637092,637092,2548368,4596,167,668,1326.0,0.0,1326.0,1414,1414,693.0239520958083,29,0,1000000,3000,4
637183,637183,2548732,4597,91,364,635.0,0.0,635.0,711,711,371.3626373626374,15,0,1000000,3000,4
637219,637219,2548876,4598,36,144,245.0,0.0,245.0,309,309,152.47222222222223,7,0,1000000,3000,4
637254,637254,2549016,4599,35,140,238.0,0.0,238.0,302,302,156.85714285714286,7,0,1000000,3000,4
637416,637416,2549664,4600,162,648,1041.0,0.0,1041.0,1129,1129,629.104938271605,23,0,1000000,3000,4
637449,637449,2549796,4601,33,132,248.0,0.0,248.0,312,312,152.24242424242425,7,0,1000000,3000,4
637520,637520,2550080,4602,71,284,618.0,0.0,618.0,689,689,350.3521126760563,14,0,1000000,3000,4
637553,637553,2550212,4603,33,132,248.0,0.0,248.0,312,312,153.93939393939394,7,0,1000000,3000,4
637721,637721,2550884,4604,168,672,1039.0,0.0,1039.0,1128,1128,631.0297619047619,23,0,1000000,3000,4
637800,637800,2551200,4605,79,316,638.0,0.0,638.0,710,710,384.9240506329114,15,0,1000000,3000,4
638040,638040,2552160,4606,240,960,1330.0,0.0,1330.0,1435,1435,759.6791666666667,29,0,1000000,3000,4
638116,638116,2552464,4607,76,304,621.0,0.0,621.0,693,693,324.2105263157895,14,0,1000000,3000,4
638345,638345,2553380,4608,229,916,1324.0,0.0,1324.0,1427,1427,741.8034934497816,29,0,1000000,3000,4
638532,638532,2554128,4609,187,748,1059.0,0.0,1059.0,1154,1154,645.5989304812834,24,0,1000000,3000,4
638712,638712,2554848,4610,180,720,1032.0,0.0,1032.0,1123,1123,625.9333333333333,23,0,1000000,3000,4
638746,638746,2554984,4611,34,136,234.0,0.0,234.0,297,297,169.11764705882354,6,0,1000000,3000,4
638790,638790,2555160,4612,44,176,229.0,0.0,229.0,294,294,150.0909090909091,6,0,1000000,3000,4
638878,638878,2555512,4613,88,352,623.0,0.0,623.0,698,698,343.375,14,0,1000000,3000,4
639050,639050,2556200,4614,172,688,1038.0,0.0,1038.0,1128,1128,605.0755813953489,23,0,1000000,3000,4
639229,639229,2556916,4615,179,716,1034.0,0.0,1034.0,1124,1124,615.7374301675977,23,0,1000000,3000,4
639404,639404,2557616,4616,175,700,1038.0,0.0,1038.0,1128,1128,589.6057142857143,23,0,1000000,3000,4
639544,639544,2558176,4617,140,560,1047.0,0.0,1047.0,1131,1131,590.7857142857143,23,0,1000000,3000,4
639582,639582,2558328,4618,38,152,237.0,0.0,237.0,301,301,149.18421052631578,7,0,1000000,3000,4
639745,639745,2558980,4619,163,652,811.0,0.0,811.0,898,898,529.6319018404907,18,0,1000000,3000,4
639960,639960,2559840,4620,215,860,1688.0,0.0,1688.0,1788,1788,881.4186046511628,36,0,1000000,3000,4
640000,640000,2560000,4621,40,160,223.0,0.0,223.0,286,286,169.975,6,0,1000000,3000,4
640115,640115,2560460,4622,115,460,615.0,0.0,615.0,695,695,369.9217391304348,14,0,1000000,3000,4
640202,640202,2560808,4623,87,348,619.0,0.0,619.0,694,694,340.2413793103448,14,0,1000000,3000,4
640385,640385,2561540,4624,183,732,1034.0,0.0,1034.0,1126,1126,568.360655737705,23,0,1000000,3000,4
640553,640553,2562212,4625,168,672,1327.0,0.0,1327.0,1415,1415,780.9404761904761,29,0,1000000,3000,4
640654,640654,2562616,4626,101,404,647.0,0.0,647.0,722,722,360.96039603960395,15,0,1000000,3000,4
640804,640804,2563216,4627,150,600,814.0,0.0,814.0,898,898,555.2466666666667,18,0,1000000,3000,4
640847,640847,2563388,4628,43,172,216.0,0.0,216.0,280,280,173.09302325581396,6,0,1000000,3000,4
640938,640938,2563752,4629,91,364,617.0,0.0,617.0,693,693,312.3076923076923,14,0,1000000,3000,4
640985,640985,2563940,4630,47,188,227.0,0.0,227.0,293,293,150.74468085106383,6,0,1000000,3000,4
641394,641394,2565576,4631,409,1636,2334.0,0.0,2334.0,2471,2471,1186.8533007334963,50,0,1000000,3000,4
641600,641600,2566400,4632,206,824,726.0,0.0,726.0,824,824,554.1844660194175,17,0,1000000,3000,4
641748,641748,2566992,4633,148,592,1054.0,0.0,1054.0,1140,1140,570.9594594594595,23,0,1000000,3000,4
641927,641927,2567708,4634,179,716,1056.0,0.0,1056.0,1149,1149,582.2960893854748,23,0,1000000,3000,4
642028,642028,2568112,4635,101,404,603.0,0.0,603.0,681,681,389.9009900990099,14,0,1000000,3000,4
642110,642110,2568440,4636,82,328,618.0,0.0,618.0,692,692,348.0,14,0,1000000,3000,4
642141,642141,2568564,4637,31,124,241.0,0.0,241.0,305,305,160.16129032258064,7,0,1000000,3000,4
642175,642175,2568700,4638,34,136,241.0,0.0,241.0,305,305,157.26470588235293,7,0,1000000,3000,4
642213,642213,2568852,4639,38,152,238.0,0.0,238.0,303,303,154.02631578947367,7,0,1000000,3000,4
642256,642256,2569024,4640,43,172,233.0,0.0,233.0,299,299,155.48837209302326,6,0,1000000,3000,4
642345,642345,2569380,4641,89,356,619.0,0.0,619.0,694,694,358.08988764044943,14,0,1000000,3000,4
642507,642507,2570028,4642,162,648,1040.0,0.0,1040.0,1128,1128,636.7407407407408,23,0,1000000,3000,4
642723,642723,2570892,4643,216,864,1334.0,0.0,1334.0,1435,1435,696.5555555555555,29,0,1000000,3000,4
642932,642932,2571728,4644,209,836,1323.0,0.0,1323.0,1422,1422,682.799043062201,29,0,1000000,3000,4
643021,643021,2572084,4645,89,356,627.0,0.0,627.0,702,702,384.5056179775281,15,0,1000000,3000,4
643218,643218,2572872,4646,197,788,771.0,0.0,771.0,867,867,549.8274111675127,18,0,1000000,3000,4
643315,643315,2573260,4647,97,388,630.0,0.0,630.0,706,706,370.37113402061857,15,0,1000000,3000,4
643355,643355,2573420,4648,40,160,229.0,0.0,229.0,294,294,161.2,6,0,1000000,3000,4
643520,643520,2574080,4649,165,660,810.0,0.0,810.0,898,898,539.9636363636364,18,0,1000000,3000,4
643559,643559,2574236,4650,39,156,240.0,0.0,240.0,305,305,154.89743589743588,7,0,1000000,3000,4
643601,643601,2574404,4651,42,168,231.0,0.0,231.0,296,296,154.8095238095238,6,0,1000000,3000,4
643692,643692,2574768,4652,91,364,615.0,0.0,615.0,691,691,339.0659340659341,14,0,1000000,3000,4
643896,643896,2575584,4653,204,816,1051.0,0.0,1051.0,1149,1149,640.0637254901961,23,0,1000000,3000,4
644004,644004,2576016,4654,108,432,613.0,0.0,613.0,691,691,375.8611111111111,14,0,1000000,3000,4
644153,644153,2576612,4655,149,596,1038.0,0.0,1038.0,1123,1123,622.6644295302013,23,0,1000000,3000,4
644328,644328,2577312,4656,175,700,1043.0,0.0,1043.0,1135,1135,576.0514285714286,23,0,1000000,3000,4
644520,644520,2578080,4657,192,768,1034.0,0.0,1034.0,1128,1128,577.5625,23,0,1000000,3000,4
644651,644651,2578604,4658,131,524,1046.0,0.0,1046.0,1128,1128,625.4809160305343,23,0,1000000,3000,4
644744,644744,2578976,4659,93,372,631.0,0.0,631.0,707,707,370.2043010752688,15,0,1000000,3000,4
644845,644845,2579380,4660,101,404,605.0,0.0,605.0,683,683,348.5049504950495,14,0,1000000,3000,4
644982,644982,2579928,4661,137,548,727.0,0.0,727.0,811,811,459.75182481751824,17,0,1000000,3000,4
645019,645019,2580076,4662,37,148,235.0,0.0,235.0,300,300,158.97297297297297,7,0,1000000,3000,4
645220,645220,2580880,4663,201,804,803.0,0.0,803.0,898,898,611.0348258706467,18,0,1000000,3000,4
645289,645289,2581156,4664,69,276,609.0,0.0,609.0,680,680,304.8840579710145,14,0,1000000,3000,4
645373,645373,2581492,4665,84,336,612.0,0.0,612.0,685,685,407.9047619047619,14,0,1000000,3000,4
645463,645463,2581852,4666,90,360,615.0,0.0,615.0,690,690,361.9111111111111,14,0,1000000,3000,4
645570,645570,2582280,4667,107,428,624.0,0.0,624.0,703,703,381.13084112149534,15,0,1000000,3000,4
645619,645619,2582476,4668,49,196,219.0,0.0,219.0,286,286,161.44897959183675,6,0,1000000,3000,4
645797,645797,2583188,4669,178,712,1339.0,0.0,1339.0,1432,1432,694.5337078651686,29,0,1000000,3000,4
645837,645837,2583348,4670,40,160,235.0,0.0,235.0,300,300,158.125,7,0,1000000,3000,4
645877,645877,2583508,4671,40,160,234.0,0.0,234.0,298,298,166.775,6,0,1000000,3000,4
645993,645993,2583972,4672,116,464,595.0,0.0,595.0,675,675,392.69827586206895,14,0,1000000,3000,4
646215,646215,2584860,4673,222,888,1026.0,0.0,1026.0,1125,1125,658.5585585585585,23,0,1000000,3000,4
646326,646326,2585304,4674,111,444,613.0,0.0,613.0,693,693,369.3693693693694,14,0,1000000,3000,4
646367,646367,2585468,4675,41,164,231.0,0.0,231.0,297,297,158.4878048780488,6,0,1000000,3000,4
646557,646557,2586228,4676,190,760,1047.0,0.0,1047.0,1141,1141,608.7315789473685,23,0,1000000,3000,4
646729,646729,2586916,4677,172,688,1041.0,0.0,1041.0,1131,1131,629.0988372093024,23,0,1000000,3000,4
646784,646784,2587136,4678,55,220,216.0,0.0,216.0,284,284,144.94545454545454,6,0,1000000,3000,4
647040,647040,2588160,4679,256,1024,1394.0,0.0,1394.0,1501,1501,779.0703125,31,0,1000000,3000,4
647143,647143,2588572,4680,103,412,606.0,0.0,606.0,684,684,281.86407766990294,14,0,1000000,3000,4
647442,647442,2589768,4681,299,1196,1404.0,0.0,1404.0,1520,1520,772.7959866220735,31,0,1000000,3000,4
647545,647545,2590180,4682,103,412,620.0,0.0,620.0,697,697,308.7281553398058,14,0,1000000,3000,4
647596,647596,2590384,4683,51,204,219.0,0.0,219.0,286,286,140.58823529411765,6,0,1000000,3000,4
647635,647635,2590540,4684,39,156,243.0,0.0,243.0,306,306,152.23076923076923,7,0,1000000,3000,4
647822,647822,2591288,4685,187,748,1032.0,0.0,1032.0,1125,1125,646.6737967914438,23,0,1000000,3000,4
647865,647865,2591460,4686,43,172,225.0,0.0,225.0,289,289,156.27906976744185,6,0,1000000,3000,4
648054,648054,2592216,4687,189,756,758.0,0.0,758.0,852,852,487.76190476190476,18,0,1000000,3000,4
648097,648097,2592388,4688,43,172,239.0,0.0,239.0,303,303,142.04651162790697,7,0,1000000,3000,4
648265,648265,2593060,4689,168,672,810.0,0.0,810.0,898,898,486.42261904761904,18,0,1000000,3000,4
648351,648351,2593404,4690,86,344,625.0,0.0,625.0,700,700,381.72093023255815,15,0,1000000,3000,4
648471,648471,2593884,4691,120,480,619.0,0.0,619.0,700,700,326.0,15,0,1000000,3000,4
648728,648728,2594912,4692,257,1028,1309.0,0.0,1309.0,1416,1416,695.9844357976654,29,0,1000000,3000,4
648761,648761,2595044,4693,33,132,251.0,0.0,251.0,315,315,152.3939393939394,7,0,1000000,3000,4
648858,648858,2595432,4694,97,388,626.0,0.0,626.0,703,703,356.62886597938143,15,0,1000000,3000,4
648901,648901,2595604,4695,43,172,236.0,0.0,236.0,302,302,139.97674418604652,7,0,1000000,3000,4
649030,649030,2596120,4696,129,516,750.0,0.0,750.0,832,832,502.5426356589147,17,0,1000000,3000,4
649068,649068,2596272,4697,38,152,245.0,0.0,245.0,310,310,143.76315789473685,7,0,1000000,3000,4
649168,649168,2596672,4698,100,400,606.0,0.0,606.0,683,683,360.25,14,0,1000000,3000,4
649204,649204,2596816,4699,36,144,240.0,0.0,240.0,305,305,155.02777777777777,7,0,1000000,3000,4
649471,649471,2597884,4700,267,1068,1017.0,0.0,1017.0,1126,1126,626.7565543071161,23,0,1000000,3000,4
649511,649511,2598044,4701,40,160,243.0,0.0,243.0,309,309,134.65,7,0,1000000,3000,4
649605,649605,2598420,4702,94,376,610.0,0.0,610.0,686,686,301.6489361702128,14,0,1000000,3000,4
649635,649635,2598540,4703,30,120,247.0,0.0,247.0,311,311,158.2,7,0,1000000,3000,4
649808,649808,2599232,4704,173,692,1039.0,0.0,1039.0,1129,1129,541.3988439306358,23,0,1000000,3000,4
649912,649912,2599648,4705,104,416,625.0,0.0,625.0,703,703,367.0769230769231,15,0,1000000,3000,4
649998,649998,2599992,4706,86,344,621.0,0.0,621.0,696,696,345.25581395348837,14,0,1000000,3000,4
650038,650038,2600152,4707,40,160,242.0,0.0,242.0,307,307,147.275,7,0,1000000,3000,4
650077,650077,2600308,4708,39,156,227.0,0.0,227.0,291,291,168.33333333333334,6,0,1000000,3000,4
650316,650316,2601264,4709,239,956,1330.0,0.0,1330.0,1435,1435,728.3598326359833,29,0,1000000,3000,4
650417,650417,2601668,4710,101,404,619.0,0.0,619.0,697,697,349.6039603960396,14,0,1000000,3000,4
650516,650516,2602064,4711,99,396,604.0,0.0,604.0,681,681,409.54545454545456,14,0,1000000,3000,4
650548,650548,2602192,4712,32,128,246.0,0.0,246.0,310,310,157.625,7,0,1000000,3000,4
650579,650579,2602316,4713,31,124,243.0,0.0,243.0,306,306,155.67741935483872,7,0,1000000,3000,4
650612,650612,2602448,4714,33,132,249.0,0.0,249.0,313,313,152.24242424242425,7,0,1000000,3000,4
650643,650643,2602572,4715,31,124,247.0,0.0,247.0,311,311,155.4516129032258,7,0,1000000,3000,4
650890,650890,2603560,4716,247,988,1023.0,0.0,1023.0,1128,1128,627.6842105263158,23,0,1000000,3000,4
651043,651043,2604172,4717,153,612,813.0,0.0,813.0,898,898,569.1045751633987,18,0,1000000,3000,4
651073,651073,2604292,4718,30,120,251.0,0.0,251.0,314,314,156.56666666666666,7,0,1000000,3000,4
651103,651103,2604412,4719,30,120,246.0,0.0,246.0,310,310,152.96666666666667,7,0,1000000,3000,4
651138,651138,2604552,4720,35,140,249.0,0.0,249.0,314,314,145.22857142857143,7,0,1000000,3000,4
651283,651283,2605132,4721,145,580,1041.0,0.0,1041.0,1125,1125,569.0,23,0,1000000,3000,4
651468,651468,2605872,4722,185,740,1333.0,0.0,1333.0,1427,1427,706.7297297297297,29,0,1000000,3000,4
651502,651502,2606008,4723,34,136,242.0,0.0,242.0,306,306,157.2058823529412,7,0,1000000,3000,4
651600,651600,2606400,4724,98,392,612.0,0.0,612.0,689,689,390.0408163265306,14,0,1000000,3000,4
651758,651758,2607032,4725,158,632,747.0,0.0,747.0,836,836,516.9367088607595,17,0,1000000,3000,4
651950,651950,2607800,4726,192,768,1334.0,0.0,1334.0,1430,1430,713.6041666666666,29,0,1000000,3000,4
652058,652058,2608232,4727,108,432,615.0,0.0,615.0,693,693,358.18518518518516,14,0,1000000,3000,4
652126,652126,2608504,4728,68,272,609.0,0.0,609.0,680,680,319.25,14,0,1000000,3000,4
652305,652305,2609220,4729,179,716,1324.0,0.0,1324.0,1415,1415,690.9664804469273,29,0,1000000,3000,4
652555,652555,2610220,4730,250,1000,1843.0,0.0,1843.0,1950,1950,964.672,40,0,1000000,3000,4
652736,652736,2610944,4731,181,724,807.0,0.0,807.0,898,899,605.5524861878453,18,0,1000000,3000,4
652772,652772,2611088,4732,36,144,242.0,0.0,242.0,306,306,159.30555555555554,7,0,1000000,3000,4
652865,652865,2611460,4733,93,372,649.0,0.0,649.0,722,722,346.258064516129,15,0,1000000,3000,4
653077,653077,2612308,4734,212,848,1029.0,0.0,1029.0,1127,1127,626.377358490566,23,0,1000000,3000,4
653173,653173,2612692,4735,96,384,627.0,0.0,627.0,704,704,347.65625,15,0,1000000,3000,4
653209,653209,2612836,4736,36,144,233.0,0.0,233.0,298,298,162.75,6,0,1000000,3000,4
653456,653456,2613824,4737,247,988,1328.0,0.0,1328.0,1435,1435,752.4858299595141,29,0,1000000,3000,4
653557,653557,2614228,4738,101,404,608.0,0.0,608.0,684,684,382.980198019802,14,0,1000000,3000,4
653654,653654,2614616,4739,97,388,612.0,0.0,612.0,688,688,394.17525773195877,14,0,1000000,3000,4
653813,653813,2615252,4740,159,636,599.0,0.0,599.0,686,686,429.22641509433964,14,0,1000000,3000,4
654025,654025,2616100,4741,212,848,1050.0,0.0,1050.0,1150,1150,589.1603773584906,24,0,1000000,3000,4
654073,654073,2616292,4742,48,192,225.0,0.0,225.0,291,291,151.39583333333334,6,0,1000000,3000,4
654114,654114,2616456,4743,41,164,232.0,0.0,232.0,298,298,151.9512195121951,6,0,1000000,3000,4
654239,654239,2616956,4744,125,500,604.0,0.0,604.0,685,685,360.496,14,0,1000000,3000,4
654290,654290,2617160,4745,51,204,215.0,0.0,215.0,282,282,164.66666666666666,6,0,1000000,3000,4
654372,654372,2617488,4746,82,328,616.0,0.0,616.0,689,689,344.5121951219512,14,0,1000000,3000,4
654611,654611,2618444,4747,239,956,1034.0,0.0,1034.0,1138,1138,610.6652719665271,23,0,1000000,3000,4
654651,654651,2618604,4748,40,160,237.0,0.0,237.0,300,300,159.0,7,0,1000000,3000,4
654687,654687,2618748,4749,36,144,248.0,0.0,248.0,312,312,147.44444444444446,7,0,1000000,3000,4
654731,654731,2618924,4750,44,176,217.0,0.0,217.0,281,281,161.61363636363637,6,0,1000000,3000,4
654832,654832,2619328,4751,101,404,630.0,0.0,630.0,707,707,360.94059405940595,15,0,1000000,3000,4
655072,655072,2620288,4752,240,960,1404.0,0.0,1404.0,1508,1508,716.4333333333333,31,0,1000000,3000,4
655123,655123,2620492,4753,51,204,213.0,0.0,213.0,280,280,163.72549019607843,6,0,1000000,3000,4
655294,655294,2621176,4754,171,684,809.0,0.0,809.0,898,899,525.2105263157895,18,0,1000000,3000,4
655566,655566,2622264,4755,272,1088,1030.0,0.0,1030.0,1140,1140,668.5330882352941,23,0,1000000,3000,4
655806,655806,2623224,4756,240,960,1033.0,0.0,1033.0,1138,1138,635.2916666666666,23,0,1000000,3000,4
655954,655954,2623816,4757,148,592,1050.0,0.0,1050.0,1136,1136,516.2905405405405,23,0,1000000,3000,4
655997,655997,2623988,4758,43,172,226.0,0.0,226.0,290,290,161.34883720930233,6,0,1000000,3000,4
656092,656092,2624368,4759,95,380,625.0,0.0,625.0,701,701,371.29473684210524,15,0,1000000,3000,4
656218,656218,2624872,4760,126,504,604.0,0.0,604.0,686,686,355.37301587301585,14,0,1000000,3000,4
656259,656259,2625036,4761,41,164,233.0,0.0,233.0,298,298,152.6829268292683,6,0,1000000,3000,4
656505,656505,2626020,4762,246,984,1304.0,0.0,1304.0,1410,1410,770.4512195121952,29,0,1000000,3000,4
656733,656733,2626932,4763,228,912,1307.0,0.0,1307.0,1408,1408,693.4166666666666,29,0,1000000,3000,4
656767,656767,2627068,4764,34,136,245.0,0.0,245.0,307,307,158.05882352941177,7,0,1000000,3000,4
656874,656874,2627496,4765,107,428,604.0,0.0,604.0,682,682,383.77570093457945,14,0,1000000,3000,4
656994,656994,2627976,4766,120,480,613.0,0.0,613.0,694,694,360.925,14,0,1000000,3000,4
657039,657039,2628156,4767,45,180,229.0,0.0,229.0,295,295,148.7111111111111,6,0,1000000,3000,4
657157,657157,2628628,4768,118,472,614.0,0.0,614.0,694,694,331.85593220338984,14,0,1000000,3000,4
657394,657394,2629576,4769,237,948,1325.0,0.0,1325.0,1430,1430,739.6666666666666,29,0,1000000,3000,4
657577,657577,2630308,4770,183,732,1044.0,0.0,1044.0,1136,1136,582.2732240437158,23,0,1000000,3000,4
657739,657739,2630956,4771,162,648,1036.0,0.0,1036.0,1123,1123,557.1358024691358,23,0,1000000,3000,4
657779,657779,2631116,4772,40,160,231.0,0.0,231.0,296,296,159.975,6,0,1000000,3000,4
657813,657813,2631252,4773,34,136,241.0,0.0,241.0,304,304,160.1764705882353,7,0,1000000,3000,4
657926,657926,2631704,4774,113,452,619.0,0.0,619.0,698,698,356.53982300884957,14,0,1000000,3000,4
657980,657980,2631920,4775,54,216,216.0,0.0,216.0,283,283,145.4814814814815,6,0,1000000,3000,4
658020,658020,2632080,4776,40,160,229.0,0.0,229.0,293,293,163.4,6,0,1000000,3000,4
658195,658195,2632780,4777,175,700,791.0,0.0,791.0,882,882,524.5371428571428,18,0,1000000,3000,4
658406,658406,2633624,4778,211,844,756.0,0.0,756.0,853,853,520.8672985781991,18,0,1000000,3000,4
658627,658627,2634508,4779,221,884,1034.0,0.0,1034.0,1134,1134,587.2352941176471,23,0,1000000,3000,4
658780,658780,2635120,4780,153,612,637.0,0.0,637.0,722,724,468.70588235294116,15,0,1000000,3000,4
658900,658900,2635600,4781,120,480,599.0,0.0,599.0,680,680,368.5083333333333,14,0,1000000,3000,4
658955,658955,2635820,4782,55,220,206.0,0.0,206.0,271,271,156.21818181818182,6,0,1000000,3000,4
659003,659003,2636012,4783,48,192,223.0,0.0,223.0,289,289,147.77083333333334,6,0,1000000,3000,4
659060,659060,2636240,4784,57,228,199.0,0.0,199.0,268,268,146.26315789473685,6,0,1000000,3000,4
659255,659255,2637020,4785,195,780,573.0,0.0,573.0,669,669,322.97435897435895,14,0,1000000,3000,4
659311,659311,2637244,4786,56,224,224.0,0.0,224.0,291,291,133.76785714285714,6,0,1000000,3000,4
659620,659620,2638480,4787,309,1236,1016.0,0.0,1016.0,1134,1134,672.9514563106796,23,0,1000000,3000,4
659666,659666,2638664,4788,46,184,225.0,0.0,225.0,290,290,152.45652173913044,6,0,1000000,3000,4
659886,659886,2639544,4789,220,880,1431.0,0.0,1431.0,1530,1530,785.7,31,0,1000000,3000,4
659938,659938,2639752,4790,52,208,211.0,0.0,211.0,277,277,166.67307692307693,6,0,1000000,3000,4
660137,660137,2640548,4791,199,796,738.0,0.0,738.0,833,833,525.8994974874372,17,0,1000000,3000,4
660180,660180,2640720,4792,43,172,231.0,0.0,231.0,295,295,153.32558139534885,6,0,1000000,3000,4
660237,660237,2640948,4793,57,228,221.0,0.0,221.0,289,289,134.3684210526316,6,0,1000000,3000,4
660300,660300,2641200,4794,63,252,184.0,0.0,184.0,252,252,160.79365079365078,6,0,1000000,3000,4
660376,660376,2641504,4795,76,304,195.0,0.0,195.0,268,268,124.27631578947368,6,0,1000000,3000,4
660577,660577,2642308,4796,201,804,732.0,0.0,732.0,828,828,464.97014925373134,17,0,1000000,3000,4
660695,660695,2642780,4797,118,472,603.0,0.0,603.0,683,683,342.771186440678,14,0,1000000,3000,4
660860,660860,2643440,4798,165,660,592.0,0.0,592.0,681,681,436.1939393939394,14,0,1000000,3000,4
660915,660915,2643660,4799,55,220,217.0,0.0,217.0,284,284,140.78181818181818,6,0,1000000,3000,4
660967,660967,2643868,4800,52,208,210.0,0.0,210.0,276,276,157.96153846153845,6,0,1000000,3000,4
661302,661302,2645208,4801,335,1340,1013.0,0.0,1013.0,1137,1137,573.7283582089552,23,0,1000000,3000,4
661388,661388,2645552,4802,86,344,152.0,0.0,152.0,224,224,141.8953488372093,5,0,1000000,3000,4
661667,661667,2646668,4803,279,1116,1016.0,0.0,1016.0,1128,1128,513.258064516129,23,0,1000000,3000,4
661928,661928,2647712,4804,261,1044,1028.0,0.0,1028.0,1137,1137,481.7432950191571,23,0,1000000,3000,4
662041,662041,2648164,4805,113,452,605.0,0.0,605.0,685,685,385.5486725663717,14,0,1000000,3000,4
662279,662279,2649116,4806,238,952,1300.0,0.0,1300.0,1403,1403,713.8319327731092,29,0,1000000,3000,4
662604,662604,2650416,4807,325,1300,1304.0,0.0,1304.0,1425,1425,679.2461538461539,29,0,1000000,3000,4
662724,662724,2650896,4808,120,480,620.0,0.0,620.0,701,701,339.1,15,0,1000000,3000,4
662823,662823,2651292,4809,99,396,606.0,0.0,606.0,681,681,316.3333333333333,14,0,1000000,3000,4
662938,662938,2651752,4810,115,460,628.0,0.0,628.0,708,708,353.4782608695652,15,0,1000000,3000,4
663075,663075,2652300,4811,137,548,600.0,0.0,600.0,683,683,374.4963503649635,14,0,1000000,3000,4
663356,663356,2653424,4812,281,1124,1311.0,0.0,1311.0,1424,1424,674.5338078291815,29,0,1000000,3000,4
663418,663418,2653672,4813,62,248,199.0,0.0,199.0,267,267,144.41935483870967,6,0,1000000,3000,4
663516,663516,2654064,4814,98,392,616.0,0.0,616.0,693,693,316.2040816326531,14,0,1000000,3000,4
663575,663575,2654300,4815,59,236,191.0,0.0,191.0,257,257,171.5593220338983,6,0,1000000,3000,4
663619,663619,2654476,4816,44,176,241.0,0.0,241.0,306,306,143.22727272727272,7,0,1000000,3000,4
663838,663838,2655352,4817,219,876,800.0,0.0,800.0,898,898,535.351598173516,18,0,1000000,3000,4
663962,663962,2655848,4818,124,496,615.0,0.0,615.0,697,697,367.0967741935484,14,0,1000000,3000,4
664173,664173,2656692,4819,211,844,1029.0,0.0,1029.0,1126,1126,562.6303317535545,23,0,1000000,3000,4
664291,664291,2657164,4820,118,472,613.0,0.0,613.0,693,693,379.6864406779661,14,0,1000000,3000,4
664334,664334,2657336,4821,43,172,230.0,0.0,230.0,295,295,151.62790697674419,6,0,1000000,3000,4
664496,664496,2657984,4822,162,648,1042.0,0.0,1042.0,1131,1131,546.0864197530864,23,0,1000000,3000,4
664539,664539,2658156,4823,43,172,230.0,0.0,230.0,295,295,152.8139534883721,6,0,1000000,3000,4
664700,664700,2658800,4824,161,644,635.0,0.0,635.0,722,723,484.41614906832297,15,0,1000000,3000,4
664887,664887,2659548,4825,187,748,718.0,0.0,718.0,812,812,534.7967914438502,17,0,1000000,3000,4
665076,665076,2660304,4826,189,756,1038.0,0.0,1038.0,1132,1132,595.1746031746031,23,0,1000000,3000,4
665123,665123,2660492,4827,47,188,227.0,0.0,227.0,293,293,153.31914893617022,6,0,1000000,3000,4
665338,665338,2661352,4828,215,860,1031.0,0.0,1031.0,1130,1130,585.6232558139535,23,0,1000000,3000,4
665567,665567,2662268,4829,229,916,1026.0,0.0,1026.0,1127,1127,603.4192139737992,23,0,1000000,3000,4
665663,665663,2662652,4830,96,384,621.0,0.0,621.0,697,697,328.96875,14,0,1000000,3000,4
665837,665837,2663348,4831,174,696,1049.0,0.0,1049.0,1140,1140,604.0402298850574,23,0,1000000,3000,4
665873,665873,2663492,4832,36,144,231.0,0.0,231.0,295,295,162.13888888888889,6,0,1000000,3000,4
665960,665960,2663840,4833,87,348,619.0,0.0,619.0,693,693,377.71264367816093,14,0,1000000,3000,4
666170,666170,2664680,4834,210,840,1031.0,0.0,1031.0,1128,1128,590.7619047619048,23,0,1000000,3000,4
666327,666327,2665308,4835,157,628,812.0,0.0,812.0,898,898,527.0891719745223,18,0,1000000,3000,4
666368,666368,2665472,4836,41,164,232.0,0.0,232.0,297,297,166.02439024390245,6,0,1000000,3000,4
666399,666399,2665596,4837,31,124,246.0,0.0,246.0,308,308,168.51612903225808,7,0,1000000,3000,4
666435,666435,2665740,4838,36,144,246.0,0.0,246.0,309,309,153.52777777777777,7,0,1000000,3000,4
666536,666536,2666144,4839,101,404,602.0,0.0,602.0,678,678,392.5742574257426,14,0,1000000,3000,4
666574,666574,2666296,4840,38,152,239.0,0.0,239.0,302,302,158.10526315789474,7,0,1000000,3000,4
666715,666715,2666860,4841,141,564,738.0,0.0,738.0,823,823,474.06382978723406,17,0,1000000,3000,4
666748,666748,2666992,4842,33,132,238.0,0.0,238.0,301,301,165.96969696969697,7,0,1000000,3000,4
666843,666843,2667372,4843,95,380,626.0,0.0,626.0,702,702,368.4,15,0,1000000,3000,4
666877,666877,2667508,4844,34,136,243.0,0.0,243.0,307,307,159.41176470588235,7,0,1000000,3000,4
666990,666990,2667960,4845,113,452,600.0,0.0,600.0,679,679,391.78761061946904,14,0,1000000,3000,4
667277,667277,2669108,4846,287,1148,1674.0,0.0,1674.0,1789,1789,796.0940766550523,36,0,1000000,3000,4
667310,667310,2669240,4847,33,132,238.0,0.0,238.0,301,301,164.15151515151516,7,0,1000000,3000,4
667550,667550,2670200,4848,240,960,1563.0,0.0,1563.0,1668,1668,796.7291666666666,34,0,1000000,3000,4
667582,667582,2670328,4849,32,128,246.0,0.0,246.0,308,308,158.65625,7,0,1000000,3000,4
667688,667688,2670752,4850,106,424,617.0,0.0,617.0,694,694,366.16037735849056,14,0,1000000,3000,4
667798,667798,2671192,4851,110,440,620.0,0.0,620.0,698,698,363.6818181818182,14,0,1000000,3000,4
667839,667839,2671356,4852,41,164,233.0,0.0,233.0,298,298,160.5121951219512,6,0,1000000,3000,4
667873,667873,2671492,4853,34,136,242.0,0.0,242.0,305,305,161.23529411764707,7,0,1000000,3000,4
668194,668194,2672776,4854,321,1284,1293.0,0.0,1293.0,1414,1414,701.5358255451713,29,0,1000000,3000,4
668361,668361,2673444,4855,167,668,1039.0,0.0,1039.0,1128,1128,580.9760479041917,23,0,1000000,3000,4
668460,668460,2673840,4856,99,396,598.0,0.0,598.0,674,674,400.5050505050505,14,0,1000000,3000,4
668625,668625,2674500,4857,165,660,635.0,0.0,635.0,722,722,477.43030303030304,15,0,1000000,3000,4
668792,668792,2675168,4858,167,668,775.0,0.0,775.0,865,865,530.814371257485,18,0,1000000,3000,4
668891,668891,2675564,4859,99,396,623.0,0.0,623.0,698,698,367.0808080808081,14,0,1000000,3000,4
668930,668930,2675720,4860,39,156,231.0,0.0,231.0,295,295,155.17948717948718,6,0,1000000,3000,4
669027,669027,2676108,4861,97,388,629.0,0.0,629.0,706,706,360.37113402061857,15,0,1000000,3000,4
669118,669118,2676472,4862,91,364,621.0,0.0,621.0,695,695,368.6373626373626,14,0,1000000,3000,4
669315,669315,2677260,4863,197,788,1128.0,0.0,1128.0,1223,1223,650.9695431472081,25,0,1000000,3000,4
669461,669461,2677844,4864,146,584,1053.0,0.0,1053.0,1138,1138,642.2876712328767,23,0,1000000,3000,4
669569,669569,2678276,4865,108,432,601.0,0.0,601.0,679,679,378.3425925925926,14,0,1000000,3000,4
669866,669866,2679464,4866,297,1188,1298.0,0.0,1298.0,1412,1412,731.5185185185185,29,0,1000000,3000,4
669901,669901,2679604,4867,35,140,243.0,0.0,243.0,307,307,165.2,7,0,1000000,3000,4
669944,669944,2679776,4868,43,172,223.0,0.0,223.0,288,288,165.30232558139534,6,0,1000000,3000,4
669986,669986,2679944,4869,42,168,228.0,0.0,228.0,293,293,164.3095238095238,6,0,1000000,3000,4
670100,670100,2680400,4870,114,456,583.0,0.0,583.0,662,662,387.96491228070175,14,0,1000000,3000,4
670136,670136,2680544,4871,36,144,235.0,0.0,235.0,299,299,165.66666666666666,6,0,1000000,3000,4
670428,670428,2681712,4872,292,1168,717.0,0.0,717.0,831,831,578.3424657534247,17,0,1000000,3000,4
670466,670466,2681864,4873,38,152,231.0,0.0,231.0,296,296,158.31578947368422,6,0,1000000,3000,4
670497,670497,2681988,4874,31,124,252.0,0.0,252.0,316,316,156.25806451612902,7,0,1000000,3000,4
670597,670597,2682388,4875,100,400,625.0,0.0,625.0,703,703,362.04,15,0,1000000,3000,4
670686,670686,2682744,4876,89,356,619.0,0.0,619.0,694,694,356.40449438202245,14,0,1000000,3000,4
670718,670718,2682872,4877,32,128,251.0,0.0,251.0,315,315,149.5,7,0,1000000,3000,4
670814,670814,2683256,4878,96,384,621.0,0.0,621.0,696,696,378.4583333333333,14,0,1000000,3000,4
670954,670954,2683816,4879,140,560,576.0,0.0,576.0,661,661,400.3357142857143,14,0,1000000,3000,4
671120,671120,2684480,4880,166,664,740.0,0.0,740.0,830,830,488.4879518072289,17,0,1000000,3000,4
671392,671392,2685568,4881,272,1088,789.0,0.0,789.0,898,899,627.0735294117648,18,0,1000000,3000,4
671721,671721,2686884,4882,329,1316,723.0,0.0,723.0,845,845,584.7598784194529,17,0,1000000,3000,4
671784,671784,2687136,4883,63,252,210.0,0.0,210.0,279,279,132.22222222222223,6,0,1000000,3000,4
671824,671824,2687296,4884,40,160,223.0,0.0,223.0,286,286,168.45,6,0,1000000,3000,4
672300,672300,2689200,4885,476,1904,974.0,0.0,974.0,1124,1124,712.6470588235294,23,0,1000000,3000,4
672711,672711,2690844,4886,411,1644,988.0,0.0,988.0,1126,1126,716.2433090024331,23,0,1000000,3000,4
672970,672970,2691880,4887,259,1036,1308.0,0.0,1308.0,1415,1415,674.4517374517375,29,0,1000000,3000,4
673036,673036,2692144,4888,66,264,196.0,0.0,196.0,264,264,143.87878787878788,6,0,1000000,3000,4
673074,673074,2692296,4889,38,152,247.0,0.0,247.0,312,312,139.78947368421052,7,0,1000000,3000,4
673339,673339,2693356,4890,265,1060,1301.0,0.0,1301.0,1410,1410,688.7207547169811,29,0,1000000,3000,4
673526,673526,2694104,4891,187,748,806.0,0.0,806.0,898,898,550.7807486631016,18,0,1000000,3000,4
673682,673682,2694728,4892,156,624,1051.0,0.0,1051.0,1138,1138,598.0769230769231,23,0,1000000,3000,4
673899,673899,2695596,4893,217,868,1027.0,0.0,1027.0,1126,1126,648.9078341013825,23,0,1000000,3000,4
674215,674215,2696860,4894,316,1264,1299.0,0.0,1299.0,1419,1419,729.9810126582279,29,0,1000000,3000,4
674417,674417,2697668,4895,202,808,1317.0,0.0,1317.0,1412,1412,742.1237623762377,29,0,1000000,3000,4
674454,674454,2697816,4896,37,148,240.0,0.0,240.0,305,305,155.21621621621622,7,0,1000000,3000,4
674489,674489,2697956,4897,35,140,242.0,0.0,242.0,306,306,161.11428571428573,7,0,1000000,3000,4
674667,674667,2698668,4898,178,712,808.0,0.0,808.0,898,898,545.6910112359551,18,0,1000000,3000,4
674930,674930,2699720,4899,263,1052,1028.0,0.0,1028.0,1137,1137,694.7832699619772,23,0,1000000,3000,4
674966,674966,2699864,4900,36,144,234.0,0.0,234.0,299,299,161.94444444444446,6,0,1000000,3000,4
675184,675184,2700736,4901,218,872,1303.0,0.0,1303.0,1402,1402,726.2477064220184,29,0,1000000,3000,4
675220,675220,2700880,4902,36,144,249.0,0.0,249.0,313,313,147.83333333333334,7,0,1000000,3000,4
675260,675260,2701040,4903,40,160,232.0,0.0,232.0,297,297,156.55,6,0,1000000,3000,4
675294,675294,2701176,4904,34,136,247.0,0.0,247.0,310,310,157.14705882352942,7,0,1000000,3000,4
675325,675325,2701300,4905,31,124,247.0,0.0,247.0,311,311,146.1290322580645,7,0,1000000,3000,4
675612,675612,2702448,4906,287,1148,1296.0,0.0,1296.0,1410,1410,732.4599303135889,29,0,1000000,3000,4
675790,675790,2703160,4907,178,712,1047.0,0.0,1047.0,1139,1139,627.4157303370787,23,0,1000000,3000,4
675958,675958,2703832,4908,168,672,1046.0,0.0,1046.0,1135,1135,587.3095238095239,23,0,1000000,3000,4
675991,675991,2703964,4909,33,132,243.0,0.0,243.0,306,306,164.42424242424244,7,0,1000000,3000,4
676033,676033,2704132,4910,42,168,230.0,0.0,230.0,294,294,152.64285714285714,6,0,1000000,3000,4
676206,676206,2704824,4911,173,692,775.0,0.0,775.0,865,865,529.6705202312139,18,0,1000000,3000,4
676244,676244,2704976,4912,38,152,236.0,0.0,236.0,300,300,154.94736842105263,7,0,1000000,3000,4
676346,676346,2705384,4913,102,408,612.0,0.0,612.0,690,690,336.7843137254902,14,0,1000000,3000,4
676481,676481,2705924,4914,135,540,1044.0,0.0,1044.0,1126,1126,605.2814814814815,23,0,1000000,3000,4
676588,676588,2706352,4915,107,428,605.0,0.0,605.0,684,684,375.4018691588785,14,0,1000000,3000,4
676800,676800,2707200,4916,212,848,1414.0,0.0,1414.0,1513,1513,790.7264150943396,31,0,1000000,3000,4
676909,676909,2707636,4917,109,436,617.0,0.0,617.0,696,696,369.76146788990826,14,0,1000000,3000,4
677086,677086,2708344,4918,177,708,1032.0,0.0,1032.0,1122,1122,580.728813559322,23,0,1000000,3000,4
677128,677128,2708512,4919,42,168,230.0,0.0,230.0,295,295,150.71428571428572,6,0,1000000,3000,4
677166,677166,2708664,4920,38,152,248.0,0.0,248.0,313,313,142.23684210526315,7,0,1000000,3000,4
677325,677325,2709300,4921,159,636,636.0,0.0,636.0,722,722,475.314465408805,15,0,1000000,3000,4
677529,677529,2710116,4922,204,816,1336.0,0.0,1336.0,1434,1434,684.6666666666666,29,0,1000000,3000,4
677683,677683,2710732,4923,154,616,1039.0,0.0,1039.0,1125,1125,629.3311688311688,23,0,1000000,3000,4
677715,677715,2710860,4924,32,128,249.0,0.0,249.0,313,313,155.0625,7,0,1000000,3000,4
677750,677750,2711000,4925,35,140,238.0,0.0,238.0,303,303,155.85714285714286,7,0,1000000,3000,4
677785,677785,2711140,4926,35,140,243.0,0.0,243.0,305,305,161.0,7,0,1000000,3000,4
678030,678030,2712120,4927,245,980,1690.0,0.0,1690.0,1797,1797,878.8653061224489,36,0,1000000,3000,4
678071,678071,2712284,4928,41,164,229.0,0.0,229.0,294,294,160.3658536585366,6,0,1000000,3000,4
678101,678101,2712404,4929,30,120,249.0,0.0,249.0,312,312,157.2,7,0,1000000,3000,4
678288,678288,2713152,4930,187,748,1036.0,0.0,1036.0,1129,1129,644.0106951871658,23,0,1000000,3000,4
678325,678325,2713300,4931,37,148,242.0,0.0,242.0,307,307,156.2972972972973,7,0,1000000,3000,4
678639,678639,2714556,4932,314,1256,1292.0,0.0,1292.0,1411,1411,733.2547770700637,29,0,1000000,3000,4
678806,678806,2715224,4933,167,668,1038.0,0.0,1038.0,1126,1126,585.2934131736527,23,0,1000000,3000,4
678961,678961,2715844,4934,155,620,813.0,0.0,813.0,898,898,597.5483870967741,18,0,1000000,3000,4
679216,679216,2716864,4935,255,1020,1021.0,0.0,1021.0,1127,1127,705.0823529411765,23,0,1000000,3000,4
679258,679258,2717032,4936,42,168,232.0,0.0,232.0,298,298,160.9047619047619,6,0,1000000,3000,4
679347,679347,2717388,4937,89,356,617.0,0.0,617.0,691,691,385.29213483146066,14,0,1000000,3000,4
679482,679482,2717928,4938,135,540,1042.0,0.0,1042.0,1124,1124,528.4074074074074,23,0,1000000,3000,4
679710,679710,2718840,4939,228,912,1412.0,0.0,1412.0,1514,1514,755.8771929824561,31,0,1000000,3000,4
679955,679955,2719820,4940,245,980,1415.0,0.0,1415.0,1520,1520,724.9102040816326,31,0,1000000,3000,4
680119,680119,2720476,4941,164,656,779.0,0.0,779.0,868,868,543.9817073170732,18,0,1000000,3000,4
680281,680281,2721124,4942,162,648,1042.0,0.0,1042.0,1130,1130,562.2530864197531,23,0,1000000,3000,4
680314,680314,2721256,4943,33,132,239.0,0.0,239.0,302,302,160.63636363636363,7,0,1000000,3000,4
680357,680357,2721428,4944,43,172,232.0,0.0,232.0,297,297,150.06976744186048,6,0,1000000,3000,4
680400,680400,2721600,4945,43,172,222.0,0.0,222.0,287,287,164.48837209302326,6,0,1000000,3000,4
680560,680560,2722240,4946,160,640,636.0,0.0,636.0,722,722,477.65625,15,0,1000000,3000,4
680679,680679,2722716,4947,119,476,613.0,0.0,613.0,693,693,381.70588235294116,14,0,1000000,3000,4
680897,680897,2723588,4948,218,872,1029.0,0.0,1029.0,1128,1128,653.7614678899082,23,0,1000000,3000,4
680937,680937,2723748,4949,40,160,235.0,0.0,235.0,300,300,159.5,7,0,1000000,3000,4
681042,681042,2724168,4950,105,420,594.0,0.0,594.0,672,672,393.1047619047619,14,0,1000000,3000,4
681082,681082,2724328,4951,40,160,225.0,0.0,225.0,290,290,169.325,6,0,1000000,3000,4
681352,681352,2725408,4952,270,1080,1016.0,0.0,1016.0,1126,1126,640.8814814814815,23,0,1000000,3000,4
681515,681515,2726060,4953,163,652,1050.0,0.0,1050.0,1139,1139,605.7116564417178,23,0,1000000,3000,4
681749,681749,2726996,4954,234,936,1307.0,0.0,1307.0,1410,1410,723.2564102564103,29,0,1000000,3000,4
681798,681798,2727192,4955,49,196,215.0,0.0,215.0,281,281,167.6734693877551,6,0,1000000,3000,4
681990,681990,2727960,4956,192,768,1036.0,0.0,1036.0,1131,1131,574.8854166666666,23,0,1000000,3000,4
682029,682029,2728116,4957,39,156,238.0,0.0,238.0,301,301,152.69230769230768,7,0,1000000,3000,4
682065,682065,2728260,4958,36,144,243.0,0.0,243.0,308,308,148.44444444444446,7,0,1000000,3000,4
682257,682257,2729028,4959,192,768,1031.0,0.0,1031.0,1125,1125,552.9635416666666,23,0,1000000,3000,4
682391,682391,2729564,4960,134,536,817.0,0.0,817.0,898,899,618.0,18,0,1000000,3000,4
682561,682561,2730244,4961,170,680,809.0,0.0,809.0,898,898,545.035294117647,18,0,1000000,3000,4
682654,682654,2730616,4962,93,372,609.0,0.0,609.0,684,684,407.258064516129,14,0,1000000,3000,4
682685,682685,2730740,4963,31,124,237.0,0.0,237.0,300,300,163.48387096774192,7,0,1000000,3000,4
682867,682867,2731468,4964,182,728,1036.0,0.0,1036.0,1128,1128,617.8516483516484,23,0,1000000,3000,4
682961,682961,2731844,4965,94,376,649.0,0.0,649.0,722,723,378.3936170212766,15,0,1000000,3000,4
683126,683126,2732504,4966,165,660,772.0,0.0,772.0,862,862,537.0363636363636,18,0,1000000,3000,4
683308,683308,2733232,4967,182,728,1322.0,0.0,1322.0,1414,1414,760.6373626373627,29,0,1000000,3000,4
683341,683341,2733364,4968,33,132,233.0,0.0,233.0,297,297,174.78787878787878,6,0,1000000,3000,4
683440,683440,2733760,4969,99,396,631.0,0.0,631.0,708,708,357.22222222222223,15,0,1000000,3000,4
683471,683471,2733884,4970,31,124,244.0,0.0,244.0,308,308,157.4516129032258,7,0,1000000,3000,4
683727,683727,2734908,4971,256,1024,1021.0,0.0,1021.0,1128,1128,709.35546875,23,0,1000000,3000,4
683894,683894,2735576,4972,167,668,1348.0,0.0,1348.0,1439,1439,729.7904191616766,29,0,1000000,3000,4
684003,684003,2736012,4973,109,436,721.0,0.0,721.0,799,799,491.8807339449541,16,0,1000000,3000,4
684173,684173,2736692,4974,170,680,1059.0,0.0,1059.0,1150,1150,587.2882352941176,24,0,1000000,3000,4
684357,684357,2737428,4975,184,736,1341.0,0.0,1341.0,1435,1435,726.8804347826087,29,0,1000000,3000,4
684401,684401,2737604,4976,44,176,225.0,0.0,225.0,289,289,161.77272727272728,6,0,1000000,3000,4
684511,684511,2738044,4977,110,440,579.0,0.0,579.0,657,657,412.9818181818182,14,0,1000000,3000,4
684593,684593,2738372,4978,82,328,616.0,0.0,616.0,689,689,335.0853658536585,14,0,1000000,3000,4
684777,684777,2739108,4979,184,736,612.0,0.0,612.0,705,705,430.6847826086956,15,0,1000000,3000,4
684806,684806,2739224,4980,29,116,248.0,0.0,248.0,310,310,157.31034482758622,7,0,1000000,3000,4
684956,684956,2739824,4981,150,600,745.0,0.0,745.0,831,831,496.5,17,0,1000000,3000,4
685133,685133,2740532,4982,177,708,808.0,0.0,808.0,898,898,523.3898305084746,18,0,1000000,3000,4
685209,685209,2740836,4983,76,304,605.0,0.0,605.0,677,677,322.86842105263156,14,0,1000000,3000,4
685390,685390,2741560,4984,181,724,794.0,0.0,794.0,887,887,516.2596685082873,18,0,1000000,3000,4
685496,685496,2741984,4985,106,424,627.0,0.0,627.0,706,706,338.9811320754717,15,0,1000000,3000,4
685701,685701,2742804,4986,205,820,1421.0,0.0,1421.0,1519,1519,788.7121951219513,31,0,1000000,3000,4
685784,685784,2743136,4987,83,332,630.0,0.0,630.0,703,703,382.56626506024094,15,0,1000000,3000,4
685936,685936,2743744,4988,152,608,1345.0,0.0,1345.0,1433,1433,665.703947368421,29,0,1000000,3000,4
685972,685972,2743888,4989,36,144,234.0,0.0,234.0,298,298,167.47222222222223,6,0,1000000,3000,4
686068,686068,2744272,4990,96,384,632.0,0.0,632.0,708,708,387.9270833333333,15,0,1000000,3000,4
686152,686152,2744608,4991,84,336,616.0,0.0,616.0,690,690,348.3095238095238,14,0,1000000,3000,4
686255,686255,2745020,4992,103,412,614.0,0.0,614.0,691,691,396.5339805825243,14,0,1000000,3000,4
686384,686384,2745536,4993,129,516,716.0,0.0,716.0,798,798,482.5348837209302,16,0,1000000,3000,4
686465,686465,2745860,4994,81,324,625.0,0.0,625.0,699,699,344.2716049382716,14,0,1000000,3000,4
686500,686500,2746000,4995,35,140,232.0,0.0,232.0,295,295,171.97142857142856,6,0,1000000,3000,4
686539,686539,2746156,4996,39,156,246.0,0.0,246.0,311,311,143.97435897435898,7,0,1000000,3000,4
686983,686983,2747932,4997,444,1776,2327.0,0.0,2327.0,2471,2471,1509.3400900900901,50,0,1000000,3000,4
687021,687021,2748084,4998,38,152,239.0,0.0,239.0,302,302,154.8421052631579,7,0,1000000,3000,4
687218,687218,2748872,4999,197,788,1303.0,0.0,1303.0,1399,1399,754.8527918781726,28,0,1000000,3000,4
687422,687422,2749688,5000,204,816,1334.0,0.0,1334.0,1432,1432,668.5539215686274,29,0,1000000,3000,4
687599,687599,2750396,5001,177,708,729.0,0.0,729.0,821,821,493.819209039548,17,0,1000000,3000,4
687762,687762,2751048,5002,163,652,1062.0,0.0,1062.0,1152,1152,518.6196319018405,24,0,1000000,3000,4
687818,687818,2751272,5003,56,224,212.0,0.0,212.0,279,279,150.98214285714286,6,0,1000000,3000,4
687914,687914,2751656,5004,96,384,732.0,0.0,732.0,809,809,349.8333333333333,17,0,1000000,3000,4
688040,688040,2752160,5005,126,504,599.0,0.0,599.0,681,681,362.5079365079365,14,0,1000000,3000,4
688198,688198,2752792,5006,158,632,774.0,0.0,774.0,862,862,544.0316455696203,18,0,1000000,3000,4
688427,688427,2753708,5007,229,916,1320.0,0.0,1320.0,1421,1421,680.3187772925764,29,0,1000000,3000,4
688563,688563,2754252,5008,136,544,1041.0,0.0,1041.0,1123,1123,588.9191176470588,23,0,1000000,3000,4
688602,688602,2754408,5009,39,156,231.0,0.0,231.0,295,295,162.46153846153845,6,0,1000000,3000,4
688715,688715,2754860,5010,113,452,610.0,0.0,610.0,689,689,393.12389380530976,14,0,1000000,3000,4
688813,688813,2755252,5011,98,392,617.0,0.0,617.0,694,694,385.92857142857144,14,0,1000000,3000,4
688851,688851,2755404,5012,38,152,240.0,0.0,240.0,304,304,158.97368421052633,7,0,1000000,3000,4
688889,688889,2755556,5013,38,152,235.0,0.0,235.0,299,299,161.05263157894737,6,0,1000000,3000,4
688932,688932,2755728,5014,43,172,226.0,0.0,226.0,290,290,161.69767441860466,6,0,1000000,3000,4
689025,689025,2756100,5015,93,372,620.0,0.0,620.0,695,695,385.6666666666667,14,0,1000000,3000,4
689172,689172,2756688,5016,147,588,1041.0,0.0,1041.0,1126,1126,596.1360544217687,23,0,1000000,3000,4
689364,689364,2757456,5017,192,768,1035.0,0.0,1035.0,1129,1129,647.1666666666666,23,0,1000000,3000,4
689581,689581,2758324,5018,217,868,1316.0,0.0,1316.0,1415,1415,749.6451612903226,29,0,1000000,3000,4
689669,689669,2758676,5019,88,352,630.0,0.0,630.0,705,705,390.90909090909093,15,0,1000000,3000,4
689699,689699,2758796,5020,30,120,251.0,0.0,251.0,314,314,157.4,7,0,1000000,3000,4
689782,689782,2759128,5021,83,332,630.0,0.0,630.0,704,704,379.1566265060241,15,0,1000000,3000,4
690019,690019,2760076,5022,237,948,796.0,0.0,796.0,898,899,665.6919831223629,18,0,1000000,3000,4
690112,690112,2760448,5023,93,372,613.0,0.0,613.0,687,687,404.6666666666667,14,0,1000000,3000,4
690142,690142,2760568,5024,30,120,250.0,0.0,250.0,313,313,155.5,7,0,1000000,3000,4
690238,690238,2760952,5025,96,384,626.0,0.0,626.0,703,703,350.96875,15,0,1000000,3000,4
690282,690282,2761128,5026,44,176,225.0,0.0,225.0,290,290,164.1590909090909,6,0,1000000,3000,4
690364,690364,2761456,5027,82,328,621.0,0.0,621.0,695,695,351.3414634146341,14,0,1000000,3000,4
690398,690398,2761592,5028,34,136,248.0,0.0,248.0,312,312,143.88235294117646,7,0,1000000,3000,4
690487,690487,2761948,5029,89,356,622.0,0.0,622.0,696,696,383.7865168539326,14,0,1000000,3000,4
690738,690738,2762952,5030,251,1004,1309.0,0.0,1309.0,1414,1414,763.7689243027888,29,0,1000000,3000,4
690776,690776,2763104,5031,38,152,240.0,0.0,240.0,305,305,153.73684210526315,7,0,1000000,3000,4
690819,690819,2763276,5032,43,172,222.0,0.0,222.0,287,287,164.7674418604651,6,0,1000000,3000,4
690971,690971,2763884,5033,152,608,1054.0,0.0,1054.0,1140,1140,593.2828947368421,23,0,1000000,3000,4
691290,691290,2765160,5034,319,1276,1009.0,0.0,1009.0,1128,1128,720.8683385579938,23,0,1000000,3000,4
691330,691330,2765320,5035,40,160,228.0,0.0,228.0,292,292,166.125,6,0,1000000,3000,4
691497,691497,2765988,5036,167,668,810.0,0.0,810.0,898,898,576.437125748503,18,0,1000000,3000,4
691759,691759,2767036,5037,262,1048,1323.0,0.0,1323.0,1433,1433,738.5,29,0,1000000,3000,4
691918,691918,2767672,5038,159,636,636.0,0.0,636.0,722,723,502.7358490566038,15,0,1000000,3000,4
692018,692018,2768072,5039,100,400,610.0,0.0,610.0,686,686,398.66,14,0,1000000,3000,4
692059,692059,2768236,5040,41,164,237.0,0.0,237.0,303,303,150.2439024390244,7,0,1000000,3000,4
692140,692140,2768560,5041,81,324,651.0,0.0,651.0,722,722,368.0987654320988,15,0,1000000,3000,4
692237,692237,2768948,5042,97,388,606.0,0.0,606.0,682,682,396.49484536082474,14,0,1000000,3000,4
692277,692277,2769108,5043,40,160,222.0,0.0,222.0,287,287,167.0,6,0,1000000,3000,4
692368,692368,2769472,5044,91,364,632.0,0.0,632.0,708,708,362.61538461538464,15,0,1000000,3000,4
692528,692528,2770112,5045,160,640,1065.0,0.0,1065.0,1154,1154,596.84375,24,0,1000000,3000,4
692569,692569,2770276,5046,41,164,227.0,0.0,227.0,293,293,164.34146341463415,6,0,1000000,3000,4
692740,692740,2770960,5047,171,684,809.0,0.0,809.0,898,898,575.8654970760234,18,0,1000000,3000,4
692777,692777,2771108,5048,37,148,232.0,0.0,232.0,297,297,163.9189189189189,6,0,1000000,3000,4
693031,693031,2772124,5049,254,1016,1041.0,0.0,1041.0,1149,1149,668.2204724409448,23,0,1000000,3000,4
693122,693122,2772488,5050,91,364,590.0,0.0,590.0,665,665,423.74725274725273,14,0,1000000,3000,4
693334,693334,2773336,5051,212,848,1331.0,0.0,1331.0,1431,1431,776.2452830188679,29,0,1000000,3000,4
693368,693368,2773472,5052,34,136,242.0,0.0,242.0,306,306,158.0,7,0,1000000,3000,4
693527,693527,2774108,5053,159,636,1043.0,0.0,1043.0,1130,1130,648.3270440251572,23,0,1000000,3000,4
693558,693558,2774232,5054,31,124,250.0,0.0,250.0,314,314,155.51612903225808,7,0,1000000,3000,4
693716,693716,2774864,5055,158,632,1329.0,0.0,1329.0,1416,1416,700.5443037974684,29,0,1000000,3000,4
693869,693869,2775476,5056,153,612,1043.0,0.0,1043.0,1129,1129,650.0065359477125,23,0,1000000,3000,4
694084,694084,2776336,5057,215,860,1309.0,0.0,1309.0,1409,1409,712.7302325581395,29,0,1000000,3000,4
694238,694238,2776952,5058,154,616,772.0,0.0,772.0,860,860,537.3766233766233,18,0,1000000,3000,4
694389,694389,2777556,5059,151,604,1157.0,0.0,1157.0,1245,1245,570.9139072847682,25,0,1000000,3000,4
694509,694509,2778036,5060,120,480,820.0,0.0,820.0,898,898,541.25,18,0,1000000,3000,4
694541,694541,2778164,5061,32,128,244.0,0.0,244.0,307,307,165.6875,7,0,1000000,3000,4
694867,694867,2779468,5062,326,1304,1316.0,0.0,1316.0,1439,1439,730.8466257668712,29,0,1000000,3000,4
695055,695055,2780220,5063,188,752,1034.0,0.0,1034.0,1127,1127,626.031914893617,23,0,1000000,3000,4
695149,695149,2780596,5064,94,376,628.0,0.0,628.0,704,704,363.9255319148936,15,0,1000000,3000,4
695244,695244,2780976,5065,95,380,629.0,0.0,629.0,705,705,376.6736842105263,15,0,1000000,3000,4
695390,695390,2781560,5066,146,584,638.0,0.0,638.0,722,722,527.6027397260274,15,0,1000000,3000,4
695565,695565,2782260,5067,175,700,1037.0,0.0,1037.0,1128,1128,637.3714285714286,23,0,1000000,3000,4
695645,695645,2782580,5068,80,320,612.0,0.0,612.0,684,684,352.3625,14,0,1000000,3000,4
695717,695717,2782868,5069,72,288,620.0,0.0,620.0,692,692,348.0416666666667,14,0,1000000,3000,4
695745,695745,2782980,5070,28,112,249.0,0.0,249.0,312,312,156.92857142857142,7,0,1000000,3000,4
695823,695823,2783292,5071,78,312,607.0,0.0,607.0,680,680,336.6025641025641,14,0,1000000,3000,4
695911,695911,2783644,5072,88,352,607.0,0.0,607.0,682,682,414.3863636363636,14,0,1000000,3000,4
695942,695942,2783768,5073,31,124,250.0,0.0,250.0,314,314,155.06451612903226,7,0,1000000,3000,4
696033,696033,2784132,5074,91,364,626.0,0.0,626.0,702,702,373.0659340659341,15,0,1000000,3000,4
696113,696113,2784452,5075,80,320,623.0,0.0,623.0,697,697,372.0,14,0,1000000,3000,4
696144,696144,2784576,5076,31,124,250.0,0.0,250.0,314,314,155.09677419354838,7,0,1000000,3000,4
696274,696274,2785096,5077,130,520,740.0,0.0,740.0,823,823,516.7153846153847,17,0,1000000,3000,4
696360,696360,2785440,5078,86,344,633.0,0.0,633.0,708,708,391.5813953488372,15,0,1000000,3000,4
696399,696399,2785596,5079,39,156,231.0,0.0,231.0,296,296,162.92307692307693,6,0,1000000,3000,4
696433,696433,2785732,5080,34,136,238.0,0.0,238.0,302,302,170.14705882352942,7,0,1000000,3000,4
696625,696625,2786500,5081,192,768,1319.0,0.0,1319.0,1413,1413,681.1458333333334,29,0,1000000,3000,4
696661,696661,2786644,5082,36,144,227.0,0.0,227.0,292,292,172.52777777777777,6,0,1000000,3000,4
696696,696696,2786784,5083,35,140,240.0,0.0,240.0,304,304,154.77142857142857,7,0,1000000,3000,4
696914,696914,2787656,5084,218,872,1570.0,0.0,1570.0,1671,1671,850.1926605504588,34,0,1000000,3000,4
697117,697117,2788468,5085,203,812,1331.0,0.0,1331.0,1429,1429,709.3645320197045,29,0,1000000,3000,4
697201,697201,2788804,5086,84,336,621.0,0.0,621.0,695,695,348.2857142857143,14,0,1000000,3000,4
697293,697293,2789172,5087,92,368,616.0,0.0,616.0,691,691,395.5869565217391,14,0,1000000,3000,4
697370,697370,2789480,5088,77,308,624.0,0.0,624.0,696,696,359.961038961039,14,0,1000000,3000,4
697538,697538,2790152,5089,168,672,1433.0,0.0,1433.0,1524,1524,742.0357142857143,31,0,1000000,3000,4
697583,697583,2790332,5090,45,180,222.0,0.0,222.0,288,288,170.77777777777777,6,0,1000000,3000,4
697719,697719,2790876,5091,136,544,1069.0,0.0,1069.0,1154,1154,603.4191176470588,24,0,1000000,3000,4
697794,697794,2791176,5092,75,300,634.0,0.0,634.0,707,707,390.74666666666667,15,0,1000000,3000,4
697956,697956,2791824,5093,162,648,769.0,0.0,769.0,859,859,532.0802469135803,18,0,1000000,3000,4
698026,698026,2792104,5094,70,280,601.0,0.0,601.0,673,673,320.2142857142857,14,0,1000000,3000,4
698125,698125,2792500,5095,99,396,610.0,0.0,610.0,687,687,383.4040404040404,14,0,1000000,3000,4
698205,698205,2792820,5096,80,320,620.0,0.0,620.0,693,693,354.6375,14,0,1000000,3000,4
698266,698266,2793064,5097,61,244,611.0,0.0,611.0,681,681,339.0655737704918,14,0,1000000,3000,4
698297,698297,2793188,5098,31,124,250.0,0.0,250.0,314,314,153.41935483870967,7,0,1000000,3000,4
698383,698383,2793532,5099,86,344,616.0,0.0,616.0,691,691,338.2093023255814,14,0,1000000,3000,4
698459,698459,2793836,5100,76,304,604.0,0.0,604.0,677,677,319.92105263157896,14,0,1000000,3000,4
698536,698536,2794144,5101,77,308,639.0,0.0,639.0,711,711,387.94805194805195,15,0,1000000,3000,4
698810,698810,2795240,5102,274,1096,1913.0,0.0,1913.0,2025,2025,941.1642335766423,41,0,1000000,3000,4
698887,698887,2795548,5103,77,308,611.0,0.0,611.0,684,684,356.76623376623377,14,0,1000000,3000,4
699060,699060,2796240,5104,173,692,1040.0,0.0,1040.0,1130,1130,655.0,23,0,1000000,3000,4
699092,699092,2796368,5105,32,128,252.0,0.0,252.0,316,316,151.03125,7,0,1000000,3000,4
699308,699308,2797232,5106,216,864,754.0,0.0,754.0,853,853,557.1435185185185,18,0,1000000,3000,4
699504,699504,2798016,5107,196,784,1331.0,0.0,1331.0,1428,1428,717.3724489795918,29,0,1000000,3000,4
699538,699538,2798152,5108,34,136,239.0,0.0,239.0,303,303,160.44117647058823,7,0,1000000,3000,4
699612,699612,2798448,5109,74,296,611.0,0.0,611.0,683,683,330.7837837837838,14,0,1000000,3000,4
699642,699642,2798568,5110,30,120,251.0,0.0,251.0,315,315,153.3,7,0,1000000,3000,4
699805,699805,2799220,5111,163,652,1319.0,0.0,1319.0,1408,1408,685.9877300613497,29,0,1000000,3000,4
699962,699962,2799848,5112,157,628,1042.0,0.0,1042.0,1129,1129,637.4585987261147,23,0,1000000,3000,4
700007,700007,2800028,5113,45,180,219.0,0.0,219.0,285,285,163.55555555555554,6,0,1000000,3000,4
700261,700261,2801044,5114,254,1016,1327.0,0.0,1327.0,1435,1435,682.5629921259842,29,0,1000000,3000,4
700436,700436,2801744,5115,175,700,1341.0,0.0,1341.0,1434,1434,691.5142857142857,29,0,1000000,3000,4
700731,700731,2802924,5116,295,1180,1657.0,0.0,1657.0,1773,1773,890.2881355932203,36,0,1000000,3000,4
700766,700766,2803064,5117,35,140,247.0,0.0,247.0,310,310,157.4857142857143,7,0,1000000,3000,4
700903,700903,2803612,5118,137,548,1052.0,0.0,1052.0,1136,1136,557.1313868613139,23,0,1000000,3000,4
701046,701046,2804184,5119,143,572,639.0,0.0,639.0,722,722,508.64335664335664,15,0,1000000,3000,4
701091,701091,2804364,5120,45,180,224.0,0.0,224.0,289,289,161.75555555555556,6,0,1000000,3000,4
701202,701202,2804808,5121,111,444,620.0,0.0,620.0,700,700,370.4684684684685,15,0,1000000,3000,4
701324,701324,2805296,5122,122,488,621.0,0.0,621.0,702,702,375.10655737704917,15,0,1000000,3000,4
701520,701520,2806080,5123,196,784,1034.0,0.0,1034.0,1129,1129,623.6275510204082,23,0,1000000,3000,4
701609,701609,2806436,5124,89,356,626.0,0.0,626.0,700,700,386.8988764044944,15,0,1000000,3000,4
701709,701709,2806836,5125,100,400,610.0,0.0,610.0,688,688,389.68,14,0,1000000,3000,4
701784,701784,2807136,5126,75,300,622.0,0.0,622.0,694,694,357.96,14,0,1000000,3000,4
701885,701885,2807540,5127,101,404,623.0,0.0,623.0,700,700,392.08910891089107,15,0,1000000,3000,4
701991,701991,2807964,5128,106,424,614.0,0.0,614.0,692,692,379.0,14,0,1000000,3000,4
702023,702023,2808092,5129,32,128,242.0,0.0,242.0,305,305,169.09375,7,0,1000000,3000,4
702064,702064,2808256,5130,41,164,231.0,0.0,231.0,296,296,157.609756097561,6,0,1000000,3000,4
702228,702228,2808912,5131,164,656,1041.0,0.0,1041.0,1129,1129,610.030487804878,23,0,1000000,3000,4
702366,702366,2809464,5132,138,552,718.0,0.0,718.0,802,802,481.81159420289856,17,0,1000000,3000,4
702405,702405,2809620,5133,39,156,236.0,0.0,236.0,301,301,154.0,7,0,1000000,3000,4
702511,702511,2810044,5134,106,424,611.0,0.0,611.0,690,690,326.14150943396226,14,0,1000000,3000,4
702599,702599,2810396,5135,88,352,624.0,0.0,624.0,698,698,397.75,14,0,1000000,3000,4
702633,702633,2810532,5136,34,136,244.0,0.0,244.0,308,308,143.85294117647058,7,0,1000000,3000,4
702731,702731,2810924,5137,98,392,631.0,0.0,631.0,707,707,358.6530612244898,15,0,1000000,3000,4
702834,702834,2811336,5138,103,412,628.0,0.0,628.0,704,704,381.22330097087377,15,0,1000000,3000,4
703007,703007,2812028,5139,173,692,764.0,0.0,764.0,856,856,506.0057803468208,18,0,1000000,3000,4
703101,703101,2812404,5140,94,376,635.0,0.0,635.0,710,710,362.4468085106383,15,0,1000000,3000,4
703136,703136,2812544,5141,35,140,231.0,0.0,231.0,295,295,170.57142857142858,6,0,1000000,3000,4
703248,703248,2812992,5142,112,448,629.0,0.0,629.0,708,708,367.625,15,0,1000000,3000,4
703417,703417,2813668,5143,169,676,710.0,0.0,710.0,799,799,491.0591715976331,16,0,1000000,3000,4
703504,703504,2814016,5144,87,348,608.0,0.0,608.0,681,681,352.6896551724138,14,0,1000000,3000,4
703546,703546,2814184,5145,42,168,225.0,0.0,225.0,291,291,162.42857142857142,6,0,1000000,3000,4
703582,703582,2814328,5146,36,144,232.0,0.0,232.0,296,296,165.22222222222223,6,0,1000000,3000,4
703680,703680,2814720,5147,98,392,625.0,0.0,625.0,701,701,379.3775510204082,15,0,1000000,3000,4
703877,703877,2815508,5148,197,788,1339.0,0.0,1339.0,1436,1436,706.6040609137056,29,0,1000000,3000,4
704068,704068,2816272,5149,191,764,1033.0,0.0,1033.0,1127,1127,612.7434554973822,23,0,1000000,3000,4
704222,704222,2816888,5150,154,616,783.0,0.0,783.0,870,870,508.42857142857144,18,0,1000000,3000,4
704474,704474,2817896,5151,252,1008,1308.0,0.0,1308.0,1414,1414,739.2896825396825,29,0,1000000,3000,4
704504,704504,2818016,5152,30,120,249.0,0.0,249.0,312,312,163.76666666666668,7,0,1000000,3000,4
704708,704708,2818832,5153,204,816,1029.0,0.0,1029.0,1124,1124,595.5784313725491,23,0,1000000,3000,4
704801,704801,2819204,5154,93,372,634.0,0.0,634.0,710,710,353.6989247311828,15,0,1000000,3000,4
704974,704974,2819896,5155,173,692,1339.0,0.0,1339.0,1431,1431,711.9248554913295,29,0,1000000,3000,4
705190,705190,2820760,5156,216,864,1315.0,0.0,1315.0,1414,1414,746.7314814814815,29,0,1000000,3000,4
705231,705231,2820924,5157,41,164,234.0,0.0,234.0,298,298,158.21951219512195,6,0,1000000,3000,4
705382,705382,2821528,5158,151,604,637.0,0.0,637.0,722,722,500.4503311258278,15,0,1000000,3000,4
705473,705473,2821892,5159,91,364,626.0,0.0,626.0,701,701,373.27472527472526,15,0,1000000,3000,4
705568,705568,2822272,5160,95,380,628.0,0.0,628.0,704,704,379.0,15,0,1000000,3000,4
705655,705655,2822620,5161,87,348,650.0,0.0,650.0,722,722,368.3448275862069,15,0,1000000,3000,4
705794,705794,2823176,5162,139,556,640.0,0.0,640.0,722,722,508.6043165467626,15,0,1000000,3000,4
705826,705826,2823304,5163,32,128,248.0,0.0,248.0,312,312,151.9375,7,0,1000000,3000,4
705905,705905,2823620,5164,79,316,635.0,0.0,635.0,708,708,373.72151898734177,15,0,1000000,3000,4
706042,706042,2824168,5165,137,548,640.0,0.0,640.0,722,722,511.2335766423358,15,0,1000000,3000,4
706073,706073,2824292,5166,31,124,250.0,0.0,250.0,314,314,156.6451612903226,7,0,1000000,3000,4
706121,706121,2824484,5167,48,192,221.0,0.0,221.0,288,288,158.0625,6,0,1000000,3000,4
706358,706358,2825432,5168,237,948,1335.0,0.0,1335.0,1440,1440,739.957805907173,29,0,1000000,3000,4
706392,706392,2825568,5169,34,136,239.0,0.0,239.0,301,301,165.5,7,0,1000000,3000,4
706424,706424,2825696,5170,32,128,248.0,0.0,248.0,312,312,154.8125,7,0,1000000,3000,4
706455,706455,2825820,5171,31,124,245.0,0.0,245.0,308,308,158.29032258064515,7,0,1000000,3000,4
706495,706495,2825980,5172,40,160,230.0,0.0,230.0,296,296,158.825,6,0,1000000,3000,4
706589,706589,2826356,5173,94,376,604.0,0.0,604.0,680,680,413.32978723404256,14,0,1000000,3000,4
706653,706653,2826612,5174,64,256,615.0,0.0,615.0,685,685,345.78125,14,0,1000000,3000,4
706757,706757,2827028,5175,104,416,601.0,0.0,601.0,678,678,402.50961538461536,14,0,1000000,3000,4
706787,706787,2827148,5176,30,120,250.0,0.0,250.0,314,314,154.0,7,0,1000000,3000,4
706879,706879,2827516,5177,92,368,634.0,0.0,634.0,710,710,379.57608695652175,15,0,1000000,3000,4
706953,706953,2827812,5178,74,296,610.0,0.0,610.0,682,682,301.8783783783784,14,0,1000000,3000,4
707045,707045,2828180,5179,92,368,635.0,0.0,635.0,710,710,354.1847826086956,15,0,1000000,3000,4
707095,707095,2828380,5180,50,200,223.0,0.0,223.0,289,289,152.74,6,0,1000000,3000,4
707145,707145,2828580,5181,50,200,233.0,0.0,233.0,300,300,139.6,7,0,1000000,3000,4
707329,707329,2829316,5182,184,736,1036.0,0.0,1036.0,1127,1127,562.9673913043479,23,0,1000000,3000,4
707372,707372,2829488,5183,43,172,237.0,0.0,237.0,302,302,145.09302325581396,7,0,1000000,3000,4
707479,707479,2829916,5184,107,428,624.0,0.0,624.0,702,702,346.13084112149534,15,0,1000000,3000,4
707553,707553,2830212,5185,74,296,632.0,0.0,632.0,704,704,376.0135135135135,15,0,1000000,3000,4
707653,707653,2830612,5186,100,400,627.0,0.0,627.0,704,704,357.02,15,0,1000000,3000,4
707840,707840,2831360,5187,187,748,1038.0,0.0,1038.0,1132,1132,629.2566844919786,23,0,1000000,3000,4
707959,707959,2831836,5188,119,476,609.0,0.0,609.0,689,689,366.96638655462186,14,0,1000000,3000,4
708003,708003,2832012,5189,44,176,225.0,0.0,225.0,290,290,154.5681818181818,6,0,1000000,3000,4
708186,708186,2832744,5190,183,732,756.0,0.0,756.0,849,849,511.26229508196724,17,0,1000000,3000,4
708227,708227,2832908,5191,41,164,247.0,0.0,247.0,313,313,129.02439024390245,7,0,1000000,3000,4
708283,708283,2833132,5192,56,224,224.0,0.0,224.0,292,292,122.25,6,0,1000000,3000,4
708390,708390,2833560,5193,107,428,609.0,0.0,609.0,688,688,397.2803738317757,14,0,1000000,3000,4
708599,708599,2834396,5194,209,836,1333.0,0.0,1333.0,1432,1432,684.866028708134,29,0,1000000,3000,4
708633,708633,2834532,5195,34,136,240.0,0.0,240.0,303,303,153.1764705882353,7,0,1000000,3000,4
708902,708902,2835608,5196,269,1076,1017.0,0.0,1017.0,1126,1126,600.092936802974,23,0,1000000,3000,4
708944,708944,2835776,5197,42,168,228.0,0.0,228.0,293,293,157.35714285714286,6,0,1000000,3000,4
708994,708994,2835976,5198,50,200,218.0,0.0,218.0,285,285,163.32,6,0,1000000,3000,4
709052,709052,2836208,5199,58,232,201.0,0.0,201.0,268,268,160.55172413793105,6,0,1000000,3000,4
709158,709158,2836632,5200,106,424,632.0,0.0,632.0,711,711,327.1698113207547,15,0,1000000,3000,4
709379,709379,2837516,5201,221,884,1021.0,0.0,1021.0,1121,1121,601.8009049773756,23,0,1000000,3000,4
709708,709708,2838832,5202,329,1316,1106.0,0.0,1106.0,1227,1227,624.2462006079028,25,0,1000000,3000,4
709933,709933,2839732,5203,225,900,1327.0,0.0,1327.0,1430,1430,690.8355555555555,29,0,1000000,3000,4
710033,710033,2840132,5204,100,400,606.0,0.0,606.0,683,683,320.56,14,0,1000000,3000,4
710155,710155,2840620,5205,122,488,595.0,0.0,595.0,677,677,381.8688524590164,14,0,1000000,3000,4
710291,710291,2841164,5206,136,544,778.0,0.0,778.0,863,863,521.0588235294117,18,0,1000000,3000,4
710329,710329,2841316,5207,38,152,243.0,0.0,243.0,307,307,145.39473684210526,7,0,1000000,3000,4
710512,710512,2842048,5208,183,732,776.0,0.0,776.0,868,868,529.5573770491803,18,0,1000000,3000,4
710591,710591,2842364,5209,79,316,619.0,0.0,619.0,692,692,346.8354430379747,14,0,1000000,3000,4
710686,710686,2842744,5210,95,380,605.0,0.0,605.0,681,681,397.8,14,0,1000000,3000,4
710851,710851,2843404,5211,165,660,1040.0,0.0,1040.0,1128,1128,562.230303030303,23,0,1000000,3000,4
711078,711078,2844312,5212,227,908,1300.0,0.0,1300.0,1402,1402,772.5242290748898,29,0,1000000,3000,4
711296,711296,2845184,5213,218,872,1033.0,0.0,1033.0,1133,1133,627.3440366972477,23,0,1000000,3000,4
711486,711486,2845944,5214,190,760,1033.0,0.0,1033.0,1125,1125,552.8894736842105,23,0,1000000,3000,4
711597,711597,2846388,5215,111,444,613.0,0.0,613.0,693,693,371.8198198198198,14,0,1000000,3000,4
712637,712637,2850548,5216,1040,4160,943.0,0.0,943.0,1205,1205,716.9230769230769,25,0,1000000,3000,4
712878,712878,2851512,5217,241,964,795.0,0.0,795.0,898,898,502.0995850622407,18,0,1000000,3000,4
713219,713219,2852876,5218,341,1364,761.0,0.0,761.0,886,886,551.9296187683284,18,0,1000000,3000,4
713359,713359,2853436,5219,140,560,591.0,0.0,591.0,677,677,337.26428571428573,14,0,1000000,3000,4
713491,713491,2853964,5220,132,528,608.0,0.0,608.0,690,690,360.969696969697,14,0,1000000,3000,4
713536,713536,2854144,5221,45,180,229.0,0.0,229.0,294,294,157.51111111111112,6,0,1000000,3000,4
713579,713579,2854316,5222,43,172,243.0,0.0,243.0,307,307,144.74418604651163,7,0,1000000,3000,4
713839,713839,2855356,5223,260,1040,1302.0,0.0,1302.0,1410,1410,715.9769230769231,29,0,1000000,3000,4
714057,714057,2856228,5224,218,872,1316.0,0.0,1316.0,1414,1414,680.4311926605504,29,0,1000000,3000,4
714263,714263,2857052,5225,206,824,1313.0,0.0,1313.0,1411,1411,691.7135922330098,29,0,1000000,3000,4
714300,714300,2857200,5226,37,148,235.0,0.0,235.0,298,298,166.21621621621622,6,0,1000000,3000,4
714477,714477,2857908,5227,177,708,1038.0,0.0,1038.0,1129,1129,602.6723163841808,23,0,1000000,3000,4
714598,714598,2858392,5228,121,484,596.0,0.0,596.0,677,677,385.92561983471074,14,0,1000000,3000,4
714878,714878,2859512,5229,280,1120,1299.0,0.0,1299.0,1409,1412,709.2821428571428,29,0,1000000,3000,4
714921,714921,2859684,5230,43,172,233.0,0.0,233.0,297,297,152.95348837209303,6,0,1000000,3000,4
715052,715052,2860208,5231,131,524,619.0,0.0,619.0,701,701,354.09923664122135,15,0,1000000,3000,4
715097,715097,2860388,5232,45,180,231.0,0.0,231.0,297,297,150.2,6,0,1000000,3000,4
715219,715219,2860876,5233,122,488,578.0,0.0,578.0,659,659,386.6967213114754,14,0,1000000,3000,4
715369,715369,2861476,5234,150,600,590.0,0.0,590.0,675,675,366.9266666666667,14,0,1000000,3000,4
715412,715412,2861648,5235,43,172,238.0,0.0,238.0,303,303,148.4418604651163,7,0,1000000,3000,4
715454,715454,2861816,5236,42,168,231.0,0.0,231.0,295,295,159.07142857142858,6,0,1000000,3000,4
715733,715733,2862932,5237,279,1116,1303.0,0.0,1303.0,1415,1415,740.9068100358423,29,0,1000000,3000,4
715781,715781,2863124,5238,48,192,232.0,0.0,232.0,298,298,145.375,6,0,1000000,3000,4
715902,715902,2863608,5239,121,484,627.0,0.0,627.0,707,707,335.9586776859504,15,0,1000000,3000,4
716172,716172,2864688,5240,270,1080,1318.0,0.0,1318.0,1429,1429,716.5333333333333,29,0,1000000,3000,4
716207,716207,2864828,5241,35,140,243.0,0.0,243.0,306,306,157.11428571428573,7,0,1000000,3000,4
716270,716270,2865080,5242,63,252,212.0,0.0,212.0,281,281,138.96825396825398,6,0,1000000,3000,4
716313,716313,2865252,5243,43,172,231.0,0.0,231.0,296,296,154.06976744186048,6,0,1000000,3000,4
716363,716363,2865452,5244,50,200,223.0,0.0,223.0,289,289,144.68,6,0,1000000,3000,4
716406,716406,2865624,5245,43,172,233.0,0.0,233.0,298,298,152.58139534883722,6,0,1000000,3000,4
716448,716448,2865792,5246,42,168,233.0,0.0,233.0,297,297,160.6904761904762,6,0,1000000,3000,4
716599,716599,2866396,5247,151,604,590.0,0.0,590.0,677,677,374.5430463576159,14,0,1000000,3000,4
716713,716713,2866852,5248,114,456,622.0,0.0,622.0,700,700,341.1578947368421,15,0,1000000,3000,4
716904,716904,2867616,5249,191,764,805.0,0.0,805.0,898,899,552.2565445026178,18,0,1000000,3000,4
717098,717098,2868392,5250,194,776,1040.0,0.0,1040.0,1135,1135,585.4020618556701,23,0,1000000,3000,4
717208,717208,2868832,5251,110,440,627.0,0.0,627.0,704,704,348.8272727272727,15,0,1000000,3000,4
717466,717466,2869864,5252,258,1032,1412.0,0.0,1412.0,1520,1520,734.0736434108527,31,0,1000000,3000,4
717515,717515,2870060,5253,49,196,227.0,0.0,227.0,293,293,147.6326530612245,6,0,1000000,3000,4
717919,717919,2871676,5254,404,1616,1301.0,0.0,1301.0,1439,1439,676.9232673267327,29,0,1000000,3000,4
718394,718394,2873576,5255,475,1900,1279.0,0.0,1279.0,1426,1426,674.9663157894737,29,0,1000000,3000,4
718562,718562,2874248,5256,168,672,612.0,0.0,612.0,703,703,322.9940476190476,15,0,1000000,3000,4
718672,718672,2874688,5257,110,440,627.0,0.0,627.0,707,707,363.75454545454545,15,0,1000000,3000,4
718731,718731,2874924,5258,59,236,225.0,0.0,225.0,294,294,131.1864406779661,6,0,1000000,3000,4
718892,718892,2875568,5259,161,644,766.0,0.0,766.0,855,855,513.6708074534162,18,0,1000000,3000,4
719125,719125,2876500,5260,233,932,1306.0,0.0,1306.0,1408,1408,673.4763948497854,29,0,1000000,3000,4
719304,719304,2877216,5261,179,716,808.0,0.0,808.0,898,899,565.4692737430167,18,0,1000000,3000,4
719444,719444,2877776,5262,140,560,1156.0,0.0,1156.0,1240,1240,591.2285714285714,25,0,1000000,3000,4
719473,719473,2877892,5263,29,116,250.0,0.0,250.0,313,313,158.6206896551724,7,0,1000000,3000,4
719505,719505,2878020,5264,32,128,249.0,0.0,249.0,313,313,153.90625,7,0,1000000,3000,4
719587,719587,2878348,5265,82,328,638.0,0.0,638.0,712,712,394.0487804878049,15,0,1000000,3000,4
719793,719793,2879172,5266,206,824,1030.0,0.0,1030.0,1126,1126,679.2766990291262,23,0,1000000,3000,4
719863,719863,2879452,5267,70,280,610.0,0.0,610.0,681,681,331.75714285714287,14,0,1000000,3000,4
719894,719894,2879576,5268,31,124,244.0,0.0,244.0,307,307,168.03225806451613,7,0,1000000,3000,4
720117,720117,2880468,5269,223,892,1028.0,0.0,1028.0,1128,1128,722.1255605381166,23,0,1000000,3000,4
720256,720256,2881024,5270,139,556,778.0,0.0,778.0,862,862,519.9064748201439,18,0,1000000,3000,4
720530,720530,2882120,5271,274,1096,1320.0,0.0,1320.0,1431,1431,738.3284671532847,29,0,1000000,3000,4
720798,720798,2883192,5272,268,1072,1323.0,0.0,1323.0,1434,1434,686.9664179104477,29,0,1000000,3000,4
721006,721006,2884024,5273,208,832,1314.0,0.0,1314.0,1410,1412,708.0673076923077,29,0,1000000,3000,4
721039,721039,2884156,5274,33,132,244.0,0.0,244.0,308,308,150.66666666666666,7,0,1000000,3000,4
721185,721185,2884740,5275,146,584,1349.0,0.0,1349.0,1436,1436,743.0958904109589,29,0,1000000,3000,4
721268,721268,2885072,5276,83,332,612.0,0.0,612.0,685,685,337.2289156626506,14,0,1000000,3000,4
721623,721623,2886492,5277,355,1420,1303.0,0.0,1303.0,1431,1431,684.8845070422535,29,0,1000000,3000,4
721801,721801,2887204,5278,178,712,1430.0,0.0,1430.0,1522,1522,778.7921348314607,31,0,1000000,3000,4
721874,721874,2887496,5279,73,292,653.0,0.0,653.0,722,722,380.4109589041096,15,0,1000000,3000,4
721963,721963,2887852,5280,89,356,611.0,0.0,611.0,685,685,311.5056179775281,14,0,1000000,3000,4
722074,722074,2888296,5281,111,444,617.0,0.0,617.0,696,696,370.23423423423424,14,0,1000000,3000,4
722241,722241,2888964,5282,167,668,740.0,0.0,740.0,830,830,500.311377245509,17,0,1000000,3000,4
722421,722421,2889684,5283,180,720,1036.0,0.0,1036.0,1126,1126,591.3277777777778,23,0,1000000,3000,4
722520,722520,2890080,5284,99,396,648.0,0.0,648.0,722,722,362.949494949495,15,0,1000000,3000,4
722699,722699,2890796,5285,179,716,1562.0,0.0,1562.0,1654,1654,812.2346368715084,34,0,1000000,3000,4
722805,722805,2891220,5286,106,424,609.0,0.0,609.0,687,687,390.0660377358491,14,0,1000000,3000,4
722900,722900,2891600,5287,95,380,609.0,0.0,609.0,685,685,307.4842105263158,14,0,1000000,3000,4
723034,723034,2892136,5288,134,536,587.0,0.0,587.0,670,670,373.1940298507463,14,0,1000000,3000,4
723068,723068,2892272,5289,34,136,249.0,0.0,249.0,312,312,153.35294117647058,7,0,1000000,3000,4
723104,723104,2892416,5290,36,144,240.0,0.0,240.0,304,304,155.63888888888889,7,0,1000000,3000,4
723317,723317,2893268,5291,213,852,1031.0,0.0,1031.0,1129,1129,566.4741784037559,23,0,1000000,3000,4
723533,723533,2894132,5292,216,864,1030.0,0.0,1030.0,1130,1130,634.8333333333334,23,0,1000000,3000,4
723704,723704,2894816,5293,171,684,633.0,0.0,633.0,722,723,453.15204678362574,15,0,1000000,3000,4
723807,723807,2895228,5294,103,412,616.0,0.0,616.0,694,694,333.9126213592233,14,0,1000000,3000,4
724064,724064,2896256,5295,257,1028,1323.0,0.0,1323.0,1432,1432,695.136186770428,29,0,1000000,3000,4
724172,724172,2896688,5296,108,432,621.0,0.0,621.0,699,699,344.26851851851853,14,0,1000000,3000,4
724279,724279,2897116,5297,107,428,620.0,0.0,620.0,699,699,358.4579439252336,14,0,1000000,3000,4
724325,724325,2897300,5298,46,184,239.0,0.0,239.0,305,305,134.45652173913044,7,0,1000000,3000,4
724424,724424,2897696,5299,99,396,627.0,0.0,627.0,704,704,335.93939393939394,15,0,1000000,3000,4
724502,724502,2898008,5300,78,312,636.0,0.0,636.0,708,708,388.84615384615387,15,0,1000000,3000,4
724566,724566,2898264,5301,64,256,606.0,0.0,606.0,676,676,328.328125,14,0,1000000,3000,4
724754,724754,2899016,5302,188,752,1032.0,0.0,1032.0,1125,1125,561.5478723404256,23,0,1000000,3000,4
724785,724785,2899140,5303,31,124,250.0,0.0,250.0,314,314,153.0,7,0,1000000,3000,4
724985,724985,2899940,5304,200,800,1030.0,0.0,1030.0,1124,1124,571.965,23,0,1000000,3000,4
725032,725032,2900128,5305,47,188,232.0,0.0,232.0,299,299,134.70212765957447,6,0,1000000,3000,4
725073,725073,2900292,5306,41,164,247.0,0.0,247.0,313,313,133.97560975609755,7,0,1000000,3000,4
725208,725208,2900832,5307,135,540,781.0,0.0,781.0,864,864,522.0962962962963,18,0,1000000,3000,4
725303,725303,2901212,5308,95,380,634.0,0.0,634.0,710,710,353.1684210526316,15,0,1000000,3000,4
725384,725384,2901536,5309,81,324,635.0,0.0,635.0,709,709,356.85185185185185,15,0,1000000,3000,4
725476,725476,2901904,5310,92,368,607.0,0.0,607.0,682,682,335.5978260869565,14,0,1000000,3000,4
725715,725715,2902860,5311,239,956,1424.0,0.0,1424.0,1529,1529,738.2384937238494,31,0,1000000,3000,4
725934,725934,2903736,5312,219,876,1405.0,0.0,1405.0,1505,1505,763.7579908675799,31,0,1000000,3000,4
726035,726035,2904140,5313,101,404,628.0,0.0,628.0,706,706,379.6930693069307,15,0,1000000,3000,4
726271,726271,2905084,5314,236,944,1319.0,0.0,1319.0,1424,1424,751.228813559322,29,0,1000000,3000,4
726411,726411,2905644,5315,140,560,756.0,0.0,756.0,842,842,490.51428571428573,17,0,1000000,3000,4
726532,726532,2906128,5316,121,484,592.0,0.0,592.0,674,674,388.0165289256198,14,0,1000000,3000,4
726612,726612,2906448,5317,80,320,621.0,0.0,621.0,694,694,332.3375,14,0,1000000,3000,4
726713,726713,2906852,5318,101,404,616.0,0.0,616.0,693,693,361.28712871287127,14,0,1000000,3000,4
726751,726751,2907004,5319,38,152,240.0,0.0,240.0,305,305,149.3684210526316,7,0,1000000,3000,4
727003,727003,2908012,5320,252,1008,1124.0,0.0,1124.0,1231,1231,588.7698412698413,25,0,1000000,3000,4
727228,727228,2908912,5321,225,900,1332.0,0.0,1332.0,1435,1435,708.0933333333334,29,0,1000000,3000,4
727267,727267,2909068,5322,39,156,236.0,0.0,236.0,299,299,165.15384615384616,6,0,1000000,3000,4
727359,727359,2909436,5323,92,368,632.0,0.0,632.0,707,707,375.10869565217394,15,0,1000000,3000,4
727400,727400,2909600,5324,41,164,232.0,0.0,232.0,297,297,159.9268292682927,6,0,1000000,3000,4
727546,727546,2910184,5325,146,584,765.0,0.0,765.0,851,851,544.7808219178082,18,0,1000000,3000,4
727725,727725,2910900,5326,179,716,808.0,0.0,808.0,898,898,543.3016759776536,18,0,1000000,3000,4
727770,727770,2911080,5327,45,180,232.0,0.0,232.0,299,299,141.55555555555554,6,0,1000000,3000,4
727810,727810,2911240,5328,40,160,235.0,0.0,235.0,301,301,152.425,7,0,1000000,3000,4
727848,727848,2911392,5329,38,152,241.0,0.0,241.0,305,305,153.92105263157896,7,0,1000000,3000,4
728049,728049,2912196,5330,201,804,1042.0,0.0,1042.0,1139,1139,675.4029850746268,23,0,1000000,3000,4
728088,728088,2912352,5331,39,156,242.0,0.0,242.0,307,307,146.23076923076923,7,0,1000000,3000,4
728124,728124,2912496,5332,36,144,240.0,0.0,240.0,304,304,156.08333333333334,7,0,1000000,3000,4
728223,728223,2912892,5333,99,396,603.0,0.0,603.0,679,679,407.979797979798,14,0,1000000,3000,4
728294,728294,2913176,5334,71,284,608.0,0.0,608.0,680,680,304.5211267605634,14,0,1000000,3000,4
728334,728334,2913336,5335,40,160,241.0,0.0,241.0,306,306,143.6,7,0,1000000,3000,4
728446,728446,2913784,5336,112,448,613.0,0.0,613.0,693,693,368.5267857142857,14,0,1000000,3000,4
728484,728484,2913936,5337,38,152,242.0,0.0,242.0,307,307,153.18421052631578,7,0,1000000,3000,4
728704,728704,2914816,5338,220,880,624.0,0.0,624.0,722,722,516.4727272727273,15,0,1000000,3000,4
728740,728740,2914960,5339,36,144,240.0,0.0,240.0,305,305,161.80555555555554,7,0,1000000,3000,4
728785,728785,2915140,5340,45,180,224.0,0.0,224.0,290,290,163.04444444444445,6,0,1000000,3000,4
728829,728829,2915316,5341,44,176,222.0,0.0,222.0,287,287,166.6818181818182,6,0,1000000,3000,4
729195,729195,2916780,5342,366,1464,731.0,0.0,731.0,860,860,602.7622950819672,18,0,1000000,3000,4
729336,729336,2917344,5343,141,564,815.0,0.0,815.0,898,898,550.3333333333334,18,0,1000000,3000,4
729378,729378,2917512,5344,42,168,231.0,0.0,231.0,295,295,154.0952380952381,6,0,1000000,3000,4
729422,729422,2917688,5345,44,176,231.0,0.0,231.0,296,296,151.4090909090909,6,0,1000000,3000,4
729467,729467,2917868,5346,45,180,215.0,0.0,215.0,281,281,167.88888888888889,6,0,1000000,3000,4
729550,729550,2918200,5347,83,332,625.0,0.0,625.0,698,698,358.1807228915663,14,0,1000000,3000,4
729589,729589,2918356,5348,39,156,240.0,0.0,240.0,304,304,150.51282051282053,7,0,1000000,3000,4
729691,729691,2918764,5349,102,408,604.0,0.0,604.0,681,681,383.96078431372547,14,0,1000000,3000,4
729725,729725,2918900,5350,34,136,246.0,0.0,246.0,310,310,156.23529411764707,7,0,1000000,3000,4
729759,729759,2919036,5351,34,136,238.0,0.0,238.0,301,301,164.35294117647058,7,0,1000000,3000,4
729797,729797,2919188,5352,38,152,230.0,0.0,230.0,294,294,166.97368421052633,6,0,1000000,3000,4
730102,730102,2920408,5353,305,1220,1552.0,0.0,1552.0,1669,1669,799.911475409836,34,0,1000000,3000,4
730141,730141,2920564,5354,39,156,233.0,0.0,233.0,297,297,159.33333333333334,6,0,1000000,3000,4
730233,730233,2920932,5355,92,368,632.0,0.0,632.0,707,707,374.8369565217391,15,0,1000000,3000,4
730401,730401,2921604,5356,168,672,810.0,0.0,810.0,898,899,564.5416666666666,18,0,1000000,3000,4
730501,730501,2922004,5357,100,400,621.0,0.0,621.0,697,697,377.53,14,0,1000000,3000,4
730542,730542,2922168,5358,41,164,234.0,0.0,234.0,300,300,153.5609756097561,7,0,1000000,3000,4
730731,730731,2922924,5359,189,756,1134.0,0.0,1134.0,1228,1228,650.7195767195767,25,0,1000000,3000,4
730768,730768,2923072,5360,37,148,242.0,0.0,242.0,306,306,154.94594594594594,7,0,1000000,3000,4
730800,730800,2923200,5361,32,128,245.0,0.0,245.0,308,308,162.875,7,0,1000000,3000,4
730900,730900,2923600,5362,100,400,612.0,0.0,612.0,689,689,390.61,14,0,1000000,3000,4
730945,730945,2923780,5363,45,180,222.0,0.0,222.0,288,288,164.84444444444443,6,0,1000000,3000,4
731084,731084,2924336,5364,139,556,587.0,0.0,587.0,671,671,389.63309352517985,14,0,1000000,3000,4
731178,731178,2924712,5365,94,376,609.0,0.0,609.0,683,683,397.40425531914894,14,0,1000000,3000,4
731297,731297,2925188,5366,119,476,624.0,0.0,624.0,704,704,375.10084033613447,15,0,1000000,3000,4
731458,731458,2925832,5367,161,644,744.0,0.0,744.0,832,832,473.01863354037266,17,0,1000000,3000,4
731499,731499,2925996,5368,41,164,229.0,0.0,229.0,294,294,157.609756097561,6,0,1000000,3000,4
731634,731634,2926536,5369,135,540,592.0,0.0,592.0,676,676,401.74074074074076,14,0,1000000,3000,4
731735,731735,2926940,5370,101,404,627.0,0.0,627.0,703,703,360.43564356435644,15,0,1000000,3000,4
731782,731782,2927128,5371,47,188,220.0,0.0,220.0,286,286,164.9787234042553,6,0,1000000,3000,4
731904,731904,2927616,5372,122,488,601.0,0.0,601.0,682,682,370.22131147540983,14,0,1000000,3000,4
732037,732037,2928148,5373,133,532,589.0,0.0,589.0,671,671,347.2706766917293,14,0,1000000,3000,4
732124,732124,2928496,5374,87,348,616.0,0.0,616.0,689,689,321.14942528735634,14,0,1000000,3000,4
732165,732165,2928660,5375,41,164,228.0,0.0,228.0,293,293,160.5609756097561,6,0,1000000,3000,4
732260,732260,2929040,5376,95,380,631.0,0.0,631.0,706,706,385.7263157894737,15,0,1000000,3000,4
732434,732434,2929736,5377,174,696,633.0,0.0,633.0,722,722,453.764367816092,15,0,1000000,3000,4
732689,732689,2930756,5378,255,1020,1030.0,0.0,1030.0,1137,1137,591.121568627451,23,0,1000000,3000,4
732727,732727,2930908,5379,38,152,234.0,0.0,234.0,298,298,164.71052631578948,6,0,1000000,3000,4
732944,732944,2931776,5380,217,868,1031.0,0.0,1031.0,1131,1131,626.2119815668203,23,0,1000000,3000,4
733043,733043,2932172,5381,99,396,626.0,0.0,626.0,701,701,364.3333333333333,15,0,1000000,3000,4
733079,733079,2932316,5382,36,144,241.0,0.0,241.0,304,304,156.91666666666666,7,0,1000000,3000,4
733232,733232,2932928,5383,153,612,735.0,0.0,735.0,822,822,472.7647058823529,17,0,1000000,3000,4
733352,733352,2933408,5384,120,480,585.0,0.0,585.0,664,664,384.325,14,0,1000000,3000,4
733387,733387,2933548,5385,35,140,242.0,0.0,242.0,306,306,159.05714285714285,7,0,1000000,3000,4
733543,733543,2934172,5386,156,624,710.0,0.0,710.0,797,797,464.9807692307692,16,0,1000000,3000,4
733580,733580,2934320,5387,37,148,241.0,0.0,241.0,305,305,156.72972972972974,7,0,1000000,3000,4
733621,733621,2934484,5388,41,164,230.0,0.0,230.0,295,295,159.5121951219512,6,0,1000000,3000,4
733662,733662,2934648,5389,41,164,232.0,0.0,232.0,297,297,162.0487804878049,6,0,1000000,3000,4
733780,733780,2935120,5390,118,472,602.0,0.0,602.0,682,682,380.0169491525424,14,0,1000000,3000,4
733822,733822,2935288,5391,42,168,232.0,0.0,232.0,297,297,159.5952380952381,6,0,1000000,3000,4
734051,734051,2936204,5392,229,916,757.0,0.0,757.0,858,858,522.5327510917031,18,0,1000000,3000,4
734208,734208,2936832,5393,157,628,1049.0,0.0,1049.0,1137,1137,564.5222929936306,23,0,1000000,3000,4
734249,734249,2936996,5394,41,164,231.0,0.0,231.0,295,295,160.65853658536585,6,0,1000000,3000,4
734291,734291,2937164,5395,42,168,232.0,0.0,232.0,297,297,156.11904761904762,6,0,1000000,3000,4
734449,734449,2937796,5396,158,632,1050.0,0.0,1050.0,1137,1137,595.8354430379746,23,0,1000000,3000,4
734651,734651,2938604,5397,202,808,1325.0,0.0,1325.0,1421,1421,747.9752475247525,29,0,1000000,3000,4
734762,734762,2939048,5398,111,444,615.0,0.0,615.0,694,694,378.7477477477477,14,0,1000000,3000,4
734803,734803,2939212,5399,41,164,232.0,0.0,232.0,297,297,159.02439024390245,6,0,1000000,3000,4
734840,734840,2939360,5400,37,148,235.0,0.0,235.0,299,299,163.2972972972973,6,0,1000000,3000,4
735065,735065,2940260,5401,225,900,1036.0,0.0,1036.0,1138,1138,606.0,23,0,1000000,3000,4
735109,735109,2940436,5402,44,176,228.0,0.0,228.0,293,293,157.86363636363637,6,0,1000000,3000,4
735153,735153,2940612,5403,44,176,229.0,0.0,229.0,294,294,155.70454545454547,6,0,1000000,3000,4
735190,735190,2940760,5404,37,148,238.0,0.0,238.0,302,302,158.1081081081081,7,0,1000000,3000,4
735231,735231,2940924,5405,41,164,231.0,0.0,231.0,295,295,159.09756097560975,6,0,1000000,3000,4
735272,735272,2941088,5406,41,164,232.0,0.0,232.0,297,297,160.21951219512195,6,0,1000000,3000,4
735533,735533,2942132,5407,261,1044,1390.0,0.0,1390.0,1498,1498,774.3793103448276,30,0,1000000,3000,4
735582,735582,2942328,5408,49,196,210.0,0.0,210.0,275,275,172.87755102040816,6,0,1000000,3000,4
735812,735812,2943248,5409,230,920,1035.0,0.0,1035.0,1137,1137,575.5782608695653,23,0,1000000,3000,4
735937,735937,2943748,5410,125,500,581.0,0.0,581.0,663,663,373.736,14,0,1000000,3000,4
736105,736105,2944420,5411,168,672,706.0,0.0,706.0,796,796,475.9761904761905,16,0,1000000,3000,4
736140,736140,2944560,5412,35,140,242.0,0.0,242.0,306,306,154.0857142857143,7,0,1000000,3000,4
736185,736185,2944740,5413,45,180,227.0,0.0,227.0,293,293,148.95555555555555,6,0,1000000,3000,4
736233,736233,2944932,5414,48,192,224.0,0.0,224.0,290,290,143.72916666666666,6,0,1000000,3000,4
736452,736452,2945808,5415,219,876,800.0,0.0,800.0,898,899,616.3698630136986,18,0,1000000,3000,4
736561,736561,2946244,5416,109,436,611.0,0.0,611.0,689,689,366.6788990825688,14,0,1000000,3000,4
736610,736610,2946440,5417,49,196,227.0,0.0,227.0,292,292,148.71428571428572,6,0,1000000,3000,4
736714,736714,2946856,5418,104,416,618.0,0.0,618.0,694,694,371.8076923076923,14,0,1000000,3000,4
736824,736824,2947296,5419,110,440,616.0,0.0,616.0,694,694,364.06363636363636,14,0,1000000,3000,4
737051,737051,2948204,5420,227,908,1037.0,0.0,1037.0,1138,1138,617.6784140969163,23,0,1000000,3000,4
737262,737262,2949048,5421,211,844,1039.0,0.0,1039.0,1137,1137,622.3791469194313,23,0,1000000,3000,4
737581,737581,2950324,5422,319,1276,1659.0,0.0,1659.0,1779,1779,849.4137931034483,36,0,1000000,3000,4
737700,737700,2950800,5423,119,476,589.0,0.0,589.0,668,668,381.43697478991595,14,0,1000000,3000,4
737742,737742,2950968,5424,42,168,231.0,0.0,231.0,295,295,160.64285714285714,6,0,1000000,3000,4
737860,737860,2951440,5425,118,472,599.0,0.0,599.0,679,679,371.43220338983053,14,0,1000000,3000,4
738089,738089,2952356,5426,229,916,1034.0,0.0,1034.0,1136,1136,610.6026200873363,23,0,1000000,3000,4
738259,738259,2953036,5427,170,680,1050.0,0.0,1050.0,1140,1140,628.7941176470588,23,0,1000000,3000,4
738358,738358,2953432,5428,99,396,627.0,0.0,627.0,703,703,356.54545454545456,15,0,1000000,3000,4
738522,738522,2954088,5429,164,656,635.0,0.0,635.0,722,723,450.5182926829268,15,0,1000000,3000,4
738618,738618,2954472,5430,96,384,620.0,0.0,620.0,696,696,344.09375,14,0,1000000,3000,4
738779,738779,2955116,5431,161,644,1049.0,0.0,1049.0,1138,1138,592.8819875776397,23,0,1000000,3000,4
738976,738976,2955904,5432,197,788,758.0,0.0,758.0,854,854,534.4822335025381,18,0,1000000,3000,4
739193,739193,2956772,5433,217,868,1413.0,0.0,1413.0,1513,1513,719.552995391705,31,0,1000000,3000,4
739294,739294,2957176,5434,101,404,624.0,0.0,624.0,701,701,352.36633663366337,15,0,1000000,3000,4
739340,739340,2957360,5435,46,184,219.0,0.0,219.0,285,285,165.6304347826087,6,0,1000000,3000,4
739509,739509,2958036,5436,169,676,634.0,0.0,634.0,722,723,462.56804733727813,15,0,1000000,3000,4
739714,739714,2958856,5437,205,820,736.0,0.0,736.0,833,833,557.8926829268293,17,0,1000000,3000,4
739757,739757,2959028,5438,43,172,223.0,0.0,223.0,288,288,164.8372093023256,6,0,1000000,3000,4
739875,739875,2959500,5439,118,472,615.0,0.0,615.0,696,696,367.96610169491527,14,0,1000000,3000,4
740185,740185,2960740,5440,310,1240,1301.0,0.0,1301.0,1420,1420,785.4967741935484,29,0,1000000,3000,4
740292,740292,2961168,5441,107,428,617.0,0.0,617.0,695,695,373.06542056074767,14,0,1000000,3000,4
740472,740472,2961888,5442,180,720,1328.0,0.0,1328.0,1421,1421,690.8222222222222,29,0,1000000,3000,4
740800,740800,2963200,5443,328,1312,1291.0,0.0,1291.0,1412,1412,710.0335365853658,29,0,1000000,3000,4
741004,741004,2964016,5444,204,816,1332.0,0.0,1332.0,1430,1430,701.5784313725491,29,0,1000000,3000,4
741095,741095,2964380,5445,91,364,625.0,0.0,625.0,699,699,391.53846153846155,14,0,1000000,3000,4
741360,741360,2965440,5446,265,1060,1030.0,0.0,1030.0,1139,1139,682.8679245283018,23,0,1000000,3000,4
741665,741665,2966660,5447,305,1220,1004.0,0.0,1004.0,1120,1122,732.5967213114754,23,0,1000000,3000,4
741815,741815,2967260,5448,150,600,814.0,0.0,814.0,898,898,569.96,18,0,1000000,3000,4
741848,741848,2967392,5449,33,132,248.0,0.0,248.0,312,312,149.72727272727272,7,0,1000000,3000,4
742200,742200,2968800,5450,352,1408,1010.0,0.0,1010.0,1136,1136,733.9545454545455,23,0,1000000,3000,4
742419,742419,2969676,5451,219,876,1036.0,0.0,1036.0,1136,1136,662.9589041095891,23,0,1000000,3000,4
742692,742692,2970768,5452,273,1092,1689.0,0.0,1689.0,1800,1800,796.4358974358975,37,0,1000000,3000,4
742727,742727,2970908,5453,35,140,229.0,0.0,229.0,293,293,166.9142857142857,6,0,1000000,3000,4
742878,742878,2971512,5454,151,604,752.0,0.0,752.0,840,840,507.0198675496689,17,0,1000000,3000,4
743211,743211,2972844,5455,333,1332,1014.0,0.0,1014.0,1137,1137,634.1261261261261,23,0,1000000,3000,4
743258,743258,2973032,5456,47,188,233.0,0.0,233.0,300,300,140.89361702127658,7,0,1000000,3000,4
743439,743439,2973756,5457,181,724,1033.0,0.0,1033.0,1124,1124,590.0994475138122,23,0,1000000,3000,4
743619,743619,2974476,5458,180,720,596.0,0.0,596.0,688,688,381.6,14,0,1000000,3000,4
743904,743904,2975616,5459,285,1140,1314.0,0.0,1314.0,1428,1428,659.2210526315789,29,0,1000000,3000,4
744046,744046,2976184,5460,142,568,589.0,0.0,589.0,673,673,339.7887323943662,14,0,1000000,3000,4
744091,744091,2976364,5461,45,180,213.0,0.0,213.0,277,277,172.57777777777778,6,0,1000000,3000,4
744201,744201,2976804,5462,110,440,613.0,0.0,613.0,692,692,371.4909090909091,14,0,1000000,3000,4
744462,744462,2977848,5463,261,1044,1318.0,0.0,1318.0,1427,1427,678.536398467433,29,0,1000000,3000,4
744615,744615,2978460,5464,153,612,1049.0,0.0,1049.0,1136,1136,584.59477124183,23,0,1000000,3000,4
744876,744876,2979504,5465,261,1044,1661.0,0.0,1661.0,1770,1770,949.8850574712644,36,0,1000000,3000,4
745327,745327,2981308,5466,451,1804,2325.0,0.0,2325.0,2471,2471,1256.2949002217294,50,0,1000000,3000,4
745424,745424,2981696,5467,97,388,629.0,0.0,629.0,705,705,366.3298969072165,15,0,1000000,3000,4
745464,745464,2981856,5468,40,160,249.0,0.0,249.0,315,315,136.55,7,0,1000000,3000,4
745553,745553,2982212,5469,89,356,622.0,0.0,622.0,695,695,386.7977528089888,14,0,1000000,3000,4
745635,745635,2982540,5470,82,328,624.0,0.0,624.0,697,697,354.5731707317073,14,0,1000000,3000,4
745732,745732,2982928,5471,97,388,638.0,0.0,638.0,715,715,370.50515463917526,15,0,1000000,3000,4
745768,745768,2983072,5472,36,144,239.0,0.0,239.0,303,303,163.38888888888889,7,0,1000000,3000,4
745953,745953,2983812,5473,185,740,1037.0,0.0,1037.0,1129,1129,608.0216216216216,23,0,1000000,3000,4
745990,745990,2983960,5474,37,148,239.0,0.0,239.0,303,303,157.1081081081081,7,0,1000000,3000,4
746027,746027,2984108,5475,37,148,232.0,0.0,232.0,295,295,173.05405405405406,6,0,1000000,3000,4
746211,746211,2984844,5476,184,736,1036.0,0.0,1036.0,1128,1128,633.2445652173913,23,0,1000000,3000,4
746307,746307,2985228,5477,96,384,617.0,0.0,617.0,693,693,355.40625,14,0,1000000,3000,4
746338,746338,2985352,5478,31,124,243.0,0.0,243.0,306,306,164.61290322580646,7,0,1000000,3000,4
746466,746466,2985864,5479,128,512,758.0,0.0,758.0,840,840,514.046875,17,0,1000000,3000,4
746505,746505,2986020,5480,39,156,229.0,0.0,229.0,293,293,170.82051282051282,6,0,1000000,3000,4
746667,746667,2986668,5481,162,648,1051.0,0.0,1051.0,1140,1140,633.6913580246913,23,0,1000000,3000,4
746957,746957,2987828,5482,290,1160,1833.0,0.0,1833.0,1946,1946,956.4551724137931,39,0,1000000,3000,4
747068,747068,2988272,5483,111,444,625.0,0.0,625.0,704,704,357.27927927927925,15,0,1000000,3000,4
747114,747114,2988456,5484,46,184,215.0,0.0,215.0,281,281,172.15217391304347,6,0,1000000,3000,4
747355,747355,2989420,5485,241,964,1311.0,0.0,1311.0,1415,1415,741.1369294605809,29,0,1000000,3000,4
747585,747585,2990340,5486,230,920,1309.0,0.0,1309.0,1411,1411,692.0434782608696,29,0,1000000,3000,4
747620,747620,2990480,5487,35,140,242.0,0.0,242.0,306,306,161.28571428571428,7,0,1000000,3000,4
747776,747776,2991104,5488,156,624,1172.0,0.0,1172.0,1260,1260,667.6153846153846,26,0,1000000,3000,4
747871,747871,2991484,5489,95,380,648.0,0.0,648.0,722,722,339.6,15,0,1000000,3000,4
747996,747996,2991984,5490,125,500,1056.0,0.0,1056.0,1137,1137,604.648,23,0,1000000,3000,4
748089,748089,2992356,5491,93,372,628.0,0.0,628.0,703,703,346.60215053763443,15,0,1000000,3000,4
748218,748218,2992872,5492,129,516,1140.0,0.0,1140.0,1221,1221,672.7596899224807,25,0,1000000,3000,4
748327,748327,2993308,5493,109,436,604.0,0.0,604.0,682,682,380.86238532110093,14,0,1000000,3000,4
748476,748476,2993904,5494,149,596,638.0,0.0,638.0,722,722,494.5570469798658,15,0,1000000,3000,4
748508,748508,2994032,5495,32,128,245.0,0.0,245.0,308,308,156.9375,7,0,1000000,3000,4
748717,748717,2994868,5496,209,836,1423.0,0.0,1423.0,1522,1522,704.5645933014354,31,0,1000000,3000,4
748862,748862,2995448,5497,145,580,1343.0,0.0,1343.0,1429,1429,707.9103448275862,29,0,1000000,3000,4
748901,748901,2995604,5498,39,156,237.0,0.0,237.0,301,301,158.30769230769232,7,0,1000000,3000,4
749035,749035,2996140,5499,134,536,601.0,0.0,601.0,684,684,367.1194029850746,14,0,1000000,3000,4
749212,749212,2996848,5500,177,708,1316.0,0.0,1316.0,1408,1408,652.3559322033898,29,0,1000000,3000,4
749349,749349,2997396,5501,137,548,1158.0,0.0,1158.0,1241,1241,596.7372262773723,25,0,1000000,3000,4
749431,749431,2997724,5502,82,328,619.0,0.0,619.0,691,691,410.7073170731707,14,0,1000000,3000,4
749531,749531,2998124,5503,100,400,617.0,0.0,617.0,693,693,358.58,14,0,1000000,3000,4
749710,749710,2998840,5504,179,716,1420.0,0.0,1420.0,1512,1512,747.8324022346369,31,0,1000000,3000,4
749879,749879,2999516,5505,169,676,754.0,0.0,754.0,844,844,496.50295857988164,17,0,1000000,3000,4
749988,749988,2999952,5506,109,436,605.0,0.0,605.0,683,683,399.92660550458714,14,0,1000000,3000,4
750022,750022,3000088,5507,34,136,244.0,0.0,244.0,307,307,151.08823529411765,7,0,1000000,3000,4
750123,750123,3000492,5508,101,404,617.0,0.0,617.0,693,693,378.41584158415844,14,0,1000000,3000,4
750301,750301,3001204,5509,178,712,1139.0,0.0,1139.0,1230,1230,635.8202247191011,25,0,1000000,3000,4
750466,750466,3001864,5510,165,660,1347.0,0.0,1347.0,1437,1437,730.3030303030303,29,0,1000000,3000,4
750563,750563,3002252,5511,97,388,599.0,0.0,599.0,675,675,402.55670103092785,14,0,1000000,3000,4
750594,750594,3002376,5512,31,124,251.0,0.0,251.0,313,313,149.80645161290323,7,0,1000000,3000,4
750766,750766,3003064,5513,172,688,809.0,0.0,809.0,898,898,548.2732558139535,18,0,1000000,3000,4
750850,750850,3003400,5514,84,336,621.0,0.0,621.0,694,694,334.85714285714283,14,0,1000000,3000,4
750999,750999,3003996,5515,149,596,711.0,0.0,711.0,797,797,469.06040268456377,16,0,1000000,3000,4
751097,751097,3004388,5516,98,392,630.0,0.0,630.0,705,705,347.5816326530612,15,0,1000000,3000,4
751135,751135,3004540,5517,38,152,240.0,0.0,240.0,303,303,161.6315789473684,7,0,1000000,3000,4
751435,751435,3005740,5518,300,1200,1289.0,0.0,1289.0,1406,1406,741.3766666666667,29,0,1000000,3000,4
751570,751570,3006280,5519,135,540,608.0,0.0,608.0,692,692,339.42962962962963,14,0,1000000,3000,4
751816,751816,3007264,5520,246,984,1293.0,0.0,1293.0,1399,1399,658.4024390243902,28,0,1000000,3000,4
751918,751918,3007672,5521,102,408,634.0,0.0,634.0,711,711,363.53921568627453,15,0,1000000,3000,4
752089,752089,3008356,5522,171,684,745.0,0.0,745.0,836,836,477.43859649122805,17,0,1000000,3000,4
752265,752265,3009060,5523,176,704,1039.0,0.0,1039.0,1130,1130,575.6875,23,0,1000000,3000,4
752475,752475,3009900,5524,210,840,1028.0,0.0,1028.0,1126,1126,617.2904761904762,23,0,1000000,3000,4
752593,752593,3010372,5525,118,472,592.0,0.0,592.0,671,671,377.02542372881356,14,0,1000000,3000,4
752637,752637,3010548,5526,44,176,226.0,0.0,226.0,290,290,161.95454545454547,6,0,1000000,3000,4
752688,752688,3010752,5527,51,204,221.0,0.0,221.0,288,288,141.4313725490196,6,0,1000000,3000,4
752855,752855,3011420,5528,167,668,634.0,0.0,634.0,722,722,446.3952095808383,15,0,1000000,3000,4
753143,753143,3012572,5529,288,1152,1307.0,0.0,1307.0,1422,1422,686.3819444444445,29,0,1000000,3000,4
753330,753330,3013320,5530,187,748,1328.0,0.0,1328.0,1423,1423,695.7540106951872,29,0,1000000,3000,4
753435,753435,3013740,5531,105,420,626.0,0.0,626.0,703,703,384.46666666666664,15,0,1000000,3000,4
753558,753558,3014232,5532,123,492,595.0,0.0,595.0,677,677,385.3658536585366,14,0,1000000,3000,4
753766,753766,3015064,5533,208,832,1421.0,0.0,1421.0,1519,1519,743.8413461538462,31,0,1000000,3000,4
753804,753804,3015216,5534,38,152,249.0,0.0,249.0,314,314,144.8684210526316,7,0,1000000,3000,4
753896,753896,3015584,5535,92,368,600.0,0.0,600.0,675,675,415.3804347826087,14,0,1000000,3000,4
754061,754061,3016244,5536,165,660,1050.0,0.0,1050.0,1139,1139,640.8848484848485,23,0,1000000,3000,4
754272,754272,3017088,5537,211,844,1333.0,0.0,1333.0,1433,1433,726.8056872037914,29,0,1000000,3000,4
754313,754313,3017252,5538,41,164,230.0,0.0,230.0,295,295,157.6829268292683,6,0,1000000,3000,4
754350,754350,3017400,5539,37,148,241.0,0.0,241.0,305,305,155.43243243243242,7,0,1000000,3000,4
754387,754387,3017548,5540,37,148,243.0,0.0,243.0,307,307,159.83783783783784,7,0,1000000,3000,4
754427,754427,3017708,5541,40,160,235.0,0.0,235.0,301,301,159.35,7,0,1000000,3000,4
754582,754582,3018328,5542,155,620,637.0,0.0,637.0,722,722,498.3806451612903,15,0,1000000,3000,4
754702,754702,3018808,5543,120,480,623.0,0.0,623.0,703,703,396.95,15,0,1000000,3000,4
754797,754797,3019188,5544,95,380,629.0,0.0,629.0,705,705,370.11578947368423,15,0,1000000,3000,4
754882,754882,3019528,5545,85,340,619.0,0.0,619.0,693,693,349.29411764705884,14,0,1000000,3000,4
754992,754992,3019968,5546,110,440,599.0,0.0,599.0,677,677,392.77272727272725,14,0,1000000,3000,4
755030,755030,3020120,5547,38,152,236.0,0.0,236.0,300,300,163.60526315789474,7,0,1000000,3000,4
755190,755190,3020760,5548,160,640,1051.0,0.0,1051.0,1139,1139,619.4,23,0,1000000,3000,4
755444,755444,3021776,5549,254,1016,1327.0,0.0,1327.0,1435,1435,767.5669291338583,29,0,1000000,3000,4
755655,755655,3022620,5550,211,844,1039.0,0.0,1039.0,1137,1137,650.0236966824644,23,0,1000000,3000,4
755759,755759,3023036,5551,104,416,618.0,0.0,618.0,694,694,369.9519230769231,14,0,1000000,3000,4
755872,755872,3023488,5552,113,452,600.0,0.0,600.0,679,679,402.8495575221239,14,0,1000000,3000,4
755908,755908,3023632,5553,36,144,235.0,0.0,235.0,299,299,162.25,6,0,1000000,3000,4
755949,755949,3023796,5554,41,164,232.0,0.0,232.0,296,296,161.9512195121951,6,0,1000000,3000,4
756042,756042,3024168,5555,93,372,612.0,0.0,612.0,686,686,394.4193548387097,14,0,1000000,3000,4
756224,756224,3024896,5556,182,728,1335.0,0.0,1335.0,1429,1429,696.1263736263736,29,0,1000000,3000,4
756318,756318,3025272,5557,94,376,630.0,0.0,630.0,705,705,393.6276595744681,15,0,1000000,3000,4
756454,756454,3025816,5558,136,544,1054.0,0.0,1054.0,1138,1138,634.25,23,0,1000000,3000,4
756547,756547,3026188,5559,93,372,634.0,0.0,634.0,710,710,398.96774193548384,15,0,1000000,3000,4
756582,756582,3026328,5560,35,140,238.0,0.0,238.0,300,300,170.02857142857144,7,0,1000000,3000,4
756670,756670,3026680,5561,88,352,630.0,0.0,630.0,705,705,397.42045454545456,15,0,1000000,3000,4
756861,756861,3027444,5562,191,764,1042.0,0.0,1042.0,1137,1137,615.2879581151833,23,0,1000000,3000,4
757043,757043,3028172,5563,182,728,1313.0,0.0,1313.0,1406,1406,716.7747252747253,29,0,1000000,3000,4
757121,757121,3028484,5564,78,312,622.0,0.0,622.0,694,694,346.3333333333333,14,0,1000000,3000,4
757161,757161,3028644,5565,40,160,235.0,0.0,235.0,299,299,162.175,6,0,1000000,3000,4
757206,757206,3028824,5566,45,180,223.0,0.0,223.0,289,289,161.42222222222222,6,0,1000000,3000,4
757335,757335,3029340,5567,129,516,730.0,0.0,730.0,812,812,499.1007751937984,17,0,1000000,3000,4
757558,757558,3030232,5568,223,892,1027.0,0.0,1027.0,1127,1127,607.4887892376681,23,0,1000000,3000,4
757654,757654,3030616,5569,96,384,606.0,0.0,606.0,682,682,385.6770833333333,14,0,1000000,3000,4
757747,757747,3030988,5570,93,372,610.0,0.0,610.0,686,686,400.9032258064516,14,0,1000000,3000,4
757832,757832,3031328,5571,85,340,631.0,0.0,631.0,706,706,361.7647058823529,15,0,1000000,3000,4
757929,757929,3031716,5572,97,388,610.0,0.0,610.0,687,687,393.2680412371134,14,0,1000000,3000,4
758176,758176,3032704,5573,247,988,1304.0,0.0,1304.0,1410,1410,775.3076923076923,29,0,1000000,3000,4
758331,758331,3033324,5574,155,620,749.0,0.0,749.0,837,837,524.7548387096774,17,0,1000000,3000,4
758365,758365,3033460,5575,34,136,232.0,0.0,232.0,296,296,171.85294117647058,6,0,1000000,3000,4
758397,758397,3033588,5576,32,128,243.0,0.0,243.0,305,305,160.96875,7,0,1000000,3000,4
758433,758433,3033732,5577,36,144,246.0,0.0,246.0,310,310,150.75,7,0,1000000,3000,4
758618,758618,3034472,5578,185,740,1038.0,0.0,1038.0,1130,1130,572.5243243243243,23,0,1000000,3000,4
758655,758655,3034620,5579,37,148,227.0,0.0,227.0,292,292,173.13513513513513,6,0,1000000,3000,4
758718,758718,3034872,5580,63,252,610.0,0.0,610.0,680,680,325.3492063492063,14,0,1000000,3000,4
758822,758822,3035288,5581,104,416,600.0,0.0,600.0,676,676,401.34615384615387,14,0,1000000,3000,4
759015,759015,3036060,5582,193,772,1335.0,0.0,1335.0,1431,1431,706.0777202072538,29,0,1000000,3000,4
759194,759194,3036776,5583,179,716,1036.0,0.0,1036.0,1127,1127,594.0446927374302,23,0,1000000,3000,4
759281,759281,3037124,5584,87,348,603.0,0.0,603.0,678,678,316.13793103448273,14,0,1000000,3000,4
759627,759627,3038508,5585,346,1384,2346.0,0.0,2346.0,2471,2471,1391.4682080924856,50,0,1000000,3000,4
759658,759658,3038632,5586,31,124,248.0,0.0,248.0,312,312,153.1290322580645,7,0,1000000,3000,4
759948,759948,3039792,5587,290,1160,1012.0,0.0,1012.0,1125,1125,647.3206896551724,23,0,1000000,3000,4
759994,759994,3039976,5588,46,184,234.0,0.0,234.0,301,301,141.6086956521739,7,0,1000000,3000,4
760251,760251,3041004,5589,257,1028,1317.0,0.0,1317.0,1426,1426,720.9727626459144,29,0,1000000,3000,4
760619,760619,3042476,5590,368,1472,997.0,0.0,997.0,1125,1125,650.7635869565217,23,0,1000000,3000,4
760826,760826,3043304,5591,207,828,1037.0,0.0,1037.0,1135,1135,553.9227053140097,23,0,1000000,3000,4
760873,760873,3043492,5592,47,188,234.0,0.0,234.0,301,301,138.31914893617022,7,0,1000000,3000,4
761143,761143,3044572,5593,270,1080,1910.0,0.0,1910.0,2021,2021,1021.7666666666667,41,0,1000000,3000,4
761182,761182,3044728,5594,39,156,241.0,0.0,241.0,305,305,154.48717948717947,7,0,1000000,3000,4
761224,761224,3044896,5595,42,168,234.0,0.0,234.0,299,299,157.78571428571428,6,0,1000000,3000,4
761406,761406,3045624,5596,182,728,1042.0,0.0,1042.0,1135,1135,634.4120879120879,23,0,1000000,3000,4
761454,761454,3045816,5597,48,192,212.0,0.0,212.0,277,277,179.89583333333334,6,0,1000000,3000,4
761489,761489,3045956,5598,35,140,248.0,0.0,248.0,311,311,140.05714285714285,7,0,1000000,3000,4
761645,761645,3046580,5599,156,624,611.0,0.0,611.0,699,699,443.9102564102564,14,0,1000000,3000,4
761740,761740,3046960,5600,95,380,616.0,0.0,616.0,691,691,337.88421052631577,14,0,1000000,3000,4
761832,761832,3047328,5601,92,368,618.0,0.0,618.0,693,693,339.3478260869565,14,0,1000000,3000,4
761871,761871,3047484,5602,39,156,246.0,0.0,246.0,310,310,141.56410256410257,7,0,1000000,3000,4
761910,761910,3047640,5603,39,156,244.0,0.0,244.0,307,307,144.4102564102564,7,0,1000000,3000,4
762132,762132,3048528,5604,222,888,1315.0,0.0,1315.0,1415,1415,706.1846846846847,29,0,1000000,3000,4
762298,762298,3049192,5605,166,664,1153.0,0.0,1153.0,1243,1243,647.2349397590361,25,0,1000000,3000,4
762336,762336,3049344,5606,38,152,242.0,0.0,242.0,306,306,156.39473684210526,7,0,1000000,3000,4
762495,762495,3049980,5607,159,636,734.0,0.0,734.0,823,823,507.28930817610063,17,0,1000000,3000,4
762579,762579,3050316,5608,84,336,609.0,0.0,609.0,683,683,313.7857142857143,14,0,1000000,3000,4
762664,762664,3050656,5609,85,340,651.0,0.0,651.0,722,723,361.4235294117647,15,0,1000000,3000,4
762702,762702,3050808,5610,38,152,244.0,0.0,244.0,307,307,148.52631578947367,7,0,1000000,3000,4
762820,762820,3051280,5611,118,472,585.0,0.0,585.0,665,665,400.0593220338983,14,0,1000000,3000,4
762925,762925,3051700,5612,105,420,612.0,0.0,612.0,691,691,348.2952380952381,14,0,1000000,3000,4
763004,763004,3052016,5613,79,316,629.0,0.0,629.0,702,702,369.40506329113924,15,0,1000000,3000,4
763160,763160,3052640,5614,156,624,1049.0,0.0,1049.0,1137,1137,549.1410256410256,23,0,1000000,3000,4
763196,763196,3052784,5615,36,144,242.0,0.0,242.0,306,306,153.75,7,0,1000000,3000,4
763369,763369,3053476,5616,173,692,1034.0,0.0,1034.0,1123,1123,659.485549132948,23,0,1000000,3000,4
763507,763507,3054028,5617,138,552,604.0,0.0,604.0,688,688,372.32608695652175,14,0,1000000,3000,4
763540,763540,3054160,5618,33,132,240.0,0.0,240.0,302,302,161.4848484848485,7,0,1000000,3000,4
763822,763822,3055288,5619,282,1128,1552.0,0.0,1552.0,1664,1664,760.8829787234042,34,0,1000000,3000,4
764076,764076,3056304,5620,254,1016,1405.0,0.0,1405.0,1511,1511,772.1535433070866,31,0,1000000,3000,4
764123,764123,3056492,5621,47,188,222.0,0.0,222.0,288,288,159.19148936170214,6,0,1000000,3000,4
764322,764322,3057288,5622,199,796,1032.0,0.0,1032.0,1127,1127,657.713567839196,23,0,1000000,3000,4
764480,764480,3057920,5623,158,632,1047.0,0.0,1047.0,1135,1135,517.132911392405,23,0,1000000,3000,4
764723,764723,3058892,5624,243,972,1036.0,0.0,1036.0,1140,1140,626.8395061728395,23,0,1000000,3000,4
764979,764979,3059916,5625,256,1024,1315.0,0.0,1315.0,1422,1422,668.88671875,29,0,1000000,3000,4
765022,765022,3060088,5626,43,172,229.0,0.0,229.0,293,293,155.88372093023256,6,0,1000000,3000,4
765131,765131,3060524,5627,109,436,617.0,0.0,617.0,694,694,361.61467889908255,14,0,1000000,3000,4
765357,765357,3061428,5628,226,904,1121.0,0.0,1121.0,1222,1222,716.20796460177,25,0,1000000,3000,4
765454,765454,3061816,5629,97,388,635.0,0.0,635.0,710,710,346.9587628865979,15,0,1000000,3000,4
765616,765616,3062464,5630,162,648,1044.0,0.0,1044.0,1132,1132,516.6296296296297,23,0,1000000,3000,4
765656,765656,3062624,5631,40,160,240.0,0.0,240.0,304,304,149.75,7,0,1000000,3000,4
765696,765696,3062784,5632,40,160,242.0,0.0,242.0,307,307,149.6,7,0,1000000,3000,4
765864,765864,3063456,5633,168,672,634.0,0.0,634.0,722,722,464.1011904761905,15,0,1000000,3000,4
765903,765903,3063612,5634,39,156,240.0,0.0,240.0,304,304,151.4102564102564,7,0,1000000,3000,4
765948,765948,3063792,5635,45,180,228.0,0.0,228.0,293,293,153.51111111111112,6,0,1000000,3000,4
765990,765990,3063960,5636,42,168,232.0,0.0,232.0,297,297,156.61904761904762,6,0,1000000,3000,4
766118,766118,3064472,5637,128,512,589.0,0.0,589.0,671,671,370.7421875,14,0,1000000,3000,4
766170,766170,3064680,5638,52,208,224.0,0.0,224.0,291,291,140.69230769230768,6,0,1000000,3000,4
766364,766364,3065456,5639,194,776,1039.0,0.0,1039.0,1134,1134,617.2628865979382,23,0,1000000,3000,4
766464,766464,3065856,5640,100,400,613.0,0.0,613.0,688,688,332.14,14,0,1000000,3000,4
766501,766501,3066004,5641,37,148,229.0,0.0,229.0,293,293,170.59459459459458,6,0,1000000,3000,4
766595,766595,3066380,5642,94,376,629.0,0.0,629.0,704,704,372.5425531914894,15,0,1000000,3000,4
766795,766795,3067180,5643,200,800,628.0,0.0,628.0,722,722,464.67,15,0,1000000,3000,4
766838,766838,3067352,5644,43,172,224.0,0.0,224.0,289,289,168.7906976744186,6,0,1000000,3000,4
766950,766950,3067800,5645,112,448,621.0,0.0,621.0,701,701,373.11607142857144,15,0,1000000,3000,4
766998,766998,3067992,5646,48,192,217.0,0.0,217.0,282,282,164.0,6,0,1000000,3000,4
767041,767041,3068164,5647,43,172,233.0,0.0,233.0,298,298,157.04651162790697,6,0,1000000,3000,4
767113,767113,3068452,5648,72,288,624.0,0.0,624.0,695,695,345.65277777777777,14,0,1000000,3000,4
767209,767209,3068836,5649,96,384,604.0,0.0,604.0,680,680,398.625,14,0,1000000,3000,4
767248,767248,3068992,5650,39,156,231.0,0.0,231.0,295,295,160.05128205128204,6,0,1000000,3000,4
767289,767289,3069156,5651,41,164,233.0,0.0,233.0,297,297,162.390243902439,6,0,1000000,3000,4
767487,767487,3069948,5652,198,792,773.0,0.0,773.0,869,869,510.530303030303,18,0,1000000,3000,4
767668,767668,3070672,5653,181,724,807.0,0.0,807.0,898,899,549.4419889502763,18,0,1000000,3000,4
767775,767775,3071100,5654,107,428,629.0,0.0,629.0,707,707,353.2897196261682,15,0,1000000,3000,4
767886,767886,3071544,5655,111,444,611.0,0.0,611.0,690,690,369.56756756756755,14,0,1000000,3000,4
768085,768085,3072340,5656,199,796,1033.0,0.0,1033.0,1128,1128,598.3015075376884,23,0,1000000,3000,4
768181,768181,3072724,5657,96,384,625.0,0.0,625.0,701,701,390.5,15,0,1000000,3000,4
768337,768337,3073348,5658,156,624,812.0,0.0,812.0,898,898,541.9102564102565,18,0,1000000,3000,4
768699,768699,3074796,5659,362,1448,1297.0,0.0,1297.0,1427,1427,728.414364640884,29,0,1000000,3000,4
768809,768809,3075236,5660,110,440,607.0,0.0,607.0,687,687,369.3,14,0,1000000,3000,4
768969,768969,3075876,5661,160,640,736.0,0.0,736.0,825,825,471.63125,17,0,1000000,3000,4
769158,769158,3076632,5662,189,756,630.0,0.0,630.0,722,722,445.7883597883598,15,0,1000000,3000,4
769320,769320,3077280,5663,162,648,1049.0,0.0,1049.0,1138,1138,563.8271604938271,23,0,1000000,3000,4
769566,769566,3078264,5664,246,984,1019.0,0.0,1019.0,1123,1123,597.6829268292682,23,0,1000000,3000,4
769746,769746,3078984,5665,180,720,756.0,0.0,756.0,849,849,500.60555555555555,17,0,1000000,3000,4
769793,769793,3079172,5666,47,188,214.0,0.0,214.0,279,279,167.06382978723406,6,0,1000000,3000,4
770032,770032,3080128,5667,239,956,1026.0,0.0,1026.0,1130,1130,542.255230125523,23,0,1000000,3000,4
770140,770140,3080560,5668,108,432,625.0,0.0,625.0,702,702,352.8888888888889,15,0,1000000,3000,4
770188,770188,3080752,5669,48,192,219.0,0.0,219.0,285,285,154.04166666666666,6,0,1000000,3000,4
770233,770233,3080932,5670,45,180,222.0,0.0,222.0,288,288,159.0,6,0,1000000,3000,4
770274,770274,3081096,5671,41,164,231.0,0.0,231.0,296,296,160.3170731707317,6,0,1000000,3000,4
770381,770381,3081524,5672,107,428,621.0,0.0,621.0,699,699,365.0747663551402,14,0,1000000,3000,4
770421,770421,3081684,5673,40,160,231.0,0.0,231.0,296,296,160.55,6,0,1000000,3000,4
770452,770452,3081808,5674,31,124,247.0,0.0,247.0,310,310,154.32258064516128,7,0,1000000,3000,4
770494,770494,3081976,5675,42,168,232.0,0.0,232.0,297,297,160.02380952380952,6,0,1000000,3000,4
770534,770534,3082136,5676,40,160,234.0,0.0,234.0,299,299,156.1,6,0,1000000,3000,4
770574,770574,3082296,5677,40,160,233.0,0.0,233.0,298,298,154.625,6,0,1000000,3000,4
770853,770853,3083412,5678,279,1116,1299.0,0.0,1299.0,1410,1410,689.8637992831541,29,0,1000000,3000,4
770886,770886,3083544,5679,33,132,240.0,0.0,240.0,303,303,164.8181818181818,7,0,1000000,3000,4
770926,770926,3083704,5680,40,160,230.0,0.0,230.0,295,295,160.05,6,0,1000000,3000,4
770968,770968,3083872,5681,42,168,231.0,0.0,231.0,296,296,159.16666666666666,6,0,1000000,3000,4
771002,771002,3084008,5682,34,136,243.0,0.0,243.0,305,305,166.7941176470588,7,0,1000000,3000,4
771098,771098,3084392,5683,96,384,625.0,0.0,625.0,700,700,342.34375,15,0,1000000,3000,4
771137,771137,3084548,5684,39,156,238.0,0.0,238.0,302,302,157.5897435897436,7,0,1000000,3000,4
771217,771217,3084868,5685,80,320,611.0,0.0,611.0,684,684,323.9625,14,0,1000000,3000,4
771387,771387,3085548,5686,170,680,1047.0,0.0,1047.0,1137,1137,574.8941176470588,23,0,1000000,3000,4
771427,771427,3085708,5687,40,160,233.0,0.0,233.0,298,298,159.1,6,0,1000000,3000,4
771462,771462,3085848,5688,35,140,241.0,0.0,241.0,305,305,157.5142857142857,7,0,1000000,3000,4
771495,771495,3085980,5689,33,132,243.0,0.0,243.0,306,306,162.75757575757575,7,0,1000000,3000,4
771698,771698,3086792,5690,203,812,1138.0,0.0,1138.0,1236,1236,643.7241379310345,25,0,1000000,3000,4
771791,771791,3087164,5691,93,372,628.0,0.0,628.0,703,703,349.4301075268817,15,0,1000000,3000,4
771837,771837,3087348,5692,46,184,218.0,0.0,218.0,284,284,167.54347826086956,6,0,1000000,3000,4
771919,771919,3087676,5693,82,328,614.0,0.0,614.0,688,688,345.4878048780488,14,0,1000000,3000,4
772197,772197,3088788,5694,278,1112,1304.0,0.0,1304.0,1415,1415,708.9964028776978,29,0,1000000,3000,4
772323,772323,3089292,5695,126,504,737.0,0.0,737.0,820,820,502.015873015873,17,0,1000000,3000,4
772366,772366,3089464,5696,43,172,225.0,0.0,225.0,290,290,166.0,6,0,1000000,3000,4
772525,772525,3090100,5697,159,636,812.0,0.0,812.0,898,898,561.5723270440252,18,0,1000000,3000,4
772561,772561,3090244,5698,36,144,240.0,0.0,240.0,304,304,159.38888888888889,7,0,1000000,3000,4
772596,772596,3090384,5699,35,140,236.0,0.0,236.0,301,301,165.45714285714286,7,0,1000000,3000,4
772633,772633,3090532,5700,37,148,235.0,0.0,235.0,299,299,167.75675675675674,6,0,1000000,3000,4
772733,772733,3090932,5701,100,400,732.0,0.0,732.0,810,810,396.28,17,0,1000000,3000,4
772926,772926,3091704,5702,193,772,1346.0,0.0,1346.0,1442,1442,721.2176165803108,29,0,1000000,3000,4
772959,772959,3091836,5703,33,132,243.0,0.0,243.0,306,306,160.9090909090909,7,0,1000000,3000,4
773209,773209,3092836,5704,250,1000,1031.0,0.0,1031.0,1136,1136,677.404,23,0,1000000,3000,4
773298,773298,3093192,5705,89,356,618.0,0.0,618.0,692,692,384.87640449438203,14,0,1000000,3000,4
773397,773397,3093588,5706,99,396,619.0,0.0,619.0,696,696,335.3131313131313,14,0,1000000,3000,4
773437,773437,3093748,5707,40,160,242.0,0.0,242.0,306,306,145.95,7,0,1000000,3000,4
773468,773468,3093872,5708,31,124,243.0,0.0,243.0,306,306,161.80645161290323,7,0,1000000,3000,4
773583,773583,3094332,5709,115,460,1049.0,0.0,1049.0,1127,1127,557.008695652174,23,0,1000000,3000,4
773722,773722,3094888,5710,139,556,730.0,0.0,730.0,814,814,482.8776978417266,17,0,1000000,3000,4
773852,773852,3095408,5711,130,520,586.0,0.0,586.0,668,668,382.5153846153846,14,0,1000000,3000,4
773887,773887,3095548,5712,35,140,242.0,0.0,242.0,305,305,159.42857142857142,7,0,1000000,3000,4
773985,773985,3095940,5713,98,392,619.0,0.0,619.0,695,695,383.03061224489795,14,0,1000000,3000,4
774071,774071,3096284,5714,86,344,620.0,0.0,620.0,693,693,338.19767441860466,14,0,1000000,3000,4
774249,774249,3096996,5715,178,712,1340.0,0.0,1340.0,1433,1433,622.9157303370787,29,0,1000000,3000,4
774459,774459,3097836,5716,210,840,1336.0,0.0,1336.0,1435,1435,683.8761904761905,29,0,1000000,3000,4
774707,774707,3098828,5717,248,992,1303.0,0.0,1303.0,1408,1408,745.4435483870968,29,0,1000000,3000,4
774749,774749,3098996,5718,42,168,237.0,0.0,237.0,302,302,148.28571428571428,7,0,1000000,3000,4
774789,774789,3099156,5719,40,160,236.0,0.0,236.0,300,300,149.375,7,0,1000000,3000,4
774894,774894,3099576,5720,105,420,583.0,0.0,583.0,660,660,392.79047619047617,14,0,1000000,3000,4
774943,774943,3099772,5721,49,196,215.0,0.0,215.0,280,280,161.53061224489795,6,0,1000000,3000,4
774979,774979,3099916,5722,36,144,242.0,0.0,242.0,306,306,146.52777777777777,7,0,1000000,3000,4
775013,775013,3100052,5723,34,136,244.0,0.0,244.0,307,307,162.3235294117647,7,0,1000000,3000,4
775156,775156,3100624,5724,143,572,751.0,0.0,751.0,836,836,500.034965034965,17,0,1000000,3000,4
775204,775204,3100816,5725,48,192,219.0,0.0,219.0,284,284,157.33333333333334,6,0,1000000,3000,4
775289,775289,3101156,5726,85,340,615.0,0.0,615.0,688,688,312.3529411764706,14,0,1000000,3000,4
775519,775519,3102076,5727,230,920,1307.0,0.0,1307.0,1410,1410,731.8130434782609,29,0,1000000,3000,4
775618,775618,3102472,5728,99,396,625.0,0.0,625.0,701,701,370.5656565656566,15,0,1000000,3000,4
775751,775751,3103004,5729,133,532,714.0,0.0,714.0,797,797,446.9323308270677,16,0,1000000,3000,4
775954,775954,3103816,5730,203,812,1325.0,0.0,1325.0,1423,1423,674.3940886699507,29,0,1000000,3000,4
776016,776016,3104064,5731,62,248,219.0,0.0,219.0,287,287,139.7258064516129,6,0,1000000,3000,4
776189,776189,3104756,5732,173,692,723.0,0.0,723.0,813,813,430.5028901734104,17,0,1000000,3000,4
776273,776273,3105092,5733,84,336,603.0,0.0,603.0,677,677,292.3690476190476,14,0,1000000,3000,4
776378,776378,3105512,5734,105,420,605.0,0.0,605.0,682,682,381.45714285714286,14,0,1000000,3000,4
776660,776660,3106640,5735,282,1128,1673.0,0.0,1673.0,1787,1787,831.5957446808511,36,0,1000000,3000,4
776699,776699,3106796,5736,39,156,243.0,0.0,243.0,307,307,142.46153846153845,7,0,1000000,3000,4
776787,776787,3107148,5737,88,352,602.0,0.0,602.0,676,676,265.8636363636364,14,0,1000000,3000,4
776829,776829,3107316,5738,42,168,226.0,0.0,226.0,291,291,155.9047619047619,6,0,1000000,3000,4
776925,776925,3107700,5739,96,384,632.0,0.0,632.0,708,708,357.8333333333333,15,0,1000000,3000,4
776976,776976,3107904,5740,51,204,207.0,0.0,207.0,274,274,167.72549019607843,6,0,1000000,3000,4
777015,777015,3108060,5741,39,156,238.0,0.0,238.0,302,302,153.82051282051282,7,0,1000000,3000,4
777063,777063,3108252,5742,48,192,225.0,0.0,225.0,291,291,149.16666666666666,6,0,1000000,3000,4
777170,777170,3108680,5743,107,428,610.0,0.0,610.0,687,687,398.2710280373832,14,0,1000000,3000,4
777270,777270,3109080,5744,100,400,629.0,0.0,629.0,706,706,378.05,15,0,1000000,3000,4
777312,777312,3109248,5745,42,168,229.0,0.0,229.0,293,293,155.66666666666666,6,0,1000000,3000,4
777429,777429,3109716,5746,117,468,582.0,0.0,582.0,661,661,398.54700854700855,14,0,1000000,3000,4
777756,777756,3111024,5747,327,1308,1666.0,0.0,1666.0,1789,1789,826.8593272171254,36,0,1000000,3000,4
777853,777853,3111412,5748,97,388,602.0,0.0,602.0,678,678,298.8041237113402,14,0,1000000,3000,4
777982,777982,3111928,5749,129,516,1045.0,0.0,1045.0,1125,1125,522.9922480620155,23,0,1000000,3000,4
778204,778204,3112816,5750,222,888,779.0,0.0,779.0,881,881,526.7567567567568,18,0,1000000,3000,4
778403,778403,3113612,5751,199,796,1155.0,0.0,1155.0,1251,1251,671.0402010050251,26,0,1000000,3000,4
778495,778495,3113980,5752,92,368,632.0,0.0,632.0,707,707,358.9891304347826,15,0,1000000,3000,4
778534,778534,3114136,5753,39,156,248.0,0.0,248.0,311,311,142.53846153846155,7,0,1000000,3000,4
778575,778575,3114300,5754,41,164,238.0,0.0,238.0,302,302,148.90243902439025,7,0,1000000,3000,4
778735,778735,3114940,5755,160,640,604.0,0.0,604.0,693,693,427.35,14,0,1000000,3000,4
778967,778967,3115868,5756,232,928,1569.0,0.0,1569.0,1672,1672,777.1853448275862,34,0,1000000,3000,4
779067,779067,3116268,5757,100,400,630.0,0.0,630.0,707,707,351.41,15,0,1000000,3000,4
779109,779109,3116436,5758,42,168,239.0,0.0,239.0,305,305,138.6904761904762,7,0,1000000,3000,4
779198,779198,3116792,5759,89,356,620.0,0.0,620.0,694,694,384.2247191011236,14,0,1000000,3000,4
779480,779480,3117920,5760,282,1128,1024.0,0.0,1024.0,1137,1137,689.7163120567376,23,0,1000000,3000,4
779571,779571,3118284,5761,91,364,622.0,0.0,622.0,697,697,385.0989010989011,14,0,1000000,3000,4
779634,779634,3118536,5762,63,252,609.0,0.0,609.0,679,679,331.87301587301585,14,0,1000000,3000,4
779667,779667,3118668,5763,33,132,245.0,0.0,245.0,309,309,156.12121212121212,7,0,1000000,3000,4
779825,779825,3119300,5764,158,632,1040.0,0.0,1040.0,1126,1126,635.2721518987341,23,0,1000000,3000,4
779898,779898,3119592,5765,73,292,610.0,0.0,610.0,682,682,336.05479452054794,14,0,1000000,3000,4
780101,780101,3120404,5766,203,812,1692.0,0.0,1692.0,1790,1790,821.5665024630542,36,0,1000000,3000,4
780288,780288,3121152,5767,187,748,806.0,0.0,806.0,898,898,601.2139037433155,18,0,1000000,3000,4
780412,780412,3121648,5768,124,496,584.0,0.0,584.0,664,664,384.2016129032258,14,0,1000000,3000,4
780509,780509,3122036,5769,97,388,614.0,0.0,614.0,690,690,346.97938144329896,14,0,1000000,3000,4
780678,780678,3122712,5770,169,676,1039.0,0.0,1039.0,1128,1128,577.6213017751479,23,0,1000000,3000,4
780784,780784,3123136,5771,106,424,625.0,0.0,625.0,703,703,343.1509433962264,15,0,1000000,3000,4
780863,780863,3123452,5772,79,316,631.0,0.0,631.0,704,704,391.67088607594934,15,0,1000000,3000,4
780960,780960,3123840,5773,97,388,614.0,0.0,614.0,691,691,389.03092783505156,14,0,1000000,3000,4
781055,781055,3124220,5774,95,380,607.0,0.0,607.0,683,683,402.2526315789474,14,0,1000000,3000,4
781196,781196,3124784,5775,141,564,815.0,0.0,815.0,898,898,589.2482269503546,18,0,1000000,3000,4
781239,781239,3124956,5776,43,172,226.0,0.0,226.0,291,291,154.4418604651163,6,0,1000000,3000,4
781452,781452,3125808,5777,213,852,1335.0,0.0,1335.0,1435,1435,682.1408450704225,29,0,1000000,3000,4
781484,781484,3125936,5778,32,128,245.0,0.0,245.0,309,309,145.1875,7,0,1000000,3000,4
781630,781630,3126520,5779,146,584,1044.0,0.0,1044.0,1129,1129,520.7808219178082,23,0,1000000,3000,4
781663,781663,3126652,5780,33,132,251.0,0.0,251.0,315,315,150.84848484848484,7,0,1000000,3000,4
781692,781692,3126768,5781,29,116,247.0,0.0,247.0,309,309,158.75862068965517,7,0,1000000,3000,4
781726,781726,3126904,5782,34,136,249.0,0.0,249.0,313,313,151.97058823529412,7,0,1000000,3000,4
781761,781761,3127044,5783,35,140,233.0,0.0,233.0,297,297,166.42857142857142,6,0,1000000,3000,4
781794,781794,3127176,5784,33,132,252.0,0.0,252.0,316,316,151.78787878787878,7,0,1000000,3000,4
781824,781824,3127296,5785,30,120,249.0,0.0,249.0,313,313,151.83333333333334,7,0,1000000,3000,4
781895,781895,3127580,5786,71,284,653.0,0.0,653.0,722,722,384.9154929577465,15,0,1000000,3000,4
781930,781930,3127720,5787,35,140,239.0,0.0,239.0,304,304,157.4,7,0,1000000,3000,4
782013,782013,3128052,5788,83,332,618.0,0.0,618.0,692,692,340.93975903614455,14,0,1000000,3000,4
782210,782210,3128840,5789,197,788,1320.0,0.0,1320.0,1414,1414,721.3908629441624,29,0,1000000,3000,4
782503,782503,3130012,5790,293,1172,1319.0,0.0,1319.0,1435,1435,708.3242320819113,29,0,1000000,3000,4
782580,782580,3130320,5791,77,308,611.0,0.0,611.0,683,683,347.4805194805195,14,0,1000000,3000,4
782769,782769,3131076,5792,189,756,1037.0,0.0,1037.0,1130,1130,580.6296296296297,23,0,1000000,3000,4
782998,782998,3131992,5793,229,916,1309.0,0.0,1309.0,1411,1411,733.8165938864629,29,0,1000000,3000,4
783284,783284,3133136,5794,286,1144,1904.0,0.0,1904.0,2019,2019,1006.965034965035,41,0,1000000,3000,4
783534,783534,3134136,5795,250,1000,1114.0,0.0,1114.0,1218,1221,685.188,25,0,1000000,3000,4
783615,783615,3134460,5796,81,324,622.0,0.0,622.0,696,696,360.95061728395063,14,0,1000000,3000,4
783757,783757,3135028,5797,142,568,1043.0,0.0,1043.0,1127,1127,597.5774647887324,23,0,1000000,3000,4
783865,783865,3135460,5798,108,432,606.0,0.0,606.0,684,684,401.8796296296296,14,0,1000000,3000,4
784020,784020,3136080,5799,155,620,1331.0,0.0,1331.0,1417,1417,703.6258064516129,29,0,1000000,3000,4
784192,784192,3136768,5800,172,688,1038.0,0.0,1038.0,1128,1128,572.4069767441861,23,0,1000000,3000,4
784338,784338,3137352,5801,146,584,1347.0,0.0,1347.0,1434,1434,694.2876712328767,29,0,1000000,3000,4
784515,784515,3138060,5802,177,708,1340.0,0.0,1340.0,1433,1433,686.3559322033898,29,0,1000000,3000,4
784550,784550,3138200,5803,35,140,247.0,0.0,247.0,311,311,149.6,7,0,1000000,3000,4
784579,784579,3138316,5804,29,116,249.0,0.0,249.0,312,312,158.0344827586207,7,0,1000000,3000,4
784649,784649,3138596,5805,70,280,607.0,0.0,607.0,679,679,307.4714285714286,14,0,1000000,3000,4
784679,784679,3138716,5806,30,120,249.0,0.0,249.0,313,313,150.93333333333334,7,0,1000000,3000,4
784712,784712,3138848,5807,33,132,250.0,0.0,250.0,314,314,155.12121212121212,7,0,1000000,3000,4
784741,784741,3138964,5808,29,116,248.0,0.0,248.0,311,311,158.0344827586207,7,0,1000000,3000,4
784819,784819,3139276,5809,78,312,652.0,0.0,652.0,722,722,387.37179487179486,15,0,1000000,3000,4
784899,784899,3139596,5810,80,320,617.0,0.0,617.0,690,690,330.2875,14,0,1000000,3000,4
785081,785081,3140324,5811,182,728,1340.0,0.0,1340.0,1434,1434,707.5934065934066,29,0,1000000,3000,4
785262,785262,3141048,5812,181,724,1341.0,0.0,1341.0,1435,1435,749.8397790055249,29,0,1000000,3000,4
785404,785404,3141616,5813,142,568,815.0,0.0,815.0,898,898,583.0,18,0,1000000,3000,4
785578,785578,3142312,5814,174,696,1038.0,0.0,1038.0,1128,1128,602.1494252873563,23,0,1000000,3000,4
785663,785663,3142652,5815,85,340,631.0,0.0,631.0,705,705,361.0705882352941,15,0,1000000,3000,4
785811,785811,3143244,5816,148,592,1044.0,0.0,1044.0,1128,1128,571.6554054054054,23,0,1000000,3000,4
785841,785841,3143364,5817,30,120,247.0,0.0,247.0,311,311,151.06666666666666,7,0,1000000,3000,4
785876,785876,3143504,5818,35,140,248.0,0.0,248.0,312,312,151.4857142857143,7,0,1000000,3000,4
785950,785950,3143800,5819,74,296,619.0,0.0,619.0,691,691,343.47297297297297,14,0,1000000,3000,4
785986,785986,3143944,5820,36,144,238.0,0.0,238.0,303,303,162.36111111111111,7,0,1000000,3000,4
786021,786021,3144084,5821,35,140,239.0,0.0,239.0,303,303,157.88571428571427,7,0,1000000,3000,4
786121,786121,3144484,5822,100,400,629.0,0.0,629.0,706,706,372.87,15,0,1000000,3000,4
786215,786215,3144860,5823,94,376,623.0,0.0,623.0,699,699,404.0744680851064,14,0,1000000,3000,4
786299,786299,3145196,5824,84,336,613.0,0.0,613.0,685,685,410.95238095238096,14,0,1000000,3000,4
786766,786766,3147064,5825,467,1868,2321.0,0.0,2321.0,2470,2470,1470.5203426124197,50,0,1000000,3000,4
786917,786917,3147668,5826,151,604,1040.0,0.0,1040.0,1125,1125,598.3509933774834,23,0,1000000,3000,4
786955,786955,3147820,5827,38,152,227.0,0.0,227.0,291,291,175.26315789473685,6,0,1000000,3000,4
787046,787046,3148184,5828,91,364,732.0,0.0,732.0,808,808,414.25274725274727,17,0,1000000,3000,4
787120,787120,3148480,5829,74,296,625.0,0.0,625.0,697,697,351.5405405405405,14,0,1000000,3000,4
787261,787261,3149044,5830,141,564,815.0,0.0,815.0,898,898,601.8014184397163,18,0,1000000,3000,4
787291,787291,3149164,5831,30,120,253.0,0.0,253.0,316,316,158.83333333333334,7,0,1000000,3000,4
787502,787502,3150008,5832,211,844,1418.0,0.0,1418.0,1517,1517,772.7014218009479,31,0,1000000,3000,4
787540,787540,3150160,5833,38,152,232.0,0.0,232.0,296,296,161.8421052631579,6,0,1000000,3000,4
787667,787667,3150668,5834,127,508,589.0,0.0,589.0,671,671,464.1102362204724,14,0,1000000,3000,4
787734,787734,3150936,5835,67,268,611.0,0.0,611.0,681,681,339.5970149253731,14,0,1000000,3000,4
787888,787888,3151552,5836,154,616,617.0,0.0,617.0,705,705,463.5584415584416,15,0,1000000,3000,4
788025,788025,3152100,5837,137,548,1046.0,0.0,1046.0,1129,1129,618.7007299270073,23,0,1000000,3000,4
788132,788132,3152528,5838,107,428,760.0,0.0,760.0,838,838,516.8971962616822,17,0,1000000,3000,4
788371,788371,3153484,5839,239,956,1310.0,0.0,1310.0,1413,1413,749.8619246861924,29,0,1000000,3000,4
788477,788477,3153908,5840,106,424,631.0,0.0,631.0,709,709,389.83962264150944,15,0,1000000,3000,4
788637,788637,3154548,5841,160,640,1044.0,0.0,1044.0,1131,1131,600.8375,23,0,1000000,3000,4
788671,788671,3154684,5842,34,136,244.0,0.0,244.0,307,307,157.14705882352942,7,0,1000000,3000,4
788771,788771,3155084,5843,100,400,629.0,0.0,629.0,706,706,360.18,15,0,1000000,3000,4
788945,788945,3155780,5844,174,696,809.0,0.0,809.0,898,898,611.5344827586207,18,0,1000000,3000,4
789064,789064,3156256,5845,119,476,622.0,0.0,622.0,703,703,375.29411764705884,15,0,1000000,3000,4
789220,789220,3156880,5846,156,624,1039.0,0.0,1039.0,1126,1126,617.4423076923077,23,0,1000000,3000,4
789257,789257,3157028,5847,37,148,241.0,0.0,241.0,304,304,155.3783783783784,7,0,1000000,3000,4
789355,789355,3157420,5848,98,392,631.0,0.0,631.0,708,708,382.4183673469388,15,0,1000000,3000,4
789625,789625,3158500,5849,270,1080,1306.0,0.0,1306.0,1415,1415,735.3074074074074,29,0,1000000,3000,4
789655,789655,3158620,5850,30,120,246.0,0.0,246.0,307,307,162.2,7,0,1000000,3000,4
789960,789960,3159840,5851,305,1220,1012.0,0.0,1012.0,1128,1128,705.3311475409836,23,0,1000000,3000,4
790128,790128,3160512,5852,168,672,1040.0,0.0,1040.0,1129,1129,607.5119047619048,23,0,1000000,3000,4
790366,790366,3161464,5853,238,952,1025.0,0.0,1025.0,1128,1128,730.4915966386554,23,0,1000000,3000,4
790436,790436,3161744,5854,70,280,607.0,0.0,607.0,679,679,332.92857142857144,14,0,1000000,3000,4
790515,790515,3162060,5855,79,316,616.0,0.0,616.0,689,689,339.49367088607596,14,0,1000000,3000,4
790897,790897,3163588,5856,382,1528,996.0,0.0,996.0,1128,1128,741.151832460733,23,0,1000000,3000,4
790929,790929,3163716,5857,32,128,245.0,0.0,245.0,308,308,164.03125,7,0,1000000,3000,4
790959,790959,3163836,5858,30,120,243.0,0.0,243.0,306,306,160.66666666666666,7,0,1000000,3000,4
791029,791029,3164116,5859,70,280,626.0,0.0,626.0,697,697,365.8857142857143,14,0,1000000,3000,4
791061,791061,3164244,5860,32,128,243.0,0.0,243.0,307,307,168.78125,7,0,1000000,3000,4
791099,791099,3164396,5861,38,152,237.0,0.0,237.0,302,302,155.02631578947367,7,0,1000000,3000,4
791128,791128,3164512,5862,29,116,248.0,0.0,248.0,311,311,160.41379310344828,7,0,1000000,3000,4
791353,791353,3165412,5863,225,900,727.0,0.0,727.0,828,828,556.68,17,0,1000000,3000,4
791614,791614,3166456,5864,261,1044,1311.0,0.0,1311.0,1421,1421,765.2145593869732,29,0,1000000,3000,4
791644,791644,3166576,5865,30,120,250.0,0.0,250.0,313,313,157.76666666666668,7,0,1000000,3000,4
791781,791781,3167124,5866,137,548,640.0,0.0,640.0,722,722,508.45255474452557,15,0,1000000,3000,4
791812,791812,3167248,5867,31,124,247.0,0.0,247.0,310,310,160.7741935483871,7,0,1000000,3000,4
792011,792011,3168044,5868,199,796,1032.0,0.0,1032.0,1126,1126,638.3316582914573,23,0,1000000,3000,4
792044,792044,3168176,5869,33,132,242.0,0.0,242.0,305,305,168.1818181818182,7,0,1000000,3000,4
792210,792210,3168840,5870,166,664,590.0,0.0,590.0,681,681,467.2409638554217,14,0,1000000,3000,4
792305,792305,3169220,5871,95,380,597.0,0.0,597.0,673,673,420.5684210526316,14,0,1000000,3000,4
792460,792460,3169840,5872,155,620,1043.0,0.0,1043.0,1129,1129,641.2516129032258,23,0,1000000,3000,4
792658,792658,3170632,5873,198,792,1335.0,0.0,1335.0,1432,1432,711.2525252525253,29,0,1000000,3000,4
792760,792760,3171040,5874,102,408,608.0,0.0,608.0,685,685,396.61764705882354,14,0,1000000,3000,4
792851,792851,3171404,5875,91,364,610.0,0.0,610.0,685,685,404.97802197802196,14,0,1000000,3000,4
792919,792919,3171676,5876,68,272,608.0,0.0,608.0,679,679,331.6764705882353,14,0,1000000,3000,4
793007,793007,3172028,5877,88,352,632.0,0.0,632.0,706,706,385.3636363636364,15,0,1000000,3000,4
793108,793108,3172432,5878,101,404,628.0,0.0,628.0,706,706,375.34653465346537,15,0,1000000,3000,4
793194,793194,3172776,5879,86,344,624.0,0.0,624.0,698,698,396.75581395348837,14,0,1000000,3000,4
793378,793378,3173512,5880,184,736,1036.0,0.0,1036.0,1128,1128,624.5326086956521,23,0,1000000,3000,4
793407,793407,3173628,5881,29,116,250.0,0.0,250.0,313,313,156.06896551724137,7,0,1000000,3000,4
793481,793481,3173924,5882,74,296,617.0,0.0,617.0,689,689,363.93243243243245,14,0,1000000,3000,4
793510,793510,3174040,5883,29,116,249.0,0.0,249.0,312,312,160.31034482758622,7,0,1000000,3000,4
793545,793545,3174180,5884,35,140,237.0,0.0,237.0,300,300,170.74285714285713,7,0,1000000,3000,4
793623,793623,3174492,5885,78,312,626.0,0.0,626.0,699,699,405.5897435897436,14,0,1000000,3000,4
793656,793656,3174624,5886,33,132,236.0,0.0,236.0,300,300,158.5151515151515,7,0,1000000,3000,4
793742,793742,3174968,5887,86,344,627.0,0.0,627.0,702,702,369.5813953488372,15,0,1000000,3000,4
794038,794038,3176152,5888,296,1184,1830.0,0.0,1830.0,1946,1946,902.5168918918919,39,0,1000000,3000,4
794072,794072,3176288,5889,34,136,250.0,0.0,250.0,314,314,145.73529411764707,7,0,1000000,3000,4
794234,794234,3176936,5890,162,648,1037.0,0.0,1037.0,1125,1125,607.7530864197531,23,0,1000000,3000,4
794306,794306,3177224,5891,72,288,608.0,0.0,608.0,680,680,322.7083333333333,14,0,1000000,3000,4
794412,794412,3177648,5892,106,424,733.0,0.0,733.0,811,811,407.8490566037736,17,0,1000000,3000,4
794500,794500,3178000,5893,88,352,650.0,0.0,650.0,722,722,390.1818181818182,15,0,1000000,3000,4
794528,794528,3178112,5894,28,112,250.0,0.0,250.0,313,313,157.71428571428572,7,0,1000000,3000,4
794567,794567,3178268,5895,39,156,240.0,0.0,240.0,305,305,152.10256410256412,7,0,1000000,3000,4
794719,794719,3178876,5896,152,608,1044.0,0.0,1044.0,1131,1131,643.2894736842105,23,0,1000000,3000,4
794789,794789,3179156,5897,70,280,610.0,0.0,610.0,681,681,324.85714285714283,14,0,1000000,3000,4
794822,794822,3179288,5898,33,132,248.0,0.0,248.0,311,311,151.66666666666666,7,0,1000000,3000,4
795005,795005,3180020,5899,183,732,1139.0,0.0,1139.0,1233,1233,629.9398907103825,25,0,1000000,3000,4
795114,795114,3180456,5900,109,436,615.0,0.0,615.0,694,694,337.0275229357798,14,0,1000000,3000,4
795231,795231,3180924,5901,117,468,611.0,0.0,611.0,692,692,371.5042735042735,14,0,1000000,3000,4
795396,795396,3181584,5902,165,660,1037.0,0.0,1037.0,1124,1124,543.5333333333333,23,0,1000000,3000,4
795479,795479,3181916,5903,83,332,651.0,0.0,651.0,722,723,384.2289156626506,15,0,1000000,3000,4
795518,795518,3182072,5904,39,156,232.0,0.0,232.0,296,296,157.56410256410257,6,0,1000000,3000,4
795548,795548,3182192,5905,30,120,249.0,0.0,249.0,313,313,152.5,7,0,1000000,3000,4
795749,795749,3182996,5906,201,804,1340.0,0.0,1340.0,1438,1438,685.2587064676617,29,0,1000000,3000,4
796034,796034,3184136,5907,285,1140,1412.0,0.0,1412.0,1526,1526,697.0070175438597,31,0,1000000,3000,4
796187,796187,3184748,5908,153,612,1051.0,0.0,1051.0,1138,1138,583.2875816993464,23,0,1000000,3000,4
796335,796335,3185340,5909,148,592,1156.0,0.0,1156.0,1242,1242,576.8716216216217,25,0,1000000,3000,4
796487,796487,3185948,5910,152,608,730.0,0.0,730.0,817,817,478.4605263157895,17,0,1000000,3000,4
796766,796766,3187064,5911,279,1116,1013.0,0.0,1013.0,1124,1124,646.1075268817204,23,0,1000000,3000,4
796875,796875,3187500,5912,109,436,621.0,0.0,621.0,700,700,359.3211009174312,15,0,1000000,3000,4
796976,796976,3187904,5913,101,404,626.0,0.0,626.0,704,704,335.5049504950495,15,0,1000000,3000,4
797074,797074,3188296,5914,98,392,624.0,0.0,624.0,701,701,356.07142857142856,15,0,1000000,3000,4
797251,797251,3189004,5915,177,708,1036.0,0.0,1036.0,1127,1127,583.3841807909605,23,0,1000000,3000,4
797334,797334,3189336,5916,83,332,630.0,0.0,630.0,704,704,352.27710843373495,15,0,1000000,3000,4
797371,797371,3189484,5917,37,148,239.0,0.0,239.0,304,304,156.16216216216216,7,0,1000000,3000,4
797412,797412,3189648,5918,41,164,230.0,0.0,230.0,296,296,153.1951219512195,6,0,1000000,3000,4
797461,797461,3189844,5919,49,196,210.0,0.0,210.0,276,276,173.6122448979592,6,0,1000000,3000,4
797553,797553,3190212,5920,92,368,596.0,0.0,596.0,672,672,325.30434782608694,14,0,1000000,3000,4
797709,797709,3190836,5921,156,624,1041.0,0.0,1041.0,1128,1128,573.3397435897435,23,0,1000000,3000,4
797798,797798,3191192,5922,89,356,618.0,0.0,618.0,693,693,337.2696629213483,14,0,1000000,3000,4
797837,797837,3191348,5923,39,156,228.0,0.0,228.0,292,292,168.17948717948718,6,0,1000000,3000,4
797931,797931,3191724,5924,94,376,633.0,0.0,633.0,709,709,355.40425531914894,15,0,1000000,3000,4
798143,798143,3192572,5925,212,848,1312.0,0.0,1312.0,1411,1411,711.438679245283,29,0,1000000,3000,4
798353,798353,3193412,5926,210,840,1036.0,0.0,1036.0,1135,1135,636.004761904762,23,0,1000000,3000,4
798518,798518,3194072,5927,165,660,635.0,0.0,635.0,722,722,467.27272727272725,15,0,1000000,3000,4
798726,798726,3194904,5928,208,832,1315.0,0.0,1315.0,1411,1411,685.8076923076923,29,0,1000000,3000,4
798899,798899,3195596,5929,173,692,752.0,0.0,752.0,843,843,528.0751445086705,17,0,1000000,3000,4
798995,798995,3195980,5930,96,384,631.0,0.0,631.0,708,708,364.8541666666667,15,0,1000000,3000,4
799093,799093,3196372,5931,98,392,634.0,0.0,634.0,711,711,358.18367346938777,15,0,1000000,3000,4
799127,799127,3196508,5932,34,136,235.0,0.0,235.0,298,298,163.08823529411765,6,0,1000000,3000,4
799295,799295,3197180,5933,168,672,1134.0,0.0,1134.0,1223,1223,611.577380952381,25,0,1000000,3000,4
799403,799403,3197612,5934,108,432,605.0,0.0,605.0,683,683,381.01851851851853,14,0,1000000,3000,4
799435,799435,3197740,5935,32,128,252.0,0.0,252.0,316,316,153.25,7,0,1000000,3000,4
799596,799596,3198384,5936,161,644,732.0,0.0,732.0,821,821,491.80124223602485,17,0,1000000,3000,4
799914,799914,3199656,5937,318,1272,1661.0,0.0,1661.0,1781,1781,849.6729559748428,36,0,1000000,3000,4
800159,800159,3200636,5938,245,980,1327.0,0.0,1327.0,1433,1433,739.0081632653062,29,0,1000000,3000,4
800388,800388,3201552,5939,229,916,1037.0,0.0,1037.0,1139,1139,631.2008733624455,23,0,1000000,3000,4
800571,800571,3202284,5940,183,732,1035.0,0.0,1035.0,1127,1127,580.5245901639345,23,0,1000000,3000,4
800846,800846,3203384,5941,275,1100,1028.0,0.0,1028.0,1139,1139,707.8763636363636,23,0,1000000,3000,4
800883,800883,3203532,5942,37,148,250.0,0.0,250.0,315,315,144.75675675675674,7,0,1000000,3000,4
800928,800928,3203712,5943,45,180,225.0,0.0,225.0,291,291,159.13333333333333,6,0,1000000,3000,4
801034,801034,3204136,5944,106,424,599.0,0.0,599.0,677,677,387.91509433962267,14,0,1000000,3000,4
801231,801231,3204924,5945,197,788,1034.0,0.0,1034.0,1129,1129,621.9796954314721,23,0,1000000,3000,4
801442,801442,3205768,5946,211,844,1143.0,0.0,1143.0,1242,1242,654.9336492890995,25,0,1000000,3000,4
801528,801528,3206112,5947,86,344,635.0,0.0,635.0,709,709,373.6046511627907,15,0,1000000,3000,4
801672,801672,3206688,5948,144,576,773.0,0.0,773.0,858,858,482.5625,18,0,1000000,3000,4
801852,801852,3207408,5949,180,720,1036.0,0.0,1036.0,1126,1126,655.9833333333333,23,0,1000000,3000,4
801891,801891,3207564,5950,39,156,234.0,0.0,234.0,298,298,167.4102564102564,6,0,1000000,3000,4
802022,802022,3208088,5951,131,524,740.0,0.0,740.0,824,824,494.85496183206106,17,0,1000000,3000,4
802136,802136,3208544,5952,114,456,607.0,0.0,607.0,686,686,378.10526315789474,14,0,1000000,3000,4
802328,802328,3209312,5953,192,768,1144.0,0.0,1144.0,1239,1239,634.0885416666666,25,0,1000000,3000,4
802369,802369,3209476,5954,41,164,234.0,0.0,234.0,300,300,161.29268292682926,7,0,1000000,3000,4
802625,802625,3210500,5955,256,1024,1309.0,0.0,1309.0,1416,1416,725.6640625,29,0,1000000,3000,4
802659,802659,3210636,5956,34,136,236.0,0.0,236.0,299,299,171.14705882352942,6,0,1000000,3000,4
802850,802850,3211400,5957,191,764,1039.0,0.0,1039.0,1134,1134,624.3717277486911,23,0,1000000,3000,4
803080,803080,3212320,5958,230,920,1034.0,0.0,1034.0,1136,1136,648.4521739130435,23,0,1000000,3000,4
803109,803109,3212436,5959,29,116,251.0,0.0,251.0,314,314,155.0,7,0,1000000,3000,4
803149,803149,3212596,5960,40,160,221.0,0.0,221.0,285,285,172.725,6,0,1000000,3000,4
803187,803187,3212748,5961,38,152,232.0,0.0,232.0,297,297,163.05263157894737,6,0,1000000,3000,4
803218,803218,3212872,5962,31,124,247.0,0.0,247.0,311,311,149.06451612903226,7,0,1000000,3000,4
803296,803296,3213184,5963,78,312,629.0,0.0,629.0,701,701,379.5769230769231,15,0,1000000,3000,4
803461,803461,3213844,5964,165,660,810.0,0.0,810.0,898,898,559.3818181818182,18,0,1000000,3000,4
803493,803493,3213972,5965,32,128,245.0,0.0,245.0,307,307,166.40625,7,0,1000000,3000,4
803814,803814,3215256,5966,321,1284,1319.0,0.0,1319.0,1441,1441,751.436137071651,29,0,1000000,3000,4
803888,803888,3215552,5967,74,296,637.0,0.0,637.0,709,709,383.43243243243245,15,0,1000000,3000,4
803919,803919,3215676,5968,31,124,248.0,0.0,248.0,311,311,156.8709677419355,7,0,1000000,3000,4
803947,803947,3215788,5969,28,112,245.0,0.0,245.0,308,308,162.92857142857142,7,0,1000000,3000,4
803979,803979,3215916,5970,32,128,243.0,0.0,243.0,306,306,162.875,7,0,1000000,3000,4
804069,804069,3216276,5971,90,360,623.0,0.0,623.0,696,696,401.7888888888889,14,0,1000000,3000,4
804241,804241,3216964,5972,172,688,1045.0,0.0,1045.0,1135,1135,662.4244186046511,23,0,1000000,3000,4
804388,804388,3217552,5973,147,588,748.0,0.0,748.0,834,834,518.5238095238095,17,0,1000000,3000,4
804609,804609,3218436,5974,221,884,1330.0,0.0,1330.0,1432,1432,670.7058823529412,29,0,1000000,3000,4
804801,804801,3219204,5975,192,768,1058.0,0.0,1058.0,1154,1154,687.2916666666666,24,0,1000000,3000,4
804934,804934,3219736,5976,133,532,817.0,0.0,817.0,898,898,563.8345864661654,18,0,1000000,3000,4
805088,805088,3220352,5977,154,616,755.0,0.0,755.0,842,842,573.7402597402597,17,0,1000000,3000,4
805285,805285,3221140,5978,197,788,1337.0,0.0,1337.0,1434,1434,701.6954314720812,29,0,1000000,3000,4
805318,805318,3221272,5979,33,132,243.0,0.0,243.0,307,307,160.78787878787878,7,0,1000000,3000,4
805354,805354,3221416,5980,36,144,233.0,0.0,233.0,297,297,167.19444444444446,6,0,1000000,3000,4
805430,805430,3221720,5981,76,304,615.0,0.0,615.0,687,687,365.25,14,0,1000000,3000,4
805464,805464,3221856,5982,34,136,242.0,0.0,242.0,306,306,160.73529411764707,7,0,1000000,3000,4
805618,805618,3222472,5983,154,616,1332.0,0.0,1332.0,1418,1418,742.8961038961039,29,0,1000000,3000,4
805650,805650,3222600,5984,32,128,245.0,0.0,245.0,309,309,152.59375,7,0,1000000,3000,4
805763,805763,3223052,5985,113,452,608.0,0.0,608.0,687,687,395.0973451327434,14,0,1000000,3000,4
805938,805938,3223752,5986,175,700,1316.0,0.0,1316.0,1408,1408,711.7885714285715,29,0,1000000,3000,4
806118,806118,3224472,5987,180,720,1036.0,0.0,1036.0,1127,1127,598.45,23,0,1000000,3000,4
806306,806306,3225224,5988,188,752,1045.0,0.0,1045.0,1139,1139,640.7765957446809,23,0,1000000,3000,4
806341,806341,3225364,5989,35,140,230.0,0.0,230.0,294,294,165.4857142857143,6,0,1000000,3000,4
806381,806381,3225524,5990,40,160,231.0,0.0,231.0,295,295,165.975,6,0,1000000,3000,4
806645,806645,3226580,5991,264,1056,1019.0,0.0,1019.0,1126,1126,692.344696969697,23,0,1000000,3000,4
806685,806685,3226740,5992,40,160,228.0,0.0,228.0,293,293,171.825,6,0,1000000,3000,4
806830,806830,3227320,5993,145,580,787.0,0.0,787.0,873,873,532.7724137931034,18,0,1000000,3000,4
806911,806911,3227644,5994,81,324,626.0,0.0,626.0,700,700,355.39506172839504,15,0,1000000,3000,4
806984,806984,3227936,5995,73,292,627.0,0.0,627.0,697,697,356.6575342465753,14,0,1000000,3000,4
807220,807220,3228880,5996,236,944,1035.0,0.0,1035.0,1138,1138,706.2669491525423,23,0,1000000,3000,4
807263,807263,3229052,5997,43,172,230.0,0.0,230.0,295,295,156.25581395348837,6,0,1000000,3000,4
807368,807368,3229472,5998,105,420,618.0,0.0,618.0,695,695,386.1714285714286,14,0,1000000,3000,4
807475,807475,3229900,5999,107,428,597.0,0.0,597.0,674,674,402.76635514018693,14,0,1000000,3000,4
807657,807657,3230628,6000,182,728,807.0,0.0,807.0,898,898,586.521978021978,18,0,1000000,3000,4
807758,807758,3231032,6001,101,404,625.0,0.0,625.0,702,702,356.91089108910893,15,0,1000000,3000,4
807913,807913,3231652,6002,155,620,636.0,0.0,636.0,722,722,459.0,15,0,1000000,3000,4
808211,808211,3232844,6003,298,1192,1391.0,0.0,1391.0,1507,1507,771.2348993288591,31,0,1000000,3000,4
808258,808258,3233032,6004,47,188,224.0,0.0,224.0,289,289,152.4468085106383,6,0,1000000,3000,4
808304,808304,3233216,6005,46,184,228.0,0.0,228.0,294,294,150.08695652173913,6,0,1000000,3000,4
808600,808600,3234400,6006,296,1184,1654.0,0.0,1654.0,1770,1770,888.1722972972973,36,0,1000000,3000,4
808720,808720,3234880,6007,120,480,611.0,0.0,611.0,690,690,336.45,14,0,1000000,3000,4
808966,808966,3235864,6008,246,984,1304.0,0.0,1304.0,1409,1409,719.9878048780488,29,0,1000000,3000,4
809129,809129,3236516,6009,163,652,710.0,0.0,710.0,799,799,446.9447852760736,16,0,1000000,3000,4
809248,809248,3236992,6010,119,476,598.0,0.0,598.0,677,677,374.1344537815126,14,0,1000000,3000,4
809310,809310,3237240,6011,62,248,199.0,0.0,199.0,267,267,142.24193548387098,6,0,1000000,3000,4
809369,809369,3237476,6012,59,236,204.0,0.0,204.0,271,271,158.8135593220339,6,0,1000000,3000,4
809585,809585,3238340,6013,216,864,1051.0,0.0,1051.0,1152,1152,601.8194444444445,24,0,1000000,3000,4
809856,809856,3239424,6014,271,1084,1020.0,0.0,1020.0,1131,1131,635.9483394833949,23,0,1000000,3000,4
809901,809901,3239604,6015,45,180,231.0,0.0,231.0,295,295,156.0222222222222,6,0,1000000,3000,4
809975,809975,3239900,6016,74,296,210.0,0.0,210.0,281,281,121.94594594594595,6,0,1000000,3000,4
810265,810265,3241060,6017,290,1160,786.0,0.0,786.0,898,898,613.9862068965517,18,0,1000000,3000,4
810526,810526,3242104,6018,261,1044,1303.0,0.0,1303.0,1411,1411,685.616858237548,29,0,1000000,3000,4
810565,810565,3242260,6019,39,156,240.0,0.0,240.0,304,304,151.28205128205127,7,0,1000000,3000,4
810607,810607,3242428,6020,42,168,241.0,0.0,241.0,306,306,136.66666666666666,7,0,1000000,3000,4
810723,810723,3242892,6021,116,464,599.0,0.0,599.0,678,678,383.7241379310345,14,0,1000000,3000,4
811030,811030,3244120,6022,307,1228,1292.0,0.0,1292.0,1410,1410,746.0977198697068,29,0,1000000,3000,4
811071,811071,3244284,6023,41,164,230.0,0.0,230.0,295,295,158.65853658536585,6,0,1000000,3000,4
811319,811319,3245276,6024,248,992,1031.0,0.0,1031.0,1137,1137,663.9596774193549,23,0,1000000,3000,4
811356,811356,3245424,6025,37,148,247.0,0.0,247.0,312,312,148.2972972972973,7,0,1000000,3000,4
811391,811391,3245564,6026,35,140,244.0,0.0,244.0,308,308,155.4857142857143,7,0,1000000,3000,4
811642,811642,3246568,6027,251,1004,1022.0,0.0,1022.0,1128,1128,672.9800796812749,23,0,1000000,3000,4
811692,811692,3246768,6028,50,200,214.0,0.0,214.0,281,281,161.84,6,0,1000000,3000,4
811730,811730,3246920,6029,38,152,240.0,0.0,240.0,304,304,154.02631578947367,7,0,1000000,3000,4
811832,811832,3247328,6030,102,408,621.0,0.0,621.0,698,698,390.7450980392157,14,0,1000000,3000,4
811930,811930,3247720,6031,98,392,598.0,0.0,598.0,674,674,399.42857142857144,14,0,1000000,3000,4
812173,812173,3248692,6032,243,972,1021.0,0.0,1021.0,1125,1125,664.9506172839506,23,0,1000000,3000,4
812401,812401,3249604,6033,228,912,726.0,0.0,726.0,828,828,552.640350877193,17,0,1000000,3000,4
812510,812510,3250040,6034,109,436,586.0,0.0,586.0,664,664,396.44954128440367,14,0,1000000,3000,4
812656,812656,3250624,6035,146,584,1046.0,0.0,1046.0,1132,1132,580.5205479452055,23,0,1000000,3000,4
812866,812866,3251464,6036,210,840,1330.0,0.0,1330.0,1429,1429,739.452380952381,29,0,1000000,3000,4
812905,812905,3251620,6037,39,156,250.0,0.0,250.0,315,315,132.92307692307693,7,0,1000000,3000,4
813079,813079,3252316,6038,174,696,754.0,0.0,754.0,846,846,532.580459770115,17,0,1000000,3000,4
813327,813327,3253308,6039,248,992,1311.0,0.0,1311.0,1417,1417,746.491935483871,29,0,1000000,3000,4
813505,813505,3254020,6040,178,712,808.0,0.0,808.0,898,898,537.8932584269663,18,0,1000000,3000,4
813717,813717,3254868,6041,212,848,1312.0,0.0,1312.0,1411,1411,711.4764150943396,29,0,1000000,3000,4
813838,813838,3255352,6042,121,484,582.0,0.0,582.0,663,663,393.09090909090907,14,0,1000000,3000,4
814019,814019,3256076,6043,181,724,1035.0,0.0,1035.0,1126,1126,573.1767955801105,23,0,1000000,3000,4
814185,814185,3256740,6044,166,664,634.0,0.0,634.0,722,723,486.4759036144578,15,0,1000000,3000,4
814221,814221,3256884,6045,36,144,245.0,0.0,245.0,310,310,147.27777777777777,7,0,1000000,3000,4
814481,814481,3257924,6046,260,1040,1023.0,0.0,1023.0,1130,1130,657.0423076923076,23,0,1000000,3000,4
814520,814520,3258080,6047,39,156,242.0,0.0,242.0,305,305,155.6153846153846,7,0,1000000,3000,4
814722,814722,3258888,6048,202,808,754.0,0.0,754.0,851,851,533.7821782178218,18,0,1000000,3000,4
814896,814896,3259584,6049,174,696,1038.0,0.0,1038.0,1128,1128,592.0862068965517,23,0,1000000,3000,4
815165,815165,3260660,6050,269,1076,1307.0,0.0,1307.0,1416,1416,682.2713754646841,29,0,1000000,3000,4
815282,815282,3261128,6051,117,468,598.0,0.0,598.0,678,678,377.5128205128205,14,0,1000000,3000,4
815317,815317,3261268,6052,35,140,248.0,0.0,248.0,313,313,141.77142857142857,7,0,1000000,3000,4
815554,815554,3262216,6053,237,948,796.0,0.0,796.0,898,899,665.2700421940929,18,0,1000000,3000,4
815709,815709,3262836,6054,155,620,775.0,0.0,775.0,863,863,535.2451612903226,18,0,1000000,3000,4
815745,815745,3262980,6055,36,144,235.0,0.0,235.0,299,299,173.41666666666666,6,0,1000000,3000,4
815781,815781,3263124,6056,36,144,230.0,0.0,230.0,294,294,177.47222222222223,6,0,1000000,3000,4
815886,815886,3263544,6057,105,420,615.0,0.0,615.0,691,691,374.2761904761905,14,0,1000000,3000,4
816133,816133,3264532,6058,247,988,1022.0,0.0,1022.0,1126,1126,669.4331983805668,23,0,1000000,3000,4
816163,816163,3264652,6059,30,120,241.0,0.0,241.0,305,305,163.16666666666666,7,0,1000000,3000,4
816194,816194,3264776,6060,31,124,244.0,0.0,244.0,307,307,153.6451612903226,7,0,1000000,3000,4
816230,816230,3264920,6061,36,144,237.0,0.0,237.0,302,302,162.80555555555554,7,0,1000000,3000,4
816299,816299,3265196,6062,69,276,623.0,0.0,623.0,692,692,361.30434782608694,14,0,1000000,3000,4
816478,816478,3265912,6063,179,716,1034.0,0.0,1034.0,1125,1125,665.0391061452514,23,0,1000000,3000,4
816650,816650,3266600,6064,172,688,1326.0,0.0,1326.0,1415,1415,748.9360465116279,29,0,1000000,3000,4
816687,816687,3266748,6065,37,148,232.0,0.0,232.0,296,296,169.48648648648648,6,0,1000000,3000,4
816728,816728,3266912,6066,41,164,226.0,0.0,226.0,292,292,166.46341463414635,6,0,1000000,3000,4
816762,816762,3267048,6067,34,136,244.0,0.0,244.0,307,307,163.08823529411765,7,0,1000000,3000,4
816963,816963,3267852,6068,201,804,1032.0,0.0,1032.0,1128,1128,608.6865671641791,23,0,1000000,3000,4
817102,817102,3268408,6069,139,556,1064.0,0.0,1064.0,1149,1149,553.2805755395683,23,0,1000000,3000,4
817321,817321,3269284,6070,219,876,1415.0,0.0,1415.0,1514,1514,771.1187214611872,31,0,1000000,3000,4
817363,817363,3269452,6071,42,168,229.0,0.0,229.0,294,294,158.52380952380952,6,0,1000000,3000,4
817401,817401,3269604,6072,38,152,245.0,0.0,245.0,310,310,138.55263157894737,7,0,1000000,3000,4
817578,817578,3270312,6073,177,708,1033.0,0.0,1033.0,1123,1123,587.8531073446328,23,0,1000000,3000,4
817615,817615,3270460,6074,37,148,236.0,0.0,236.0,301,301,149.2972972972973,7,0,1000000,3000,4
817852,817852,3271408,6075,237,948,709.0,0.0,709.0,813,813,585.6877637130801,17,0,1000000,3000,4
817995,817995,3271980,6076,143,572,724.0,0.0,724.0,808,808,468.97902097902096,17,0,1000000,3000,4
818167,818167,3272668,6077,172,688,809.0,0.0,809.0,898,898,618.5813953488372,18,0,1000000,3000,4
818257,818257,3273028,6078,90,360,624.0,0.0,624.0,699,699,387.25555555555553,14,0,1000000,3000,4
818293,818293,3273172,6079,36,144,241.0,0.0,241.0,306,306,155.86111111111111,7,0,1000000,3000,4
818409,818409,3273636,6080,116,464,742.0,0.0,742.0,822,822,489.4051724137931,17,0,1000000,3000,4
818439,818439,3273756,6081,30,120,247.0,0.0,247.0,310,310,155.3,7,0,1000000,3000,4
818473,818473,3273892,6082,34,136,231.0,0.0,231.0,295,295,170.61764705882354,6,0,1000000,3000,4
818514,818514,3274056,6083,41,164,229.0,0.0,229.0,294,294,161.2439024390244,6,0,1000000,3000,4
818857,818857,3275428,6084,343,1372,1005.0,0.0,1005.0,1130,1130,776.6384839650145,23,0,1000000,3000,4
818965,818965,3275860,6085,108,432,738.0,0.0,738.0,816,816,518.3055555555555,17,0,1000000,3000,4
819269,819269,3277076,6086,304,1216,1314.0,0.0,1314.0,1432,1432,768.9934210526316,29,0,1000000,3000,4
819303,819303,3277212,6087,34,136,246.0,0.0,246.0,310,310,155.47058823529412,7,0,1000000,3000,4
819402,819402,3277608,6088,99,396,628.0,0.0,628.0,705,705,360.4646464646465,15,0,1000000,3000,4
819486,819486,3277944,6089,84,336,651.0,0.0,651.0,722,722,380.9166666666667,15,0,1000000,3000,4
819649,819649,3278596,6090,163,652,1036.0,0.0,1036.0,1124,1124,611.2453987730062,23,0,1000000,3000,4
819693,819693,3278772,6091,44,176,223.0,0.0,223.0,288,288,163.27272727272728,6,0,1000000,3000,4
819834,819834,3279336,6092,141,564,754.0,0.0,754.0,839,839,521.8510638297872,17,0,1000000,3000,4
820130,820130,3280520,6093,296,1184,1322.0,0.0,1322.0,1439,1439,704.3243243243244,29,0,1000000,3000,4
820166,820166,3280664,6094,36,144,240.0,0.0,240.0,303,303,162.94444444444446,7,0,1000000,3000,4
820249,820249,3280996,6095,83,332,610.0,0.0,610.0,684,684,328.51807228915663,14,0,1000000,3000,4
820420,820420,3281680,6096,171,684,809.0,0.0,809.0,898,898,551.1345029239766,18,0,1000000,3000,4
820738,820738,3282952,6097,318,1272,1008.0,0.0,1008.0,1126,1126,705.7924528301887,23,0,1000000,3000,4
820914,820914,3283656,6098,176,704,1328.0,0.0,1328.0,1421,1421,727.1079545454545,29,0,1000000,3000,4
820954,820954,3283816,6099,40,160,234.0,0.0,234.0,298,298,165.325,6,0,1000000,3000,4
820990,820990,3283960,6100,36,144,237.0,0.0,237.0,301,301,152.91666666666666,7,0,1000000,3000,4
821186,821186,3284744,6101,196,784,1032.0,0.0,1032.0,1127,1127,717.2142857142857,23,0,1000000,3000,4
821441,821441,3285764,6102,255,1020,1917.0,0.0,1917.0,2024,2024,954.7254901960785,41,0,1000000,3000,4
821682,821682,3286728,6103,241,964,1327.0,0.0,1327.0,1433,1433,738.8713692946058,29,0,1000000,3000,4
821718,821718,3286872,6104,36,144,238.0,0.0,238.0,301,301,153.5,7,0,1000000,3000,4
821912,821912,3287648,6105,194,776,1034.0,0.0,1034.0,1128,1128,603.5257731958762,23,0,1000000,3000,4
822124,822124,3288496,6106,212,848,1029.0,0.0,1029.0,1126,1126,609.1320754716982,23,0,1000000,3000,4
822156,822156,3288624,6107,32,128,244.0,0.0,244.0,307,307,158.09375,7,0,1000000,3000,4
822247,822247,3288988,6108,91,364,631.0,0.0,631.0,707,707,384.04395604395603,15,0,1000000,3000,4
822471,822471,3289884,6109,224,896,1334.0,0.0,1334.0,1436,1436,732.7991071428571,29,0,1000000,3000,4
822583,822583,3290332,6110,112,448,584.0,0.0,584.0,663,663,409.91964285714283,14,0,1000000,3000,4
822626,822626,3290504,6111,43,172,227.0,0.0,227.0,292,292,163.95348837209303,6,0,1000000,3000,4
822724,822724,3290896,6112,98,392,613.0,0.0,613.0,690,690,345.09183673469386,14,0,1000000,3000,4
822806,822806,3291224,6113,82,328,632.0,0.0,632.0,705,705,371.7073170731707,15,0,1000000,3000,4
823003,823003,3292012,6114,197,788,1034.0,0.0,1034.0,1129,1129,653.3451776649746,23,0,1000000,3000,4
823036,823036,3292144,6115,33,132,240.0,0.0,240.0,303,303,165.96969696969697,7,0,1000000,3000,4
823114,823114,3292456,6116,78,312,620.0,0.0,620.0,693,693,349.78205128205127,14,0,1000000,3000,4
823187,823187,3292748,6117,73,292,603.0,0.0,603.0,675,675,318.8082191780822,14,0,1000000,3000,4
823384,823384,3293536,6118,197,788,1033.0,0.0,1033.0,1128,1128,613.9340101522843,23,0,1000000,3000,4
823472,823472,3293888,6119,88,352,631.0,0.0,631.0,706,706,374.17045454545456,15,0,1000000,3000,4
823510,823510,3294040,6120,38,152,244.0,0.0,244.0,308,308,148.73684210526315,7,0,1000000,3000,4
823541,823541,3294164,6121,31,124,245.0,0.0,245.0,309,309,154.06451612903226,7,0,1000000,3000,4
823630,823630,3294520,6122,89,356,628.0,0.0,628.0,703,703,391.69662921348316,15,0,1000000,3000,4
823667,823667,3294668,6123,37,148,241.0,0.0,241.0,306,306,153.97297297297297,7,0,1000000,3000,4
823810,823810,3295240,6124,143,572,1350.0,0.0,1350.0,1436,1436,757.3286713286714,29,0,1000000,3000,4
823840,823840,3295360,6125,30,120,252.0,0.0,252.0,315,315,158.2,7,0,1000000,3000,4
823990,823990,3295960,6126,150,600,1045.0,0.0,1045.0,1130,1130,586.8933333333333,23,0,1000000,3000,4
824076,824076,3296304,6127,86,344,650.0,0.0,650.0,722,722,361.56976744186045,15,0,1000000,3000,4
824107,824107,3296428,6128,31,124,246.0,0.0,246.0,308,308,156.5483870967742,7,0,1000000,3000,4
824208,824208,3296832,6129,101,404,632.0,0.0,632.0,710,710,379.65346534653463,15,0,1000000,3000,4
824241,824241,3296964,6130,33,132,246.0,0.0,246.0,310,310,143.9090909090909,7,0,1000000,3000,4
824387,824387,3297548,6131,146,584,1346.0,0.0,1346.0,1433,1433,712.4794520547945,29,0,1000000,3000,4
824423,824423,3297692,6132,36,144,248.0,0.0,248.0,313,313,151.52777777777777,7,0,1000000,3000,4
824455,824455,3297820,6133,32,128,250.0,0.0,250.0,314,314,150.125,7,0,1000000,3000,4
824488,824488,3297952,6134,33,132,248.0,0.0,248.0,312,312,147.9090909090909,7,0,1000000,3000,4
824610,824610,3298440,6135,122,488,1046.0,0.0,1046.0,1125,1125,565.9754098360655,23,0,1000000,3000,4
824707,824707,3298828,6136,97,388,611.0,0.0,611.0,688,688,388.7628865979381,14,0,1000000,3000,4
824777,824777,3299108,6137,70,280,630.0,0.0,630.0,701,701,367.0857142857143,15,0,1000000,3000,4
824942,824942,3299768,6138,165,660,758.0,0.0,758.0,848,848,540.6181818181818,17,0,1000000,3000,4
825115,825115,3300460,6139,173,692,1038.0,0.0,1038.0,1128,1128,620.7283236994219,23,0,1000000,3000,4
825302,825302,3301208,6140,187,748,1339.0,0.0,1339.0,1434,1434,735.5347593582887,29,0,1000000,3000,4
825390,825390,3301560,6141,88,352,616.0,0.0,616.0,691,691,391.8636363636364,14,0,1000000,3000,4
825433,825433,3301732,6142,43,172,224.0,0.0,224.0,289,289,164.62790697674419,6,0,1000000,3000,4
825629,825629,3302516,6143,196,784,1043.0,0.0,1043.0,1138,1138,627.1275510204082,23,0,1000000,3000,4
825716,825716,3302864,6144,87,348,622.0,0.0,622.0,697,697,381.2988505747126,14,0,1000000,3000,4
825867,825867,3303468,6145,151,604,813.0,0.0,813.0,898,898,570.7086092715232,18,0,1000000,3000,4
825908,825908,3303632,6146,41,164,231.0,0.0,231.0,296,296,158.21951219512195,6,0,1000000,3000,4
825949,825949,3303796,6147,41,164,232.0,0.0,232.0,297,297,158.6829268292683,6,0,1000000,3000,4
826056,826056,3304224,6148,107,428,597.0,0.0,597.0,674,674,385.76635514018693,14,0,1000000,3000,4
826214,826214,3304856,6149,158,632,636.0,0.0,636.0,722,722,463.56962025316454,15,0,1000000,3000,4
826329,826329,3305316,6150,115,460,582.0,0.0,582.0,662,662,392.5304347826087,14,0,1000000,3000,4
826416,826416,3305664,6151,87,348,625.0,0.0,625.0,700,700,373.17241379310343,15,0,1000000,3000,4
826636,826636,3306544,6152,220,880,1029.0,0.0,1029.0,1129,1129,598.0045454545455,23,0,1000000,3000,4
826672,826672,3306688,6153,36,144,245.0,0.0,245.0,310,310,148.33333333333334,7,0,1000000,3000,4
827024,827024,3308096,6154,352,1408,1283.0,0.0,1283.0,1410,1410,749.4375,29,0,1000000,3000,4
827069,827069,3308276,6155,45,180,223.0,0.0,223.0,287,287,164.13333333333333,6,0,1000000,3000,4
827160,827160,3308640,6156,91,364,624.0,0.0,624.0,700,700,341.34065934065933,15,0,1000000,3000,4
827329,827329,3309316,6157,169,676,779.0,0.0,779.0,869,869,534.1005917159763,18,0,1000000,3000,4
827368,827368,3309472,6158,39,156,231.0,0.0,231.0,295,295,163.84615384615384,6,0,1000000,3000,4
827549,827549,3310196,6159,181,724,1321.0,0.0,1321.0,1412,1412,711.8232044198895,29,0,1000000,3000,4
827664,827664,3310656,6160,115,460,604.0,0.0,604.0,684,684,374.3478260869565,14,0,1000000,3000,4
827698,827698,3310792,6161,34,136,248.0,0.0,248.0,312,312,153.5,7,0,1000000,3000,4
827739,827739,3310956,6162,41,164,229.0,0.0,229.0,294,294,159.5121951219512,6,0,1000000,3000,4
827781,827781,3311124,6163,42,168,232.0,0.0,232.0,298,298,149.97619047619048,6,0,1000000,3000,4
827826,827826,3311304,6164,45,180,232.0,0.0,232.0,297,297,149.77777777777777,6,0,1000000,3000,4
827970,827970,3311880,6165,144,576,639.0,0.0,639.0,722,723,499.43055555555554,15,0,1000000,3000,4
828009,828009,3312036,6166,39,156,240.0,0.0,240.0,304,304,151.23076923076923,7,0,1000000,3000,4
828261,828261,3313044,6167,252,1008,1019.0,0.0,1019.0,1125,1125,688.5595238095239,23,0,1000000,3000,4
828392,828392,3313568,6168,131,524,1055.0,0.0,1055.0,1138,1138,615.4503816793894,23,0,1000000,3000,4
828674,828674,3314696,6169,282,1128,1296.0,0.0,1296.0,1409,1409,764.0070921985815,29,0,1000000,3000,4
829079,829079,3316316,6170,405,1620,2334.0,0.0,2334.0,2470,2470,1309.535802469136,50,0,1000000,3000,4
829246,829246,3316984,6171,167,668,1047.0,0.0,1047.0,1137,1137,648.7065868263473,23,0,1000000,3000,4
829337,829337,3317348,6172,91,364,619.0,0.0,619.0,695,695,345.8241758241758,14,0,1000000,3000,4
829428,829428,3317712,6173,91,364,618.0,0.0,618.0,694,694,336.5824175824176,14,0,1000000,3000,4
829463,829463,3317852,6174,35,140,234.0,0.0,234.0,298,298,165.6,6,0,1000000,3000,4
829589,829589,3318356,6175,126,504,748.0,0.0,748.0,830,830,506.6507936507937,17,0,1000000,3000,4
829633,829633,3318532,6176,44,176,232.0,0.0,232.0,298,298,149.75,6,0,1000000,3000,4
829670,829670,3318680,6177,37,148,237.0,0.0,237.0,301,301,164.48648648648648,7,0,1000000,3000,4
829713,829713,3318852,6178,43,172,216.0,0.0,216.0,280,280,175.11627906976744,6,0,1000000,3000,4
829802,829802,3319208,6179,89,356,621.0,0.0,621.0,695,695,347.3707865168539,14,0,1000000,3000,4
830045,830045,3320180,6180,243,972,1310.0,0.0,1310.0,1414,1414,718.0288065843621,29,0,1000000,3000,4
830124,830124,3320496,6181,79,316,617.0,0.0,617.0,690,690,326.1645569620253,14,0,1000000,3000,4
830159,830159,3320636,6182,35,140,247.0,0.0,247.0,310,310,148.5142857142857,7,0,1000000,3000,4
830252,830252,3321008,6183,93,372,604.0,0.0,604.0,680,680,338.1290322580645,14,0,1000000,3000,4
830443,830443,3321772,6184,191,764,739.0,0.0,739.0,835,835,544.6125654450262,17,0,1000000,3000,4
830630,830630,3322520,6185,187,748,1322.0,0.0,1322.0,1415,1415,705.7433155080214,29,0,1000000,3000,4
830662,830662,3322648,6186,32,128,251.0,0.0,251.0,314,314,156.375,7,0,1000000,3000,4
830805,830805,3323220,6187,143,572,736.0,0.0,736.0,821,821,506.2237762237762,17,0,1000000,3000,4
830901,830901,3323604,6188,96,384,608.0,0.0,608.0,685,685,398.21875,14,0,1000000,3000,4
831061,831061,3324244,6189,160,640,1040.0,0.0,1040.0,1127,1127,575.0375,23,0,1000000,3000,4
831094,831094,3324376,6190,33,132,243.0,0.0,243.0,306,306,162.45454545454547,7,0,1000000,3000,4
831310,831310,3325240,6191,216,864,1314.0,0.0,1314.0,1412,1412,755.2685185185185,29,0,1000000,3000,4
831344,831344,3325376,6192,34,136,236.0,0.0,236.0,298,298,171.41176470588235,6,0,1000000,3000,4
831467,831467,3325868,6193,123,492,715.0,0.0,715.0,796,796,507.2764227642276,16,0,1000000,3000,4
831657,831657,3326628,6194,190,760,1319.0,0.0,1319.0,1411,1411,756.6842105263158,29,0,1000000,3000,4
831733,831733,3326932,6195,76,304,612.0,0.0,612.0,685,685,353.6842105263158,14,0,1000000,3000,4
831924,831924,3327696,6196,191,764,1029.0,0.0,1029.0,1122,1122,622.6439790575917,23,0,1000000,3000,4
832089,832089,3328356,6197,165,660,1040.0,0.0,1040.0,1127,1127,588.4121212121212,23,0,1000000,3000,4
832568,832568,3330272,6198,479,1916,2602.0,0.0,2602.0,2755,2755,1492.8538622129436,56,0,1000000,3000,4
832600,832600,3330400,6199,32,128,250.0,0.0,250.0,313,313,149.21875,7,0,1000000,3000,4
832697,832697,3330788,6200,97,388,607.0,0.0,607.0,684,684,395.2061855670103,14,0,1000000,3000,4
832775,832775,3331100,6201,78,312,603.0,0.0,603.0,676,676,299.62820512820514,14,0,1000000,3000,4
832989,832989,3331956,6202,214,856,1309.0,0.0,1309.0,1408,1408,755.6588785046729,29,0,1000000,3000,4
833130,833130,3332520,6203,141,564,741.0,0.0,741.0,826,826,518.0,17,0,1000000,3000,4
833235,833235,3332940,6204,105,420,605.0,0.0,605.0,684,684,405.46666666666664,14,0,1000000,3000,4
833312,833312,3333248,6205,77,308,652.0,0.0,652.0,722,722,366.46753246753246,15,0,1000000,3000,4
833428,833428,3333712,6206,116,464,589.0,0.0,589.0,669,669,379.07758620689657,14,0,1000000,3000,4
833460,833460,3333840,6207,32,128,244.0,0.0,244.0,308,308,149.90625,7,0,1000000,3000,4
833489,833489,3333956,6208,29,116,249.0,0.0,249.0,311,311,160.93103448275863,7,0,1000000,3000,4
833622,833622,3334488,6209,133,532,1066.0,0.0,1066.0,1150,1150,569.1278195488721,24,0,1000000,3000,4
833706,833706,3334824,6210,84,336,633.0,0.0,633.0,705,705,384.89285714285717,15,0,1000000,3000,4
833766,833766,3335064,6211,60,240,608.0,0.0,608.0,677,677,330.3,14,0,1000000,3000,4
833941,833941,3335764,6212,175,700,809.0,0.0,809.0,898,899,578.7257142857143,18,0,1000000,3000,4
833973,833973,3335892,6213,32,128,242.0,0.0,242.0,305,305,162.78125,7,0,1000000,3000,4
834254,834254,3337016,6214,281,1124,1037.0,0.0,1037.0,1151,1151,668.2597864768683,24,0,1000000,3000,4
834352,834352,3337408,6215,98,392,624.0,0.0,624.0,701,701,353.92857142857144,15,0,1000000,3000,4
834427,834427,3337708,6216,75,300,618.0,0.0,618.0,690,690,334.37333333333333,14,0,1000000,3000,4
834469,834469,3337876,6217,42,168,231.0,0.0,231.0,295,295,161.07142857142858,6,0,1000000,3000,4
834794,834794,3339176,6218,325,1300,1818.0,0.0,1818.0,1939,1939,970.1446153846153,39,0,1000000,3000,4
834953,834953,3339812,6219,159,636,1064.0,0.0,1064.0,1153,1153,625.8364779874214,24,0,1000000,3000,4
835174,835174,3340696,6220,221,884,1333.0,0.0,1333.0,1435,1435,727.7828054298642,29,0,1000000,3000,4
835267,835267,3341068,6221,93,372,624.0,0.0,624.0,700,700,379.4516129032258,15,0,1000000,3000,4
835464,835464,3341856,6222,197,788,1042.0,0.0,1042.0,1138,1138,619.253807106599,23,0,1000000,3000,4
835575,835575,3342300,6223,111,444,626.0,0.0,626.0,705,705,358.1801801801802,15,0,1000000,3000,4
835753,835753,3343012,6224,178,712,721.0,0.0,721.0,812,812,481.2752808988764,17,0,1000000,3000,4
835851,835851,3343404,6225,98,392,625.0,0.0,625.0,701,701,373.3265306122449,15,0,1000000,3000,4
835999,835999,3343996,6226,148,592,1040.0,0.0,1040.0,1125,1125,562.168918918919,23,0,1000000,3000,4
836099,836099,3344396,6227,100,400,614.0,0.0,614.0,691,691,332.32,14,0,1000000,3000,4
836141,836141,3344564,6228,42,168,231.0,0.0,231.0,295,295,155.42857142857142,6,0,1000000,3000,4
836309,836309,3345236,6229,168,672,1037.0,0.0,1037.0,1125,1125,597.0416666666666,23,0,1000000,3000,4
836341,836341,3345364,6230,32,128,249.0,0.0,249.0,313,313,149.28125,7,0,1000000,3000,4
836385,836385,3345540,6231,44,176,233.0,0.0,233.0,299,299,146.61363636363637,6,0,1000000,3000,4
836421,836421,3345684,6232,36,144,240.0,0.0,240.0,304,304,156.19444444444446,7,0,1000000,3000,4
836619,836619,3346476,6233,198,792,1322.0,0.0,1322.0,1418,1418,639.0505050505051,29,0,1000000,3000,4
836656,836656,3346624,6234,37,148,244.0,0.0,244.0,308,308,144.8918918918919,7,0,1000000,3000,4
836844,836844,3347376,6235,188,752,1043.0,0.0,1043.0,1136,1136,626.0,23,0,1000000,3000,4
837045,837045,3348180,6236,201,804,1042.0,0.0,1042.0,1139,1139,590.6169154228855,23,0,1000000,3000,4
837166,837166,3348664,6237,121,484,614.0,0.0,614.0,696,696,373.6115702479339,14,0,1000000,3000,4
837453,837453,3349812,6238,287,1148,749.0,0.0,749.0,863,863,568.6480836236934,18,0,1000000,3000,4
837557,837557,3350228,6239,104,416,632.0,0.0,632.0,709,709,352.125,15,0,1000000,3000,4
837607,837607,3350428,6240,50,200,205.0,0.0,205.0,271,271,172.26,6,0,1000000,3000,4
837765,837765,3351060,6241,158,632,712.0,0.0,712.0,800,800,472.4493670886076,17,0,1000000,3000,4
837929,837929,3351716,6242,164,656,593.0,0.0,593.0,683,683,433.6951219512195,14,0,1000000,3000,4
838138,838138,3352552,6243,209,836,1027.0,0.0,1027.0,1123,1123,645.2535885167464,23,0,1000000,3000,4
838180,838180,3352720,6244,42,168,230.0,0.0,230.0,295,295,156.42857142857142,6,0,1000000,3000,4
838274,838274,3353096,6245,94,376,607.0,0.0,607.0,683,683,388.968085106383,14,0,1000000,3000,4
838440,838440,3353760,6246,166,664,1034.0,0.0,1034.0,1122,1123,594.1144578313254,23,0,1000000,3000,4
838555,838555,3354220,6247,115,460,616.0,0.0,616.0,695,695,357.75652173913045,14,0,1000000,3000,4
838720,838720,3354880,6248,165,660,811.0,0.0,811.0,898,899,575.0545454545454,18,0,1000000,3000,4
838848,838848,3355392,6249,128,512,585.0,0.0,585.0,666,666,373.8046875,14,0,1000000,3000,4
839081,839081,3356324,6250,233,932,1322.0,0.0,1322.0,1426,1426,655.2575107296137,29,0,1000000,3000,4
839180,839180,3356720,6251,99,396,633.0,0.0,633.0,710,710,372.8181818181818,15,0,1000000,3000,4
839420,839420,3357680,6252,240,960,796.0,0.0,796.0,898,898,520.225,18,0,1000000,3000,4
839622,839622,3358488,6253,202,808,1331.0,0.0,1331.0,1428,1428,767.3960396039604,29,0,1000000,3000,4
839755,839755,3359020,6254,133,532,719.0,0.0,719.0,802,802,451.38345864661653,17,0,1000000,3000,4
839954,839954,3359816,6255,199,796,804.0,0.0,804.0,898,898,555.1758793969849,18,0,1000000,3000,4
840003,840003,3360012,6256,49,196,228.0,0.0,228.0,293,293,147.6326530612245,6,0,1000000,3000,4
840363,840363,3361452,6257,360,1440,1305.0,0.0,1305.0,1434,1434,749.9138888888889,29,0,1000000,3000,4
840686,840686,3362744,6258,323,1292,1895.0,0.0,1895.0,2017,2017,924.3653250773993,41,0,1000000,3000,4
840728,840728,3362912,6259,42,168,223.0,0.0,223.0,288,288,165.0952380952381,6,0,1000000,3000,4
840919,840919,3363676,6260,191,764,629.0,0.0,629.0,722,722,455.9005235602094,15,0,1000000,3000,4
841026,841026,3364104,6261,107,428,621.0,0.0,621.0,700,700,289.30841121495325,15,0,1000000,3000,4
841188,841188,3364752,6262,162,648,635.0,0.0,635.0,722,722,475.962962962963,15,0,1000000,3000,4
841402,841402,3365608,6263,214,856,1038.0,0.0,1038.0,1137,1137,609.0233644859813,23,0,1000000,3000,4
841633,841633,3366532,6264,231,924,1022.0,0.0,1022.0,1124,1124,578.5497835497836,23,0,1000000,3000,4
841905,841905,3367620,6265,272,1088,1013.0,0.0,1013.0,1124,1124,574.9191176470588,23,0,1000000,3000,4
841983,841983,3367932,6266,78,312,624.0,0.0,624.0,697,697,326.64102564102564,14,0,1000000,3000,4
842026,842026,3368104,6267,43,172,231.0,0.0,231.0,296,296,158.13953488372093,6,0,1000000,3000,4
842196,842196,3368784,6268,170,680,809.0,0.0,809.0,898,898,546.9235294117647,18,0,1000000,3000,4
842299,842299,3369196,6269,103,412,617.0,0.0,617.0,695,695,368.00970873786406,14,0,1000000,3000,4
842420,842420,3369680,6270,121,484,727.0,0.0,727.0,809,809,389.46280991735534,17,0,1000000,3000,4
842518,842518,3370072,6271,98,392,627.0,0.0,627.0,703,703,359.5204081632653,15,0,1000000,3000,4
842664,842664,3370656,6272,146,584,756.0,0.0,756.0,841,841,511.1506849315069,17,0,1000000,3000,4
842702,842702,3370808,6273,38,152,245.0,0.0,245.0,310,310,140.02631578947367,7,0,1000000,3000,4
842905,842905,3371620,6274,203,812,1035.0,0.0,1035.0,1132,1132,633.1871921182266,23,0,1000000,3000,4
843151,843151,3372604,6275,246,984,1328.0,0.0,1328.0,1435,1435,651.8252032520326,29,0,1000000,3000,4
843416,843416,3373664,6276,265,1060,1300.0,0.0,1300.0,1409,1409,668.4188679245283,29,0,1000000,3000,4
843463,843463,3373852,6277,47,188,219.0,0.0,219.0,284,284,163.4468085106383,6,0,1000000,3000,4
843655,843655,3374620,6278,192,768,805.0,0.0,805.0,898,898,485.1927083333333,18,0,1000000,3000,4
843805,843805,3375220,6279,150,600,726.0,0.0,726.0,812,812,501.88,17,0,1000000,3000,4
844045,844045,3376180,6280,240,960,1299.0,0.0,1299.0,1404,1404,725.5916666666667,29,0,1000000,3000,4
844153,844153,3376612,6281,108,432,626.0,0.0,626.0,704,704,335.5,15,0,1000000,3000,4
844455,844455,3377820,6282,302,1208,1290.0,0.0,1290.0,1406,1406,696.3543046357615,29,0,1000000,3000,4
844635,844635,3378540,6283,180,720,807.0,0.0,807.0,898,899,539.1388888888889,18,0,1000000,3000,4
844772,844772,3379088,6284,137,548,619.0,0.0,619.0,703,703,321.3065693430657,15,0,1000000,3000,4
844896,844896,3379584,6285,124,496,621.0,0.0,621.0,703,703,346.73387096774195,15,0,1000000,3000,4
844945,844945,3379780,6286,49,196,229.0,0.0,229.0,294,294,139.3469387755102,6,0,1000000,3000,4
845164,845164,3380656,6287,219,876,1029.0,0.0,1029.0,1128,1128,562.0228310502283,23,0,1000000,3000,4
845364,845364,3381456,6288,200,800,1338.0,0.0,1338.0,1435,1435,630.35,29,0,1000000,3000,4
845395,845395,3381580,6289,31,124,246.0,0.0,246.0,310,310,146.51612903225808,7,0,1000000,3000,4
845431,845431,3381724,6290,36,144,243.0,0.0,243.0,306,306,150.5,7,0,1000000,3000,4
845476,845476,3381904,6291,45,180,227.0,0.0,227.0,291,291,164.88888888888889,6,0,1000000,3000,4
845554,845554,3382216,6292,78,312,621.0,0.0,621.0,694,694,346.96153846153845,14,0,1000000,3000,4
845758,845758,3383032,6293,204,816,1320.0,0.0,1320.0,1416,1416,646.6470588235294,29,0,1000000,3000,4
845875,845875,3383500,6294,117,468,597.0,0.0,597.0,678,678,363.34188034188037,14,0,1000000,3000,4
845906,845906,3383624,6295,31,124,243.0,0.0,243.0,306,306,155.90322580645162,7,0,1000000,3000,4
846032,846032,3384128,6296,126,504,625.0,0.0,625.0,707,707,354.62698412698415,15,0,1000000,3000,4
846172,846172,3384688,6297,140,560,1052.0,0.0,1052.0,1136,1136,563.2357142857143,23,0,1000000,3000,4
846258,846258,3385032,6298,86,344,622.0,0.0,622.0,697,697,385.4767441860465,14,0,1000000,3000,4
846432,846432,3385728,6299,174,696,1036.0,0.0,1036.0,1125,1125,587.5977011494252,23,0,1000000,3000,4
846468,846468,3385872,6300,36,144,241.0,0.0,241.0,305,305,153.97222222222223,7,0,1000000,3000,4
846625,846625,3386500,6301,157,628,794.0,0.0,794.0,883,883,517.1273885350319,18,0,1000000,3000,4
846707,846707,3386828,6302,82,328,624.0,0.0,624.0,698,698,334.7560975609756,14,0,1000000,3000,4
846794,846794,3387176,6303,87,348,638.0,0.0,638.0,712,712,395.735632183908,15,0,1000000,3000,4
846836,846836,3387344,6304,42,168,229.0,0.0,229.0,294,294,162.26190476190476,6,0,1000000,3000,4
846872,846872,3387488,6305,36,144,251.0,0.0,251.0,316,316,147.25,7,0,1000000,3000,4
847045,847045,3388180,6306,173,692,1045.0,0.0,1045.0,1136,1136,548.0867052023121,23,0,1000000,3000,4
847137,847137,3388548,6307,92,368,618.0,0.0,618.0,693,693,338.0326086956522,14,0,1000000,3000,4
847213,847213,3388852,6308,76,304,614.0,0.0,614.0,686,686,357.5394736842105,14,0,1000000,3000,4
847427,847427,3389708,6309,214,856,1329.0,0.0,1329.0,1429,1429,706.8457943925233,29,0,1000000,3000,4
847604,847604,3390416,6310,177,708,1433.0,0.0,1433.0,1526,1526,739.0,31,0,1000000,3000,4
847675,847675,3390700,6311,71,284,608.0,0.0,608.0,679,679,338.0422535211268,14,0,1000000,3000,4
847879,847879,3391516,6312,204,816,1315.0,0.0,1315.0,1410,1410,729.2696078431372,29,0,1000000,3000,4
848062,848062,3392248,6313,183,732,807.0,0.0,807.0,898,899,561.5245901639345,18,0,1000000,3000,4
848264,848264,3393056,6314,202,808,1337.0,0.0,1337.0,1435,1435,713.8465346534654,29,0,1000000,3000,4
848551,848551,3394204,6315,287,1148,1025.0,0.0,1025.0,1139,1139,689.6689895470383,23,0,1000000,3000,4
848754,848754,3395016,6316,203,812,1033.0,0.0,1033.0,1129,1129,595.5911330049261,23,0,1000000,3000,4
848798,848798,3395192,6317,44,176,223.0,0.0,223.0,287,287,164.9318181818182,6,0,1000000,3000,4
848875,848875,3395500,6318,77,308,615.0,0.0,615.0,687,687,330.42857142857144,14,0,1000000,3000,4
848971,848971,3395884,6319,96,384,606.0,0.0,606.0,683,683,404.6458333333333,14,0,1000000,3000,4
849082,849082,3396328,6320,111,444,603.0,0.0,603.0,682,682,313.22522522522524,14,0,1000000,3000,4
849119,849119,3396476,6321,37,148,241.0,0.0,241.0,305,305,148.02702702702703,7,0,1000000,3000,4
849183,849183,3396732,6322,64,256,609.0,0.0,609.0,679,679,324.234375,14,0,1000000,3000,4
849436,849436,3397744,6323,253,1012,1308.0,0.0,1308.0,1414,1414,663.1541501976285,29,0,1000000,3000,4
849679,849679,3398716,6324,243,972,1907.0,0.0,1907.0,2013,2013,1086.3497942386832,41,0,1000000,3000,4
849720,849720,3398880,6325,41,164,231.0,0.0,231.0,296,296,162.5609756097561,6,0,1000000,3000,4
849753,849753,3399012,6326,33,132,250.0,0.0,250.0,314,314,148.3939393939394,7,0,1000000,3000,4
849852,849852,3399408,6327,99,396,598.0,0.0,598.0,674,674,400.1818181818182,14,0,1000000,3000,4
850016,850016,3400064,6328,164,656,811.0,0.0,811.0,898,899,561.359756097561,18,0,1000000,3000,4
850097,850097,3400388,6329,81,324,634.0,0.0,634.0,707,707,382.9382716049383,15,0,1000000,3000,4
850129,850129,3400516,6330,32,128,247.0,0.0,247.0,311,311,141.34375,7,0,1000000,3000,4
850195,850195,3400780,6331,66,264,614.0,0.0,614.0,685,685,333.6818181818182,14,0,1000000,3000,4
850236,850236,3400944,6332,41,164,235.0,0.0,235.0,301,301,147.0,7,0,1000000,3000,4
850325,850325,3401300,6333,89,356,609.0,0.0,609.0,683,683,331.4943820224719,14,0,1000000,3000,4
850529,850529,3402116,6334,204,816,1339.0,0.0,1339.0,1437,1437,708.2892156862745,29,0,1000000,3000,4
850621,850621,3402484,6335,92,368,620.0,0.0,620.0,696,696,335.3804347826087,14,0,1000000,3000,4
850658,850658,3402632,6336,37,148,244.0,0.0,244.0,308,308,149.21621621621622,7,0,1000000,3000,4
850991,850991,3403964,6337,333,1332,1006.0,0.0,1006.0,1127,1127,656.0990990990991,23,0,1000000,3000,4
851076,851076,3404304,6338,85,340,615.0,0.0,615.0,689,689,365.6,14,0,1000000,3000,4
851222,851222,3404888,6339,146,584,1042.0,0.0,1042.0,1127,1127,593.9109589041096,23,0,1000000,3000,4
851310,851310,3405240,6340,88,352,627.0,0.0,627.0,702,702,354.52272727272725,15,0,1000000,3000,4
851544,851544,3406176,6341,234,936,1034.0,0.0,1034.0,1137,1137,633.6752136752136,23,0,1000000,3000,4
851576,851576,3406304,6342,32,128,241.0,0.0,241.0,304,304,161.875,7,0,1000000,3000,4
851665,851665,3406660,6343,89,356,618.0,0.0,618.0,693,693,396.3370786516854,14,0,1000000,3000,4
851885,851885,3407540,6344,220,880,1565.0,0.0,1565.0,1666,1666,851.45,34,0,1000000,3000,4
852051,852051,3408204,6345,166,664,810.0,0.0,810.0,898,899,575.6746987951807,18,0,1000000,3000,4
852085,852085,3408340,6346,34,136,239.0,0.0,239.0,302,302,163.11764705882354,7,0,1000000,3000,4
852115,852115,3408460,6347,30,120,246.0,0.0,246.0,310,310,149.13333333333333,7,0,1000000,3000,4
852152,852152,3408608,6348,37,148,242.0,0.0,242.0,306,306,156.43243243243242,7,0,1000000,3000,4
852184,852184,3408736,6349,32,128,245.0,0.0,245.0,309,309,146.71875,7,0,1000000,3000,4
852335,852335,3409340,6350,151,604,724.0,0.0,724.0,812,812,481.97350993377484,17,0,1000000,3000,4
852443,852443,3409772,6351,108,432,713.0,0.0,713.0,791,791,431.287037037037,16,0,1000000,3000,4
852473,852473,3409892,6352,30,120,250.0,0.0,250.0,313,313,160.2,7,0,1000000,3000,4
852586,852586,3410344,6353,113,452,601.0,0.0,601.0,680,680,374.6991150442478,14,0,1000000,3000,4
852961,852961,3411844,6354,375,1500,2341.0,0.0,2341.0,2470,2470,1536.4826666666668,50,0,1000000,3000,4
853281,853281,3413124,6355,320,1280,1313.0,0.0,1313.0,1434,1434,764.53125,29,0,1000000,3000,4
853354,853354,3413416,6356,73,292,653.0,0.0,653.0,722,722,378.5753424657534,15,0,1000000,3000,4
853396,853396,3413584,6357,42,168,224.0,0.0,224.0,289,289,166.38095238095238,6,0,1000000,3000,4
853599,853599,3414396,6358,203,812,1030.0,0.0,1030.0,1126,1126,645.2512315270936,23,0,1000000,3000,4
853633,853633,3414532,6359,34,136,250.0,0.0,250.0,312,312,151.85294117647058,7,0,1000000,3000,4
853717,853717,3414868,6360,84,336,618.0,0.0,618.0,692,692,342.5,14,0,1000000,3000,4
853758,853758,3415032,6361,41,164,232.0,0.0,232.0,298,298,162.1219512195122,6,0,1000000,3000,4
853859,853859,3415436,6362,101,404,626.0,0.0,626.0,704,704,374.9306930693069,15,0,1000000,3000,4
854091,854091,3416364,6363,232,928,1310.0,0.0,1310.0,1413,1413,720.3103448275862,29,0,1000000,3000,4
854127,854127,3416508,6364,36,144,243.0,0.0,243.0,307,307,154.27777777777777,7,0,1000000,3000,4
854204,854204,3416816,6365,77,308,601.0,0.0,601.0,674,674,305.31168831168833,14,0,1000000,3000,4
854382,854382,3417528,6366,178,712,1035.0,0.0,1035.0,1125,1125,627.1067415730337,23,0,1000000,3000,4
854416,854416,3417664,6367,34,136,246.0,0.0,246.0,310,310,140.58823529411765,7,0,1000000,3000,4
854639,854639,3418556,6368,223,892,1331.0,0.0,1331.0,1433,1433,750.6547085201794,29,0,1000000,3000,4
854830,854830,3419320,6369,191,764,711.0,0.0,711.0,806,806,532.1780104712042,17,0,1000000,3000,4
854978,854978,3419912,6370,148,592,786.0,0.0,786.0,871,871,507.9121621621622,18,0,1000000,3000,4
855019,855019,3420076,6371,41,164,229.0,0.0,229.0,294,294,160.1951219512195,6,0,1000000,3000,4
855201,855201,3420804,6372,182,728,1035.0,0.0,1035.0,1127,1127,570.5604395604396,23,0,1000000,3000,4
855481,855481,3421924,6373,280,1120,1317.0,0.0,1317.0,1430,1430,725.9214285714286,29,0,1000000,3000,4
855599,855599,3422396,6374,118,472,600.0,0.0,600.0,680,680,382.20338983050846,14,0,1000000,3000,4
855837,855837,3423348,6375,238,952,1316.0,0.0,1316.0,1421,1421,667.5966386554621,29,0,1000000,3000,4
856091,856091,3424364,6376,254,1016,1022.0,0.0,1022.0,1128,1128,664.3622047244095,23,0,1000000,3000,4
856346,856346,3425384,6377,255,1020,1306.0,0.0,1306.0,1412,1412,815.7764705882353,29,0,1000000,3000,4
856382,856382,3425528,6378,36,144,230.0,0.0,230.0,294,294,170.05555555555554,6,0,1000000,3000,4
856489,856489,3425956,6379,107,428,602.0,0.0,602.0,680,680,400.8411214953271,14,0,1000000,3000,4
856717,856717,3426868,6380,228,912,1318.0,0.0,1318.0,1421,1421,670.4342105263158,29,0,1000000,3000,4
856872,856872,3427488,6381,155,620,1045.0,0.0,1045.0,1132,1132,574.9612903225807,23,0,1000000,3000,4
856916,856916,3427664,6382,44,176,229.0,0.0,229.0,294,294,151.13636363636363,6,0,1000000,3000,4
856952,856952,3427808,6383,36,144,244.0,0.0,244.0,309,309,150.69444444444446,7,0,1000000,3000,4
857069,857069,3428276,6384,117,468,587.0,0.0,587.0,667,667,387.11965811965814,14,0,1000000,3000,4
857247,857247,3428988,6385,178,712,1330.0,0.0,1330.0,1422,1422,734.8258426966293,29,0,1000000,3000,4
857280,857280,3429120,6386,33,132,239.0,0.0,239.0,301,301,166.84848484848484,7,0,1000000,3000,4
857374,857374,3429496,6387,94,376,614.0,0.0,614.0,690,690,341.8510638297872,14,0,1000000,3000,4
857557,857557,3430228,6388,183,732,1428.0,0.0,1428.0,1521,1521,691.4863387978143,31,0,1000000,3000,4
857654,857654,3430616,6389,97,388,633.0,0.0,633.0,709,709,368.2680412371134,15,0,1000000,3000,4
857851,857851,3431404,6390,197,788,1312.0,0.0,1312.0,1408,1408,702.6751269035533,29,0,1000000,3000,4
857887,857887,3431548,6391,36,144,248.0,0.0,248.0,313,313,149.30555555555554,7,0,1000000,3000,4
857923,857923,3431692,6392,36,144,238.0,0.0,238.0,302,302,157.36111111111111,7,0,1000000,3000,4
858072,858072,3432288,6393,149,596,703.0,0.0,703.0,788,788,442.63758389261744,16,0,1000000,3000,4
858298,858298,3433192,6394,226,904,722.0,0.0,722.0,823,823,521.7831858407079,17,0,1000000,3000,4
858415,858415,3433660,6395,117,468,612.0,0.0,612.0,691,691,356.2478632478632,14,0,1000000,3000,4
858511,858511,3434044,6396,96,384,624.0,0.0,624.0,700,700,337.9375,15,0,1000000,3000,4
858543,858543,3434172,6397,32,128,247.0,0.0,247.0,309,309,152.90625,7,0,1000000,3000,4
858827,858827,3435308,6398,284,1136,1027.0,0.0,1027.0,1139,1139,601.0387323943662,23,0,1000000,3000,4
858872,858872,3435488,6399,45,180,226.0,0.0,226.0,291,291,152.55555555555554,6,0,1000000,3000,4
858987,858987,3435948,6400,115,460,632.0,0.0,632.0,710,710,356.5217391304348,15,0,1000000,3000,4
859115,859115,3436460,6401,128,512,586.0,0.0,586.0,668,668,385.6171875,14,0,1000000,3000,4
859158,859158,3436632,6402,43,172,231.0,0.0,231.0,296,296,153.0,6,0,1000000,3000,4
859192,859192,3436768,6403,34,136,238.0,0.0,238.0,301,301,163.6764705882353,7,0,1000000,3000,4
859404,859404,3437616,6404,212,848,726.0,0.0,726.0,825,825,515.2264150943396,17,0,1000000,3000,4
859642,859642,3438568,6405,238,952,1312.0,0.0,1312.0,1415,1415,710.2058823529412,29,0,1000000,3000,4
859677,859677,3438708,6406,35,140,236.0,0.0,236.0,299,299,170.11428571428573,6,0,1000000,3000,4
859918,859918,3439672,6407,241,964,1023.0,0.0,1023.0,1127,1127,691.3195020746888,23,0,1000000,3000,4
860161,860161,3440644,6408,243,972,1150.0,0.0,1150.0,1254,1254,654.2139917695473,26,0,1000000,3000,4
860200,860200,3440800,6409,39,156,236.0,0.0,236.0,300,300,154.87179487179486,7,0,1000000,3000,4
860355,860355,3441420,6410,155,620,752.0,0.0,752.0,839,839,477.6193548387097,17,0,1000000,3000,4
860488,860488,3441952,6411,133,532,1050.0,0.0,1050.0,1133,1133,560.6315789473684,23,0,1000000,3000,4
860770,860770,3443080,6412,282,1128,1025.0,0.0,1025.0,1138,1138,606.0851063829788,23,0,1000000,3000,4
861000,861000,3444000,6413,230,920,1313.0,0.0,1313.0,1414,1414,688.3347826086956,29,0,1000000,3000,4
861156,861156,3444624,6414,156,624,721.0,0.0,721.0,809,809,510.93589743589746,17,0,1000000,3000,4
861297,861297,3445188,6415,141,564,729.0,0.0,729.0,814,814,472.9574468085106,17,0,1000000,3000,4
861328,861328,3445312,6416,31,124,247.0,0.0,247.0,310,310,160.48387096774192,7,0,1000000,3000,4
861541,861541,3446164,6417,213,852,1307.0,0.0,1307.0,1406,1406,681.5399061032864,29,0,1000000,3000,4
861643,861643,3446572,6418,102,408,608.0,0.0,608.0,684,684,373.04901960784315,14,0,1000000,3000,4
862081,862081,3448324,6419,438,1752,1259.0,0.0,1259.0,1402,1402,777.0,29,0,1000000,3000,4
862266,862266,3449064,6420,185,740,630.0,0.0,630.0,722,723,464.07567567567565,15,0,1000000,3000,4
862314,862314,3449256,6421,48,192,236.0,0.0,236.0,302,302,137.75,7,0,1000000,3000,4
862351,862351,3449404,6422,37,148,246.0,0.0,246.0,310,310,149.27027027027026,7,0,1000000,3000,4
862530,862530,3450120,6423,179,716,632.0,0.0,632.0,722,723,465.45251396648047,15,0,1000000,3000,4
862777,862777,3451108,6424,247,988,1023.0,0.0,1023.0,1128,1128,666.5465587044534,23,0,1000000,3000,4
862979,862979,3451916,6425,202,808,1030.0,0.0,1030.0,1126,1126,537.5297029702971,23,0,1000000,3000,4
863196,863196,3452784,6426,217,868,1308.0,0.0,1308.0,1408,1408,693.8294930875576,29,0,1000000,3000,4
863235,863235,3452940,6427,39,156,240.0,0.0,240.0,304,304,156.35897435897436,7,0,1000000,3000,4
863269,863269,3453076,6428,34,136,234.0,0.0,234.0,296,296,168.44117647058823,6,0,1000000,3000,4
863325,863325,3453300,6429,56,224,216.0,0.0,216.0,283,283,147.10714285714286,6,0,1000000,3000,4
863442,863442,3453768,6430,117,468,594.0,0.0,594.0,674,674,373.4273504273504,14,0,1000000,3000,4
863673,863673,3454692,6431,231,924,1416.0,0.0,1416.0,1520,1520,747.1255411255411,31,0,1000000,3000,4
863708,863708,3454832,6432,35,140,246.0,0.0,246.0,311,311,144.31428571428572,7,0,1000000,3000,4
863745,863745,3454980,6433,37,148,230.0,0.0,230.0,294,294,166.97297297297297,6,0,1000000,3000,4
863845,863845,3455380,6434,100,400,619.0,0.0,619.0,694,694,377.63,14,0,1000000,3000,4
863881,863881,3455524,6435,36,144,238.0,0.0,238.0,302,302,162.52777777777777,7,0,1000000,3000,4
863992,863992,3455968,6436,111,444,618.0,0.0,618.0,698,698,383.8918918918919,14,0,1000000,3000,4
864102,864102,3456408,6437,110,440,715.0,0.0,715.0,792,792,424.3272727272727,16,0,1000000,3000,4
864132,864132,3456528,6438,30,120,250.0,0.0,250.0,311,311,159.46666666666667,7,0,1000000,3000,4
864172,864172,3456688,6439,40,160,240.0,0.0,240.0,304,304,151.0,7,0,1000000,3000,4
864495,864495,3457980,6440,323,1292,1308.0,0.0,1308.0,1430,1430,775.0588235294117,29,0,1000000,3000,4
864606,864606,3458424,6441,111,444,598.0,0.0,598.0,677,677,396.6216216216216,14,0,1000000,3000,4
864709,864709,3458836,6442,103,412,616.0,0.0,616.0,694,694,368.621359223301,14,0,1000000,3000,4
864850,864850,3459400,6443,141,564,1054.0,0.0,1054.0,1139,1139,595.7092198581561,23,0,1000000,3000,4
864882,864882,3459528,6444,32,128,251.0,0.0,251.0,313,313,155.15625,7,0,1000000,3000,4
865048,865048,3460192,6445,166,664,634.0,0.0,634.0,722,722,486.46385542168673,15,0,1000000,3000,4
865155,865155,3460620,6446,107,428,616.0,0.0,616.0,694,694,351.4299065420561,14,0,1000000,3000,4
865377,865377,3461508,6447,222,888,1034.0,0.0,1034.0,1135,1135,656.4684684684685,23,0,1000000,3000,4
865718,865718,3462872,6448,341,1364,1000.0,0.0,1000.0,1123,1123,680.6862170087976,23,0,1000000,3000,4
866038,866038,3464152,6449,320,1280,1311.0,0.0,1311.0,1433,1433,737.321875,29,0,1000000,3000,4
866186,866186,3464744,6450,148,592,638.0,0.0,638.0,722,723,496.5405405405405,15,0,1000000,3000,4
866280,866280,3465120,6451,94,376,606.0,0.0,606.0,681,681,408.79787234042556,14,0,1000000,3000,4
866447,866447,3465788,6452,167,668,723.0,0.0,723.0,813,813,476.2215568862275,17,0,1000000,3000,4
866490,866490,3465960,6453,43,172,228.0,0.0,228.0,293,293,160.25581395348837,6,0,1000000,3000,4
866679,866679,3466716,6454,189,756,1309.0,0.0,1309.0,1403,1403,719.1375661375662,29,0,1000000,3000,4
866822,866822,3467288,6455,143,572,727.0,0.0,727.0,813,813,469.86013986013984,17,0,1000000,3000,4
866866,866866,3467464,6456,44,176,229.0,0.0,229.0,294,294,157.86363636363637,6,0,1000000,3000,4
867139,867139,3468556,6457,273,1092,1319.0,0.0,1319.0,1431,1431,695.8351648351648,29,0,1000000,3000,4
867239,867239,3468956,6458,100,400,616.0,0.0,616.0,693,693,370.54,14,0,1000000,3000,4
867290,867290,3469160,6459,51,204,208.0,0.0,208.0,275,275,168.7058823529412,6,0,1000000,3000,4
867341,867341,3469364,6460,51,204,225.0,0.0,225.0,292,292,143.9607843137255,6,0,1000000,3000,4
867454,867454,3469816,6461,113,452,593.0,0.0,593.0,672,672,387.7345132743363,14,0,1000000,3000,4
867619,867619,3470476,6462,165,660,635.0,0.0,635.0,722,723,482.6969696969697,15,0,1000000,3000,4
867726,867726,3470904,6463,107,428,613.0,0.0,613.0,691,691,363.69158878504675,14,0,1000000,3000,4
867932,867932,3471728,6464,206,824,1028.0,0.0,1028.0,1124,1124,657.4126213592233,23,0,1000000,3000,4
868018,868018,3472072,6465,86,344,607.0,0.0,607.0,682,682,313.1046511627907,14,0,1000000,3000,4
868060,868060,3472240,6466,42,168,233.0,0.0,233.0,298,298,161.61904761904762,6,0,1000000,3000,4
868175,868175,3472700,6467,115,460,602.0,0.0,602.0,682,682,377.1565217391304,14,0,1000000,3000,4
868218,868218,3472872,6468,43,172,233.0,0.0,233.0,297,297,155.97674418604652,6,0,1000000,3000,4
868414,868414,3473656,6469,196,784,721.0,0.0,721.0,817,817,543.3367346938776,17,0,1000000,3000,4
868536,868536,3474144,6470,122,488,619.0,0.0,619.0,699,699,384.4016393442623,14,0,1000000,3000,4
868668,868668,3474672,6471,132,528,1045.0,0.0,1045.0,1126,1126,572.8181818181819,23,0,1000000,3000,4
868959,868959,3475836,6472,291,1164,1318.0,0.0,1318.0,1434,1434,699.487972508591,29,0,1000000,3000,4
869184,869184,3476736,6473,225,900,1028.0,0.0,1028.0,1128,1128,624.6177777777777,23,0,1000000,3000,4
869402,869402,3477608,6474,218,872,1419.0,0.0,1419.0,1517,1517,761.6238532110092,31,0,1000000,3000,4
869446,869446,3477784,6475,44,176,241.0,0.0,241.0,306,306,144.0,7,0,1000000,3000,4
869481,869481,3477924,6476,35,140,247.0,0.0,247.0,312,312,139.42857142857142,7,0,1000000,3000,4
869531,869531,3478124,6477,50,200,233.0,0.0,233.0,299,299,138.92,6,0,1000000,3000,4
869573,869573,3478292,6478,42,168,230.0,0.0,230.0,295,295,161.5952380952381,6,0,1000000,3000,4
869608,869608,3478432,6479,35,140,249.0,0.0,249.0,314,314,137.4,7,0,1000000,3000,4
869645,869645,3478580,6480,37,148,245.0,0.0,245.0,310,310,152.8108108108108,7,0,1000000,3000,4
869675,869675,3478700,6481,30,120,249.0,0.0,249.0,313,313,151.66666666666666,7,0,1000000,3000,4
869717,869717,3478868,6482,42,168,225.0,0.0,225.0,289,289,168.04761904761904,6,0,1000000,3000,4
869759,869759,3479036,6483,42,168,239.0,0.0,239.0,303,303,147.23809523809524,7,0,1000000,3000,4
869832,869832,3479328,6484,73,292,606.0,0.0,606.0,678,678,318.3835616438356,14,0,1000000,3000,4
870030,870030,3480120,6485,198,792,1336.0,0.0,1336.0,1433,1433,705.5353535353536,29,0,1000000,3000,4
870233,870233,3480932,6486,203,812,1029.0,0.0,1029.0,1125,1125,645.0689655172414,23,0,1000000,3000,4
870385,870385,3481540,6487,152,608,1052.0,0.0,1052.0,1139,1139,647.1973684210526,23,0,1000000,3000,4
870475,870475,3481900,6488,90,360,637.0,0.0,637.0,712,712,366.2111111111111,15,0,1000000,3000,4
870572,870572,3482288,6489,97,388,625.0,0.0,625.0,702,702,384.7319587628866,15,0,1000000,3000,4
870776,870776,3483104,6490,204,816,1340.0,0.0,1340.0,1438,1438,699.3774509803922,29,0,1000000,3000,4
870886,870886,3483544,6491,110,440,611.0,0.0,611.0,691,691,392.2818181818182,14,0,1000000,3000,4
870917,870917,3483668,6492,31,124,247.0,0.0,247.0,311,311,149.41935483870967,7,0,1000000,3000,4
870966,870966,3483864,6493,49,196,210.0,0.0,210.0,276,276,169.26530612244898,6,0,1000000,3000,4
871005,871005,3484020,6494,39,156,228.0,0.0,228.0,291,291,170.25641025641025,6,0,1000000,3000,4
871080,871080,3484320,6495,75,300,630.0,0.0,630.0,702,702,359.08,15,0,1000000,3000,4
871273,871273,3485092,6496,193,772,769.0,0.0,769.0,865,865,533.2227979274611,18,0,1000000,3000,4
871362,871362,3485448,6497,89,356,623.0,0.0,623.0,697,697,395.1011235955056,14,0,1000000,3000,4
871587,871587,3486348,6498,225,900,1413.0,0.0,1413.0,1513,1513,670.4577777777778,31,0,1000000,3000,4
871685,871685,3486740,6499,98,392,603.0,0.0,603.0,680,680,324.85714285714283,14,0,1000000,3000,4
871897,871897,3487588,6500,212,848,1326.0,0.0,1326.0,1425,1425,728.816037735849,29,0,1000000,3000,4
871977,871977,3487908,6501,80,320,611.0,0.0,611.0,684,684,345.6375,14,0,1000000,3000,4
872011,872011,3488044,6502,34,136,248.0,0.0,248.0,311,311,147.2058823529412,7,0,1000000,3000,4
872052,872052,3488208,6503,41,164,232.0,0.0,232.0,297,297,160.609756097561,6,0,1000000,3000,4
872166,872166,3488664,6504,114,456,626.0,0.0,626.0,706,706,347.8859649122807,15,0,1000000,3000,4
872207,872207,3488828,6505,41,164,237.0,0.0,237.0,303,303,155.70731707317074,7,0,1000000,3000,4
872412,872412,3489648,6506,205,820,1322.0,0.0,1322.0,1419,1419,728.5853658536586,29,0,1000000,3000,4
872454,872454,3489816,6507,42,168,229.0,0.0,229.0,295,295,153.88095238095238,6,0,1000000,3000,4
872670,872670,3490680,6508,216,864,1685.0,0.0,1685.0,1784,1784,906.6712962962963,36,0,1000000,3000,4
872757,872757,3491028,6509,87,348,626.0,0.0,626.0,700,700,378.3103448275862,15,0,1000000,3000,4
872795,872795,3491180,6510,38,152,243.0,0.0,243.0,308,308,149.89473684210526,7,0,1000000,3000,4
872943,872943,3491772,6511,148,592,1044.0,0.0,1044.0,1129,1129,575.027027027027,23,0,1000000,3000,4
872979,872979,3491916,6512,36,144,230.0,0.0,230.0,293,293,169.27777777777777,6,0,1000000,3000,4
873084,873084,3492336,6513,105,420,611.0,0.0,611.0,689,689,397.2857142857143,14,0,1000000,3000,4
873126,873126,3492504,6514,42,168,230.0,0.0,230.0,295,295,157.85714285714286,6,0,1000000,3000,4
873213,873213,3492852,6515,87,348,622.0,0.0,622.0,697,697,378.367816091954,14,0,1000000,3000,4
873422,873422,3493688,6516,209,836,1038.0,0.0,1038.0,1136,1136,614.665071770335,23,0,1000000,3000,4
873465,873465,3493860,6517,43,172,225.0,0.0,225.0,290,290,159.27906976744185,6,0,1000000,3000,4
873739,873739,3494956,6518,274,1096,1550.0,0.0,1550.0,1661,1661,804.3430656934306,34,0,1000000,3000,4
873888,873888,3495552,6519,149,596,1048.0,0.0,1048.0,1133,1133,582.9127516778524,23,0,1000000,3000,4
873982,873982,3495928,6520,94,376,623.0,0.0,623.0,699,699,370.8404255319149,14,0,1000000,3000,4
874064,874064,3496256,6521,82,328,651.0,0.0,651.0,722,722,365.609756097561,15,0,1000000,3000,4
874282,874282,3497128,6522,218,872,1309.0,0.0,1309.0,1408,1408,742.7706422018349,29,0,1000000,3000,4
874379,874379,3497516,6523,97,388,611.0,0.0,611.0,686,686,384.25773195876286,14,0,1000000,3000,4
874538,874538,3498152,6524,159,636,636.0,0.0,636.0,722,722,461.67295597484275,15,0,1000000,3000,4
874754,874754,3499016,6525,216,864,1029.0,0.0,1029.0,1128,1128,625.1481481481482,23,0,1000000,3000,4
875050,875050,3500200,6526,296,1184,1831.0,0.0,1831.0,1947,1947,998.9797297297297,39,0,1000000,3000,4
875268,875268,3501072,6527,218,872,1027.0,0.0,1027.0,1125,1125,649.197247706422,23,0,1000000,3000,4
875466,875466,3501864,6528,198,792,1042.0,0.0,1042.0,1138,1138,646.7272727272727,23,0,1000000,3000,4
875623,875623,3502492,6529,157,628,707.0,0.0,707.0,795,795,484.2929936305732,16,0,1000000,3000,4
875876,875876,3503504,6530,253,1012,1034.0,0.0,1034.0,1141,1141,632.197628458498,23,0,1000000,3000,4
875995,875995,3503980,6531,119,476,591.0,0.0,591.0,671,671,388.97478991596637,14,0,1000000,3000,4
876256,876256,3505024,6532,261,1044,1333.0,0.0,1333.0,1443,1443,672.080459770115,29,0,1000000,3000,4
876398,876398,3505592,6533,142,568,750.0,0.0,750.0,834,834,502.0211267605634,17,0,1000000,3000,4
876602,876602,3506408,6534,204,816,1039.0,0.0,1039.0,1135,1135,613.2647058823529,23,0,1000000,3000,4
876763,876763,3507052,6535,161,644,759.0,0.0,759.0,848,848,468.0496894409938,17,0,1000000,3000,4
876897,876897,3507588,6536,134,536,597.0,0.0,597.0,680,680,371.44776119402985,14,0,1000000,3000,4
877175,877175,3508700,6537,278,1112,1303.0,0.0,1303.0,1415,1415,741.6402877697842,29,0,1000000,3000,4
877300,877300,3509200,6538,125,500,583.0,0.0,583.0,664,664,385.44,14,0,1000000,3000,4
877336,877336,3509344,6539,36,144,232.0,0.0,232.0,296,296,163.58333333333334,6,0,1000000,3000,4
877568,877568,3510272,6540,232,928,797.0,0.0,797.0,898,898,586.9913793103449,18,0,1000000,3000,4
877610,877610,3510440,6541,42,168,239.0,0.0,239.0,304,304,142.14285714285714,7,0,1000000,3000,4
877798,877798,3511192,6542,188,752,735.0,0.0,735.0,829,829,449.00531914893617,17,0,1000000,3000,4
877960,877960,3511840,6543,162,648,711.0,0.0,711.0,800,800,492.98765432098764,17,0,1000000,3000,4
878190,878190,3512760,6544,230,920,1332.0,0.0,1332.0,1435,1435,689.6,29,0,1000000,3000,4
878235,878235,3512940,6545,45,180,222.0,0.0,222.0,286,286,168.66666666666666,6,0,1000000,3000,4
878275,878275,3513100,6546,40,160,230.0,0.0,230.0,295,295,160.15,6,0,1000000,3000,4
878604,878604,3514416,6547,329,1316,1663.0,0.0,1663.0,1785,1785,904.3282674772037,36,0,1000000,3000,4
878865,878865,3515460,6548,261,1044,1308.0,0.0,1308.0,1417,1417,714.0459770114943,29,0,1000000,3000,4
878964,878964,3515856,6549,99,396,626.0,0.0,626.0,702,702,375.7070707070707,15,0,1000000,3000,4
879061,879061,3516244,6550,97,388,628.0,0.0,628.0,704,704,361.9587628865979,15,0,1000000,3000,4
879365,879365,3517460,6551,304,1216,1021.0,0.0,1021.0,1138,1138,658.8947368421053,23,0,1000000,3000,4
879564,879564,3518256,6552,199,796,804.0,0.0,804.0,898,898,531.0502512562814,18,0,1000000,3000,4
879609,879609,3518436,6553,45,180,222.0,0.0,222.0,288,288,160.04444444444445,6,0,1000000,3000,4
879810,879810,3519240,6554,201,804,1313.0,0.0,1313.0,1410,1410,673.4278606965174,29,0,1000000,3000,4
880306,880306,3521224,6555,496,1984,2315.0,0.0,2315.0,2469,2469,1223.3790322580646,50,0,1000000,3000,4
880351,880351,3521404,6556,45,180,224.0,0.0,224.0,289,289,163.73333333333332,6,0,1000000,3000,4
880453,880453,3521812,6557,102,408,635.0,0.0,635.0,713,713,355.0098039215686,15,0,1000000,3000,4
880677,880677,3522708,6558,224,896,1025.0,0.0,1025.0,1124,1124,595.5580357142857,23,0,1000000,3000,4
880720,880720,3522880,6559,43,172,230.0,0.0,230.0,294,294,154.04651162790697,6,0,1000000,3000,4
880833,880833,3523332,6560,113,452,610.0,0.0,610.0,689,689,376.88495575221236,14,0,1000000,3000,4
880879,880879,3523516,6561,46,184,220.0,0.0,220.0,286,286,159.32608695652175,6,0,1000000,3000,4
880927,880927,3523708,6562,48,192,228.0,0.0,228.0,293,293,146.95833333333334,6,0,1000000,3000,4
880970,880970,3523880,6563,43,172,232.0,0.0,232.0,297,297,148.06976744186048,6,0,1000000,3000,4
881017,881017,3524068,6564,47,188,234.0,0.0,234.0,299,299,145.17021276595744,6,0,1000000,3000,4
881064,881064,3524256,6565,47,188,228.0,0.0,228.0,293,293,151.08510638297872,6,0,1000000,3000,4
881349,881349,3525396,6566,285,1140,1308.0,0.0,1308.0,1422,1422,672.3122807017544,29,0,1000000,3000,4
881401,881401,3525604,6567,52,208,208.0,0.0,208.0,274,274,164.09615384615384,6,0,1000000,3000,4
881607,881607,3526428,6568,206,824,1029.0,0.0,1029.0,1126,1126,575.9077669902913,23,0,1000000,3000,4
881655,881655,3526620,6569,48,192,227.0,0.0,227.0,294,294,149.02083333333334,6,0,1000000,3000,4
881692,881692,3526768,6570,37,148,246.0,0.0,246.0,310,310,142.8918918918919,7,0,1000000,3000,4
881911,881911,3527644,6571,219,876,1037.0,0.0,1037.0,1137,1137,593.054794520548,23,0,1000000,3000,4
882018,882018,3528072,6572,107,428,615.0,0.0,615.0,693,693,374.4018691588785,14,0,1000000,3000,4
882211,882211,3528844,6573,193,772,1338.0,0.0,1338.0,1434,1434,663.7150259067357,29,0,1000000,3000,4
882246,882246,3528984,6574,35,140,232.0,0.0,232.0,295,295,164.37142857142857,6,0,1000000,3000,4
882294,882294,3529176,6575,48,192,229.0,0.0,229.0,295,295,144.45833333333334,6,0,1000000,3000,4
882330,882330,3529320,6576,36,144,237.0,0.0,237.0,301,301,162.36111111111111,7,0,1000000,3000,4
882424,882424,3529696,6577,94,376,625.0,0.0,625.0,700,700,363.13829787234044,15,0,1000000,3000,4
882522,882522,3530088,6578,98,392,622.0,0.0,622.0,699,699,379.2040816326531,14,0,1000000,3000,4
882704,882704,3530816,6579,182,728,1037.0,0.0,1037.0,1130,1130,580.0769230769231,23,0,1000000,3000,4
883011,883011,3532044,6580,307,1228,1307.0,0.0,1307.0,1426,1426,753.1758957654723,29,0,1000000,3000,4
883054,883054,3532216,6581,43,172,221.0,0.0,221.0,287,287,169.02325581395348,6,0,1000000,3000,4
883090,883090,3532360,6582,36,144,234.0,0.0,234.0,298,298,165.94444444444446,6,0,1000000,3000,4
883190,883190,3532760,6583,100,400,609.0,0.0,609.0,686,686,391.56,14,0,1000000,3000,4
883383,883383,3533532,6584,193,772,805.0,0.0,805.0,898,899,536.1243523316062,18,0,1000000,3000,4
883427,883427,3533708,6585,44,176,227.0,0.0,227.0,293,293,150.4318181818182,6,0,1000000,3000,4
883463,883463,3533852,6586,36,144,241.0,0.0,241.0,304,304,159.38888888888889,7,0,1000000,3000,4
883679,883679,3534716,6587,216,864,1037.0,0.0,1037.0,1136,1136,591.7916666666666,23,0,1000000,3000,4
883729,883729,3534916,6588,50,200,228.0,0.0,228.0,294,294,140.66,6,0,1000000,3000,4
883770,883770,3535080,6589,41,164,233.0,0.0,233.0,298,298,152.34146341463415,6,0,1000000,3000,4
883873,883873,3535492,6590,103,412,622.0,0.0,622.0,698,698,371.9514563106796,14,0,1000000,3000,4
883916,883916,3535664,6591,43,172,231.0,0.0,231.0,296,296,154.72093023255815,6,0,1000000,3000,4
883963,883963,3535852,6592,47,188,228.0,0.0,228.0,293,293,145.80851063829786,6,0,1000000,3000,4
884202,884202,3536808,6593,239,956,1030.0,0.0,1030.0,1134,1134,638.020920502092,23,0,1000000,3000,4
884424,884424,3537696,6594,222,888,1035.0,0.0,1035.0,1135,1135,578.8288288288288,23,0,1000000,3000,4
884477,884477,3537908,6595,53,212,214.0,0.0,214.0,280,280,153.0754716981132,6,0,1000000,3000,4
884521,884521,3538084,6596,44,176,227.0,0.0,227.0,292,292,152.86363636363637,6,0,1000000,3000,4
884798,884798,3539192,6597,277,1108,1017.0,0.0,1017.0,1129,1129,601.8339350180505,23,0,1000000,3000,4
884907,884907,3539628,6598,109,436,607.0,0.0,607.0,684,684,371.8073394495413,14,0,1000000,3000,4
884956,884956,3539824,6599,49,196,217.0,0.0,217.0,282,282,161.57142857142858,6,0,1000000,3000,4
885105,885105,3540420,6600,149,596,757.0,0.0,757.0,843,843,496.496644295302,17,0,1000000,3000,4
885315,885315,3541260,6601,210,840,1041.0,0.0,1041.0,1138,1138,641.4857142857143,23,0,1000000,3000,4
885542,885542,3542168,6602,227,908,723.0,0.0,723.0,825,825,497.8898678414097,17,0,1000000,3000,4
885667,885667,3542668,6603,125,500,593.0,0.0,593.0,674,674,381.776,14,0,1000000,3000,4
885713,885713,3542852,6604,46,184,221.0,0.0,221.0,286,286,154.7391304347826,6,0,1000000,3000,4
885825,885825,3543300,6605,112,448,631.0,0.0,631.0,709,709,355.98214285714283,15,0,1000000,3000,4
886002,886002,3544008,6606,177,708,744.0,0.0,744.0,835,835,493.1694915254237,17,0,1000000,3000,4
886120,886120,3544480,6607,118,472,620.0,0.0,620.0,700,700,360.22033898305085,15,0,1000000,3000,4
886163,886163,3544652,6608,43,172,226.0,0.0,226.0,291,291,161.1860465116279,6,0,1000000,3000,4
886205,886205,3544820,6609,42,168,234.0,0.0,234.0,298,298,157.8095238095238,6,0,1000000,3000,4
886431,886431,3545724,6610,226,904,1410.0,0.0,1410.0,1511,1511,677.8849557522124,31,0,1000000,3000,4
886570,886570,3546280,6611,139,556,714.0,0.0,714.0,798,798,460.6043165467626,16,0,1000000,3000,4
886619,886619,3546476,6612,49,196,215.0,0.0,215.0,281,281,161.83673469387756,6,0,1000000,3000,4
886844,886844,3547376,6613,225,900,1301.0,0.0,1301.0,1402,1402,696.4711111111111,29,0,1000000,3000,4
887088,887088,3548352,6614,244,976,1033.0,0.0,1033.0,1138,1138,669.5327868852459,23,0,1000000,3000,4
887290,887290,3549160,6615,202,808,1035.0,0.0,1035.0,1132,1132,584.1732673267327,23,0,1000000,3000,4
887515,887515,3550060,6616,225,900,1315.0,0.0,1315.0,1415,1415,732.24,29,0,1000000,3000,4
887830,887830,3551320,6617,315,1260,1294.0,0.0,1294.0,1412,1412,724.7269841269841,29,0,1000000,3000,4
888120,888120,3552480,6618,290,1160,1300.0,0.0,1300.0,1414,1414,724.5379310344828,29,0,1000000,3000,4
888345,888345,3553380,6619,225,900,1322.0,0.0,1322.0,1424,1424,680.2355555555556,29,0,1000000,3000,4
888457,888457,3553828,6620,112,448,603.0,0.0,603.0,682,682,381.89285714285717,14,0,1000000,3000,4
888560,888560,3554240,6621,103,412,588.0,0.0,588.0,665,665,407.5242718446602,14,0,1000000,3000,4
888602,888602,3554408,6622,42,168,231.0,0.0,231.0,296,296,156.42857142857142,6,0,1000000,3000,4
888638,888638,3554552,6623,36,144,240.0,0.0,240.0,304,304,163.25,7,0,1000000,3000,4
888792,888792,3555168,6624,154,616,637.0,0.0,637.0,722,722,490.76623376623377,15,0,1000000,3000,4
888826,888826,3555304,6625,34,136,248.0,0.0,248.0,310,310,147.38235294117646,7,0,1000000,3000,4
888866,888866,3555464,6626,40,160,232.0,0.0,232.0,296,296,161.225,6,0,1000000,3000,4
889074,889074,3556296,6627,208,832,802.0,0.0,802.0,898,899,541.6009615384615,18,0,1000000,3000,4
889119,889119,3556476,6628,45,180,227.0,0.0,227.0,292,292,151.13333333333333,6,0,1000000,3000,4
889208,889208,3556832,6629,89,356,616.0,0.0,616.0,691,691,338.9887640449438,14,0,1000000,3000,4
889329,889329,3557316,6630,121,484,597.0,0.0,597.0,679,679,382.3801652892562,14,0,1000000,3000,4
889521,889521,3558084,6631,192,768,762.0,0.0,762.0,858,858,514.1875,18,0,1000000,3000,4
889760,889760,3559040,6632,239,956,1333.0,0.0,1333.0,1438,1438,687.9246861924686,29,0,1000000,3000,4
889844,889844,3559376,6633,84,336,604.0,0.0,604.0,678,678,337.79761904761904,14,0,1000000,3000,4
889966,889966,3559864,6634,122,488,602.0,0.0,602.0,683,683,399.89344262295083,14,0,1000000,3000,4
890071,890071,3560284,6635,105,420,610.0,0.0,610.0,686,686,376.56190476190477,14,0,1000000,3000,4
890171,890171,3560684,6636,100,400,629.0,0.0,629.0,706,706,361.22,15,0,1000000,3000,4
890322,890322,3561288,6637,151,604,734.0,0.0,734.0,821,821,518.6092715231788,17,0,1000000,3000,4
890433,890433,3561732,6638,111,444,590.0,0.0,590.0,668,668,414.07207207207205,14,0,1000000,3000,4
890542,890542,3562168,6639,109,436,614.0,0.0,614.0,693,693,372.9633027522936,14,0,1000000,3000,4
890579,890579,3562316,6640,37,148,243.0,0.0,243.0,307,307,154.56756756756758,7,0,1000000,3000,4
890673,890673,3562692,6641,94,376,638.0,0.0,638.0,714,714,365.78723404255317,15,0,1000000,3000,4
890710,890710,3562840,6642,37,148,244.0,0.0,244.0,309,309,148.13513513513513,7,0,1000000,3000,4
890822,890822,3563288,6643,112,448,730.0,0.0,730.0,808,808,490.4107142857143,17,0,1000000,3000,4
890914,890914,3563656,6644,92,368,624.0,0.0,624.0,699,699,335.5108695652174,14,0,1000000,3000,4
890956,890956,3563824,6645,42,168,231.0,0.0,231.0,296,296,159.92857142857142,6,0,1000000,3000,4
890996,890996,3563984,6646,40,160,234.0,0.0,234.0,299,299,158.325,6,0,1000000,3000,4
891104,891104,3564416,6647,108,432,607.0,0.0,607.0,686,686,378.3611111111111,14,0,1000000,3000,4
891303,891303,3565212,6648,199,796,1319.0,0.0,1319.0,1414,1414,753.5125628140704,29,0,1000000,3000,4
891346,891346,3565384,6649,43,172,230.0,0.0,230.0,295,295,154.7906976744186,6,0,1000000,3000,4
891467,891467,3565868,6650,121,484,605.0,0.0,605.0,687,687,381.56198347107437,14,0,1000000,3000,4
891579,891579,3566316,6651,112,448,607.0,0.0,607.0,687,687,383.125,14,0,1000000,3000,4
891622,891622,3566488,6652,43,172,229.0,0.0,229.0,294,294,155.2325581395349,6,0,1000000,3000,4
891847,891847,3567388,6653,225,900,1313.0,0.0,1313.0,1413,1413,716.5911111111111,29,0,1000000,3000,4
892086,892086,3568344,6654,239,956,1310.0,0.0,1310.0,1413,1413,700.3765690376569,29,0,1000000,3000,4
892123,892123,3568492,6655,37,148,238.0,0.0,238.0,302,302,153.0810810810811,7,0,1000000,3000,4
892371,892371,3569484,6656,248,992,1403.0,0.0,1403.0,1509,1509,724.8225806451613,31,0,1000000,3000,4
892541,892541,3570164,6657,170,680,754.0,0.0,754.0,844,844,496.86470588235295,17,0,1000000,3000,4
892615,892615,3570460,6658,74,296,626.0,0.0,626.0,697,697,359.5945945945946,14,0,1000000,3000,4
892652,892652,3570608,6659,37,148,246.0,0.0,246.0,310,310,141.67567567567568,7,0,1000000,3000,4
892690,892690,3570760,6660,38,152,242.0,0.0,242.0,306,306,153.3421052631579,7,0,1000000,3000,4
892737,892737,3570948,6661,47,188,230.0,0.0,230.0,297,297,150.08510638297872,6,0,1000000,3000,4
892864,892864,3571456,6662,127,508,620.0,0.0,620.0,703,703,370.53543307086613,15,0,1000000,3000,4
892989,892989,3571956,6663,125,500,1049.0,0.0,1049.0,1129,1129,577.88,23,0,1000000,3000,4
893141,893141,3572564,6664,152,608,637.0,0.0,637.0,722,722,478.6118421052632,15,0,1000000,3000,4
893176,893176,3572704,6665,35,140,242.0,0.0,242.0,304,304,157.77142857142857,7,0,1000000,3000,4
893379,893379,3573516,6666,203,812,1307.0,0.0,1307.0,1404,1404,701.5073891625616,29,0,1000000,3000,4
893535,893535,3574140,6667,156,624,1050.0,0.0,1050.0,1138,1138,550.1282051282051,23,0,1000000,3000,4
893818,893818,3575272,6668,283,1132,1300.0,0.0,1300.0,1412,1412,695.9505300353356,29,0,1000000,3000,4
893953,893953,3575812,6669,135,540,585.0,0.0,585.0,668,668,394.31851851851854,14,0,1000000,3000,4
894127,894127,3576508,6670,174,696,1048.0,0.0,1048.0,1138,1138,607.3620689655172,23,0,1000000,3000,4
894247,894247,3576988,6671,120,480,603.0,0.0,603.0,683,683,372.5833333333333,14,0,1000000,3000,4
894544,894544,3578176,6672,297,1188,1908.0,0.0,1908.0,2023,2023,937.2188552188552,41,0,1000000,3000,4
894672,894672,3578688,6673,128,512,600.0,0.0,600.0,681,681,375.734375,14,0,1000000,3000,4
894880,894880,3579520,6674,208,832,725.0,0.0,725.0,823,823,487.9951923076923,17,0,1000000,3000,4
894918,894918,3579672,6675,38,152,241.0,0.0,241.0,305,305,158.97368421052633,7,0,1000000,3000,4
895133,895133,3580532,6676,215,860,1034.0,0.0,1034.0,1133,1133,627.3813953488373,23,0,1000000,3000,4
895338,895338,3581352,6677,205,820,1317.0,0.0,1317.0,1414,1414,694.6682926829268,29,0,1000000,3000,4
895447,895447,3581788,6678,109,436,628.0,0.0,628.0,706,706,350.8256880733945,15,0,1000000,3000,4
895487,895487,3581948,6679,40,160,242.0,0.0,242.0,305,305,146.45,7,0,1000000,3000,4
895691,895691,3582764,6680,204,816,1124.0,0.0,1124.0,1221,1221,606.0196078431372,25,0,1000000,3000,4
895786,895786,3583144,6681,95,380,619.0,0.0,619.0,695,695,340.8,14,0,1000000,3000,4
895893,895893,3583572,6682,107,428,632.0,0.0,632.0,711,711,360.21495327102804,15,0,1000000,3000,4
896060,896060,3584240,6683,167,668,1145.0,0.0,1145.0,1235,1235,587.556886227545,25,0,1000000,3000,4
896108,896108,3584432,6684,48,192,219.0,0.0,219.0,285,285,157.9375,6,0,1000000,3000,4
896219,896219,3584876,6685,111,444,618.0,0.0,618.0,697,697,352.4234234234234,14,0,1000000,3000,4
896471,896471,3585884,6686,252,1008,1554.0,0.0,1554.0,1660,1660,740.468253968254,34,0,1000000,3000,4
896516,896516,3586064,6687,45,180,229.0,0.0,229.0,294,294,150.4,6,0,1000000,3000,4
896757,896757,3587028,6688,241,964,1021.0,0.0,1021.0,1125,1125,592.6058091286307,23,0,1000000,3000,4
896793,896793,3587172,6689,36,144,247.0,0.0,247.0,310,310,152.69444444444446,7,0,1000000,3000,4
896913,896913,3587652,6690,120,480,603.0,0.0,603.0,684,684,382.90833333333336,14,0,1000000,3000,4
896991,896991,3587964,6691,78,312,652.0,0.0,652.0,722,722,376.79487179487177,15,0,1000000,3000,4
897153,897153,3588612,6692,162,648,1046.0,0.0,1046.0,1135,1135,575.3765432098766,23,0,1000000,3000,4
897348,897348,3589392,6693,195,780,804.0,0.0,804.0,898,898,609.7589743589743,18,0,1000000,3000,4
897436,897436,3589744,6694,88,352,630.0,0.0,630.0,703,703,351.6136363636364,15,0,1000000,3000,4
897609,897609,3590436,6695,173,692,1324.0,0.0,1324.0,1414,1414,644.693641618497,29,0,1000000,3000,4
897725,897725,3590900,6696,116,464,617.0,0.0,617.0,697,697,368.83620689655174,14,0,1000000,3000,4
897761,897761,3591044,6697,36,144,243.0,0.0,243.0,306,306,154.0,7,0,1000000,3000,4
897805,897805,3591220,6698,44,176,228.0,0.0,228.0,293,293,154.38636363636363,6,0,1000000,3000,4
898038,898038,3592152,6699,233,932,1423.0,0.0,1423.0,1526,1526,756.3347639484979,31,0,1000000,3000,4
898082,898082,3592328,6700,44,176,225.0,0.0,225.0,290,290,160.3409090909091,6,0,1000000,3000,4
898307,898307,3593228,6701,225,900,1313.0,0.0,1313.0,1414,1414,694.0355555555556,29,0,1000000,3000,4
898440,898440,3593760,6702,133,532,608.0,0.0,608.0,690,690,375.83458646616543,14,0,1000000,3000,4
898534,898534,3594136,6703,94,376,635.0,0.0,635.0,711,711,363.86170212765956,15,0,1000000,3000,4
898856,898856,3595424,6704,322,1288,1288.0,0.0,1288.0,1408,1408,790.8012422360248,29,0,1000000,3000,4
899081,899081,3596324,6705,225,900,1306.0,0.0,1306.0,1407,1407,762.2444444444444,29,0,1000000,3000,4
899289,899289,3597156,6706,208,832,1040.0,0.0,1040.0,1138,1138,567.1394230769231,23,0,1000000,3000,4
899401,899401,3597604,6707,112,448,611.0,0.0,611.0,691,691,381.69642857142856,14,0,1000000,3000,4
899510,899510,3598040,6708,109,436,599.0,0.0,599.0,678,678,382.7798165137615,14,0,1000000,3000,4
899551,899551,3598204,6709,41,164,217.0,0.0,217.0,283,283,172.0731707317073,6,0,1000000,3000,4
899596,899596,3598384,6710,45,180,227.0,0.0,227.0,293,293,159.0222222222222,6,0,1000000,3000,4
899820,899820,3599280,6711,224,896,1315.0,0.0,1315.0,1416,1416,775.2991071428571,29,0,1000000,3000,4
900032,900032,3600128,6712,212,848,1309.0,0.0,1309.0,1408,1408,689.433962264151,29,0,1000000,3000,4
900135,900135,3600540,6713,103,412,611.0,0.0,611.0,689,689,375.0,14,0,1000000,3000,4
900333,900333,3601332,6714,198,792,1030.0,0.0,1030.0,1125,1125,575.4242424242424,23,0,1000000,3000,4
900483,900483,3601932,6715,150,600,1042.0,0.0,1042.0,1127,1127,601.0666666666667,23,0,1000000,3000,4
900521,900521,3602084,6716,38,152,241.0,0.0,241.0,305,305,149.94736842105263,7,0,1000000,3000,4
900557,900557,3602228,6717,36,144,246.0,0.0,246.0,311,311,155.41666666666666,7,0,1000000,3000,4
900598,900598,3602392,6718,41,164,229.0,0.0,229.0,294,294,157.41463414634146,6,0,1000000,3000,4
900702,900702,3602808,6719,104,416,614.0,0.0,614.0,691,691,396.88461538461536,14,0,1000000,3000,4
900748,900748,3602992,6720,46,184,221.0,0.0,221.0,287,287,168.3695652173913,6,0,1000000,3000,4
900788,900788,3603152,6721,40,160,226.0,0.0,226.0,291,291,169.075,6,0,1000000,3000,4
900821,900821,3603284,6722,33,132,240.0,0.0,240.0,304,304,160.15151515151516,7,0,1000000,3000,4
900920,900920,3603680,6723,99,396,629.0,0.0,629.0,705,705,364.16161616161617,15,0,1000000,3000,4
901045,901045,3604180,6724,125,500,595.0,0.0,595.0,677,677,393.424,14,0,1000000,3000,4
901132,901132,3604528,6725,87,348,614.0,0.0,614.0,689,689,343.44827586206895,14,0,1000000,3000,4
901365,901365,3605460,6726,233,932,1557.0,0.0,1557.0,1659,1659,861.9527896995709,34,0,1000000,3000,4
901468,901468,3605872,6727,103,412,619.0,0.0,619.0,696,696,384.11650485436894,14,0,1000000,3000,4
901506,901506,3606024,6728,38,152,232.0,0.0,232.0,296,296,163.26315789473685,6,0,1000000,3000,4
901545,901545,3606180,6729,39,156,235.0,0.0,235.0,299,299,159.97435897435898,6,0,1000000,3000,4
901705,901705,3606820,6730,160,640,614.0,0.0,614.0,702,702,468.2125,15,0,1000000,3000,4
901813,901813,3607252,6731,108,432,604.0,0.0,604.0,682,682,394.3796296296296,14,0,1000000,3000,4
902181,902181,3608724,6732,368,1472,1814.0,0.0,1814.0,1944,1944,964.6929347826087,39,0,1000000,3000,4
902284,902284,3609136,6733,103,412,585.0,0.0,585.0,662,662,397.1456310679612,14,0,1000000,3000,4
902495,902495,3609980,6734,211,844,1316.0,0.0,1316.0,1414,1414,679.9526066350711,29,0,1000000,3000,4
902662,902662,3610648,6735,167,668,1326.0,0.0,1326.0,1416,1416,705.6287425149701,29,0,1000000,3000,4
902866,902866,3611464,6736,204,816,1317.0,0.0,1317.0,1414,1414,743.6274509803922,29,0,1000000,3000,4
902905,902905,3611620,6737,39,156,238.0,0.0,238.0,302,302,154.69230769230768,7,0,1000000,3000,4
902946,902946,3611784,6738,41,164,231.0,0.0,231.0,296,296,162.09756097560975,6,0,1000000,3000,4
903120,903120,3612480,6739,174,696,809.0,0.0,809.0,898,898,527.8678160919541,18,0,1000000,3000,4
903240,903240,3612960,6740,120,480,587.0,0.0,587.0,668,668,388.76666666666665,14,0,1000000,3000,4
903431,903431,3613724,6741,191,764,758.0,0.0,758.0,853,853,523.0052356020942,18,0,1000000,3000,4
903735,903735,3614940,6742,304,1216,783.0,0.0,783.0,898,898,591.0822368421053,18,0,1000000,3000,4
903912,903912,3615648,6743,177,708,632.0,0.0,632.0,722,723,442.5819209039548,15,0,1000000,3000,4
904181,904181,3616724,6744,269,1076,1040.0,0.0,1040.0,1151,1151,599.2379182156134,24,0,1000000,3000,4
904225,904225,3616900,6745,44,176,236.0,0.0,236.0,301,301,143.3409090909091,7,0,1000000,3000,4
904421,904421,3617684,6746,196,784,1032.0,0.0,1032.0,1126,1126,587.4489795918367,23,0,1000000,3000,4
904638,904638,3618552,6747,217,868,1029.0,0.0,1029.0,1128,1128,588.7603686635945,23,0,1000000,3000,4
904685,904685,3618740,6748,47,188,226.0,0.0,226.0,292,292,147.36170212765958,6,0,1000000,3000,4
904934,904934,3619736,6749,249,996,1307.0,0.0,1307.0,1411,1411,702.4578313253012,29,0,1000000,3000,4
905142,905142,3620568,6750,208,832,1040.0,0.0,1040.0,1138,1138,578.4278846153846,23,0,1000000,3000,4
905176,905176,3620704,6751,34,136,240.0,0.0,240.0,303,303,156.85294117647058,7,0,1000000,3000,4
905327,905327,3621308,6752,151,604,1042.0,0.0,1042.0,1128,1128,548.6688741721854,23,0,1000000,3000,4
905371,905371,3621484,6753,44,176,237.0,0.0,237.0,303,303,144.95454545454547,7,0,1000000,3000,4
905408,905408,3621632,6754,37,148,243.0,0.0,243.0,307,307,151.16216216216216,7,0,1000000,3000,4
905581,905581,3622324,6755,173,692,612.0,0.0,612.0,704,704,450.47398843930637,15,0,1000000,3000,4
905624,905624,3622496,6756,43,172,230.0,0.0,230.0,295,295,155.67441860465115,6,0,1000000,3000,4
905732,905732,3622928,6757,108,432,620.0,0.0,620.0,699,699,378.212962962963,14,0,1000000,3000,4
905834,905834,3623336,6758,102,408,623.0,0.0,623.0,700,700,363.9313725490196,15,0,1000000,3000,4
906001,906001,3624004,6759,167,668,1036.0,0.0,1036.0,1124,1124,551.7844311377246,23,0,1000000,3000,4
906106,906106,3624424,6760,105,420,626.0,0.0,626.0,704,704,372.14285714285717,15,0,1000000,3000,4
906222,906222,3624888,6761,116,464,591.0,0.0,591.0,672,672,361.1034482758621,14,0,1000000,3000,4
906267,906267,3625068,6762,45,180,230.0,0.0,230.0,294,294,153.37777777777777,6,0,1000000,3000,4
906312,906312,3625248,6763,45,180,230.0,0.0,230.0,295,295,152.84444444444443,6,0,1000000,3000,4
906408,906408,3625632,6764,96,384,628.0,0.0,628.0,704,704,363.84375,15,0,1000000,3000,4
906590,906590,3626360,6765,182,728,1041.0,0.0,1041.0,1134,1134,576.7912087912088,23,0,1000000,3000,4
906810,906810,3627240,6766,220,880,1038.0,0.0,1038.0,1139,1139,636.1272727272727,23,0,1000000,3000,4
906928,906928,3627712,6767,118,472,595.0,0.0,595.0,675,675,367.4237288135593,14,0,1000000,3000,4
907187,907187,3628748,6768,259,1036,1306.0,0.0,1306.0,1413,1413,717.5984555984556,29,0,1000000,3000,4
907234,907234,3628936,6769,47,188,230.0,0.0,230.0,296,296,144.87234042553192,6,0,1000000,3000,4
907277,907277,3629108,6770,43,172,231.0,0.0,231.0,296,296,153.27906976744185,6,0,1000000,3000,4
907487,907487,3629948,6771,210,840,1030.0,0.0,1030.0,1127,1127,574.1,23,0,1000000,3000,4
907531,907531,3630124,6772,44,176,229.0,0.0,229.0,294,294,149.0909090909091,6,0,1000000,3000,4
907645,907645,3630580,6773,114,456,623.0,0.0,623.0,702,702,365.86842105263156,15,0,1000000,3000,4
907770,907770,3631080,6774,125,500,602.0,0.0,602.0,684,684,372.664,14,0,1000000,3000,4
907811,907811,3631244,6775,41,164,232.0,0.0,232.0,297,297,159.5121951219512,6,0,1000000,3000,4
907858,907858,3631432,6776,47,188,215.0,0.0,215.0,281,281,170.7872340425532,6,0,1000000,3000,4
907901,907901,3631604,6777,43,172,233.0,0.0,233.0,298,298,158.25581395348837,6,0,1000000,3000,4
908013,908013,3632052,6778,112,448,608.0,0.0,608.0,687,687,370.0625,14,0,1000000,3000,4
908241,908241,3632964,6779,228,912,1035.0,0.0,1035.0,1137,1137,614.421052631579,23,0,1000000,3000,4
908336,908336,3633344,6780,95,380,626.0,0.0,626.0,701,701,377.0210526315789,15,0,1000000,3000,4
908580,908580,3634320,6781,244,976,1024.0,0.0,1024.0,1127,1127,656.766393442623,23,0,1000000,3000,4
908851,908851,3635404,6782,271,1084,1024.0,0.0,1024.0,1135,1135,594.1845018450184,23,0,1000000,3000,4
909118,909118,3636472,6783,267,1068,1099.0,0.0,1099.0,1208,1208,648.9213483146067,25,0,1000000,3000,4
909382,909382,3637528,6784,264,1056,1020.0,0.0,1020.0,1129,1129,640.5454545454545,23,0,1000000,3000,4
909426,909426,3637704,6785,44,176,230.0,0.0,230.0,295,295,154.4090909090909,6,0,1000000,3000,4
909681,909681,3638724,6786,255,1020,1025.0,0.0,1025.0,1131,1131,610.1098039215686,23,0,1000000,3000,4
909802,909802,3639208,6787,121,484,622.0,0.0,622.0,703,703,359.24793388429754,15,0,1000000,3000,4
909957,909957,3639828,6788,155,620,736.0,0.0,736.0,823,823,473.7096774193548,17,0,1000000,3000,4
910071,910071,3640284,6789,114,456,610.0,0.0,610.0,689,689,381.44736842105266,14,0,1000000,3000,4
910114,910114,3640456,6790,43,172,231.0,0.0,231.0,296,296,153.93023255813952,6,0,1000000,3000,4
910225,910225,3640900,6791,111,444,625.0,0.0,625.0,704,704,367.1981981981982,15,0,1000000,3000,4
910336,910336,3641344,6792,111,444,617.0,0.0,617.0,696,696,364.52252252252254,14,0,1000000,3000,4
910379,910379,3641516,6793,43,172,231.0,0.0,231.0,296,296,155.27906976744185,6,0,1000000,3000,4
910562,910562,3642248,6794,183,732,1037.0,0.0,1037.0,1130,1130,587.1530054644809,23,0,1000000,3000,4
910757,910757,3643028,6795,195,780,1039.0,0.0,1039.0,1135,1135,593.4410256410256,23,0,1000000,3000,4
910801,910801,3643204,6796,44,176,230.0,0.0,230.0,295,295,157.9090909090909,6,0,1000000,3000,4
910975,910975,3643900,6797,174,696,713.0,0.0,713.0,804,804,469.764367816092,17,0,1000000,3000,4
911170,911170,3644680,6798,195,780,1044.0,0.0,1044.0,1138,1138,557.5641025641025,23,0,1000000,3000,4
911487,911487,3645948,6799,317,1268,1290.0,0.0,1290.0,1410,1410,696.3501577287067,29,0,1000000,3000,4
911676,911676,3646704,6800,189,756,745.0,0.0,745.0,839,839,476.7142857142857,17,0,1000000,3000,4
911858,911858,3647432,6801,182,728,807.0,0.0,807.0,898,898,546.0164835164835,18,0,1000000,3000,4
911965,911965,3647860,6802,107,428,611.0,0.0,611.0,689,689,366.66355140186914,14,0,1000000,3000,4
912226,912226,3648904,6803,261,1044,1308.0,0.0,1308.0,1417,1417,719.264367816092,29,0,1000000,3000,4
912436,912436,3649744,6804,210,840,1041.0,0.0,1041.0,1139,1139,635.9809523809524,23,0,1000000,3000,4
912575,912575,3650300,6805,139,556,730.0,0.0,730.0,814,814,461.841726618705,17,0,1000000,3000,4
912623,912623,3650492,6806,48,192,216.0,0.0,216.0,282,282,165.6875,6,0,1000000,3000,4
912671,912671,3650684,6807,48,192,221.0,0.0,221.0,287,287,161.64583333333334,6,0,1000000,3000,4
912778,912778,3651112,6808,107,428,600.0,0.0,600.0,678,678,393.0,14,0,1000000,3000,4
912972,912972,3651888,6809,194,776,747.0,0.0,747.0,842,842,519.139175257732,17,0,1000000,3000,4
913210,913210,3652840,6810,238,952,1302.0,0.0,1302.0,1406,1406,688.0714285714286,29,0,1000000,3000,4
913251,913251,3653004,6811,41,164,230.0,0.0,230.0,296,296,155.85365853658536,6,0,1000000,3000,4
913378,913378,3653512,6812,127,508,623.0,0.0,623.0,705,705,349.59842519685037,15,0,1000000,3000,4
913627,913627,3654508,6813,249,996,1305.0,0.0,1305.0,1411,1411,744.995983935743,29,0,1000000,3000,4
913670,913670,3654680,6814,43,172,239.0,0.0,239.0,303,303,151.02325581395348,7,0,1000000,3000,4
913949,913949,3655796,6815,279,1116,1653.0,0.0,1653.0,1765,1765,892.4516129032259,36,0,1000000,3000,4
914146,914146,3656584,6816,197,788,1042.0,0.0,1042.0,1137,1137,623.1319796954315,23,0,1000000,3000,4
914524,914524,3658096,6817,378,1512,1007.0,0.0,1007.0,1138,1138,739.1455026455027,23,0,1000000,3000,4
914739,914739,3658956,6818,215,860,1319.0,0.0,1319.0,1419,1419,723.7255813953489,29,0,1000000,3000,4
914973,914973,3659892,6819,234,936,1307.0,0.0,1307.0,1410,1410,711.8461538461538,29,0,1000000,3000,4
915175,915175,3660700,6820,202,808,1334.0,0.0,1334.0,1432,1432,675.8366336633663,29,0,1000000,3000,4
915377,915377,3661508,6821,202,808,1038.0,0.0,1038.0,1135,1135,587.940594059406,23,0,1000000,3000,4
915421,915421,3661684,6822,44,176,232.0,0.0,232.0,297,297,151.5909090909091,6,0,1000000,3000,4
915537,915537,3662148,6823,116,464,597.0,0.0,597.0,677,677,377.4913793103448,14,0,1000000,3000,4
915699,915699,3662796,6824,162,648,792.0,0.0,792.0,880,880,525.5679012345679,18,0,1000000,3000,4
915734,915734,3662936,6825,35,140,238.0,0.0,238.0,301,301,157.68571428571428,7,0,1000000,3000,4
916033,916033,3664132,6826,299,1196,1299.0,0.0,1299.0,1415,1415,711.0568561872909,29,0,1000000,3000,4
916230,916230,3664920,6827,197,788,758.0,0.0,758.0,854,854,524.010152284264,18,0,1000000,3000,4
916270,916270,3665080,6828,40,160,233.0,0.0,233.0,299,299,159.675,6,0,1000000,3000,4
916353,916353,3665412,6829,83,332,625.0,0.0,625.0,698,698,356.43373493975906,14,0,1000000,3000,4
916534,916534,3666136,6830,181,724,1046.0,0.0,1046.0,1138,1138,575.4033149171271,23,0,1000000,3000,4
916731,916731,3666924,6831,197,788,1043.0,0.0,1043.0,1139,1139,613.3451776649746,23,0,1000000,3000,4
916776,916776,3667104,6832,45,180,226.0,0.0,226.0,291,291,153.66666666666666,6,0,1000000,3000,4
916875,916875,3667500,6833,99,396,648.0,0.0,648.0,722,722,359.09090909090907,15,0,1000000,3000,4
917122,917122,3668488,6834,247,988,1305.0,0.0,1305.0,1411,1411,743.744939271255,29,0,1000000,3000,4
917163,917163,3668652,6835,41,164,231.0,0.0,231.0,295,295,162.390243902439,6,0,1000000,3000,4
917203,917203,3668812,6836,40,160,234.0,0.0,234.0,300,300,147.025,7,0,1000000,3000,4
917418,917418,3669672,6837,215,860,1317.0,0.0,1317.0,1415,1415,711.4976744186047,29,0,1000000,3000,4
917573,917573,3670292,6838,155,620,733.0,0.0,733.0,819,819,466.64516129032256,17,0,1000000,3000,4
917620,917620,3670480,6839,47,188,219.0,0.0,219.0,285,285,163.08510638297872,6,0,1000000,3000,4
917661,917661,3670644,6840,41,164,238.0,0.0,238.0,303,303,142.82926829268294,7,0,1000000,3000,4
917707,917707,3670828,6841,46,184,235.0,0.0,235.0,301,301,140.7826086956522,7,0,1000000,3000,4
917749,917749,3670996,6842,42,168,230.0,0.0,230.0,295,295,155.21428571428572,6,0,1000000,3000,4
917799,917799,3671196,6843,50,200,209.0,0.0,209.0,275,275,164.02,6,0,1000000,3000,4
917930,917930,3671720,6844,131,524,579.0,0.0,579.0,661,661,382.8473282442748,14,0,1000000,3000,4
918157,918157,3672628,6845,227,908,1036.0,0.0,1036.0,1138,1138,603.9471365638766,23,0,1000000,3000,4
918273,918273,3673092,6846,116,464,604.0,0.0,604.0,684,684,370.12931034482756,14,0,1000000,3000,4
918320,918320,3673280,6847,47,188,227.0,0.0,227.0,293,293,144.4468085106383,6,0,1000000,3000,4
918456,918456,3673824,6848,136,544,612.0,0.0,612.0,696,696,343.4632352941176,14,0,1000000,3000,4
918572,918572,3674288,6849,116,464,604.0,0.0,604.0,684,684,362.58620689655174,14,0,1000000,3000,4
918822,918822,3675288,6850,250,1000,1308.0,0.0,1308.0,1412,1412,681.352,29,0,1000000,3000,4
919054,919054,3676216,6851,232,928,1035.0,0.0,1035.0,1138,1138,600.8060344827586,23,0,1000000,3000,4
919315,919315,3677260,6852,261,1044,1325.0,0.0,1325.0,1435,1435,677.8812260536398,29,0,1000000,3000,4
919500,919500,3678000,6853,185,740,1034.0,0.0,1034.0,1126,1126,596.4270270270271,23,0,1000000,3000,4
919643,919643,3678572,6854,143,572,639.0,0.0,639.0,722,722,500.7132867132867,15,0,1000000,3000,4
919678,919678,3678712,6855,35,140,232.0,0.0,232.0,296,296,164.94285714285715,6,0,1000000,3000,4
919896,919896,3679584,6856,218,872,1313.0,0.0,1313.0,1411,1413,728.5275229357799,29,0,1000000,3000,4
920088,920088,3680352,6857,192,768,1034.0,0.0,1034.0,1128,1128,590.6458333333334,23,0,1000000,3000,4
920345,920345,3681380,6858,257,1028,1328.0,0.0,1328.0,1437,1437,760.9027237354086,29,0,1000000,3000,4
920511,920511,3682044,6859,166,664,738.0,0.0,738.0,828,828,510.32530120481925,17,0,1000000,3000,4
920879,920879,3683516,6860,368,1472,1399.0,0.0,1399.0,1530,1530,785.1766304347826,31,0,1000000,3000,4
920919,920919,3683676,6861,40,160,232.0,0.0,232.0,297,297,160.65,6,0,1000000,3000,4
921003,921003,3684012,6862,84,336,619.0,0.0,619.0,693,693,347.8809523809524,14,0,1000000,3000,4
921162,921162,3684648,6863,159,636,812.0,0.0,812.0,898,898,565.5471698113207,18,0,1000000,3000,4
921415,921415,3685660,6864,253,1012,1032.0,0.0,1032.0,1138,1138,692.0553359683795,23,0,1000000,3000,4
921446,921446,3685784,6865,31,124,244.0,0.0,244.0,307,307,163.5483870967742,7,0,1000000,3000,4
921704,921704,3686816,6866,258,1032,1325.0,0.0,1325.0,1434,1434,742.4069767441861,29,0,1000000,3000,4
921924,921924,3687696,6867,220,880,1309.0,0.0,1309.0,1409,1409,697.1590909090909,29,0,1000000,3000,4
921960,921960,3687840,6868,36,144,241.0,0.0,241.0,306,306,150.55555555555554,7,0,1000000,3000,4
922037,922037,3688148,6869,77,308,652.0,0.0,652.0,722,722,373.06493506493507,15,0,1000000,3000,4
922203,922203,3688812,6870,166,664,810.0,0.0,810.0,898,899,549.5301204819277,18,0,1000000,3000,4
922241,922241,3688964,6871,38,152,232.0,0.0,232.0,296,296,166.26315789473685,6,0,1000000,3000,4
922537,922537,3690148,6872,296,1184,1012.0,0.0,1012.0,1127,1127,708.1621621621622,23,0,1000000,3000,4
922573,922573,3690292,6873,36,144,234.0,0.0,234.0,297,297,168.30555555555554,6,0,1000000,3000,4
922607,922607,3690428,6874,34,136,239.0,0.0,239.0,303,303,157.7058823529412,7,0,1000000,3000,4
922693,922693,3690772,6875,86,344,620.0,0.0,620.0,694,694,400.98837209302326,14,0,1000000,3000,4
922733,922733,3690932,6876,40,160,220.0,0.0,220.0,285,285,166.875,6,0,1000000,3000,4
922821,922821,3691284,6877,88,352,631.0,0.0,631.0,706,706,365.92045454545456,15,0,1000000,3000,4
923014,923014,3692056,6878,193,772,805.0,0.0,805.0,898,900,582.9119170984455,19,0,1000000,3000,4
923043,923043,3692172,6879,29,116,252.0,0.0,252.0,315,315,163.0,7,0,1000000,3000,4
923228,923228,3692912,6880,185,740,1045.0,0.0,1045.0,1137,1137,617.7567567567568,23,0,1000000,3000,4
923370,923370,3693480,6881,142,568,639.0,0.0,639.0,722,722,524.887323943662,15,0,1000000,3000,4
923399,923399,3693596,6882,29,116,251.0,0.0,251.0,314,314,154.6206896551724,7,0,1000000,3000,4
923624,923624,3694496,6883,225,900,1028.0,0.0,1028.0,1129,1129,677.1288888888889,23,0,1000000,3000,4
923810,923810,3695240,6884,186,744,806.0,0.0,806.0,898,899,587.994623655914,18,0,1000000,3000,4
924064,924064,3696256,6885,254,1016,1312.0,0.0,1312.0,1418,1418,718.3818897637796,29,0,1000000,3000,4
924106,924106,3696424,6886,42,168,228.0,0.0,228.0,293,293,163.64285714285714,6,0,1000000,3000,4
924318,924318,3697272,6887,212,848,1032.0,0.0,1032.0,1131,1131,632.6603773584906,23,0,1000000,3000,4
924405,924405,3697620,6888,87,348,607.0,0.0,607.0,681,681,411.9310344827586,14,0,1000000,3000,4
924588,924588,3698352,6889,183,732,807.0,0.0,807.0,898,898,604.0491803278688,18,0,1000000,3000,4
924676,924676,3698704,6890,88,352,628.0,0.0,628.0,702,702,365.92045454545456,15,0,1000000,3000,4
924708,924708,3698832,6891,32,128,240.0,0.0,240.0,304,304,169.78125,7,0,1000000,3000,4
924981,924981,3699924,6892,273,1092,1017.0,0.0,1017.0,1127,1127,694.0293040293041,23,0,1000000,3000,4
925083,925083,3700332,6893,102,408,592.0,0.0,592.0,669,669,400.94117647058823,14,0,1000000,3000,4
925366,925366,3701464,6894,283,1132,1027.0,0.0,1027.0,1140,1140,654.6077738515901,23,0,1000000,3000,4
925604,925604,3702416,6895,238,952,1417.0,0.0,1417.0,1522,1522,721.8151260504202,31,0,1000000,3000,4
925789,925789,3703156,6896,185,740,1341.0,0.0,1341.0,1435,1435,731.9405405405405,29,0,1000000,3000,4
925873,925873,3703492,6897,84,336,619.0,0.0,619.0,692,692,345.6547619047619,14,0,1000000,3000,4
925971,925971,3703884,6898,98,392,648.0,0.0,648.0,722,722,394.07142857142856,15,0,1000000,3000,4
926069,926069,3704276,6899,98,392,597.0,0.0,597.0,674,674,413.5204081632653,14,0,1000000,3000,4
926264,926264,3705056,6900,195,780,1338.0,0.0,1338.0,1434,1434,684.0871794871795,29,0,1000000,3000,4
926351,926351,3705404,6901,87,348,627.0,0.0,627.0,701,701,380.3103448275862,15,0,1000000,3000,4
926520,926520,3706080,6902,169,676,1036.0,0.0,1036.0,1125,1125,635.0828402366864,23,0,1000000,3000,4
926555,926555,3706220,6903,35,140,247.0,0.0,247.0,310,310,159.05714285714285,7,0,1000000,3000,4
926720,926720,3706880,6904,165,660,1037.0,0.0,1037.0,1124,1124,603.7818181818182,23,0,1000000,3000,4
926818,926818,3707272,6905,98,392,591.0,0.0,591.0,667,667,414.40816326530614,14,0,1000000,3000,4
926971,926971,3707884,6906,153,612,714.0,0.0,714.0,801,801,492.359477124183,17,0,1000000,3000,4
927216,927216,3708864,6907,245,980,1312.0,0.0,1312.0,1416,1416,748.204081632653,29,0,1000000,3000,4
927371,927371,3709484,6908,155,620,715.0,0.0,715.0,802,802,491.6645161290323,17,0,1000000,3000,4
927467,927467,3709868,6909,96,384,619.0,0.0,619.0,695,695,376.7291666666667,14,0,1000000,3000,4
927662,927662,3710648,6910,195,780,1312.0,0.0,1312.0,1408,1408,674.1435897435897,29,0,1000000,3000,4
927906,927906,3711624,6911,244,976,1020.0,0.0,1020.0,1123,1123,656.5409836065573,23,0,1000000,3000,4
928015,928015,3712060,6912,109,436,603.0,0.0,603.0,681,681,400.6788990825688,14,0,1000000,3000,4
928161,928161,3712644,6913,146,584,1052.0,0.0,1052.0,1137,1137,600.2808219178082,23,0,1000000,3000,4
928200,928200,3712800,6914,39,156,241.0,0.0,241.0,305,305,156.82051282051282,7,0,1000000,3000,4
928364,928364,3713456,6915,164,656,811.0,0.0,811.0,898,900,506.719512195122,19,0,1000000,3000,4
928471,928471,3713884,6916,107,428,592.0,0.0,592.0,670,670,384.30841121495325,14,0,1000000,3000,4
928640,928640,3714560,6917,169,676,1035.0,0.0,1035.0,1124,1124,610.9289940828403,23,0,1000000,3000,4
928741,928741,3714964,6918,101,404,609.0,0.0,609.0,686,686,332.15841584158414,14,0,1000000,3000,4
928824,928824,3715296,6919,83,332,615.0,0.0,615.0,687,687,329.89156626506025,14,0,1000000,3000,4
928879,928879,3715516,6920,55,220,224.0,0.0,224.0,291,291,139.38181818181818,6,0,1000000,3000,4
928984,928984,3715936,6921,105,420,626.0,0.0,626.0,703,703,363.2,15,0,1000000,3000,4
929035,929035,3716140,6922,51,204,211.0,0.0,211.0,277,277,165.19607843137254,6,0,1000000,3000,4
929073,929073,3716292,6923,38,152,231.0,0.0,231.0,295,295,162.8421052631579,6,0,1000000,3000,4
929176,929176,3716704,6924,103,412,617.0,0.0,617.0,694,694,307.43689320388347,14,0,1000000,3000,4
929219,929219,3716876,6925,43,172,232.0,0.0,232.0,297,297,147.11627906976744,6,0,1000000,3000,4
929320,929320,3717280,6926,101,404,613.0,0.0,613.0,690,690,380.2970297029703,14,0,1000000,3000,4
929359,929359,3717436,6927,39,156,242.0,0.0,242.0,307,307,143.66666666666666,7,0,1000000,3000,4
929448,929448,3717792,6928,89,356,628.0,0.0,628.0,703,703,360.86516853932585,15,0,1000000,3000,4
929536,929536,3718144,6929,88,352,632.0,0.0,632.0,706,706,356.28409090909093,15,0,1000000,3000,4
929578,929578,3718312,6930,42,168,232.0,0.0,232.0,297,297,161.02380952380952,6,0,1000000,3000,4
929848,929848,3719392,6931,270,1080,1680.0,0.0,1680.0,1791,1791,857.662962962963,36,0,1000000,3000,4
929967,929967,3719868,6932,119,476,630.0,0.0,630.0,710,710,348.218487394958,15,0,1000000,3000,4
930009,930009,3720036,6933,42,168,233.0,0.0,233.0,298,298,153.66666666666666,6,0,1000000,3000,4
930189,930189,3720756,6934,180,720,703.0,0.0,703.0,795,795,499.8222222222222,16,0,1000000,3000,4
930514,930514,3722056,6935,325,1300,1315.0,0.0,1315.0,1437,1437,680.6830769230769,29,0,1000000,3000,4
930689,930689,3722756,6936,175,700,756.0,0.0,756.0,848,848,514.5485714285714,17,0,1000000,3000,4
930725,930725,3722900,6937,36,144,241.0,0.0,241.0,304,304,160.05555555555554,7,0,1000000,3000,4
930774,930774,3723096,6938,49,196,231.0,0.0,231.0,296,296,139.18367346938774,6,0,1000000,3000,4
930929,930929,3723716,6939,155,620,743.0,0.0,743.0,831,831,483.3806451612903,17,0,1000000,3000,4
931013,931013,3724052,6940,84,336,651.0,0.0,651.0,722,723,342.57142857142856,15,0,1000000,3000,4
931130,931130,3724520,6941,117,468,599.0,0.0,599.0,679,679,383.3931623931624,14,0,1000000,3000,4
931240,931240,3724960,6942,110,440,622.0,0.0,622.0,701,701,366.3818181818182,15,0,1000000,3000,4
931535,931535,3726140,6943,295,1180,1310.0,0.0,1310.0,1426,1426,654.271186440678,29,0,1000000,3000,4
931624,931624,3726496,6944,89,356,632.0,0.0,632.0,706,706,386.59550561797755,15,0,1000000,3000,4
931718,931718,3726872,6945,94,376,649.0,0.0,649.0,722,722,346.6808510638298,15,0,1000000,3000,4
931756,931756,3727024,6946,38,152,231.0,0.0,231.0,296,296,167.8684210526316,6,0,1000000,3000,4
931951,931951,3727804,6947,195,780,1338.0,0.0,1338.0,1435,1435,726.9282051282051,29,0,1000000,3000,4
931987,931987,3727948,6948,36,144,244.0,0.0,244.0,308,308,145.05555555555554,7,0,1000000,3000,4
932088,932088,3728352,6949,101,404,647.0,0.0,647.0,722,722,341.74257425742576,15,0,1000000,3000,4
932115,932115,3728460,6950,27,108,252.0,0.0,252.0,314,314,162.92592592592592,7,0,1000000,3000,4
932152,932152,3728608,6951,37,148,238.0,0.0,238.0,303,303,155.94594594594594,7,0,1000000,3000,4
932225,932225,3728900,6952,73,292,614.0,0.0,614.0,686,686,314.05479452054794,14,0,1000000,3000,4
932434,932434,3729736,6953,209,836,1335.0,0.0,1335.0,1434,1434,756.3636363636364,29,0,1000000,3000,4
932529,932529,3730116,6954,95,380,610.0,0.0,610.0,686,686,355.14736842105265,14,0,1000000,3000,4
932677,932677,3730708,6955,148,592,1042.0,0.0,1042.0,1127,1127,637.7837837837837,23,0,1000000,3000,4
932719,932719,3730876,6956,42,168,232.0,0.0,232.0,297,297,159.8095238095238,6,0,1000000,3000,4
932974,932974,3731896,6957,255,1020,1681.0,0.0,1681.0,1788,1788,836.4627450980392,36,0,1000000,3000,4
933125,933125,3732500,6958,151,604,813.0,0.0,813.0,898,899,590.0596026490066,18,0,1000000,3000,4
933171,933171,3732684,6959,46,184,220.0,0.0,220.0,286,286,164.15217391304347,6,0,1000000,3000,4
933319,933319,3733276,6960,148,592,1040.0,0.0,1040.0,1125,1125,560.3581081081081,23,0,1000000,3000,4
933409,933409,3733636,6961,90,360,638.0,0.0,638.0,714,714,360.74444444444447,15,0,1000000,3000,4
933439,933439,3733756,6962,30,120,247.0,0.0,247.0,309,309,159.86666666666667,7,0,1000000,3000,4
933552,933552,3734208,6963,113,452,612.0,0.0,612.0,690,690,373.53097345132744,14,0,1000000,3000,4
933733,933733,3734932,6964,181,724,1338.0,0.0,1338.0,1432,1432,691.3038674033149,29,0,1000000,3000,4
933766,933766,3735064,6965,33,132,245.0,0.0,245.0,308,308,164.57575757575756,7,0,1000000,3000,4
934050,934050,3736200,6966,284,1136,1017.0,0.0,1017.0,1130,1130,697.7183098591549,23,0,1000000,3000,4
934322,934322,3737288,6967,272,1088,1320.0,0.0,1320.0,1432,1432,736.75,29,0,1000000,3000,4
934534,934534,3738136,6968,212,848,1032.0,0.0,1032.0,1131,1131,675.0094339622641,23,0,1000000,3000,4
934637,934637,3738548,6969,103,412,603.0,0.0,603.0,680,680,385.1650485436893,14,0,1000000,3000,4
934725,934725,3738900,6970,88,352,633.0,0.0,633.0,707,707,365.34090909090907,15,0,1000000,3000,4
934821,934821,3739284,6971,96,384,633.0,0.0,633.0,709,709,354.875,15,0,1000000,3000,4
934980,934980,3739920,6972,159,636,1153.0,0.0,1153.0,1242,1242,635.9748427672956,25,0,1000000,3000,4
935076,935076,3740304,6973,96,384,613.0,0.0,613.0,689,689,392.375,14,0,1000000,3000,4
935167,935167,3740668,6974,91,364,620.0,0.0,620.0,695,695,389.16483516483515,14,0,1000000,3000,4
935344,935344,3741376,6975,177,708,1044.0,0.0,1044.0,1136,1136,618.9548022598871,23,0,1000000,3000,4
935492,935492,3741968,6976,148,592,814.0,0.0,814.0,898,898,575.4864864864865,18,0,1000000,3000,4
935531,935531,3742124,6977,39,156,236.0,0.0,236.0,300,300,155.35897435897436,7,0,1000000,3000,4
935575,935575,3742300,6978,44,176,226.0,0.0,226.0,291,291,166.54545454545453,6,0,1000000,3000,4
935614,935614,3742456,6979,39,156,241.0,0.0,241.0,305,305,151.10256410256412,7,0,1000000,3000,4
935829,935829,3743316,6980,215,860,1029.0,0.0,1029.0,1128,1128,640.7581395348838,23,0,1000000,3000,4
935920,935920,3743680,6981,91,364,627.0,0.0,627.0,703,703,360.35164835164835,15,0,1000000,3000,4
936134,936134,3744536,6982,214,856,801.0,0.0,801.0,898,898,553.7149532710281,18,0,1000000,3000,4
936180,936180,3744720,6983,46,184,219.0,0.0,219.0,284,284,169.91304347826087,6,0,1000000,3000,4
936301,936301,3745204,6984,121,484,600.0,0.0,600.0,681,681,370.198347107438,14,0,1000000,3000,4
936339,936339,3745356,6985,38,152,238.0,0.0,238.0,303,303,154.68421052631578,7,0,1000000,3000,4
936380,936380,3745520,6986,41,164,230.0,0.0,230.0,295,295,155.6341463414634,6,0,1000000,3000,4
936425,936425,3745700,6987,45,180,223.0,0.0,223.0,288,288,168.0888888888889,6,0,1000000,3000,4
936467,936467,3745868,6988,42,168,228.0,0.0,228.0,293,293,159.0,6,0,1000000,3000,4
936632,936632,3746528,6989,165,660,811.0,0.0,811.0,898,898,533.369696969697,18,0,1000000,3000,4
936800,936800,3747200,6990,168,672,593.0,0.0,593.0,683,683,435.11309523809524,14,0,1000000,3000,4
936846,936846,3747384,6991,46,184,220.0,0.0,220.0,286,286,165.65217391304347,6,0,1000000,3000,4
937070,937070,3748280,6992,224,896,1037.0,0.0,1037.0,1137,1137,587.2767857142857,23,0,1000000,3000,4
937401,937401,3749604,6993,331,1324,1537.0,0.0,1537.0,1659,1659,811.2567975830816,34,0,1000000,3000,4
937506,937506,3750024,6994,105,420,629.0,0.0,629.0,707,707,358.79047619047617,15,0,1000000,3000,4
937651,937651,3750604,6995,145,580,639.0,0.0,639.0,722,723,475.1034482758621,15,0,1000000,3000,4
937692,937692,3750768,6996,41,164,231.0,0.0,231.0,296,296,161.73170731707316,6,0,1000000,3000,4
937806,937806,3751224,6997,114,456,603.0,0.0,603.0,682,682,374.8070175438597,14,0,1000000,3000,4
938056,938056,3752224,6998,250,1000,1026.0,0.0,1026.0,1132,1132,658.532,23,0,1000000,3000,4
938097,938097,3752388,6999,41,164,229.0,0.0,229.0,294,294,158.70731707317074,6,0,1000000,3000,4
938322,938322,3753288,7000,225,900,1029.0,0.0,1029.0,1129,1129,614.4444444444445,23,0,1000000,3000,4
938433,938433,3753732,7001,111,444,609.0,0.0,609.0,688,688,370.07207207207205,14,0,1000000,3000,4
938634,938634,3754536,7002,201,804,1339.0,0.0,1339.0,1437,1437,728.6666666666666,29,0,1000000,3000,4
938842,938842,3755368,7003,208,832,1040.0,0.0,1040.0,1138,1138,588.6346153846154,23,0,1000000,3000,4
938887,938887,3755548,7004,45,180,217.0,0.0,217.0,283,283,164.84444444444443,6,0,1000000,3000,4
939045,939045,3756180,7005,158,632,1040.0,0.0,1040.0,1127,1127,590.2025316455696,23,0,1000000,3000,4
939146,939146,3756584,7006,101,404,607.0,0.0,607.0,685,685,314.5247524752475,14,0,1000000,3000,4
939354,939354,3757416,7007,208,832,1037.0,0.0,1037.0,1134,1134,565.7980769230769,23,0,1000000,3000,4
939439,939439,3757756,7008,85,340,632.0,0.0,632.0,705,705,344.32941176470587,15,0,1000000,3000,4
939718,939718,3758872,7009,279,1116,1309.0,0.0,1309.0,1421,1421,709.1218637992831,29,0,1000000,3000,4
939763,939763,3759052,7010,45,180,230.0,0.0,230.0,296,296,149.75555555555556,6,0,1000000,3000,4
939863,939863,3759452,7011,100,400,603.0,0.0,603.0,679,679,329.06,14,0,1000000,3000,4
940033,940033,3760132,7012,170,680,1048.0,0.0,1048.0,1138,1138,578.1058823529412,23,0,1000000,3000,4
940065,940065,3760260,7013,32,128,245.0,0.0,245.0,309,309,150.90625,7,0,1000000,3000,4
940161,940161,3760644,7014,96,384,630.0,0.0,630.0,706,706,360.6770833333333,15,0,1000000,3000,4
940254,940254,3761016,7015,93,372,620.0,0.0,620.0,695,695,374.63440860215053,14,0,1000000,3000,4
940465,940465,3761860,7016,211,844,1039.0,0.0,1039.0,1137,1137,649.3507109004739,23,0,1000000,3000,4
940573,940573,3762292,7017,108,432,626.0,0.0,626.0,705,705,351.6574074074074,15,0,1000000,3000,4
940682,940682,3762728,7018,109,436,619.0,0.0,619.0,698,698,371.8165137614679,14,0,1000000,3000,4
940788,940788,3763152,7019,106,424,614.0,0.0,614.0,692,692,364.9622641509434,14,0,1000000,3000,4
940876,940876,3763504,7020,88,352,606.0,0.0,606.0,681,681,318.78409090909093,14,0,1000000,3000,4
940966,940966,3763864,7021,90,360,622.0,0.0,622.0,696,696,376.0111111111111,14,0,1000000,3000,4
941062,941062,3764248,7022,96,384,620.0,0.0,620.0,697,697,363.4583333333333,14,0,1000000,3000,4
941097,941097,3764388,7023,35,140,249.0,0.0,249.0,312,312,154.17142857142858,7,0,1000000,3000,4
941141,941141,3764564,7024,44,176,229.0,0.0,229.0,293,293,158.27272727272728,6,0,1000000,3000,4
941345,941345,3765380,7025,204,816,1040.0,0.0,1040.0,1136,1136,601.3235294117648,23,0,1000000,3000,4
941427,941427,3765708,7026,82,328,625.0,0.0,625.0,699,699,342.1707317073171,14,0,1000000,3000,4
941509,941509,3766036,7027,82,328,637.0,0.0,637.0,710,710,366.7560975609756,15,0,1000000,3000,4
941599,941599,3766396,7028,90,360,606.0,0.0,606.0,680,680,411.27777777777777,14,0,1000000,3000,4
941639,941639,3766556,7029,40,160,232.0,0.0,232.0,297,297,160.65,6,0,1000000,3000,4
941810,941810,3767240,7030,171,684,1433.0,0.0,1433.0,1525,1525,760.7017543859649,31,0,1000000,3000,4
941899,941899,3767596,7031,89,356,636.0,0.0,636.0,710,710,386.39325842696627,15,0,1000000,3000,4
942113,942113,3768452,7032,214,856,1029.0,0.0,1029.0,1127,1127,614.3831775700935,23,0,1000000,3000,4
942291,942291,3769164,7033,178,712,1333.0,0.0,1333.0,1426,1426,682.7528089887641,29,0,1000000,3000,4
942391,942391,3769564,7034,100,400,620.0,0.0,620.0,697,697,385.34,14,0,1000000,3000,4
942473,942473,3769892,7035,82,328,623.0,0.0,623.0,697,697,340.0243902439024,14,0,1000000,3000,4
942507,942507,3770028,7036,34,136,247.0,0.0,247.0,311,311,156.0,7,0,1000000,3000,4
942649,942649,3770596,7037,142,568,1045.0,0.0,1045.0,1129,1129,567.3239436619718,23,0,1000000,3000,4
942857,942857,3771428,7038,208,832,1040.0,0.0,1040.0,1137,1137,623.6778846153846,23,0,1000000,3000,4
942901,942901,3771604,7039,44,176,224.0,0.0,224.0,289,289,164.38636363636363,6,0,1000000,3000,4
943211,943211,3772844,7040,310,1240,1542.0,0.0,1542.0,1659,1659,836.7193548387097,34,0,1000000,3000,4
943531,943531,3774124,7041,320,1280,1288.0,0.0,1288.0,1408,1408,754.315625,29,0,1000000,3000,4
943728,943728,3774912,7042,197,788,804.0,0.0,804.0,898,898,573.3045685279188,18,0,1000000,3000,4
943773,943773,3775092,7043,45,180,232.0,0.0,232.0,298,298,149.22222222222223,6,0,1000000,3000,4
943941,943941,3775764,7044,168,672,749.0,0.0,749.0,839,839,526.7440476190476,17,0,1000000,3000,4
943987,943987,3775948,7045,46,184,228.0,0.0,228.0,293,293,146.7391304347826,6,0,1000000,3000,4
944110,944110,3776440,7046,123,492,591.0,0.0,591.0,672,672,380.0975609756098,14,0,1000000,3000,4
944208,944208,3776832,7047,98,392,597.0,0.0,597.0,673,673,416.8061224489796,14,0,1000000,3000,4
944398,944398,3777592,7048,190,760,730.0,0.0,730.0,824,824,499.8421052631579,17,0,1000000,3000,4
944599,944599,3778396,7049,201,804,1033.0,0.0,1033.0,1129,1129,555.2388059701492,23,0,1000000,3000,4
944757,944757,3779028,7050,158,632,636.0,0.0,636.0,722,722,488.10759493670884,15,0,1000000,3000,4
944958,944958,3779832,7051,201,804,1028.0,0.0,1028.0,1124,1124,595.1194029850747,23,0,1000000,3000,4
945088,945088,3780352,7052,130,520,603.0,0.0,603.0,685,685,371.9923076923077,14,0,1000000,3000,4
945192,945192,3780768,7053,104,416,631.0,0.0,631.0,708,708,361.6923076923077,15,0,1000000,3000,4
945524,945524,3782096,7054,332,1328,1292.0,0.0,1292.0,1413,1413,737.9487951807229,29,0,1000000,3000,4
945571,945571,3782284,7055,47,188,215.0,0.0,215.0,281,281,170.27659574468086,6,0,1000000,3000,4
945739,945739,3782956,7056,168,672,634.0,0.0,634.0,722,723,487.1547619047619,15,0,1000000,3000,4
945788,945788,3783152,7057,49,196,213.0,0.0,213.0,279,279,163.28571428571428,6,0,1000000,3000,4
945969,945969,3783876,7058,181,724,782.0,0.0,782.0,875,875,501.7292817679558,18,0,1000000,3000,4
946221,946221,3784884,7059,252,1008,1290.0,0.0,1290.0,1397,1397,754.5436507936508,28,0,1000000,3000,4
946273,946273,3785092,7060,52,208,224.0,0.0,224.0,291,291,142.6346153846154,6,0,1000000,3000,4
946441,946441,3785764,7061,168,672,716.0,0.0,716.0,806,806,480.76785714285717,17,0,1000000,3000,4
946622,946622,3786488,7062,181,724,754.0,0.0,754.0,847,847,499.16022099447514,17,0,1000000,3000,4
946683,946683,3786732,7063,61,244,185.0,0.0,185.0,253,253,155.98360655737704,6,0,1000000,3000,4
946753,946753,3787012,7064,70,280,205.0,0.0,205.0,275,275,132.9,6,0,1000000,3000,4
946803,946803,3787212,7065,50,200,224.0,0.0,224.0,288,288,151.72,6,0,1000000,3000,4
947027,947027,3788108,7066,224,896,1309.0,0.0,1309.0,1410,1410,608.1651785714286,29,0,1000000,3000,4
947242,947242,3788968,7067,215,860,1029.0,0.0,1029.0,1128,1128,595.3348837209302,23,0,1000000,3000,4
947323,947323,3789292,7068,81,324,622.0,0.0,622.0,696,696,345.2716049382716,14,0,1000000,3000,4
947379,947379,3789516,7069,56,224,204.0,0.0,204.0,271,271,161.57142857142858,6,0,1000000,3000,4
947418,947418,3789672,7070,39,156,248.0,0.0,248.0,313,313,143.76923076923077,7,0,1000000,3000,4
947457,947457,3789828,7071,39,156,244.0,0.0,244.0,309,309,139.71794871794873,7,0,1000000,3000,4
947500,947500,3790000,7072,43,172,229.0,0.0,229.0,294,294,158.95348837209303,6,0,1000000,3000,4
947538,947538,3790152,7073,38,152,236.0,0.0,236.0,300,300,165.73684210526315,7,0,1000000,3000,4
947642,947642,3790568,7074,104,416,609.0,0.0,609.0,687,687,394.09615384615387,14,0,1000000,3000,4
947914,947914,3791656,7075,272,1088,1320.0,0.0,1320.0,1432,1432,624.9301470588235,29,0,1000000,3000,4
947982,947982,3791928,7076,68,272,608.0,0.0,608.0,679,679,303.79411764705884,14,0,1000000,3000,4
948018,948018,3792072,7077,36,144,250.0,0.0,250.0,315,315,141.47222222222223,7,0,1000000,3000,4
948118,948118,3792472,7078,100,400,607.0,0.0,607.0,685,685,317.1,14,0,1000000,3000,4
948220,948220,3792880,7079,102,408,647.0,0.0,647.0,722,722,347.44117647058823,15,0,1000000,3000,4
948374,948374,3793496,7080,154,616,1040.0,0.0,1040.0,1126,1126,543.8441558441558,23,0,1000000,3000,4
948417,948417,3793668,7081,43,172,233.0,0.0,233.0,298,298,154.95348837209303,6,0,1000000,3000,4
948618,948618,3794472,7082,201,804,1142.0,0.0,1142.0,1240,1240,654.1542288557214,25,0,1000000,3000,4
948727,948727,3794908,7083,109,436,599.0,0.0,599.0,678,678,384.44954128440367,14,0,1000000,3000,4
948839,948839,3795356,7084,112,448,624.0,0.0,624.0,704,704,361.91964285714283,15,0,1000000,3000,4
948942,948942,3795768,7085,103,412,619.0,0.0,619.0,697,697,358.0388349514563,14,0,1000000,3000,4
949042,949042,3796168,7086,100,400,622.0,0.0,622.0,699,699,376.11,14,0,1000000,3000,4
949237,949237,3796948,7087,195,780,1428.0,0.0,1428.0,1524,1524,737.9333333333333,31,0,1000000,3000,4
949289,949289,3797156,7088,52,208,205.0,0.0,205.0,272,272,169.90384615384616,6,0,1000000,3000,4
949397,949397,3797588,7089,108,432,618.0,0.0,618.0,697,697,364.05555555555554,14,0,1000000,3000,4
949501,949501,3798004,7090,104,416,744.0,0.0,744.0,821,821,495.74038461538464,17,0,1000000,3000,4
949788,949788,3799152,7091,287,1148,1014.0,0.0,1014.0,1127,1127,635.7839721254355,23,0,1000000,3000,4
949823,949823,3799292,7092,35,140,243.0,0.0,243.0,307,307,155.85714285714286,7,0,1000000,3000,4
949869,949869,3799476,7093,46,184,229.0,0.0,229.0,295,295,152.58695652173913,6,0,1000000,3000,4
949919,949919,3799676,7094,50,200,238.0,0.0,238.0,306,306,121.8,7,0,1000000,3000,4
949964,949964,3799856,7095,45,180,233.0,0.0,233.0,297,297,150.33333333333334,6,0,1000000,3000,4
950422,950422,3801688,7096,458,1832,1294.0,0.0,1294.0,1443,1443,784.2620087336245,29,0,1000000,3000,4
950465,950465,3801860,7097,43,172,248.0,0.0,248.0,314,314,135.2325581395349,7,0,1000000,3000,4
950677,950677,3802708,7098,212,848,1027.0,0.0,1027.0,1124,1124,546.0754716981132,23,0,1000000,3000,4
950831,950831,3803324,7099,154,616,729.0,0.0,729.0,816,816,483.9155844155844,17,0,1000000,3000,4
951114,951114,3804456,7100,283,1132,1295.0,0.0,1295.0,1408,1408,742.7067137809187,29,0,1000000,3000,4
951146,951146,3804584,7101,32,128,248.0,0.0,248.0,311,311,154.78125,7,0,1000000,3000,4
951240,951240,3804960,7102,94,376,630.0,0.0,630.0,706,706,369.21276595744683,15,0,1000000,3000,4
951548,951548,3806192,7103,308,1232,1308.0,0.0,1308.0,1427,1427,731.6461038961039,29,0,1000000,3000,4
951642,951642,3806568,7104,94,376,612.0,0.0,612.0,688,688,334.531914893617,14,0,1000000,3000,4
951678,951678,3806712,7105,36,144,231.0,0.0,231.0,294,294,163.66666666666666,6,0,1000000,3000,4
951882,951882,3807528,7106,204,816,1042.0,0.0,1042.0,1139,1139,604.1764705882352,23,0,1000000,3000,4
951917,951917,3807668,7107,35,140,235.0,0.0,235.0,299,299,167.0,6,0,1000000,3000,4
951952,951952,3807808,7108,35,140,245.0,0.0,245.0,309,309,152.11428571428573,7,0,1000000,3000,4
951994,951994,3807976,7109,42,168,231.0,0.0,231.0,295,295,161.33333333333334,6,0,1000000,3000,4
952034,952034,3808136,7110,40,160,230.0,0.0,230.0,295,295,162.225,6,0,1000000,3000,4
952276,952276,3809104,7111,242,968,1031.0,0.0,1031.0,1135,1135,671.0206611570248,23,0,1000000,3000,4
952438,952438,3809752,7112,162,648,1046.0,0.0,1046.0,1135,1135,621.4753086419753,23,0,1000000,3000,4
952476,952476,3809904,7113,38,152,237.0,0.0,237.0,302,302,152.02631578947367,7,0,1000000,3000,4
952637,952637,3810548,7114,161,644,1037.0,0.0,1037.0,1125,1125,600.9751552795032,23,0,1000000,3000,4
952918,952918,3811672,7115,281,1124,1294.0,0.0,1294.0,1406,1406,741.8327402135232,29,0,1000000,3000,4
953015,953015,3812060,7116,97,388,632.0,0.0,632.0,709,709,367.10309278350513,15,0,1000000,3000,4
953229,953229,3812916,7117,214,856,1042.0,0.0,1042.0,1141,1141,649.481308411215,23,0,1000000,3000,4
953499,953499,3813996,7118,270,1080,1672.0,0.0,1672.0,1782,1782,889.5296296296297,36,0,1000000,3000,4
953591,953591,3814364,7119,92,368,649.0,0.0,649.0,722,722,352.1630434782609,15,0,1000000,3000,4
953677,953677,3814708,7120,86,344,603.0,0.0,603.0,678,678,307.8139534883721,14,0,1000000,3000,4
953707,953707,3814828,7121,30,120,250.0,0.0,250.0,313,313,151.76666666666668,7,0,1000000,3000,4
953900,953900,3815600,7122,193,772,1043.0,0.0,1043.0,1138,1138,618.2383419689119,23,0,1000000,3000,4
953942,953942,3815768,7123,42,168,227.0,0.0,227.0,292,292,163.92857142857142,6,0,1000000,3000,4
954148,954148,3816592,7124,206,824,1031.0,0.0,1031.0,1128,1128,626.1650485436893,23,0,1000000,3000,4
954230,954230,3816920,7125,82,328,613.0,0.0,613.0,687,687,340.5853658536585,14,0,1000000,3000,4
954323,954323,3817292,7126,93,372,605.0,0.0,605.0,680,680,405.752688172043,14,0,1000000,3000,4
954417,954417,3817668,7127,94,376,635.0,0.0,635.0,710,710,388.75531914893617,15,0,1000000,3000,4
954622,954622,3818488,7128,205,820,1034.0,0.0,1034.0,1130,1130,657.5463414634146,23,0,1000000,3000,4
954853,954853,3819412,7129,231,924,737.0,0.0,737.0,840,840,535.5541125541125,17,0,1000000,3000,4
954884,954884,3819536,7130,31,124,248.0,0.0,248.0,311,311,157.96774193548387,7,0,1000000,3000,4
954993,954993,3819972,7131,109,436,621.0,0.0,621.0,700,700,376.45871559633025,15,0,1000000,3000,4
955366,955366,3821464,7132,373,1492,1294.0,0.0,1294.0,1425,1425,765.0536193029491,29,0,1000000,3000,4
955403,955403,3821612,7133,37,148,228.0,0.0,228.0,291,291,174.45945945945945,6,0,1000000,3000,4
955677,955677,3822708,7134,274,1096,1554.0,0.0,1554.0,1665,1665,776.4160583941606,34,0,1000000,3000,4
955889,955889,3823556,7135,212,848,1028.0,0.0,1028.0,1127,1127,646.1179245283018,23,0,1000000,3000,4
956078,956078,3824312,7136,189,756,767.0,0.0,767.0,860,860,497.9100529100529,18,0,1000000,3000,4
956182,956182,3824728,7137,104,416,633.0,0.0,633.0,711,711,349.2692307692308,15,0,1000000,3000,4
956465,956465,3825860,7138,283,1132,1012.0,0.0,1012.0,1123,1123,686.26148409894,23,0,1000000,3000,4
956617,956617,3826468,7139,152,608,1042.0,0.0,1042.0,1128,1128,588.7631578947369,23,0,1000000,3000,4
956725,956725,3826900,7140,108,432,582.0,0.0,582.0,660,660,405.212962962963,14,0,1000000,3000,4
957097,957097,3828388,7141,372,1488,996.0,0.0,996.0,1125,1125,722.2822580645161,23,0,1000000,3000,4
957183,957183,3828732,7142,86,344,612.0,0.0,612.0,687,687,318.6511627906977,14,0,1000000,3000,4
957272,957272,3829088,7143,89,356,615.0,0.0,615.0,690,690,324.5280898876405,14,0,1000000,3000,4
957357,957357,3829428,7144,85,340,605.0,0.0,605.0,680,680,299.6235294117647,14,0,1000000,3000,4
957568,957568,3830272,7145,211,844,1327.0,0.0,1327.0,1427,1427,694.5781990521327,29,0,1000000,3000,4
957737,957737,3830948,7146,169,676,634.0,0.0,634.0,722,723,445.79881656804736,15,0,1000000,3000,4
958078,958078,3832312,7147,341,1364,1899.0,0.0,1899.0,2024,2024,887.5953079178886,41,0,1000000,3000,4
958272,958272,3833088,7148,194,776,1565.0,0.0,1565.0,1659,1659,824.360824742268,34,0,1000000,3000,4
958359,958359,3833436,7149,87,348,597.0,0.0,597.0,672,672,318.85057471264366,14,0,1000000,3000,4
958399,958399,3833596,7150,40,160,240.0,0.0,240.0,305,305,147.85,7,0,1000000,3000,4
958473,958473,3833892,7151,74,296,623.0,0.0,623.0,695,695,359.6081081081081,14,0,1000000,3000,4
958573,958573,3834292,7152,100,400,611.0,0.0,611.0,687,687,399.82,14,0,1000000,3000,4
958619,958619,3834476,7153,46,184,224.0,0.0,224.0,290,290,161.7173913043478,6,0,1000000,3000,4
958842,958842,3835368,7154,223,892,1025.0,0.0,1025.0,1124,1124,591.4170403587444,23,0,1000000,3000,4
959041,959041,3836164,7155,199,796,1041.0,0.0,1041.0,1136,1136,576.9899497487437,23,0,1000000,3000,4
959282,959282,3837128,7156,241,964,1301.0,0.0,1301.0,1406,1406,662.6016597510373,29,0,1000000,3000,4
959325,959325,3837300,7157,43,172,238.0,0.0,238.0,304,304,148.4418604651163,7,0,1000000,3000,4
959436,959436,3837744,7158,111,444,611.0,0.0,611.0,690,690,276.4864864864865,14,0,1000000,3000,4
959650,959650,3838600,7159,214,856,1031.0,0.0,1031.0,1129,1129,657.6028037383178,23,0,1000000,3000,4
959766,959766,3839064,7160,116,464,617.0,0.0,617.0,697,697,321.83620689655174,14,0,1000000,3000,4
960066,960066,3840264,7161,300,1200,1316.0,0.0,1316.0,1433,1433,629.66,29,0,1000000,3000,4
960214,960214,3840856,7162,148,592,1043.0,0.0,1043.0,1128,1128,535.5405405405405,23,0,1000000,3000,4
960298,960298,3841192,7163,84,336,629.0,0.0,629.0,703,703,363.10714285714283,15,0,1000000,3000,4
960379,960379,3841516,7164,81,324,628.0,0.0,628.0,702,702,375.48148148148147,15,0,1000000,3000,4
960416,960416,3841664,7165,37,148,241.0,0.0,241.0,306,306,149.45945945945945,7,0,1000000,3000,4
960503,960503,3842012,7166,87,348,621.0,0.0,621.0,695,695,332.8390804597701,14,0,1000000,3000,4
960579,960579,3842316,7167,76,304,609.0,0.0,609.0,680,680,356.17105263157896,14,0,1000000,3000,4
960780,960780,3843120,7168,201,804,1033.0,0.0,1033.0,1128,1128,544.1592039800995,23,0,1000000,3000,4
960865,960865,3843460,7169,85,340,627.0,0.0,627.0,701,701,383.83529411764704,15,0,1000000,3000,4
960952,960952,3843808,7170,87,348,630.0,0.0,630.0,705,705,355.71264367816093,15,0,1000000,3000,4
960981,960981,3843924,7171,29,116,247.0,0.0,247.0,310,310,156.58620689655172,7,0,1000000,3000,4
961019,961019,3844076,7172,38,152,240.0,0.0,240.0,304,304,151.78947368421052,7,0,1000000,3000,4
961109,961109,3844436,7173,90,360,650.0,0.0,650.0,722,723,375.46666666666664,15,0,1000000,3000,4
961143,961143,3844572,7174,34,136,245.0,0.0,245.0,307,307,154.26470588235293,7,0,1000000,3000,4
961335,961335,3845340,7175,192,768,1033.0,0.0,1033.0,1127,1127,623.0208333333334,23,0,1000000,3000,4
961420,961420,3845680,7176,85,340,628.0,0.0,628.0,702,702,383.4235294117647,15,0,1000000,3000,4
961570,961570,3846280,7177,150,600,638.0,0.0,638.0,722,723,495.1533333333333,15,0,1000000,3000,4
961607,961607,3846428,7178,37,148,231.0,0.0,231.0,295,295,168.0810810810811,6,0,1000000,3000,4
961925,961925,3847700,7179,318,1272,1543.0,0.0,1543.0,1662,1662,894.6163522012579,34,0,1000000,3000,4
962071,962071,3848284,7180,146,584,638.0,0.0,638.0,722,722,522.917808219178,15,0,1000000,3000,4
962106,962106,3848424,7181,35,140,247.0,0.0,247.0,311,311,146.28571428571428,7,0,1000000,3000,4
962167,962167,3848668,7182,61,244,609.0,0.0,609.0,679,679,341.59016393442624,14,0,1000000,3000,4
962198,962198,3848792,7183,31,124,244.0,0.0,244.0,307,307,159.5483870967742,7,0,1000000,3000,4
962350,962350,3849400,7184,152,608,1042.0,0.0,1042.0,1128,1128,647.3486842105264,23,0,1000000,3000,4
962429,962429,3849716,7185,79,316,613.0,0.0,613.0,685,685,339.9240506329114,14,0,1000000,3000,4
962501,962501,3850004,7186,72,288,653.0,0.0,653.0,722,722,384.625,15,0,1000000,3000,4
962619,962619,3850476,7187,118,472,1057.0,0.0,1057.0,1137,1137,566.3389830508474,23,0,1000000,3000,4
962651,962651,3850604,7188,32,128,246.0,0.0,246.0,309,309,159.59375,7,0,1000000,3000,4
962729,962729,3850916,7189,78,312,652.0,0.0,652.0,722,722,369.47435897435895,15,0,1000000,3000,4
962962,962962,3851848,7190,233,932,1697.0,0.0,1697.0,1799,1799,879.695278969957,36,0,1000000,3000,4
962999,962999,3851996,7191,37,148,243.0,0.0,243.0,307,307,158.02702702702703,7,0,1000000,3000,4
963095,963095,3852380,7192,96,384,618.0,0.0,618.0,695,695,375.5104166666667,14,0,1000000,3000,4
963189,963189,3852756,7193,94,376,616.0,0.0,616.0,691,691,386.28723404255317,14,0,1000000,3000,4
963758,963758,3855032,7194,569,2276,2302.0,0.0,2302.0,2470,2470,1626.9015817223199,50,0,1000000,3000,4
963797,963797,3855188,7195,39,156,238.0,0.0,238.0,302,302,154.15384615384616,7,0,1000000,3000,4
963873,963873,3855492,7196,76,304,623.0,0.0,623.0,695,695,363.80263157894734,14,0,1000000,3000,4
963916,963916,3855664,7197,43,172,228.0,0.0,228.0,293,293,157.69767441860466,6,0,1000000,3000,4
964010,964010,3856040,7198,94,376,628.0,0.0,628.0,703,703,377.1808510638298,15,0,1000000,3000,4
964049,964049,3856196,7199,39,156,247.0,0.0,247.0,310,310,142.6153846153846,7,0,1000000,3000,4
964085,964085,3856340,7200,36,144,240.0,0.0,240.0,304,304,152.19444444444446,7,0,1000000,3000,4
964349,964349,3857396,7201,264,1056,1410.0,0.0,1410.0,1518,1518,729.5833333333334,31,0,1000000,3000,4
964425,964425,3857700,7202,76,304,607.0,0.0,607.0,678,678,324.69736842105266,14,0,1000000,3000,4
964514,964514,3858056,7203,89,356,623.0,0.0,623.0,698,698,357.4943820224719,14,0,1000000,3000,4
964616,964616,3858464,7204,102,408,613.0,0.0,613.0,691,691,366.5098039215686,14,0,1000000,3000,4
964793,964793,3859172,7205,177,708,808.0,0.0,808.0,898,898,591.5762711864406,18,0,1000000,3000,4
964957,964957,3859828,7206,164,656,1063.0,0.0,1063.0,1153,1153,607.689024390244,24,0,1000000,3000,4
965146,965146,3860584,7207,189,756,727.0,0.0,727.0,821,821,517.7830687830688,17,0,1000000,3000,4
965318,965318,3861272,7208,172,688,1432.0,0.0,1432.0,1524,1524,711.9825581395348,31,0,1000000,3000,4
965349,965349,3861396,7209,31,124,247.0,0.0,247.0,310,310,165.7741935483871,7,0,1000000,3000,4
965546,965546,3862184,7210,197,788,1052.0,0.0,1052.0,1149,1149,563.6345177664974,23,0,1000000,3000,4
965578,965578,3862312,7211,32,128,243.0,0.0,243.0,306,306,160.03125,7,0,1000000,3000,4
965614,965614,3862456,7212,36,144,237.0,0.0,237.0,301,301,167.5,7,0,1000000,3000,4
965711,965711,3862844,7213,97,388,733.0,0.0,733.0,810,810,407.6082474226804,17,0,1000000,3000,4
965857,965857,3863428,7214,146,584,1043.0,0.0,1043.0,1128,1128,632.2808219178082,23,0,1000000,3000,4
966068,966068,3864272,7215,211,844,1031.0,0.0,1031.0,1129,1129,666.2748815165877,23,0,1000000,3000,4
966100,966100,3864400,7216,32,128,249.0,0.0,249.0,311,311,155.59375,7,0,1000000,3000,4
966264,966264,3865056,7217,164,656,1038.0,0.0,1038.0,1125,1125,659.4573170731708,23,0,1000000,3000,4
966434,966434,3865736,7218,170,680,1326.0,0.0,1326.0,1415,1415,735.4294117647058,29,0,1000000,3000,4
966502,966502,3866008,7219,68,272,612.0,0.0,612.0,682,682,346.55882352941177,14,0,1000000,3000,4
966678,966678,3866712,7220,176,704,1421.0,0.0,1421.0,1513,1513,741.5,31,0,1000000,3000,4
967055,967055,3868220,7221,377,1508,2340.0,0.0,2340.0,2470,2470,1431.3554376657826,50,0,1000000,3000,4
967252,967252,3869008,7222,197,788,1041.0,0.0,1041.0,1136,1136,630.274111675127,23,0,1000000,3000,4
967338,967338,3869352,7223,86,344,623.0,0.0,623.0,697,697,332.66279069767444,14,0,1000000,3000,4
967454,967454,3869816,7224,116,464,590.0,0.0,590.0,670,670,373.44827586206895,14,0,1000000,3000,4
967491,967491,3869964,7225,37,148,231.0,0.0,231.0,295,295,162.1081081081081,6,0,1000000,3000,4
967580,967580,3870320,7226,89,356,629.0,0.0,629.0,703,703,373.35955056179773,15,0,1000000,3000,4
967646,967646,3870584,7227,66,264,618.0,0.0,618.0,688,688,361.40909090909093,14,0,1000000,3000,4
967841,967841,3871364,7228,195,780,1030.0,0.0,1030.0,1125,1125,654.8923076923077,23,0,1000000,3000,4
968119,968119,3872476,7229,278,1112,1123.0,0.0,1123.0,1234,1234,674.4892086330935,25,0,1000000,3000,4
968148,968148,3872592,7230,29,116,248.0,0.0,248.0,310,310,160.75862068965517,7,0,1000000,3000,4
968182,968182,3872728,7231,34,136,244.0,0.0,244.0,306,306,157.26470588235293,7,0,1000000,3000,4
968273,968273,3873092,7232,91,364,621.0,0.0,621.0,695,695,369.43956043956047,14,0,1000000,3000,4
968346,968346,3873384,7233,73,292,607.0,0.0,607.0,679,679,311.5068493150685,14,0,1000000,3000,4
968625,968625,3874500,7234,279,1116,1319.0,0.0,1319.0,1432,1432,719.5448028673835,29,0,1000000,3000,4
968724,968724,3874896,7235,99,396,648.0,0.0,648.0,722,722,381.44444444444446,15,0,1000000,3000,4
968764,968764,3875056,7236,40,160,225.0,0.0,225.0,290,290,166.5,6,0,1000000,3000,4
968802,968802,3875208,7237,38,152,238.0,0.0,238.0,302,302,157.28947368421052,7,0,1000000,3000,4
968838,968838,3875352,7238,36,144,237.0,0.0,237.0,301,301,167.69444444444446,7,0,1000000,3000,4
968991,968991,3875964,7239,153,612,1062.0,0.0,1062.0,1150,1150,561.4183006535948,24,0,1000000,3000,4
969168,969168,3876672,7240,177,708,772.0,0.0,772.0,865,865,539.7796610169491,18,0,1000000,3000,4
969207,969207,3876828,7241,39,156,238.0,0.0,238.0,302,302,159.64102564102564,7,0,1000000,3000,4
969242,969242,3876968,7242,35,140,234.0,0.0,234.0,297,297,166.4857142857143,6,0,1000000,3000,4
969277,969277,3877108,7243,35,140,236.0,0.0,236.0,299,299,161.82857142857142,6,0,1000000,3000,4
969430,969430,3877720,7244,153,612,746.0,0.0,746.0,834,834,508.90849673202615,17,0,1000000,3000,4
969536,969536,3878144,7245,106,424,617.0,0.0,617.0,696,696,378.33962264150944,14,0,1000000,3000,4
969751,969751,3879004,7246,215,860,1411.0,0.0,1411.0,1512,1512,714.5116279069767,31,0,1000000,3000,4
969836,969836,3879344,7247,85,340,626.0,0.0,626.0,699,699,351.3411764705882,14,0,1000000,3000,4
970006,970006,3880024,7248,170,680,1035.0,0.0,1035.0,1125,1125,563.1764705882352,23,0,1000000,3000,4
970209,970209,3880836,7249,203,812,1041.0,0.0,1041.0,1138,1138,584.0049261083744,23,0,1000000,3000,4
970395,970395,3881580,7250,186,744,1043.0,0.0,1043.0,1137,1137,668.3172043010753,23,0,1000000,3000,4
970669,970669,3882676,7251,274,1096,1302.0,0.0,1302.0,1413,1413,720.2007299270073,29,0,1000000,3000,4
970797,970797,3883188,7252,128,512,609.0,0.0,609.0,691,691,368.625,14,0,1000000,3000,4
971097,971097,3884388,7253,300,1200,1824.0,0.0,1824.0,1941,1941,945.1366666666667,39,0,1000000,3000,4
971204,971204,3884816,7254,107,428,617.0,0.0,617.0,695,695,331.30841121495325,14,0,1000000,3000,4
971303,971303,3885212,7255,99,396,621.0,0.0,621.0,697,697,340.19191919191917,14,0,1000000,3000,4
971497,971497,3885988,7256,194,776,1034.0,0.0,1034.0,1128,1128,618.4845360824743,23,0,1000000,3000,4
971698,971698,3886792,7257,201,804,1337.0,0.0,1337.0,1435,1435,694.2885572139304,29,0,1000000,3000,4
971947,971947,3887788,7258,249,996,1555.0,0.0,1555.0,1661,1661,850.714859437751,34,0,1000000,3000,4
972130,972130,3888520,7259,183,732,1041.0,0.0,1041.0,1134,1134,612.7322404371585,23,0,1000000,3000,4
972283,972283,3889132,7260,153,612,746.0,0.0,746.0,832,832,481.26797385620915,17,0,1000000,3000,4
972531,972531,3890124,7261,248,992,1305.0,0.0,1305.0,1411,1411,740.5967741935484,29,0,1000000,3000,4
972633,972633,3890532,7262,102,408,620.0,0.0,620.0,697,697,365.54901960784315,14,0,1000000,3000,4
972887,972887,3891548,7263,254,1016,1308.0,0.0,1308.0,1414,1414,683.2913385826772,29,0,1000000,3000,4
972929,972929,3891716,7264,42,168,230.0,0.0,230.0,295,295,156.88095238095238,6,0,1000000,3000,4
972966,972966,3891864,7265,37,148,241.0,0.0,241.0,306,306,158.45945945945945,7,0,1000000,3000,4
972999,972999,3891996,7266,33,132,249.0,0.0,249.0,313,313,151.93939393939394,7,0,1000000,3000,4
973201,973201,3892804,7267,202,808,747.0,0.0,747.0,844,844,537.2029702970297,17,0,1000000,3000,4
973299,973299,3893196,7268,98,392,628.0,0.0,628.0,704,704,359.07142857142856,15,0,1000000,3000,4
973544,973544,3894176,7269,245,980,1330.0,0.0,1330.0,1436,1436,740.6571428571428,29,0,1000000,3000,4
973739,973739,3894956,7270,195,780,1408.0,0.0,1408.0,1502,1502,846.2615384615384,31,0,1000000,3000,4
973897,973897,3895588,7271,158,632,812.0,0.0,812.0,898,898,563.6645569620254,18,0,1000000,3000,4
973940,973940,3895760,7272,43,172,217.0,0.0,217.0,283,283,171.93023255813952,6,0,1000000,3000,4
974029,974029,3896116,7273,89,356,623.0,0.0,623.0,698,698,362.59550561797755,14,0,1000000,3000,4
974112,974112,3896448,7274,83,332,651.0,0.0,651.0,722,723,362.28915662650604,15,0,1000000,3000,4
974153,974153,3896612,7275,41,164,239.0,0.0,239.0,304,304,152.8048780487805,7,0,1000000,3000,4
974195,974195,3896780,7276,42,168,224.0,0.0,224.0,289,289,169.52380952380952,6,0,1000000,3000,4
974267,974267,3897068,7277,72,288,616.0,0.0,616.0,687,687,358.7361111111111,14,0,1000000,3000,4
974536,974536,3898144,7278,269,1076,1307.0,0.0,1307.0,1416,1416,767.546468401487,29,0,1000000,3000,4
974576,974576,3898304,7279,40,160,232.0,0.0,232.0,297,297,160.65,6,0,1000000,3000,4
974739,974739,3898956,7280,163,652,1039.0,0.0,1039.0,1127,1127,653.2699386503067,23,0,1000000,3000,4
974799,974799,3899196,7281,60,240,609.0,0.0,609.0,678,678,337.21666666666664,14,0,1000000,3000,4
974982,974982,3899928,7282,183,732,1338.0,0.0,1338.0,1432,1432,687.0928961748634,29,0,1000000,3000,4
975019,975019,3900076,7283,37,148,237.0,0.0,237.0,301,301,154.2972972972973,7,0,1000000,3000,4
975183,975183,3900732,7284,164,656,1138.0,0.0,1138.0,1225,1225,652.9939024390244,25,0,1000000,3000,4
975327,975327,3901308,7285,144,576,815.0,0.0,815.0,898,899,574.7777777777778,18,0,1000000,3000,4
975425,975425,3901700,7286,98,392,617.0,0.0,617.0,693,693,382.7857142857143,14,0,1000000,3000,4
975463,975463,3901852,7287,38,152,240.0,0.0,240.0,305,305,154.68421052631578,7,0,1000000,3000,4
975568,975568,3902272,7288,105,420,630.0,0.0,630.0,707,707,356.48571428571427,15,0,1000000,3000,4
975663,975663,3902652,7289,95,380,607.0,0.0,607.0,683,683,390.94736842105266,14,0,1000000,3000,4
975832,975832,3903328,7290,169,676,810.0,0.0,810.0,898,898,567.9230769230769,18,0,1000000,3000,4
975962,975962,3903848,7291,130,520,589.0,0.0,589.0,672,672,454.1384615384615,14,0,1000000,3000,4
975996,975996,3903984,7292,34,136,247.0,0.0,247.0,311,311,156.44117647058823,7,0,1000000,3000,4
976239,976239,3904956,7293,243,972,1021.0,0.0,1021.0,1125,1125,705.2716049382716,23,0,1000000,3000,4
976341,976341,3905364,7294,102,408,615.0,0.0,615.0,692,692,379.94117647058823,14,0,1000000,3000,4
976574,976574,3906296,7295,233,932,1311.0,0.0,1311.0,1413,1413,701.7081545064377,29,0,1000000,3000,4
976786,976786,3907144,7296,212,848,1311.0,0.0,1311.0,1410,1410,745.7877358490566,29,0,1000000,3000,4
976870,976870,3907480,7297,84,336,621.0,0.0,621.0,695,695,363.9166666666667,14,0,1000000,3000,4
976963,976963,3907852,7298,93,372,593.0,0.0,593.0,668,668,419.5376344086022,14,0,1000000,3000,4
977006,977006,3908024,7299,43,172,232.0,0.0,232.0,297,297,155.88372093023256,6,0,1000000,3000,4
977222,977222,3908888,7300,216,864,1306.0,0.0,1306.0,1406,1406,708.925925925926,29,0,1000000,3000,4
977456,977456,3909824,7301,234,936,1299.0,0.0,1299.0,1402,1402,707.7606837606837,29,0,1000000,3000,4
977654,977654,3910616,7302,198,792,1034.0,0.0,1034.0,1129,1129,654.3333333333334,23,0,1000000,3000,4
977693,977693,3910772,7303,39,156,233.0,0.0,233.0,297,297,163.76923076923077,6,0,1000000,3000,4
977731,977731,3910924,7304,38,152,246.0,0.0,246.0,311,311,136.23684210526315,7,0,1000000,3000,4
977834,977834,3911336,7305,103,412,611.0,0.0,611.0,689,689,382.40776699029124,14,0,1000000,3000,4
977874,977874,3911496,7306,40,160,236.0,0.0,236.0,300,300,157.35,7,0,1000000,3000,4
977966,977966,3911864,7307,92,368,610.0,0.0,610.0,686,686,357.67391304347825,14,0,1000000,3000,4
978045,978045,3912180,7308,79,316,606.0,0.0,606.0,679,679,312.746835443038,14,0,1000000,3000,4
978119,978119,3912476,7309,74,296,616.0,0.0,616.0,688,688,360.97297297297297,14,0,1000000,3000,4
978157,978157,3912628,7310,38,152,238.0,0.0,238.0,303,303,150.8421052631579,7,0,1000000,3000,4
978234,978234,3912936,7311,77,308,625.0,0.0,625.0,698,698,327.5064935064935,14,0,1000000,3000,4
978264,978264,3913056,7312,30,120,247.0,0.0,247.0,311,311,156.23333333333332,7,0,1000000,3000,4
978345,978345,3913380,7313,81,324,609.0,0.0,609.0,682,682,321.5679012345679,14,0,1000000,3000,4
978520,978520,3914080,7314,175,700,1319.0,0.0,1319.0,1410,1410,721.2685714285715,29,0,1000000,3000,4
978690,978690,3914760,7315,170,680,1038.0,0.0,1038.0,1128,1128,535.0588235294117,23,0,1000000,3000,4
978954,978954,3915816,7316,264,1056,1911.0,0.0,1911.0,2021,2021,1013.2878787878788,41,0,1000000,3000,4
979044,979044,3916176,7317,90,360,624.0,0.0,624.0,699,699,384.14444444444445,14,0,1000000,3000,4
979133,979133,3916532,7318,89,356,615.0,0.0,615.0,690,690,355.44943820224717,14,0,1000000,3000,4
979236,979236,3916944,7319,103,412,601.0,0.0,601.0,678,678,384.6019417475728,14,0,1000000,3000,4
979430,979430,3917720,7320,194,776,1426.0,0.0,1426.0,1521,1521,753.8092783505155,31,0,1000000,3000,4
979507,979507,3918028,7321,77,308,614.0,0.0,614.0,686,686,335.83116883116884,14,0,1000000,3000,4
979585,979585,3918340,7322,78,312,617.0,0.0,617.0,689,689,344.11538461538464,14,0,1000000,3000,4
979780,979780,3919120,7323,195,780,1323.0,0.0,1323.0,1417,1417,689.9282051282051,29,0,1000000,3000,4
979959,979959,3919836,7324,179,716,1047.0,0.0,1047.0,1138,1138,623.7150837988827,23,0,1000000,3000,4
980210,980210,3920840,7325,251,1004,1302.0,0.0,1302.0,1409,1409,693.1274900398406,29,0,1000000,3000,4
980404,980404,3921616,7326,194,776,704.0,0.0,704.0,799,799,502.0618556701031,16,0,1000000,3000,4
980450,980450,3921800,7327,46,184,221.0,0.0,221.0,286,286,160.0,6,0,1000000,3000,4
980534,980534,3922136,7328,84,336,624.0,0.0,624.0,697,697,334.4404761904762,14,0,1000000,3000,4
980577,980577,3922308,7329,43,172,230.0,0.0,230.0,295,295,152.67441860465115,6,0,1000000,3000,4
980810,980810,3923240,7330,233,932,1036.0,0.0,1036.0,1138,1138,577.5579399141631,23,0,1000000,3000,4
981018,981018,3924072,7331,208,832,1307.0,0.0,1307.0,1405,1405,717.8221153846154,29,0,1000000,3000,4
981068,981068,3924272,7332,50,200,214.0,0.0,214.0,280,280,161.92,6,0,1000000,3000,4
981189,981189,3924756,7333,121,484,579.0,0.0,579.0,659,659,381.702479338843,14,0,1000000,3000,4
981387,981387,3925548,7334,198,792,804.0,0.0,804.0,898,899,547.8131313131313,18,0,1000000,3000,4
981569,981569,3926276,7335,182,728,1033.0,0.0,1033.0,1124,1124,611.3021978021978,23,0,1000000,3000,4
981688,981688,3926752,7336,119,476,592.0,0.0,592.0,672,672,365.10084033613447,14,0,1000000,3000,4
981727,981727,3926908,7337,39,156,236.0,0.0,236.0,299,299,157.69230769230768,6,0,1000000,3000,4
981848,981848,3927392,7338,121,484,600.0,0.0,600.0,681,681,363.02479338842977,14,0,1000000,3000,4
982192,982192,3928768,7339,344,1376,1000.0,0.0,1000.0,1123,1123,724.3139534883721,23,0,1000000,3000,4
982326,982326,3929304,7340,134,536,596.0,0.0,596.0,678,678,353.7238805970149,14,0,1000000,3000,4
982434,982434,3929736,7341,108,432,632.0,0.0,632.0,709,709,344.55555555555554,15,0,1000000,3000,4
982737,982737,3930948,7342,303,1212,720.0,0.0,720.0,836,836,591.2937293729373,17,0,1000000,3000,4
982973,982973,3931892,7343,236,944,1023.0,0.0,1023.0,1126,1126,558.1186440677966,23,0,1000000,3000,4
983142,983142,3932568,7344,169,676,634.0,0.0,634.0,722,722,483.8639053254438,15,0,1000000,3000,4
983245,983245,3932980,7345,103,412,647.0,0.0,647.0,722,722,345.8349514563107,15,0,1000000,3000,4
983292,983292,3933168,7346,47,188,228.0,0.0,228.0,294,294,146.10638297872342,6,0,1000000,3000,4
983418,983418,3933672,7347,126,504,615.0,0.0,615.0,697,697,347.1190476190476,14,0,1000000,3000,4
983516,983516,3934064,7348,98,392,625.0,0.0,625.0,702,702,353.53061224489795,15,0,1000000,3000,4
983747,983747,3934988,7349,231,924,1023.0,0.0,1023.0,1124,1124,574.7835497835498,23,0,1000000,3000,4
983905,983905,3935620,7350,158,632,1037.0,0.0,1037.0,1123,1123,610.4240506329114,23,0,1000000,3000,4
984050,984050,3936200,7351,145,580,638.0,0.0,638.0,722,722,484.04137931034484,15,0,1000000,3000,4
984087,984087,3936348,7352,37,148,248.0,0.0,248.0,312,312,139.54054054054055,7,0,1000000,3000,4
984342,984342,3937368,7353,255,1020,1327.0,0.0,1327.0,1435,1435,654.6392156862745,29,0,1000000,3000,4
984538,984538,3938152,7354,196,784,1043.0,0.0,1043.0,1138,1138,591.4591836734694,23,0,1000000,3000,4
984580,984580,3938320,7355,42,168,232.0,0.0,232.0,297,297,158.16666666666666,6,0,1000000,3000,4
984724,984724,3938896,7356,144,576,711.0,0.0,711.0,796,796,495.5625,16,0,1000000,3000,4
984866,984866,3939464,7357,142,568,728.0,0.0,728.0,813,813,464.0845070422535,17,0,1000000,3000,4
985051,985051,3940204,7358,185,740,1044.0,0.0,1044.0,1137,1137,582.8810810810811,23,0,1000000,3000,4
985091,985091,3940364,7359,40,160,233.0,0.0,233.0,298,298,147.975,6,0,1000000,3000,4
985135,985135,3940540,7360,44,176,227.0,0.0,227.0,292,292,157.5,6,0,1000000,3000,4
985230,985230,3940920,7361,95,380,627.0,0.0,627.0,703,703,368.82105263157894,15,0,1000000,3000,4
985448,985448,3941792,7362,218,872,1027.0,0.0,1027.0,1126,1126,624.9311926605504,23,0,1000000,3000,4
985640,985640,3942560,7363,192,768,1032.0,0.0,1032.0,1125,1125,581.5,23,0,1000000,3000,4
985758,985758,3943032,7364,118,472,616.0,0.0,616.0,696,696,343.47457627118644,14,0,1000000,3000,4
985914,985914,3943656,7365,156,624,1042.0,0.0,1042.0,1130,1130,581.0897435897435,23,0,1000000,3000,4
985961,985961,3943844,7366,47,188,207.0,0.0,207.0,272,272,178.59574468085106,6,0,1000000,3000,4
985994,985994,3943976,7367,33,132,235.0,0.0,235.0,298,298,167.15151515151516,6,0,1000000,3000,4
986033,986033,3944132,7368,39,156,241.0,0.0,241.0,306,306,146.23076923076923,7,0,1000000,3000,4
986138,986138,3944552,7369,105,420,627.0,0.0,627.0,706,706,342.2761904761905,15,0,1000000,3000,4
986223,986223,3944892,7370,85,340,610.0,0.0,610.0,684,684,341.09411764705885,14,0,1000000,3000,4
986265,986265,3945060,7371,42,168,225.0,0.0,225.0,291,291,171.21428571428572,6,0,1000000,3000,4
986305,986305,3945220,7372,40,160,234.0,0.0,234.0,298,298,157.275,6,0,1000000,3000,4
986343,986343,3945372,7373,38,152,234.0,0.0,234.0,298,298,162.78947368421052,6,0,1000000,3000,4
986530,986530,3946120,7374,187,748,1424.0,0.0,1424.0,1518,1518,775.5989304812834,31,0,1000000,3000,4
986561,986561,3946244,7375,31,124,249.0,0.0,249.0,311,311,153.6451612903226,7,0,1000000,3000,4
986668,986668,3946672,7376,107,428,600.0,0.0,600.0,679,679,380.3551401869159,14,0,1000000,3000,4
986704,986704,3946816,7377,36,144,238.0,0.0,238.0,302,302,155.88888888888889,7,0,1000000,3000,4
986742,986742,3946968,7378,38,152,231.0,0.0,231.0,294,294,173.47368421052633,6,0,1000000,3000,4
986855,986855,3947420,7379,113,452,611.0,0.0,611.0,690,690,375.01769911504425,14,0,1000000,3000,4
986895,986895,3947580,7380,40,160,234.0,0.0,234.0,299,299,152.75,6,0,1000000,3000,4
987101,987101,3948404,7381,206,824,802.0,0.0,802.0,898,898,596.4077669902913,18,0,1000000,3000,4
987136,987136,3948544,7382,35,140,246.0,0.0,246.0,309,309,152.74285714285713,7,0,1000000,3000,4
987292,987292,3949168,7383,156,624,812.0,0.0,812.0,898,899,568.8525641025641,18,0,1000000,3000,4
987327,987327,3949308,7384,35,140,242.0,0.0,242.0,305,305,158.0857142857143,7,0,1000000,3000,4
987654,987654,3950616,7385,327,1308,1675.0,0.0,1675.0,1798,1798,860.9051987767584,36,0,1000000,3000,4
987822,987822,3951288,7386,168,672,1038.0,0.0,1038.0,1127,1127,585.0595238095239,23,0,1000000,3000,4
988033,988033,3952132,7387,211,844,1321.0,0.0,1321.0,1421,1421,681.5497630331754,29,0,1000000,3000,4
988067,988067,3952268,7388,34,136,237.0,0.0,237.0,301,301,168.73529411764707,7,0,1000000,3000,4
988173,988173,3952692,7389,106,424,598.0,0.0,598.0,675,675,401.6698113207547,14,0,1000000,3000,4
988397,988397,3953588,7390,224,896,1030.0,0.0,1030.0,1131,1131,707.5,23,0,1000000,3000,4
988433,988433,3953732,7391,36,144,230.0,0.0,230.0,294,294,168.0,6,0,1000000,3000,4
988526,988526,3954104,7392,93,372,628.0,0.0,628.0,703,703,381.86021505376345,15,0,1000000,3000,4
988563,988563,3954252,7393,37,148,236.0,0.0,236.0,300,300,165.02702702702703,7,0,1000000,3000,4
988736,988736,3954944,7394,173,692,1036.0,0.0,1036.0,1126,1126,629.1560693641618,23,0,1000000,3000,4
988927,988927,3955708,7395,191,764,1035.0,0.0,1035.0,1129,1129,603.3821989528795,23,0,1000000,3000,4
988968,988968,3955872,7396,41,164,231.0,0.0,231.0,296,296,161.53658536585365,6,0,1000000,3000,4
989167,989167,3956668,7397,199,796,1041.0,0.0,1041.0,1137,1137,629.0402010050251,23,0,1000000,3000,4
989276,989276,3957104,7398,109,436,597.0,0.0,597.0,675,675,406.5045871559633,14,0,1000000,3000,4
989445,989445,3957780,7399,169,676,776.0,0.0,776.0,866,866,506.8224852071006,18,0,1000000,3000,4
989536,989536,3958144,7400,91,364,612.0,0.0,612.0,688,688,346.83516483516485,14,0,1000000,3000,4
989882,989882,3959528,7401,346,1384,1287.0,0.0,1287.0,1413,1413,781.4335260115607,29,0,1000000,3000,4
990130,990130,3960520,7402,248,992,1310.0,0.0,1310.0,1414,1414,753.858870967742,29,0,1000000,3000,4
990173,990173,3960692,7403,43,172,232.0,0.0,232.0,297,297,158.6046511627907,6,0,1000000,3000,4
990269,990269,3961076,7404,96,384,618.0,0.0,618.0,695,695,350.34375,14,0,1000000,3000,4
990356,990356,3961424,7405,87,348,631.0,0.0,631.0,705,705,371.41379310344826,15,0,1000000,3000,4
990634,990634,3962536,7406,278,1112,1304.0,0.0,1304.0,1415,1415,699.0971223021583,29,0,1000000,3000,4
990741,990741,3962964,7407,107,428,624.0,0.0,624.0,702,702,365.8317757009346,15,0,1000000,3000,4
990837,990837,3963348,7408,96,384,625.0,0.0,625.0,700,700,369.0208333333333,15,0,1000000,3000,4
990936,990936,3963744,7409,99,396,633.0,0.0,633.0,709,709,382.7676767676768,15,0,1000000,3000,4
991071,991071,3964284,7410,135,540,816.0,0.0,816.0,898,898,528.6148148148148,18,0,1000000,3000,4
991244,991244,3964976,7411,173,692,1036.0,0.0,1036.0,1125,1125,601.543352601156,23,0,1000000,3000,4
991350,991350,3965400,7412,106,424,646.0,0.0,646.0,722,722,346.2830188679245,15,0,1000000,3000,4
991536,991536,3966144,7413,186,744,1340.0,0.0,1340.0,1435,1435,743.2150537634409,29,0,1000000,3000,4
991721,991721,3966884,7414,185,740,1036.0,0.0,1036.0,1128,1128,583.9081081081081,23,0,1000000,3000,4
991755,991755,3967020,7415,34,136,243.0,0.0,243.0,307,307,155.14705882352942,7,0,1000000,3000,4
991829,991829,3967316,7416,74,296,620.0,0.0,620.0,692,692,351.3378378378378,14,0,1000000,3000,4
991871,991871,3967484,7417,42,168,236.0,0.0,236.0,302,302,154.5952380952381,7,0,1000000,3000,4
992027,992027,3968108,7418,156,624,1050.0,0.0,1050.0,1137,1137,620.7692307692307,23,0,1000000,3000,4
992294,992294,3969176,7419,267,1068,1020.0,0.0,1020.0,1129,1129,657.2322097378277,23,0,1000000,3000,4
992380,992380,3969520,7420,86,344,618.0,0.0,618.0,692,692,325.4186046511628,14,0,1000000,3000,4
992462,992462,3969848,7421,82,328,606.0,0.0,606.0,680,680,346.6951219512195,14,0,1000000,3000,4
992630,992630,3970520,7422,168,672,810.0,0.0,810.0,898,898,591.952380952381,18,0,1000000,3000,4
992665,992665,3970660,7423,35,140,240.0,0.0,240.0,304,304,156.0,7,0,1000000,3000,4
992879,992879,3971516,7424,214,856,1031.0,0.0,1031.0,1129,1129,610.2336448598131,23,0,1000000,3000,4
992949,992949,3971796,7425,70,280,607.0,0.0,607.0,679,679,323.74285714285713,14,0,1000000,3000,4
992978,992978,3971912,7426,29,116,251.0,0.0,251.0,314,314,155.89655172413794,7,0,1000000,3000,4
993157,993157,3972628,7427,179,716,1318.0,0.0,1318.0,1410,1410,700.754189944134,29,0,1000000,3000,4
993312,993312,3973248,7428,155,620,1141.0,0.0,1141.0,1227,1227,628.7225806451613,25,0,1000000,3000,4
993560,993560,3974240,7429,248,992,1835.0,0.0,1835.0,1941,1941,953.0927419354839,39,0,1000000,3000,4
993645,993645,3974580,7430,85,340,627.0,0.0,627.0,701,701,387.52941176470586,15,0,1000000,3000,4
993803,993803,3975212,7431,158,632,1049.0,0.0,1049.0,1136,1136,586.3481012658228,23,0,1000000,3000,4
993900,993900,3975600,7432,97,388,618.0,0.0,618.0,694,694,364.29896907216494,14,0,1000000,3000,4
993942,993942,3975768,7433,42,168,231.0,0.0,231.0,297,297,160.0,6,0,1000000,3000,4
994039,994039,3976156,7434,97,388,629.0,0.0,629.0,705,705,382.4020618556701,15,0,1000000,3000,4
994081,994081,3976324,7435,42,168,232.0,0.0,232.0,296,296,160.5952380952381,6,0,1000000,3000,4
994344,994344,3977376,7436,263,1052,1421.0,0.0,1421.0,1529,1529,753.2927756653993,31,0,1000000,3000,4
994449,994449,3977796,7437,105,420,633.0,0.0,633.0,711,711,370.6952380952381,15,0,1000000,3000,4
994601,994601,3978404,7438,152,608,711.0,0.0,711.0,798,798,485.24342105263156,16,0,1000000,3000,4
994643,994643,3978572,7439,42,168,216.0,0.0,216.0,280,280,173.0,6,0,1000000,3000,4
994833,994833,3979332,7440,190,760,1034.0,0.0,1034.0,1127,1127,566.3947368421053,23,0,1000000,3000,4
995110,995110,3980440,7441,277,1108,1021.0,0.0,1021.0,1132,1132,669.2527075812275,23,0,1000000,3000,4
995202,995202,3980808,7442,92,368,622.0,0.0,622.0,697,697,386.6304347826087,14,0,1000000,3000,4
995291,995291,3981164,7443,89,356,618.0,0.0,618.0,692,692,395.55056179775283,14,0,1000000,3000,4
995503,995503,3982012,7444,212,848,1027.0,0.0,1027.0,1124,1124,585.5943396226415,23,0,1000000,3000,4
995648,995648,3982592,7445,145,580,767.0,0.0,767.0,853,853,510.9655172413793,18,0,1000000,3000,4
995820,995820,3983280,7446,172,688,809.0,0.0,809.0,898,898,545.0639534883721,18,0,1000000,3000,4
995858,995858,3983432,7447,38,152,235.0,0.0,235.0,299,299,159.8421052631579,6,0,1000000,3000,4
995947,995947,3983788,7448,89,356,623.0,0.0,623.0,697,697,368.8426966292135,14,0,1000000,3000,4
995984,995984,3983936,7449,37,148,241.0,0.0,241.0,306,306,153.0,7,0,1000000,3000,4
996085,996085,3984340,7450,101,404,595.0,0.0,595.0,671,671,393.4950495049505,14,0,1000000,3000,4
996300,996300,3985200,7451,215,860,1040.0,0.0,1040.0,1138,1138,613.2604651162791,23,0,1000000,3000,4
996343,996343,3985372,7452,43,172,227.0,0.0,227.0,291,291,164.62790697674419,6,0,1000000,3000,4
996456,996456,3985824,7453,113,452,612.0,0.0,612.0,691,691,363.53097345132744,14,0,1000000,3000,4
996683,996683,3986732,7454,227,908,1025.0,0.0,1025.0,1125,1125,588.2511013215859,23,0,1000000,3000,4
996771,996771,3987084,7455,88,352,631.0,0.0,631.0,705,705,354.7386363636364,15,0,1000000,3000,4
997099,997099,3988396,7456,328,1312,1015.0,0.0,1015.0,1137,1137,662.3048780487804,23,0,1000000,3000,4
997141,997141,3988564,7457,42,168,232.0,0.0,232.0,297,297,159.76190476190476,6,0,1000000,3000,4
997251,997251,3989004,7458,110,440,629.0,0.0,629.0,708,708,352.54545454545456,15,0,1000000,3000,4
997350,997350,3989400,7459,99,396,622.0,0.0,622.0,697,697,367.55555555555554,14,0,1000000,3000,4
997570,997570,3990280,7460,220,880,1037.0,0.0,1037.0,1138,1138,604.4181818181818,23,0,1000000,3000,4
997756,997756,3991024,7461,186,744,725.0,0.0,725.0,819,819,483.5860215053763,17,0,1000000,3000,4
997860,997860,3991440,7462,104,416,597.0,0.0,597.0,673,673,393.0480769230769,14,0,1000000,3000,4
997985,997985,3991940,7463,125,500,603.0,0.0,603.0,685,685,362.512,14,0,1000000,3000,4
998222,998222,3992888,7464,237,948,1424.0,0.0,1424.0,1527,1527,823.7004219409283,31,0,1000000,3000,4
998422,998422,3993688,7465,200,800,803.0,0.0,803.0,898,898,558.39,18,0,1000000,3000,4
998471,998471,3993884,7466,49,196,212.0,0.0,212.0,278,278,167.26530612244898,6,0,1000000,3000,4
998512,998512,3994048,7467,41,164,229.0,0.0,229.0,294,294,160.78048780487805,6,0,1000000,3000,4
998553,998553,3994212,7468,41,164,232.0,0.0,232.0,297,297,162.26829268292684,6,0,1000000,3000,4
998733,998733,3994932,7469,180,720,807.0,0.0,807.0,898,898,560.5222222222222,18,0,1000000,3000,4
998836,998836,3995344,7470,103,412,629.0,0.0,629.0,707,707,357.33009708737865,15,0,1000000,3000,4
999030,999030,3996120,7471,194,776,744.0,0.0,744.0,838,838,521.1134020618557,17,0,1000000,3000,4
999220,999220,3996880,7472,190,760,765.0,0.0,765.0,860,860,520.0,18,0,1000000,3000,4
999395,999395,3997580,7473,175,700,727.0,0.0,727.0,817,817,474.62285714285713,17,0,1000000,3000,4
999564,999564,3998256,7474,169,676,634.0,0.0,634.0,722,723,468.31360946745565,15,0,1000000,3000,4
999677,999677,3998708,7475,113,452,603.0,0.0,603.0,683,683,358.20353982300884,14,0,1000000,3000,4
999723,999723,3998892,7476,46,184,228.0,0.0,228.0,294,294,150.2826086956522,6,0,1000000,3000,4
999887,999887,3999548,7477,164,656,1049.0,0.0,1049.0,1137,1137,595.4817073170732,23,0,1000000,3000,4
999925,999925,3999700,7478,38,152,241.0,0.0,241.0,305,305,152.18421052631578,7,0,1000000,3000,4
999972,999972,3999888,7479,47,188,221.0,0.0,221.0,287,287,159.19148936170214,6,0,1000000,3000,4
