global_step,global_decision_step,approx_global_env_frame_step,episode,episode_decision_steps,episode_approx_env_frame_steps,episode_ext_reward,episode_int_reward,episode_total_reward,episode_final_x_pos,episode_max_x_pos,episode_mean_x_pos,visited_bins,episode_timeout,train_total_timesteps,train_max_episode_steps,frame_skip
200,200,800,0,200,800,563.0,0.0,563.0,658,658,439.535,14,0,1000000,3000,4
382,382,1528,1,182,728,630.0,0.0,630.0,721,723,415.2362637362637,15,0,1000000,3000,4
1340,1340,5360,2,958,3832,882.0,0.0,882.0,1130,1130,821.535490605428,23,0,1000000,3000,4
1488,1488,5952,3,148,592,584.0,0.0,584.0,670,670,435.4527027027027,14,0,1000000,3000,4
1691,1691,6764,4,203,812,803.0,0.0,803.0,898,898,555.7881773399015,18,0,1000000,3000,4
1866,1866,7464,5,175,700,726.0,0.0,726.0,818,818,557.6971428571428,17,0,1000000,3000,4
2568,2568,10272,6,702,2808,2981.0,0.0,2981.0,3161,3161,1589.1225071225072,64,0,1000000,3000,4
2703,2703,10812,7,135,540,588.0,0.0,588.0,673,673,382.65185185185186,14,0,1000000,3000,4
2859,2859,11436,8,156,624,636.0,0.0,636.0,722,722,478.9935897435897,15,0,1000000,3000,4
3064,3064,12256,9,205,820,724.0,0.0,724.0,821,821,550.3268292682927,17,0,1000000,3000,4
3409,3409,13636,10,345,1380,720.0,0.0,720.0,847,847,631.3536231884058,17,0,1000000,3000,4
4502,4502,18008,11,1093,4372,852.0,0.0,852.0,1126,1126,756.7493138151875,23,0,1000000,3000,4
4539,4539,18156,12,37,148,236.0,0.0,236.0,298,298,162.8918918918919,6,0,1000000,3000,4
4760,4760,19040,13,221,884,1024.0,0.0,1024.0,1123,1123,587.7737556561086,23,0,1000000,3000,4
5364,5364,21456,14,604,2416,952.0,0.0,952.0,1127,1127,740.1125827814569,23,0,1000000,3000,4
6022,6022,24088,15,658,2632,938.0,0.0,938.0,1124,1124,663.7796352583587,23,0,1000000,3000,4
6127,6127,24508,16,105,420,598.0,0.0,598.0,675,675,363.7238095238095,14,0,1000000,3000,4
6240,6240,24960,17,113,452,598.0,0.0,598.0,677,677,374.46017699115043,14,0,1000000,3000,4
6701,6701,26804,18,461,1844,978.0,0.0,978.0,1126,1126,700.472885032538,23,0,1000000,3000,4
7115,7115,28460,19,414,1656,1852.0,0.0,1852.0,1991,1991,958.2584541062802,40,0,1000000,3000,4
7325,7325,29300,20,210,840,1026.0,0.0,1026.0,1122,1123,595.5095238095238,23,0,1000000,3000,4
7456,7456,29824,21,131,524,763.0,0.0,763.0,845,845,506.62595419847327,17,0,1000000,3000,4
7487,7487,29948,22,31,124,245.0,0.0,245.0,309,309,154.29032258064515,7,0,1000000,3000,4
7693,7693,30772,23,206,824,1030.0,0.0,1030.0,1127,1127,613.6553398058253,23,0,1000000,3000,4
7853,7853,31412,24,160,640,1039.0,0.0,1039.0,1127,1127,658.30625,23,0,1000000,3000,4
8030,8030,32120,25,177,708,761.0,0.0,761.0,854,854,513.3841807909605,18,0,1000000,3000,4
8121,8121,32484,26,91,364,620.0,0.0,620.0,694,694,385.45054945054943,14,0,1000000,3000,4
8229,8229,32916,27,108,432,614.0,0.0,614.0,693,693,406.72222222222223,14,0,1000000,3000,4
8261,8261,33044,28,32,128,250.0,0.0,250.0,314,314,154.4375,7,0,1000000,3000,4
8299,8299,33196,29,38,152,240.0,0.0,240.0,305,305,152.07894736842104,7,0,1000000,3000,4
8376,8376,33504,30,77,308,608.0,0.0,608.0,681,681,356.75324675324674,14,0,1000000,3000,4
8575,8575,34300,31,199,796,1132.0,0.0,1132.0,1227,1227,655.6834170854271,25,0,1000000,3000,4
8653,8653,34612,32,78,312,613.0,0.0,613.0,686,686,353.52564102564105,14,0,1000000,3000,4
8686,8686,34744,33,33,132,247.0,0.0,247.0,311,311,149.3030303030303,7,0,1000000,3000,4
8764,8764,35056,34,78,312,652.0,0.0,652.0,722,722,379.6025641025641,15,0,1000000,3000,4
8957,8957,35828,35,193,772,1032.0,0.0,1032.0,1126,1126,633.9274611398964,23,0,1000000,3000,4
8986,8986,35944,36,29,116,251.0,0.0,251.0,314,314,156.86206896551724,7,0,1000000,3000,4
9076,9076,36304,37,90,360,634.0,0.0,634.0,710,710,375.8,15,0,1000000,3000,4
9109,9109,36436,38,33,132,247.0,0.0,247.0,310,310,153.0,7,0,1000000,3000,4
9140,9140,36560,39,31,124,251.0,0.0,251.0,315,315,152.0,7,0,1000000,3000,4
9171,9171,36684,40,31,124,249.0,0.0,249.0,313,313,155.90322580645162,7,0,1000000,3000,4
9396,9396,37584,41,225,900,1024.0,0.0,1024.0,1124,1124,642.5288888888889,23,0,1000000,3000,4
9598,9598,38392,42,202,808,1425.0,0.0,1425.0,1521,1521,783.039603960396,31,0,1000000,3000,4
9674,9674,38696,43,76,304,616.0,0.0,616.0,689,689,338.17105263157896,14,0,1000000,3000,4
9715,9715,38860,44,41,164,231.0,0.0,231.0,296,296,167.1219512195122,6,0,1000000,3000,4
9758,9758,39032,45,43,172,223.0,0.0,223.0,289,289,160.09302325581396,6,0,1000000,3000,4
9856,9856,39424,46,98,392,733.0,0.0,733.0,810,810,417.265306122449,17,0,1000000,3000,4
9889,9889,39556,47,33,132,244.0,0.0,244.0,308,308,162.6060606060606,7,0,1000000,3000,4
10071,10071,40284,48,182,728,1036.0,0.0,1036.0,1128,1128,597.0,23,0,1000000,3000,4
10177,10177,40708,49,106,424,595.0,0.0,595.0,674,674,401.45283018867923,14,0,1000000,3000,4
10210,10210,40840,50,33,132,249.0,0.0,249.0,313,313,149.57575757575756,7,0,1000000,3000,4
10488,10488,41952,51,278,1112,1405.0,0.0,1405.0,1516,1516,766.4352517985611,31,0,1000000,3000,4
10647,10647,42588,52,159,636,729.0,0.0,729.0,817,817,492.59119496855345,17,0,1000000,3000,4
10842,10842,43368,53,195,780,1313.0,0.0,1313.0,1409,1409,724.1435897435897,29,0,1000000,3000,4
10941,10941,43764,54,99,396,630.0,0.0,630.0,707,707,348.050505050505,15,0,1000000,3000,4
10982,10982,43928,55,41,164,243.0,0.0,243.0,309,309,141.9268292682927,7,0,1000000,3000,4
11092,11092,44368,56,110,440,623.0,0.0,623.0,702,702,313.3909090909091,15,0,1000000,3000,4
11304,11304,45216,57,212,848,708.0,0.0,708.0,807,807,498.7688679245283,17,0,1000000,3000,4
11444,11444,45776,58,140,560,607.0,0.0,607.0,691,691,364.62857142857143,14,0,1000000,3000,4
11543,11543,46172,59,99,396,615.0,0.0,615.0,691,691,305.24242424242425,14,0,1000000,3000,4
11711,11711,46844,60,168,672,728.0,0.0,728.0,818,818,452.73214285714283,17,0,1000000,3000,4
11803,11803,47212,61,92,368,635.0,0.0,635.0,711,711,356.17391304347825,15,0,1000000,3000,4
11838,11838,47352,62,35,140,251.0,0.0,251.0,316,316,147.82857142857142,7,0,1000000,3000,4
12143,12143,48572,63,305,1220,1891.0,0.0,1891.0,2009,2009,975.6360655737705,41,0,1000000,3000,4
12183,12183,48732,64,40,160,235.0,0.0,235.0,299,299,154.95,6,0,1000000,3000,4
12222,12222,48888,65,39,156,238.0,0.0,238.0,303,303,155.51282051282053,7,0,1000000,3000,4
12332,12332,49328,66,110,440,599.0,0.0,599.0,677,677,394.46363636363634,14,0,1000000,3000,4
12447,12447,49788,67,115,460,603.0,0.0,603.0,683,683,383.44347826086954,14,0,1000000,3000,4
12490,12490,49960,68,43,172,231.0,0.0,231.0,295,295,154.34883720930233,6,0,1000000,3000,4
12525,12525,50100,69,35,140,246.0,0.0,246.0,310,310,147.05714285714285,7,0,1000000,3000,4
12627,12627,50508,70,102,408,611.0,0.0,611.0,689,689,406.22549019607845,14,0,1000000,3000,4
12666,12666,50664,71,39,156,241.0,0.0,241.0,306,306,149.02564102564102,7,0,1000000,3000,4
12697,12697,50788,72,31,124,249.0,0.0,249.0,313,313,156.67741935483872,7,0,1000000,3000,4
12780,12780,51120,73,83,332,609.0,0.0,609.0,682,682,337.421686746988,14,0,1000000,3000,4
12824,12824,51296,74,44,176,226.0,0.0,226.0,291,291,163.54545454545453,6,0,1000000,3000,4
12861,12861,51444,75,37,148,240.0,0.0,240.0,305,305,162.45945945945945,7,0,1000000,3000,4
12960,12960,51840,76,99,396,611.0,0.0,611.0,686,686,388.6161616161616,14,0,1000000,3000,4
12993,12993,51972,77,33,132,247.0,0.0,247.0,310,310,155.72727272727272,7,0,1000000,3000,4
13028,13028,52112,78,35,140,244.0,0.0,244.0,308,308,151.88571428571427,7,0,1000000,3000,4
13067,13067,52268,79,39,156,234.0,0.0,234.0,299,299,154.87179487179486,6,0,1000000,3000,4
13102,13102,52408,80,35,140,241.0,0.0,241.0,305,305,162.0,7,0,1000000,3000,4
13259,13259,53036,81,157,628,1042.0,0.0,1042.0,1129,1129,623.1847133757962,23,0,1000000,3000,4
13348,13348,53392,82,89,356,613.0,0.0,613.0,688,688,334.30337078651684,14,0,1000000,3000,4
13389,13389,53556,83,41,164,236.0,0.0,236.0,302,302,159.41463414634146,7,0,1000000,3000,4
13615,13615,54460,84,226,904,1419.0,0.0,1419.0,1522,1522,742.6150442477876,31,0,1000000,3000,4
13655,13655,54620,85,40,160,231.0,0.0,231.0,296,296,160.55,6,0,1000000,3000,4
13885,13885,55540,86,230,920,1330.0,0.0,1330.0,1433,1433,705.6434782608695,29,0,1000000,3000,4
14059,14059,56236,87,174,696,1345.0,0.0,1345.0,1437,1437,754.2126436781609,29,0,1000000,3000,4
14140,14140,56560,88,81,324,634.0,0.0,634.0,707,707,375.962962962963,15,0,1000000,3000,4
14251,14251,57004,89,111,444,631.0,0.0,631.0,711,711,370.07207207207205,15,0,1000000,3000,4
14289,14289,57156,90,38,152,245.0,0.0,245.0,310,310,144.94736842105263,7,0,1000000,3000,4
14442,14442,57768,91,153,612,637.0,0.0,637.0,722,722,507.77777777777777,15,0,1000000,3000,4
14485,14485,57940,92,43,172,229.0,0.0,229.0,295,295,164.7674418604651,6,0,1000000,3000,4
14792,14792,59168,93,307,1228,1293.0,0.0,1293.0,1411,1411,777.1986970684039,29,0,1000000,3000,4
14900,14900,59600,94,108,432,598.0,0.0,598.0,677,677,397.6111111111111,14,0,1000000,3000,4
15097,15097,60388,95,197,788,1336.0,0.0,1336.0,1433,1433,672.3350253807107,29,0,1000000,3000,4
15182,15182,60728,96,85,340,613.0,0.0,613.0,688,688,334.5882352941176,14,0,1000000,3000,4
15213,15213,60852,97,31,124,250.0,0.0,250.0,314,314,151.19354838709677,7,0,1000000,3000,4
15576,15576,62304,98,363,1452,1882.0,0.0,1882.0,2011,2011,994.8787878787879,41,0,1000000,3000,4
15730,15730,62920,99,154,616,739.0,0.0,739.0,826,826,463.11038961038963,17,0,1000000,3000,4
15776,15776,63104,100,46,184,229.0,0.0,229.0,294,294,151.45652173913044,6,0,1000000,3000,4
16240,16240,64960,101,464,1856,690.0,0.0,690.0,839,839,643.7995689655172,17,0,1000000,3000,4
16348,16348,65392,102,108,432,630.0,0.0,630.0,709,709,366.712962962963,15,0,1000000,3000,4
16518,16518,66072,103,170,680,634.0,0.0,634.0,722,723,460.7352941176471,15,0,1000000,3000,4
16558,16558,66232,104,40,160,231.0,0.0,231.0,295,295,159.25,6,0,1000000,3000,4
16725,16725,66900,105,167,668,619.0,0.0,619.0,708,708,451.58682634730536,15,0,1000000,3000,4
17111,17111,68444,106,386,1544,1002.0,0.0,1002.0,1135,1135,673.7435233160621,23,0,1000000,3000,4
17253,17253,69012,107,142,568,581.0,0.0,581.0,665,665,388.1267605633803,14,0,1000000,3000,4
17308,17308,69232,108,55,220,227.0,0.0,227.0,294,294,129.83636363636364,6,0,1000000,3000,4
17419,17419,69676,109,111,444,615.0,0.0,615.0,695,695,371.1801801801802,14,0,1000000,3000,4
17510,17510,70040,110,91,364,627.0,0.0,627.0,702,702,339.72527472527474,15,0,1000000,3000,4
17761,17761,71044,111,251,1004,793.0,0.0,793.0,898,898,588.3625498007968,18,0,1000000,3000,4
17983,17983,71932,112,222,888,623.0,0.0,623.0,722,722,543.8423423423424,15,0,1000000,3000,4
18041,18041,72164,113,58,232,190.0,0.0,190.0,257,257,166.56896551724137,6,0,1000000,3000,4
18124,18124,72496,114,83,332,611.0,0.0,611.0,685,685,345.10843373493975,14,0,1000000,3000,4
18164,18164,72656,115,40,160,233.0,0.0,233.0,299,299,160.375,6,0,1000000,3000,4
18200,18200,72800,116,36,144,245.0,0.0,245.0,310,310,153.86111111111111,7,0,1000000,3000,4
18297,18297,73188,117,97,388,607.0,0.0,607.0,683,683,386.96907216494844,14,0,1000000,3000,4
18332,18332,73328,118,35,140,239.0,0.0,239.0,304,304,156.11428571428573,7,0,1000000,3000,4
18647,18647,74588,119,315,1260,1006.0,0.0,1006.0,1123,1123,651.5619047619048,23,0,1000000,3000,4
18685,18685,74740,120,38,152,241.0,0.0,241.0,304,304,157.76315789473685,7,0,1000000,3000,4
18915,18915,75660,121,230,920,1423.0,0.0,1423.0,1526,1526,748.9608695652174,31,0,1000000,3000,4
19142,19142,76568,122,227,908,1412.0,0.0,1412.0,1514,1514,709.6519823788547,31,0,1000000,3000,4
19425,19425,77700,123,283,1132,1316.0,0.0,1316.0,1429,1429,740.1095406360424,29,0,1000000,3000,4
19664,19664,78656,124,239,956,796.0,0.0,796.0,898,898,552.4518828451883,18,0,1000000,3000,4
19809,19809,79236,125,145,580,1435.0,0.0,1435.0,1520,1520,757.8344827586207,31,0,1000000,3000,4
19887,19887,79548,126,78,312,611.0,0.0,611.0,684,684,335.3076923076923,14,0,1000000,3000,4
19932,19932,79728,127,45,180,221.0,0.0,221.0,287,287,164.53333333333333,6,0,1000000,3000,4
20148,20148,80592,128,216,864,1304.0,0.0,1304.0,1404,1404,745.3518518518518,29,0,1000000,3000,4
20192,20192,80768,129,44,176,232.0,0.0,232.0,297,297,148.6818181818182,6,0,1000000,3000,4
20227,20227,80908,130,35,140,246.0,0.0,246.0,310,310,156.11428571428573,7,0,1000000,3000,4
20265,20265,81060,131,38,152,245.0,0.0,245.0,310,310,149.94736842105263,7,0,1000000,3000,4
20347,20347,81388,132,82,328,651.0,0.0,651.0,722,723,379.390243902439,15,0,1000000,3000,4
20396,20396,81584,133,49,196,215.0,0.0,215.0,280,280,170.69387755102042,6,0,1000000,3000,4
20430,20430,81720,134,34,136,251.0,0.0,251.0,315,315,145.1764705882353,7,0,1000000,3000,4
20615,20615,82460,135,185,740,630.0,0.0,630.0,722,722,447.227027027027,15,0,1000000,3000,4
20699,20699,82796,136,84,336,615.0,0.0,615.0,688,688,403.3333333333333,14,0,1000000,3000,4
20877,20877,83508,137,178,712,1041.0,0.0,1041.0,1132,1132,576.8932584269663,23,0,1000000,3000,4
20911,20911,83644,138,34,136,247.0,0.0,247.0,311,311,150.7941176470588,7,0,1000000,3000,4
21012,21012,84048,139,101,404,627.0,0.0,627.0,704,704,351.56435643564356,15,0,1000000,3000,4
21261,21261,85044,140,249,996,1019.0,0.0,1019.0,1123,1123,697.9437751004016,23,0,1000000,3000,4
21315,21315,85260,141,54,216,219.0,0.0,219.0,285,285,140.94444444444446,6,0,1000000,3000,4
21746,21746,86984,142,431,1724,1809.0,0.0,1809.0,1945,1945,862.6218097447796,39,0,1000000,3000,4
21883,21883,87532,143,137,548,605.0,0.0,605.0,688,688,334.5620437956204,14,0,1000000,3000,4
21974,21974,87896,144,91,364,625.0,0.0,625.0,700,700,327.5054945054945,15,0,1000000,3000,4
22027,22027,88108,145,53,212,212.0,0.0,212.0,279,279,156.0,6,0,1000000,3000,4
22119,22119,88476,146,92,368,612.0,0.0,612.0,687,687,379.69565217391306,14,0,1000000,3000,4
22154,22154,88616,147,35,140,246.0,0.0,246.0,309,309,148.28571428571428,7,0,1000000,3000,4
22301,22301,89204,148,147,588,720.0,0.0,720.0,806,806,466.57142857142856,17,0,1000000,3000,4
22341,22341,89364,149,40,160,243.0,0.0,243.0,309,309,142.375,7,0,1000000,3000,4
22372,22372,89488,150,31,124,250.0,0.0,250.0,314,314,150.51612903225808,7,0,1000000,3000,4
22417,22417,89668,151,45,180,240.0,0.0,240.0,305,305,139.53333333333333,7,0,1000000,3000,4
22629,22629,90516,152,212,848,1131.0,0.0,1131.0,1230,1230,630.4198113207547,25,0,1000000,3000,4
22936,22936,91744,153,307,1228,1291.0,0.0,1291.0,1409,1409,721.7947882736156,29,0,1000000,3000,4
22980,22980,91920,154,44,176,222.0,0.0,222.0,287,287,170.20454545454547,6,0,1000000,3000,4
23174,23174,92696,155,194,776,1316.0,0.0,1316.0,1410,1410,700.5876288659794,29,0,1000000,3000,4
23216,23216,92864,156,42,168,233.0,0.0,233.0,298,298,151.97619047619048,6,0,1000000,3000,4
23262,23262,93048,157,46,184,217.0,0.0,217.0,283,283,164.2608695652174,6,0,1000000,3000,4
23374,23374,93496,158,112,448,608.0,0.0,608.0,687,687,366.94642857142856,14,0,1000000,3000,4
23550,23550,94200,159,176,704,757.0,0.0,757.0,849,849,494.27272727272725,17,0,1000000,3000,4
23598,23598,94392,160,48,192,243.0,0.0,243.0,309,309,123.0625,7,0,1000000,3000,4
23747,23747,94988,161,149,596,596.0,0.0,596.0,681,681,361.02013422818794,14,0,1000000,3000,4
23797,23797,95188,162,50,200,212.0,0.0,212.0,279,279,162.06,6,0,1000000,3000,4
23965,23965,95860,163,168,672,1046.0,0.0,1046.0,1135,1135,591.3869047619048,23,0,1000000,3000,4
24002,24002,96008,164,37,148,244.0,0.0,244.0,309,309,156.02702702702703,7,0,1000000,3000,4
24105,24105,96420,165,103,412,630.0,0.0,630.0,708,708,344.93203883495147,15,0,1000000,3000,4
24151,24151,96604,166,46,184,231.0,0.0,231.0,296,296,146.93478260869566,6,0,1000000,3000,4
24367,24367,97468,167,216,864,729.0,0.0,729.0,829,829,555.5277777777778,17,0,1000000,3000,4
24403,24403,97612,168,36,144,232.0,0.0,232.0,297,297,162.22222222222223,6,0,1000000,3000,4
24437,24437,97748,169,34,136,248.0,0.0,248.0,312,312,148.35294117647058,7,0,1000000,3000,4
24553,24553,98212,170,116,464,625.0,0.0,625.0,706,706,357.9913793103448,15,0,1000000,3000,4
24586,24586,98344,171,33,132,244.0,0.0,244.0,307,307,160.06060606060606,7,0,1000000,3000,4
24624,24624,98496,172,38,152,236.0,0.0,236.0,301,301,149.73684210526315,7,0,1000000,3000,4
24665,24665,98660,173,41,164,233.0,0.0,233.0,298,298,159.26829268292684,6,0,1000000,3000,4
24878,24878,99512,174,213,852,1027.0,0.0,1027.0,1125,1125,594.5727699530516,23,0,1000000,3000,4
24917,24917,99668,175,39,156,234.0,0.0,234.0,298,298,161.3846153846154,6,0,1000000,3000,4
25143,25143,100572,176,226,904,1121.0,0.0,1121.0,1222,1222,586.5398230088496,25,0,1000000,3000,4
25187,25187,100748,177,44,176,227.0,0.0,227.0,291,291,161.9090909090909,6,0,1000000,3000,4
25330,25330,101320,178,143,572,1043.0,0.0,1043.0,1127,1127,566.0979020979021,23,0,1000000,3000,4
25374,25374,101496,179,44,176,231.0,0.0,231.0,296,296,152.04545454545453,6,0,1000000,3000,4
25418,25418,101672,180,44,176,232.0,0.0,232.0,298,298,152.45454545454547,6,0,1000000,3000,4
25509,25509,102036,181,91,364,632.0,0.0,632.0,706,706,352.24175824175825,15,0,1000000,3000,4
25609,25609,102436,182,100,400,629.0,0.0,629.0,705,705,356.28,15,0,1000000,3000,4
25910,25910,103640,183,301,1204,1673.0,0.0,1673.0,1791,1791,885.7142857142857,36,0,1000000,3000,4
26006,26006,104024,184,96,384,627.0,0.0,627.0,703,703,381.9791666666667,15,0,1000000,3000,4
26084,26084,104336,185,78,312,618.0,0.0,618.0,690,690,355.4230769230769,14,0,1000000,3000,4
26125,26125,104500,186,41,164,225.0,0.0,225.0,289,289,169.34146341463415,6,0,1000000,3000,4
26517,26517,106068,187,392,1568,991.0,0.0,991.0,1124,1124,712.8801020408164,23,0,1000000,3000,4
26667,26667,106668,188,150,600,638.0,0.0,638.0,722,723,487.2866666666667,15,0,1000000,3000,4
26848,26848,107392,189,181,724,1338.0,0.0,1338.0,1432,1432,695.121546961326,29,0,1000000,3000,4
27047,27047,108188,190,199,796,1043.0,0.0,1043.0,1138,1138,630.8793969849246,23,0,1000000,3000,4
27342,27342,109368,191,295,1180,1842.0,0.0,1842.0,1959,1959,893.8915254237288,40,0,1000000,3000,4
27438,27438,109752,192,96,384,648.0,0.0,648.0,722,722,377.875,15,0,1000000,3000,4
27518,27518,110072,193,80,320,620.0,0.0,620.0,693,693,332.2875,14,0,1000000,3000,4
27805,27805,111220,194,287,1148,1311.0,0.0,1311.0,1425,1425,711.8466898954704,29,0,1000000,3000,4
27895,27895,111580,195,90,360,624.0,0.0,624.0,699,699,378.6666666666667,14,0,1000000,3000,4
27979,27979,111916,196,84,336,634.0,0.0,634.0,708,708,362.57142857142856,15,0,1000000,3000,4
28013,28013,112052,197,34,136,250.0,0.0,250.0,313,313,146.2058823529412,7,0,1000000,3000,4
28246,28246,112984,198,233,932,1410.0,0.0,1410.0,1513,1513,719.5021459227468,31,0,1000000,3000,4
28275,28275,113100,199,29,116,248.0,0.0,248.0,311,311,151.68965517241378,7,0,1000000,3000,4
28456,28456,113824,200,181,724,1034.0,0.0,1034.0,1125,1125,641.2707182320441,23,0,1000000,3000,4
28564,28564,114256,201,108,432,624.0,0.0,624.0,702,702,372.75925925925924,15,0,1000000,3000,4
28599,28599,114396,202,35,140,247.0,0.0,247.0,311,311,149.02857142857144,7,0,1000000,3000,4
28695,28695,114780,203,96,384,623.0,0.0,623.0,699,699,382.5104166666667,14,0,1000000,3000,4
28920,28920,115680,204,225,900,1412.0,0.0,1412.0,1513,1513,769.7111111111111,31,0,1000000,3000,4
28997,28997,115988,205,77,308,634.0,0.0,634.0,706,706,388.6233766233766,15,0,1000000,3000,4
29272,29272,117088,206,275,1100,1321.0,0.0,1321.0,1434,1434,673.3890909090909,29,0,1000000,3000,4
29307,29307,117228,207,35,140,239.0,0.0,239.0,304,304,154.02857142857144,7,0,1000000,3000,4
29465,29465,117860,208,158,632,1040.0,0.0,1040.0,1127,1127,574.506329113924,23,0,1000000,3000,4
29672,29672,118688,209,207,828,1336.0,0.0,1336.0,1435,1435,694.3623188405797,29,0,1000000,3000,4
29709,29709,118836,210,37,148,239.0,0.0,239.0,303,303,156.02702702702703,7,0,1000000,3000,4
29744,29744,118976,211,35,140,248.0,0.0,248.0,312,312,154.54285714285714,7,0,1000000,3000,4
29776,29776,119104,212,32,128,250.0,0.0,250.0,314,314,147.96875,7,0,1000000,3000,4
29859,29859,119436,213,83,332,627.0,0.0,627.0,701,701,397.7590361445783,15,0,1000000,3000,4
29896,29896,119584,214,37,148,236.0,0.0,236.0,301,301,151.0810810810811,7,0,1000000,3000,4
29928,29928,119712,215,32,128,250.0,0.0,250.0,314,314,148.46875,7,0,1000000,3000,4
29958,29958,119832,216,30,120,250.0,0.0,250.0,313,313,155.83333333333334,7,0,1000000,3000,4
30050,30050,120200,217,92,368,626.0,0.0,626.0,701,701,391.3369565217391,15,0,1000000,3000,4
30329,30329,121316,218,279,1116,1312.0,0.0,1312.0,1425,1425,662.8494623655914,29,0,1000000,3000,4
30436,30436,121744,219,107,428,618.0,0.0,618.0,696,696,388.5327102803738,14,0,1000000,3000,4
30468,30468,121872,220,32,128,250.0,0.0,250.0,314,314,143.46875,7,0,1000000,3000,4
30509,30509,122036,221,41,164,243.0,0.0,243.0,308,308,143.3658536585366,7,0,1000000,3000,4
30541,30541,122164,222,32,128,247.0,0.0,247.0,310,310,158.84375,7,0,1000000,3000,4
30573,30573,122292,223,32,128,248.0,0.0,248.0,312,312,157.125,7,0,1000000,3000,4
30611,30611,122444,224,38,152,237.0,0.0,237.0,302,302,155.26315789473685,7,0,1000000,3000,4
30727,30727,122908,225,116,464,615.0,0.0,615.0,696,696,385.75,14,0,1000000,3000,4
30899,30899,123596,226,172,688,728.0,0.0,728.0,818,818,576.7441860465116,17,0,1000000,3000,4
30929,30929,123716,227,30,120,249.0,0.0,249.0,312,312,152.76666666666668,7,0,1000000,3000,4
31021,31021,124084,228,92,368,617.0,0.0,617.0,692,692,391.29347826086956,14,0,1000000,3000,4
31058,31058,124232,229,37,148,229.0,0.0,229.0,294,294,169.9189189189189,6,0,1000000,3000,4
31230,31230,124920,230,172,688,1037.0,0.0,1037.0,1127,1127,570.0872093023256,23,0,1000000,3000,4
31408,31408,125632,231,178,712,745.0,0.0,745.0,838,838,475.26404494382024,17,0,1000000,3000,4
31590,31590,126360,232,182,728,761.0,0.0,761.0,855,855,508.75824175824175,18,0,1000000,3000,4
31775,31775,127100,233,185,740,1031.0,0.0,1031.0,1123,1123,604.7459459459459,23,0,1000000,3000,4
31960,31960,127840,234,185,740,1036.0,0.0,1036.0,1128,1128,600.827027027027,23,0,1000000,3000,4
32098,32098,128392,235,138,552,708.0,0.0,708.0,792,792,450.2463768115942,16,0,1000000,3000,4
32344,32344,129376,236,246,984,781.0,0.0,781.0,887,887,528.8252032520326,18,0,1000000,3000,4
32439,32439,129756,237,95,380,613.0,0.0,613.0,689,689,316.0736842105263,14,0,1000000,3000,4
32520,32520,130080,238,81,324,619.0,0.0,619.0,691,691,343.5061728395062,14,0,1000000,3000,4
32734,32734,130936,239,214,856,1031.0,0.0,1031.0,1129,1129,576.2663551401869,23,0,1000000,3000,4
32780,32780,131120,240,46,184,229.0,0.0,229.0,294,294,146.67391304347825,6,0,1000000,3000,4
33021,33021,132084,241,241,964,1315.0,0.0,1315.0,1419,1419,718.597510373444,29,0,1000000,3000,4
33319,33319,133276,242,298,1192,784.0,0.0,784.0,898,899,605.3657718120805,18,0,1000000,3000,4
33490,33490,133960,243,171,684,633.0,0.0,633.0,722,723,435.7543859649123,15,0,1000000,3000,4
33695,33695,134780,244,205,820,802.0,0.0,802.0,898,898,560.5756097560976,18,0,1000000,3000,4
33805,33805,135220,245,110,440,620.0,0.0,620.0,697,697,375.5090909090909,14,0,1000000,3000,4
33844,33844,135376,246,39,156,237.0,0.0,237.0,302,302,158.48717948717947,7,0,1000000,3000,4
34132,34132,136528,247,288,1152,786.0,0.0,786.0,898,899,634.1284722222222,18,0,1000000,3000,4
34546,34546,138184,248,414,1656,723.0,0.0,723.0,862,862,615.8478260869565,18,0,1000000,3000,4
34588,34588,138352,249,42,168,232.0,0.0,232.0,297,297,159.1904761904762,6,0,1000000,3000,4
34725,34725,138900,250,137,548,589.0,0.0,589.0,673,673,382.007299270073,14,0,1000000,3000,4
35003,35003,140012,251,278,1112,740.0,0.0,740.0,852,852,589.6726618705036,18,0,1000000,3000,4
35395,35395,141580,252,392,1568,991.0,0.0,991.0,1125,1125,673.5867346938776,23,0,1000000,3000,4
35432,35432,141728,253,37,148,230.0,0.0,230.0,293,293,159.7027027027027,6,0,1000000,3000,4
35475,35475,141900,254,43,172,230.0,0.0,230.0,294,294,158.27906976744185,6,0,1000000,3000,4
35852,35852,143408,255,377,1508,1279.0,0.0,1279.0,1411,1411,735.4403183023873,29,0,1000000,3000,4
35956,35956,143824,256,104,416,607.0,0.0,607.0,684,684,385.5769230769231,14,0,1000000,3000,4
36170,36170,144680,257,214,856,746.0,0.0,746.0,844,844,517.5373831775701,17,0,1000000,3000,4
36337,36337,145348,258,167,668,634.0,0.0,634.0,722,722,496.64071856287427,15,0,1000000,3000,4
36434,36434,145736,259,97,388,633.0,0.0,633.0,708,708,355.29896907216494,15,0,1000000,3000,4
36474,36474,145896,260,40,160,229.0,0.0,229.0,293,293,166.4,6,0,1000000,3000,4
36513,36513,146052,261,39,156,234.0,0.0,234.0,297,297,162.28205128205127,6,0,1000000,3000,4
36553,36553,146212,262,40,160,236.0,0.0,236.0,301,301,159.375,7,0,1000000,3000,4
36597,36597,146388,263,44,176,225.0,0.0,225.0,289,289,163.3181818181818,6,0,1000000,3000,4
36639,36639,146556,264,42,168,236.0,0.0,236.0,301,301,153.47619047619048,7,0,1000000,3000,4
36680,36680,146720,265,41,164,231.0,0.0,231.0,296,296,160.4390243902439,6,0,1000000,3000,4
36860,36860,147440,266,180,720,1319.0,0.0,1319.0,1411,1411,689.3777777777777,29,0,1000000,3000,4
36900,36900,147600,267,40,160,229.0,0.0,229.0,293,293,161.525,6,0,1000000,3000,4
37011,37011,148044,268,111,444,626.0,0.0,626.0,705,705,367.8018018018018,15,0,1000000,3000,4
37051,37051,148204,269,40,160,230.0,0.0,230.0,295,295,160.125,6,0,1000000,3000,4
37285,37285,149140,270,234,936,1035.0,0.0,1035.0,1138,1138,618.5299145299145,23,0,1000000,3000,4
37325,37325,149300,271,40,160,234.0,0.0,234.0,297,297,159.45,6,0,1000000,3000,4
37431,37431,149724,272,106,424,614.0,0.0,614.0,692,692,368.20754716981133,14,0,1000000,3000,4
37637,37637,150548,273,206,824,1312.0,0.0,1312.0,1410,1410,699.7135922330098,29,0,1000000,3000,4
37678,37678,150712,274,41,164,226.0,0.0,226.0,291,291,164.21951219512195,6,0,1000000,3000,4
37866,37866,151464,275,188,752,1048.0,0.0,1048.0,1142,1142,611.1702127659574,23,0,1000000,3000,4
38078,38078,152312,276,212,848,1029.0,0.0,1029.0,1126,1126,604.9481132075472,23,0,1000000,3000,4
38123,38123,152492,277,45,180,239.0,0.0,239.0,304,304,140.44444444444446,7,0,1000000,3000,4
38402,38402,153608,278,279,1116,1016.0,0.0,1016.0,1126,1126,667.2939068100359,23,0,1000000,3000,4
38520,38520,154080,279,118,472,608.0,0.0,608.0,688,688,361.271186440678,14,0,1000000,3000,4
38566,38566,154264,280,46,184,216.0,0.0,216.0,282,282,166.06521739130434,6,0,1000000,3000,4
38804,38804,155216,281,238,952,1307.0,0.0,1307.0,1411,1411,683.8403361344538,29,0,1000000,3000,4
39102,39102,156408,282,298,1192,1319.0,0.0,1319.0,1436,1436,725.3355704697987,29,0,1000000,3000,4
39280,39280,157120,283,178,712,770.0,0.0,770.0,861,861,488.86516853932585,18,0,1000000,3000,4
39477,39477,157908,284,197,788,1037.0,0.0,1037.0,1132,1132,570.4720812182741,23,0,1000000,3000,4
39514,39514,158056,285,37,148,240.0,0.0,240.0,304,304,156.94594594594594,7,0,1000000,3000,4
39743,39743,158972,286,229,916,1037.0,0.0,1037.0,1139,1139,595.3624454148471,23,0,1000000,3000,4
39787,39787,159148,287,44,176,222.0,0.0,222.0,286,286,171.22727272727272,6,0,1000000,3000,4
40126,40126,160504,288,339,1356,1014.0,0.0,1014.0,1138,1138,742.4749262536873,23,0,1000000,3000,4
40425,40425,161700,289,299,1196,734.0,0.0,734.0,850,850,593.7959866220735,18,0,1000000,3000,4
40549,40549,162196,290,124,496,605.0,0.0,605.0,685,685,364.89516129032256,14,0,1000000,3000,4
40593,40593,162372,291,44,176,242.0,0.0,242.0,308,308,130.88636363636363,7,0,1000000,3000,4
40629,40629,162516,292,36,144,234.0,0.0,234.0,297,297,160.11111111111111,6,0,1000000,3000,4
40750,40750,163000,293,121,484,595.0,0.0,595.0,676,676,359.3884297520661,14,0,1000000,3000,4
40847,40847,163388,294,97,388,617.0,0.0,617.0,693,693,334.29896907216494,14,0,1000000,3000,4
40887,40887,163548,295,40,160,230.0,0.0,230.0,295,295,167.95,6,0,1000000,3000,4
41238,41238,164952,296,351,1404,998.0,0.0,998.0,1123,1123,677.6923076923077,23,0,1000000,3000,4
41499,41499,165996,297,261,1044,1323.0,0.0,1323.0,1433,1433,680.7509578544061,29,0,1000000,3000,4
41550,41550,166200,298,51,204,217.0,0.0,217.0,284,284,155.0,6,0,1000000,3000,4
41667,41667,166668,299,117,468,592.0,0.0,592.0,672,672,366.9145299145299,14,0,1000000,3000,4
41915,41915,167660,300,248,992,1022.0,0.0,1022.0,1127,1127,599.8306451612904,23,0,1000000,3000,4
42086,42086,168344,301,171,684,809.0,0.0,809.0,898,899,528.6549707602339,18,0,1000000,3000,4
42190,42190,168760,302,104,416,607.0,0.0,607.0,685,685,406.8942307692308,14,0,1000000,3000,4
42345,42345,169380,303,155,620,751.0,0.0,751.0,840,840,509.73548387096776,17,0,1000000,3000,4
42387,42387,169548,304,42,168,237.0,0.0,237.0,302,302,141.73809523809524,7,0,1000000,3000,4
42535,42535,170140,305,148,592,783.0,0.0,783.0,870,870,526.75,18,0,1000000,3000,4
42576,42576,170304,306,41,164,230.0,0.0,230.0,296,296,158.46341463414635,6,0,1000000,3000,4
42776,42776,171104,307,200,800,1346.0,0.0,1346.0,1443,1443,705.2,29,0,1000000,3000,4
42961,42961,171844,308,185,740,1128.0,0.0,1128.0,1220,1220,679.3891891891892,25,0,1000000,3000,4
43051,43051,172204,309,90,360,627.0,0.0,627.0,702,702,376.52222222222224,15,0,1000000,3000,4
43094,43094,172376,310,43,172,233.0,0.0,233.0,299,299,149.86046511627907,6,0,1000000,3000,4
43306,43306,173224,311,212,848,1329.0,0.0,1329.0,1429,1429,762.1603773584906,29,0,1000000,3000,4
43346,43346,173384,312,40,160,239.0,0.0,239.0,305,305,143.825,7,0,1000000,3000,4
43526,43526,174104,313,180,720,1414.0,0.0,1414.0,1507,1507,756.5277777777778,31,0,1000000,3000,4
43639,43639,174556,314,113,452,580.0,0.0,580.0,658,658,383.4867256637168,14,0,1000000,3000,4
43731,43731,174924,315,92,368,629.0,0.0,629.0,705,705,381.0326086956522,15,0,1000000,3000,4
43927,43927,175708,316,196,784,1028.0,0.0,1028.0,1122,1122,634.0408163265306,23,0,1000000,3000,4
43966,43966,175864,317,39,156,246.0,0.0,246.0,311,311,139.02564102564102,7,0,1000000,3000,4
44058,44058,176232,318,92,368,634.0,0.0,634.0,709,709,336.0,15,0,1000000,3000,4
44096,44096,176384,319,38,152,240.0,0.0,240.0,304,304,151.89473684210526,7,0,1000000,3000,4
44199,44199,176796,320,103,412,625.0,0.0,625.0,703,703,377.36893203883494,15,0,1000000,3000,4
44364,44364,177456,321,165,660,1039.0,0.0,1039.0,1128,1128,581.569696969697,23,0,1000000,3000,4
44453,44453,177812,322,89,356,627.0,0.0,627.0,700,700,395.46067415730334,15,0,1000000,3000,4
44616,44616,178464,323,163,652,1062.0,0.0,1062.0,1152,1152,485.0368098159509,24,0,1000000,3000,4
44652,44652,178608,324,36,144,243.0,0.0,243.0,308,308,145.55555555555554,7,0,1000000,3000,4
44810,44810,179240,325,158,632,812.0,0.0,812.0,898,900,599.2215189873418,19,0,1000000,3000,4
45050,45050,180200,326,240,960,1327.0,0.0,1327.0,1432,1432,774.3083333333333,29,0,1000000,3000,4
45083,45083,180332,327,33,132,250.0,0.0,250.0,314,314,149.15151515151516,7,0,1000000,3000,4
45824,45824,183296,328,741,2964,1467.0,0.0,1467.0,1673,1673,873.693657219973,34,0,1000000,3000,4
46394,46394,185576,329,570,2280,729.0,0.0,729.0,898,899,703.040350877193,18,0,1000000,3000,4
46483,46483,185932,330,89,356,616.0,0.0,616.0,691,691,407.2696629213483,14,0,1000000,3000,4
46526,46526,186104,331,43,172,230.0,0.0,230.0,296,296,160.48837209302326,6,0,1000000,3000,4
46685,46685,186740,332,159,636,636.0,0.0,636.0,722,723,459.42138364779873,15,0,1000000,3000,4
47069,47069,188276,333,384,1536,703.0,0.0,703.0,837,837,651.2760416666666,17,0,1000000,3000,4
47736,47736,190944,334,667,2668,710.0,0.0,710.0,898,898,677.4137931034483,18,0,1000000,3000,4
49184,49184,196736,335,1448,5792,554.0,0.0,554.0,898,899,712.8860497237569,18,0,1000000,3000,4
49290,49290,197160,336,106,424,623.0,0.0,623.0,702,702,364.2169811320755,15,0,1000000,3000,4
49329,49329,197316,337,39,156,245.0,0.0,245.0,309,309,144.71794871794873,7,0,1000000,3000,4
49369,49369,197476,338,40,160,231.0,0.0,231.0,297,297,157.15,6,0,1000000,3000,4
49599,49599,198396,339,230,920,1333.0,0.0,1333.0,1436,1436,676.7652173913043,29,0,1000000,3000,4
50360,50360,201440,340,761,3044,1222.0,0.0,1222.0,1432,1432,766.8896189224704,29,0,1000000,3000,4
50645,50645,202580,341,285,1140,744.0,0.0,744.0,857,857,575.859649122807,18,0,1000000,3000,4
51531,51531,206124,342,886,3544,1176.0,0.0,1176.0,1410,1410,820.6309255079007,29,0,1000000,3000,4
52028,52028,208112,343,497,1988,970.0,0.0,970.0,1124,1124,738.8732394366198,23,0,1000000,3000,4
52561,52561,210244,344,533,2132,1271.0,0.0,1271.0,1435,1435,670.7748592870544,29,0,1000000,3000,4
52597,52597,210388,345,36,144,235.0,0.0,235.0,299,299,163.47222222222223,6,0,1000000,3000,4
52733,52733,210932,346,136,544,737.0,0.0,737.0,821,821,445.3235294117647,17,0,1000000,3000,4
52830,52830,211320,347,97,388,618.0,0.0,618.0,695,695,383.7319587628866,14,0,1000000,3000,4
52922,52922,211688,348,92,368,604.0,0.0,604.0,680,680,400.2282608695652,14,0,1000000,3000,4
52957,52957,211828,349,35,140,247.0,0.0,247.0,310,310,155.65714285714284,7,0,1000000,3000,4
53121,53121,212484,350,164,656,1348.0,0.0,1348.0,1438,1438,708.0426829268292,29,0,1000000,3000,4
53152,53152,212608,351,31,124,246.0,0.0,246.0,310,310,159.19354838709677,7,0,1000000,3000,4
53237,53237,212948,352,85,340,628.0,0.0,628.0,702,702,368.6235294117647,15,0,1000000,3000,4
53450,53450,213800,353,213,852,1335.0,0.0,1335.0,1435,1435,729.0469483568075,29,0,1000000,3000,4
53581,53581,214324,354,131,524,817.0,0.0,817.0,898,899,582.3358778625955,18,0,1000000,3000,4
53669,53669,214676,355,88,352,625.0,0.0,625.0,699,699,387.17045454545456,14,0,1000000,3000,4
53808,53808,215232,356,139,556,1046.0,0.0,1046.0,1129,1129,550.4172661870504,23,0,1000000,3000,4
53869,53869,215476,357,61,244,609.0,0.0,609.0,679,679,327.655737704918,14,0,1000000,3000,4
54082,54082,216328,358,213,852,1041.0,0.0,1041.0,1140,1140,609.793427230047,23,0,1000000,3000,4
54111,54111,216444,359,29,116,251.0,0.0,251.0,314,314,155.24137931034483,7,0,1000000,3000,4
54201,54201,216804,360,90,360,627.0,0.0,627.0,702,702,382.7888888888889,15,0,1000000,3000,4
54284,54284,217136,361,83,332,630.0,0.0,630.0,704,704,387.1686746987952,15,0,1000000,3000,4
54388,54388,217552,362,104,416,598.0,0.0,598.0,675,675,410.0673076923077,14,0,1000000,3000,4
54510,54510,218040,363,122,488,1047.0,0.0,1047.0,1126,1126,567.3032786885246,23,0,1000000,3000,4
54677,54677,218708,364,167,668,1430.0,0.0,1430.0,1521,1521,786.2215568862275,31,0,1000000,3000,4
54710,54710,218840,365,33,132,244.0,0.0,244.0,307,307,160.06060606060606,7,0,1000000,3000,4
54739,54739,218956,366,29,116,248.0,0.0,248.0,311,311,156.0,7,0,1000000,3000,4
54941,54941,219764,367,202,808,1033.0,0.0,1033.0,1129,1129,608.0891089108911,23,0,1000000,3000,4
55124,55124,220496,368,183,732,1035.0,0.0,1035.0,1126,1126,656.9398907103825,23,0,1000000,3000,4
55157,55157,220628,369,33,132,243.0,0.0,243.0,306,306,156.0,7,0,1000000,3000,4
55188,55188,220752,370,31,124,250.0,0.0,250.0,314,314,155.03225806451613,7,0,1000000,3000,4
55337,55337,221348,371,149,596,618.0,0.0,618.0,705,705,474.1409395973154,15,0,1000000,3000,4
55429,55429,221716,372,92,368,627.0,0.0,627.0,703,703,388.5,15,0,1000000,3000,4
55460,55460,221840,373,31,124,251.0,0.0,251.0,315,315,156.03225806451613,7,0,1000000,3000,4
55493,55493,221972,374,33,132,240.0,0.0,240.0,304,304,162.0,7,0,1000000,3000,4
55523,55523,222092,375,30,120,249.0,0.0,249.0,313,313,158.03333333333333,7,0,1000000,3000,4
55627,55627,222508,376,104,416,630.0,0.0,630.0,708,708,378.25961538461536,15,0,1000000,3000,4
55735,55735,222940,377,108,432,606.0,0.0,606.0,684,684,398.037037037037,14,0,1000000,3000,4
55804,55804,223216,378,69,276,608.0,0.0,608.0,679,679,354.42028985507244,14,0,1000000,3000,4
55895,55895,223580,379,91,364,630.0,0.0,630.0,706,706,376.2637362637363,15,0,1000000,3000,4
56038,56038,224152,380,143,572,714.0,0.0,714.0,799,799,470.1118881118881,16,0,1000000,3000,4
56162,56162,224648,381,124,496,723.0,0.0,723.0,804,804,512.5887096774194,17,0,1000000,3000,4
56334,56334,225336,382,172,688,1036.0,0.0,1036.0,1126,1126,611.8081395348837,23,0,1000000,3000,4
56449,56449,225796,383,115,460,620.0,0.0,620.0,700,700,381.1478260869565,15,0,1000000,3000,4
56524,56524,226096,384,75,300,653.0,0.0,653.0,722,722,390.92,15,0,1000000,3000,4
56735,56735,226940,385,211,844,1418.0,0.0,1418.0,1517,1517,737.3364928909953,31,0,1000000,3000,4
56765,56765,227060,386,30,120,244.0,0.0,244.0,308,308,150.53333333333333,7,0,1000000,3000,4
56966,56966,227864,387,201,804,1032.0,0.0,1032.0,1128,1128,627.3233830845771,23,0,1000000,3000,4
57205,57205,228820,388,239,956,1915.0,0.0,1915.0,2020,2020,997.163179916318,41,0,1000000,3000,4
57344,57344,229376,389,139,556,640.0,0.0,640.0,722,723,524.3525179856115,15,0,1000000,3000,4
57483,57483,229932,390,139,556,640.0,0.0,640.0,722,723,514.9640287769785,15,0,1000000,3000,4
57512,57512,230048,391,29,116,246.0,0.0,246.0,309,309,159.06896551724137,7,0,1000000,3000,4
57548,57548,230192,392,36,144,231.0,0.0,231.0,295,295,165.91666666666666,6,0,1000000,3000,4
57619,57619,230476,393,71,284,617.0,0.0,617.0,689,689,345.36619718309856,14,0,1000000,3000,4
57659,57659,230636,394,40,160,229.0,0.0,229.0,294,294,164.775,6,0,1000000,3000,4
57697,57697,230788,395,38,152,238.0,0.0,238.0,303,303,156.10526315789474,7,0,1000000,3000,4
57778,57778,231112,396,81,324,623.0,0.0,623.0,697,697,350.0987654320988,14,0,1000000,3000,4
58283,58283,233132,397,505,2020,2603.0,0.0,2603.0,2760,2760,1350.609900990099,56,0,1000000,3000,4
58441,58441,233764,398,158,632,812.0,0.0,812.0,898,898,559.6139240506329,18,0,1000000,3000,4
58581,58581,234324,399,140,560,1045.0,0.0,1045.0,1129,1129,588.3714285714286,23,0,1000000,3000,4
58654,58654,234616,400,73,292,619.0,0.0,619.0,691,691,334.041095890411,14,0,1000000,3000,4
58740,58740,234960,401,86,344,625.0,0.0,625.0,700,700,381.93023255813955,15,0,1000000,3000,4
58827,58827,235308,402,87,348,632.0,0.0,632.0,707,707,381.1609195402299,15,0,1000000,3000,4
58861,58861,235444,403,34,136,251.0,0.0,251.0,315,315,148.2058823529412,7,0,1000000,3000,4
58896,58896,235584,404,35,140,235.0,0.0,235.0,300,300,155.65714285714284,7,0,1000000,3000,4
59059,59059,236236,405,163,652,1332.0,0.0,1332.0,1422,1422,739.0184049079754,29,0,1000000,3000,4
59140,59140,236560,406,81,324,620.0,0.0,620.0,693,693,366.55555555555554,14,0,1000000,3000,4
59209,59209,236836,407,69,276,624.0,0.0,624.0,693,693,361.9710144927536,14,0,1000000,3000,4
59291,59291,237164,408,82,328,735.0,0.0,735.0,809,809,397.5853658536585,17,0,1000000,3000,4
59388,59388,237552,409,97,388,618.0,0.0,618.0,695,695,375.1855670103093,14,0,1000000,3000,4
59422,59422,237688,410,34,136,239.0,0.0,239.0,301,301,168.2058823529412,7,0,1000000,3000,4
60037,60037,240148,411,615,2460,1830.0,0.0,1830.0,2009,2009,918.3577235772358,41,0,1000000,3000,4
60126,60126,240504,412,89,356,622.0,0.0,622.0,695,695,370.12359550561797,14,0,1000000,3000,4
60164,60164,240656,413,38,152,235.0,0.0,235.0,299,299,161.02631578947367,6,0,1000000,3000,4
60298,60298,241192,414,134,536,596.0,0.0,596.0,678,678,392.1044776119403,14,0,1000000,3000,4
60335,60335,241340,415,37,148,239.0,0.0,239.0,302,302,155.67567567567568,7,0,1000000,3000,4
60430,60430,241720,416,95,380,609.0,0.0,609.0,684,684,391.57894736842104,14,0,1000000,3000,4
60470,60470,241880,417,40,160,233.0,0.0,233.0,297,297,159.7,6,0,1000000,3000,4
60525,60525,242100,418,55,220,208.0,0.0,208.0,276,276,155.70909090909092,6,0,1000000,3000,4
60894,60894,243576,419,369,1476,1292.0,0.0,1292.0,1423,1423,698.349593495935,29,0,1000000,3000,4
61004,61004,244016,420,110,440,602.0,0.0,602.0,680,680,385.8181818181818,14,0,1000000,3000,4
61590,61590,246360,421,586,2344,953.0,0.0,953.0,1126,1126,775.9709897610921,23,0,1000000,3000,4
61921,61921,247684,422,331,1324,1293.0,0.0,1293.0,1414,1414,778.8398791540785,29,0,1000000,3000,4
62100,62100,248400,423,179,716,773.0,0.0,773.0,865,865,520.8324022346369,18,0,1000000,3000,4
62248,62248,248992,424,148,592,638.0,0.0,638.0,722,723,505.30405405405406,15,0,1000000,3000,4
62346,62346,249384,425,98,392,630.0,0.0,630.0,706,706,380.0816326530612,15,0,1000000,3000,4
62527,62527,250108,426,181,724,1057.0,0.0,1057.0,1151,1151,593.182320441989,24,0,1000000,3000,4
62725,62725,250900,427,198,792,1328.0,0.0,1328.0,1424,1424,708.8888888888889,29,0,1000000,3000,4
62914,62914,251656,428,189,756,1044.0,0.0,1044.0,1137,1137,622.4867724867725,23,0,1000000,3000,4
63080,63080,252320,429,166,664,1430.0,0.0,1430.0,1521,1521,729.9578313253012,31,0,1000000,3000,4
63165,63165,252660,430,85,340,637.0,0.0,637.0,711,711,383.2705882352941,15,0,1000000,3000,4
63200,63200,252800,431,35,140,236.0,0.0,236.0,299,299,172.11428571428573,6,0,1000000,3000,4
63231,63231,252924,432,31,124,247.0,0.0,247.0,310,310,156.1290322580645,7,0,1000000,3000,4
63261,63261,253044,433,30,120,249.0,0.0,249.0,313,313,156.53333333333333,7,0,1000000,3000,4
63343,63343,253372,434,82,328,624.0,0.0,624.0,697,697,400.780487804878,14,0,1000000,3000,4
63414,63414,253656,435,71,284,608.0,0.0,608.0,680,680,329.0,14,0,1000000,3000,4
63450,63450,253800,436,36,144,239.0,0.0,239.0,304,304,158.94444444444446,7,0,1000000,3000,4
63489,63489,253956,437,39,156,236.0,0.0,236.0,299,299,157.69230769230768,6,0,1000000,3000,4
63520,63520,254080,438,31,124,248.0,0.0,248.0,312,312,154.4516129032258,7,0,1000000,3000,4
63623,63623,254492,439,103,412,622.0,0.0,622.0,699,699,390.7281553398058,14,0,1000000,3000,4
63803,63803,255212,440,180,720,807.0,0.0,807.0,898,900,572.4,19,0,1000000,3000,4
63838,63838,255352,441,35,140,235.0,0.0,235.0,300,300,168.17142857142858,7,0,1000000,3000,4
63908,63908,255632,442,70,280,628.0,0.0,628.0,699,699,369.54285714285714,14,0,1000000,3000,4
64064,64064,256256,443,156,624,636.0,0.0,636.0,722,722,493.5128205128205,15,0,1000000,3000,4
64209,64209,256836,444,145,580,1043.0,0.0,1043.0,1129,1129,610.3310344827586,23,0,1000000,3000,4
64246,64246,256984,445,37,148,229.0,0.0,229.0,292,292,166.2972972972973,6,0,1000000,3000,4
64415,64415,257660,446,169,676,722.0,0.0,722.0,813,813,535.0887573964498,17,0,1000000,3000,4
64486,64486,257944,447,71,284,622.0,0.0,622.0,694,694,342.8169014084507,14,0,1000000,3000,4
64527,64527,258108,448,41,164,242.0,0.0,242.0,308,308,137.9268292682927,7,0,1000000,3000,4
64570,64570,258280,449,43,172,246.0,0.0,246.0,311,311,135.1627906976744,7,0,1000000,3000,4
64603,64603,258412,450,33,132,248.0,0.0,248.0,311,311,154.66666666666666,7,0,1000000,3000,4
64642,64642,258568,451,39,156,230.0,0.0,230.0,293,293,170.82051282051282,6,0,1000000,3000,4
64783,64783,259132,452,141,564,639.0,0.0,639.0,722,722,516.8794326241135,15,0,1000000,3000,4
64874,64874,259496,453,91,364,601.0,0.0,601.0,677,677,296.3626373626374,14,0,1000000,3000,4
64951,64951,259804,454,77,308,605.0,0.0,605.0,678,678,298.09090909090907,14,0,1000000,3000,4
64990,64990,259960,455,39,156,240.0,0.0,240.0,305,305,157.69230769230768,7,0,1000000,3000,4
65297,65297,261188,456,307,1228,1826.0,0.0,1826.0,1944,1944,947.3973941368079,39,0,1000000,3000,4
65533,65533,262132,457,236,944,1023.0,0.0,1023.0,1126,1126,641.5593220338983,23,0,1000000,3000,4
66000,66000,264000,458,467,1868,1259.0,0.0,1259.0,1408,1408,755.6830835117773,29,0,1000000,3000,4
66038,66038,264152,459,38,152,230.0,0.0,230.0,293,293,166.23684210526315,6,0,1000000,3000,4
66079,66079,264316,460,41,164,233.0,0.0,233.0,299,299,150.4878048780488,6,0,1000000,3000,4
66337,66337,265348,461,258,1032,1030.0,0.0,1030.0,1138,1138,647.453488372093,23,0,1000000,3000,4
66656,66656,266624,462,319,1276,1295.0,0.0,1295.0,1415,1415,756.0532915360502,29,0,1000000,3000,4
66939,66939,267756,463,283,1132,1015.0,0.0,1015.0,1126,1126,639.6219081272085,23,0,1000000,3000,4
67113,67113,268452,464,174,696,633.0,0.0,633.0,722,722,458.735632183908,15,0,1000000,3000,4
67214,67214,268856,465,101,404,591.0,0.0,591.0,668,668,404.91089108910893,14,0,1000000,3000,4
67254,67254,269016,466,40,160,233.0,0.0,233.0,298,298,151.55,6,0,1000000,3000,4
67409,67409,269636,467,155,620,636.0,0.0,636.0,722,723,511.0064516129032,15,0,1000000,3000,4
67565,67565,270260,468,156,624,723.0,0.0,723.0,811,811,473.89102564102564,17,0,1000000,3000,4
67606,67606,270424,469,41,164,234.0,0.0,234.0,299,299,159.8780487804878,6,0,1000000,3000,4
67867,67867,271468,470,261,1044,1313.0,0.0,1313.0,1422,1422,706.2758620689655,29,0,1000000,3000,4
67955,67955,271820,471,88,352,637.0,0.0,637.0,712,712,362.82954545454544,15,0,1000000,3000,4
68133,68133,272532,472,178,712,734.0,0.0,734.0,826,826,479.9325842696629,17,0,1000000,3000,4
68177,68177,272708,473,44,176,227.0,0.0,227.0,292,292,161.0681818181818,6,0,1000000,3000,4
68221,68221,272884,474,44,176,226.0,0.0,226.0,292,292,153.8181818181818,6,0,1000000,3000,4
68275,68275,273100,475,54,216,207.0,0.0,207.0,273,273,164.24074074074073,6,0,1000000,3000,4
68440,68440,273760,476,165,660,756.0,0.0,756.0,845,845,493.1212121212121,17,0,1000000,3000,4
68675,68675,274700,477,235,940,1034.0,0.0,1034.0,1137,1137,657.268085106383,23,0,1000000,3000,4
68904,68904,275616,478,229,916,718.0,0.0,718.0,820,820,535.7336244541485,17,0,1000000,3000,4
69020,69020,276080,479,116,464,580.0,0.0,580.0,660,660,384.1465517241379,14,0,1000000,3000,4
69191,69191,276764,480,171,684,1330.0,0.0,1330.0,1422,1422,673.1520467836257,29,0,1000000,3000,4
69234,69234,276936,481,43,172,231.0,0.0,231.0,297,297,152.25581395348837,6,0,1000000,3000,4
69472,69472,277888,482,238,952,1330.0,0.0,1330.0,1435,1435,631.0756302521008,29,0,1000000,3000,4
69745,69745,278980,483,273,1092,1302.0,0.0,1302.0,1412,1412,707.4212454212454,29,0,1000000,3000,4
70013,70013,280052,484,268,1072,1324.0,0.0,1324.0,1435,1435,712.9813432835821,29,0,1000000,3000,4
70051,70051,280204,485,38,152,243.0,0.0,243.0,307,307,153.55263157894737,7,0,1000000,3000,4
70209,70209,280836,486,158,632,758.0,0.0,758.0,847,847,535.1392405063291,17,0,1000000,3000,4
70388,70388,281552,487,179,716,1060.0,0.0,1060.0,1153,1153,600.4022346368715,24,0,1000000,3000,4
70434,70434,281736,488,46,184,229.0,0.0,229.0,295,295,150.69565217391303,6,0,1000000,3000,4
70465,70465,281860,489,31,124,251.0,0.0,251.0,315,315,154.67741935483872,7,0,1000000,3000,4
70590,70590,282360,490,125,500,616.0,0.0,616.0,699,699,354.384,14,0,1000000,3000,4
70826,70826,283304,491,236,944,1023.0,0.0,1023.0,1125,1125,616.228813559322,23,0,1000000,3000,4
70864,70864,283456,492,38,152,245.0,0.0,245.0,308,308,141.8421052631579,7,0,1000000,3000,4
71044,71044,284176,493,180,720,752.0,0.0,752.0,845,845,518.4333333333333,17,0,1000000,3000,4
71250,71250,285000,494,206,824,1039.0,0.0,1039.0,1137,1137,688.5388349514564,23,0,1000000,3000,4
71310,71310,285240,495,60,240,229.0,0.0,229.0,299,299,121.06666666666666,6,0,1000000,3000,4
71359,71359,285436,496,49,196,224.0,0.0,224.0,289,289,149.08163265306123,6,0,1000000,3000,4
71495,71495,285980,497,136,544,584.0,0.0,584.0,667,667,377.875,14,0,1000000,3000,4
71543,71543,286172,498,48,192,245.0,0.0,245.0,311,311,127.14583333333333,7,0,1000000,3000,4
71979,71979,287916,499,436,1744,1643.0,0.0,1643.0,1786,1786,879.848623853211,36,0,1000000,3000,4
72010,72010,288040,500,31,124,241.0,0.0,241.0,304,304,161.2258064516129,7,0,1000000,3000,4
72047,72047,288188,501,37,148,245.0,0.0,245.0,309,309,148.02702702702703,7,0,1000000,3000,4
72090,72090,288360,502,43,172,231.0,0.0,231.0,297,297,151.95348837209303,6,0,1000000,3000,4
72127,72127,288508,503,37,148,244.0,0.0,244.0,308,308,144.0,7,0,1000000,3000,4
72298,72298,289192,504,171,684,1037.0,0.0,1037.0,1126,1126,557.046783625731,23,0,1000000,3000,4
72331,72331,289324,505,33,132,246.0,0.0,246.0,310,310,148.15151515151516,7,0,1000000,3000,4
72367,72367,289468,506,36,144,241.0,0.0,241.0,304,304,154.13888888888889,7,0,1000000,3000,4
72543,72543,290172,507,176,704,808.0,0.0,808.0,898,899,553.1988636363636,18,0,1000000,3000,4
72610,72610,290440,508,67,268,623.0,0.0,623.0,693,693,355.3731343283582,14,0,1000000,3000,4
72641,72641,290564,509,31,124,250.0,0.0,250.0,314,314,153.38709677419354,7,0,1000000,3000,4
72683,72683,290732,510,42,168,237.0,0.0,237.0,302,302,144.38095238095238,7,0,1000000,3000,4
72725,72725,290900,511,42,168,228.0,0.0,228.0,294,294,158.52380952380952,6,0,1000000,3000,4
72761,72761,291044,512,36,144,239.0,0.0,239.0,304,304,151.0,7,0,1000000,3000,4
72798,72798,291192,513,37,148,239.0,0.0,239.0,304,304,153.94594594594594,7,0,1000000,3000,4
73130,73130,292520,514,332,1328,1892.0,0.0,1892.0,2016,2016,991.5873493975904,41,0,1000000,3000,4
73179,73179,292716,515,49,196,221.0,0.0,221.0,287,287,159.91836734693877,6,0,1000000,3000,4
73319,73319,293276,516,140,560,1041.0,0.0,1041.0,1123,1123,535.1,23,0,1000000,3000,4
73503,73503,294012,517,184,736,1037.0,0.0,1037.0,1129,1129,556.4402173913044,23,0,1000000,3000,4
73604,73604,294416,518,101,404,605.0,0.0,605.0,682,682,389.43564356435644,14,0,1000000,3000,4
73640,73640,294560,519,36,144,248.0,0.0,248.0,312,312,142.30555555555554,7,0,1000000,3000,4
73676,73676,294704,520,36,144,235.0,0.0,235.0,300,300,151.16666666666666,7,0,1000000,3000,4
73708,73708,294832,521,32,128,245.0,0.0,245.0,309,309,160.5625,7,0,1000000,3000,4
73742,73742,294968,522,34,136,246.0,0.0,246.0,309,309,155.76470588235293,7,0,1000000,3000,4
73774,73774,295096,523,32,128,249.0,0.0,249.0,313,313,155.625,7,0,1000000,3000,4
73816,73816,295264,524,42,168,225.0,0.0,225.0,290,290,168.26190476190476,6,0,1000000,3000,4
73853,73853,295412,525,37,148,242.0,0.0,242.0,306,306,147.21621621621622,7,0,1000000,3000,4
74003,74003,296012,526,150,600,638.0,0.0,638.0,722,722,497.99333333333334,15,0,1000000,3000,4
74050,74050,296200,527,47,188,224.0,0.0,224.0,291,291,144.46808510638297,6,0,1000000,3000,4
74321,74321,297284,528,271,1084,1015.0,0.0,1015.0,1125,1125,674.040590405904,23,0,1000000,3000,4
74362,74362,297448,529,41,164,241.0,0.0,241.0,307,307,149.17073170731706,7,0,1000000,3000,4
74402,74402,297608,530,40,160,242.0,0.0,242.0,306,306,150.125,7,0,1000000,3000,4
74505,74505,298020,531,103,412,647.0,0.0,647.0,722,722,343.56310679611653,15,0,1000000,3000,4
74622,74622,298488,532,117,468,603.0,0.0,603.0,684,684,346.14529914529913,14,0,1000000,3000,4
74662,74662,298648,533,40,160,241.0,0.0,241.0,306,306,145.425,7,0,1000000,3000,4
74709,74709,298836,534,47,188,247.0,0.0,247.0,314,314,125.34042553191489,7,0,1000000,3000,4
74749,74749,298996,535,40,160,247.0,0.0,247.0,312,312,136.9,7,0,1000000,3000,4
74936,74936,299744,536,187,748,587.0,0.0,587.0,681,681,394.4331550802139,14,0,1000000,3000,4
75075,75075,300300,537,139,556,582.0,0.0,582.0,665,665,350.8561151079137,14,0,1000000,3000,4
75317,75317,301268,538,242,968,736.0,0.0,736.0,841,841,504.4504132231405,17,0,1000000,3000,4
75481,75481,301924,539,164,656,727.0,0.0,727.0,816,816,471.3780487804878,17,0,1000000,3000,4
75520,75520,302080,540,39,156,244.0,0.0,244.0,309,309,146.51282051282053,7,0,1000000,3000,4
75600,75600,302400,541,80,320,609.0,0.0,609.0,682,682,321.85,14,0,1000000,3000,4
75644,75644,302576,542,44,176,227.0,0.0,227.0,292,292,159.5909090909091,6,0,1000000,3000,4
75803,75803,303212,543,159,636,765.0,0.0,765.0,852,852,514.1698113207547,18,0,1000000,3000,4
75842,75842,303368,544,39,156,237.0,0.0,237.0,302,302,151.5897435897436,7,0,1000000,3000,4
75943,75943,303772,545,101,404,619.0,0.0,619.0,696,696,379.7821782178218,14,0,1000000,3000,4
76128,76128,304512,546,185,740,1031.0,0.0,1031.0,1123,1123,598.5351351351351,23,0,1000000,3000,4
76333,76333,305332,547,205,820,1034.0,0.0,1034.0,1131,1131,603.6536585365853,23,0,1000000,3000,4
76364,76364,305456,548,31,124,251.0,0.0,251.0,315,315,156.3548387096774,7,0,1000000,3000,4
76439,76439,305756,549,75,300,609.0,0.0,609.0,682,682,337.8666666666667,14,0,1000000,3000,4
76533,76533,306132,550,94,376,611.0,0.0,611.0,685,685,390.78723404255317,14,0,1000000,3000,4
76566,76566,306264,551,33,132,250.0,0.0,250.0,314,314,148.78787878787878,7,0,1000000,3000,4
76657,76657,306628,552,91,364,627.0,0.0,627.0,703,703,391.38461538461536,15,0,1000000,3000,4
76850,76850,307400,553,193,772,1033.0,0.0,1033.0,1127,1127,620.5233160621761,23,0,1000000,3000,4
77039,77039,308156,554,189,756,733.0,0.0,733.0,828,828,546.042328042328,17,0,1000000,3000,4
77145,77145,308580,555,106,424,616.0,0.0,616.0,695,695,388.5377358490566,14,0,1000000,3000,4
77184,77184,308736,556,39,156,238.0,0.0,238.0,303,303,154.66666666666666,7,0,1000000,3000,4
77267,77267,309068,557,83,332,610.0,0.0,610.0,684,684,318.68674698795184,14,0,1000000,3000,4
77407,77407,309628,558,140,560,741.0,0.0,741.0,826,826,508.82142857142856,17,0,1000000,3000,4
77609,77609,310436,559,202,808,1336.0,0.0,1336.0,1434,1434,685.460396039604,29,0,1000000,3000,4
77721,77721,310884,560,112,448,615.0,0.0,615.0,695,695,378.24107142857144,14,0,1000000,3000,4
77820,77820,311280,561,99,396,600.0,0.0,600.0,677,677,398.64646464646466,14,0,1000000,3000,4
77856,77856,311424,562,36,144,246.0,0.0,246.0,311,311,142.33333333333334,7,0,1000000,3000,4
77896,77896,311584,563,40,160,231.0,0.0,231.0,295,295,159.15,6,0,1000000,3000,4
77928,77928,311712,564,32,128,245.0,0.0,245.0,308,308,157.1875,7,0,1000000,3000,4
78210,78210,312840,565,282,1128,787.0,0.0,787.0,898,899,638.9255319148937,18,0,1000000,3000,4
78372,78372,313488,566,162,648,1320.0,0.0,1320.0,1408,1408,665.9320987654321,29,0,1000000,3000,4
78512,78512,314048,567,140,560,815.0,0.0,815.0,898,898,588.2142857142857,18,0,1000000,3000,4
78674,78674,314696,568,162,648,811.0,0.0,811.0,898,898,554.6975308641976,18,0,1000000,3000,4
78708,78708,314832,569,34,136,239.0,0.0,239.0,303,303,162.64705882352942,7,0,1000000,3000,4
78861,78861,315444,570,153,612,1039.0,0.0,1039.0,1124,1124,610.1111111111111,23,0,1000000,3000,4
78903,78903,315612,571,42,168,229.0,0.0,229.0,294,294,156.66666666666666,6,0,1000000,3000,4
78936,78936,315744,572,33,132,248.0,0.0,248.0,312,312,150.4848484848485,7,0,1000000,3000,4
79101,79101,316404,573,165,660,760.0,0.0,760.0,850,850,501.26060606060605,18,0,1000000,3000,4
79137,79137,316548,574,36,144,250.0,0.0,250.0,315,315,140.11111111111111,7,0,1000000,3000,4
79332,79332,317328,575,195,780,805.0,0.0,805.0,898,898,582.5333333333333,18,0,1000000,3000,4
79567,79567,318268,576,235,940,1697.0,0.0,1697.0,1801,1801,883.9106382978723,37,0,1000000,3000,4
79657,79657,318628,577,90,360,621.0,0.0,621.0,695,695,347.94444444444446,14,0,1000000,3000,4
79697,79697,318788,578,40,160,239.0,0.0,239.0,304,304,143.85,7,0,1000000,3000,4
79907,79907,319628,579,210,840,1030.0,0.0,1030.0,1127,1127,629.8952380952381,23,0,1000000,3000,4
80009,80009,320036,580,102,408,630.0,0.0,630.0,708,708,352.27450980392155,15,0,1000000,3000,4
80185,80185,320740,581,176,704,808.0,0.0,808.0,898,898,581.2670454545455,18,0,1000000,3000,4
80402,80402,321608,582,217,868,1574.0,0.0,1574.0,1675,1675,813.5437788018434,34,0,1000000,3000,4
80553,80553,322212,583,151,604,776.0,0.0,776.0,863,863,529.0,18,0,1000000,3000,4
80740,80740,322960,584,187,748,806.0,0.0,806.0,898,899,589.5080213903743,18,0,1000000,3000,4
80840,80840,323360,585,100,400,618.0,0.0,618.0,696,696,355.39,14,0,1000000,3000,4
80871,80871,323484,586,31,124,248.0,0.0,248.0,312,312,157.90322580645162,7,0,1000000,3000,4
81120,81120,324480,587,249,996,1843.0,0.0,1843.0,1949,1949,1071.570281124498,39,0,1000000,3000,4
81152,81152,324608,588,32,128,249.0,0.0,249.0,313,313,145.15625,7,0,1000000,3000,4
81482,81482,325928,589,330,1320,1006.0,0.0,1006.0,1128,1128,708.8787878787879,23,0,1000000,3000,4
81703,81703,326812,590,221,884,768.0,0.0,768.0,870,870,509.15384615384613,18,0,1000000,3000,4
81737,81737,326948,591,34,136,250.0,0.0,250.0,313,313,149.85294117647058,7,0,1000000,3000,4
81832,81832,327328,592,95,380,616.0,0.0,616.0,691,691,385.3157894736842,14,0,1000000,3000,4
81930,81930,327720,593,98,392,606.0,0.0,606.0,682,682,375.8061224489796,14,0,1000000,3000,4
82105,82105,328420,594,175,700,765.0,0.0,765.0,856,856,513.7771428571428,18,0,1000000,3000,4
82513,82513,330052,595,408,1632,1806.0,0.0,1806.0,1944,1944,951.468137254902,39,0,1000000,3000,4
82543,82543,330172,596,30,120,248.0,0.0,248.0,312,312,149.56666666666666,7,0,1000000,3000,4
82682,82682,330728,597,139,556,752.0,0.0,752.0,835,835,520.2158273381295,17,0,1000000,3000,4
82940,82940,331760,598,258,1032,1030.0,0.0,1030.0,1138,1138,627.6317829457364,23,0,1000000,3000,4
83168,83168,332672,599,228,912,1026.0,0.0,1026.0,1126,1126,611.8991228070175,23,0,1000000,3000,4
83313,83313,333252,600,145,580,726.0,0.0,726.0,811,811,503.02758620689656,17,0,1000000,3000,4
83556,83556,334224,601,243,972,742.0,0.0,742.0,847,847,606.8395061728395,17,0,1000000,3000,4
83644,83644,334576,602,88,352,622.0,0.0,622.0,696,696,389.1363636363636,14,0,1000000,3000,4
83790,83790,335160,603,146,584,750.0,0.0,750.0,837,837,491.0068493150685,17,0,1000000,3000,4
83969,83969,335876,604,179,716,1038.0,0.0,1038.0,1129,1129,570.5530726256983,23,0,1000000,3000,4
84268,84268,337072,605,299,1196,1399.0,0.0,1399.0,1515,1515,742.2709030100334,31,0,1000000,3000,4
84308,84308,337232,606,40,160,240.0,0.0,240.0,303,303,152.85,7,0,1000000,3000,4
84355,84355,337420,607,47,188,219.0,0.0,219.0,285,285,163.25531914893617,6,0,1000000,3000,4
84389,84389,337556,608,34,136,250.0,0.0,250.0,314,314,152.61764705882354,7,0,1000000,3000,4
84426,84426,337704,609,37,148,238.0,0.0,238.0,302,302,164.43243243243242,7,0,1000000,3000,4
84543,84543,338172,610,117,468,603.0,0.0,603.0,684,684,379.85470085470087,14,0,1000000,3000,4
84703,84703,338812,611,160,640,734.0,0.0,734.0,823,823,486.8125,17,0,1000000,3000,4
84738,84738,338952,612,35,140,246.0,0.0,246.0,311,311,140.71428571428572,7,0,1000000,3000,4
84874,84874,339496,613,136,544,709.0,0.0,709.0,792,792,459.38235294117646,16,0,1000000,3000,4
85045,85045,340180,614,171,684,1045.0,0.0,1045.0,1136,1136,594.0350877192982,23,0,1000000,3000,4
85088,85088,340352,615,43,172,237.0,0.0,237.0,303,303,144.48837209302326,7,0,1000000,3000,4
85245,85245,340980,616,157,628,812.0,0.0,812.0,898,898,572.4140127388536,18,0,1000000,3000,4
85290,85290,341160,617,45,180,229.0,0.0,229.0,295,295,153.64444444444445,6,0,1000000,3000,4
85515,85515,342060,618,225,900,743.0,0.0,743.0,844,844,531.7244444444444,17,0,1000000,3000,4
85610,85610,342440,619,95,380,631.0,0.0,631.0,708,708,348.06315789473683,15,0,1000000,3000,4
85822,85822,343288,620,212,848,1694.0,0.0,1694.0,1793,1793,832.811320754717,36,0,1000000,3000,4
85859,85859,343436,621,37,148,245.0,0.0,245.0,309,309,148.21621621621622,7,0,1000000,3000,4
85956,85956,343824,622,97,388,615.0,0.0,615.0,692,692,287.21649484536084,14,0,1000000,3000,4
85988,85988,343952,623,32,128,249.0,0.0,249.0,311,311,151.15625,7,0,1000000,3000,4
86028,86028,344112,624,40,160,232.0,0.0,232.0,297,297,157.55,6,0,1000000,3000,4
86139,86139,344556,625,111,444,645.0,0.0,645.0,722,722,334.7477477477477,15,0,1000000,3000,4
86179,86179,344716,626,40,160,244.0,0.0,244.0,308,308,149.425,7,0,1000000,3000,4
86211,86211,344844,627,32,128,250.0,0.0,250.0,314,314,144.0,7,0,1000000,3000,4
86490,86490,345960,628,279,1116,1320.0,0.0,1320.0,1433,1433,697.3189964157706,29,0,1000000,3000,4
86639,86639,346556,629,149,596,729.0,0.0,729.0,816,816,472.5838926174497,17,0,1000000,3000,4
86799,86799,347196,630,160,640,1039.0,0.0,1039.0,1127,1127,640.1875,23,0,1000000,3000,4
86840,86840,347360,631,41,164,235.0,0.0,235.0,301,301,154.9268292682927,7,0,1000000,3000,4
86929,86929,347716,632,89,356,610.0,0.0,610.0,685,685,302.2584269662921,14,0,1000000,3000,4
87047,87047,348188,633,118,472,606.0,0.0,606.0,686,686,391.364406779661,14,0,1000000,3000,4
87082,87082,348328,634,35,140,241.0,0.0,241.0,304,304,159.25714285714287,7,0,1000000,3000,4
87127,87127,348508,635,45,180,230.0,0.0,230.0,295,295,151.57777777777778,6,0,1000000,3000,4
87236,87236,348944,636,109,436,629.0,0.0,629.0,707,707,360.1467889908257,15,0,1000000,3000,4
87336,87336,349344,637,100,400,603.0,0.0,603.0,679,679,384.59,14,0,1000000,3000,4
87448,87448,349792,638,112,448,603.0,0.0,603.0,682,682,371.57142857142856,14,0,1000000,3000,4
87563,87563,350252,639,115,460,595.0,0.0,595.0,675,675,390.11304347826086,14,0,1000000,3000,4
87825,87825,351300,640,262,1048,1017.0,0.0,1017.0,1124,1124,658.7862595419847,23,0,1000000,3000,4
87865,87865,351460,641,40,160,241.0,0.0,241.0,306,306,146.825,7,0,1000000,3000,4
88015,88015,352060,642,150,600,745.0,0.0,745.0,831,831,471.61333333333334,17,0,1000000,3000,4
88125,88125,352500,643,110,440,600.0,0.0,600.0,679,679,379.0181818181818,14,0,1000000,3000,4
88233,88233,352932,644,108,432,609.0,0.0,609.0,687,687,378.31481481481484,14,0,1000000,3000,4
88269,88269,353076,645,36,144,236.0,0.0,236.0,300,300,160.69444444444446,7,0,1000000,3000,4
88309,88309,353236,646,40,160,236.0,0.0,236.0,300,300,163.45,7,0,1000000,3000,4
88492,88492,353968,647,183,732,1037.0,0.0,1037.0,1129,1129,594.3169398907104,23,0,1000000,3000,4
88529,88529,354116,648,37,148,240.0,0.0,240.0,303,303,155.3783783783784,7,0,1000000,3000,4
88775,88775,355100,649,246,984,1032.0,0.0,1032.0,1138,1138,643.170731707317,23,0,1000000,3000,4
88815,88815,355260,650,40,160,231.0,0.0,231.0,296,296,159.65,6,0,1000000,3000,4
88857,88857,355428,651,42,168,233.0,0.0,233.0,297,297,158.5,6,0,1000000,3000,4
88889,88889,355556,652,32,128,248.0,0.0,248.0,310,310,156.21875,7,0,1000000,3000,4
89240,89240,356960,653,351,1404,1306.0,0.0,1306.0,1434,1434,732.4330484330484,29,0,1000000,3000,4
89410,89410,357640,654,170,680,730.0,0.0,730.0,820,820,475.61176470588236,17,0,1000000,3000,4
89529,89529,358116,655,119,476,604.0,0.0,604.0,683,683,366.66386554621846,14,0,1000000,3000,4
89639,89639,358556,656,110,440,621.0,0.0,621.0,699,699,364.0272727272727,14,0,1000000,3000,4
89686,89686,358744,657,47,188,215.0,0.0,215.0,280,280,168.89361702127658,6,0,1000000,3000,4
89724,89724,358896,658,38,152,243.0,0.0,243.0,307,307,150.55263157894737,7,0,1000000,3000,4
89837,89837,359348,659,113,452,623.0,0.0,623.0,702,702,350.92035398230087,15,0,1000000,3000,4
89882,89882,359528,660,45,180,232.0,0.0,232.0,298,298,150.86666666666667,6,0,1000000,3000,4
89930,89930,359720,661,48,192,225.0,0.0,225.0,290,290,145.04166666666666,6,0,1000000,3000,4
90168,90168,360672,662,238,952,1311.0,0.0,1311.0,1414,1414,729.1848739495798,29,0,1000000,3000,4
90277,90277,361108,663,109,436,616.0,0.0,616.0,694,694,322.0550458715596,14,0,1000000,3000,4
90461,90461,361844,664,184,736,612.0,0.0,612.0,704,704,440.3423913043478,15,0,1000000,3000,4
90565,90565,362260,665,104,416,618.0,0.0,618.0,695,695,338.38461538461536,14,0,1000000,3000,4
90600,90600,362400,666,35,140,244.0,0.0,244.0,308,308,158.14285714285714,7,0,1000000,3000,4
90862,90862,363448,667,262,1048,1302.0,0.0,1302.0,1411,1411,699.3129770992366,29,0,1000000,3000,4
91106,91106,364424,668,244,976,1299.0,0.0,1299.0,1404,1404,741.8483606557377,29,0,1000000,3000,4
91306,91306,365224,669,200,800,1132.0,0.0,1132.0,1229,1229,604.545,25,0,1000000,3000,4
91344,91344,365376,670,38,152,239.0,0.0,239.0,303,303,151.39473684210526,7,0,1000000,3000,4
91382,91382,365528,671,38,152,239.0,0.0,239.0,303,303,149.02631578947367,7,0,1000000,3000,4
91420,91420,365680,672,38,152,240.0,0.0,240.0,305,305,142.47368421052633,7,0,1000000,3000,4
91545,91545,366180,673,125,500,581.0,0.0,581.0,663,663,389.464,14,0,1000000,3000,4
92108,92108,368432,674,563,2252,3009.0,0.0,3009.0,3161,3161,1622.9360568383659,64,0,1000000,3000,4
92555,92555,370220,675,447,1788,981.0,0.0,981.0,1125,1125,805.6152125279642,23,0,1000000,3000,4
92655,92655,370620,676,100,400,625.0,0.0,625.0,702,702,364.38,15,0,1000000,3000,4
92953,92953,371812,677,298,1192,1326.0,0.0,1326.0,1443,1443,702.9798657718121,29,0,1000000,3000,4
92986,92986,371944,678,33,132,244.0,0.0,244.0,307,307,154.4848484848485,7,0,1000000,3000,4
93018,93018,372072,679,32,128,251.0,0.0,251.0,315,315,146.875,7,0,1000000,3000,4
93342,93342,373368,680,324,1296,1009.0,0.0,1009.0,1129,1129,741.8487654320987,23,0,1000000,3000,4
93648,93648,374592,681,306,1224,1298.0,0.0,1298.0,1414,1414,712.8823529411765,29,0,1000000,3000,4
93886,93886,375544,682,238,952,702.0,0.0,702.0,806,806,592.1890756302521,17,0,1000000,3000,4
93921,93921,375684,683,35,140,233.0,0.0,233.0,297,297,169.54285714285714,6,0,1000000,3000,4
93961,93961,375844,684,40,160,231.0,0.0,231.0,295,295,161.025,6,0,1000000,3000,4
94076,94076,376304,685,115,460,598.0,0.0,598.0,679,679,399.3391304347826,14,0,1000000,3000,4
94520,94520,378080,686,444,1776,992.0,0.0,992.0,1137,1137,764.8423423423424,23,0,1000000,3000,4
94611,94611,378444,687,91,364,598.0,0.0,598.0,674,674,337.4725274725275,14,0,1000000,3000,4
95131,95131,380524,688,520,2080,969.0,0.0,969.0,1129,1129,721.0846153846154,23,0,1000000,3000,4
95717,95717,382868,689,586,2344,673.0,0.0,673.0,847,847,659.3805460750854,17,0,1000000,3000,4
96016,96016,384064,690,299,1196,1020.0,0.0,1020.0,1136,1136,619.3879598662207,23,0,1000000,3000,4
96423,96423,385692,691,407,1628,1875.0,0.0,1875.0,2012,2012,889.0442260442261,41,0,1000000,3000,4
96456,96456,385824,692,33,132,249.0,0.0,249.0,312,312,157.57575757575756,7,0,1000000,3000,4
96573,96573,386292,693,117,468,621.0,0.0,621.0,700,700,367.36752136752136,15,0,1000000,3000,4
96744,96744,386976,694,171,684,809.0,0.0,809.0,898,898,571.2923976608187,18,0,1000000,3000,4
96931,96931,387724,695,187,748,630.0,0.0,630.0,722,723,464.3101604278075,15,0,1000000,3000,4
97082,97082,388328,696,151,604,637.0,0.0,637.0,722,722,488.5960264900662,15,0,1000000,3000,4
97229,97229,388916,697,147,588,814.0,0.0,814.0,898,900,576.9659863945578,19,0,1000000,3000,4
97578,97578,390312,698,349,1396,1314.0,0.0,1314.0,1441,1441,740.6189111747851,29,0,1000000,3000,4
97791,97791,391164,699,213,852,1310.0,0.0,1310.0,1409,1409,729.4694835680751,29,0,1000000,3000,4
97887,97887,391548,700,96,384,604.0,0.0,604.0,680,680,399.6979166666667,14,0,1000000,3000,4
97952,97952,391808,701,65,260,612.0,0.0,612.0,682,682,333.61538461538464,14,0,1000000,3000,4
98015,98015,392060,702,63,252,610.0,0.0,610.0,679,679,332.92063492063494,14,0,1000000,3000,4
98132,98132,392528,703,117,468,583.0,0.0,583.0,664,664,397.63247863247864,14,0,1000000,3000,4
98321,98321,393284,704,189,756,1035.0,0.0,1035.0,1128,1128,632.2275132275132,23,0,1000000,3000,4
98360,98360,393440,705,39,156,238.0,0.0,238.0,302,302,154.51282051282053,7,0,1000000,3000,4
98707,98707,394828,706,347,1388,999.0,0.0,999.0,1123,1123,699.6945244956772,23,0,1000000,3000,4
98806,98806,395224,707,99,396,613.0,0.0,613.0,689,689,390.82828282828285,14,0,1000000,3000,4
98838,98838,395352,708,32,128,244.0,0.0,244.0,307,307,161.90625,7,0,1000000,3000,4
99031,99031,396124,709,193,772,805.0,0.0,805.0,898,898,531.9067357512953,18,0,1000000,3000,4
99289,99289,397156,710,258,1032,1512.0,0.0,1512.0,1619,1619,964.8372093023256,33,0,1000000,3000,4
99449,99449,397796,711,160,640,575.0,0.0,575.0,663,663,369.85,14,0,1000000,3000,4
99498,99498,397992,712,49,196,231.0,0.0,231.0,296,296,148.53061224489795,6,0,1000000,3000,4
99540,99540,398160,713,42,168,228.0,0.0,228.0,292,292,164.8095238095238,6,0,1000000,3000,4
99579,99579,398316,714,39,156,230.0,0.0,230.0,294,294,160.3846153846154,6,0,1000000,3000,4
99706,99706,398824,715,127,508,588.0,0.0,588.0,670,670,373.53543307086613,14,0,1000000,3000,4
99754,99754,399016,716,48,192,238.0,0.0,238.0,304,304,134.14583333333334,7,0,1000000,3000,4
99798,99798,399192,717,44,176,228.0,0.0,228.0,292,292,155.0909090909091,6,0,1000000,3000,4
99857,99857,399428,718,59,236,211.0,0.0,211.0,278,278,143.10169491525423,6,0,1000000,3000,4
100053,100053,400212,719,196,784,729.0,0.0,729.0,825,825,524.1785714285714,17,0,1000000,3000,4
100096,100096,400384,720,43,172,228.0,0.0,228.0,293,293,157.41860465116278,6,0,1000000,3000,4
100187,100187,400748,721,91,364,616.0,0.0,616.0,690,690,382.27472527472526,14,0,1000000,3000,4
100227,100227,400908,722,40,160,235.0,0.0,235.0,300,300,150.125,7,0,1000000,3000,4
100467,100467,401868,723,240,960,1546.0,0.0,1546.0,1650,1650,852.5166666666667,34,0,1000000,3000,4
100507,100507,402028,724,40,160,237.0,0.0,237.0,302,302,154.15,7,0,1000000,3000,4
100724,100724,402896,725,217,868,1304.0,0.0,1304.0,1404,1404,760.516129032258,29,0,1000000,3000,4
100968,100968,403872,726,244,976,1033.0,0.0,1033.0,1138,1138,599.2131147540983,23,0,1000000,3000,4
101127,101127,404508,727,159,636,1040.0,0.0,1040.0,1127,1127,580.7484276729559,23,0,1000000,3000,4
101168,101168,404672,728,41,164,228.0,0.0,228.0,293,293,161.8048780487805,6,0,1000000,3000,4
101244,101244,404976,729,76,304,611.0,0.0,611.0,683,683,311.5394736842105,14,0,1000000,3000,4
101276,101276,405104,730,32,128,245.0,0.0,245.0,308,308,159.53125,7,0,1000000,3000,4
101388,101388,405552,731,112,448,598.0,0.0,598.0,677,677,388.2857142857143,14,0,1000000,3000,4
101802,101802,407208,732,414,1656,2623.0,0.0,2623.0,2761,2761,1576.8623188405797,56,0,1000000,3000,4
101899,101899,407596,733,97,388,623.0,0.0,623.0,700,700,332.7216494845361,15,0,1000000,3000,4
102160,102160,408640,734,261,1044,1027.0,0.0,1027.0,1136,1136,624.4176245210728,23,0,1000000,3000,4
102268,102268,409072,735,108,432,624.0,0.0,624.0,702,702,367.8240740740741,15,0,1000000,3000,4
102370,102370,409480,736,102,408,610.0,0.0,610.0,686,686,392.7843137254902,14,0,1000000,3000,4
102509,102509,410036,737,139,556,710.0,0.0,710.0,794,794,493.2517985611511,16,0,1000000,3000,4
102551,102551,410204,738,42,168,221.0,0.0,221.0,286,286,169.14285714285714,6,0,1000000,3000,4
102698,102698,410792,739,147,588,1052.0,0.0,1052.0,1138,1138,597.4761904761905,23,0,1000000,3000,4
102844,102844,411376,740,146,584,742.0,0.0,742.0,828,828,486.2054794520548,17,0,1000000,3000,4
102960,102960,411840,741,116,464,583.0,0.0,583.0,663,663,419.23275862068965,14,0,1000000,3000,4
103163,103163,412652,742,203,812,738.0,0.0,738.0,836,836,554.064039408867,17,0,1000000,3000,4
103521,103521,414084,743,358,1432,772.0,0.0,772.0,898,898,670.0167597765363,18,0,1000000,3000,4
103624,103624,414496,744,103,412,607.0,0.0,607.0,684,684,376.20388349514565,14,0,1000000,3000,4
103767,103767,415068,745,143,572,815.0,0.0,815.0,898,898,600.5454545454545,18,0,1000000,3000,4
103878,103878,415512,746,111,444,583.0,0.0,583.0,662,662,410.8018018018018,14,0,1000000,3000,4
104068,104068,416272,747,190,760,722.0,0.0,722.0,818,818,532.9947368421052,17,0,1000000,3000,4
104109,104109,416436,748,41,164,223.0,0.0,223.0,288,288,164.90243902439025,6,0,1000000,3000,4
104369,104369,417476,749,260,1040,1022.0,0.0,1022.0,1129,1129,713.0461538461539,23,0,1000000,3000,4
104450,104450,417800,750,81,324,651.0,0.0,651.0,722,724,353.18518518518516,15,0,1000000,3000,4
104538,104538,418152,751,88,352,618.0,0.0,618.0,693,693,348.3636363636364,14,0,1000000,3000,4
104569,104569,418276,752,31,124,246.0,0.0,246.0,310,310,150.2258064516129,7,0,1000000,3000,4
104600,104600,418400,753,31,124,240.0,0.0,240.0,303,303,163.29032258064515,7,0,1000000,3000,4
104948,104948,419792,754,348,1392,1011.0,0.0,1011.0,1136,1136,694.7902298850574,23,0,1000000,3000,4
105337,105337,421348,755,389,1556,997.0,0.0,997.0,1129,1129,660.3059125964011,23,0,1000000,3000,4
105378,105378,421512,756,41,164,242.0,0.0,242.0,307,307,151.09756097560975,7,0,1000000,3000,4
105655,105655,422620,757,277,1108,1296.0,0.0,1296.0,1408,1408,685.9277978339351,29,0,1000000,3000,4
105697,105697,422788,758,42,168,235.0,0.0,235.0,299,299,157.42857142857142,6,0,1000000,3000,4
105992,105992,423968,759,295,1180,1402.0,0.0,1402.0,1516,1516,738.335593220339,31,0,1000000,3000,4
106038,106038,424152,760,46,184,234.0,0.0,234.0,300,300,147.30434782608697,7,0,1000000,3000,4
106270,106270,425080,761,232,928,1033.0,0.0,1033.0,1135,1135,552.8275862068965,23,0,1000000,3000,4
106498,106498,425992,762,228,912,1307.0,0.0,1307.0,1409,1409,748.1578947368421,29,0,1000000,3000,4
106807,106807,427228,763,309,1236,1904.0,0.0,1904.0,2022,2022,930.7022653721683,41,0,1000000,3000,4
106975,106975,427900,764,168,672,634.0,0.0,634.0,722,722,467.23809523809524,15,0,1000000,3000,4
107106,107106,428424,765,131,524,721.0,0.0,721.0,804,804,446.0610687022901,17,0,1000000,3000,4
107149,107149,428596,766,43,172,233.0,0.0,233.0,297,297,153.27906976744185,6,0,1000000,3000,4
107377,107377,429508,767,228,912,704.0,0.0,704.0,806,806,538.5877192982456,17,0,1000000,3000,4
107420,107420,429680,768,43,172,230.0,0.0,230.0,295,295,155.93023255813952,6,0,1000000,3000,4
107583,107583,430332,769,163,652,744.0,0.0,744.0,833,833,493.2822085889571,17,0,1000000,3000,4
107854,107854,431416,770,271,1084,789.0,0.0,789.0,898,900,640.4169741697417,19,0,1000000,3000,4
108015,108015,432060,771,161,644,635.0,0.0,635.0,722,722,491.3664596273292,15,0,1000000,3000,4
108240,108240,432960,772,225,900,1028.0,0.0,1028.0,1127,1127,640.5466666666666,23,0,1000000,3000,4
108337,108337,433348,773,97,388,618.0,0.0,618.0,694,694,381.4845360824742,14,0,1000000,3000,4
108568,108568,434272,774,231,924,1338.0,0.0,1338.0,1442,1442,751.1601731601731,29,0,1000000,3000,4
108820,108820,435280,775,252,1008,1018.0,0.0,1018.0,1124,1124,652.4126984126984,23,0,1000000,3000,4
108864,108864,435456,776,44,176,224.0,0.0,224.0,288,288,163.1818181818182,6,0,1000000,3000,4
109082,109082,436328,777,218,872,1037.0,0.0,1037.0,1136,1136,644.3577981651376,23,0,1000000,3000,4
109122,109122,436488,778,40,160,237.0,0.0,237.0,303,303,148.275,7,0,1000000,3000,4
109280,109280,437120,779,158,632,732.0,0.0,732.0,821,821,495.23417721518985,17,0,1000000,3000,4
109535,109535,438140,780,255,1020,1555.0,0.0,1555.0,1661,1661,888.5098039215686,34,0,1000000,3000,4
109699,109699,438796,781,164,656,760.0,0.0,760.0,849,849,512.1036585365854,17,0,1000000,3000,4
109807,109807,439228,782,108,432,595.0,0.0,595.0,673,673,399.48148148148147,14,0,1000000,3000,4
109846,109846,439384,783,39,156,237.0,0.0,237.0,301,301,154.15384615384616,7,0,1000000,3000,4
109890,109890,439560,784,44,176,231.0,0.0,231.0,296,296,155.8181818181818,6,0,1000000,3000,4
109928,109928,439712,785,38,152,241.0,0.0,241.0,305,305,157.31578947368422,7,0,1000000,3000,4
110221,110221,440884,786,293,1172,1115.0,0.0,1115.0,1229,1229,700.0546075085324,25,0,1000000,3000,4
110442,110442,441768,787,221,884,1546.0,0.0,1546.0,1648,1648,815.5022624434389,33,0,1000000,3000,4
110478,110478,441912,788,36,144,235.0,0.0,235.0,299,299,164.30555555555554,6,0,1000000,3000,4
110995,110995,443980,789,517,2068,2309.0,0.0,2309.0,2467,2467,1164.0019342359767,50,0,1000000,3000,4
111172,111172,444688,790,177,708,1057.0,0.0,1057.0,1150,1150,577.1468926553672,24,0,1000000,3000,4
111463,111463,445852,791,291,1164,1302.0,0.0,1302.0,1415,1415,746.0721649484536,29,0,1000000,3000,4
111714,111714,446856,792,251,1004,1310.0,0.0,1310.0,1415,1415,695.9482071713147,29,0,1000000,3000,4
111851,111851,447404,793,137,548,734.0,0.0,734.0,818,818,495.81021897810217,17,0,1000000,3000,4
111889,111889,447556,794,38,152,232.0,0.0,232.0,295,295,160.3684210526316,6,0,1000000,3000,4
111931,111931,447724,795,42,168,217.0,0.0,217.0,282,282,177.54761904761904,6,0,1000000,3000,4
112182,112182,448728,796,251,1004,1305.0,0.0,1305.0,1412,1412,690.9721115537849,29,0,1000000,3000,4
112223,112223,448892,797,41,164,232.0,0.0,232.0,297,297,154.7560975609756,6,0,1000000,3000,4
112387,112387,449548,798,164,656,730.0,0.0,730.0,820,820,484.3841463414634,17,0,1000000,3000,4
112420,112420,449680,799,33,132,247.0,0.0,247.0,311,311,160.6060606060606,7,0,1000000,3000,4
112454,112454,449816,800,34,136,240.0,0.0,240.0,304,304,155.02941176470588,7,0,1000000,3000,4
112566,112566,450264,801,112,448,596.0,0.0,596.0,675,675,376.8125,14,0,1000000,3000,4
112766,112766,451064,802,200,800,1333.0,0.0,1333.0,1430,1430,719.505,29,0,1000000,3000,4
112805,112805,451220,803,39,156,227.0,0.0,227.0,290,290,165.74358974358975,6,0,1000000,3000,4
112848,112848,451392,804,43,172,220.0,0.0,220.0,284,284,169.04651162790697,6,0,1000000,3000,4
113021,113021,452084,805,173,692,768.0,0.0,768.0,858,858,518.8439306358382,18,0,1000000,3000,4
113179,113179,452716,806,158,632,636.0,0.0,636.0,722,723,492.2025316455696,15,0,1000000,3000,4
113216,113216,452864,807,37,148,243.0,0.0,243.0,308,308,157.0,7,0,1000000,3000,4
113475,113475,453900,808,259,1036,1020.0,0.0,1020.0,1126,1126,619.3088803088804,23,0,1000000,3000,4
113626,113626,454504,809,151,604,766.0,0.0,766.0,853,853,501.1324503311258,18,0,1000000,3000,4
113906,113906,455624,810,280,1120,1324.0,0.0,1324.0,1437,1437,771.7642857142857,29,0,1000000,3000,4
114103,114103,456412,811,197,788,1034.0,0.0,1034.0,1129,1129,666.5279187817259,23,0,1000000,3000,4
114242,114242,456968,812,139,556,712.0,0.0,712.0,795,795,512.3669064748201,16,0,1000000,3000,4
114282,114282,457128,813,40,160,236.0,0.0,236.0,301,301,165.55,7,0,1000000,3000,4
114427,114427,457708,814,145,580,784.0,0.0,784.0,870,870,553.6137931034483,18,0,1000000,3000,4
114587,114587,458348,815,160,640,1345.0,0.0,1345.0,1434,1434,730.73125,29,0,1000000,3000,4
114740,114740,458960,816,153,612,1160.0,0.0,1160.0,1248,1248,599.8300653594771,25,0,1000000,3000,4
114829,114829,459316,817,89,356,615.0,0.0,615.0,690,690,368.35955056179773,14,0,1000000,3000,4
114863,114863,459452,818,34,136,240.0,0.0,240.0,304,304,157.91176470588235,7,0,1000000,3000,4
114900,114900,459600,819,37,148,228.0,0.0,228.0,292,292,174.48648648648648,6,0,1000000,3000,4
115058,115058,460232,820,158,632,1040.0,0.0,1040.0,1126,1126,665.5506329113924,23,0,1000000,3000,4
115249,115249,460996,821,191,764,1339.0,0.0,1339.0,1435,1435,701.5706806282723,29,0,1000000,3000,4
115337,115337,461348,822,88,352,624.0,0.0,624.0,699,699,353.82954545454544,14,0,1000000,3000,4
115520,115520,462080,823,183,732,1036.0,0.0,1036.0,1128,1128,638.5901639344262,23,0,1000000,3000,4
115552,115552,462208,824,32,128,248.0,0.0,248.0,312,312,155.4375,7,0,1000000,3000,4
115612,115612,462448,825,60,240,607.0,0.0,607.0,677,677,336.3333333333333,14,0,1000000,3000,4
115700,115700,462800,826,88,352,623.0,0.0,623.0,698,698,399.4886363636364,14,0,1000000,3000,4
115844,115844,463376,827,144,576,744.0,0.0,744.0,830,830,494.7013888888889,17,0,1000000,3000,4
116069,116069,464276,828,225,900,1855.0,0.0,1855.0,1958,1958,937.2711111111112,40,0,1000000,3000,4
116141,116141,464564,829,72,288,653.0,0.0,653.0,722,722,383.625,15,0,1000000,3000,4
116175,116175,464700,830,34,136,233.0,0.0,233.0,296,296,171.1764705882353,6,0,1000000,3000,4
116204,116204,464816,831,29,116,251.0,0.0,251.0,314,314,159.6551724137931,7,0,1000000,3000,4
116236,116236,464944,832,32,128,238.0,0.0,238.0,302,302,163.78125,7,0,1000000,3000,4
116270,116270,465080,833,34,136,234.0,0.0,234.0,297,297,174.38235294117646,6,0,1000000,3000,4
116299,116299,465196,834,29,116,248.0,0.0,248.0,311,311,153.27586206896552,7,0,1000000,3000,4
116332,116332,465328,835,33,132,243.0,0.0,243.0,306,306,159.21212121212122,7,0,1000000,3000,4
116594,116594,466376,836,262,1048,1299.0,0.0,1299.0,1408,1408,772.8549618320611,29,0,1000000,3000,4
116624,116624,466496,837,30,120,250.0,0.0,250.0,313,313,158.93333333333334,7,0,1000000,3000,4
116786,116786,467144,838,162,648,582.0,0.0,582.0,671,671,492.537037037037,14,0,1000000,3000,4
116858,116858,467432,839,72,288,609.0,0.0,609.0,681,681,338.84722222222223,14,0,1000000,3000,4
116934,116934,467736,840,76,304,616.0,0.0,616.0,689,689,363.7894736842105,14,0,1000000,3000,4
117058,117058,468232,841,124,496,722.0,0.0,722.0,803,803,507.80645161290323,17,0,1000000,3000,4
117201,117201,468804,842,143,572,1044.0,0.0,1044.0,1128,1128,657.7762237762238,23,0,1000000,3000,4
117455,117455,469820,843,254,1016,1421.0,0.0,1421.0,1529,1529,723.9488188976378,31,0,1000000,3000,4
117484,117484,469936,844,29,116,249.0,0.0,249.0,312,312,153.9655172413793,7,0,1000000,3000,4
117578,117578,470312,845,94,376,632.0,0.0,632.0,706,706,395.6276595744681,15,0,1000000,3000,4
117612,117612,470448,846,34,136,236.0,0.0,236.0,299,299,168.11764705882354,6,0,1000000,3000,4
117771,117771,471084,847,159,636,1042.0,0.0,1042.0,1130,1130,607.6415094339623,23,0,1000000,3000,4
117869,117869,471476,848,98,392,612.0,0.0,612.0,689,689,411.6734693877551,14,0,1000000,3000,4
118037,118037,472148,849,168,672,1038.0,0.0,1038.0,1126,1126,647.1190476190476,23,0,1000000,3000,4
118070,118070,472280,850,33,132,240.0,0.0,240.0,304,304,160.42424242424244,7,0,1000000,3000,4
118235,118235,472940,851,165,660,1587.0,0.0,1587.0,1678,1678,806.6969696969697,34,0,1000000,3000,4
118424,118424,473696,852,189,756,1035.0,0.0,1035.0,1128,1128,643.1481481481482,23,0,1000000,3000,4
118618,118618,474472,853,194,776,1035.0,0.0,1035.0,1129,1129,688.1134020618557,23,0,1000000,3000,4
118647,118647,474588,854,29,116,247.0,0.0,247.0,310,310,156.55172413793105,7,0,1000000,3000,4
118799,118799,475196,855,152,608,1434.0,0.0,1434.0,1522,1522,761.171052631579,31,0,1000000,3000,4
119081,119081,476324,856,282,1128,787.0,0.0,787.0,898,898,710.822695035461,18,0,1000000,3000,4
119307,119307,477228,857,226,904,1333.0,0.0,1333.0,1436,1436,736.2477876106195,29,0,1000000,3000,4
119339,119339,477356,858,32,128,240.0,0.0,240.0,304,304,166.125,7,0,1000000,3000,4
119430,119430,477720,859,91,364,610.0,0.0,610.0,685,685,410.38461538461536,14,0,1000000,3000,4
119583,119583,478332,860,153,612,813.0,0.0,813.0,898,900,545.9150326797386,19,0,1000000,3000,4
119953,119953,479812,861,370,1480,1395.0,0.0,1395.0,1527,1527,780.8864864864864,31,0,1000000,3000,4
120073,120073,480292,862,120,480,760.0,0.0,760.0,841,841,535.4166666666666,17,0,1000000,3000,4
120109,120109,480436,863,36,144,230.0,0.0,230.0,295,295,173.86111111111111,6,0,1000000,3000,4
120183,120183,480732,864,74,296,611.0,0.0,611.0,683,683,345.56756756756755,14,0,1000000,3000,4
120212,120212,480848,865,29,116,252.0,0.0,252.0,315,315,159.93103448275863,7,0,1000000,3000,4
120434,120434,481736,866,222,888,1028.0,0.0,1028.0,1128,1128,690.9009009009009,23,0,1000000,3000,4
120596,120596,482384,867,162,648,1344.0,0.0,1344.0,1434,1434,708.3024691358024,29,0,1000000,3000,4
120670,120670,482680,868,74,296,653.0,0.0,653.0,722,722,374.02702702702703,15,0,1000000,3000,4
120700,120700,482800,869,30,120,248.0,0.0,248.0,311,311,158.13333333333333,7,0,1000000,3000,4
120831,120831,483324,870,131,524,817.0,0.0,817.0,898,899,577.1221374045801,18,0,1000000,3000,4
121161,121161,484644,871,330,1320,1289.0,0.0,1289.0,1412,1412,711.560606060606,29,0,1000000,3000,4
121349,121349,485396,872,188,752,806.0,0.0,806.0,898,898,559.1648936170212,18,0,1000000,3000,4
121441,121441,485764,873,92,368,627.0,0.0,627.0,702,702,389.6195652173913,15,0,1000000,3000,4
121512,121512,486048,874,71,284,607.0,0.0,607.0,679,679,324.88732394366195,14,0,1000000,3000,4
121544,121544,486176,875,32,128,244.0,0.0,244.0,308,308,155.5,7,0,1000000,3000,4
121573,121573,486292,876,29,116,250.0,0.0,250.0,313,313,159.10344827586206,7,0,1000000,3000,4
121658,121658,486632,877,85,340,627.0,0.0,627.0,701,701,390.2470588235294,15,0,1000000,3000,4
121686,121686,486744,878,28,112,248.0,0.0,248.0,311,311,155.82142857142858,7,0,1000000,3000,4
121772,121772,487088,879,86,344,627.0,0.0,627.0,702,702,383.7093023255814,15,0,1000000,3000,4
121803,121803,487212,880,31,124,241.0,0.0,241.0,305,305,161.74193548387098,7,0,1000000,3000,4
121842,121842,487368,881,39,156,229.0,0.0,229.0,294,294,165.10256410256412,6,0,1000000,3000,4
122025,122025,488100,882,183,732,1037.0,0.0,1037.0,1129,1129,591.1366120218579,23,0,1000000,3000,4
122107,122107,488428,883,82,328,636.0,0.0,636.0,710,710,382.5,15,0,1000000,3000,4
122251,122251,489004,884,144,576,815.0,0.0,815.0,898,898,596.3194444444445,18,0,1000000,3000,4
122332,122332,489328,885,81,324,622.0,0.0,622.0,695,695,409.58024691358025,14,0,1000000,3000,4
122414,122414,489656,886,82,328,615.0,0.0,615.0,689,689,333.7926829268293,14,0,1000000,3000,4
122452,122452,489808,887,38,152,235.0,0.0,235.0,300,300,154.76315789473685,7,0,1000000,3000,4
122546,122546,490184,888,94,376,630.0,0.0,630.0,706,706,359.82978723404256,15,0,1000000,3000,4
122586,122586,490344,889,40,160,232.0,0.0,232.0,297,297,160.575,6,0,1000000,3000,4
122684,122684,490736,890,98,392,620.0,0.0,620.0,697,697,379.3469387755102,14,0,1000000,3000,4
122712,122712,490848,891,28,112,247.0,0.0,247.0,310,310,155.39285714285714,7,0,1000000,3000,4
122746,122746,490984,892,34,136,238.0,0.0,238.0,301,301,163.2058823529412,7,0,1000000,3000,4
122817,122817,491268,893,71,284,653.0,0.0,653.0,722,722,387.59154929577466,15,0,1000000,3000,4
122882,122882,491528,894,65,260,608.0,0.0,608.0,678,678,324.8,14,0,1000000,3000,4
123074,123074,492296,895,192,768,805.0,0.0,805.0,898,898,637.4739583333334,18,0,1000000,3000,4
123260,123260,493040,896,186,744,717.0,0.0,717.0,810,810,588.9516129032259,17,0,1000000,3000,4
123468,123468,493872,897,208,832,1337.0,0.0,1337.0,1436,1436,703.7403846153846,29,0,1000000,3000,4
123558,123558,494232,898,90,360,628.0,0.0,628.0,703,703,400.0777777777778,15,0,1000000,3000,4
123587,123587,494348,899,29,116,248.0,0.0,248.0,311,311,154.20689655172413,7,0,1000000,3000,4
123680,123680,494720,900,93,372,625.0,0.0,625.0,701,701,405.258064516129,15,0,1000000,3000,4
123815,123815,495260,901,135,540,816.0,0.0,816.0,898,898,556.3111111111111,18,0,1000000,3000,4
123844,123844,495376,902,29,116,249.0,0.0,249.0,312,312,157.48275862068965,7,0,1000000,3000,4
123877,123877,495508,903,33,132,246.0,0.0,246.0,309,309,153.45454545454547,7,0,1000000,3000,4
123912,123912,495648,904,35,140,230.0,0.0,230.0,295,295,162.05714285714285,6,0,1000000,3000,4
124015,124015,496060,905,103,412,618.0,0.0,618.0,696,696,383.7669902912621,14,0,1000000,3000,4
124213,124213,496852,906,198,792,1133.0,0.0,1133.0,1228,1228,661.6111111111111,25,0,1000000,3000,4
124249,124249,496996,907,36,144,241.0,0.0,241.0,306,306,155.83333333333334,7,0,1000000,3000,4
124533,124533,498132,908,284,1136,1316.0,0.0,1316.0,1430,1430,713.8556338028169,29,0,1000000,3000,4
124569,124569,498276,909,36,144,236.0,0.0,236.0,300,300,168.72222222222223,7,0,1000000,3000,4
124601,124601,498404,910,32,128,241.0,0.0,241.0,305,305,158.53125,7,0,1000000,3000,4
124806,124806,499224,911,205,820,1034.0,0.0,1034.0,1130,1130,621.8390243902439,23,0,1000000,3000,4
124837,124837,499348,912,31,124,245.0,0.0,245.0,309,309,169.5483870967742,7,0,1000000,3000,4
124924,124924,499696,913,87,348,636.0,0.0,636.0,711,711,372.9310344827586,15,0,1000000,3000,4
124956,124956,499824,914,32,128,241.0,0.0,241.0,304,304,164.5,7,0,1000000,3000,4
124991,124991,499964,915,35,140,246.0,0.0,246.0,310,310,149.97142857142856,7,0,1000000,3000,4
125163,125163,500652,916,172,688,809.0,0.0,809.0,898,898,579.1569767441861,18,0,1000000,3000,4
125313,125313,501252,917,150,600,638.0,0.0,638.0,722,723,508.1933333333333,15,0,1000000,3000,4
125422,125422,501688,918,109,436,610.0,0.0,610.0,689,689,380.5596330275229,14,0,1000000,3000,4
125502,125502,502008,919,80,320,634.0,0.0,634.0,707,707,392.0375,15,0,1000000,3000,4
125535,125535,502140,920,33,132,235.0,0.0,235.0,298,298,166.9090909090909,6,0,1000000,3000,4
125666,125666,502664,921,131,524,722.0,0.0,722.0,805,805,498.7251908396947,17,0,1000000,3000,4
125871,125871,503484,922,205,820,1432.0,0.0,1432.0,1530,1530,722.3414634146342,31,0,1000000,3000,4
125962,125962,503848,923,91,364,624.0,0.0,624.0,700,700,398.4835164835165,15,0,1000000,3000,4
125997,125997,503988,924,35,140,244.0,0.0,244.0,308,308,162.54285714285714,7,0,1000000,3000,4
126081,126081,504324,925,84,336,626.0,0.0,626.0,700,700,393.17857142857144,15,0,1000000,3000,4
126115,126115,504460,926,34,136,234.0,0.0,234.0,298,298,170.6764705882353,6,0,1000000,3000,4
126198,126198,504792,927,83,332,629.0,0.0,629.0,701,701,389.66265060240966,15,0,1000000,3000,4
126445,126445,505780,928,247,988,1322.0,0.0,1322.0,1429,1429,730.1255060728745,29,0,1000000,3000,4
126621,126621,506484,929,176,704,732.0,0.0,732.0,825,825,535.8238636363636,17,0,1000000,3000,4
126902,126902,507608,930,281,1124,1563.0,0.0,1563.0,1677,1677,825.7224199288256,34,0,1000000,3000,4
127116,127116,508464,931,214,856,1040.0,0.0,1040.0,1139,1139,735.0140186915888,23,0,1000000,3000,4
127299,127299,509196,932,183,732,701.0,0.0,701.0,793,793,584.2841530054645,16,0,1000000,3000,4
127332,127332,509328,933,33,132,248.0,0.0,248.0,312,312,148.6969696969697,7,0,1000000,3000,4
127363,127363,509452,934,31,124,247.0,0.0,247.0,311,311,150.32258064516128,7,0,1000000,3000,4
127393,127393,509572,935,30,120,250.0,0.0,250.0,313,313,157.73333333333332,7,0,1000000,3000,4
127542,127542,510168,936,149,596,638.0,0.0,638.0,722,722,505.19463087248323,15,0,1000000,3000,4
127622,127622,510488,937,80,320,607.0,0.0,607.0,681,681,349.675,14,0,1000000,3000,4
127663,127663,510652,938,41,164,230.0,0.0,230.0,295,295,165.2439024390244,6,0,1000000,3000,4
127858,127858,511432,939,195,780,706.0,0.0,706.0,802,802,551.2307692307693,17,0,1000000,3000,4
127935,127935,511740,940,77,308,638.0,0.0,638.0,710,710,392.6363636363636,15,0,1000000,3000,4
128236,128236,512944,941,301,1204,1312.0,0.0,1312.0,1430,1430,724.6777408637873,29,0,1000000,3000,4
128375,128375,513500,942,139,556,745.0,0.0,745.0,830,830,524.4172661870504,17,0,1000000,3000,4
128535,128535,514140,943,160,640,812.0,0.0,812.0,898,898,536.79375,18,0,1000000,3000,4
128716,128716,514864,944,181,724,1343.0,0.0,1343.0,1437,1437,662.6740331491712,29,0,1000000,3000,4
129056,129056,516224,945,340,1360,1307.0,0.0,1307.0,1433,1433,709.4441176470589,29,0,1000000,3000,4
129136,129136,516544,946,80,320,624.0,0.0,624.0,697,697,348.175,14,0,1000000,3000,4
129218,129218,516872,947,82,328,633.0,0.0,633.0,707,707,386.0121951219512,15,0,1000000,3000,4
129328,129328,517312,948,110,440,615.0,0.0,615.0,693,693,390.7090909090909,14,0,1000000,3000,4
129437,129437,517748,949,109,436,605.0,0.0,605.0,683,683,396.11009174311926,14,0,1000000,3000,4
129478,129478,517912,950,41,164,229.0,0.0,229.0,295,295,160.17073170731706,6,0,1000000,3000,4
129660,129660,518640,951,182,728,1435.0,0.0,1435.0,1529,1529,725.9615384615385,31,0,1000000,3000,4
129689,129689,518756,952,29,116,247.0,0.0,247.0,310,310,157.31034482758622,7,0,1000000,3000,4
129909,129909,519636,953,220,880,1315.0,0.0,1315.0,1414,1414,723.0727272727273,29,0,1000000,3000,4
129992,129992,519968,954,83,332,635.0,0.0,635.0,709,709,376.8072289156627,15,0,1000000,3000,4
130191,130191,520764,955,199,796,1336.0,0.0,1336.0,1433,1433,717.6281407035176,29,0,1000000,3000,4
130345,130345,521380,956,154,616,813.0,0.0,813.0,898,898,524.5974025974026,18,0,1000000,3000,4
130374,130374,521496,957,29,116,249.0,0.0,249.0,312,312,160.10344827586206,7,0,1000000,3000,4
130453,130453,521812,958,79,316,627.0,0.0,627.0,700,700,375.32911392405066,15,0,1000000,3000,4
130682,130682,522728,959,229,916,1027.0,0.0,1027.0,1128,1128,663.0698689956332,23,0,1000000,3000,4
130720,130720,522880,960,38,152,238.0,0.0,238.0,303,303,155.76315789473685,7,0,1000000,3000,4
130748,130748,522992,961,28,112,251.0,0.0,251.0,314,314,158.07142857142858,7,0,1000000,3000,4
130913,130913,523652,962,165,660,1346.0,0.0,1346.0,1436,1436,746.8242424242425,29,0,1000000,3000,4
130947,130947,523788,963,34,136,250.0,0.0,250.0,314,314,155.7058823529412,7,0,1000000,3000,4
130975,130975,523900,964,28,112,251.0,0.0,251.0,314,314,158.07142857142858,7,0,1000000,3000,4
131105,131105,524420,965,130,520,755.0,0.0,755.0,838,838,500.0769230769231,17,0,1000000,3000,4
131141,131141,524564,966,36,144,237.0,0.0,237.0,301,301,165.52777777777777,7,0,1000000,3000,4
131249,131249,524996,967,108,432,730.0,0.0,730.0,809,809,386.287037037037,17,0,1000000,3000,4
131338,131338,525352,968,89,356,626.0,0.0,626.0,701,701,400.685393258427,15,0,1000000,3000,4
131440,131440,525760,969,102,408,614.0,0.0,614.0,692,692,341.6764705882353,14,0,1000000,3000,4
131522,131522,526088,970,82,328,627.0,0.0,627.0,701,701,371.8292682926829,15,0,1000000,3000,4
131561,131561,526244,971,39,156,234.0,0.0,234.0,298,298,158.02564102564102,6,0,1000000,3000,4
131648,131648,526592,972,87,348,607.0,0.0,607.0,681,681,346.9655172413793,14,0,1000000,3000,4
131796,131796,527184,973,148,592,1038.0,0.0,1038.0,1123,1123,561.7297297297297,23,0,1000000,3000,4
131834,131834,527336,974,38,152,237.0,0.0,237.0,302,302,152.78947368421052,7,0,1000000,3000,4
132018,132018,528072,975,184,736,1425.0,0.0,1425.0,1518,1518,697.4836956521739,31,0,1000000,3000,4
132203,132203,528812,976,185,740,1037.0,0.0,1037.0,1129,1129,581.7567567567568,23,0,1000000,3000,4
132406,132406,529624,977,203,812,1030.0,0.0,1030.0,1126,1126,568.256157635468,23,0,1000000,3000,4
132688,132688,530752,978,282,1128,1018.0,0.0,1018.0,1130,1130,692.8120567375887,23,0,1000000,3000,4
132721,132721,530884,979,33,132,251.0,0.0,251.0,315,315,150.87878787878788,7,0,1000000,3000,4
132914,132914,531656,980,193,772,1036.0,0.0,1036.0,1130,1130,654.2953367875648,23,0,1000000,3000,4
132983,132983,531932,981,69,276,606.0,0.0,606.0,676,676,324.8550724637681,14,0,1000000,3000,4
133079,133079,532316,982,96,384,615.0,0.0,615.0,692,692,396.1145833333333,14,0,1000000,3000,4
133151,133151,532604,983,72,288,603.0,0.0,603.0,675,675,316.7361111111111,14,0,1000000,3000,4
133183,133183,532732,984,32,128,241.0,0.0,241.0,304,304,157.34375,7,0,1000000,3000,4
133214,133214,532856,985,31,124,247.0,0.0,247.0,311,311,159.51612903225808,7,0,1000000,3000,4
133377,133377,533508,986,163,652,811.0,0.0,811.0,898,898,568.2883435582822,18,0,1000000,3000,4
133412,133412,533648,987,35,140,236.0,0.0,236.0,299,299,166.88571428571427,6,0,1000000,3000,4
133449,133449,533796,988,37,148,243.0,0.0,243.0,307,307,156.24324324324326,7,0,1000000,3000,4
133531,133531,534124,989,82,328,621.0,0.0,621.0,694,694,365.9512195121951,14,0,1000000,3000,4
133620,133620,534480,990,89,356,621.0,0.0,621.0,695,695,345.3258426966292,14,0,1000000,3000,4
133648,133648,534592,991,28,112,247.0,0.0,247.0,310,310,155.71428571428572,7,0,1000000,3000,4
133686,133686,534744,992,38,152,227.0,0.0,227.0,291,291,168.97368421052633,6,0,1000000,3000,4
133772,133772,535088,993,86,344,620.0,0.0,620.0,694,694,362.22093023255815,14,0,1000000,3000,4
133879,133879,535516,994,107,428,609.0,0.0,609.0,688,688,382.7570093457944,14,0,1000000,3000,4
133918,133918,535672,995,39,156,242.0,0.0,242.0,306,306,151.97435897435898,7,0,1000000,3000,4
133955,133955,535820,996,37,148,243.0,0.0,243.0,308,308,149.8108108108108,7,0,1000000,3000,4
134191,134191,536764,997,236,944,1328.0,0.0,1328.0,1433,1433,702.771186440678,29,0,1000000,3000,4
134331,134331,537324,998,140,560,816.0,0.0,816.0,898,898,600.0642857142857,18,0,1000000,3000,4
134365,134365,537460,999,34,136,241.0,0.0,241.0,305,305,166.73529411764707,7,0,1000000,3000,4
134575,134575,538300,1000,210,840,1145.0,0.0,1145.0,1244,1244,673.9809523809524,25,0,1000000,3000,4
134756,134756,539024,1001,181,724,1037.0,0.0,1037.0,1129,1129,612.6629834254144,23,0,1000000,3000,4
134856,134856,539424,1002,100,400,631.0,0.0,631.0,709,709,387.69,15,0,1000000,3000,4
134887,134887,539548,1003,31,124,251.0,0.0,251.0,315,315,156.3548387096774,7,0,1000000,3000,4
135042,135042,540168,1004,155,620,1043.0,0.0,1043.0,1129,1129,564.5935483870968,23,0,1000000,3000,4
135071,135071,540284,1005,29,116,252.0,0.0,252.0,315,315,160.93103448275863,7,0,1000000,3000,4
135100,135100,540400,1006,29,116,252.0,0.0,252.0,315,315,155.75862068965517,7,0,1000000,3000,4
135252,135252,541008,1007,152,608,813.0,0.0,813.0,898,898,576.8552631578947,18,0,1000000,3000,4
135280,135280,541120,1008,28,112,251.0,0.0,251.0,314,314,158.96428571428572,7,0,1000000,3000,4
135315,135315,541260,1009,35,140,242.0,0.0,242.0,306,306,158.34285714285716,7,0,1000000,3000,4
135402,135402,541608,1010,87,348,614.0,0.0,614.0,688,688,358.04597701149424,14,0,1000000,3000,4
135492,135492,541968,1011,90,360,617.0,0.0,617.0,693,693,358.1111111111111,14,0,1000000,3000,4
135528,135528,542112,1012,36,144,232.0,0.0,232.0,296,296,165.77777777777777,6,0,1000000,3000,4
135659,135659,542636,1013,131,524,1047.0,0.0,1047.0,1129,1129,574.6259541984733,23,0,1000000,3000,4
135880,135880,543520,1014,221,884,1317.0,0.0,1317.0,1417,1417,765.3348416289592,29,0,1000000,3000,4
135966,135966,543864,1015,86,344,630.0,0.0,630.0,704,704,387.75581395348837,15,0,1000000,3000,4
136081,136081,544324,1016,115,460,604.0,0.0,604.0,685,685,388.6695652173913,14,0,1000000,3000,4
136152,136152,544608,1017,71,284,620.0,0.0,620.0,691,691,347.88732394366195,14,0,1000000,3000,4
136240,136240,544960,1018,88,352,635.0,0.0,635.0,709,709,364.4886363636364,15,0,1000000,3000,4
136325,136325,545300,1019,85,340,623.0,0.0,623.0,698,698,352.4117647058824,14,0,1000000,3000,4
136515,136515,546060,1020,190,760,1320.0,0.0,1320.0,1415,1415,725.7947368421053,29,0,1000000,3000,4
136594,136594,546376,1021,79,316,610.0,0.0,610.0,683,683,346.7088607594937,14,0,1000000,3000,4
136782,136782,547128,1022,188,752,1860.0,0.0,1860.0,1955,1955,933.0904255319149,40,0,1000000,3000,4
136823,136823,547292,1023,41,164,238.0,0.0,238.0,303,303,143.0,7,0,1000000,3000,4
137014,137014,548056,1024,191,764,1033.0,0.0,1033.0,1127,1127,614.848167539267,23,0,1000000,3000,4
137050,137050,548200,1025,36,144,244.0,0.0,244.0,308,308,154.0,7,0,1000000,3000,4
137089,137089,548356,1026,39,156,233.0,0.0,233.0,297,297,165.30769230769232,6,0,1000000,3000,4
137121,137121,548484,1027,32,128,246.0,0.0,246.0,308,308,150.875,7,0,1000000,3000,4
137261,137261,549044,1028,140,560,617.0,0.0,617.0,703,703,401.7214285714286,15,0,1000000,3000,4
137482,137482,549928,1029,221,884,1029.0,0.0,1029.0,1129,1129,594.6742081447964,23,0,1000000,3000,4
137729,137729,550916,1030,247,988,1328.0,0.0,1328.0,1435,1435,694.4574898785426,29,0,1000000,3000,4
137823,137823,551292,1031,94,376,611.0,0.0,611.0,687,687,343.3510638297872,14,0,1000000,3000,4
137860,137860,551440,1032,37,148,238.0,0.0,238.0,301,301,155.67567567567568,7,0,1000000,3000,4
137897,137897,551588,1033,37,148,231.0,0.0,231.0,295,295,163.51351351351352,6,0,1000000,3000,4
137936,137936,551744,1034,39,156,234.0,0.0,234.0,298,298,159.56410256410257,6,0,1000000,3000,4
137974,137974,551896,1035,38,152,232.0,0.0,232.0,296,296,160.3421052631579,6,0,1000000,3000,4
138047,138047,552188,1036,73,292,620.0,0.0,620.0,690,690,346.4246575342466,14,0,1000000,3000,4
138192,138192,552768,1037,145,580,741.0,0.0,741.0,827,827,466.8344827586207,17,0,1000000,3000,4
138228,138228,552912,1038,36,144,241.0,0.0,241.0,305,305,154.38888888888889,7,0,1000000,3000,4
138347,138347,553388,1039,119,476,601.0,0.0,601.0,681,681,399.6806722689076,14,0,1000000,3000,4
138475,138475,553900,1040,128,512,620.0,0.0,620.0,701,701,390.2265625,15,0,1000000,3000,4
138507,138507,554028,1041,32,128,244.0,0.0,244.0,308,308,150.59375,7,0,1000000,3000,4
138538,138538,554152,1042,31,124,248.0,0.0,248.0,312,312,150.16129032258064,7,0,1000000,3000,4
138568,138568,554272,1043,30,120,250.0,0.0,250.0,314,314,153.83333333333334,7,0,1000000,3000,4
138741,138741,554964,1044,173,692,761.0,0.0,761.0,853,853,511.5202312138728,18,0,1000000,3000,4
138777,138777,555108,1045,36,144,241.0,0.0,241.0,306,306,150.38888888888889,7,0,1000000,3000,4
138938,138938,555752,1046,161,644,1320.0,0.0,1320.0,1409,1409,673.4223602484471,29,0,1000000,3000,4
139033,139033,556132,1047,95,380,619.0,0.0,619.0,696,696,388.4947368421053,14,0,1000000,3000,4
139068,139068,556272,1048,35,140,245.0,0.0,245.0,308,308,160.34285714285716,7,0,1000000,3000,4
139203,139203,556812,1049,135,540,1043.0,0.0,1043.0,1124,1124,573.6888888888889,23,0,1000000,3000,4
139375,139375,557500,1050,172,688,1319.0,0.0,1319.0,1409,1409,704.5523255813954,29,0,1000000,3000,4
139473,139473,557892,1051,98,392,628.0,0.0,628.0,704,704,382.9387755102041,15,0,1000000,3000,4
139643,139643,558572,1052,170,680,1046.0,0.0,1046.0,1136,1136,577.2823529411764,23,0,1000000,3000,4
139675,139675,558700,1053,32,128,246.0,0.0,246.0,310,310,159.78125,7,0,1000000,3000,4
139760,139760,559040,1054,85,340,633.0,0.0,633.0,706,706,381.4117647058824,15,0,1000000,3000,4
139792,139792,559168,1055,32,128,239.0,0.0,239.0,303,303,159.6875,7,0,1000000,3000,4
139931,139931,559724,1056,139,556,816.0,0.0,816.0,898,899,575.3597122302158,18,0,1000000,3000,4
139967,139967,559868,1057,36,144,232.0,0.0,232.0,297,297,158.55555555555554,6,0,1000000,3000,4
140181,140181,560724,1058,214,856,1428.0,0.0,1428.0,1528,1528,737.6028037383178,31,0,1000000,3000,4
140213,140213,560852,1059,32,128,245.0,0.0,245.0,309,309,160.25,7,0,1000000,3000,4
140246,140246,560984,1060,33,132,243.0,0.0,243.0,305,305,159.1818181818182,7,0,1000000,3000,4
140277,140277,561108,1061,31,124,248.0,0.0,248.0,312,312,157.3548387096774,7,0,1000000,3000,4
140311,140311,561244,1062,34,136,247.0,0.0,247.0,311,311,153.7941176470588,7,0,1000000,3000,4
140522,140522,562088,1063,211,844,1329.0,0.0,1329.0,1429,1429,656.0189573459716,29,0,1000000,3000,4
140559,140559,562236,1064,37,148,243.0,0.0,243.0,307,307,157.27027027027026,7,0,1000000,3000,4
140806,140806,563224,1065,247,988,1676.0,0.0,1676.0,1781,1781,814.3562753036438,36,0,1000000,3000,4
140838,140838,563352,1066,32,128,248.0,0.0,248.0,311,311,150.5625,7,0,1000000,3000,4
140878,140878,563512,1067,40,160,230.0,0.0,230.0,294,294,166.775,6,0,1000000,3000,4
141011,141011,564044,1068,133,532,749.0,0.0,749.0,832,832,500.812030075188,17,0,1000000,3000,4
141045,141045,564180,1069,34,136,243.0,0.0,243.0,306,306,156.7941176470588,7,0,1000000,3000,4
141144,141144,564576,1070,99,396,622.0,0.0,622.0,697,697,366.92929292929296,14,0,1000000,3000,4
141178,141178,564712,1071,34,136,248.0,0.0,248.0,312,312,147.85294117647058,7,0,1000000,3000,4
141410,141410,565640,1072,232,928,1024.0,0.0,1024.0,1125,1125,624.6120689655172,23,0,1000000,3000,4
141610,141610,566440,1073,200,800,1033.0,0.0,1033.0,1128,1128,600.815,23,0,1000000,3000,4
141647,141647,566588,1074,37,148,243.0,0.0,243.0,306,306,154.0810810810811,7,0,1000000,3000,4
141742,141742,566968,1075,95,380,622.0,0.0,622.0,698,698,359.17894736842106,14,0,1000000,3000,4
141836,141836,567344,1076,94,376,616.0,0.0,616.0,691,691,396.47872340425533,14,0,1000000,3000,4
141997,141997,567988,1077,161,644,769.0,0.0,769.0,858,858,505.37888198757764,18,0,1000000,3000,4
142037,142037,568148,1078,40,160,235.0,0.0,235.0,299,299,156.075,6,0,1000000,3000,4
142069,142069,568276,1079,32,128,245.0,0.0,245.0,309,309,157.78125,7,0,1000000,3000,4
142252,142252,569008,1080,183,732,1034.0,0.0,1034.0,1126,1126,590.5573770491803,23,0,1000000,3000,4
142335,142335,569340,1081,83,332,628.0,0.0,628.0,700,700,345.3855421686747,15,0,1000000,3000,4
142371,142371,569484,1082,36,144,233.0,0.0,233.0,297,297,164.72222222222223,6,0,1000000,3000,4
142587,142587,570348,1083,216,864,1333.0,0.0,1333.0,1434,1434,687.2824074074074,29,0,1000000,3000,4
142690,142690,570760,1084,103,412,617.0,0.0,617.0,695,695,387.4271844660194,14,0,1000000,3000,4
142959,142959,571836,1085,269,1076,1413.0,0.0,1413.0,1524,1524,729.8029739776952,31,0,1000000,3000,4
143092,143092,572368,1086,133,532,728.0,0.0,728.0,810,810,508.8045112781955,17,0,1000000,3000,4
143135,143135,572540,1087,43,172,228.0,0.0,228.0,294,294,165.74418604651163,6,0,1000000,3000,4
143416,143416,573664,1088,281,1124,787.0,0.0,787.0,898,899,610.5658362989324,18,0,1000000,3000,4
143500,143500,574000,1089,84,336,622.0,0.0,622.0,694,694,353.95238095238096,14,0,1000000,3000,4
143642,143642,574568,1090,142,568,1054.0,0.0,1054.0,1138,1138,637.7183098591549,23,0,1000000,3000,4
143683,143683,574732,1091,41,164,238.0,0.0,238.0,304,304,152.9268292682927,7,0,1000000,3000,4
143880,143880,575520,1092,197,788,1424.0,0.0,1424.0,1520,1520,732.5634517766498,31,0,1000000,3000,4
143968,143968,575872,1093,88,352,615.0,0.0,615.0,688,688,388.7386363636364,14,0,1000000,3000,4
144230,144230,576920,1094,262,1048,1326.0,0.0,1326.0,1436,1436,690.9160305343512,29,0,1000000,3000,4
144260,144260,577040,1095,30,120,250.0,0.0,250.0,314,314,152.23333333333332,7,0,1000000,3000,4
144340,144340,577360,1096,80,320,615.0,0.0,615.0,688,688,351.3,14,0,1000000,3000,4
144420,144420,577680,1097,80,320,626.0,0.0,626.0,698,698,399.2625,14,0,1000000,3000,4
144512,144512,578048,1098,92,368,633.0,0.0,633.0,709,709,391.0217391304348,15,0,1000000,3000,4
144592,144592,578368,1099,80,320,651.0,0.0,651.0,722,722,384.825,15,0,1000000,3000,4
144673,144673,578692,1100,81,324,636.0,0.0,636.0,710,710,367.75308641975306,15,0,1000000,3000,4
144911,144911,579644,1101,238,952,1681.0,0.0,1681.0,1784,1784,898.0588235294117,36,0,1000000,3000,4
144939,144939,579756,1102,28,112,248.0,0.0,248.0,311,311,156.82142857142858,7,0,1000000,3000,4
144976,144976,579904,1103,37,148,240.0,0.0,240.0,305,305,164.24324324324326,7,0,1000000,3000,4
145442,145442,581768,1104,466,1864,978.0,0.0,978.0,1127,1127,749.18669527897,23,0,1000000,3000,4
145586,145586,582344,1105,144,576,639.0,0.0,639.0,722,722,505.0208333333333,15,0,1000000,3000,4
145614,145614,582456,1106,28,112,247.0,0.0,247.0,310,310,155.67857142857142,7,0,1000000,3000,4
145695,145695,582780,1107,81,324,626.0,0.0,626.0,700,700,392.81481481481484,15,0,1000000,3000,4
146121,146121,584484,1108,426,1704,983.0,0.0,983.0,1123,1124,726.0539906103286,23,0,1000000,3000,4
146213,146213,584852,1109,92,368,648.0,0.0,648.0,720,722,363.0108695652174,15,0,1000000,3000,4
146445,146445,585780,1110,232,928,797.0,0.0,797.0,898,898,587.3491379310345,18,0,1000000,3000,4
146480,146480,585920,1111,35,140,234.0,0.0,234.0,298,298,163.42857142857142,6,0,1000000,3000,4
146779,146779,587116,1112,299,1196,1316.0,0.0,1316.0,1433,1433,702.3076923076923,29,0,1000000,3000,4
146939,146939,587756,1113,160,640,1326.0,0.0,1326.0,1413,1413,716.3,29,0,1000000,3000,4
147317,147317,589268,1114,378,1512,1393.0,0.0,1393.0,1526,1526,737.925925925926,31,0,1000000,3000,4
147346,147346,589384,1115,29,116,248.0,0.0,248.0,311,311,158.51724137931035,7,0,1000000,3000,4
147426,147426,589704,1116,80,320,616.0,0.0,616.0,689,689,329.1,14,0,1000000,3000,4
147460,147460,589840,1117,34,136,235.0,0.0,235.0,298,298,165.2058823529412,6,0,1000000,3000,4
147636,147636,590544,1118,176,704,1036.0,0.0,1036.0,1127,1127,585.1590909090909,23,0,1000000,3000,4
147780,147780,591120,1119,144,576,784.0,0.0,784.0,870,870,536.2638888888889,18,0,1000000,3000,4
147893,147893,591572,1120,113,452,720.0,0.0,720.0,799,799,464.3274336283186,16,0,1000000,3000,4
148073,148073,592292,1121,180,720,807.0,0.0,807.0,898,900,584.7333333333333,19,0,1000000,3000,4
148259,148259,593036,1122,186,744,806.0,0.0,806.0,898,898,569.9247311827957,18,0,1000000,3000,4
148451,148451,593804,1123,192,768,1425.0,0.0,1425.0,1520,1520,777.90625,31,0,1000000,3000,4
148914,148914,595656,1124,463,1852,1259.0,0.0,1259.0,1408,1408,807.511879049676,29,0,1000000,3000,4
149088,149088,596352,1125,174,696,1425.0,0.0,1425.0,1516,1516,774.4137931034483,31,0,1000000,3000,4
149236,149236,596944,1126,148,592,1064.0,0.0,1064.0,1151,1151,626.5067567567568,24,0,1000000,3000,4
149273,149273,597092,1127,37,148,235.0,0.0,235.0,298,298,163.43243243243242,6,0,1000000,3000,4
149695,149695,598780,1128,422,1688,987.0,0.0,987.0,1127,1127,706.1587677725119,23,0,1000000,3000,4
149901,149901,599604,1129,206,824,1340.0,0.0,1340.0,1439,1439,729.4223300970874,29,0,1000000,3000,4
150071,150071,600284,1130,170,680,1039.0,0.0,1039.0,1128,1128,647.7647058823529,23,0,1000000,3000,4
150346,150346,601384,1131,275,1100,1017.0,0.0,1017.0,1126,1126,711.5381818181818,23,0,1000000,3000,4
150520,150520,602080,1132,174,696,1346.0,0.0,1346.0,1438,1438,693.6609195402299,29,0,1000000,3000,4
150606,150606,602424,1133,86,344,650.0,0.0,650.0,722,722,373.5232558139535,15,0,1000000,3000,4
150727,150727,602908,1134,121,484,740.0,0.0,740.0,821,821,512.7355371900826,17,0,1000000,3000,4
150757,150757,603028,1135,30,120,249.0,0.0,249.0,311,311,163.96666666666667,7,0,1000000,3000,4
150790,150790,603160,1136,33,132,241.0,0.0,241.0,305,305,161.8181818181818,7,0,1000000,3000,4
150860,150860,603440,1137,70,280,608.0,0.0,608.0,680,680,351.34285714285716,14,0,1000000,3000,4
150896,150896,603584,1138,36,144,237.0,0.0,237.0,302,302,151.38888888888889,7,0,1000000,3000,4
150976,150976,603904,1139,80,320,630.0,0.0,630.0,703,703,365.9125,15,0,1000000,3000,4
151050,151050,604200,1140,74,296,610.0,0.0,610.0,682,682,348.3243243243243,14,0,1000000,3000,4
151134,151134,604536,1141,84,336,620.0,0.0,620.0,692,692,355.70238095238096,14,0,1000000,3000,4
151348,151348,605392,1142,214,856,1033.0,0.0,1033.0,1131,1131,646.4579439252336,23,0,1000000,3000,4
151385,151385,605540,1143,37,148,229.0,0.0,229.0,293,293,170.59459459459458,6,0,1000000,3000,4
151421,151421,605684,1144,36,144,230.0,0.0,230.0,295,295,174.69444444444446,6,0,1000000,3000,4
151516,151516,606064,1145,95,380,619.0,0.0,619.0,694,694,393.57894736842104,14,0,1000000,3000,4
151638,151638,606552,1146,122,488,754.0,0.0,754.0,835,835,488.62295081967216,17,0,1000000,3000,4
151720,151720,606880,1147,82,328,622.0,0.0,622.0,695,695,352.4634146341463,14,0,1000000,3000,4
151847,151847,607388,1148,127,508,1046.0,0.0,1046.0,1126,1126,619.3149606299213,23,0,1000000,3000,4
152101,152101,608404,1149,254,1016,716.0,0.0,716.0,823,823,563.7755905511812,17,0,1000000,3000,4
152166,152166,608664,1150,65,260,612.0,0.0,612.0,680,680,331.66153846153844,14,0,1000000,3000,4
152392,152392,609568,1151,226,904,1024.0,0.0,1024.0,1124,1124,670.7345132743363,23,0,1000000,3000,4
152477,152477,609908,1152,85,340,625.0,0.0,625.0,697,697,392.7294117647059,14,0,1000000,3000,4
152627,152627,610508,1153,150,600,722.0,0.0,722.0,808,808,505.76666666666665,17,0,1000000,3000,4
152722,152722,610888,1154,95,380,616.0,0.0,616.0,691,691,399.18947368421055,14,0,1000000,3000,4
152971,152971,611884,1155,249,996,1015.0,0.0,1015.0,1121,1121,690.4457831325301,23,0,1000000,3000,4
153305,153305,613220,1156,334,1336,1310.0,0.0,1310.0,1434,1434,763.3592814371258,29,0,1000000,3000,4
153494,153494,613976,1157,189,756,1037.0,0.0,1037.0,1131,1131,641.9470899470899,23,0,1000000,3000,4
153708,153708,614832,1158,214,856,1330.0,0.0,1330.0,1429,1429,744.8551401869158,29,0,1000000,3000,4
153838,153838,615352,1159,130,520,608.0,0.0,608.0,690,690,366.83846153846156,14,0,1000000,3000,4
154056,154056,616224,1160,218,872,1038.0,0.0,1038.0,1138,1138,642.7614678899082,23,0,1000000,3000,4
154155,154155,616620,1161,99,396,624.0,0.0,624.0,699,699,380.8686868686869,14,0,1000000,3000,4
154244,154244,616976,1162,89,356,609.0,0.0,609.0,683,683,341.12359550561797,14,0,1000000,3000,4
154358,154358,617432,1163,114,456,589.0,0.0,589.0,668,668,390.2543859649123,14,0,1000000,3000,4
154460,154460,617840,1164,102,408,614.0,0.0,614.0,692,692,370.7450980392157,14,0,1000000,3000,4
154708,154708,618832,1165,248,992,1326.0,0.0,1326.0,1433,1433,735.4717741935484,29,0,1000000,3000,4
154752,154752,619008,1166,44,176,230.0,0.0,230.0,296,296,151.13636363636363,6,0,1000000,3000,4
154790,154790,619160,1167,38,152,239.0,0.0,239.0,303,303,160.89473684210526,7,0,1000000,3000,4
154904,154904,619616,1168,114,456,590.0,0.0,590.0,669,669,404.57894736842104,14,0,1000000,3000,4
155112,155112,620448,1169,208,832,1034.0,0.0,1034.0,1131,1131,618.4230769230769,23,0,1000000,3000,4
155220,155220,620880,1170,108,432,591.0,0.0,591.0,669,669,397.74074074074076,14,0,1000000,3000,4
155262,155262,621048,1171,42,168,220.0,0.0,220.0,285,285,167.11904761904762,6,0,1000000,3000,4
155360,155360,621440,1172,98,392,610.0,0.0,610.0,686,686,373.5204081632653,14,0,1000000,3000,4
155552,155552,622208,1173,192,768,1036.0,0.0,1036.0,1131,1131,630.8385416666666,23,0,1000000,3000,4
155641,155641,622564,1174,89,356,606.0,0.0,606.0,681,681,301.7191011235955,14,0,1000000,3000,4
155791,155791,623164,1175,150,600,737.0,0.0,737.0,824,824,493.1533333333333,17,0,1000000,3000,4
155893,155893,623572,1176,102,408,602.0,0.0,602.0,678,678,382.97058823529414,14,0,1000000,3000,4
156006,156006,624024,1177,113,452,629.0,0.0,629.0,709,709,309.1061946902655,15,0,1000000,3000,4
156131,156131,624524,1178,125,500,581.0,0.0,581.0,662,662,385.76,14,0,1000000,3000,4
156173,156173,624692,1179,42,168,218.0,0.0,218.0,283,283,168.26190476190476,6,0,1000000,3000,4
156360,156360,625440,1180,187,748,806.0,0.0,806.0,898,898,566.9411764705883,18,0,1000000,3000,4
156394,156394,625576,1181,34,136,238.0,0.0,238.0,301,301,163.2058823529412,7,0,1000000,3000,4
156427,156427,625708,1182,33,132,242.0,0.0,242.0,306,306,160.42424242424244,7,0,1000000,3000,4
156460,156460,625840,1183,33,132,242.0,0.0,242.0,304,304,163.36363636363637,7,0,1000000,3000,4
156575,156575,626300,1184,115,460,604.0,0.0,604.0,684,684,400.2086956521739,14,0,1000000,3000,4
156612,156612,626448,1185,37,148,231.0,0.0,231.0,295,295,167.1081081081081,6,0,1000000,3000,4
156644,156644,626576,1186,32,128,247.0,0.0,247.0,311,311,145.71875,7,0,1000000,3000,4
156743,156743,626972,1187,99,396,613.0,0.0,613.0,689,689,375.5858585858586,14,0,1000000,3000,4
156932,156932,627728,1188,189,756,714.0,0.0,714.0,809,809,557.1216931216932,17,0,1000000,3000,4
157008,157008,628032,1189,76,304,615.0,0.0,615.0,688,688,345.7631578947368,14,0,1000000,3000,4
157116,157116,628464,1190,108,432,612.0,0.0,612.0,690,690,388.4537037037037,14,0,1000000,3000,4
157230,157230,628920,1191,114,456,584.0,0.0,584.0,664,664,403.6929824561403,14,0,1000000,3000,4
157339,157339,629356,1192,109,436,610.0,0.0,610.0,688,688,389.92660550458714,14,0,1000000,3000,4
157431,157431,629724,1193,92,368,627.0,0.0,627.0,702,702,384.3695652173913,15,0,1000000,3000,4
157587,157587,630348,1194,156,624,636.0,0.0,636.0,722,723,519.2564102564103,15,0,1000000,3000,4
157617,157617,630468,1195,30,120,248.0,0.0,248.0,312,312,156.26666666666668,7,0,1000000,3000,4
157700,157700,630800,1196,83,332,619.0,0.0,619.0,692,692,335.8433734939759,14,0,1000000,3000,4
157877,157877,631508,1197,177,708,737.0,0.0,737.0,829,829,509.11299435028246,17,0,1000000,3000,4
157916,157916,631664,1198,39,156,231.0,0.0,231.0,295,295,161.97435897435898,6,0,1000000,3000,4
157994,157994,631976,1199,78,312,616.0,0.0,616.0,689,689,350.7564102564103,14,0,1000000,3000,4
158330,158330,633320,1200,336,1344,755.0,0.0,755.0,880,880,592.4017857142857,18,0,1000000,3000,4
158481,158481,633924,1201,151,604,637.0,0.0,637.0,722,722,471.6953642384106,15,0,1000000,3000,4
158667,158667,634668,1202,186,744,741.0,0.0,741.0,836,836,544.8870967741935,17,0,1000000,3000,4
158697,158697,634788,1203,30,120,250.0,0.0,250.0,314,314,156.93333333333334,7,0,1000000,3000,4
158785,158785,635140,1204,88,352,623.0,0.0,623.0,697,697,345.1931818181818,14,0,1000000,3000,4
159001,159001,636004,1205,216,864,1028.0,0.0,1028.0,1127,1127,655.6712962962963,23,0,1000000,3000,4
159158,159158,636632,1206,157,628,1325.0,0.0,1325.0,1413,1413,692.5095541401274,29,0,1000000,3000,4
159189,159189,636756,1207,31,124,245.0,0.0,245.0,309,309,163.48387096774192,7,0,1000000,3000,4
159226,159226,636904,1208,37,148,233.0,0.0,233.0,298,298,159.45945945945945,6,0,1000000,3000,4
159264,159264,637056,1209,38,152,225.0,0.0,225.0,289,289,172.60526315789474,6,0,1000000,3000,4
159300,159300,637200,1210,36,144,229.0,0.0,229.0,294,294,171.33333333333334,6,0,1000000,3000,4
159486,159486,637944,1211,186,744,1043.0,0.0,1043.0,1137,1137,617.8064516129032,23,0,1000000,3000,4
159672,159672,638688,1212,186,744,746.0,0.0,746.0,840,840,517.3279569892474,17,0,1000000,3000,4
159880,159880,639520,1213,208,832,1335.0,0.0,1335.0,1434,1434,714.3701923076923,29,0,1000000,3000,4
160126,160126,640504,1214,246,984,1308.0,0.0,1308.0,1413,1413,775.5447154471544,29,0,1000000,3000,4
160315,160315,641260,1215,189,756,1330.0,0.0,1330.0,1425,1425,689.1216931216932,29,0,1000000,3000,4
160581,160581,642324,1216,266,1064,722.0,0.0,722.0,832,832,615.9774436090225,17,0,1000000,3000,4
160651,160651,642604,1217,70,280,615.0,0.0,615.0,685,685,347.3,14,0,1000000,3000,4
160695,160695,642780,1218,44,176,227.0,0.0,227.0,293,293,164.36363636363637,6,0,1000000,3000,4
161085,161085,644340,1219,390,1560,1295.0,0.0,1295.0,1430,1430,787.4564102564102,29,0,1000000,3000,4
161117,161117,644468,1220,32,128,248.0,0.0,248.0,312,312,149.5,7,0,1000000,3000,4
161146,161146,644584,1221,29,116,249.0,0.0,249.0,312,312,156.86206896551724,7,0,1000000,3000,4
161175,161175,644700,1222,29,116,247.0,0.0,247.0,309,309,160.86206896551724,7,0,1000000,3000,4
161210,161210,644840,1223,35,140,241.0,0.0,241.0,306,306,158.45714285714286,7,0,1000000,3000,4
161312,161312,645248,1224,102,408,605.0,0.0,605.0,682,682,409.0980392156863,14,0,1000000,3000,4
161345,161345,645380,1225,33,132,245.0,0.0,245.0,308,308,161.3030303030303,7,0,1000000,3000,4
161767,161767,647068,1226,422,1688,759.0,0.0,759.0,898,898,673.3815165876778,18,0,1000000,3000,4
161844,161844,647376,1227,77,308,639.0,0.0,639.0,710,710,390.6233766233766,15,0,1000000,3000,4
161948,161948,647792,1228,104,416,612.0,0.0,612.0,689,689,389.61538461538464,14,0,1000000,3000,4
162361,162361,649444,1229,413,1652,729.0,0.0,729.0,869,869,635.3559322033898,18,0,1000000,3000,4
162583,162583,650332,1230,222,888,1029.0,0.0,1029.0,1129,1129,647.018018018018,23,0,1000000,3000,4
162656,162656,650624,1231,73,292,613.0,0.0,613.0,683,683,330.05479452054794,14,0,1000000,3000,4
162937,162937,651748,1232,281,1124,1014.0,0.0,1014.0,1125,1125,641.7081850533808,23,0,1000000,3000,4
163027,163027,652108,1233,90,360,620.0,0.0,620.0,695,695,357.43333333333334,14,0,1000000,3000,4
163070,163070,652280,1234,43,172,234.0,0.0,234.0,298,298,158.30232558139534,6,0,1000000,3000,4
163106,163106,652424,1235,36,144,235.0,0.0,235.0,299,299,154.36111111111111,6,0,1000000,3000,4
163257,163257,653028,1236,151,604,813.0,0.0,813.0,898,898,591.3311258278146,18,0,1000000,3000,4
163416,163416,653664,1237,159,636,636.0,0.0,636.0,722,722,505.2012578616352,15,0,1000000,3000,4
163515,163515,654060,1238,99,396,611.0,0.0,611.0,688,688,398.4343434343434,14,0,1000000,3000,4
163597,163597,654388,1239,82,328,639.0,0.0,639.0,712,712,377.6829268292683,15,0,1000000,3000,4
163741,163741,654964,1240,144,576,639.0,0.0,639.0,722,722,510.6111111111111,15,0,1000000,3000,4
163884,163884,655536,1241,143,572,639.0,0.0,639.0,722,723,515.2657342657343,15,0,1000000,3000,4
164274,164274,657096,1242,390,1560,995.0,0.0,995.0,1129,1129,774.0487179487179,23,0,1000000,3000,4
164310,164310,657240,1243,36,144,231.0,0.0,231.0,295,295,168.75,6,0,1000000,3000,4
164350,164350,657400,1244,40,160,233.0,0.0,233.0,297,297,161.75,6,0,1000000,3000,4
164385,164385,657540,1245,35,140,240.0,0.0,240.0,303,303,161.54285714285714,7,0,1000000,3000,4
164478,164478,657912,1246,93,372,619.0,0.0,619.0,694,694,383.63440860215053,14,0,1000000,3000,4
164513,164513,658052,1247,35,140,237.0,0.0,237.0,300,300,167.97142857142856,7,0,1000000,3000,4
164551,164551,658204,1248,38,152,236.0,0.0,236.0,300,300,159.8684210526316,7,0,1000000,3000,4
164591,164591,658364,1249,40,160,224.0,0.0,224.0,289,289,167.725,6,0,1000000,3000,4
164981,164981,659924,1250,390,1560,766.0,0.0,766.0,898,898,645.0871794871795,18,0,1000000,3000,4
165155,165155,660620,1251,174,696,787.0,0.0,787.0,878,878,515.7241379310345,18,0,1000000,3000,4
165447,165447,661788,1252,292,1168,1312.0,0.0,1312.0,1427,1427,759.3527397260274,29,0,1000000,3000,4
165811,165811,663244,1253,364,1456,771.0,0.0,771.0,898,899,711.8214285714286,18,0,1000000,3000,4
165961,165961,663844,1254,150,600,726.0,0.0,726.0,813,813,493.94666666666666,17,0,1000000,3000,4
166099,166099,664396,1255,138,552,1052.0,0.0,1052.0,1136,1136,559.9855072463768,23,0,1000000,3000,4
166407,166407,665628,1256,308,1232,1317.0,0.0,1317.0,1436,1436,722.3246753246754,29,0,1000000,3000,4
166707,166707,666828,1257,300,1200,761.0,0.0,761.0,877,877,600.0933333333334,18,0,1000000,3000,4
166748,166748,666992,1258,41,164,232.0,0.0,232.0,297,297,163.34146341463415,6,0,1000000,3000,4
166831,166831,667324,1259,83,332,636.0,0.0,636.0,709,709,391.2048192771084,15,0,1000000,3000,4
167003,167003,668012,1260,172,688,1136.0,0.0,1136.0,1226,1226,646.8604651162791,25,0,1000000,3000,4
167106,167106,668424,1261,103,412,617.0,0.0,617.0,694,694,379.9805825242718,14,0,1000000,3000,4
167145,167145,668580,1262,39,156,235.0,0.0,235.0,300,300,157.71794871794873,7,0,1000000,3000,4
167285,167285,669140,1263,140,560,639.0,0.0,639.0,722,722,516.1428571428571,15,0,1000000,3000,4
167497,167497,669988,1264,212,848,1325.0,0.0,1325.0,1424,1424,762.7311320754717,29,0,1000000,3000,4
167653,167653,670612,1265,156,624,636.0,0.0,636.0,722,722,476.97435897435895,15,0,1000000,3000,4
167785,167785,671140,1266,132,528,741.0,0.0,741.0,824,824,463.0,17,0,1000000,3000,4
168179,168179,672716,1267,394,1576,1267.0,0.0,1267.0,1402,1402,732.274111675127,29,0,1000000,3000,4
168314,168314,673256,1268,135,540,742.0,0.0,742.0,824,824,505.7925925925926,17,0,1000000,3000,4
168359,168359,673436,1269,45,180,221.0,0.0,221.0,285,285,166.11111111111111,6,0,1000000,3000,4
168449,168449,673796,1270,90,360,635.0,0.0,635.0,709,709,360.8666666666667,15,0,1000000,3000,4
168721,168721,674884,1271,272,1088,1019.0,0.0,1019.0,1130,1130,665.7426470588235,23,0,1000000,3000,4
168840,168840,675360,1272,119,476,600.0,0.0,600.0,680,680,390.4117647058824,14,0,1000000,3000,4
168891,168891,675564,1273,51,204,207.0,0.0,207.0,274,274,171.0,6,0,1000000,3000,4
169002,169002,676008,1274,111,444,587.0,0.0,587.0,665,665,396.07207207207205,14,0,1000000,3000,4
169243,169243,676972,1275,241,964,1298.0,0.0,1298.0,1403,1403,761.5726141078839,29,0,1000000,3000,4
169291,169291,677164,1276,48,192,215.0,0.0,215.0,281,281,169.83333333333334,6,0,1000000,3000,4
169414,169414,677656,1277,123,492,604.0,0.0,604.0,685,685,385.9674796747967,14,0,1000000,3000,4
169607,169607,678428,1278,193,772,1032.0,0.0,1032.0,1126,1126,584.1554404145078,23,0,1000000,3000,4
169653,169653,678612,1279,46,184,217.0,0.0,217.0,282,282,168.3695652173913,6,0,1000000,3000,4
169700,169700,678800,1280,47,188,228.0,0.0,228.0,294,294,144.95744680851064,6,0,1000000,3000,4
170044,170044,680176,1281,344,1376,1662.0,0.0,1662.0,1786,1786,803.375,36,0,1000000,3000,4
170223,170223,680892,1282,179,716,632.0,0.0,632.0,722,723,461.5195530726257,15,0,1000000,3000,4
170257,170257,681028,1283,34,136,243.0,0.0,243.0,306,306,156.8235294117647,7,0,1000000,3000,4
170372,170372,681488,1284,115,460,590.0,0.0,590.0,670,670,379.4086956521739,14,0,1000000,3000,4
170937,170937,683748,1285,565,2260,961.0,0.0,961.0,1130,1130,653.5575221238938,23,0,1000000,3000,4
171192,171192,684768,1286,255,1020,1316.0,0.0,1316.0,1424,1424,747.0901960784314,29,0,1000000,3000,4
171231,171231,684924,1287,39,156,235.0,0.0,235.0,299,299,157.89743589743588,6,0,1000000,3000,4
171544,171544,686176,1288,313,1252,1008.0,0.0,1008.0,1126,1126,659.6645367412141,23,0,1000000,3000,4
171585,171585,686340,1289,41,164,234.0,0.0,234.0,299,299,157.4390243902439,6,0,1000000,3000,4
171892,171892,687568,1290,307,1228,1399.0,0.0,1399.0,1516,1516,746.1270358306189,31,0,1000000,3000,4
171949,171949,687796,1291,57,228,227.0,0.0,227.0,295,295,131.12280701754386,6,0,1000000,3000,4
172344,172344,689376,1292,395,1580,1388.0,0.0,1388.0,1523,1523,702.5620253164557,31,0,1000000,3000,4
172426,172426,689704,1293,82,328,608.0,0.0,608.0,681,681,315.8536585365854,14,0,1000000,3000,4
172542,172542,690168,1294,116,464,587.0,0.0,587.0,667,667,392.0431034482759,14,0,1000000,3000,4
172805,172805,691220,1295,263,1052,1029.0,0.0,1029.0,1137,1137,663.8250950570342,23,0,1000000,3000,4
172920,172920,691680,1296,115,460,616.0,0.0,616.0,694,694,371.0,14,0,1000000,3000,4
173237,173237,692948,1297,317,1268,1391.0,0.0,1391.0,1512,1512,776.429022082019,31,0,1000000,3000,4
173274,173274,693096,1298,37,148,231.0,0.0,231.0,295,295,170.72972972972974,6,0,1000000,3000,4
173549,173549,694196,1299,275,1100,1015.0,0.0,1015.0,1124,1124,758.2581818181818,23,0,1000000,3000,4
173590,173590,694360,1300,41,164,229.0,0.0,229.0,293,293,165.0,6,0,1000000,3000,4
173836,173836,695344,1301,246,984,1331.0,0.0,1331.0,1438,1438,709.0284552845528,29,0,1000000,3000,4
174011,174011,696044,1302,175,700,1036.0,0.0,1036.0,1125,1125,621.32,23,0,1000000,3000,4
174201,174201,696804,1303,190,760,766.0,0.0,766.0,861,861,500.36315789473684,18,0,1000000,3000,4
174287,174287,697148,1304,86,344,614.0,0.0,614.0,689,689,347.3953488372093,14,0,1000000,3000,4
174519,174519,698076,1305,232,928,1302.0,0.0,1302.0,1405,1405,709.1594827586207,29,0,1000000,3000,4
174641,174641,698564,1306,122,488,601.0,0.0,601.0,681,681,381.57377049180326,14,0,1000000,3000,4
174682,174682,698728,1307,41,164,233.0,0.0,233.0,299,299,159.82926829268294,6,0,1000000,3000,4
174796,174796,699184,1308,114,456,612.0,0.0,612.0,690,690,380.6842105263158,14,0,1000000,3000,4
174887,174887,699548,1309,91,364,625.0,0.0,625.0,700,700,361.83516483516485,15,0,1000000,3000,4
174942,174942,699768,1310,55,220,209.0,0.0,209.0,276,276,154.6909090909091,6,0,1000000,3000,4
175034,175034,700136,1311,92,368,635.0,0.0,635.0,710,710,352.45652173913044,15,0,1000000,3000,4
175089,175089,700356,1312,55,220,208.0,0.0,208.0,274,274,157.63636363636363,6,0,1000000,3000,4
175264,175264,701056,1313,175,700,735.0,0.0,735.0,827,827,484.0342857142857,17,0,1000000,3000,4
175799,175799,703196,1314,535,2140,1495.0,0.0,1495.0,1659,1659,782.1495327102804,34,0,1000000,3000,4
176103,176103,704412,1315,304,1216,1009.0,0.0,1009.0,1125,1125,636.7993421052631,23,0,1000000,3000,4
176146,176146,704584,1316,43,172,232.0,0.0,232.0,296,296,158.04651162790697,6,0,1000000,3000,4
176389,176389,705556,1317,243,972,1306.0,0.0,1306.0,1411,1411,682.1028806584362,29,0,1000000,3000,4
176722,176722,706888,1318,333,1332,1315.0,0.0,1315.0,1439,1439,752.3273273273273,29,0,1000000,3000,4
177002,177002,708008,1319,280,1120,1026.0,0.0,1026.0,1138,1138,645.0285714285715,23,0,1000000,3000,4
177045,177045,708180,1320,43,172,230.0,0.0,230.0,295,295,158.69767441860466,6,0,1000000,3000,4
177218,177218,708872,1321,173,692,633.0,0.0,633.0,722,723,463.0346820809249,15,0,1000000,3000,4
177446,177446,709784,1322,228,912,749.0,0.0,749.0,852,852,524.4780701754386,18,0,1000000,3000,4
177626,177626,710504,1323,180,720,631.0,0.0,631.0,722,722,463.19444444444446,15,0,1000000,3000,4
177665,177665,710660,1324,39,156,235.0,0.0,235.0,299,299,154.89743589743588,6,0,1000000,3000,4
177798,177798,711192,1325,133,532,593.0,0.0,593.0,676,676,384.8721804511278,14,0,1000000,3000,4
178138,178138,712552,1326,340,1360,1900.0,0.0,1900.0,2023,2023,943.9970588235294,41,0,1000000,3000,4
178251,178251,713004,1327,113,452,612.0,0.0,612.0,690,690,374.9380530973451,14,0,1000000,3000,4
178343,178343,713372,1328,92,368,629.0,0.0,629.0,704,704,384.9347826086956,15,0,1000000,3000,4
178587,178587,714348,1329,244,976,1686.0,0.0,1686.0,1791,1791,837.3811475409836,36,0,1000000,3000,4
178622,178622,714488,1330,35,140,243.0,0.0,243.0,306,306,160.5142857142857,7,0,1000000,3000,4
178658,178658,714632,1331,36,144,235.0,0.0,235.0,298,298,166.44444444444446,6,0,1000000,3000,4
178770,178770,715080,1332,112,448,594.0,0.0,594.0,673,673,385.0982142857143,14,0,1000000,3000,4
178816,178816,715264,1333,46,184,215.0,0.0,215.0,281,281,169.32608695652175,6,0,1000000,3000,4
178849,178849,715396,1334,33,132,243.0,0.0,243.0,305,305,157.72727272727272,7,0,1000000,3000,4
178881,178881,715524,1335,32,128,247.0,0.0,247.0,310,310,161.625,7,0,1000000,3000,4
178970,178970,715880,1336,89,356,609.0,0.0,609.0,682,682,345.7191011235955,14,0,1000000,3000,4
179005,179005,716020,1337,35,140,233.0,0.0,233.0,295,295,168.77142857142857,6,0,1000000,3000,4
179037,179037,716148,1338,32,128,245.0,0.0,245.0,308,308,159.21875,7,0,1000000,3000,4
179310,179310,717240,1339,273,1092,1300.0,0.0,1300.0,1411,1411,715.3479853479854,29,0,1000000,3000,4
179352,179352,717408,1340,42,168,231.0,0.0,231.0,296,296,160.02380952380952,6,0,1000000,3000,4
179475,179475,717900,1341,123,492,601.0,0.0,601.0,682,682,395.5934959349593,14,0,1000000,3000,4
179515,179515,718060,1342,40,160,232.0,0.0,232.0,295,295,164.925,6,0,1000000,3000,4
179621,179621,718484,1343,106,424,606.0,0.0,606.0,684,684,394.4433962264151,14,0,1000000,3000,4
179656,179656,718624,1344,35,140,241.0,0.0,241.0,304,304,163.57142857142858,7,0,1000000,3000,4
179690,179690,718760,1345,34,136,240.0,0.0,240.0,303,303,166.38235294117646,7,0,1000000,3000,4
179789,179789,719156,1346,99,396,612.0,0.0,612.0,689,689,353.54545454545456,14,0,1000000,3000,4
179944,179944,719776,1347,155,620,1051.0,0.0,1051.0,1137,1137,594.0967741935484,23,0,1000000,3000,4
179978,179978,719912,1348,34,136,245.0,0.0,245.0,309,309,157.6764705882353,7,0,1000000,3000,4
180070,180070,720280,1349,92,368,627.0,0.0,627.0,702,702,351.7282608695652,15,0,1000000,3000,4
180104,180104,720416,1350,34,136,242.0,0.0,242.0,305,305,162.02941176470588,7,0,1000000,3000,4
180312,180312,721248,1351,208,832,1310.0,0.0,1310.0,1408,1408,681.1634615384615,29,0,1000000,3000,4
180472,180472,721888,1352,160,640,766.0,0.0,766.0,854,854,520.43125,18,0,1000000,3000,4
180514,180514,722056,1353,42,168,233.0,0.0,233.0,298,298,159.33333333333334,6,0,1000000,3000,4
180727,180727,722908,1354,213,852,1569.0,0.0,1569.0,1668,1668,765.62441314554,34,0,1000000,3000,4
181129,181129,724516,1355,402,1608,2332.0,0.0,2332.0,2467,2467,1228.584577114428,50,0,1000000,3000,4
181287,181287,725148,1356,158,632,1049.0,0.0,1049.0,1136,1136,535.2151898734177,23,0,1000000,3000,4
181323,181323,725292,1357,36,144,245.0,0.0,245.0,309,309,154.25,7,0,1000000,3000,4
181359,181359,725436,1358,36,144,235.0,0.0,235.0,299,299,160.63888888888889,6,0,1000000,3000,4
181393,181393,725572,1359,34,136,240.0,0.0,240.0,303,303,167.38235294117646,7,0,1000000,3000,4
181539,181539,726156,1360,146,584,746.0,0.0,746.0,832,832,509.82191780821915,17,0,1000000,3000,4
181746,181746,726984,1361,207,828,711.0,0.0,711.0,809,809,551.0869565217391,17,0,1000000,3000,4
182045,182045,728180,1362,299,1196,1898.0,0.0,1898.0,2014,2014,992.8896321070234,41,0,1000000,3000,4
182084,182084,728336,1363,39,156,236.0,0.0,236.0,301,301,153.15384615384616,7,0,1000000,3000,4
182325,182325,729300,1364,241,964,1327.0,0.0,1327.0,1433,1433,706.7966804979253,29,0,1000000,3000,4
182466,182466,729864,1365,141,564,1054.0,0.0,1054.0,1139,1139,611.1489361702128,23,0,1000000,3000,4
182555,182555,730220,1366,89,356,628.0,0.0,628.0,701,701,389.64044943820227,15,0,1000000,3000,4
182592,182592,730368,1367,37,148,245.0,0.0,245.0,309,309,155.8918918918919,7,0,1000000,3000,4
182910,182910,731640,1368,318,1272,1010.0,0.0,1010.0,1128,1128,661.4465408805031,23,0,1000000,3000,4
183006,183006,732024,1369,96,384,608.0,0.0,608.0,683,683,318.5729166666667,14,0,1000000,3000,4
183102,183102,732408,1370,96,384,628.0,0.0,628.0,704,704,394.3333333333333,15,0,1000000,3000,4
183325,183325,733300,1371,223,892,1314.0,0.0,1314.0,1413,1413,722.5470852017937,29,0,1000000,3000,4
183422,183422,733688,1372,97,388,614.0,0.0,614.0,690,690,334.2371134020619,14,0,1000000,3000,4
183651,183651,734604,1373,229,916,1038.0,0.0,1038.0,1140,1140,615.6943231441048,23,0,1000000,3000,4
183688,183688,734752,1374,37,148,242.0,0.0,242.0,306,306,149.51351351351352,7,0,1000000,3000,4
183758,183758,735032,1375,70,280,620.0,0.0,620.0,690,690,341.77142857142854,14,0,1000000,3000,4
183860,183860,735440,1376,102,408,605.0,0.0,605.0,682,682,398.96078431372547,14,0,1000000,3000,4
183897,183897,735588,1377,37,148,238.0,0.0,238.0,301,301,162.59459459459458,7,0,1000000,3000,4
184093,184093,736372,1378,196,784,1041.0,0.0,1041.0,1136,1136,624.6989795918367,23,0,1000000,3000,4
184202,184202,736808,1379,109,436,604.0,0.0,604.0,683,683,341.6788990825688,14,0,1000000,3000,4
184287,184287,737148,1380,85,340,612.0,0.0,612.0,685,685,342.8941176470588,14,0,1000000,3000,4
184322,184322,737288,1381,35,140,241.0,0.0,241.0,305,305,160.0,7,0,1000000,3000,4
184354,184354,737416,1382,32,128,249.0,0.0,249.0,312,312,159.65625,7,0,1000000,3000,4
184548,184548,738192,1383,194,776,762.0,0.0,762.0,857,857,516.6185567010309,18,0,1000000,3000,4
184588,184588,738352,1384,40,160,230.0,0.0,230.0,294,294,160.975,6,0,1000000,3000,4
184869,184869,739476,1385,281,1124,1019.0,0.0,1019.0,1132,1132,663.8576512455516,23,0,1000000,3000,4
185249,185249,740996,1386,380,1520,1094.0,0.0,1094.0,1227,1227,693.1026315789474,25,0,1000000,3000,4
185375,185375,741500,1387,126,504,718.0,0.0,718.0,800,800,453.6587301587302,17,0,1000000,3000,4
185404,185404,741616,1388,29,116,246.0,0.0,246.0,308,308,159.75862068965517,7,0,1000000,3000,4
185483,185483,741932,1389,79,316,634.0,0.0,634.0,706,706,354.72151898734177,15,0,1000000,3000,4
185512,185512,742048,1390,29,116,250.0,0.0,250.0,313,313,153.24137931034483,7,0,1000000,3000,4
185544,185544,742176,1391,32,128,245.0,0.0,245.0,307,307,160.40625,7,0,1000000,3000,4
185724,185724,742896,1392,180,720,707.0,0.0,707.0,798,798,476.65555555555557,16,0,1000000,3000,4
185833,185833,743332,1393,109,436,599.0,0.0,599.0,676,676,392.3761467889908,14,0,1000000,3000,4
185952,185952,743808,1394,119,476,603.0,0.0,603.0,683,683,388.2773109243698,14,0,1000000,3000,4
186053,186053,744212,1395,101,404,615.0,0.0,615.0,692,692,376.6039603960396,14,0,1000000,3000,4
186259,186259,745036,1396,206,824,1031.0,0.0,1031.0,1129,1129,598.0776699029126,23,0,1000000,3000,4
186361,186361,745444,1397,102,408,625.0,0.0,625.0,701,701,385.98039215686276,15,0,1000000,3000,4
186456,186456,745824,1398,95,380,619.0,0.0,619.0,694,694,381.4315789473684,14,0,1000000,3000,4
186729,186729,746916,1399,273,1092,1019.0,0.0,1019.0,1129,1129,727.014652014652,23,0,1000000,3000,4
187376,187376,749504,1400,647,2588,1234.0,0.0,1234.0,1420,1420,810.1792890262751,29,0,1000000,3000,4
187463,187463,749852,1401,87,348,629.0,0.0,629.0,704,704,355.8735632183908,15,0,1000000,3000,4
187500,187500,750000,1402,37,148,243.0,0.0,243.0,308,308,158.24324324324326,7,0,1000000,3000,4
187542,187542,750168,1403,42,168,230.0,0.0,230.0,295,295,158.11904761904762,6,0,1000000,3000,4
187697,187697,750788,1404,155,620,634.0,0.0,634.0,719,722,495.85806451612905,15,0,1000000,3000,4
187837,187837,751348,1405,140,560,640.0,0.0,640.0,722,722,522.6428571428571,15,0,1000000,3000,4
187918,187918,751672,1406,81,324,621.0,0.0,621.0,694,694,372.82716049382714,14,0,1000000,3000,4
188240,188240,752960,1407,322,1288,1314.0,0.0,1314.0,1436,1436,766.0776397515529,29,0,1000000,3000,4
188582,188582,754328,1408,342,1368,1029.0,0.0,1029.0,1155,1155,690.5263157894736,24,0,1000000,3000,4
188884,188884,755536,1409,302,1208,1009.0,0.0,1009.0,1124,1124,681.3377483443709,23,0,1000000,3000,4
188919,188919,755676,1410,35,140,233.0,0.0,233.0,297,297,164.42857142857142,6,0,1000000,3000,4
189129,189129,756516,1411,210,840,1337.0,0.0,1337.0,1437,1437,735.8095238095239,29,0,1000000,3000,4
189273,189273,757092,1412,144,576,639.0,0.0,639.0,722,723,514.7569444444445,15,0,1000000,3000,4
189483,189483,757932,1413,210,840,1315.0,0.0,1315.0,1411,1411,689.4285714285714,29,0,1000000,3000,4
189520,189520,758080,1414,37,148,236.0,0.0,236.0,300,300,164.9189189189189,7,0,1000000,3000,4
189550,189550,758200,1415,30,120,250.0,0.0,250.0,312,312,159.76666666666668,7,0,1000000,3000,4
189642,189642,758568,1416,92,368,627.0,0.0,627.0,702,702,394.92391304347825,15,0,1000000,3000,4
190119,190119,760476,1417,477,1908,1278.0,0.0,1278.0,1431,1431,740.2683438155136,29,0,1000000,3000,4
190574,190574,762296,1418,455,1820,1268.0,0.0,1268.0,1413,1413,755.2417582417582,29,0,1000000,3000,4
190965,190965,763860,1419,391,1564,1888.0,0.0,1888.0,2024,2024,928.4731457800511,41,0,1000000,3000,4
191291,191291,765164,1420,326,1304,1309.0,0.0,1309.0,1432,1432,715.2147239263803,29,0,1000000,3000,4
191536,191536,766144,1421,245,980,1032.0,0.0,1032.0,1137,1137,648.9673469387756,23,0,1000000,3000,4
191575,191575,766300,1422,39,156,240.0,0.0,240.0,305,305,149.97435897435898,7,0,1000000,3000,4
191797,191797,767188,1423,222,888,740.0,0.0,740.0,842,842,547.6756756756756,17,0,1000000,3000,4
192141,192141,768564,1424,344,1376,1291.0,0.0,1291.0,1415,1415,782.8023255813954,29,0,1000000,3000,4
192346,192346,769384,1425,205,820,1415.0,0.0,1415.0,1512,1512,786.2536585365854,31,0,1000000,3000,4
192488,192488,769952,1426,142,568,815.0,0.0,815.0,898,899,573.5915492957746,18,0,1000000,3000,4
192590,192590,770360,1427,102,408,621.0,0.0,621.0,698,698,384.1764705882353,14,0,1000000,3000,4
192626,192626,770504,1428,36,144,244.0,0.0,244.0,309,309,156.02777777777777,7,0,1000000,3000,4
192658,192658,770632,1429,32,128,241.0,0.0,241.0,304,304,164.71875,7,0,1000000,3000,4
192963,192963,771852,1430,305,1220,1300.0,0.0,1300.0,1417,1417,723.0754098360655,29,0,1000000,3000,4
193051,193051,772204,1431,88,352,619.0,0.0,619.0,694,694,350.34090909090907,14,0,1000000,3000,4
193263,193263,773052,1432,212,848,1322.0,0.0,1322.0,1422,1422,691.1179245283018,29,0,1000000,3000,4
193358,193358,773432,1433,95,380,617.0,0.0,617.0,692,692,393.2,14,0,1000000,3000,4
193443,193443,773772,1434,85,340,616.0,0.0,616.0,691,691,351.5529411764706,14,0,1000000,3000,4
193534,193534,774136,1435,91,364,617.0,0.0,617.0,691,691,378.3296703296703,14,0,1000000,3000,4
193576,193576,774304,1436,42,168,231.0,0.0,231.0,296,296,160.35714285714286,6,0,1000000,3000,4
193787,193787,775148,1437,211,844,1309.0,0.0,1309.0,1408,1408,685.0331753554502,29,0,1000000,3000,4
193964,193964,775856,1438,177,708,1048.0,0.0,1048.0,1140,1140,627.1864406779661,23,0,1000000,3000,4
194004,194004,776016,1439,40,160,240.0,0.0,240.0,306,306,143.85,7,0,1000000,3000,4
194250,194250,777000,1440,246,984,1324.0,0.0,1324.0,1431,1431,651.2154471544716,29,0,1000000,3000,4
194339,194339,777356,1441,89,356,629.0,0.0,629.0,703,703,379.55056179775283,15,0,1000000,3000,4
194416,194416,777664,1442,77,308,630.0,0.0,630.0,702,702,365.1818181818182,15,0,1000000,3000,4
194597,194597,778388,1443,181,724,807.0,0.0,807.0,898,898,526.1491712707183,18,0,1000000,3000,4
194837,194837,779348,1444,240,960,1308.0,0.0,1308.0,1410,1410,734.4666666666667,29,0,1000000,3000,4
194915,194915,779660,1445,78,312,636.0,0.0,636.0,708,708,384.7435897435897,15,0,1000000,3000,4
195024,195024,780096,1446,109,436,616.0,0.0,616.0,695,695,380.20183486238534,14,0,1000000,3000,4
195218,195218,780872,1447,194,776,1032.0,0.0,1032.0,1125,1125,691.7010309278351,23,0,1000000,3000,4
195486,195486,781944,1448,268,1072,1412.0,0.0,1412.0,1522,1522,777.320895522388,31,0,1000000,3000,4
195781,195781,783124,1449,295,1180,1312.0,0.0,1312.0,1428,1428,719.0847457627119,29,0,1000000,3000,4
195817,195817,783268,1450,36,144,244.0,0.0,244.0,309,309,142.52777777777777,7,0,1000000,3000,4
196071,196071,784284,1451,254,1016,1017.0,0.0,1017.0,1123,1123,721.1850393700787,23,0,1000000,3000,4
196178,196178,784712,1452,107,428,600.0,0.0,600.0,679,679,402.7383177570093,14,0,1000000,3000,4
196210,196210,784840,1453,32,128,251.0,0.0,251.0,315,315,148.5,7,0,1000000,3000,4
196248,196248,784992,1454,38,152,240.0,0.0,240.0,304,304,146.1578947368421,7,0,1000000,3000,4
196363,196363,785452,1455,115,460,580.0,0.0,580.0,660,660,405.2869565217391,14,0,1000000,3000,4
196481,196481,785924,1456,118,472,605.0,0.0,605.0,686,686,382.52542372881356,14,0,1000000,3000,4
196513,196513,786052,1457,32,128,241.0,0.0,241.0,304,304,161.21875,7,0,1000000,3000,4
196777,196777,787108,1458,264,1056,1021.0,0.0,1021.0,1129,1129,720.8371212121212,23,0,1000000,3000,4
197222,197222,788888,1459,445,1780,755.0,0.0,755.0,898,898,730.0404494382022,18,0,1000000,3000,4
197370,197370,789480,1460,148,592,814.0,0.0,814.0,898,898,568.6283783783783,18,0,1000000,3000,4
197406,197406,789624,1461,36,144,232.0,0.0,232.0,297,297,167.91666666666666,6,0,1000000,3000,4
197496,197496,789984,1462,90,360,626.0,0.0,626.0,702,702,365.74444444444447,15,0,1000000,3000,4
197752,197752,791008,1463,256,1024,1308.0,0.0,1308.0,1415,1415,730.75390625,29,0,1000000,3000,4
198042,198042,792168,1464,290,1160,1405.0,0.0,1405.0,1518,1518,780.303448275862,31,0,1000000,3000,4
198153,198153,792612,1465,111,444,598.0,0.0,598.0,678,678,395.7927927927928,14,0,1000000,3000,4
198364,198364,793456,1466,211,844,1332.0,0.0,1332.0,1432,1432,761.5497630331754,29,0,1000000,3000,4
198396,198396,793584,1467,32,128,249.0,0.0,249.0,313,313,154.3125,7,0,1000000,3000,4
198489,198489,793956,1468,93,372,607.0,0.0,607.0,683,683,397.0430107526882,14,0,1000000,3000,4
198584,198584,794336,1469,95,380,607.0,0.0,607.0,682,682,399.2421052631579,14,0,1000000,3000,4
198670,198670,794680,1470,86,344,734.0,0.0,734.0,809,809,400.98837209302326,17,0,1000000,3000,4
198706,198706,794824,1471,36,144,242.0,0.0,242.0,306,306,157.61111111111111,7,0,1000000,3000,4
198741,198741,794964,1472,35,140,237.0,0.0,237.0,299,299,173.4,6,0,1000000,3000,4
198775,198775,795100,1473,34,136,252.0,0.0,252.0,316,316,152.05882352941177,7,0,1000000,3000,4
198949,198949,795796,1474,174,696,809.0,0.0,809.0,898,898,532.0919540229885,18,0,1000000,3000,4
199179,199179,796716,1475,230,920,1681.0,0.0,1681.0,1784,1784,842.6391304347826,36,0,1000000,3000,4
199221,199221,796884,1476,42,168,226.0,0.0,226.0,291,291,161.54761904761904,6,0,1000000,3000,4
199286,199286,797144,1477,65,260,609.0,0.0,609.0,679,679,320.15384615384613,14,0,1000000,3000,4
199551,199551,798204,1478,265,1060,790.0,0.0,790.0,898,898,623.2981132075472,18,0,1000000,3000,4
199589,199589,798356,1479,38,152,237.0,0.0,237.0,301,301,157.3684210526316,7,0,1000000,3000,4
199631,199631,798524,1480,42,168,229.0,0.0,229.0,294,294,155.1904761904762,6,0,1000000,3000,4
199734,199734,798936,1481,103,412,633.0,0.0,633.0,710,710,362.8543689320388,15,0,1000000,3000,4
199926,199926,799704,1482,192,768,1034.0,0.0,1034.0,1128,1128,603.9166666666666,23,0,1000000,3000,4
200331,200331,801324,1483,405,1620,1295.0,0.0,1295.0,1434,1434,730.3358024691358,29,0,1000000,3000,4
200360,200360,801440,1484,29,116,251.0,0.0,251.0,314,314,154.0,7,0,1000000,3000,4
200501,200501,802004,1485,141,564,639.0,0.0,639.0,722,722,502.74468085106383,15,0,1000000,3000,4
200532,200532,802128,1486,31,124,248.0,0.0,248.0,312,312,156.5483870967742,7,0,1000000,3000,4
200633,200633,802532,1487,101,404,619.0,0.0,619.0,696,696,386.0495049504951,14,0,1000000,3000,4
200788,200788,803152,1488,155,620,636.0,0.0,636.0,722,722,491.4,15,0,1000000,3000,4
200934,200934,803736,1489,146,584,731.0,0.0,731.0,817,817,480.6232876712329,17,0,1000000,3000,4
201199,201199,804796,1490,265,1060,1299.0,0.0,1299.0,1408,1408,673.3169811320755,29,0,1000000,3000,4
201506,201506,806024,1491,307,1228,1315.0,0.0,1315.0,1434,1434,764.6742671009772,29,0,1000000,3000,4
201661,201661,806644,1492,155,620,636.0,0.0,636.0,722,722,516.0193548387097,15,0,1000000,3000,4
201774,201774,807096,1493,113,452,586.0,0.0,586.0,665,665,393.0265486725664,14,0,1000000,3000,4
201937,201937,807748,1494,163,652,733.0,0.0,733.0,822,822,521.4171779141104,17,0,1000000,3000,4
202293,202293,809172,1495,356,1424,1305.0,0.0,1305.0,1434,1434,739.2612359550562,29,0,1000000,3000,4
202468,202468,809872,1496,175,700,761.0,0.0,761.0,854,854,548.3885714285715,18,0,1000000,3000,4
202911,202911,811644,1497,443,1772,755.0,0.0,755.0,898,898,700.3747178329571,18,0,1000000,3000,4
203166,203166,812664,1498,255,1020,1022.0,0.0,1022.0,1128,1128,648.8509803921569,23,0,1000000,3000,4
203555,203555,814220,1499,389,1556,1001.0,0.0,1001.0,1135,1135,654.611825192802,23,0,1000000,3000,4
203663,203663,814652,1500,108,432,601.0,0.0,601.0,680,680,379.68518518518516,14,0,1000000,3000,4
203967,203967,815868,1501,304,1216,1298.0,0.0,1298.0,1415,1415,781.796052631579,29,0,1000000,3000,4
204053,204053,816212,1502,86,344,618.0,0.0,618.0,693,693,361.5581395348837,14,0,1000000,3000,4
204140,204140,816560,1503,87,348,622.0,0.0,622.0,696,696,378.9080459770115,14,0,1000000,3000,4
204324,204324,817296,1504,184,736,1036.0,0.0,1036.0,1128,1128,643.4239130434783,23,0,1000000,3000,4
204361,204361,817444,1505,37,148,235.0,0.0,235.0,300,300,159.54054054054055,7,0,1000000,3000,4
204559,204559,818236,1506,198,792,1340.0,0.0,1340.0,1437,1437,726.9848484848485,29,0,1000000,3000,4
204599,204599,818396,1507,40,160,237.0,0.0,237.0,303,303,155.275,7,0,1000000,3000,4
204844,204844,819376,1508,245,980,1312.0,0.0,1312.0,1416,1416,749.1632653061224,29,0,1000000,3000,4
205128,205128,820512,1509,284,1136,1304.0,0.0,1304.0,1416,1416,768.387323943662,29,0,1000000,3000,4
205302,205302,821208,1510,174,696,749.0,0.0,749.0,840,840,553.4367816091954,17,0,1000000,3000,4
205388,205388,821552,1511,86,344,634.0,0.0,634.0,709,709,394.93023255813955,15,0,1000000,3000,4
205539,205539,822156,1512,151,604,728.0,0.0,728.0,815,815,515.2317880794702,17,0,1000000,3000,4
205662,205662,822648,1513,123,492,715.0,0.0,715.0,796,796,489.6585365853659,16,0,1000000,3000,4
205699,205699,822796,1514,37,148,229.0,0.0,229.0,294,294,171.21621621621622,6,0,1000000,3000,4
205859,205859,823436,1515,160,640,811.0,0.0,811.0,898,899,557.33125,18,0,1000000,3000,4
205888,205888,823552,1516,29,116,248.0,0.0,248.0,311,311,160.20689655172413,7,0,1000000,3000,4
205919,205919,823676,1517,31,124,241.0,0.0,241.0,304,304,163.29032258064515,7,0,1000000,3000,4
206103,206103,824412,1518,184,736,1691.0,0.0,1691.0,1783,1783,937.2880434782609,36,0,1000000,3000,4
206285,206285,825140,1519,182,728,1341.0,0.0,1341.0,1435,1435,652.0384615384615,29,0,1000000,3000,4
206369,206369,825476,1520,84,336,619.0,0.0,619.0,693,693,347.2142857142857,14,0,1000000,3000,4
206537,206537,826148,1521,168,672,1348.0,0.0,1348.0,1439,1439,706.1488095238095,29,0,1000000,3000,4
206574,206574,826296,1522,37,148,241.0,0.0,241.0,305,305,156.05405405405406,7,0,1000000,3000,4
206660,206660,826640,1523,86,344,629.0,0.0,629.0,703,703,380.45348837209303,15,0,1000000,3000,4
206918,206918,827672,1524,258,1032,1326.0,0.0,1326.0,1435,1435,770.0116279069767,29,0,1000000,3000,4
207317,207317,829268,1525,399,1596,993.0,0.0,993.0,1128,1128,772.0300751879699,23,0,1000000,3000,4
207407,207407,829628,1526,90,360,631.0,0.0,631.0,706,706,357.8,15,0,1000000,3000,4
207694,207694,830776,1527,287,1148,1677.0,0.0,1677.0,1792,1792,842.2891986062717,36,0,1000000,3000,4
207823,207823,831292,1528,129,516,740.0,0.0,740.0,821,821,501.04651162790697,17,0,1000000,3000,4
207854,207854,831416,1529,31,124,247.0,0.0,247.0,311,311,146.25806451612902,7,0,1000000,3000,4
207897,207897,831588,1530,43,172,231.0,0.0,231.0,295,295,160.02325581395348,6,0,1000000,3000,4
208075,208075,832300,1531,178,712,1047.0,0.0,1047.0,1138,1138,596.0337078651686,23,0,1000000,3000,4
208315,208315,833260,1532,240,960,696.0,0.0,696.0,800,800,587.8125,17,0,1000000,3000,4
208465,208465,833860,1533,150,600,638.0,0.0,638.0,722,723,504.4533333333333,15,0,1000000,3000,4
208574,208574,834296,1534,109,436,634.0,0.0,634.0,712,712,376.11009174311926,15,0,1000000,3000,4
208750,208750,835000,1535,176,704,740.0,0.0,740.0,832,832,505.0,17,0,1000000,3000,4
208858,208858,835432,1536,108,432,604.0,0.0,604.0,682,682,393.0833333333333,14,0,1000000,3000,4
208905,208905,835620,1537,47,188,211.0,0.0,211.0,277,277,173.7659574468085,6,0,1000000,3000,4
209163,209163,836652,1538,258,1032,1302.0,0.0,1302.0,1410,1410,748.6201550387597,29,0,1000000,3000,4
209203,209203,836812,1539,40,160,226.0,0.0,226.0,291,291,168.5,6,0,1000000,3000,4
209422,209422,837688,1540,219,876,1421.0,0.0,1421.0,1521,1521,775.8447488584475,31,0,1000000,3000,4
209720,209720,838880,1541,298,1192,1678.0,0.0,1678.0,1795,1795,842.6744966442953,36,0,1000000,3000,4
209763,209763,839052,1542,43,172,223.0,0.0,223.0,288,288,162.46511627906978,6,0,1000000,3000,4
209862,209862,839448,1543,99,396,631.0,0.0,631.0,707,707,381.020202020202,15,0,1000000,3000,4
210079,210079,840316,1544,217,868,1023.0,0.0,1023.0,1122,1123,619.7142857142857,23,0,1000000,3000,4
210331,210331,841324,1545,252,1008,1024.0,0.0,1024.0,1130,1130,657.3611111111111,23,0,1000000,3000,4
210565,210565,842260,1546,234,936,1024.0,0.0,1024.0,1125,1125,634.4700854700855,23,0,1000000,3000,4
210716,210716,842864,1547,151,604,748.0,0.0,748.0,835,835,476.94701986754967,17,0,1000000,3000,4
210884,210884,843536,1548,168,672,710.0,0.0,710.0,801,801,495.48214285714283,17,0,1000000,3000,4
211022,211022,844088,1549,138,552,744.0,0.0,744.0,828,828,511.8188405797101,17,0,1000000,3000,4
211064,211064,844256,1550,42,168,231.0,0.0,231.0,296,296,161.66666666666666,6,0,1000000,3000,4
211373,211373,845492,1551,309,1236,1021.0,0.0,1021.0,1138,1138,706.7605177993528,23,0,1000000,3000,4
211413,211413,845652,1552,40,160,219.0,0.0,219.0,283,283,175.575,6,0,1000000,3000,4
211571,211571,846284,1553,158,632,617.0,0.0,617.0,705,705,458.62025316455697,15,0,1000000,3000,4
211612,211612,846448,1554,41,164,220.0,0.0,220.0,285,285,170.85365853658536,6,0,1000000,3000,4
211645,211645,846580,1555,33,132,252.0,0.0,252.0,315,315,148.21212121212122,7,0,1000000,3000,4
211681,211681,846724,1556,36,144,238.0,0.0,238.0,302,302,159.38888888888889,7,0,1000000,3000,4
211715,211715,846860,1557,34,136,245.0,0.0,245.0,308,308,154.47058823529412,7,0,1000000,3000,4
211747,211747,846988,1558,32,128,246.0,0.0,246.0,310,310,152.6875,7,0,1000000,3000,4
211784,211784,847136,1559,37,148,236.0,0.0,236.0,301,301,158.78378378378378,7,0,1000000,3000,4
211967,211967,847868,1560,183,732,770.0,0.0,770.0,863,863,510.44262295081967,18,0,1000000,3000,4
212063,212063,848252,1561,96,384,615.0,0.0,615.0,692,692,386.6458333333333,14,0,1000000,3000,4
212101,212101,848404,1562,38,152,239.0,0.0,239.0,303,303,156.55263157894737,7,0,1000000,3000,4
212264,212264,849056,1563,163,652,716.0,0.0,716.0,805,805,482.63803680981596,17,0,1000000,3000,4
212562,212562,850248,1564,298,1192,1009.0,0.0,1009.0,1124,1124,708.4563758389262,23,0,1000000,3000,4
212683,212683,850732,1565,121,484,615.0,0.0,615.0,696,696,364.64462809917353,14,0,1000000,3000,4
212735,212735,850940,1566,52,208,210.0,0.0,210.0,276,276,160.6346153846154,6,0,1000000,3000,4
213025,213025,852100,1567,290,1160,785.0,0.0,785.0,898,898,601.0034482758621,18,0,1000000,3000,4
213125,213125,852500,1568,100,400,632.0,0.0,632.0,708,708,344.56,15,0,1000000,3000,4
213317,213317,853268,1569,192,768,771.0,0.0,771.0,866,866,525.0885416666666,18,0,1000000,3000,4
213470,213470,853880,1570,153,612,737.0,0.0,737.0,824,824,503.73202614379085,17,0,1000000,3000,4
213655,213655,854620,1571,185,740,1035.0,0.0,1035.0,1126,1126,601.4972972972973,23,0,1000000,3000,4
213753,213753,855012,1572,98,392,603.0,0.0,603.0,679,679,392.9591836734694,14,0,1000000,3000,4
213905,213905,855620,1573,152,608,637.0,0.0,637.0,722,722,482.05263157894734,15,0,1000000,3000,4
213939,213939,855756,1574,34,136,250.0,0.0,250.0,312,312,149.2941176470588,7,0,1000000,3000,4
214051,214051,856204,1575,112,448,594.0,0.0,594.0,674,674,393.61607142857144,14,0,1000000,3000,4
214126,214126,856504,1576,75,300,613.0,0.0,613.0,686,686,324.4266666666667,14,0,1000000,3000,4
214416,214416,857664,1577,290,1160,1325.0,0.0,1325.0,1440,1440,745.1448275862069,29,0,1000000,3000,4
214459,214459,857836,1578,43,172,233.0,0.0,233.0,298,298,148.8372093023256,6,0,1000000,3000,4
214562,214562,858248,1579,103,412,608.0,0.0,608.0,684,684,396.54368932038835,14,0,1000000,3000,4
214654,214654,858616,1580,92,368,633.0,0.0,633.0,709,709,395.9782608695652,15,0,1000000,3000,4
214687,214687,858748,1581,33,132,251.0,0.0,251.0,315,315,151.1818181818182,7,0,1000000,3000,4
214807,214807,859228,1582,120,480,1046.0,0.0,1046.0,1126,1126,572.6916666666667,23,0,1000000,3000,4
215004,215004,860016,1583,197,788,804.0,0.0,804.0,898,899,637.5025380710659,18,0,1000000,3000,4
215185,215185,860740,1584,181,724,1043.0,0.0,1043.0,1136,1136,631.7292817679559,23,0,1000000,3000,4
215412,215412,861648,1585,227,908,1332.0,0.0,1332.0,1435,1435,681.4405286343613,29,0,1000000,3000,4
215453,215453,861812,1586,41,164,231.0,0.0,231.0,297,297,154.390243902439,6,0,1000000,3000,4
215705,215705,862820,1587,252,1008,1317.0,0.0,1317.0,1424,1424,729.0119047619048,29,0,1000000,3000,4
215873,215873,863492,1588,168,672,597.0,0.0,597.0,687,687,473.2142857142857,14,0,1000000,3000,4
216268,216268,865072,1589,395,1580,1279.0,0.0,1279.0,1414,1414,818.0278481012658,29,0,1000000,3000,4
216487,216487,865948,1590,219,876,1026.0,0.0,1026.0,1125,1125,688.6027397260274,23,0,1000000,3000,4
216724,216724,866896,1591,237,948,1132.0,0.0,1132.0,1235,1235,707.493670886076,25,0,1000000,3000,4
216953,216953,867812,1592,229,916,1027.0,0.0,1027.0,1128,1128,627.3318777292576,23,0,1000000,3000,4
217067,217067,868268,1593,114,456,602.0,0.0,602.0,681,681,386.05263157894734,14,0,1000000,3000,4
217145,217145,868580,1594,78,312,621.0,0.0,621.0,694,694,347.52564102564105,14,0,1000000,3000,4
217248,217248,868992,1595,103,412,592.0,0.0,592.0,669,669,407.11650485436894,14,0,1000000,3000,4
217287,217287,869148,1596,39,156,228.0,0.0,228.0,292,292,174.64102564102564,6,0,1000000,3000,4
217438,217438,869752,1597,151,604,637.0,0.0,637.0,722,722,468.92715231788077,15,0,1000000,3000,4
217475,217475,869900,1598,37,148,238.0,0.0,238.0,303,303,152.45945945945945,7,0,1000000,3000,4
217670,217670,870680,1599,195,780,1319.0,0.0,1319.0,1414,1414,719.4923076923077,29,0,1000000,3000,4
217759,217759,871036,1600,89,356,629.0,0.0,629.0,704,704,367.6179775280899,15,0,1000000,3000,4
217927,217927,871708,1601,168,672,1036.0,0.0,1036.0,1125,1125,657.8928571428571,23,0,1000000,3000,4
217964,217964,871856,1602,37,148,240.0,0.0,240.0,304,304,160.0810810810811,7,0,1000000,3000,4
218002,218002,872008,1603,38,152,246.0,0.0,246.0,310,310,137.73684210526315,7,0,1000000,3000,4
218041,218041,872164,1604,39,156,241.0,0.0,241.0,305,305,151.97435897435898,7,0,1000000,3000,4
218243,218243,872972,1605,202,808,698.0,0.0,698.0,795,795,573.2425742574258,16,0,1000000,3000,4
218435,218435,873740,1606,192,768,1578.0,0.0,1578.0,1674,1674,795.3645833333334,34,0,1000000,3000,4
218637,218637,874548,1607,202,808,1028.0,0.0,1028.0,1123,1123,627.0297029702971,23,0,1000000,3000,4
218680,218680,874720,1608,43,172,242.0,0.0,242.0,308,308,137.27906976744185,7,0,1000000,3000,4
219136,219136,876544,1609,456,1824,677.0,0.0,677.0,825,825,661.5175438596491,17,0,1000000,3000,4
219221,219221,876884,1610,85,340,605.0,0.0,605.0,680,680,308.8941176470588,14,0,1000000,3000,4
219398,219398,877592,1611,177,708,808.0,0.0,808.0,898,899,537.0734463276837,18,0,1000000,3000,4
219500,219500,878000,1612,102,408,597.0,0.0,597.0,674,674,392.5686274509804,14,0,1000000,3000,4
219588,219588,878352,1613,88,352,650.0,0.0,650.0,722,722,344.1136363636364,15,0,1000000,3000,4
219857,219857,879428,1614,269,1076,1134.0,0.0,1134.0,1244,1244,623.9591078066915,25,0,1000000,3000,4
219982,219982,879928,1615,125,500,597.0,0.0,597.0,677,677,355.704,14,0,1000000,3000,4
220416,220416,881664,1616,434,1736,1513.0,0.0,1513.0,1656,1656,812.6059907834101,34,0,1000000,3000,4
220566,220566,882264,1617,150,600,1152.0,0.0,1152.0,1239,1239,631.2333333333333,25,0,1000000,3000,4
220894,220894,883576,1618,328,1312,1897.0,0.0,1897.0,2019,2019,931.0243902439024,41,0,1000000,3000,4
220964,220964,883856,1619,70,280,609.0,0.0,609.0,680,680,323.01428571428573,14,0,1000000,3000,4
221044,221044,884176,1620,80,320,639.0,0.0,639.0,712,712,382.6625,15,0,1000000,3000,4
221186,221186,884744,1621,142,568,1052.0,0.0,1052.0,1137,1137,600.2957746478874,23,0,1000000,3000,4
221217,221217,884868,1622,31,124,249.0,0.0,249.0,313,313,150.48387096774192,7,0,1000000,3000,4
221253,221253,885012,1623,36,144,246.0,0.0,246.0,311,311,142.91666666666666,7,0,1000000,3000,4
221283,221283,885132,1624,30,120,249.0,0.0,249.0,312,312,155.86666666666667,7,0,1000000,3000,4
221545,221545,886180,1625,262,1048,1332.0,0.0,1332.0,1442,1442,678.9923664122138,29,0,1000000,3000,4
221585,221585,886340,1626,40,160,230.0,0.0,230.0,295,295,165.35,6,0,1000000,3000,4
221820,221820,887280,1627,235,940,1684.0,0.0,1684.0,1788,1788,953.3234042553191,36,0,1000000,3000,4
221989,221989,887956,1628,169,676,1036.0,0.0,1036.0,1125,1125,608.7278106508876,23,0,1000000,3000,4
222068,222068,888272,1629,79,316,624.0,0.0,624.0,697,697,359.56962025316454,14,0,1000000,3000,4
222294,222294,889176,1630,226,904,1332.0,0.0,1332.0,1435,1435,742.1327433628319,29,0,1000000,3000,4
222698,222698,890792,1631,404,1616,660.0,0.0,660.0,797,797,648.2277227722773,16,0,1000000,3000,4
222983,222983,891932,1632,285,1140,1037.0,0.0,1037.0,1151,1151,639.2877192982456,24,0,1000000,3000,4
223148,223148,892592,1633,165,660,1144.0,0.0,1144.0,1233,1233,626.9939393939394,25,0,1000000,3000,4
223384,223384,893536,1634,236,944,1325.0,0.0,1325.0,1430,1430,730.5932203389831,29,0,1000000,3000,4
223420,223420,893680,1635,36,144,248.0,0.0,248.0,313,313,141.5,7,0,1000000,3000,4
223454,223454,893816,1636,34,136,238.0,0.0,238.0,301,301,172.7941176470588,7,0,1000000,3000,4
223839,223839,895356,1637,385,1540,1108.0,0.0,1108.0,1242,1242,689.3064935064936,25,0,1000000,3000,4
223994,223994,895976,1638,155,620,636.0,0.0,636.0,722,723,501.7483870967742,15,0,1000000,3000,4
224107,224107,896428,1639,113,452,606.0,0.0,606.0,685,685,404.69026548672565,14,0,1000000,3000,4
224140,224140,896560,1640,33,132,250.0,0.0,250.0,313,313,150.93939393939394,7,0,1000000,3000,4
224246,224246,896984,1641,106,424,601.0,0.0,601.0,679,679,399.6509433962264,14,0,1000000,3000,4
224551,224551,898204,1642,305,1220,1019.0,0.0,1019.0,1136,1136,722.1081967213115,23,0,1000000,3000,4
224808,224808,899232,1643,257,1028,792.0,0.0,792.0,898,898,682.6225680933852,18,0,1000000,3000,4
224852,224852,899408,1644,44,176,230.0,0.0,230.0,295,295,156.9318181818182,6,0,1000000,3000,4
224882,224882,899528,1645,30,120,251.0,0.0,251.0,314,314,152.23333333333332,7,0,1000000,3000,4
225107,225107,900428,1646,225,900,1315.0,0.0,1315.0,1415,1415,752.9822222222223,29,0,1000000,3000,4
225300,225300,901200,1647,193,772,758.0,0.0,758.0,853,853,527.5751295336787,18,0,1000000,3000,4
225342,225342,901368,1648,42,168,232.0,0.0,232.0,297,297,159.61904761904762,6,0,1000000,3000,4
225454,225454,901816,1649,112,448,615.0,0.0,615.0,694,694,398.44642857142856,14,0,1000000,3000,4
225545,225545,902180,1650,91,364,608.0,0.0,608.0,683,683,393.65934065934067,14,0,1000000,3000,4
225629,225629,902516,1651,84,336,639.0,0.0,639.0,712,712,372.54761904761904,15,0,1000000,3000,4
225698,225698,902792,1652,69,276,602.0,0.0,602.0,673,673,318.9130434782609,14,0,1000000,3000,4
225791,225791,903164,1653,93,372,629.0,0.0,629.0,703,703,374.31182795698925,15,0,1000000,3000,4
225946,225946,903784,1654,155,620,582.0,0.0,582.0,670,670,430.9032258064516,14,0,1000000,3000,4
226163,226163,904652,1655,217,868,1317.0,0.0,1317.0,1416,1416,705.3732718894009,29,0,1000000,3000,4
226202,226202,904808,1656,39,156,231.0,0.0,231.0,295,295,167.05128205128204,6,0,1000000,3000,4
226645,226645,906580,1657,443,1772,1642.0,0.0,1642.0,1785,1785,791.7381489841987,36,0,1000000,3000,4
226771,226771,907084,1658,126,504,727.0,0.0,727.0,810,810,439.6904761904762,17,0,1000000,3000,4
226924,226924,907696,1659,153,612,1042.0,0.0,1042.0,1128,1128,597.59477124183,23,0,1000000,3000,4
227246,227246,908984,1660,322,1288,2348.0,0.0,2348.0,2468,2468,1394.2670807453417,50,0,1000000,3000,4
227437,227437,909748,1661,191,764,805.0,0.0,805.0,898,900,622.4502617801047,19,0,1000000,3000,4
227474,227474,909896,1662,37,148,232.0,0.0,232.0,296,296,162.6216216216216,6,0,1000000,3000,4
227515,227515,910060,1663,41,164,225.0,0.0,225.0,290,290,166.609756097561,6,0,1000000,3000,4
227810,227810,911240,1664,295,1180,1015.0,0.0,1015.0,1129,1129,664.2135593220339,23,0,1000000,3000,4
227901,227901,911604,1665,91,364,613.0,0.0,613.0,688,688,393.9340659340659,14,0,1000000,3000,4
228086,228086,912344,1666,185,740,1143.0,0.0,1143.0,1236,1236,653.7135135135135,25,0,1000000,3000,4
228192,228192,912768,1667,106,424,592.0,0.0,592.0,670,670,403.3490566037736,14,0,1000000,3000,4
228275,228275,913100,1668,83,332,629.0,0.0,629.0,702,702,384.3614457831325,15,0,1000000,3000,4
228456,228456,913824,1669,181,724,1323.0,0.0,1323.0,1415,1415,685.0718232044198,29,0,1000000,3000,4
228621,228621,914484,1670,165,660,1343.0,0.0,1343.0,1434,1434,709.7878787878788,29,0,1000000,3000,4
228858,228858,915432,1671,237,948,1419.0,0.0,1419.0,1523,1523,778.493670886076,31,0,1000000,3000,4
228894,228894,915576,1672,36,144,240.0,0.0,240.0,304,304,160.69444444444446,7,0,1000000,3000,4
229045,229045,916180,1673,151,604,813.0,0.0,813.0,898,899,575.2119205298013,18,0,1000000,3000,4
229237,229237,916948,1674,192,768,1343.0,0.0,1343.0,1439,1439,672.8229166666666,29,0,1000000,3000,4
229541,229541,918164,1675,304,1216,1319.0,0.0,1319.0,1437,1437,720.4769736842105,29,0,1000000,3000,4
229576,229576,918304,1676,35,140,242.0,0.0,242.0,306,306,154.02857142857144,7,0,1000000,3000,4
229618,229618,918472,1677,42,168,230.0,0.0,230.0,295,295,163.88095238095238,6,0,1000000,3000,4
229652,229652,918608,1678,34,136,244.0,0.0,244.0,307,307,161.2058823529412,7,0,1000000,3000,4
229690,229690,918760,1679,38,152,237.0,0.0,237.0,301,301,159.07894736842104,7,0,1000000,3000,4
229898,229898,919592,1680,208,832,1128.0,0.0,1128.0,1226,1226,642.4807692307693,25,0,1000000,3000,4
229936,229936,919744,1681,38,152,236.0,0.0,236.0,300,300,153.26315789473685,7,0,1000000,3000,4
230135,230135,920540,1682,199,796,1042.0,0.0,1042.0,1138,1138,621.9547738693467,23,0,1000000,3000,4
230314,230314,921256,1683,179,716,783.0,0.0,783.0,875,875,506.76536312849163,18,0,1000000,3000,4
230345,230345,921380,1684,31,124,250.0,0.0,250.0,314,314,155.03225806451613,7,0,1000000,3000,4
230458,230458,921832,1685,113,452,629.0,0.0,629.0,709,709,371.6106194690266,15,0,1000000,3000,4
230660,230660,922640,1686,202,808,1040.0,0.0,1040.0,1137,1137,564.7376237623762,23,0,1000000,3000,4
230866,230866,923464,1687,206,824,784.0,0.0,784.0,882,882,527.5,18,0,1000000,3000,4
231040,231040,924160,1688,174,696,1034.0,0.0,1034.0,1124,1124,620.971264367816,23,0,1000000,3000,4
231151,231151,924604,1689,111,444,603.0,0.0,603.0,681,681,393.18918918918916,14,0,1000000,3000,4
231302,231302,925208,1690,151,604,1049.0,0.0,1049.0,1136,1136,550.3377483443709,23,0,1000000,3000,4
231399,231399,925596,1691,97,388,615.0,0.0,615.0,690,690,381.89690721649487,14,0,1000000,3000,4
231443,231443,925772,1692,44,176,224.0,0.0,224.0,289,289,162.36363636363637,6,0,1000000,3000,4
231600,231600,926400,1693,157,628,812.0,0.0,812.0,898,898,561.0828025477707,18,0,1000000,3000,4
231839,231839,927356,1694,239,956,1024.0,0.0,1024.0,1126,1126,635.7196652719665,23,0,1000000,3000,4
231928,231928,927712,1695,89,356,616.0,0.0,616.0,689,689,336.13483146067415,14,0,1000000,3000,4
232171,232171,928684,1696,243,972,1033.0,0.0,1033.0,1138,1138,704.6625514403293,23,0,1000000,3000,4
232272,232272,929088,1697,101,404,621.0,0.0,621.0,698,698,379.26732673267327,14,0,1000000,3000,4
232371,232371,929484,1698,99,396,627.0,0.0,627.0,703,703,384.52525252525254,15,0,1000000,3000,4
232472,232472,929888,1699,101,404,617.0,0.0,617.0,693,693,366.8514851485148,14,0,1000000,3000,4
232707,232707,930828,1700,235,940,1308.0,0.0,1308.0,1410,1410,719.6553191489362,29,0,1000000,3000,4
232946,232946,931784,1701,239,956,1022.0,0.0,1022.0,1124,1124,622.744769874477,23,0,1000000,3000,4
233064,233064,932256,1702,118,472,614.0,0.0,614.0,694,694,375.635593220339,14,0,1000000,3000,4
233102,233102,932408,1703,38,152,245.0,0.0,245.0,310,310,141.44736842105263,7,0,1000000,3000,4
233289,233289,933156,1704,187,748,1045.0,0.0,1045.0,1139,1139,651.9090909090909,23,0,1000000,3000,4
233322,233322,933288,1705,33,132,251.0,0.0,251.0,315,315,143.72727272727272,7,0,1000000,3000,4
233545,233545,934180,1706,223,892,1027.0,0.0,1027.0,1126,1126,666.3587443946188,23,0,1000000,3000,4
233865,233865,935460,1707,320,1280,1005.0,0.0,1005.0,1123,1123,667.340625,23,0,1000000,3000,4
233902,233902,935608,1708,37,148,249.0,0.0,249.0,314,314,143.40540540540542,7,0,1000000,3000,4
233941,233941,935764,1709,39,156,234.0,0.0,234.0,298,298,158.02564102564102,6,0,1000000,3000,4
233982,233982,935928,1710,41,164,236.0,0.0,236.0,302,302,154.3658536585366,7,0,1000000,3000,4
234319,234319,937276,1711,337,1348,1288.0,0.0,1288.0,1410,1410,750.3115727002968,29,0,1000000,3000,4
234472,234472,937888,1712,153,612,637.0,0.0,637.0,722,723,508.9019607843137,15,0,1000000,3000,4
234666,234666,938664,1713,194,776,1041.0,0.0,1041.0,1136,1136,625.4536082474227,23,0,1000000,3000,4
234739,234739,938956,1714,73,292,608.0,0.0,608.0,680,680,326.4657534246575,14,0,1000000,3000,4
234979,234979,939916,1715,240,960,1316.0,0.0,1316.0,1420,1420,737.2083333333334,29,0,1000000,3000,4
235076,235076,940304,1716,97,388,611.0,0.0,611.0,687,687,351.2061855670103,14,0,1000000,3000,4
235207,235207,940828,1717,131,524,594.0,0.0,594.0,678,678,453.5496183206107,14,0,1000000,3000,4
235357,235357,941428,1718,150,600,1063.0,0.0,1063.0,1150,1150,572.6933333333334,24,0,1000000,3000,4
235578,235578,942312,1719,221,884,1419.0,0.0,1419.0,1520,1520,669.8461538461538,31,0,1000000,3000,4
235695,235695,942780,1720,117,468,603.0,0.0,603.0,683,683,373.9059829059829,14,0,1000000,3000,4
235806,235806,943224,1721,111,444,615.0,0.0,615.0,694,694,368.35135135135135,14,0,1000000,3000,4
235838,235838,943352,1722,32,128,241.0,0.0,241.0,305,305,158.53125,7,0,1000000,3000,4
235887,235887,943548,1723,49,196,208.0,0.0,208.0,273,273,169.44897959183675,6,0,1000000,3000,4
236130,236130,944520,1724,243,972,1034.0,0.0,1034.0,1139,1139,692.7818930041152,23,0,1000000,3000,4
236380,236380,945520,1725,250,1000,1023.0,0.0,1023.0,1128,1128,616.632,23,0,1000000,3000,4
236410,236410,945640,1726,30,120,244.0,0.0,244.0,307,307,164.83333333333334,7,0,1000000,3000,4
236443,236443,945772,1727,33,132,242.0,0.0,242.0,305,305,165.6969696969697,7,0,1000000,3000,4
236542,236542,946168,1728,99,396,590.0,0.0,590.0,666,666,417.8181818181818,14,0,1000000,3000,4
236587,236587,946348,1729,45,180,228.0,0.0,228.0,293,293,155.17777777777778,6,0,1000000,3000,4
236628,236628,946512,1730,41,164,232.0,0.0,232.0,296,296,162.65853658536585,6,0,1000000,3000,4
236799,236799,947196,1731,171,684,1035.0,0.0,1035.0,1125,1125,573.8654970760234,23,0,1000000,3000,4
236928,236928,947712,1732,129,516,753.0,0.0,753.0,835,835,481.37984496124034,17,0,1000000,3000,4
237022,237022,948088,1733,94,376,627.0,0.0,627.0,702,702,369.43617021276594,15,0,1000000,3000,4
237274,237274,949096,1734,252,1008,1029.0,0.0,1029.0,1136,1136,690.75,23,0,1000000,3000,4
237511,237511,950044,1735,237,948,1021.0,0.0,1021.0,1123,1123,612.7426160337553,23,0,1000000,3000,4
237671,237671,950684,1736,160,640,635.0,0.0,635.0,722,722,466.3,15,0,1000000,3000,4
237713,237713,950852,1737,42,168,234.0,0.0,234.0,299,299,160.54761904761904,6,0,1000000,3000,4
237834,237834,951336,1738,121,484,622.0,0.0,622.0,703,703,361.57851239669424,15,0,1000000,3000,4
238287,238287,953148,1739,453,1812,753.0,0.0,753.0,898,898,663.719646799117,18,0,1000000,3000,4
238632,238632,954528,1740,345,1380,1001.0,0.0,1001.0,1124,1124,704.8782608695652,23,0,1000000,3000,4
238814,238814,955256,1741,182,728,807.0,0.0,807.0,898,899,543.6978021978022,18,0,1000000,3000,4
239559,239559,958236,1742,745,2980,946.0,0.0,946.0,1152,1152,722.6590604026845,24,0,1000000,3000,4
239732,239732,958928,1743,173,692,712.0,0.0,712.0,803,803,557.8612716763006,17,0,1000000,3000,4
239904,239904,959616,1744,172,688,769.0,0.0,769.0,861,861,510.1453488372093,18,0,1000000,3000,4
240276,240276,961104,1745,372,1488,1285.0,0.0,1285.0,1415,1415,763.9381720430108,29,0,1000000,3000,4
240316,240316,961264,1746,40,160,244.0,0.0,244.0,309,309,144.525,7,0,1000000,3000,4
240803,240803,963212,1747,487,1948,679.0,0.0,679.0,833,833,639.5749486652977,17,0,1000000,3000,4
240848,240848,963392,1748,45,180,221.0,0.0,221.0,286,286,163.35555555555555,6,0,1000000,3000,4
241028,241028,964112,1749,180,720,632.0,0.0,632.0,722,722,455.1388888888889,15,0,1000000,3000,4
241188,241188,964752,1750,160,640,1346.0,0.0,1346.0,1435,1435,641.73125,29,0,1000000,3000,4
241307,241307,965228,1751,119,476,573.0,0.0,573.0,652,652,400.7731092436975,14,0,1000000,3000,4
241351,241351,965404,1752,44,176,231.0,0.0,231.0,297,297,139.8409090909091,6,0,1000000,3000,4
241547,241547,966188,1753,196,784,753.0,0.0,753.0,849,849,504.734693877551,17,0,1000000,3000,4
241594,241594,966376,1754,47,188,229.0,0.0,229.0,294,294,149.06382978723406,6,0,1000000,3000,4
241645,241645,966580,1755,51,204,207.0,0.0,207.0,273,273,166.2156862745098,6,0,1000000,3000,4
241692,241692,966768,1756,47,188,225.0,0.0,225.0,291,291,144.9787234042553,6,0,1000000,3000,4
241820,241820,967280,1757,128,512,573.0,0.0,573.0,654,654,386.2421875,14,0,1000000,3000,4
241866,241866,967464,1758,46,184,225.0,0.0,225.0,290,290,149.45652173913044,6,0,1000000,3000,4
242345,242345,969380,1759,479,1916,975.0,0.0,975.0,1126,1126,785.1356993736952,23,0,1000000,3000,4
242387,242387,969548,1760,42,168,239.0,0.0,239.0,305,305,136.97619047619048,7,0,1000000,3000,4
242492,242492,969968,1761,105,420,627.0,0.0,627.0,705,705,324.0095238095238,15,0,1000000,3000,4
242880,242880,971520,1762,388,1552,990.0,0.0,990.0,1122,1122,713.4407216494845,23,0,1000000,3000,4
242994,242994,971976,1763,114,456,622.0,0.0,622.0,702,702,313.2719298245614,15,0,1000000,3000,4
243108,243108,972432,1764,114,456,628.0,0.0,628.0,706,706,354.859649122807,15,0,1000000,3000,4
243179,243179,972716,1765,71,284,181.0,0.0,181.0,251,251,157.95774647887325,6,0,1000000,3000,4
243468,243468,973872,1766,289,1156,1011.0,0.0,1011.0,1123,1123,526.0968858131488,23,0,1000000,3000,4
244230,244230,976920,1767,762,3048,1428.0,0.0,1428.0,1636,1636,861.2165354330708,33,0,1000000,3000,4
244393,244393,977572,1768,163,652,1040.0,0.0,1040.0,1127,1127,563.760736196319,23,0,1000000,3000,4
244639,244639,978556,1769,246,984,1305.0,0.0,1305.0,1411,1411,704.80081300813,29,0,1000000,3000,4
244864,244864,979456,1770,225,900,1127.0,0.0,1127.0,1227,1227,681.7022222222222,25,0,1000000,3000,4
245127,245127,980508,1771,263,1052,1326.0,0.0,1326.0,1436,1436,690.9733840304183,29,0,1000000,3000,4
245236,245236,980944,1772,109,436,615.0,0.0,615.0,694,694,364.5596330275229,14,0,1000000,3000,4
245274,245274,981096,1773,38,152,240.0,0.0,240.0,305,305,152.02631578947367,7,0,1000000,3000,4
245389,245389,981556,1774,115,460,595.0,0.0,595.0,674,674,373.96521739130435,14,0,1000000,3000,4
245808,245808,983232,1775,419,1676,1294.0,0.0,1294.0,1435,1435,712.6205250596659,29,0,1000000,3000,4
245858,245858,983432,1776,50,200,220.0,0.0,220.0,286,286,150.3,6,0,1000000,3000,4
246029,246029,984116,1777,171,684,633.0,0.0,633.0,722,723,481.16959064327483,15,0,1000000,3000,4
246068,246068,984272,1778,39,156,244.0,0.0,244.0,309,309,140.56410256410257,7,0,1000000,3000,4
246222,246222,984888,1779,154,616,727.0,0.0,727.0,815,815,479.74675324675326,17,0,1000000,3000,4
246268,246268,985072,1780,46,184,236.0,0.0,236.0,301,301,142.7608695652174,7,0,1000000,3000,4
246429,246429,985716,1781,161,644,635.0,0.0,635.0,722,722,470.85093167701865,15,0,1000000,3000,4
246599,246599,986396,1782,170,680,810.0,0.0,810.0,898,898,575.9117647058823,18,0,1000000,3000,4
246718,246718,986872,1783,119,476,612.0,0.0,612.0,693,693,360.9579831932773,14,0,1000000,3000,4
247000,247000,988000,1784,282,1128,1406.0,0.0,1406.0,1519,1519,696.3049645390071,31,0,1000000,3000,4
247254,247254,989016,1785,254,1016,1032.0,0.0,1032.0,1139,1139,610.0275590551181,23,0,1000000,3000,4
247461,247461,989844,1786,207,828,1127.0,0.0,1127.0,1224,1224,645.975845410628,25,0,1000000,3000,4
247549,247549,990196,1787,88,352,606.0,0.0,606.0,681,681,305.72727272727275,14,0,1000000,3000,4
247820,247820,991280,1788,271,1084,1125.0,0.0,1125.0,1236,1236,648.5867158671587,25,0,1000000,3000,4
247902,247902,991608,1789,82,328,633.0,0.0,633.0,707,707,363.9756097560976,15,0,1000000,3000,4
248084,248084,992336,1790,182,728,1039.0,0.0,1039.0,1131,1131,583.9120879120879,23,0,1000000,3000,4
248172,248172,992688,1791,88,352,626.0,0.0,626.0,701,701,364.02272727272725,15,0,1000000,3000,4
248202,248202,992808,1792,30,120,248.0,0.0,248.0,311,311,160.16666666666666,7,0,1000000,3000,4
248305,248305,993220,1793,103,412,628.0,0.0,628.0,706,706,361.86407766990294,15,0,1000000,3000,4
248471,248471,993884,1794,166,664,730.0,0.0,730.0,819,819,469.5120481927711,17,0,1000000,3000,4
248676,248676,994704,1795,205,820,1568.0,0.0,1568.0,1666,1666,827.5463414634146,34,0,1000000,3000,4
248869,248869,995476,1796,193,772,753.0,0.0,753.0,848,848,510.9896373056995,17,0,1000000,3000,4
248908,248908,995632,1797,39,156,234.0,0.0,234.0,299,299,157.82051282051282,6,0,1000000,3000,4
249201,249201,996804,1798,293,1172,1023.0,0.0,1023.0,1138,1138,682.160409556314,23,0,1000000,3000,4
249238,249238,996952,1799,37,148,236.0,0.0,236.0,300,300,165.32432432432432,7,0,1000000,3000,4
249481,249481,997924,1800,243,972,1032.0,0.0,1032.0,1137,1137,669.0288065843621,23,0,1000000,3000,4
249524,249524,998096,1801,43,172,231.0,0.0,231.0,296,296,156.95348837209303,6,0,1000000,3000,4
249850,249850,999400,1802,326,1304,1015.0,0.0,1015.0,1136,1136,690.4938650306749,23,0,1000000,3000,4
250077,250077,1000308,1803,227,908,1128.0,0.0,1128.0,1229,1229,752.1101321585903,25,0,1000000,3000,4
250318,250318,1001272,1804,241,964,795.0,0.0,795.0,898,899,691.5684647302904,18,0,1000000,3000,4
250451,250451,1001804,1805,133,532,588.0,0.0,588.0,671,671,377.2406015037594,14,0,1000000,3000,4
250567,250567,1002268,1806,116,464,613.0,0.0,613.0,693,693,376.8965517241379,14,0,1000000,3000,4
250811,250811,1003244,1807,244,976,1145.0,0.0,1145.0,1249,1249,671.4467213114754,25,0,1000000,3000,4
250898,250898,1003592,1808,87,348,628.0,0.0,628.0,702,702,363.6551724137931,15,0,1000000,3000,4
250949,250949,1003796,1809,51,204,218.0,0.0,218.0,284,284,155.41176470588235,6,0,1000000,3000,4
251323,251323,1005292,1810,374,1496,1890.0,0.0,1890.0,2022,2022,876.144385026738,41,0,1000000,3000,4
251472,251472,1005888,1811,149,596,778.0,0.0,778.0,865,865,514.4697986577181,18,0,1000000,3000,4
251736,251736,1006944,1812,264,1056,751.0,0.0,751.0,861,861,609.1931818181819,18,0,1000000,3000,4
251884,251884,1007536,1813,148,592,638.0,0.0,638.0,722,723,494.18243243243245,15,0,1000000,3000,4
252007,252007,1008028,1814,123,492,589.0,0.0,589.0,670,670,402.520325203252,14,0,1000000,3000,4
252050,252050,1008200,1815,43,172,231.0,0.0,231.0,296,296,157.72093023255815,6,0,1000000,3000,4
252218,252218,1008872,1816,168,672,593.0,0.0,593.0,683,683,463.01785714285717,14,0,1000000,3000,4
252525,252525,1010100,1817,307,1228,733.0,0.0,733.0,851,851,577.8273615635179,18,0,1000000,3000,4
252564,252564,1010256,1818,39,156,235.0,0.0,235.0,299,299,156.35897435897436,6,0,1000000,3000,4
252678,252678,1010712,1819,114,456,592.0,0.0,592.0,671,671,391.9736842105263,14,0,1000000,3000,4
252817,252817,1011268,1820,139,556,1044.0,0.0,1044.0,1127,1127,616.2374100719425,23,0,1000000,3000,4
253009,253009,1012036,1821,192,768,1036.0,0.0,1036.0,1130,1130,570.78125,23,0,1000000,3000,4
253135,253135,1012540,1822,126,504,743.0,0.0,743.0,824,824,472.06349206349205,17,0,1000000,3000,4
253179,253179,1012716,1823,44,176,222.0,0.0,222.0,288,288,165.04545454545453,6,0,1000000,3000,4
253394,253394,1013576,1824,215,860,1322.0,0.0,1322.0,1422,1422,676.6046511627907,29,0,1000000,3000,4
253562,253562,1014248,1825,168,672,1040.0,0.0,1040.0,1129,1129,602.7083333333334,23,0,1000000,3000,4
253812,253812,1015248,1826,250,1000,1682.0,0.0,1682.0,1788,1788,861.308,36,0,1000000,3000,4
253973,253973,1015892,1827,161,644,1048.0,0.0,1048.0,1136,1136,687.416149068323,23,0,1000000,3000,4
254188,254188,1016752,1828,215,860,1030.0,0.0,1030.0,1128,1128,622.5767441860465,23,0,1000000,3000,4
254280,254280,1017120,1829,92,368,591.0,0.0,591.0,666,666,421.05434782608694,14,0,1000000,3000,4
254315,254315,1017260,1830,35,140,236.0,0.0,236.0,298,298,161.17142857142858,6,0,1000000,3000,4
254637,254637,1018548,1831,322,1288,1401.0,0.0,1401.0,1523,1523,773.6770186335403,31,0,1000000,3000,4
254909,254909,1019636,1832,272,1088,1321.0,0.0,1321.0,1433,1433,724.2352941176471,29,0,1000000,3000,4
255022,255022,1020088,1833,113,452,590.0,0.0,590.0,669,669,395.0,14,0,1000000,3000,4
255133,255133,1020532,1834,111,444,606.0,0.0,606.0,684,684,374.9549549549549,14,0,1000000,3000,4
255173,255173,1020692,1835,40,160,225.0,0.0,225.0,290,290,160.025,6,0,1000000,3000,4
255212,255212,1020848,1836,39,156,241.0,0.0,241.0,306,306,151.64102564102564,7,0,1000000,3000,4
255409,255409,1021636,1837,197,788,1331.0,0.0,1331.0,1427,1427,719.0862944162436,29,0,1000000,3000,4
255563,255563,1022252,1838,154,616,1037.0,0.0,1037.0,1122,1122,591.7337662337662,23,0,1000000,3000,4
255799,255799,1023196,1839,236,944,1312.0,0.0,1312.0,1415,1415,732.042372881356,29,0,1000000,3000,4
255886,255886,1023544,1840,87,348,629.0,0.0,629.0,704,704,366.82758620689657,15,0,1000000,3000,4
255973,255973,1023892,1841,87,348,620.0,0.0,620.0,695,695,336.9425287356322,14,0,1000000,3000,4
256114,256114,1024456,1842,141,564,639.0,0.0,639.0,722,722,509.1489361702128,15,0,1000000,3000,4
256157,256157,1024628,1843,43,172,227.0,0.0,227.0,291,291,162.1860465116279,6,0,1000000,3000,4
256451,256451,1025804,1844,294,1176,1387.0,0.0,1387.0,1500,1500,777.8979591836735,31,0,1000000,3000,4
256546,256546,1026184,1845,95,380,603.0,0.0,603.0,678,678,396.0842105263158,14,0,1000000,3000,4
256590,256590,1026360,1846,44,176,234.0,0.0,234.0,300,300,150.0681818181818,7,0,1000000,3000,4
256736,256736,1026944,1847,146,584,1039.0,0.0,1039.0,1123,1123,632.5753424657535,23,0,1000000,3000,4
256827,256827,1027308,1848,91,364,603.0,0.0,603.0,678,678,399.6373626373626,14,0,1000000,3000,4
256866,256866,1027464,1849,39,156,233.0,0.0,233.0,297,297,169.23076923076923,6,0,1000000,3000,4
256970,256970,1027880,1850,104,416,619.0,0.0,619.0,696,696,363.3269230769231,14,0,1000000,3000,4
257203,257203,1028812,1851,233,932,1313.0,0.0,1313.0,1414,1414,676.5450643776824,29,0,1000000,3000,4
257248,257248,1028992,1852,45,180,220.0,0.0,220.0,286,286,164.84444444444443,6,0,1000000,3000,4
257290,257290,1029160,1853,42,168,223.0,0.0,223.0,288,288,169.11904761904762,6,0,1000000,3000,4
257406,257406,1029624,1854,116,464,604.0,0.0,604.0,684,684,381.8103448275862,14,0,1000000,3000,4
257490,257490,1029960,1855,84,336,618.0,0.0,618.0,692,692,335.0238095238095,14,0,1000000,3000,4
257583,257583,1030332,1856,93,372,631.0,0.0,631.0,706,706,345.1290322580645,15,0,1000000,3000,4
257690,257690,1030760,1857,107,428,728.0,0.0,728.0,807,807,390.66355140186914,17,0,1000000,3000,4
257812,257812,1031248,1858,122,488,595.0,0.0,595.0,676,676,380.1885245901639,14,0,1000000,3000,4
257944,257944,1031776,1859,132,528,609.0,0.0,609.0,693,693,345.70454545454544,14,0,1000000,3000,4
258068,258068,1032272,1860,124,496,608.0,0.0,608.0,690,690,375.56451612903226,14,0,1000000,3000,4
258415,258415,1033660,1861,347,1388,1302.0,0.0,1302.0,1427,1427,724.7780979827089,29,0,1000000,3000,4
258542,258542,1034168,1862,127,508,600.0,0.0,600.0,681,681,376.0866141732283,14,0,1000000,3000,4
258655,258655,1034620,1863,113,452,619.0,0.0,619.0,698,698,370.5575221238938,14,0,1000000,3000,4
258906,258906,1035624,1864,251,1004,1302.0,0.0,1302.0,1409,1409,685.98406374502,29,0,1000000,3000,4
259000,259000,1036000,1865,94,376,608.0,0.0,608.0,683,683,323.6170212765957,14,0,1000000,3000,4
259226,259226,1036904,1866,226,904,1024.0,0.0,1024.0,1125,1125,649.7522123893805,23,0,1000000,3000,4
259304,259304,1037216,1867,78,312,623.0,0.0,623.0,696,696,356.8205128205128,14,0,1000000,3000,4
259344,259344,1037376,1868,40,160,234.0,0.0,234.0,298,298,161.3,6,0,1000000,3000,4
259453,259453,1037812,1869,109,436,730.0,0.0,730.0,809,809,417.697247706422,17,0,1000000,3000,4
259748,259748,1038992,1870,295,1180,1680.0,0.0,1680.0,1796,1796,838.728813559322,36,0,1000000,3000,4
259783,259783,1039132,1871,35,140,245.0,0.0,245.0,308,308,156.8,7,0,1000000,3000,4
259819,259819,1039276,1872,36,144,231.0,0.0,231.0,294,294,171.11111111111111,6,0,1000000,3000,4
259855,259855,1039420,1873,36,144,244.0,0.0,244.0,309,309,148.38888888888889,7,0,1000000,3000,4
260043,260043,1040172,1874,188,752,1338.0,0.0,1338.0,1433,1433,663.1968085106383,29,0,1000000,3000,4
260075,260075,1040300,1875,32,128,245.0,0.0,245.0,309,309,149.625,7,0,1000000,3000,4
260259,260259,1041036,1876,184,736,1045.0,0.0,1045.0,1138,1138,598.5326086956521,23,0,1000000,3000,4
260421,260421,1041684,1877,162,648,811.0,0.0,811.0,898,898,549.3518518518518,18,0,1000000,3000,4
260513,260513,1042052,1878,92,368,623.0,0.0,623.0,698,698,384.3695652173913,14,0,1000000,3000,4
260621,260621,1042484,1879,108,432,611.0,0.0,611.0,689,689,392.1296296296296,14,0,1000000,3000,4
260655,260655,1042620,1880,34,136,243.0,0.0,243.0,307,307,152.08823529411765,7,0,1000000,3000,4
260685,260685,1042740,1881,30,120,245.0,0.0,245.0,309,309,157.56666666666666,7,0,1000000,3000,4
260900,260900,1043600,1882,215,860,1340.0,0.0,1340.0,1440,1440,743.1116279069768,29,0,1000000,3000,4
261033,261033,1044132,1883,133,532,817.0,0.0,817.0,898,898,581.1127819548872,18,0,1000000,3000,4
261160,261160,1044640,1884,127,508,818.0,0.0,818.0,898,898,588.0708661417323,18,0,1000000,3000,4
261328,261328,1045312,1885,168,672,810.0,0.0,810.0,898,898,549.2857142857143,18,0,1000000,3000,4
261359,261359,1045436,1886,31,124,243.0,0.0,243.0,307,307,160.74193548387098,7,0,1000000,3000,4
261518,261518,1046072,1887,159,636,759.0,0.0,759.0,848,848,513.5534591194969,17,0,1000000,3000,4
261559,261559,1046236,1888,41,164,227.0,0.0,227.0,292,292,170.97560975609755,6,0,1000000,3000,4
261756,261756,1047024,1889,197,788,1581.0,0.0,1581.0,1677,1677,783.6497461928934,34,0,1000000,3000,4
261844,261844,1047376,1890,88,352,616.0,0.0,616.0,689,689,343.77272727272725,14,0,1000000,3000,4
262041,262041,1048164,1891,197,788,1565.0,0.0,1565.0,1661,1661,807.2335025380711,34,0,1000000,3000,4
262108,262108,1048432,1892,67,268,611.0,0.0,611.0,680,680,333.53731343283584,14,0,1000000,3000,4
262141,262141,1048564,1893,33,132,238.0,0.0,238.0,301,301,167.36363636363637,7,0,1000000,3000,4
262173,262173,1048692,1894,32,128,239.0,0.0,239.0,303,303,162.40625,7,0,1000000,3000,4
262486,262486,1049944,1895,313,1252,1402.0,0.0,1402.0,1522,1522,749.0543130990416,31,0,1000000,3000,4
262650,262650,1050600,1896,164,656,600.0,0.0,600.0,688,688,477.3353658536585,14,0,1000000,3000,4
262744,262744,1050976,1897,94,376,613.0,0.0,613.0,688,688,407.1808510638298,14,0,1000000,3000,4
262958,262958,1051832,1898,214,856,625.0,0.0,625.0,722,722,511.1542056074766,15,0,1000000,3000,4
262991,262991,1051964,1899,33,132,247.0,0.0,247.0,311,311,149.36363636363637,7,0,1000000,3000,4
263021,263021,1052084,1900,30,120,244.0,0.0,244.0,308,308,155.5,7,0,1000000,3000,4
263123,263123,1052492,1901,102,408,592.0,0.0,592.0,669,669,414.5882352941176,14,0,1000000,3000,4
263283,263283,1053132,1902,160,640,635.0,0.0,635.0,722,722,472.0875,15,0,1000000,3000,4
263356,263356,1053424,1903,73,292,612.0,0.0,612.0,683,683,333.1506849315069,14,0,1000000,3000,4
263391,263391,1053564,1904,35,140,234.0,0.0,234.0,297,297,172.4,6,0,1000000,3000,4
263528,263528,1054112,1905,137,548,1045.0,0.0,1045.0,1128,1128,598.4890510948906,23,0,1000000,3000,4
263731,263731,1054924,1906,203,812,714.0,0.0,714.0,812,812,538.4532019704434,17,0,1000000,3000,4
264032,264032,1056128,1907,301,1204,1010.0,0.0,1010.0,1126,1126,761.3654485049834,23,0,1000000,3000,4
264206,264206,1056824,1908,174,696,1043.0,0.0,1043.0,1134,1134,558.9425287356322,23,0,1000000,3000,4
264517,264517,1058068,1909,311,1244,1018.0,0.0,1018.0,1137,1137,725.6913183279743,23,0,1000000,3000,4
264759,264759,1059036,1910,242,968,1305.0,0.0,1305.0,1410,1410,699.9132231404959,29,0,1000000,3000,4
264943,264943,1059772,1911,184,736,807.0,0.0,807.0,898,898,547.625,18,0,1000000,3000,4
265049,265049,1060196,1912,106,424,598.0,0.0,598.0,676,676,393.20754716981133,14,0,1000000,3000,4
265087,265087,1060348,1913,38,152,239.0,0.0,239.0,302,302,155.92105263157896,7,0,1000000,3000,4
265128,265128,1060512,1914,41,164,228.0,0.0,228.0,292,292,167.4878048780488,6,0,1000000,3000,4
265228,265228,1060912,1915,100,400,597.0,0.0,597.0,674,674,410.39,14,0,1000000,3000,4
265280,265280,1061120,1916,52,208,214.0,0.0,214.0,280,280,153.26923076923077,6,0,1000000,3000,4
265315,265315,1061260,1917,35,140,241.0,0.0,241.0,304,304,162.2,7,0,1000000,3000,4
265354,265354,1061416,1918,39,156,228.0,0.0,228.0,292,292,171.2051282051282,6,0,1000000,3000,4
265499,265499,1061996,1919,145,580,1041.0,0.0,1041.0,1125,1125,550.5448275862069,23,0,1000000,3000,4
265768,265768,1063072,1920,269,1076,1413.0,0.0,1413.0,1523,1523,732.182156133829,31,0,1000000,3000,4
265924,265924,1063696,1921,156,624,619.0,0.0,619.0,707,707,470.21794871794873,15,0,1000000,3000,4
266125,266125,1064500,1922,201,804,1040.0,0.0,1040.0,1137,1137,616.4129353233831,23,0,1000000,3000,4
266217,266217,1064868,1923,92,368,620.0,0.0,620.0,695,695,377.7826086956522,14,0,1000000,3000,4
266330,266330,1065320,1924,113,452,1163.0,0.0,1163.0,1243,1243,615.2477876106195,25,0,1000000,3000,4
266368,266368,1065472,1925,38,152,236.0,0.0,236.0,300,300,162.05263157894737,7,0,1000000,3000,4
266445,266445,1065780,1926,77,308,652.0,0.0,652.0,722,722,367.4025974025974,15,0,1000000,3000,4
266539,266539,1066156,1927,94,376,618.0,0.0,618.0,692,692,382.32978723404256,14,0,1000000,3000,4
266703,266703,1066812,1928,164,656,757.0,0.0,757.0,845,845,546.670731707317,17,0,1000000,3000,4
267044,267044,1068176,1929,341,1364,1004.0,0.0,1004.0,1128,1128,766.6158357771261,23,0,1000000,3000,4
267146,267146,1068584,1930,102,408,589.0,0.0,589.0,666,666,410.5098039215686,14,0,1000000,3000,4
267184,267184,1068736,1931,38,152,237.0,0.0,237.0,301,301,153.42105263157896,7,0,1000000,3000,4
267230,267230,1068920,1932,46,184,217.0,0.0,217.0,284,284,166.97826086956522,6,0,1000000,3000,4
267372,267372,1069488,1933,142,568,737.0,0.0,737.0,823,823,498.51408450704224,17,0,1000000,3000,4
267407,267407,1069628,1934,35,140,245.0,0.0,245.0,307,307,159.65714285714284,7,0,1000000,3000,4
267593,267593,1070372,1935,186,744,1319.0,0.0,1319.0,1412,1412,689.763440860215,29,0,1000000,3000,4
267672,267672,1070688,1936,79,316,611.0,0.0,611.0,684,684,322.88607594936707,14,0,1000000,3000,4
267710,267710,1070840,1937,38,152,239.0,0.0,239.0,302,302,163.73684210526315,7,0,1000000,3000,4
267819,267819,1071276,1938,109,436,633.0,0.0,633.0,711,711,373.91743119266056,15,0,1000000,3000,4
267851,267851,1071404,1939,32,128,249.0,0.0,249.0,313,313,154.75,7,0,1000000,3000,4
268036,268036,1072144,1940,185,740,764.0,0.0,764.0,857,857,541.8324324324325,18,0,1000000,3000,4
268104,268104,1072416,1941,68,272,609.0,0.0,609.0,680,680,324.0882352941176,14,0,1000000,3000,4
268190,268190,1072760,1942,86,344,620.0,0.0,620.0,695,695,341.0348837209302,14,0,1000000,3000,4
268382,268382,1073528,1943,192,768,1031.0,0.0,1031.0,1124,1124,586.25,23,0,1000000,3000,4
268484,268484,1073936,1944,102,408,647.0,0.0,647.0,722,722,360.15686274509807,15,0,1000000,3000,4
268727,268727,1074908,1945,243,972,1913.0,0.0,1913.0,2019,2019,980.3868312757202,41,0,1000000,3000,4
268829,268829,1075316,1946,102,408,628.0,0.0,628.0,705,705,371.1372549019608,15,0,1000000,3000,4
268970,268970,1075880,1947,141,564,1042.0,0.0,1042.0,1126,1126,582.5390070921986,23,0,1000000,3000,4
269001,269001,1076004,1948,31,124,247.0,0.0,247.0,311,311,152.32258064516128,7,0,1000000,3000,4
269115,269115,1076460,1949,114,456,717.0,0.0,717.0,796,796,475.9824561403509,16,0,1000000,3000,4
269152,269152,1076608,1950,37,148,244.0,0.0,244.0,308,308,140.48648648648648,7,0,1000000,3000,4
269192,269192,1076768,1951,40,160,221.0,0.0,221.0,286,286,173.85,6,0,1000000,3000,4
269330,269330,1077320,1952,138,552,1068.0,0.0,1068.0,1153,1153,603.5,24,0,1000000,3000,4
269511,269511,1078044,1953,181,724,807.0,0.0,807.0,898,898,538.9889502762431,18,0,1000000,3000,4
269552,269552,1078208,1954,41,164,218.0,0.0,218.0,282,282,169.5609756097561,6,0,1000000,3000,4
269691,269691,1078764,1955,139,556,640.0,0.0,640.0,722,723,526.4748201438849,15,0,1000000,3000,4
269780,269780,1079120,1956,89,356,614.0,0.0,614.0,689,689,395.0112359550562,14,0,1000000,3000,4
269964,269964,1079856,1957,184,736,1036.0,0.0,1036.0,1128,1128,604.125,23,0,1000000,3000,4
269999,269999,1079996,1958,35,140,246.0,0.0,246.0,310,310,156.25714285714287,7,0,1000000,3000,4
270180,270180,1080720,1959,181,724,1339.0,0.0,1339.0,1433,1433,718.1491712707183,29,0,1000000,3000,4
270402,270402,1081608,1960,222,888,1332.0,0.0,1332.0,1434,1434,701.9504504504505,29,0,1000000,3000,4
270522,270522,1082088,1961,120,480,622.0,0.0,622.0,703,703,392.55833333333334,15,0,1000000,3000,4
270559,270559,1082236,1962,37,148,239.0,0.0,239.0,304,304,151.8918918918919,7,0,1000000,3000,4
270596,270596,1082384,1963,37,148,235.0,0.0,235.0,298,298,168.27027027027026,6,0,1000000,3000,4
270766,270766,1083064,1964,170,680,1036.0,0.0,1036.0,1126,1126,615.8352941176471,23,0,1000000,3000,4
270799,270799,1083196,1965,33,132,245.0,0.0,245.0,307,307,154.4848484848485,7,0,1000000,3000,4
270837,270837,1083348,1966,38,152,231.0,0.0,231.0,295,295,173.18421052631578,6,0,1000000,3000,4
271025,271025,1084100,1967,188,752,1033.0,0.0,1033.0,1126,1126,615.6914893617021,23,0,1000000,3000,4
271063,271063,1084252,1968,38,152,236.0,0.0,236.0,300,300,162.0,7,0,1000000,3000,4
271095,271095,1084380,1969,32,128,251.0,0.0,251.0,315,315,153.25,7,0,1000000,3000,4
271255,271255,1085020,1970,160,640,1039.0,0.0,1039.0,1127,1127,636.99375,23,0,1000000,3000,4
271412,271412,1085648,1971,157,628,742.0,0.0,742.0,831,831,516.2229299363057,17,0,1000000,3000,4
271622,271622,1086488,1972,210,840,1336.0,0.0,1336.0,1436,1436,746.9571428571429,29,0,1000000,3000,4
271836,271836,1087344,1973,214,856,1325.0,0.0,1325.0,1425,1425,702.4906542056075,29,0,1000000,3000,4
271877,271877,1087508,1974,41,164,231.0,0.0,231.0,296,296,158.14634146341464,6,0,1000000,3000,4
271964,271964,1087856,1975,87,348,616.0,0.0,616.0,691,691,339.51724137931035,14,0,1000000,3000,4
272005,272005,1088020,1976,41,164,219.0,0.0,219.0,283,283,177.8780487804878,6,0,1000000,3000,4
272306,272306,1089224,1977,301,1204,1681.0,0.0,1681.0,1799,1799,826.7541528239203,36,0,1000000,3000,4
272337,272337,1089348,1978,31,124,248.0,0.0,248.0,312,312,154.67741935483872,7,0,1000000,3000,4
272517,272517,1090068,1979,180,720,1039.0,0.0,1039.0,1130,1130,603.45,23,0,1000000,3000,4
272711,272711,1090844,1980,194,776,805.0,0.0,805.0,898,898,560.6185567010309,18,0,1000000,3000,4
272940,272940,1091760,1981,229,916,1678.0,0.0,1678.0,1781,1781,882.2794759825327,36,0,1000000,3000,4
272972,272972,1091888,1982,32,128,250.0,0.0,250.0,314,314,146.25,7,0,1000000,3000,4
273057,273057,1092228,1983,85,340,612.0,0.0,612.0,686,686,336.36470588235295,14,0,1000000,3000,4
273091,273091,1092364,1984,34,136,249.0,0.0,249.0,312,312,149.08823529411765,7,0,1000000,3000,4
273175,273175,1092700,1985,84,336,606.0,0.0,606.0,680,680,333.9047619047619,14,0,1000000,3000,4
273207,273207,1092828,1986,32,128,249.0,0.0,249.0,312,312,150.90625,7,0,1000000,3000,4
273319,273319,1093276,1987,112,448,628.0,0.0,628.0,707,707,388.58035714285717,15,0,1000000,3000,4
273351,273351,1093404,1988,32,128,247.0,0.0,247.0,311,311,151.96875,7,0,1000000,3000,4
273587,273587,1094348,1989,236,944,1337.0,0.0,1337.0,1442,1442,727.6101694915254,29,0,1000000,3000,4
273666,273666,1094664,1990,79,316,630.0,0.0,630.0,703,703,388.27848101265823,15,0,1000000,3000,4
273705,273705,1094820,1991,39,156,234.0,0.0,234.0,299,299,157.51282051282053,6,0,1000000,3000,4
273799,273799,1095196,1992,94,376,616.0,0.0,616.0,691,691,348.77659574468083,14,0,1000000,3000,4
273837,273837,1095348,1993,38,152,238.0,0.0,238.0,303,303,160.10526315789474,7,0,1000000,3000,4
273870,273870,1095480,1994,33,132,250.0,0.0,250.0,314,314,154.5151515151515,7,0,1000000,3000,4
274021,274021,1096084,1995,151,604,593.0,0.0,593.0,681,681,446.5364238410596,14,0,1000000,3000,4
274101,274101,1096404,1996,80,320,622.0,0.0,622.0,696,696,362.4,14,0,1000000,3000,4
274163,274163,1096652,1997,62,248,609.0,0.0,609.0,679,679,334.69354838709677,14,0,1000000,3000,4
274194,274194,1096776,1998,31,124,247.0,0.0,247.0,311,311,151.48387096774192,7,0,1000000,3000,4
274224,274224,1096896,1999,30,120,252.0,0.0,252.0,315,315,156.36666666666667,7,0,1000000,3000,4
274318,274318,1097272,2000,94,376,612.0,0.0,612.0,687,687,408.6595744680851,14,0,1000000,3000,4
274466,274466,1097864,2001,148,592,762.0,0.0,762.0,849,849,522.75,17,0,1000000,3000,4
274497,274497,1097988,2002,31,124,246.0,0.0,246.0,310,310,151.3548387096774,7,0,1000000,3000,4
274689,274689,1098756,2003,192,768,759.0,0.0,759.0,855,855,516.1666666666666,18,0,1000000,3000,4
274727,274727,1098908,2004,38,152,250.0,0.0,250.0,315,315,137.1578947368421,7,0,1000000,3000,4
274854,274854,1099416,2005,127,508,752.0,0.0,752.0,833,833,506.7716535433071,17,0,1000000,3000,4
274888,274888,1099552,2006,34,136,242.0,0.0,242.0,306,306,154.3235294117647,7,0,1000000,3000,4
274921,274921,1099684,2007,33,132,245.0,0.0,245.0,309,309,148.45454545454547,7,0,1000000,3000,4
275029,275029,1100116,2008,108,432,626.0,0.0,626.0,705,705,391.31481481481484,15,0,1000000,3000,4
275069,275069,1100276,2009,40,160,240.0,0.0,240.0,305,305,149.325,7,0,1000000,3000,4
275261,275261,1101044,2010,192,768,1055.0,0.0,1055.0,1151,1151,607.8854166666666,24,0,1000000,3000,4
275300,275300,1101200,2011,39,156,246.0,0.0,246.0,311,311,137.0,7,0,1000000,3000,4
275343,275343,1101372,2012,43,172,225.0,0.0,225.0,290,290,164.13953488372093,6,0,1000000,3000,4
275589,275589,1102356,2013,246,984,794.0,0.0,794.0,898,898,714.1829268292682,18,0,1000000,3000,4
275816,275816,1103264,2014,227,908,1336.0,0.0,1336.0,1439,1439,734.9295154185022,29,0,1000000,3000,4
275957,275957,1103828,2015,141,564,639.0,0.0,639.0,722,722,519.2127659574468,15,0,1000000,3000,4
276187,276187,1104748,2016,230,920,1315.0,0.0,1315.0,1415,1415,681.2782608695652,29,0,1000000,3000,4
276344,276344,1105376,2017,157,628,618.0,0.0,618.0,706,706,455.4012738853503,15,0,1000000,3000,4
276651,276651,1106604,2018,307,1228,1019.0,0.0,1019.0,1136,1136,722.4625407166124,23,0,1000000,3000,4
276749,276749,1106996,2019,98,392,602.0,0.0,602.0,678,678,388.01020408163265,14,0,1000000,3000,4
276852,276852,1107408,2020,103,412,608.0,0.0,608.0,685,685,363.97087378640776,14,0,1000000,3000,4
277008,277008,1108032,2021,156,624,636.0,0.0,636.0,722,722,491.85897435897436,15,0,1000000,3000,4
277053,277053,1108212,2022,45,180,225.0,0.0,225.0,290,290,158.48888888888888,6,0,1000000,3000,4
277288,277288,1109152,2023,235,940,1023.0,0.0,1023.0,1125,1125,652.7489361702128,23,0,1000000,3000,4
277515,277515,1110060,2024,227,908,1030.0,0.0,1030.0,1131,1131,534.352422907489,23,0,1000000,3000,4
277686,277686,1110744,2025,171,684,749.0,0.0,749.0,840,840,495.56140350877195,17,0,1000000,3000,4
277957,277957,1111828,2026,271,1084,1393.0,0.0,1393.0,1503,1503,714.0627306273062,31,0,1000000,3000,4
278004,278004,1112016,2027,47,188,227.0,0.0,227.0,293,293,151.7659574468085,6,0,1000000,3000,4
278095,278095,1112380,2028,91,364,638.0,0.0,638.0,713,713,359.8901098901099,15,0,1000000,3000,4
278162,278162,1112648,2029,67,268,622.0,0.0,622.0,693,693,348.86567164179104,14,0,1000000,3000,4
278275,278275,1113100,2030,113,452,601.0,0.0,601.0,681,681,384.6106194690266,14,0,1000000,3000,4
278378,278378,1113512,2031,103,412,633.0,0.0,633.0,711,711,374.621359223301,15,0,1000000,3000,4
278557,278557,1114228,2032,179,716,1058.0,0.0,1058.0,1151,1151,584.0670391061452,24,0,1000000,3000,4
278634,278634,1114536,2033,77,308,614.0,0.0,614.0,687,687,349.4935064935065,14,0,1000000,3000,4
278771,278771,1115084,2034,137,548,726.0,0.0,726.0,810,810,477.6715328467153,17,0,1000000,3000,4
278834,278834,1115336,2035,63,252,610.0,0.0,610.0,680,680,324.57142857142856,14,0,1000000,3000,4
279041,279041,1116164,2036,207,828,1412.0,0.0,1412.0,1509,1509,786.8840579710145,31,0,1000000,3000,4
279142,279142,1116568,2037,101,404,608.0,0.0,608.0,685,685,362.13861386138615,14,0,1000000,3000,4
279240,279240,1116960,2038,98,392,626.0,0.0,626.0,703,703,352.61224489795916,15,0,1000000,3000,4
279484,279484,1117936,2039,244,976,1406.0,0.0,1406.0,1511,1511,694.4590163934427,31,0,1000000,3000,4
279586,279586,1118344,2040,102,408,612.0,0.0,612.0,689,689,404.2156862745098,14,0,1000000,3000,4
279672,279672,1118688,2041,86,344,626.0,0.0,626.0,701,701,372.5,15,0,1000000,3000,4
279729,279729,1118916,2042,57,228,214.0,0.0,214.0,282,282,143.28070175438597,6,0,1000000,3000,4
279888,279888,1119552,2043,159,636,812.0,0.0,812.0,898,899,606.8364779874214,18,0,1000000,3000,4
280040,280040,1120160,2044,152,608,741.0,0.0,741.0,827,827,466.26973684210526,17,0,1000000,3000,4
280431,280431,1121724,2045,391,1564,1280.0,0.0,1280.0,1413,1413,716.5652173913044,29,0,1000000,3000,4
280513,280513,1122052,2046,82,328,620.0,0.0,620.0,692,692,405.9878048780488,14,0,1000000,3000,4
280663,280663,1122652,2047,150,600,638.0,0.0,638.0,722,722,508.64,15,0,1000000,3000,4
280726,280726,1122904,2048,63,252,609.0,0.0,609.0,679,679,324.41269841269843,14,0,1000000,3000,4
280759,280759,1123036,2049,33,132,243.0,0.0,243.0,306,306,151.57575757575756,7,0,1000000,3000,4
280856,280856,1123424,2050,97,388,617.0,0.0,617.0,694,694,393.78350515463916,14,0,1000000,3000,4
280998,280998,1123992,2051,142,568,1043.0,0.0,1043.0,1127,1127,526.5774647887324,23,0,1000000,3000,4
281167,281167,1124668,2052,169,676,751.0,0.0,751.0,842,842,550.6627218934912,17,0,1000000,3000,4
281339,281339,1125356,2053,172,688,1037.0,0.0,1037.0,1127,1127,668.9244186046511,23,0,1000000,3000,4
281487,281487,1125948,2054,148,592,1042.0,0.0,1042.0,1127,1127,535.4324324324324,23,0,1000000,3000,4
281534,281534,1126136,2055,47,188,220.0,0.0,220.0,285,285,159.93617021276594,6,0,1000000,3000,4
281574,281574,1126296,2056,40,160,242.0,0.0,242.0,308,308,138.175,7,0,1000000,3000,4
281678,281678,1126712,2057,104,416,623.0,0.0,623.0,701,701,341.9807692307692,15,0,1000000,3000,4
281856,281856,1127424,2058,178,712,1562.0,0.0,1562.0,1653,1653,852.376404494382,34,0,1000000,3000,4
281887,281887,1127548,2059,31,124,245.0,0.0,245.0,308,308,154.90322580645162,7,0,1000000,3000,4
281977,281977,1127908,2060,90,360,611.0,0.0,611.0,686,686,391.1,14,0,1000000,3000,4
282013,282013,1128052,2061,36,144,234.0,0.0,234.0,298,298,164.0,6,0,1000000,3000,4
282221,282221,1128884,2062,208,832,1028.0,0.0,1028.0,1125,1125,618.1153846153846,23,0,1000000,3000,4
282335,282335,1129340,2063,114,456,740.0,0.0,740.0,820,820,505.780701754386,17,0,1000000,3000,4
282401,282401,1129604,2064,66,264,609.0,0.0,609.0,680,680,316.93939393939394,14,0,1000000,3000,4
282491,282491,1129964,2065,90,360,610.0,0.0,610.0,685,685,400.46666666666664,14,0,1000000,3000,4
282612,282612,1130448,2066,121,484,739.0,0.0,739.0,820,820,515.4710743801653,17,0,1000000,3000,4
282741,282741,1130964,2067,129,516,1067.0,0.0,1067.0,1150,1150,587.7906976744187,24,0,1000000,3000,4
282945,282945,1131780,2068,204,816,1329.0,0.0,1329.0,1427,1427,707.5098039215686,29,0,1000000,3000,4
283090,283090,1132360,2069,145,580,815.0,0.0,815.0,898,899,572.7931034482758,18,0,1000000,3000,4
283128,283128,1132512,2070,38,152,227.0,0.0,227.0,291,291,175.76315789473685,6,0,1000000,3000,4
283161,283161,1132644,2071,33,132,249.0,0.0,249.0,313,313,153.33333333333334,7,0,1000000,3000,4
283420,283420,1133680,2072,259,1036,1018.0,0.0,1018.0,1124,1124,666.011583011583,23,0,1000000,3000,4
283508,283508,1134032,2073,88,352,635.0,0.0,635.0,710,710,380.71590909090907,15,0,1000000,3000,4
283598,283598,1134392,2074,90,360,605.0,0.0,605.0,681,681,398.31111111111113,14,0,1000000,3000,4
283763,283763,1135052,2075,165,660,1040.0,0.0,1040.0,1128,1128,593.5090909090909,23,0,1000000,3000,4
283803,283803,1135212,2076,40,160,227.0,0.0,227.0,293,293,165.625,6,0,1000000,3000,4
283867,283867,1135468,2077,64,256,607.0,0.0,607.0,677,677,339.3125,14,0,1000000,3000,4
283897,283897,1135588,2078,30,120,249.0,0.0,249.0,313,313,152.46666666666667,7,0,1000000,3000,4
283970,283970,1135880,2079,73,292,634.0,0.0,634.0,705,705,378.8904109589041,15,0,1000000,3000,4
284003,284003,1136012,2080,33,132,250.0,0.0,250.0,314,314,146.03030303030303,7,0,1000000,3000,4
284236,284236,1136944,2081,233,932,1924.0,0.0,1924.0,2028,2028,977.0515021459228,41,0,1000000,3000,4
284301,284301,1137204,2082,65,260,608.0,0.0,608.0,679,679,337.7846153846154,14,0,1000000,3000,4
284439,284439,1137756,2083,138,552,816.0,0.0,816.0,898,899,582.3260869565217,18,0,1000000,3000,4
284475,284475,1137900,2084,36,144,247.0,0.0,247.0,312,312,144.33333333333334,7,0,1000000,3000,4
284723,284723,1138892,2085,248,992,1024.0,0.0,1024.0,1129,1129,580.5766129032259,23,0,1000000,3000,4
284760,284760,1139040,2086,37,148,248.0,0.0,248.0,313,313,145.0,7,0,1000000,3000,4
284918,284918,1139672,2087,158,632,756.0,0.0,756.0,844,844,556.626582278481,17,0,1000000,3000,4
284952,284952,1139808,2088,34,136,248.0,0.0,248.0,312,312,149.91176470588235,7,0,1000000,3000,4
285209,285209,1140836,2089,257,1028,1563.0,0.0,1563.0,1672,1672,774.988326848249,34,0,1000000,3000,4
285324,285324,1141296,2090,115,460,604.0,0.0,604.0,684,684,393.1304347826087,14,0,1000000,3000,4
285539,285539,1142156,2091,215,860,1862.0,0.0,1862.0,1962,1962,952.6325581395349,40,0,1000000,3000,4
285620,285620,1142480,2092,81,324,623.0,0.0,623.0,696,696,400.22222222222223,14,0,1000000,3000,4
285719,285719,1142876,2093,99,396,620.0,0.0,620.0,696,696,370.93939393939394,14,0,1000000,3000,4
285878,285878,1143512,2094,159,636,812.0,0.0,812.0,898,900,575.9056603773585,19,0,1000000,3000,4
286071,286071,1144284,2095,193,772,1420.0,0.0,1420.0,1513,1513,717.5595854922279,31,0,1000000,3000,4
286147,286147,1144588,2096,76,304,605.0,0.0,605.0,678,678,316.57894736842104,14,0,1000000,3000,4
286280,286280,1145120,2097,133,532,1047.0,0.0,1047.0,1129,1129,570.2481203007519,23,0,1000000,3000,4
286437,286437,1145748,2098,157,628,636.0,0.0,636.0,722,723,507.4777070063694,15,0,1000000,3000,4
286584,286584,1146336,2099,147,588,638.0,0.0,638.0,722,722,505.4557823129252,15,0,1000000,3000,4
286749,286749,1146996,2100,165,660,1047.0,0.0,1047.0,1136,1136,651.0666666666667,23,0,1000000,3000,4
286787,286787,1147148,2101,38,152,241.0,0.0,241.0,305,305,156.3684210526316,7,0,1000000,3000,4
286873,286873,1147492,2102,86,344,616.0,0.0,616.0,691,691,343.8720930232558,14,0,1000000,3000,4
286908,286908,1147632,2103,35,140,248.0,0.0,248.0,313,313,148.94285714285715,7,0,1000000,3000,4
286947,286947,1147788,2104,39,156,237.0,0.0,237.0,302,302,153.89743589743588,7,0,1000000,3000,4
286980,286980,1147920,2105,33,132,247.0,0.0,247.0,311,311,151.03030303030303,7,0,1000000,3000,4
287086,287086,1148344,2106,106,424,610.0,0.0,610.0,688,688,386.99056603773585,14,0,1000000,3000,4
287117,287117,1148468,2107,31,124,245.0,0.0,245.0,309,309,155.0,7,0,1000000,3000,4
287281,287281,1149124,2108,164,656,1147.0,0.0,1147.0,1235,1235,589.2439024390244,25,0,1000000,3000,4
287587,287587,1150348,2109,306,1224,1548.0,0.0,1548.0,1667,1667,801.0686274509804,34,0,1000000,3000,4
287619,287619,1150476,2110,32,128,247.0,0.0,247.0,310,310,156.96875,7,0,1000000,3000,4
287721,287721,1150884,2111,102,408,609.0,0.0,609.0,686,686,366.0882352941176,14,0,1000000,3000,4
287867,287867,1151468,2112,146,584,1147.0,0.0,1147.0,1233,1233,628.3767123287671,25,0,1000000,3000,4
287902,287902,1151608,2113,35,140,240.0,0.0,240.0,304,304,160.62857142857143,7,0,1000000,3000,4
288075,288075,1152300,2114,173,692,1061.0,0.0,1061.0,1153,1153,593.456647398844,24,0,1000000,3000,4
288258,288258,1153032,2115,183,732,1323.0,0.0,1323.0,1415,1415,725.7978142076503,29,0,1000000,3000,4
288365,288365,1153460,2116,107,428,628.0,0.0,628.0,706,706,369.3457943925234,15,0,1000000,3000,4
288470,288470,1153880,2117,105,420,626.0,0.0,626.0,704,704,363.8666666666667,15,0,1000000,3000,4
288609,288609,1154436,2118,139,556,720.0,0.0,720.0,805,805,478.431654676259,17,0,1000000,3000,4
288642,288642,1154568,2119,33,132,245.0,0.0,245.0,308,308,161.0,7,0,1000000,3000,4
288676,288676,1154704,2120,34,136,236.0,0.0,236.0,299,299,163.61764705882354,6,0,1000000,3000,4
288895,288895,1155580,2121,219,876,757.0,0.0,757.0,856,856,536.6940639269407,18,0,1000000,3000,4
289129,289129,1156516,2122,234,936,1414.0,0.0,1414.0,1517,1517,731.2564102564103,31,0,1000000,3000,4
289385,289385,1157540,2123,256,1024,1553.0,0.0,1553.0,1661,1661,806.95703125,34,0,1000000,3000,4
289422,289422,1157688,2124,37,148,232.0,0.0,232.0,295,295,167.24324324324326,6,0,1000000,3000,4
289456,289456,1157824,2125,34,136,245.0,0.0,245.0,309,309,151.91176470588235,7,0,1000000,3000,4
289490,289490,1157960,2126,34,136,244.0,0.0,244.0,307,307,155.02941176470588,7,0,1000000,3000,4
289662,289662,1158648,2127,172,688,809.0,0.0,809.0,898,898,536.2558139534884,18,0,1000000,3000,4
289751,289751,1159004,2128,89,356,627.0,0.0,627.0,700,700,390.44943820224717,15,0,1000000,3000,4
289996,289996,1159984,2129,245,980,1417.0,0.0,1417.0,1522,1522,778.8979591836735,31,0,1000000,3000,4
290026,290026,1160104,2130,30,120,250.0,0.0,250.0,313,313,152.2,7,0,1000000,3000,4
290117,290117,1160468,2131,91,364,630.0,0.0,630.0,706,706,385.14285714285717,15,0,1000000,3000,4
290253,290253,1161012,2132,136,544,1068.0,0.0,1068.0,1153,1153,568.6323529411765,24,0,1000000,3000,4
290285,290285,1161140,2133,32,128,248.0,0.0,248.0,311,311,161.65625,7,0,1000000,3000,4
290316,290316,1161264,2134,31,124,244.0,0.0,244.0,307,307,155.41935483870967,7,0,1000000,3000,4
290396,290396,1161584,2135,80,320,621.0,0.0,621.0,693,693,357.5375,14,0,1000000,3000,4
290437,290437,1161748,2136,41,164,235.0,0.0,235.0,300,300,148.6341463414634,7,0,1000000,3000,4
290641,290641,1162564,2137,204,816,1030.0,0.0,1030.0,1125,1125,684.0245098039215,23,0,1000000,3000,4
290739,290739,1162956,2138,98,392,616.0,0.0,616.0,692,692,389.734693877551,14,0,1000000,3000,4
290781,290781,1163124,2139,42,168,232.0,0.0,232.0,297,297,158.71428571428572,6,0,1000000,3000,4
290844,290844,1163376,2140,63,252,608.0,0.0,608.0,678,678,323.92063492063494,14,0,1000000,3000,4
290882,290882,1163528,2141,38,152,246.0,0.0,246.0,311,311,143.92105263157896,7,0,1000000,3000,4
291113,291113,1164452,2142,231,924,1421.0,0.0,1421.0,1525,1525,706.6147186147186,31,0,1000000,3000,4
291204,291204,1164816,2143,91,364,610.0,0.0,610.0,686,686,319.34065934065933,14,0,1000000,3000,4
291246,291246,1164984,2144,42,168,236.0,0.0,236.0,301,301,149.14285714285714,7,0,1000000,3000,4
291334,291334,1165336,2145,88,352,613.0,0.0,613.0,688,688,348.67045454545456,14,0,1000000,3000,4
291500,291500,1166000,2146,166,664,756.0,0.0,756.0,846,846,503.90361445783134,17,0,1000000,3000,4
291536,291536,1166144,2147,36,144,243.0,0.0,243.0,306,306,161.72222222222223,7,0,1000000,3000,4
291726,291726,1166904,2148,190,760,1568.0,0.0,1568.0,1663,1663,841.5421052631579,34,0,1000000,3000,4
291933,291933,1167732,2149,207,828,1333.0,0.0,1333.0,1432,1432,744.0917874396135,29,0,1000000,3000,4
292099,292099,1168396,2150,166,664,1038.0,0.0,1038.0,1126,1126,596.2168674698795,23,0,1000000,3000,4
292248,292248,1168992,2151,149,596,745.0,0.0,745.0,832,832,528.1476510067114,17,0,1000000,3000,4
292342,292342,1169368,2152,94,376,616.0,0.0,616.0,690,690,411.90425531914894,14,0,1000000,3000,4
292566,292566,1170264,2153,224,896,1425.0,0.0,1425.0,1527,1527,738.5401785714286,31,0,1000000,3000,4
292822,292822,1171288,2154,256,1024,792.0,0.0,792.0,898,899,597.05078125,18,0,1000000,3000,4
292855,292855,1171420,2155,33,132,237.0,0.0,237.0,300,300,160.03030303030303,7,0,1000000,3000,4
292885,292885,1171540,2156,30,120,249.0,0.0,249.0,313,313,160.0,7,0,1000000,3000,4
293148,293148,1172592,2157,263,1052,1300.0,0.0,1300.0,1408,1408,750.680608365019,29,0,1000000,3000,4
293334,293334,1173336,2158,186,744,1030.0,0.0,1030.0,1122,1122,616.1935483870968,23,0,1000000,3000,4
293468,293468,1173872,2159,134,536,1056.0,0.0,1056.0,1139,1139,589.9776119402985,23,0,1000000,3000,4
293873,293873,1175492,2160,405,1620,994.0,0.0,994.0,1130,1130,782.3604938271604,23,0,1000000,3000,4
294256,294256,1177024,2161,383,1532,2338.0,0.0,2338.0,2470,2470,1231.0809399477807,50,0,1000000,3000,4
294413,294413,1177652,2162,157,628,1039.0,0.0,1039.0,1125,1125,559.7070063694267,23,0,1000000,3000,4
294570,294570,1178280,2163,157,628,1039.0,0.0,1039.0,1125,1125,630.0700636942676,23,0,1000000,3000,4
294679,294679,1178716,2164,109,436,618.0,0.0,618.0,696,696,386.86238532110093,14,0,1000000,3000,4
294910,294910,1179640,2165,231,924,1024.0,0.0,1024.0,1125,1125,698.3073593073593,23,0,1000000,3000,4
294996,294996,1179984,2166,86,344,650.0,0.0,650.0,722,722,366.75581395348837,15,0,1000000,3000,4
295189,295189,1180756,2167,193,772,1344.0,0.0,1344.0,1440,1440,725.3937823834196,29,0,1000000,3000,4
295220,295220,1180880,2168,31,124,248.0,0.0,248.0,312,312,152.51612903225808,7,0,1000000,3000,4
295438,295438,1181752,2169,218,872,1338.0,0.0,1338.0,1439,1439,773.0642201834862,29,0,1000000,3000,4
295671,295671,1182684,2170,233,932,1848.0,0.0,1848.0,1952,1952,943.7210300429184,40,0,1000000,3000,4
295767,295767,1183068,2171,96,384,620.0,0.0,620.0,697,697,384.1041666666667,14,0,1000000,3000,4
295801,295801,1183204,2172,34,136,250.0,0.0,250.0,313,313,151.2941176470588,7,0,1000000,3000,4
296002,296002,1184008,2173,201,804,1042.0,0.0,1042.0,1139,1139,660.0845771144278,23,0,1000000,3000,4
296210,296210,1184840,2174,208,832,1029.0,0.0,1029.0,1125,1125,680.1009615384615,23,0,1000000,3000,4
296312,296312,1185248,2175,102,408,616.0,0.0,616.0,693,693,389.65686274509807,14,0,1000000,3000,4
296484,296484,1185936,2176,172,688,1345.0,0.0,1345.0,1437,1437,694.8895348837209,29,0,1000000,3000,4
296696,296696,1186784,2177,212,848,1427.0,0.0,1427.0,1527,1527,742.8632075471698,31,0,1000000,3000,4
296908,296908,1187632,2178,212,848,1416.0,0.0,1416.0,1515,1515,786.4858490566038,31,0,1000000,3000,4
296989,296989,1187956,2179,81,324,607.0,0.0,607.0,681,681,337.01234567901236,14,0,1000000,3000,4
297033,297033,1188132,2180,44,176,225.0,0.0,225.0,290,290,167.6818181818182,6,0,1000000,3000,4
297278,297278,1189112,2181,245,980,1021.0,0.0,1021.0,1124,1124,668.5877551020408,23,0,1000000,3000,4
297647,297647,1190588,2182,369,1476,1284.0,0.0,1284.0,1413,1413,741.0975609756098,29,0,1000000,3000,4
298105,298105,1192420,2183,458,1832,979.0,0.0,979.0,1125,1125,715.1986899563319,23,0,1000000,3000,4
298377,298377,1193508,2184,272,1088,1019.0,0.0,1019.0,1129,1129,679.0147058823529,23,0,1000000,3000,4
298559,298559,1194236,2185,182,728,1034.0,0.0,1034.0,1126,1126,590.3791208791209,23,0,1000000,3000,4
298706,298706,1194824,2186,147,588,762.0,0.0,762.0,848,848,501.46938775510205,17,0,1000000,3000,4
298916,298916,1195664,2187,210,840,1038.0,0.0,1038.0,1136,1136,650.2476190476191,23,0,1000000,3000,4
299043,299043,1196172,2188,127,508,599.0,0.0,599.0,680,680,385.3543307086614,14,0,1000000,3000,4
299156,299156,1196624,2189,113,452,608.0,0.0,608.0,686,686,379.9911504424779,14,0,1000000,3000,4
299189,299189,1196756,2190,33,132,237.0,0.0,237.0,300,300,169.03030303030303,7,0,1000000,3000,4
299375,299375,1197500,2191,186,744,806.0,0.0,806.0,898,899,541.8548387096774,18,0,1000000,3000,4
299544,299544,1198176,2192,169,676,1342.0,0.0,1342.0,1433,1433,724.1715976331361,29,0,1000000,3000,4
299937,299937,1199748,2193,393,1572,2333.0,0.0,2333.0,2466,2467,1326.9083969465648,50,0,1000000,3000,4
300171,300171,1200684,2194,234,936,1025.0,0.0,1025.0,1127,1127,613.7051282051282,23,0,1000000,3000,4
300203,300203,1200812,2195,32,128,251.0,0.0,251.0,315,315,154.34375,7,0,1000000,3000,4
300605,300605,1202420,2196,402,1608,992.0,0.0,992.0,1128,1128,659.0746268656717,23,0,1000000,3000,4
300905,300905,1203620,2197,300,1200,1289.0,0.0,1289.0,1406,1406,756.4566666666667,29,0,1000000,3000,4
301097,301097,1204388,2198,192,768,1034.0,0.0,1034.0,1128,1128,634.5052083333334,23,0,1000000,3000,4
301184,301184,1204736,2199,87,348,608.0,0.0,608.0,682,682,338.1609195402299,14,0,1000000,3000,4
301235,301235,1204940,2200,51,204,217.0,0.0,217.0,283,283,157.35294117647058,6,0,1000000,3000,4
301281,301281,1205124,2201,46,184,226.0,0.0,226.0,292,292,159.08695652173913,6,0,1000000,3000,4
301326,301326,1205304,2202,45,180,222.0,0.0,222.0,286,286,165.24444444444444,6,0,1000000,3000,4
301412,301412,1205648,2203,86,344,631.0,0.0,631.0,706,706,372.51162790697674,15,0,1000000,3000,4
301445,301445,1205780,2204,33,132,247.0,0.0,247.0,310,310,158.12121212121212,7,0,1000000,3000,4
301485,301485,1205940,2205,40,160,239.0,0.0,239.0,304,304,151.375,7,0,1000000,3000,4
301699,301699,1206796,2206,214,856,1413.0,0.0,1413.0,1512,1512,737.5327102803739,31,0,1000000,3000,4
301880,301880,1207520,2207,181,724,1151.0,0.0,1151.0,1244,1244,651.3480662983426,25,0,1000000,3000,4
301915,301915,1207660,2208,35,140,236.0,0.0,236.0,300,300,167.37142857142857,7,0,1000000,3000,4
301944,301944,1207776,2209,29,116,249.0,0.0,249.0,312,312,157.0,7,0,1000000,3000,4
302032,302032,1208128,2210,88,352,627.0,0.0,627.0,702,702,387.28409090909093,15,0,1000000,3000,4
302280,302280,1209120,2211,248,992,1031.0,0.0,1031.0,1137,1137,625.9153225806451,23,0,1000000,3000,4
302413,302413,1209652,2212,133,532,759.0,0.0,759.0,843,843,525.5563909774436,17,0,1000000,3000,4
302447,302447,1209788,2213,34,136,245.0,0.0,245.0,309,309,145.8235294117647,7,0,1000000,3000,4
302541,302541,1210164,2214,94,376,629.0,0.0,629.0,704,704,381.0425531914894,15,0,1000000,3000,4
302716,302716,1210864,2215,175,700,1037.0,0.0,1037.0,1126,1126,651.1485714285715,23,0,1000000,3000,4
302830,302830,1211320,2216,114,456,720.0,0.0,720.0,799,799,440.3157894736842,16,0,1000000,3000,4
302860,302860,1211440,2217,30,120,249.0,0.0,249.0,312,312,155.5,7,0,1000000,3000,4
303078,303078,1212312,2218,218,872,1026.0,0.0,1026.0,1125,1125,615.6284403669724,23,0,1000000,3000,4
303117,303117,1212468,2219,39,156,238.0,0.0,238.0,302,302,161.82051282051282,7,0,1000000,3000,4
303347,303347,1213388,2220,230,920,1544.0,0.0,1544.0,1646,1646,806.5260869565218,33,0,1000000,3000,4
303392,303392,1213568,2221,45,180,217.0,0.0,217.0,283,283,168.51111111111112,6,0,1000000,3000,4
303507,303507,1214028,2222,115,460,737.0,0.0,737.0,817,817,492.4347826086956,17,0,1000000,3000,4
303742,303742,1214968,2223,235,940,1036.0,0.0,1036.0,1139,1139,669.4893617021277,23,0,1000000,3000,4
303771,303771,1215084,2224,29,116,251.0,0.0,251.0,312,312,156.27586206896552,7,0,1000000,3000,4
303958,303958,1215832,2225,187,748,1054.0,0.0,1054.0,1149,1149,571.4064171122994,23,0,1000000,3000,4
304060,304060,1216240,2226,102,408,620.0,0.0,620.0,697,697,365.52941176470586,14,0,1000000,3000,4
304151,304151,1216604,2227,91,364,620.0,0.0,620.0,696,696,337.31868131868134,14,0,1000000,3000,4
304183,304183,1216732,2228,32,128,242.0,0.0,242.0,304,304,155.6875,7,0,1000000,3000,4
304215,304215,1216860,2229,32,128,246.0,0.0,246.0,308,308,156.40625,7,0,1000000,3000,4
304313,304313,1217252,2230,98,392,605.0,0.0,605.0,682,682,344.0612244897959,14,0,1000000,3000,4
304450,304450,1217800,2231,137,548,733.0,0.0,733.0,818,818,459.33576642335765,17,0,1000000,3000,4
304620,304620,1218480,2232,170,680,1043.0,0.0,1043.0,1133,1133,638.5882352941177,23,0,1000000,3000,4
304655,304655,1218620,2233,35,140,249.0,0.0,249.0,314,314,150.17142857142858,7,0,1000000,3000,4
304692,304692,1218768,2234,37,148,241.0,0.0,241.0,305,305,152.24324324324326,7,0,1000000,3000,4
304795,304795,1219180,2235,103,412,615.0,0.0,615.0,693,693,361.43689320388347,14,0,1000000,3000,4
304830,304830,1219320,2236,35,140,244.0,0.0,244.0,308,308,155.02857142857144,7,0,1000000,3000,4
305098,305098,1220392,2237,268,1072,1020.0,0.0,1020.0,1130,1130,760.320895522388,23,0,1000000,3000,4
305304,305304,1221216,2238,206,824,1030.0,0.0,1030.0,1126,1126,561.4854368932039,23,0,1000000,3000,4
305343,305343,1221372,2239,39,156,235.0,0.0,235.0,300,300,157.10256410256412,7,0,1000000,3000,4
305416,305416,1221664,2240,73,292,615.0,0.0,615.0,687,687,359.06849315068496,14,0,1000000,3000,4
305512,305512,1222048,2241,96,384,608.0,0.0,608.0,684,684,328.1354166666667,14,0,1000000,3000,4
305619,305619,1222476,2242,107,428,627.0,0.0,627.0,705,705,371.0841121495327,15,0,1000000,3000,4
305856,305856,1223424,2243,237,948,1022.0,0.0,1022.0,1125,1125,684.210970464135,23,0,1000000,3000,4
306051,306051,1224204,2244,195,780,1032.0,0.0,1032.0,1127,1127,687.0564102564102,23,0,1000000,3000,4
306089,306089,1224356,2245,38,152,249.0,0.0,249.0,313,313,140.8421052631579,7,0,1000000,3000,4
306120,306120,1224480,2246,31,124,248.0,0.0,248.0,312,312,150.19354838709677,7,0,1000000,3000,4
306150,306150,1224600,2247,30,120,247.0,0.0,247.0,310,310,152.53333333333333,7,0,1000000,3000,4
306304,306304,1225216,2248,154,616,1346.0,0.0,1346.0,1434,1434,737.474025974026,29,0,1000000,3000,4
306407,306407,1225628,2249,103,412,602.0,0.0,602.0,680,680,409.84466019417476,14,0,1000000,3000,4
306446,306446,1225784,2250,39,156,232.0,0.0,232.0,297,297,166.69230769230768,6,0,1000000,3000,4
306602,306602,1226408,2251,156,624,1329.0,0.0,1329.0,1416,1416,669.1987179487179,29,0,1000000,3000,4
306857,306857,1227428,2252,255,1020,1686.0,0.0,1686.0,1793,1793,889.635294117647,36,0,1000000,3000,4
306949,306949,1227796,2253,92,368,607.0,0.0,607.0,682,682,390.7717391304348,14,0,1000000,3000,4
307040,307040,1228160,2254,91,364,609.0,0.0,609.0,685,685,327.53846153846155,14,0,1000000,3000,4
307144,307144,1228576,2255,104,416,621.0,0.0,621.0,698,698,390.0,14,0,1000000,3000,4
307240,307240,1228960,2256,96,384,616.0,0.0,616.0,692,692,385.5,14,0,1000000,3000,4
307336,307336,1229344,2257,96,384,627.0,0.0,627.0,704,704,351.2708333333333,15,0,1000000,3000,4
307375,307375,1229500,2258,39,156,239.0,0.0,239.0,304,304,150.7948717948718,7,0,1000000,3000,4
307417,307417,1229668,2259,42,168,234.0,0.0,234.0,299,299,153.0,6,0,1000000,3000,4
307617,307617,1230468,2260,200,800,1318.0,0.0,1318.0,1413,1413,693.18,29,0,1000000,3000,4
307714,307714,1230856,2261,97,388,607.0,0.0,607.0,684,684,391.5257731958763,14,0,1000000,3000,4
307803,307803,1231212,2262,89,356,631.0,0.0,631.0,705,705,385.46067415730334,15,0,1000000,3000,4
307956,307956,1231824,2263,153,612,637.0,0.0,637.0,722,723,482.44444444444446,15,0,1000000,3000,4
308107,308107,1232428,2264,151,604,1050.0,0.0,1050.0,1136,1136,599.2781456953643,23,0,1000000,3000,4
308206,308206,1232824,2265,99,396,619.0,0.0,619.0,695,695,370.1313131313131,14,0,1000000,3000,4
308288,308288,1233152,2266,82,328,610.0,0.0,610.0,684,684,324.3780487804878,14,0,1000000,3000,4
308391,308391,1233564,2267,103,412,633.0,0.0,633.0,709,709,380.28155339805824,15,0,1000000,3000,4
308423,308423,1233692,2268,32,128,247.0,0.0,247.0,310,310,159.0625,7,0,1000000,3000,4
308459,308459,1233836,2269,36,144,232.0,0.0,232.0,297,297,163.02777777777777,6,0,1000000,3000,4
308622,308622,1234488,2270,163,652,759.0,0.0,759.0,849,849,533.2147239263803,17,0,1000000,3000,4
308800,308800,1235200,2271,178,712,632.0,0.0,632.0,722,723,449.8314606741573,15,0,1000000,3000,4
308898,308898,1235592,2272,98,392,627.0,0.0,627.0,703,703,368.90816326530614,15,0,1000000,3000,4
308935,308935,1235740,2273,37,148,238.0,0.0,238.0,302,302,156.7027027027027,7,0,1000000,3000,4
309028,309028,1236112,2274,93,372,616.0,0.0,616.0,691,691,392.78494623655916,14,0,1000000,3000,4
309238,309238,1236952,2275,210,840,802.0,0.0,802.0,898,899,558.3904761904762,18,0,1000000,3000,4
309450,309450,1237800,2276,212,848,1139.0,0.0,1139.0,1239,1239,614.7830188679245,25,0,1000000,3000,4
309488,309488,1237952,2277,38,152,232.0,0.0,232.0,296,296,163.6578947368421,6,0,1000000,3000,4
309652,309652,1238608,2278,164,656,1041.0,0.0,1041.0,1130,1130,604.079268292683,23,0,1000000,3000,4
309763,309763,1239052,2279,111,444,613.0,0.0,613.0,693,693,373.8918918918919,14,0,1000000,3000,4
309935,309935,1239740,2280,172,688,809.0,0.0,809.0,898,898,538.9011627906976,18,0,1000000,3000,4
310025,310025,1240100,2281,90,360,631.0,0.0,631.0,705,705,364.23333333333335,15,0,1000000,3000,4
310251,310251,1241004,2282,226,904,1565.0,0.0,1565.0,1667,1667,764.0309734513274,34,0,1000000,3000,4
310465,310465,1241860,2283,214,856,1030.0,0.0,1030.0,1128,1128,614.6448598130842,23,0,1000000,3000,4
310553,310553,1242212,2284,88,352,634.0,0.0,634.0,708,708,369.9431818181818,15,0,1000000,3000,4
310656,310656,1242624,2285,103,412,632.0,0.0,632.0,710,710,387.4757281553398,15,0,1000000,3000,4
310900,310900,1243600,2286,244,976,1313.0,0.0,1313.0,1417,1417,701.155737704918,29,0,1000000,3000,4
310937,310937,1243748,2287,37,148,239.0,0.0,239.0,303,303,161.35135135135135,7,0,1000000,3000,4
311028,311028,1244112,2288,91,364,611.0,0.0,611.0,686,686,386.4835164835165,14,0,1000000,3000,4
311230,311230,1244920,2289,202,808,1034.0,0.0,1034.0,1130,1130,597.4653465346535,23,0,1000000,3000,4
311265,311265,1245060,2290,35,140,243.0,0.0,243.0,307,307,160.71428571428572,7,0,1000000,3000,4
311419,311419,1245676,2291,154,616,813.0,0.0,813.0,898,898,542.1688311688312,18,0,1000000,3000,4
311458,311458,1245832,2292,39,156,236.0,0.0,236.0,301,301,157.4102564102564,7,0,1000000,3000,4
311489,311489,1245956,2293,31,124,247.0,0.0,247.0,311,311,154.96774193548387,7,0,1000000,3000,4
311749,311749,1246996,2294,260,1040,1300.0,0.0,1300.0,1408,1408,683.6423076923077,29,0,1000000,3000,4
311927,311927,1247708,2295,178,712,1148.0,0.0,1148.0,1241,1241,653.9775280898876,25,0,1000000,3000,4
312104,312104,1248416,2296,177,708,1038.0,0.0,1038.0,1130,1130,604.632768361582,23,0,1000000,3000,4
312209,312209,1248836,2297,105,420,619.0,0.0,619.0,696,696,374.87619047619046,14,0,1000000,3000,4
312368,312368,1249472,2298,159,636,1039.0,0.0,1039.0,1125,1125,614.0251572327044,23,0,1000000,3000,4
312465,312465,1249860,2299,97,388,628.0,0.0,628.0,705,705,360.0412371134021,15,0,1000000,3000,4
312730,312730,1250920,2300,265,1060,1302.0,0.0,1302.0,1410,1410,717.1962264150943,29,0,1000000,3000,4
312833,312833,1251332,2301,103,412,613.0,0.0,613.0,691,691,376.94174757281553,14,0,1000000,3000,4
312870,312870,1251480,2302,37,148,240.0,0.0,240.0,303,303,156.05405405405406,7,0,1000000,3000,4
313293,313293,1253172,2303,423,1692,1384.0,0.0,1384.0,1524,1524,796.1702127659574,31,0,1000000,3000,4
313953,313953,1255812,2304,660,2640,1769.0,0.0,1769.0,1959,1959,876.9257575757575,40,0,1000000,3000,4
314002,314002,1256008,2305,49,196,221.0,0.0,221.0,286,286,151.24489795918367,6,0,1000000,3000,4
314198,314198,1256792,2306,196,784,804.0,0.0,804.0,898,898,618.765306122449,18,0,1000000,3000,4
314235,314235,1256940,2307,37,148,235.0,0.0,235.0,300,300,158.45945945945945,7,0,1000000,3000,4
314591,314591,1258364,2308,356,1424,1303.0,0.0,1303.0,1432,1432,727.2219101123595,29,0,1000000,3000,4
314763,314763,1259052,2309,172,688,1037.0,0.0,1037.0,1127,1127,613.9941860465116,23,0,1000000,3000,4
314973,314973,1259892,2310,210,840,1041.0,0.0,1041.0,1139,1139,659.0238095238095,23,0,1000000,3000,4
315101,315101,1260404,2311,128,512,731.0,0.0,731.0,814,814,470.7109375,17,0,1000000,3000,4
315401,315401,1261604,2312,300,1200,1022.0,0.0,1022.0,1137,1137,733.0033333333333,23,0,1000000,3000,4
315552,315552,1262208,2313,151,604,1045.0,0.0,1045.0,1132,1132,603.7086092715232,23,0,1000000,3000,4
315728,315728,1262912,2314,176,704,1141.0,0.0,1141.0,1232,1232,670.7159090909091,25,0,1000000,3000,4
316079,316079,1264316,2315,351,1404,1287.0,0.0,1287.0,1412,1412,748.5384615384615,29,0,1000000,3000,4
316313,316313,1265252,2316,234,936,1024.0,0.0,1024.0,1125,1125,691.9316239316239,23,0,1000000,3000,4
316430,316430,1265720,2317,117,468,592.0,0.0,592.0,672,672,387.9316239316239,14,0,1000000,3000,4
316469,316469,1265876,2318,39,156,233.0,0.0,233.0,297,297,166.69230769230768,6,0,1000000,3000,4
316635,316635,1266540,2319,166,664,1039.0,0.0,1039.0,1128,1128,613.4698795180723,23,0,1000000,3000,4
316799,316799,1267196,2320,164,656,1047.0,0.0,1047.0,1136,1136,590.4756097560976,23,0,1000000,3000,4
316958,316958,1267832,2321,159,636,1039.0,0.0,1039.0,1125,1125,594.4025157232704,23,0,1000000,3000,4
317059,317059,1268236,2322,101,404,609.0,0.0,609.0,686,686,401.9504950495049,14,0,1000000,3000,4
317288,317288,1269152,2323,229,916,1025.0,0.0,1025.0,1126,1126,684.6375545851529,23,0,1000000,3000,4
317436,317436,1269744,2324,148,592,764.0,0.0,764.0,851,851,506.2162162162162,18,0,1000000,3000,4
317503,317503,1270012,2325,67,268,618.0,0.0,618.0,688,688,349.2835820895522,14,0,1000000,3000,4
317731,317731,1270924,2326,228,912,1681.0,0.0,1681.0,1782,1782,927.0745614035088,36,0,1000000,3000,4
317764,317764,1271056,2327,33,132,236.0,0.0,236.0,300,300,160.24242424242425,7,0,1000000,3000,4
317849,317849,1271396,2328,85,340,634.0,0.0,634.0,709,709,388.50588235294117,15,0,1000000,3000,4
317881,317881,1271524,2329,32,128,246.0,0.0,246.0,310,310,154.5625,7,0,1000000,3000,4
318137,318137,1272548,2330,256,1024,1021.0,0.0,1021.0,1128,1128,665.5703125,23,0,1000000,3000,4
318550,318550,1274200,2331,413,1652,697.0,0.0,697.0,836,836,638.7021791767554,17,0,1000000,3000,4
318847,318847,1275388,2332,297,1188,1676.0,0.0,1676.0,1791,1791,868.2794612794613,36,0,1000000,3000,4
318941,318941,1275764,2333,94,376,626.0,0.0,626.0,702,702,376.6914893617021,15,0,1000000,3000,4
318971,318971,1275884,2334,30,120,248.0,0.0,248.0,311,311,156.83333333333334,7,0,1000000,3000,4
319004,319004,1276016,2335,33,132,235.0,0.0,235.0,298,298,168.75757575757575,6,0,1000000,3000,4
319416,319416,1277664,2336,412,1648,1266.0,0.0,1266.0,1405,1405,742.6601941747573,29,0,1000000,3000,4
319711,319711,1278844,2337,295,1180,1325.0,0.0,1325.0,1441,1441,743.1186440677966,29,0,1000000,3000,4
319748,319748,1278992,2338,37,148,239.0,0.0,239.0,304,304,153.83783783783784,7,0,1000000,3000,4
319888,319888,1279552,2339,140,560,640.0,0.0,640.0,722,723,491.2785714285714,15,0,1000000,3000,4
319929,319929,1279716,2340,41,164,226.0,0.0,226.0,292,292,162.4390243902439,6,0,1000000,3000,4
319958,319958,1279832,2341,29,116,249.0,0.0,249.0,312,312,157.68965517241378,7,0,1000000,3000,4
320035,320035,1280140,2342,77,308,613.0,0.0,613.0,686,686,343.6623376623377,14,0,1000000,3000,4
320067,320067,1280268,2343,32,128,243.0,0.0,243.0,306,306,165.28125,7,0,1000000,3000,4
320206,320206,1280824,2344,139,556,816.0,0.0,816.0,898,900,570.7553956834532,19,0,1000000,3000,4
320275,320275,1281100,2345,69,276,611.0,0.0,611.0,682,682,322.04347826086956,14,0,1000000,3000,4
320370,320370,1281480,2346,95,380,626.0,0.0,626.0,702,702,357.3157894736842,15,0,1000000,3000,4
320403,320403,1281612,2347,33,132,250.0,0.0,250.0,314,314,149.0909090909091,7,0,1000000,3000,4
320885,320885,1283540,2348,482,1928,976.0,0.0,976.0,1128,1128,714.3941908713693,23,0,1000000,3000,4
320982,320982,1283928,2349,97,388,627.0,0.0,627.0,704,704,368.1443298969072,15,0,1000000,3000,4
321012,321012,1284048,2350,30,120,247.0,0.0,247.0,309,309,163.86666666666667,7,0,1000000,3000,4
321225,321225,1284900,2351,213,852,1126.0,0.0,1126.0,1223,1223,685.943661971831,25,0,1000000,3000,4
321306,321306,1285224,2352,81,324,615.0,0.0,615.0,688,688,411.41975308641975,14,0,1000000,3000,4
321891,321891,1287564,2353,585,2340,952.0,0.0,952.0,1125,1125,680.7675213675213,23,0,1000000,3000,4
322000,322000,1288000,2354,109,436,609.0,0.0,609.0,687,687,391.0183486238532,14,0,1000000,3000,4
322628,322628,1290512,2355,628,2512,1234.0,0.0,1234.0,1414,1414,717.7627388535032,29,0,1000000,3000,4
322725,322725,1290900,2356,97,388,599.0,0.0,599.0,675,675,409.2886597938144,14,0,1000000,3000,4
322915,322915,1291660,2357,190,760,1332.0,0.0,1332.0,1426,1426,772.1315789473684,29,0,1000000,3000,4
323107,323107,1292428,2358,192,768,1031.0,0.0,1031.0,1125,1125,660.7239583333334,23,0,1000000,3000,4
323210,323210,1292840,2359,103,412,609.0,0.0,609.0,687,687,402.05825242718447,14,0,1000000,3000,4
323245,323245,1292980,2360,35,140,239.0,0.0,239.0,304,304,154.88571428571427,7,0,1000000,3000,4
323277,323277,1293108,2361,32,128,243.0,0.0,243.0,306,306,169.75,7,0,1000000,3000,4
323630,323630,1294520,2362,353,1412,1289.0,0.0,1289.0,1415,1415,776.3654390934844,29,0,1000000,3000,4
323691,323691,1294764,2363,61,244,609.0,0.0,609.0,679,679,336.8196721311475,14,0,1000000,3000,4
323795,323795,1295180,2364,104,416,605.0,0.0,605.0,681,681,397.02884615384613,14,0,1000000,3000,4
323836,323836,1295344,2365,41,164,216.0,0.0,216.0,281,281,175.4390243902439,6,0,1000000,3000,4
323926,323926,1295704,2366,90,360,620.0,0.0,620.0,694,694,340.6333333333333,14,0,1000000,3000,4
323956,323956,1295824,2367,30,120,246.0,0.0,246.0,309,309,158.26666666666668,7,0,1000000,3000,4
324235,324235,1296940,2368,279,1116,744.0,0.0,744.0,856,856,602.1505376344086,18,0,1000000,3000,4
324267,324267,1297068,2369,32,128,242.0,0.0,242.0,306,306,158.0625,7,0,1000000,3000,4
324405,324405,1297620,2370,138,552,743.0,0.0,743.0,828,828,486.42753623188406,17,0,1000000,3000,4
324450,324450,1297800,2371,45,180,223.0,0.0,223.0,288,288,163.57777777777778,6,0,1000000,3000,4
324491,324491,1297964,2372,41,164,226.0,0.0,226.0,291,291,170.8780487804878,6,0,1000000,3000,4
324638,324638,1298552,2373,147,588,638.0,0.0,638.0,722,723,471.3809523809524,15,0,1000000,3000,4
324673,324673,1298692,2374,35,140,250.0,0.0,250.0,315,315,144.14285714285714,7,0,1000000,3000,4
324713,324713,1298852,2375,40,160,234.0,0.0,234.0,298,298,164.525,6,0,1000000,3000,4
324758,324758,1299032,2376,45,180,236.0,0.0,236.0,303,303,141.06666666666666,7,0,1000000,3000,4
324879,324879,1299516,2377,121,484,585.0,0.0,585.0,665,665,385.3636363636364,14,0,1000000,3000,4
324913,324913,1299652,2378,34,136,243.0,0.0,243.0,305,305,156.85294117647058,7,0,1000000,3000,4
325210,325210,1300840,2379,297,1188,1547.0,0.0,1547.0,1663,1663,833.6026936026936,34,0,1000000,3000,4
325307,325307,1301228,2380,97,388,612.0,0.0,612.0,688,688,389.5670103092784,14,0,1000000,3000,4
325351,325351,1301404,2381,44,176,223.0,0.0,223.0,288,288,165.79545454545453,6,0,1000000,3000,4
325772,325772,1303088,2382,421,1684,1268.0,0.0,1268.0,1409,1409,761.5296912114014,29,0,1000000,3000,4
325939,325939,1303756,2383,167,668,729.0,0.0,729.0,819,819,505.37125748502996,17,0,1000000,3000,4
326039,326039,1304156,2384,100,400,605.0,0.0,605.0,682,682,386.96,14,0,1000000,3000,4
326123,326123,1304492,2385,84,336,619.0,0.0,619.0,692,692,370.6904761904762,14,0,1000000,3000,4
326278,326278,1305112,2386,155,620,636.0,0.0,636.0,721,722,490.5032258064516,15,0,1000000,3000,4
326313,326313,1305252,2387,35,140,247.0,0.0,247.0,311,311,152.62857142857143,7,0,1000000,3000,4
326477,326477,1305908,2388,164,656,717.0,0.0,717.0,805,805,469.7926829268293,17,0,1000000,3000,4
326717,326717,1306868,2389,240,960,1026.0,0.0,1026.0,1129,1129,621.7083333333334,23,0,1000000,3000,4
326934,326934,1307736,2390,217,868,1313.0,0.0,1313.0,1411,1411,668.8202764976959,29,0,1000000,3000,4
326972,326972,1307888,2391,38,152,229.0,0.0,229.0,293,293,162.76315789473685,6,0,1000000,3000,4
327294,327294,1309176,2392,322,1288,1844.0,0.0,1844.0,1964,1964,942.2732919254659,40,0,1000000,3000,4
327334,327334,1309336,2393,40,160,235.0,0.0,235.0,298,298,155.525,6,0,1000000,3000,4
327379,327379,1309516,2394,45,180,221.0,0.0,221.0,287,287,165.82222222222222,6,0,1000000,3000,4
327466,327466,1309864,2395,87,348,626.0,0.0,626.0,701,701,379.58620689655174,15,0,1000000,3000,4
327752,327752,1311008,2396,286,1144,1015.0,0.0,1015.0,1127,1127,639.7867132867133,23,0,1000000,3000,4
327936,327936,1311744,2397,184,736,1322.0,0.0,1322.0,1413,1413,703.320652173913,29,0,1000000,3000,4
328220,328220,1312880,2398,284,1136,787.0,0.0,787.0,898,900,689.5774647887324,19,0,1000000,3000,4
328427,328427,1313708,2399,207,828,1031.0,0.0,1031.0,1128,1128,649.7391304347826,23,0,1000000,3000,4
328535,328535,1314140,2400,108,432,602.0,0.0,602.0,680,680,392.6759259259259,14,0,1000000,3000,4
328631,328631,1314524,2401,96,384,732.0,0.0,732.0,809,809,402.8958333333333,17,0,1000000,3000,4
328672,328672,1314688,2402,41,164,231.0,0.0,231.0,296,296,153.26829268292684,6,0,1000000,3000,4
328779,328779,1315116,2403,107,428,607.0,0.0,607.0,684,684,389.2056074766355,14,0,1000000,3000,4
329036,329036,1316144,2404,257,1028,1555.0,0.0,1555.0,1663,1663,788.4824902723735,34,0,1000000,3000,4
329074,329074,1316296,2405,38,152,241.0,0.0,241.0,306,306,152.81578947368422,7,0,1000000,3000,4
329114,329114,1316456,2406,40,160,238.0,0.0,238.0,302,302,143.15,7,0,1000000,3000,4
329151,329151,1316604,2407,37,148,238.0,0.0,238.0,302,302,160.1891891891892,7,0,1000000,3000,4
329184,329184,1316736,2408,33,132,244.0,0.0,244.0,307,307,153.6060606060606,7,0,1000000,3000,4
329303,329303,1317212,2409,119,476,601.0,0.0,601.0,681,681,380.15966386554624,14,0,1000000,3000,4
329498,329498,1317992,2410,195,780,1035.0,0.0,1035.0,1129,1129,606.6102564102564,23,0,1000000,3000,4
329620,329620,1318480,2411,122,488,602.0,0.0,602.0,683,683,377.71311475409834,14,0,1000000,3000,4
329659,329659,1318636,2412,39,156,241.0,0.0,241.0,305,305,154.69230769230768,7,0,1000000,3000,4
329698,329698,1318792,2413,39,156,228.0,0.0,228.0,292,292,163.07692307692307,6,0,1000000,3000,4
329768,329768,1319072,2414,70,280,625.0,0.0,625.0,696,696,355.3285714285714,14,0,1000000,3000,4
329863,329863,1319452,2415,95,380,632.0,0.0,632.0,709,709,359.58947368421053,15,0,1000000,3000,4
330170,330170,1320680,2416,307,1228,1115.0,0.0,1115.0,1232,1232,659.57003257329,25,0,1000000,3000,4
330286,330286,1321144,2417,116,464,622.0,0.0,622.0,703,703,367.01724137931035,15,0,1000000,3000,4
330324,330324,1321296,2418,38,152,240.0,0.0,240.0,304,304,160.89473684210526,7,0,1000000,3000,4
330420,330420,1321680,2419,96,384,626.0,0.0,626.0,703,703,384.3125,15,0,1000000,3000,4
330455,330455,1321820,2420,35,140,233.0,0.0,233.0,296,296,171.85714285714286,6,0,1000000,3000,4
330618,330618,1322472,2421,163,652,1343.0,0.0,1343.0,1433,1433,699.8895705521472,29,0,1000000,3000,4
330654,330654,1322616,2422,36,144,240.0,0.0,240.0,304,304,158.25,7,0,1000000,3000,4
330739,330739,1322956,2423,85,340,626.0,0.0,626.0,700,700,348.47058823529414,15,0,1000000,3000,4
330963,330963,1323852,2424,224,896,1025.0,0.0,1025.0,1124,1124,692.7991071428571,23,0,1000000,3000,4
330992,330992,1323968,2425,29,116,248.0,0.0,248.0,311,311,157.31034482758622,7,0,1000000,3000,4
331087,331087,1324348,2426,95,380,634.0,0.0,634.0,709,709,355.2105263157895,15,0,1000000,3000,4
331235,331235,1324940,2427,148,592,1052.0,0.0,1052.0,1137,1137,558.0743243243244,23,0,1000000,3000,4
331362,331362,1325448,2428,127,508,590.0,0.0,590.0,672,672,399.01574803149606,14,0,1000000,3000,4
331523,331523,1326092,2429,161,644,727.0,0.0,727.0,816,816,477.72670807453414,17,0,1000000,3000,4
331772,331772,1327088,2430,249,996,1028.0,0.0,1028.0,1134,1134,652.9277108433735,23,0,1000000,3000,4
331807,331807,1327228,2431,35,140,243.0,0.0,243.0,307,307,153.17142857142858,7,0,1000000,3000,4
331841,331841,1327364,2432,34,136,245.0,0.0,245.0,308,308,153.76470588235293,7,0,1000000,3000,4
331929,331929,1327716,2433,88,352,630.0,0.0,630.0,704,704,349.20454545454544,15,0,1000000,3000,4
332206,332206,1328824,2434,277,1108,1409.0,0.0,1409.0,1521,1521,710.3862815884477,31,0,1000000,3000,4
332389,332389,1329556,2435,183,732,1044.0,0.0,1044.0,1137,1137,633.6065573770492,23,0,1000000,3000,4
332635,332635,1330540,2436,246,984,1300.0,0.0,1300.0,1405,1405,728.459349593496,29,0,1000000,3000,4
332888,332888,1331552,2437,253,1012,1910.0,0.0,1910.0,2017,2017,964.2134387351779,41,0,1000000,3000,4
333098,333098,1332392,2438,210,840,749.0,0.0,749.0,848,848,562.5714285714286,17,0,1000000,3000,4
333130,333130,1332520,2439,32,128,249.0,0.0,249.0,313,313,155.09375,7,0,1000000,3000,4
333164,333164,1332656,2440,34,136,238.0,0.0,238.0,301,301,170.73529411764707,7,0,1000000,3000,4
333360,333360,1333440,2441,196,784,1336.0,0.0,1336.0,1433,1433,691.3775510204082,29,0,1000000,3000,4
333391,333391,1333564,2442,31,124,247.0,0.0,247.0,311,311,160.6451612903226,7,0,1000000,3000,4
333572,333572,1334288,2443,181,724,807.0,0.0,807.0,898,898,575.707182320442,18,0,1000000,3000,4
333767,333767,1335068,2444,195,780,1029.0,0.0,1029.0,1122,1123,629.0615384615385,23,0,1000000,3000,4
333932,333932,1335728,2445,165,660,1150.0,0.0,1150.0,1240,1240,593.0181818181818,25,0,1000000,3000,4
333965,333965,1335860,2446,33,132,248.0,0.0,248.0,312,312,149.1818181818182,7,0,1000000,3000,4
334101,334101,1336404,2447,136,544,606.0,0.0,606.0,691,691,468.9264705882353,14,0,1000000,3000,4
334189,334189,1336756,2448,88,352,624.0,0.0,624.0,698,698,391.84090909090907,14,0,1000000,3000,4
334321,334321,1337284,2449,132,528,1046.0,0.0,1046.0,1128,1128,624.0530303030303,23,0,1000000,3000,4
334350,334350,1337400,2450,29,116,251.0,0.0,251.0,314,314,154.31034482758622,7,0,1000000,3000,4
334457,334457,1337828,2451,107,428,730.0,0.0,730.0,809,809,433.69158878504675,17,0,1000000,3000,4
334487,334487,1337948,2452,30,120,247.0,0.0,247.0,311,311,152.3,7,0,1000000,3000,4
334520,334520,1338080,2453,33,132,248.0,0.0,248.0,312,312,152.42424242424244,7,0,1000000,3000,4
334553,334553,1338212,2454,33,132,248.0,0.0,248.0,312,312,152.24242424242425,7,0,1000000,3000,4
334595,334595,1338380,2455,42,168,225.0,0.0,225.0,291,291,163.95238095238096,6,0,1000000,3000,4
334782,334782,1339128,2456,187,748,1054.0,0.0,1054.0,1149,1149,596.2673796791444,23,0,1000000,3000,4
334886,334886,1339544,2457,104,416,604.0,0.0,604.0,682,682,402.8942307692308,14,0,1000000,3000,4
334985,334985,1339940,2458,99,396,602.0,0.0,602.0,679,679,399.14141414141415,14,0,1000000,3000,4
335046,335046,1340184,2459,61,244,610.0,0.0,610.0,680,680,338.1967213114754,14,0,1000000,3000,4
335078,335078,1340312,2460,32,128,250.0,0.0,250.0,314,314,148.84375,7,0,1000000,3000,4
335107,335107,1340428,2461,29,116,249.0,0.0,249.0,312,312,153.82758620689654,7,0,1000000,3000,4
335280,335280,1341120,2462,173,692,1039.0,0.0,1039.0,1129,1129,592.1560693641618,23,0,1000000,3000,4
335311,335311,1341244,2463,31,124,247.0,0.0,247.0,311,311,152.90322580645162,7,0,1000000,3000,4
335403,335403,1341612,2464,92,368,627.0,0.0,627.0,702,702,374.42391304347825,15,0,1000000,3000,4
335526,335526,1342104,2465,123,492,758.0,0.0,758.0,839,839,493.6260162601626,17,0,1000000,3000,4
335560,335560,1342240,2466,34,136,237.0,0.0,237.0,301,301,157.26470588235293,7,0,1000000,3000,4
335600,335600,1342400,2467,40,160,230.0,0.0,230.0,295,295,158.7,6,0,1000000,3000,4
335630,335630,1342520,2468,30,120,248.0,0.0,248.0,312,312,150.16666666666666,7,0,1000000,3000,4
335668,335668,1342672,2469,38,152,232.0,0.0,232.0,297,297,162.1578947368421,6,0,1000000,3000,4
335876,335876,1343504,2470,208,832,1030.0,0.0,1030.0,1127,1127,628.8509615384615,23,0,1000000,3000,4
335906,335906,1343624,2471,30,120,246.0,0.0,246.0,308,308,159.53333333333333,7,0,1000000,3000,4
336088,336088,1344352,2472,182,728,1037.0,0.0,1037.0,1129,1129,624.8571428571429,23,0,1000000,3000,4
336268,336268,1345072,2473,180,720,807.0,0.0,807.0,898,899,563.0666666666667,18,0,1000000,3000,4
336299,336299,1345196,2474,31,124,251.0,0.0,251.0,315,315,152.93548387096774,7,0,1000000,3000,4
336328,336328,1345312,2475,29,116,247.0,0.0,247.0,310,310,151.44827586206895,7,0,1000000,3000,4
336531,336531,1346124,2476,203,812,1335.0,0.0,1335.0,1433,1433,772.576354679803,29,0,1000000,3000,4
336691,336691,1346764,2477,160,640,1041.0,0.0,1041.0,1128,1128,605.63125,23,0,1000000,3000,4
336776,336776,1347104,2478,85,340,608.0,0.0,608.0,683,683,353.08235294117645,14,0,1000000,3000,4
337021,337021,1348084,2479,245,980,1914.0,0.0,1914.0,2020,2020,1009.2326530612245,41,0,1000000,3000,4
337255,337255,1349020,2480,234,936,1319.0,0.0,1319.0,1422,1422,730.2393162393163,29,0,1000000,3000,4
337294,337294,1349176,2481,39,156,223.0,0.0,223.0,287,287,172.25641025641025,6,0,1000000,3000,4
337374,337374,1349496,2482,80,320,626.0,0.0,626.0,699,699,392.4,14,0,1000000,3000,4
337479,337479,1349916,2483,105,420,613.0,0.0,613.0,690,690,381.06666666666666,14,0,1000000,3000,4
337565,337565,1350260,2484,86,344,619.0,0.0,619.0,692,692,349.90697674418607,14,0,1000000,3000,4
337604,337604,1350416,2485,39,156,233.0,0.0,233.0,298,298,161.89743589743588,6,0,1000000,3000,4
337859,337859,1351436,2486,255,1020,1556.0,0.0,1556.0,1664,1664,816.7450980392157,34,0,1000000,3000,4
338030,338030,1352120,2487,171,684,737.0,0.0,737.0,828,828,484.57894736842104,17,0,1000000,3000,4
338072,338072,1352288,2488,42,168,229.0,0.0,229.0,294,294,163.52380952380952,6,0,1000000,3000,4
338173,338173,1352692,2489,101,404,620.0,0.0,620.0,697,697,372.7920792079208,14,0,1000000,3000,4
338603,338603,1354412,2490,430,1720,1269.0,0.0,1269.0,1411,1411,712.606976744186,29,0,1000000,3000,4
338694,338694,1354776,2491,91,364,630.0,0.0,630.0,705,705,353.967032967033,15,0,1000000,3000,4
338898,338898,1355592,2492,204,816,1040.0,0.0,1040.0,1137,1137,590.8333333333334,23,0,1000000,3000,4
339146,339146,1356584,2493,248,992,1021.0,0.0,1021.0,1126,1126,625.9274193548387,23,0,1000000,3000,4
339379,339379,1357516,2494,233,932,1023.0,0.0,1023.0,1125,1125,575.3562231759656,23,0,1000000,3000,4
339540,339540,1358160,2495,161,644,635.0,0.0,635.0,722,722,490.8447204968944,15,0,1000000,3000,4
339623,339623,1358492,2496,83,332,609.0,0.0,609.0,681,681,319.4457831325301,14,0,1000000,3000,4
339664,339664,1358656,2497,41,164,236.0,0.0,236.0,301,301,151.0,7,0,1000000,3000,4
339893,339893,1359572,2498,229,916,1123.0,0.0,1123.0,1225,1225,661.0393013100437,25,0,1000000,3000,4
339991,339991,1359964,2499,98,392,631.0,0.0,631.0,706,706,353.44897959183675,15,0,1000000,3000,4
340034,340034,1360136,2500,43,172,223.0,0.0,223.0,287,287,166.88372093023256,6,0,1000000,3000,4
340289,340289,1361156,2501,255,1020,1125.0,0.0,1125.0,1233,1233,646.0745098039216,25,0,1000000,3000,4
340515,340515,1362060,2502,226,904,1030.0,0.0,1030.0,1131,1131,623.3539823008849,23,0,1000000,3000,4
340556,340556,1362224,2503,41,164,231.0,0.0,231.0,295,295,155.58536585365854,6,0,1000000,3000,4
340598,340598,1362392,2504,42,168,232.0,0.0,232.0,297,297,156.9047619047619,6,0,1000000,3000,4
340696,340696,1362784,2505,98,392,614.0,0.0,614.0,690,690,379.5408163265306,14,0,1000000,3000,4
340790,340790,1363160,2506,94,376,614.0,0.0,614.0,689,689,337.71276595744683,14,0,1000000,3000,4
340821,340821,1363284,2507,31,124,247.0,0.0,247.0,310,310,163.25806451612902,7,0,1000000,3000,4
340991,340991,1363964,2508,170,680,810.0,0.0,810.0,898,898,578.3882352941176,18,0,1000000,3000,4
341026,341026,1364104,2509,35,140,246.0,0.0,246.0,310,310,159.17142857142858,7,0,1000000,3000,4
341128,341128,1364512,2510,102,408,631.0,0.0,631.0,708,708,365.45098039215685,15,0,1000000,3000,4
341210,341210,1364840,2511,82,328,609.0,0.0,609.0,683,683,325.5,14,0,1000000,3000,4
341311,341311,1365244,2512,101,404,597.0,0.0,597.0,674,674,391.8217821782178,14,0,1000000,3000,4
341510,341510,1366040,2513,199,796,1032.0,0.0,1032.0,1127,1127,625.0653266331658,23,0,1000000,3000,4
341809,341809,1367236,2514,299,1196,1680.0,0.0,1680.0,1796,1796,845.9163879598663,36,0,1000000,3000,4
341851,341851,1367404,2515,42,168,235.0,0.0,235.0,301,301,155.23809523809524,7,0,1000000,3000,4
342017,342017,1368068,2516,166,664,634.0,0.0,634.0,722,723,480.62048192771084,15,0,1000000,3000,4
342108,342108,1368432,2517,91,364,627.0,0.0,627.0,702,702,382.7362637362637,15,0,1000000,3000,4
342326,342326,1369304,2518,218,872,1309.0,0.0,1309.0,1409,1409,717.8532110091743,29,0,1000000,3000,4
342422,342422,1369688,2519,96,384,628.0,0.0,628.0,704,704,396.0520833333333,15,0,1000000,3000,4
342626,342626,1370504,2520,204,816,1553.0,0.0,1553.0,1650,1650,834.656862745098,34,0,1000000,3000,4
342664,342664,1370656,2521,38,152,238.0,0.0,238.0,301,301,156.1315789473684,7,0,1000000,3000,4
342856,342856,1371424,2522,192,768,1314.0,0.0,1314.0,1409,1409,693.3802083333334,29,0,1000000,3000,4
343003,343003,1372012,2523,147,588,638.0,0.0,638.0,722,723,478.0612244897959,15,0,1000000,3000,4
343159,343159,1372636,2524,156,624,812.0,0.0,812.0,898,898,562.6410256410256,18,0,1000000,3000,4
343400,343400,1373600,2525,241,964,1539.0,0.0,1539.0,1644,1644,885.8174273858921,33,0,1000000,3000,4
343439,343439,1373756,2526,39,156,233.0,0.0,233.0,297,297,164.2051282051282,6,0,1000000,3000,4
343477,343477,1373908,2527,38,152,244.0,0.0,244.0,307,307,151.1578947368421,7,0,1000000,3000,4
343586,343586,1374344,2528,109,436,627.0,0.0,627.0,705,705,380.56880733944956,15,0,1000000,3000,4
343735,343735,1374940,2529,149,596,1046.0,0.0,1046.0,1131,1131,579.993288590604,23,0,1000000,3000,4
343772,343772,1375088,2530,37,148,229.0,0.0,229.0,293,293,165.8918918918919,6,0,1000000,3000,4
343862,343862,1375448,2531,90,360,628.0,0.0,628.0,702,702,373.53333333333336,15,0,1000000,3000,4
343898,343898,1375592,2532,36,144,240.0,0.0,240.0,304,304,159.0,7,0,1000000,3000,4
344192,344192,1376768,2533,294,1176,1401.0,0.0,1401.0,1515,1515,781.7414965986394,31,0,1000000,3000,4
344228,344228,1376912,2534,36,144,239.0,0.0,239.0,303,303,164.72222222222223,7,0,1000000,3000,4
344262,344262,1377048,2535,34,136,237.0,0.0,237.0,301,301,160.94117647058823,7,0,1000000,3000,4
344459,344459,1377836,2536,197,788,1146.0,0.0,1146.0,1242,1242,657.9746192893401,25,0,1000000,3000,4
344714,344714,1378856,2537,255,1020,1324.0,0.0,1324.0,1432,1432,788.1764705882352,29,0,1000000,3000,4
344807,344807,1379228,2538,93,372,626.0,0.0,626.0,701,701,370.4731182795699,15,0,1000000,3000,4
344973,344973,1379892,2539,166,664,757.0,0.0,757.0,847,847,512.289156626506,17,0,1000000,3000,4
345081,345081,1380324,2540,108,432,623.0,0.0,623.0,700,700,390.73148148148147,15,0,1000000,3000,4
345116,345116,1380464,2541,35,140,241.0,0.0,241.0,304,304,160.71428571428572,7,0,1000000,3000,4
345335,345335,1381340,2542,219,876,1690.0,0.0,1690.0,1790,1790,870.4566210045662,36,0,1000000,3000,4
345462,345462,1381848,2543,127,508,757.0,0.0,757.0,839,839,508.73228346456693,17,0,1000000,3000,4
345542,345542,1382168,2544,80,320,632.0,0.0,632.0,705,705,367.875,15,0,1000000,3000,4
345579,345579,1382316,2545,37,148,241.0,0.0,241.0,305,305,161.54054054054055,7,0,1000000,3000,4
345756,345756,1383024,2546,177,708,1323.0,0.0,1323.0,1413,1413,749.6666666666666,29,0,1000000,3000,4
345957,345957,1383828,2547,201,804,1425.0,0.0,1425.0,1521,1521,764.7412935323383,31,0,1000000,3000,4
345998,345998,1383992,2548,41,164,231.0,0.0,231.0,295,295,162.3170731707317,6,0,1000000,3000,4
346032,346032,1384128,2549,34,136,236.0,0.0,236.0,299,299,170.64705882352942,6,0,1000000,3000,4
346065,346065,1384260,2550,33,132,240.0,0.0,240.0,303,303,163.3030303030303,7,0,1000000,3000,4
346280,346280,1385120,2551,215,860,1132.0,0.0,1132.0,1233,1233,669.5674418604651,25,0,1000000,3000,4
346499,346499,1385996,2552,219,876,1422.0,0.0,1422.0,1522,1522,723.931506849315,31,0,1000000,3000,4
346724,346724,1386896,2553,225,900,1038.0,0.0,1038.0,1139,1139,571.3644444444444,23,0,1000000,3000,4
346760,346760,1387040,2554,36,144,241.0,0.0,241.0,305,305,154.94444444444446,7,0,1000000,3000,4
346893,346893,1387572,2555,133,532,1055.0,0.0,1055.0,1138,1138,584.8721804511279,23,0,1000000,3000,4
347052,347052,1388208,2556,159,636,1041.0,0.0,1041.0,1128,1128,601.2767295597484,23,0,1000000,3000,4
347249,347249,1388996,2557,197,788,739.0,0.0,739.0,834,834,542.7766497461929,17,0,1000000,3000,4
347292,347292,1389168,2558,43,172,230.0,0.0,230.0,294,294,156.34883720930233,6,0,1000000,3000,4
347466,347466,1389864,2559,174,696,618.0,0.0,618.0,708,708,437.4080459770115,15,0,1000000,3000,4
347531,347531,1390124,2560,65,260,197.0,0.0,197.0,266,266,149.41538461538462,6,0,1000000,3000,4
347728,347728,1390912,2561,197,788,628.0,0.0,628.0,722,723,453.74619289340103,15,0,1000000,3000,4
347863,347863,1391452,2562,135,540,616.0,0.0,616.0,698,698,369.46666666666664,14,0,1000000,3000,4
347922,347922,1391688,2563,59,236,217.0,0.0,217.0,284,284,134.61016949152543,6,0,1000000,3000,4
348031,348031,1392124,2564,109,436,617.0,0.0,617.0,693,693,358.5596330275229,14,0,1000000,3000,4
348074,348074,1392296,2565,43,172,233.0,0.0,233.0,297,297,152.3953488372093,6,0,1000000,3000,4
348212,348212,1392848,2566,138,552,734.0,0.0,734.0,818,818,427.8623188405797,17,0,1000000,3000,4
348505,348505,1394020,2567,293,1172,785.0,0.0,785.0,898,899,633.8703071672355,18,0,1000000,3000,4
348551,348551,1394204,2568,46,184,220.0,0.0,220.0,285,285,152.7173913043478,6,0,1000000,3000,4
348640,348640,1394560,2569,89,356,213.0,0.0,213.0,287,287,110.20224719101124,6,0,1000000,3000,4
348828,348828,1395312,2570,188,752,567.0,0.0,567.0,661,661,343.75,14,0,1000000,3000,4
348871,348871,1395484,2571,43,172,229.0,0.0,229.0,294,294,156.88372093023256,6,0,1000000,3000,4
348919,348919,1395676,2572,48,192,216.0,0.0,216.0,283,283,147.97916666666666,6,0,1000000,3000,4
349018,349018,1396072,2573,99,396,625.0,0.0,625.0,701,701,349.24242424242425,15,0,1000000,3000,4
349069,349069,1396276,2574,51,204,210.0,0.0,210.0,277,277,162.2941176470588,6,0,1000000,3000,4
349301,349301,1397204,2575,232,928,586.0,0.0,586.0,689,689,390.9396551724138,14,0,1000000,3000,4
349394,349394,1397576,2576,93,372,612.0,0.0,612.0,688,688,309.89247311827955,14,0,1000000,3000,4
349454,349454,1397816,2577,60,240,223.0,0.0,223.0,290,290,133.46666666666667,6,0,1000000,3000,4
349577,349577,1398308,2578,123,492,587.0,0.0,587.0,668,668,372.9349593495935,14,0,1000000,3000,4
349621,349621,1398484,2579,44,176,224.0,0.0,224.0,289,289,160.63636363636363,6,0,1000000,3000,4
349665,349665,1398660,2580,44,176,223.0,0.0,223.0,288,288,157.22727272727272,6,0,1000000,3000,4
349713,349713,1398852,2581,48,192,222.0,0.0,222.0,288,288,146.64583333333334,6,0,1000000,3000,4
349756,349756,1399024,2582,43,172,228.0,0.0,228.0,292,292,157.8372093023256,6,0,1000000,3000,4
349799,349799,1399196,2583,43,172,226.0,0.0,226.0,290,290,158.5581395348837,6,0,1000000,3000,4
349919,349919,1399676,2584,120,480,605.0,0.0,605.0,685,685,372.69166666666666,14,0,1000000,3000,4
349963,349963,1399852,2585,44,176,227.0,0.0,227.0,292,292,154.02272727272728,6,0,1000000,3000,4
350004,350004,1400016,2586,41,164,231.0,0.0,231.0,296,296,162.1219512195122,6,0,1000000,3000,4
350047,350047,1400188,2587,43,172,227.0,0.0,227.0,291,291,159.30232558139534,6,0,1000000,3000,4
350089,350089,1400356,2588,42,168,232.0,0.0,232.0,296,296,156.88095238095238,6,0,1000000,3000,4
350231,350231,1400924,2589,142,568,617.0,0.0,617.0,702,702,383.67605633802816,15,0,1000000,3000,4
350276,350276,1401104,2590,45,180,223.0,0.0,223.0,289,289,156.22222222222223,6,0,1000000,3000,4
350319,350319,1401276,2591,43,172,227.0,0.0,227.0,292,292,160.27906976744185,6,0,1000000,3000,4
350360,350360,1401440,2592,41,164,231.0,0.0,231.0,296,296,158.9268292682927,6,0,1000000,3000,4
350403,350403,1401612,2593,43,172,229.0,0.0,229.0,294,294,160.7906976744186,6,0,1000000,3000,4
350444,350444,1401776,2594,41,164,232.0,0.0,232.0,296,296,161.6829268292683,6,0,1000000,3000,4
350487,350487,1401948,2595,43,172,229.0,0.0,229.0,292,292,163.06976744186048,6,0,1000000,3000,4
350522,350522,1402088,2596,35,140,242.0,0.0,242.0,306,306,157.74285714285713,7,0,1000000,3000,4
350568,350568,1402272,2597,46,184,228.0,0.0,228.0,294,294,154.8913043478261,6,0,1000000,3000,4
350611,350611,1402444,2598,43,172,231.0,0.0,231.0,295,295,154.95348837209303,6,0,1000000,3000,4
350658,350658,1402632,2599,47,188,223.0,0.0,223.0,289,289,151.89361702127658,6,0,1000000,3000,4
350700,350700,1402800,2600,42,168,229.0,0.0,229.0,294,294,155.73809523809524,6,0,1000000,3000,4
350746,350746,1402984,2601,46,184,220.0,0.0,220.0,286,286,153.47826086956522,6,0,1000000,3000,4
350785,350785,1403140,2602,39,156,239.0,0.0,239.0,302,302,151.6153846153846,7,0,1000000,3000,4
351203,351203,1404812,2603,418,1672,706.0,0.0,706.0,846,846,518.5119617224881,17,0,1000000,3000,4
351386,351386,1405544,2604,183,732,631.0,0.0,631.0,722,722,454.2568306010929,15,0,1000000,3000,4
351431,351431,1405724,2605,45,180,227.0,0.0,227.0,293,293,156.37777777777777,6,0,1000000,3000,4
351530,351530,1406120,2606,99,396,616.0,0.0,616.0,692,692,328.4141414141414,14,0,1000000,3000,4
351629,351629,1406516,2607,99,396,623.0,0.0,623.0,699,699,380.52525252525254,14,0,1000000,3000,4
351740,351740,1406960,2608,111,444,624.0,0.0,624.0,703,703,355.72972972972974,15,0,1000000,3000,4
351798,351798,1407192,2609,58,232,219.0,0.0,219.0,286,286,138.81034482758622,6,0,1000000,3000,4
351839,351839,1407356,2610,41,164,234.0,0.0,234.0,298,298,157.5609756097561,6,0,1000000,3000,4
352040,352040,1408160,2611,201,804,1333.0,0.0,1333.0,1431,1431,754.726368159204,29,0,1000000,3000,4
352262,352262,1409048,2612,222,888,738.0,0.0,738.0,839,839,499.31081081081084,17,0,1000000,3000,4
352304,352304,1409216,2613,42,168,229.0,0.0,229.0,294,294,158.97619047619048,6,0,1000000,3000,4
352347,352347,1409388,2614,43,172,228.0,0.0,228.0,292,292,159.09302325581396,6,0,1000000,3000,4
352392,352392,1409568,2615,45,180,225.0,0.0,225.0,290,290,163.84444444444443,6,0,1000000,3000,4
352437,352437,1409748,2616,45,180,225.0,0.0,225.0,290,290,158.13333333333333,6,0,1000000,3000,4
352489,352489,1409956,2617,52,208,207.0,0.0,207.0,273,273,169.78846153846155,6,0,1000000,3000,4
352532,352532,1410128,2618,43,172,235.0,0.0,235.0,299,299,148.62790697674419,6,0,1000000,3000,4
352578,352578,1410312,2619,46,184,224.0,0.0,224.0,289,289,160.5,6,0,1000000,3000,4
352718,352718,1410872,2620,140,560,573.0,0.0,573.0,658,658,386.6857142857143,14,0,1000000,3000,4
352915,352915,1411660,2621,197,788,804.0,0.0,804.0,898,899,504.74111675126903,18,0,1000000,3000,4
352959,352959,1411836,2622,44,176,231.0,0.0,231.0,295,295,153.0681818181818,6,0,1000000,3000,4
353000,353000,1412000,2623,41,164,233.0,0.0,233.0,298,298,150.73170731707316,6,0,1000000,3000,4
353057,353057,1412228,2624,57,228,211.0,0.0,211.0,278,278,148.3859649122807,6,0,1000000,3000,4
353103,353103,1412412,2625,46,184,218.0,0.0,218.0,284,284,161.5,6,0,1000000,3000,4
353332,353332,1413328,2626,229,916,798.0,0.0,798.0,898,898,507.5589519650655,18,0,1000000,3000,4
353377,353377,1413508,2627,45,180,232.0,0.0,232.0,298,298,137.6,6,0,1000000,3000,4
353434,353434,1413736,2628,57,228,227.0,0.0,227.0,295,295,131.2982456140351,6,0,1000000,3000,4
353482,353482,1413928,2629,48,192,225.0,0.0,225.0,290,290,147.4375,6,0,1000000,3000,4
353525,353525,1414100,2630,43,172,226.0,0.0,226.0,290,290,161.0,6,0,1000000,3000,4
353573,353573,1414292,2631,48,192,217.0,0.0,217.0,282,282,163.1875,6,0,1000000,3000,4
353631,353631,1414524,2632,58,232,204.0,0.0,204.0,272,272,155.05172413793105,6,0,1000000,3000,4
353754,353754,1415016,2633,123,492,617.0,0.0,617.0,698,698,347.0325203252033,14,0,1000000,3000,4
353841,353841,1415364,2634,87,348,194.0,0.0,194.0,267,267,125.58620689655173,6,0,1000000,3000,4
353881,353881,1415524,2635,40,160,237.0,0.0,237.0,299,299,149.75,6,0,1000000,3000,4
353945,353945,1415780,2636,64,256,213.0,0.0,213.0,282,282,131.578125,6,0,1000000,3000,4
353997,353997,1415988,2637,52,208,226.0,0.0,226.0,292,292,133.73076923076923,6,0,1000000,3000,4
354266,354266,1417064,2638,269,1076,1326.0,0.0,1326.0,1437,1437,645.7509293680297,29,0,1000000,3000,4
354372,354372,1417488,2639,106,424,628.0,0.0,628.0,705,705,364.00943396226415,15,0,1000000,3000,4
354475,354475,1417900,2640,103,412,617.0,0.0,617.0,694,694,359.90291262135923,14,0,1000000,3000,4
354515,354515,1418060,2641,40,160,247.0,0.0,247.0,313,313,138.15,7,0,1000000,3000,4
354565,354565,1418260,2642,50,200,227.0,0.0,227.0,293,293,139.04,6,0,1000000,3000,4
354606,354606,1418424,2643,41,164,235.0,0.0,235.0,300,300,154.0731707317073,7,0,1000000,3000,4
354693,354693,1418772,2644,87,348,606.0,0.0,606.0,680,680,308.0574712643678,14,0,1000000,3000,4
354806,354806,1419224,2645,113,452,624.0,0.0,624.0,704,704,364.1592920353982,15,0,1000000,3000,4
354934,354934,1419736,2646,128,512,612.0,0.0,612.0,694,694,380.5078125,14,0,1000000,3000,4
355029,355029,1420116,2647,95,380,625.0,0.0,625.0,702,702,367.0105263157895,15,0,1000000,3000,4
355246,355246,1420984,2648,217,868,1029.0,0.0,1029.0,1128,1128,667.6866359447005,23,0,1000000,3000,4
355471,355471,1421884,2649,225,900,1133.0,0.0,1133.0,1234,1234,660.1333333333333,25,0,1000000,3000,4
355682,355682,1422728,2650,211,844,1026.0,0.0,1026.0,1124,1124,660.739336492891,23,0,1000000,3000,4
355774,355774,1423096,2651,92,368,615.0,0.0,615.0,690,690,407.3804347826087,14,0,1000000,3000,4
355853,355853,1423412,2652,79,316,612.0,0.0,612.0,685,685,316.53164556962025,14,0,1000000,3000,4
355887,355887,1423548,2653,34,136,234.0,0.0,234.0,298,298,168.97058823529412,6,0,1000000,3000,4
355921,355921,1423684,2654,34,136,249.0,0.0,249.0,313,313,146.2058823529412,7,0,1000000,3000,4
355953,355953,1423812,2655,32,128,245.0,0.0,245.0,308,308,159.5625,7,0,1000000,3000,4
355986,355986,1423944,2656,33,132,247.0,0.0,247.0,309,309,157.21212121212122,7,0,1000000,3000,4
356022,356022,1424088,2657,36,144,237.0,0.0,237.0,301,301,165.22222222222223,7,0,1000000,3000,4
356321,356321,1425284,2658,299,1196,1905.0,0.0,1905.0,2022,2022,876.0434782608696,41,0,1000000,3000,4
356353,356353,1425412,2659,32,128,240.0,0.0,240.0,303,303,162.875,7,0,1000000,3000,4
356385,356385,1425540,2660,32,128,243.0,0.0,243.0,305,305,166.75,7,0,1000000,3000,4
356428,356428,1425712,2661,43,172,233.0,0.0,233.0,298,298,153.4418604651163,6,0,1000000,3000,4
356514,356514,1426056,2662,86,344,608.0,0.0,608.0,683,683,342.75581395348837,14,0,1000000,3000,4
356673,356673,1426692,2663,159,636,751.0,0.0,751.0,838,838,501.0817610062893,17,0,1000000,3000,4
356850,356850,1427400,2664,177,708,738.0,0.0,738.0,830,830,514.3446327683616,17,0,1000000,3000,4
357092,357092,1428368,2665,242,968,1563.0,0.0,1563.0,1668,1668,769.8140495867768,34,0,1000000,3000,4
357131,357131,1428524,2666,39,156,237.0,0.0,237.0,302,302,156.76923076923077,7,0,1000000,3000,4
357304,357304,1429216,2667,173,692,1046.0,0.0,1046.0,1137,1137,594.0867052023121,23,0,1000000,3000,4
357349,357349,1429396,2668,45,180,226.0,0.0,226.0,292,292,149.3111111111111,6,0,1000000,3000,4
357447,357447,1429788,2669,98,392,611.0,0.0,611.0,687,687,389.18367346938777,14,0,1000000,3000,4
357539,357539,1430156,2670,92,368,624.0,0.0,624.0,699,699,381.7717391304348,14,0,1000000,3000,4
357707,357707,1430828,2671,168,672,1038.0,0.0,1038.0,1127,1127,551.1488095238095,23,0,1000000,3000,4
358010,358010,1432040,2672,303,1212,1022.0,0.0,1022.0,1138,1138,679.4785478547855,23,0,1000000,3000,4
358042,358042,1432168,2673,32,128,244.0,0.0,244.0,306,306,157.8125,7,0,1000000,3000,4
358131,358131,1432524,2674,89,356,632.0,0.0,632.0,707,707,340.9438202247191,15,0,1000000,3000,4
358165,358165,1432660,2675,34,136,248.0,0.0,248.0,312,312,145.55882352941177,7,0,1000000,3000,4
358205,358205,1432820,2676,40,160,235.0,0.0,235.0,300,300,151.325,7,0,1000000,3000,4
358295,358295,1433180,2677,90,360,619.0,0.0,619.0,695,695,385.3888888888889,14,0,1000000,3000,4
358395,358395,1433580,2678,100,400,606.0,0.0,606.0,683,683,326.03,14,0,1000000,3000,4
358432,358432,1433728,2679,37,148,237.0,0.0,237.0,302,302,150.51351351351352,7,0,1000000,3000,4
358508,358508,1434032,2680,76,304,652.0,0.0,652.0,722,722,375.2105263157895,15,0,1000000,3000,4
358674,358674,1434696,2681,166,664,1038.0,0.0,1038.0,1127,1127,551.4156626506024,23,0,1000000,3000,4
358716,358716,1434864,2682,42,168,238.0,0.0,238.0,303,303,150.1904761904762,7,0,1000000,3000,4
358831,358831,1435324,2683,115,460,600.0,0.0,600.0,679,679,381.9391304347826,14,0,1000000,3000,4
358980,358980,1435920,2684,149,596,814.0,0.0,814.0,898,898,560.6577181208054,18,0,1000000,3000,4
359023,359023,1436092,2685,43,172,240.0,0.0,240.0,305,305,140.41860465116278,7,0,1000000,3000,4
359197,359197,1436788,2686,174,696,598.0,0.0,598.0,689,689,440.7528735632184,14,0,1000000,3000,4
359238,359238,1436952,2687,41,164,234.0,0.0,234.0,300,300,150.6341463414634,7,0,1000000,3000,4
359291,359291,1437164,2688,53,212,207.0,0.0,207.0,273,273,161.41509433962264,6,0,1000000,3000,4
359326,359326,1437304,2689,35,140,247.0,0.0,247.0,312,312,146.68571428571428,7,0,1000000,3000,4
359366,359366,1437464,2690,40,160,230.0,0.0,230.0,293,293,160.7,6,0,1000000,3000,4
359584,359584,1438336,2691,218,872,746.0,0.0,746.0,846,846,500.06880733944956,17,0,1000000,3000,4
359654,359654,1438616,2692,70,280,616.0,0.0,616.0,688,688,344.74285714285713,14,0,1000000,3000,4
359695,359695,1438780,2693,41,164,229.0,0.0,229.0,294,294,160.0731707317073,6,0,1000000,3000,4
359855,359855,1439420,2694,160,640,732.0,0.0,732.0,821,821,492.63125,17,0,1000000,3000,4
359965,359965,1439860,2695,110,440,618.0,0.0,618.0,698,698,349.42727272727274,14,0,1000000,3000,4
360060,360060,1440240,2696,95,380,625.0,0.0,625.0,702,702,371.4315789473684,15,0,1000000,3000,4
360135,360135,1440540,2697,75,300,612.0,0.0,612.0,683,683,321.1333333333333,14,0,1000000,3000,4
360174,360174,1440696,2698,39,156,224.0,0.0,224.0,289,289,178.30769230769232,6,0,1000000,3000,4
360405,360405,1441620,2699,231,924,1326.0,0.0,1326.0,1429,1429,713.8658008658009,29,0,1000000,3000,4
360535,360535,1442140,2700,130,520,817.0,0.0,817.0,898,898,529.0538461538462,18,0,1000000,3000,4
360572,360572,1442288,2701,37,148,236.0,0.0,236.0,300,300,146.78378378378378,7,0,1000000,3000,4
360654,360654,1442616,2702,82,328,619.0,0.0,619.0,692,692,342.8048780487805,14,0,1000000,3000,4
360749,360749,1442996,2703,95,380,621.0,0.0,621.0,697,697,344.9263157894737,14,0,1000000,3000,4
360782,360782,1443128,2704,33,132,251.0,0.0,251.0,315,315,146.54545454545453,7,0,1000000,3000,4
360869,360869,1443476,2705,87,348,609.0,0.0,609.0,684,684,357.98850574712645,14,0,1000000,3000,4
360962,360962,1443848,2706,93,372,607.0,0.0,607.0,682,682,395.6236559139785,14,0,1000000,3000,4
361064,361064,1444256,2707,102,408,631.0,0.0,631.0,709,709,360.5098039215686,15,0,1000000,3000,4
361163,361163,1444652,2708,99,396,632.0,0.0,632.0,708,708,356.7070707070707,15,0,1000000,3000,4
361194,361194,1444776,2709,31,124,246.0,0.0,246.0,310,310,149.74193548387098,7,0,1000000,3000,4
361224,361224,1444896,2710,30,120,249.0,0.0,249.0,312,312,160.56666666666666,7,0,1000000,3000,4
361322,361322,1445288,2711,98,392,607.0,0.0,607.0,683,683,400.5612244897959,14,0,1000000,3000,4
361509,361509,1446036,2712,187,748,1573.0,0.0,1573.0,1666,1666,839.2459893048128,34,0,1000000,3000,4
361549,361549,1446196,2713,40,160,238.0,0.0,238.0,301,301,152.8,7,0,1000000,3000,4
361629,361629,1446516,2714,80,320,610.0,0.0,610.0,682,682,338.7125,14,0,1000000,3000,4
361669,361669,1446676,2715,40,160,238.0,0.0,238.0,303,303,146.775,7,0,1000000,3000,4
361709,361709,1446836,2716,40,160,236.0,0.0,236.0,299,299,154.0,6,0,1000000,3000,4
361741,361741,1446964,2717,32,128,242.0,0.0,242.0,305,305,161.1875,7,0,1000000,3000,4
361957,361957,1447828,2718,216,864,1327.0,0.0,1327.0,1428,1428,695.3287037037037,29,0,1000000,3000,4
362061,362061,1448244,2719,104,416,615.0,0.0,615.0,692,692,403.00961538461536,14,0,1000000,3000,4
362099,362099,1448396,2720,38,152,232.0,0.0,232.0,295,295,162.73684210526315,6,0,1000000,3000,4
362137,362137,1448548,2721,38,152,236.0,0.0,236.0,300,300,160.47368421052633,7,0,1000000,3000,4
362233,362233,1448932,2722,96,384,601.0,0.0,601.0,677,677,401.4375,14,0,1000000,3000,4
362424,362424,1449696,2723,191,764,1428.0,0.0,1428.0,1524,1524,742.6910994764398,31,0,1000000,3000,4
362458,362458,1449832,2724,34,136,244.0,0.0,244.0,307,307,160.52941176470588,7,0,1000000,3000,4
362627,362627,1450508,2725,169,676,810.0,0.0,810.0,898,898,546.9704142011834,18,0,1000000,3000,4
362720,362720,1450880,2726,93,372,649.0,0.0,649.0,722,722,357.13978494623655,15,0,1000000,3000,4
362759,362759,1451036,2727,39,156,243.0,0.0,243.0,308,308,148.92307692307693,7,0,1000000,3000,4
362840,362840,1451360,2728,81,324,605.0,0.0,605.0,679,679,326.7283950617284,14,0,1000000,3000,4
363046,363046,1452184,2729,206,824,1030.0,0.0,1030.0,1127,1127,635.7087378640776,23,0,1000000,3000,4
363135,363135,1452540,2730,89,356,613.0,0.0,613.0,687,687,340.35955056179773,14,0,1000000,3000,4
363228,363228,1452912,2731,93,372,604.0,0.0,604.0,679,679,409.51612903225805,14,0,1000000,3000,4
363264,363264,1453056,2732,36,144,238.0,0.0,238.0,302,302,159.25,7,0,1000000,3000,4
363299,363299,1453196,2733,35,140,231.0,0.0,231.0,295,295,169.9142857142857,6,0,1000000,3000,4
363537,363537,1454148,2734,238,952,1025.0,0.0,1025.0,1128,1128,649.7352941176471,23,0,1000000,3000,4
363716,363716,1454864,2735,179,716,1152.0,0.0,1152.0,1245,1245,630.4189944134079,25,0,1000000,3000,4
364010,364010,1456040,2736,294,1176,1862.0,0.0,1862.0,1978,1978,997.3129251700681,40,0,1000000,3000,4
364271,364271,1457084,2737,261,1044,791.0,0.0,791.0,898,898,637.4750957854407,18,0,1000000,3000,4
364364,364364,1457456,2738,93,372,621.0,0.0,621.0,696,696,349.3763440860215,14,0,1000000,3000,4
364398,364398,1457592,2739,34,136,244.0,0.0,244.0,307,307,162.44117647058823,7,0,1000000,3000,4
364587,364587,1458348,2740,189,756,1315.0,0.0,1315.0,1409,1409,734.6613756613757,29,0,1000000,3000,4
364627,364627,1458508,2741,40,160,234.0,0.0,234.0,299,299,166.275,6,0,1000000,3000,4
364779,364779,1459116,2742,152,608,1346.0,0.0,1346.0,1434,1434,717.25,29,0,1000000,3000,4
364873,364873,1459492,2743,94,376,603.0,0.0,603.0,679,679,411.25531914893617,14,0,1000000,3000,4
364912,364912,1459648,2744,39,156,234.0,0.0,234.0,299,299,155.87179487179486,6,0,1000000,3000,4
365041,365041,1460164,2745,129,516,1050.0,0.0,1050.0,1131,1131,619.8527131782946,23,0,1000000,3000,4
365136,365136,1460544,2746,95,380,634.0,0.0,634.0,710,710,382.82105263157894,15,0,1000000,3000,4
365168,365168,1460672,2747,32,128,249.0,0.0,249.0,313,313,154.90625,7,0,1000000,3000,4
365268,365268,1461072,2748,100,400,593.0,0.0,593.0,670,670,409.86,14,0,1000000,3000,4
365348,365348,1461392,2749,80,320,652.0,0.0,652.0,722,722,385.3125,15,0,1000000,3000,4
365388,365388,1461552,2750,40,160,228.0,0.0,228.0,293,293,166.55,6,0,1000000,3000,4
365477,365477,1461908,2751,89,356,627.0,0.0,627.0,702,702,351.1685393258427,15,0,1000000,3000,4
365553,365553,1462212,2752,76,304,616.0,0.0,616.0,689,689,342.57894736842104,14,0,1000000,3000,4
365755,365755,1463020,2753,202,808,1339.0,0.0,1339.0,1437,1437,681.2772277227723,29,0,1000000,3000,4
365787,365787,1463148,2754,32,128,249.0,0.0,249.0,312,312,160.65625,7,0,1000000,3000,4
365862,365862,1463448,2755,75,300,600.0,0.0,600.0,673,673,307.81333333333333,14,0,1000000,3000,4
366013,366013,1464052,2756,151,604,1040.0,0.0,1040.0,1126,1126,614.1920529801324,23,0,1000000,3000,4
366044,366044,1464176,2757,31,124,250.0,0.0,250.0,314,314,150.96774193548387,7,0,1000000,3000,4
366210,366210,1464840,2758,166,664,1148.0,0.0,1148.0,1238,1238,665.2349397590361,25,0,1000000,3000,4
366283,366283,1465132,2759,73,292,613.0,0.0,613.0,685,685,351.7945205479452,14,0,1000000,3000,4
366434,366434,1465736,2760,151,604,813.0,0.0,813.0,898,899,576.7615894039735,18,0,1000000,3000,4
366718,366718,1466872,2761,284,1136,1674.0,0.0,1674.0,1786,1786,860.3591549295775,36,0,1000000,3000,4
366818,366818,1467272,2762,100,400,618.0,0.0,618.0,696,696,374.31,14,0,1000000,3000,4
366852,366852,1467408,2763,34,136,246.0,0.0,246.0,310,310,151.88235294117646,7,0,1000000,3000,4
367003,367003,1468012,2764,151,604,637.0,0.0,637.0,722,722,512.8278145695364,15,0,1000000,3000,4
367164,367164,1468656,2765,161,644,1153.0,0.0,1153.0,1243,1243,590.8571428571429,25,0,1000000,3000,4
367256,367256,1469024,2766,92,368,632.0,0.0,632.0,707,707,369.35869565217394,15,0,1000000,3000,4
367447,367447,1469788,2767,191,764,1320.0,0.0,1320.0,1413,1413,718.4136125654451,29,0,1000000,3000,4
367729,367729,1470916,2768,282,1128,1023.0,0.0,1023.0,1136,1136,717.450354609929,23,0,1000000,3000,4
368042,368042,1472168,2769,313,1252,1903.0,0.0,1903.0,2021,2021,974.6485623003194,41,0,1000000,3000,4
368134,368134,1472536,2770,92,368,623.0,0.0,623.0,699,699,362.6630434782609,14,0,1000000,3000,4
368271,368271,1473084,2771,137,548,816.0,0.0,816.0,898,898,587.8978102189781,18,0,1000000,3000,4
368434,368434,1473736,2772,163,652,745.0,0.0,745.0,835,835,507.3680981595092,17,0,1000000,3000,4
368575,368575,1474300,2773,141,564,607.0,0.0,607.0,692,692,453.79432624113474,14,0,1000000,3000,4
368609,368609,1474436,2774,34,136,238.0,0.0,238.0,301,301,170.23529411764707,7,0,1000000,3000,4
368648,368648,1474592,2775,39,156,235.0,0.0,235.0,300,300,161.66666666666666,7,0,1000000,3000,4
368823,368823,1475292,2776,175,700,1149.0,0.0,1149.0,1242,1242,634.2457142857143,25,0,1000000,3000,4
368911,368911,1475644,2777,88,352,615.0,0.0,615.0,690,690,355.46590909090907,14,0,1000000,3000,4
369003,369003,1476012,2778,92,368,636.0,0.0,636.0,712,712,379.82608695652175,15,0,1000000,3000,4
369249,369249,1476996,2779,246,984,1024.0,0.0,1024.0,1129,1129,704.3048780487804,23,0,1000000,3000,4
369280,369280,1477120,2780,31,124,246.0,0.0,246.0,310,310,156.3548387096774,7,0,1000000,3000,4
369446,369446,1477784,2781,166,664,1154.0,0.0,1154.0,1245,1245,648.277108433735,25,0,1000000,3000,4
369518,369518,1478072,2782,72,288,607.0,0.0,607.0,679,679,331.68055555555554,14,0,1000000,3000,4
369677,369677,1478708,2783,159,636,761.0,0.0,761.0,850,850,558.5974842767296,18,0,1000000,3000,4
369710,369710,1478840,2784,33,132,238.0,0.0,238.0,302,302,161.27272727272728,7,0,1000000,3000,4
369815,369815,1479260,2785,105,420,611.0,0.0,611.0,689,689,383.18095238095236,14,0,1000000,3000,4
369989,369989,1479956,2786,174,696,1039.0,0.0,1039.0,1129,1129,584.9770114942529,23,0,1000000,3000,4
370184,370184,1480736,2787,195,780,1040.0,0.0,1040.0,1136,1136,643.8256410256411,23,0,1000000,3000,4
370289,370289,1481156,2788,105,420,630.0,0.0,630.0,707,707,384.16190476190474,15,0,1000000,3000,4
370486,370486,1481944,2789,197,788,1035.0,0.0,1035.0,1130,1130,686.5177664974619,23,0,1000000,3000,4
370514,370514,1482056,2790,28,112,249.0,0.0,249.0,312,312,156.57142857142858,7,0,1000000,3000,4
370732,370732,1482928,2791,218,872,1028.0,0.0,1028.0,1127,1127,634.1192660550458,23,0,1000000,3000,4
370764,370764,1483056,2792,32,128,241.0,0.0,241.0,304,304,164.28125,7,0,1000000,3000,4
370801,370801,1483204,2793,37,148,234.0,0.0,234.0,298,298,163.51351351351352,6,0,1000000,3000,4
370996,370996,1483984,2794,195,780,1574.0,0.0,1574.0,1671,1671,840.0666666666667,34,0,1000000,3000,4
371092,371092,1484368,2795,96,384,618.0,0.0,618.0,694,694,392.3020833333333,14,0,1000000,3000,4
371349,371349,1485396,2796,257,1028,1419.0,0.0,1419.0,1528,1528,768.9844357976654,31,0,1000000,3000,4
371523,371523,1486092,2797,174,696,1044.0,0.0,1044.0,1135,1135,645.7011494252873,23,0,1000000,3000,4
371607,371607,1486428,2798,84,336,636.0,0.0,636.0,708,708,390.42857142857144,15,0,1000000,3000,4
371748,371748,1486992,2799,141,564,815.0,0.0,815.0,898,899,584.5673758865248,18,0,1000000,3000,4
371782,371782,1487128,2800,34,136,242.0,0.0,242.0,306,306,164.02941176470588,7,0,1000000,3000,4
371812,371812,1487248,2801,30,120,245.0,0.0,245.0,307,307,161.2,7,0,1000000,3000,4
371966,371966,1487864,2802,154,616,1043.0,0.0,1043.0,1129,1129,580.5844155844156,23,0,1000000,3000,4
372077,372077,1488308,2803,111,444,624.0,0.0,624.0,703,703,369.0,15,0,1000000,3000,4
372113,372113,1488452,2804,36,144,242.0,0.0,242.0,306,306,163.47222222222223,7,0,1000000,3000,4
372287,372287,1489148,2805,174,696,1058.0,0.0,1058.0,1150,1150,621.0172413793103,24,0,1000000,3000,4
372374,372374,1489496,2806,87,348,621.0,0.0,621.0,696,696,367.01149425287355,14,0,1000000,3000,4
372410,372410,1489640,2807,36,144,236.0,0.0,236.0,300,300,171.13888888888889,7,0,1000000,3000,4
372657,372657,1490628,2808,247,988,1416.0,0.0,1416.0,1523,1523,736.506072874494,31,0,1000000,3000,4
372691,372691,1490764,2809,34,136,237.0,0.0,237.0,300,300,168.76470588235293,7,0,1000000,3000,4
372925,372925,1491700,2810,234,936,1334.0,0.0,1334.0,1438,1438,689.6282051282051,29,0,1000000,3000,4
373065,373065,1492260,2811,140,560,1044.0,0.0,1044.0,1127,1127,614.6428571428571,23,0,1000000,3000,4
373100,373100,1492400,2812,35,140,236.0,0.0,236.0,300,300,165.4,7,0,1000000,3000,4
373442,373442,1493768,2813,342,1368,1673.0,0.0,1673.0,1799,1799,789.6081871345029,36,0,1000000,3000,4
373551,373551,1494204,2814,109,436,609.0,0.0,609.0,688,688,411.0275229357798,14,0,1000000,3000,4
373585,373585,1494340,2815,34,136,246.0,0.0,246.0,310,310,155.76470588235293,7,0,1000000,3000,4
373663,373663,1494652,2816,78,312,627.0,0.0,627.0,700,700,404.6025641025641,15,0,1000000,3000,4
373850,373850,1495400,2817,187,748,1055.0,0.0,1055.0,1150,1150,655.0588235294117,24,0,1000000,3000,4
373940,373940,1495760,2818,90,360,622.0,0.0,622.0,696,696,381.27777777777777,14,0,1000000,3000,4
373971,373971,1495884,2819,31,124,251.0,0.0,251.0,315,315,155.6451612903226,7,0,1000000,3000,4
374043,374043,1496172,2820,72,288,620.0,0.0,620.0,692,692,351.19444444444446,14,0,1000000,3000,4
374275,374275,1497100,2821,232,928,1853.0,0.0,1853.0,1957,1957,1005.3189655172414,40,0,1000000,3000,4
374371,374371,1497484,2822,96,384,627.0,0.0,627.0,704,704,385.6458333333333,15,0,1000000,3000,4
374405,374405,1497620,2823,34,136,238.0,0.0,238.0,302,302,160.2941176470588,7,0,1000000,3000,4
374480,374480,1497920,2824,75,300,615.0,0.0,615.0,687,687,353.70666666666665,14,0,1000000,3000,4
374694,374694,1498776,2825,214,856,1031.0,0.0,1031.0,1129,1129,663.607476635514,23,0,1000000,3000,4
374725,374725,1498900,2826,31,124,252.0,0.0,252.0,316,316,157.58064516129033,7,0,1000000,3000,4
374760,374760,1499040,2827,35,140,239.0,0.0,239.0,303,303,162.11428571428573,7,0,1000000,3000,4
374900,374900,1499600,2828,140,560,1433.0,0.0,1433.0,1518,1518,761.0642857142857,31,0,1000000,3000,4
374932,374932,1499728,2829,32,128,245.0,0.0,245.0,306,306,162.125,7,0,1000000,3000,4
375029,375029,1500116,2830,97,388,623.0,0.0,623.0,700,700,343.9896907216495,15,0,1000000,3000,4
375197,375197,1500788,2831,168,672,803.0,0.0,803.0,891,898,613.797619047619,18,0,1000000,3000,4
375233,375233,1500932,2832,36,144,242.0,0.0,242.0,307,307,150.27777777777777,7,0,1000000,3000,4
375390,375390,1501560,2833,157,628,1050.0,0.0,1050.0,1137,1137,662.2356687898089,23,0,1000000,3000,4
375466,375466,1501864,2834,76,304,627.0,0.0,627.0,700,700,399.4342105263158,15,0,1000000,3000,4
375592,375592,1502368,2835,126,504,740.0,0.0,740.0,822,822,473.0238095238095,17,0,1000000,3000,4
375827,375827,1503308,2836,235,940,1573.0,0.0,1573.0,1677,1677,777.0255319148936,34,0,1000000,3000,4
376147,376147,1504588,2837,320,1280,1554.0,0.0,1554.0,1676,1676,800.2375,34,0,1000000,3000,4
376246,376246,1504984,2838,99,396,610.0,0.0,610.0,687,687,407.92929292929296,14,0,1000000,3000,4
376279,376279,1505116,2839,33,132,247.0,0.0,247.0,311,311,158.6969696969697,7,0,1000000,3000,4
376314,376314,1505256,2840,35,140,236.0,0.0,236.0,300,300,169.57142857142858,7,0,1000000,3000,4
376350,376350,1505400,2841,36,144,227.0,0.0,227.0,290,290,173.72222222222223,6,0,1000000,3000,4
376388,376388,1505552,2842,38,152,241.0,0.0,241.0,304,306,151.6315789473684,7,0,1000000,3000,4
376633,376633,1506532,2843,245,980,1023.0,0.0,1023.0,1127,1127,647.9306122448979,23,0,1000000,3000,4
376713,376713,1506852,2844,80,320,651.0,0.0,651.0,722,722,375.3625,15,0,1000000,3000,4
376800,376800,1507200,2845,87,348,650.0,0.0,650.0,722,722,390.14942528735634,15,0,1000000,3000,4
376885,376885,1507540,2846,85,340,622.0,0.0,622.0,697,697,355.4470588235294,14,0,1000000,3000,4
376947,376947,1507788,2847,62,248,610.0,0.0,610.0,680,680,327.56451612903226,14,0,1000000,3000,4
377046,377046,1508184,2848,99,396,596.0,0.0,596.0,673,673,419.1212121212121,14,0,1000000,3000,4
377129,377129,1508516,2849,83,332,628.0,0.0,628.0,702,702,387.13253012048193,15,0,1000000,3000,4
377221,377221,1508884,2850,92,368,631.0,0.0,631.0,707,707,359.44565217391306,15,0,1000000,3000,4
377256,377256,1509024,2851,35,140,251.0,0.0,251.0,315,315,136.05714285714285,7,0,1000000,3000,4
377284,377284,1509136,2852,28,112,249.0,0.0,249.0,312,312,157.53571428571428,7,0,1000000,3000,4
377486,377486,1509944,2853,202,808,1336.0,0.0,1336.0,1434,1434,669.980198019802,29,0,1000000,3000,4
377515,377515,1510060,2854,29,116,252.0,0.0,252.0,315,315,161.6551724137931,7,0,1000000,3000,4
377548,377548,1510192,2855,33,132,246.0,0.0,246.0,310,310,146.93939393939394,7,0,1000000,3000,4
377636,377636,1510544,2856,88,352,649.0,0.0,649.0,721,722,370.3863636363636,15,0,1000000,3000,4
377787,377787,1511148,2857,151,604,1041.0,0.0,1041.0,1127,1127,669.7350993377484,23,0,1000000,3000,4
377848,377848,1511392,2858,61,244,609.0,0.0,609.0,679,679,337.37704918032784,14,0,1000000,3000,4
377886,377886,1511544,2859,38,152,248.0,0.0,248.0,313,313,142.6578947368421,7,0,1000000,3000,4
377920,377920,1511680,2860,34,136,246.0,0.0,246.0,310,310,144.7941176470588,7,0,1000000,3000,4
378082,378082,1512328,2861,162,648,1425.0,0.0,1425.0,1514,1514,786.074074074074,31,0,1000000,3000,4
378356,378356,1513424,2862,274,1096,1410.0,0.0,1410.0,1520,1520,770.0875912408759,31,0,1000000,3000,4
378576,378576,1514304,2863,220,880,1034.0,0.0,1034.0,1134,1134,651.4272727272727,23,0,1000000,3000,4
378612,378612,1514448,2864,36,144,249.0,0.0,249.0,313,313,146.94444444444446,7,0,1000000,3000,4
378718,378718,1514872,2865,106,424,604.0,0.0,604.0,682,682,370.2830188679245,14,0,1000000,3000,4
378763,378763,1515052,2866,45,180,221.0,0.0,221.0,288,288,154.22222222222223,6,0,1000000,3000,4
378858,378858,1515432,2867,95,380,627.0,0.0,627.0,703,703,372.81052631578945,15,0,1000000,3000,4
379018,379018,1516072,2868,160,640,751.0,0.0,751.0,840,840,515.8625,17,0,1000000,3000,4
379059,379059,1516236,2869,41,164,236.0,0.0,236.0,302,302,159.609756097561,7,0,1000000,3000,4
379093,379093,1516372,2870,34,136,246.0,0.0,246.0,309,309,161.97058823529412,7,0,1000000,3000,4
379182,379182,1516728,2871,89,356,605.0,0.0,605.0,680,680,252.47191011235955,14,0,1000000,3000,4
379259,379259,1517036,2872,77,308,628.0,0.0,628.0,700,700,353.0779220779221,15,0,1000000,3000,4
379288,379288,1517152,2873,29,116,251.0,0.0,251.0,313,313,161.17241379310346,7,0,1000000,3000,4
379324,379324,1517296,2874,36,144,239.0,0.0,239.0,304,304,154.91666666666666,7,0,1000000,3000,4
379468,379468,1517872,2875,144,576,1045.0,0.0,1045.0,1129,1129,604.4097222222222,23,0,1000000,3000,4
379501,379501,1518004,2876,33,132,238.0,0.0,238.0,302,302,162.96969696969697,7,0,1000000,3000,4
379683,379683,1518732,2877,182,728,1034.0,0.0,1034.0,1126,1126,627.2692307692307,23,0,1000000,3000,4
379895,379895,1519580,2878,212,848,1037.0,0.0,1037.0,1136,1136,687.3254716981132,23,0,1000000,3000,4
379931,379931,1519724,2879,36,144,234.0,0.0,234.0,299,299,166.02777777777777,6,0,1000000,3000,4
380089,380089,1520356,2880,158,632,636.0,0.0,636.0,722,722,502.746835443038,15,0,1000000,3000,4
380128,380128,1520512,2881,39,156,230.0,0.0,230.0,295,295,159.17948717948718,6,0,1000000,3000,4
380237,380237,1520948,2882,109,436,591.0,0.0,591.0,669,669,402.54128440366975,14,0,1000000,3000,4
380559,380559,1522236,2883,322,1288,1672.0,0.0,1672.0,1793,1793,839.8167701863354,36,0,1000000,3000,4
380773,380773,1523092,2884,214,856,1336.0,0.0,1336.0,1436,1436,691.7009345794393,29,0,1000000,3000,4
380915,380915,1523660,2885,142,568,741.0,0.0,741.0,825,825,518.0422535211268,17,0,1000000,3000,4
380948,380948,1523792,2886,33,132,244.0,0.0,244.0,308,308,151.87878787878788,7,0,1000000,3000,4
381339,381339,1525356,2887,391,1564,2623.0,0.0,2623.0,2759,2759,1534.5012787723786,56,0,1000000,3000,4
381535,381535,1526140,2888,196,784,1042.0,0.0,1042.0,1137,1137,662.5510204081633,23,0,1000000,3000,4
381618,381618,1526472,2889,83,332,636.0,0.0,636.0,710,710,373.4096385542169,15,0,1000000,3000,4
381809,381809,1527236,2890,191,764,1035.0,0.0,1035.0,1130,1130,618.1361256544502,23,0,1000000,3000,4
381910,381910,1527640,2891,101,404,617.0,0.0,617.0,694,694,361.03960396039605,14,0,1000000,3000,4
382256,382256,1529024,2892,346,1384,992.0,0.0,992.0,1116,1122,698.6705202312139,23,0,1000000,3000,4
382295,382295,1529180,2893,39,156,236.0,0.0,236.0,300,300,154.30769230769232,7,0,1000000,3000,4
382592,382592,1530368,2894,297,1188,783.0,0.0,783.0,897,899,639.3737373737374,18,0,1000000,3000,4
382640,382640,1530560,2895,48,192,219.0,0.0,219.0,285,285,152.39583333333334,6,0,1000000,3000,4
382685,382685,1530740,2896,45,180,231.0,0.0,231.0,295,295,153.22222222222223,6,0,1000000,3000,4
382899,382899,1531596,2897,214,856,589.0,0.0,589.0,687,687,481.14953271028037,14,0,1000000,3000,4
382940,382940,1531760,2898,41,164,221.0,0.0,221.0,286,286,169.8780487804878,6,0,1000000,3000,4
383239,383239,1532956,2899,299,1196,784.0,0.0,784.0,898,898,627.7491638795987,18,0,1000000,3000,4
383278,383278,1533112,2900,39,156,241.0,0.0,241.0,305,305,150.05128205128204,7,0,1000000,3000,4
383388,383388,1533552,2901,110,440,609.0,0.0,609.0,689,689,365.90909090909093,14,0,1000000,3000,4
383428,383428,1533712,2902,40,160,228.0,0.0,228.0,293,293,167.75,6,0,1000000,3000,4
383938,383938,1535752,2903,510,2040,1845.0,0.0,1845.0,2004,2004,858.8,41,0,1000000,3000,4
383972,383972,1535888,2904,34,136,249.0,0.0,249.0,313,313,146.6764705882353,7,0,1000000,3000,4
384003,384003,1536012,2905,31,124,239.0,0.0,239.0,303,303,164.5483870967742,7,0,1000000,3000,4
384035,384035,1536140,2906,32,128,247.0,0.0,247.0,311,311,152.34375,7,0,1000000,3000,4
384437,384437,1537748,2907,402,1608,1278.0,0.0,1278.0,1413,1413,789.2537313432836,29,0,1000000,3000,4
384477,384477,1537908,2908,40,160,220.0,0.0,220.0,285,285,174.025,6,0,1000000,3000,4
384576,384576,1538304,2909,99,396,600.0,0.0,600.0,677,677,393.45454545454544,14,0,1000000,3000,4
384662,384662,1538648,2910,86,344,613.0,0.0,613.0,687,687,320.6162790697674,14,0,1000000,3000,4
384808,384808,1539232,2911,146,584,797.0,0.0,797.0,884,884,539.8150684931506,18,0,1000000,3000,4
384851,384851,1539404,2912,43,172,232.0,0.0,232.0,296,296,149.02325581395348,6,0,1000000,3000,4
384886,384886,1539544,2913,35,140,249.0,0.0,249.0,313,313,151.71428571428572,7,0,1000000,3000,4
384988,384988,1539952,2914,102,408,613.0,0.0,613.0,690,690,382.5980392156863,14,0,1000000,3000,4
385029,385029,1540116,2915,41,164,231.0,0.0,231.0,295,295,158.02439024390245,6,0,1000000,3000,4
385277,385277,1541108,2916,248,992,1021.0,0.0,1021.0,1126,1126,693.991935483871,23,0,1000000,3000,4
385340,385340,1541360,2917,63,252,610.0,0.0,610.0,680,680,331.8095238095238,14,0,1000000,3000,4
385506,385506,1542024,2918,166,664,792.0,0.0,792.0,883,883,506.5903614457831,18,0,1000000,3000,4
385603,385603,1542412,2919,97,388,626.0,0.0,626.0,703,703,392.3917525773196,15,0,1000000,3000,4
385749,385749,1542996,2920,146,584,762.0,0.0,762.0,849,849,526.6712328767123,17,0,1000000,3000,4
385910,385910,1543640,2921,161,644,618.0,0.0,618.0,707,707,461.9627329192547,15,0,1000000,3000,4
386009,386009,1544036,2922,99,396,624.0,0.0,624.0,701,701,385.95959595959596,15,0,1000000,3000,4
386219,386219,1544876,2923,210,840,1334.0,0.0,1334.0,1434,1434,679.8761904761905,29,0,1000000,3000,4
386362,386362,1545448,2924,143,572,815.0,0.0,815.0,898,898,576.4055944055945,18,0,1000000,3000,4
386815,386815,1547260,2925,453,1812,1095.0,0.0,1095.0,1243,1243,700.6556291390729,25,0,1000000,3000,4
386888,386888,1547552,2926,73,292,611.0,0.0,611.0,683,683,323.47945205479454,14,0,1000000,3000,4
387174,387174,1548696,2927,286,1144,785.0,0.0,785.0,897,899,686.0034965034965,18,0,1000000,3000,4
387209,387209,1548836,2928,35,140,237.0,0.0,237.0,302,302,164.6,7,0,1000000,3000,4
387479,387479,1549916,2929,270,1080,1410.0,0.0,1410.0,1520,1520,752.825925925926,31,0,1000000,3000,4
387682,387682,1550728,2930,203,812,1034.0,0.0,1034.0,1130,1130,596.9901477832512,23,0,1000000,3000,4
388168,388168,1552672,2931,486,1944,1631.0,0.0,1631.0,1785,1785,822.2901234567901,36,0,1000000,3000,4
388265,388265,1553060,2932,97,388,627.0,0.0,627.0,703,703,366.4845360824742,15,0,1000000,3000,4
388469,388469,1553876,2933,204,816,1573.0,0.0,1573.0,1670,1670,818.3872549019608,34,0,1000000,3000,4
388561,388561,1554244,2934,92,368,626.0,0.0,626.0,701,701,387.9673913043478,15,0,1000000,3000,4
388636,388636,1554544,2935,75,300,606.0,0.0,606.0,679,679,320.4,14,0,1000000,3000,4
388820,388820,1555280,2936,184,736,756.0,0.0,756.0,850,850,535.4402173913044,18,0,1000000,3000,4
388918,388918,1555672,2937,98,392,648.0,0.0,648.0,722,722,352.53061224489795,15,0,1000000,3000,4
389027,389027,1556108,2938,109,436,613.0,0.0,613.0,691,691,385.64220183486236,14,0,1000000,3000,4
389211,389211,1556844,2939,184,736,775.0,0.0,775.0,867,867,514.7336956521739,18,0,1000000,3000,4
389533,389533,1558132,2940,322,1288,1893.0,0.0,1893.0,2014,2014,959.7049689440994,41,0,1000000,3000,4
389912,389912,1559648,2941,379,1516,736.0,0.0,736.0,869,869,638.2928759894459,18,0,1000000,3000,4
389985,389985,1559940,2942,73,292,638.0,0.0,638.0,709,709,386.64383561643837,15,0,1000000,3000,4
390068,390068,1560272,2943,83,332,617.0,0.0,617.0,690,690,346.2048192771084,14,0,1000000,3000,4
390108,390108,1560432,2944,40,160,232.0,0.0,232.0,296,296,159.75,6,0,1000000,3000,4
390300,390300,1561200,2945,192,768,1132.0,0.0,1132.0,1227,1227,633.5364583333334,25,0,1000000,3000,4
390626,390626,1562504,2946,326,1304,1288.0,0.0,1288.0,1410,1410,780.7852760736197,29,0,1000000,3000,4
390865,390865,1563460,2947,239,956,1127.0,0.0,1127.0,1230,1230,699.5564853556485,25,0,1000000,3000,4
391228,391228,1564912,2948,363,1452,1824.0,0.0,1824.0,1954,1954,920.3994490358127,40,0,1000000,3000,4
391263,391263,1565052,2949,35,140,235.0,0.0,235.0,299,299,166.14285714285714,6,0,1000000,3000,4
391525,391525,1566100,2950,262,1048,1306.0,0.0,1306.0,1414,1414,732.0610687022901,29,0,1000000,3000,4
391617,391617,1566468,2951,92,368,620.0,0.0,620.0,696,696,389.9347826086956,14,0,1000000,3000,4
391647,391647,1566588,2952,30,120,245.0,0.0,245.0,309,309,159.46666666666667,7,0,1000000,3000,4
391751,391751,1567004,2953,104,416,618.0,0.0,618.0,695,695,392.16346153846155,14,0,1000000,3000,4
392077,392077,1568308,2954,326,1304,1402.0,0.0,1402.0,1525,1525,747.6319018404907,31,0,1000000,3000,4
392153,392153,1568612,2955,76,304,616.0,0.0,616.0,688,688,338.35526315789474,14,0,1000000,3000,4
392310,392310,1569240,2956,157,628,749.0,0.0,749.0,838,838,560.6369426751593,17,0,1000000,3000,4
392412,392412,1569648,2957,102,408,616.0,0.0,616.0,693,693,387.95098039215685,14,0,1000000,3000,4
392620,392620,1570480,2958,208,832,1325.0,0.0,1325.0,1423,1423,708.0240384615385,29,0,1000000,3000,4
392912,392912,1571648,2959,292,1168,1319.0,0.0,1319.0,1435,1435,759.1541095890411,29,0,1000000,3000,4
393450,393450,1573800,2960,538,2152,1847.0,0.0,1847.0,2011,2011,845.507434944238,41,0,1000000,3000,4
393486,393486,1573944,2961,36,144,243.0,0.0,243.0,307,307,157.52777777777777,7,0,1000000,3000,4
393592,393592,1574368,2962,106,424,617.0,0.0,617.0,696,696,378.4433962264151,14,0,1000000,3000,4
393898,393898,1575592,2963,306,1224,1016.0,0.0,1016.0,1134,1134,688.1470588235294,23,0,1000000,3000,4
393927,393927,1575708,2964,29,116,249.0,0.0,249.0,312,312,158.13793103448276,7,0,1000000,3000,4
393965,393965,1575860,2965,38,152,225.0,0.0,225.0,289,289,170.97368421052633,6,0,1000000,3000,4
394145,394145,1576580,2966,180,720,1323.0,0.0,1323.0,1414,1414,662.5611111111111,29,0,1000000,3000,4
394210,394210,1576840,2967,65,260,617.0,0.0,617.0,687,687,351.53846153846155,14,0,1000000,3000,4
394239,394239,1576956,2968,29,116,248.0,0.0,248.0,311,311,162.86206896551724,7,0,1000000,3000,4
394307,394307,1577228,2969,68,272,606.0,0.0,606.0,677,677,334.5147058823529,14,0,1000000,3000,4
394473,394473,1577892,2970,166,664,810.0,0.0,810.0,898,898,578.6746987951807,18,0,1000000,3000,4
394850,394850,1579400,2971,377,1508,992.0,0.0,992.0,1122,1124,668.445623342175,23,0,1000000,3000,4
394887,394887,1579548,2972,37,148,246.0,0.0,246.0,311,311,134.1891891891892,7,0,1000000,3000,4
395171,395171,1580684,2973,284,1136,1314.0,0.0,1314.0,1428,1428,747.7464788732394,29,0,1000000,3000,4
395463,395463,1581852,2974,292,1168,1318.0,0.0,1318.0,1434,1434,711.1335616438356,29,0,1000000,3000,4
395493,395493,1581972,2975,30,120,242.0,0.0,242.0,305,305,158.93333333333334,7,0,1000000,3000,4
395715,395715,1582860,2976,222,888,1919.0,0.0,1919.0,2020,2020,943.5,41,0,1000000,3000,4
395776,395776,1583104,2977,61,244,609.0,0.0,609.0,678,678,340.4918032786885,14,0,1000000,3000,4
395911,395911,1583644,2978,135,540,640.0,0.0,640.0,722,722,499.9037037037037,15,0,1000000,3000,4
396077,396077,1584308,2979,166,664,710.0,0.0,710.0,801,801,580.8915662650602,17,0,1000000,3000,4
396168,396168,1584672,2980,91,364,631.0,0.0,631.0,707,707,401.010989010989,15,0,1000000,3000,4
396249,396249,1584996,2981,81,324,612.0,0.0,612.0,686,686,356.4567901234568,14,0,1000000,3000,4
396349,396349,1585396,2982,100,400,598.0,0.0,598.0,674,674,405.16,14,0,1000000,3000,4
396382,396382,1585528,2983,33,132,249.0,0.0,249.0,313,313,155.72727272727272,7,0,1000000,3000,4
396416,396416,1585664,2984,34,136,234.0,0.0,234.0,297,297,172.97058823529412,6,0,1000000,3000,4
396446,396446,1585784,2985,30,120,251.0,0.0,251.0,314,314,158.16666666666666,7,0,1000000,3000,4
396564,396564,1586256,2986,118,472,741.0,0.0,741.0,821,821,506.59322033898303,17,0,1000000,3000,4
396598,396598,1586392,2987,34,136,235.0,0.0,235.0,298,298,171.5,6,0,1000000,3000,4
396780,396780,1587120,2988,182,728,1315.0,0.0,1315.0,1407,1407,725.1373626373627,29,0,1000000,3000,4
396841,396841,1587364,2989,61,244,611.0,0.0,611.0,681,681,341.04918032786884,14,0,1000000,3000,4
397045,397045,1588180,2990,204,816,1574.0,0.0,1574.0,1672,1672,815.3284313725491,34,0,1000000,3000,4
397237,397237,1588948,2991,192,768,1036.0,0.0,1036.0,1130,1130,598.46875,23,0,1000000,3000,4
397271,397271,1589084,2992,34,136,240.0,0.0,240.0,304,304,160.91176470588235,7,0,1000000,3000,4
397415,397415,1589660,2993,144,576,1045.0,0.0,1045.0,1129,1129,579.9166666666666,23,0,1000000,3000,4
397506,397506,1590024,2994,91,364,631.0,0.0,631.0,707,707,374.25274725274727,15,0,1000000,3000,4
397690,397690,1590760,2995,184,736,1038.0,0.0,1038.0,1130,1130,647.0,23,0,1000000,3000,4
397852,397852,1591408,2996,162,648,1037.0,0.0,1037.0,1125,1125,618.574074074074,23,0,1000000,3000,4
397991,397991,1591964,2997,139,556,640.0,0.0,640.0,722,722,530.7913669064748,15,0,1000000,3000,4
398068,398068,1592272,2998,77,308,635.0,0.0,635.0,708,708,391.8051948051948,15,0,1000000,3000,4
398104,398104,1592416,2999,36,144,240.0,0.0,240.0,303,303,158.88888888888889,7,0,1000000,3000,4
398176,398176,1592704,3000,72,288,612.0,0.0,612.0,683,683,333.5833333333333,14,0,1000000,3000,4
398317,398317,1593268,3001,141,564,639.0,0.0,639.0,722,723,515.418439716312,15,0,1000000,3000,4
398507,398507,1594028,3002,190,760,1323.0,0.0,1323.0,1416,1416,781.8315789473684,29,0,1000000,3000,4
398656,398656,1594624,3003,149,596,713.0,0.0,713.0,799,799,491.8523489932886,16,0,1000000,3000,4
399103,399103,1596412,3004,447,1788,1381.0,0.0,1381.0,1528,1528,809.8859060402684,31,0,1000000,3000,4
399265,399265,1597060,3005,162,648,708.0,0.0,708.0,797,797,497.320987654321,16,0,1000000,3000,4
399295,399295,1597180,3006,30,120,246.0,0.0,246.0,310,310,153.8,7,0,1000000,3000,4
399332,399332,1597328,3007,37,148,231.0,0.0,231.0,295,295,164.54054054054055,6,0,1000000,3000,4
399467,399467,1597868,3008,135,540,742.0,0.0,742.0,827,827,515.6222222222223,17,0,1000000,3000,4
399792,399792,1599168,3009,325,1300,1398.0,0.0,1398.0,1521,1521,781.7076923076924,31,0,1000000,3000,4
399874,399874,1599496,3010,82,328,626.0,0.0,626.0,700,700,359.890243902439,15,0,1000000,3000,4
399967,399967,1599868,3011,93,372,625.0,0.0,625.0,701,701,340.78494623655916,15,0,1000000,3000,4
400074,400074,1600296,3012,107,428,612.0,0.0,612.0,690,690,383.8317757009346,14,0,1000000,3000,4
400111,400111,1600444,3013,37,148,237.0,0.0,237.0,301,301,167.78378378378378,7,0,1000000,3000,4
400356,400356,1601424,3014,245,980,1330.0,0.0,1330.0,1436,1436,721.4040816326531,29,0,1000000,3000,4
400437,400437,1601748,3015,81,324,633.0,0.0,633.0,707,707,393.9259259259259,15,0,1000000,3000,4
400518,400518,1602072,3016,81,324,627.0,0.0,627.0,701,701,349.962962962963,15,0,1000000,3000,4
400550,400550,1602200,3017,32,128,247.0,0.0,247.0,310,310,154.375,7,0,1000000,3000,4
400874,400874,1603496,3018,324,1296,1304.0,0.0,1304.0,1425,1425,719.7067901234568,29,0,1000000,3000,4
400906,400906,1603624,3019,32,128,244.0,0.0,244.0,308,308,153.125,7,0,1000000,3000,4
400935,400935,1603740,3020,29,116,248.0,0.0,248.0,311,311,156.6551724137931,7,0,1000000,3000,4
400972,400972,1603888,3021,37,148,234.0,0.0,234.0,298,298,170.8108108108108,6,0,1000000,3000,4
401003,401003,1604012,3022,31,124,251.0,0.0,251.0,315,315,154.5483870967742,7,0,1000000,3000,4
401222,401222,1604888,3023,219,876,1026.0,0.0,1026.0,1125,1125,634.9223744292237,23,0,1000000,3000,4
401311,401311,1605244,3024,89,356,617.0,0.0,617.0,692,692,397.4269662921348,14,0,1000000,3000,4
401458,401458,1605832,3025,147,588,1043.0,0.0,1043.0,1127,1127,645.6326530612245,23,0,1000000,3000,4
401593,401593,1606372,3026,135,540,641.0,0.0,641.0,722,723,528.4814814814815,15,0,1000000,3000,4
401627,401627,1606508,3027,34,136,236.0,0.0,236.0,299,299,171.5,6,0,1000000,3000,4
401714,401714,1606856,3028,87,348,601.0,0.0,601.0,676,676,417.14942528735634,14,0,1000000,3000,4
401805,401805,1607220,3029,91,364,627.0,0.0,627.0,702,702,377.5824175824176,15,0,1000000,3000,4
401884,401884,1607536,3030,79,316,611.0,0.0,611.0,684,684,340.73417721518985,14,0,1000000,3000,4
401916,401916,1607664,3031,32,128,240.0,0.0,240.0,303,303,160.5,7,0,1000000,3000,4
401990,401990,1607960,3032,74,296,616.0,0.0,616.0,688,688,351.94594594594594,14,0,1000000,3000,4
402095,402095,1608380,3033,105,420,1054.0,0.0,1054.0,1130,1130,565.5714285714286,23,0,1000000,3000,4
402187,402187,1608748,3034,92,368,633.0,0.0,633.0,709,709,383.9673913043478,15,0,1000000,3000,4
402371,402371,1609484,3035,184,736,1323.0,0.0,1323.0,1415,1415,709.6195652173913,29,0,1000000,3000,4
402403,402403,1609612,3036,32,128,241.0,0.0,241.0,304,304,157.125,7,0,1000000,3000,4
402491,402491,1609964,3037,88,352,650.0,0.0,650.0,722,723,382.125,15,0,1000000,3000,4
402635,402635,1610540,3038,144,576,639.0,0.0,639.0,722,722,524.8194444444445,15,0,1000000,3000,4
402666,402666,1610664,3039,31,124,250.0,0.0,250.0,314,314,152.4516129032258,7,0,1000000,3000,4
402831,402831,1611324,3040,165,660,582.0,0.0,582.0,672,672,480.07272727272726,14,0,1000000,3000,4
402866,402866,1611464,3041,35,140,233.0,0.0,233.0,295,295,169.0,6,0,1000000,3000,4
403043,403043,1612172,3042,177,708,808.0,0.0,808.0,898,898,596.0112994350283,18,0,1000000,3000,4
403074,403074,1612296,3043,31,124,246.0,0.0,246.0,310,310,166.7741935483871,7,0,1000000,3000,4
403117,403117,1612468,3044,43,172,226.0,0.0,226.0,291,291,158.90697674418604,6,0,1000000,3000,4
403223,403223,1612892,3045,106,424,614.0,0.0,614.0,692,692,392.1320754716981,14,0,1000000,3000,4
403265,403265,1613060,3046,42,168,223.0,0.0,223.0,288,288,167.97619047619048,6,0,1000000,3000,4
403302,403302,1613208,3047,37,148,232.0,0.0,232.0,296,296,163.67567567567568,6,0,1000000,3000,4
403339,403339,1613356,3048,37,148,235.0,0.0,235.0,299,299,165.59459459459458,6,0,1000000,3000,4
403556,403556,1614224,3049,217,868,714.0,0.0,714.0,813,813,595.483870967742,17,0,1000000,3000,4
403625,403625,1614500,3050,69,276,620.0,0.0,620.0,690,690,363.40579710144925,14,0,1000000,3000,4
403933,403933,1615732,3051,308,1232,1019.0,0.0,1019.0,1136,1136,688.2954545454545,23,0,1000000,3000,4
404013,404013,1616052,3052,80,320,635.0,0.0,635.0,708,708,372.025,15,0,1000000,3000,4
404238,404238,1616952,3053,225,900,1340.0,0.0,1340.0,1442,1442,719.8311111111111,29,0,1000000,3000,4
404392,404392,1617568,3054,154,616,1045.0,0.0,1045.0,1132,1132,610.2532467532468,23,0,1000000,3000,4
404526,404526,1618104,3055,134,536,1046.0,0.0,1046.0,1128,1128,627.7089552238806,23,0,1000000,3000,4
404696,404696,1618784,3056,170,680,1336.0,0.0,1336.0,1427,1427,674.5882352941177,29,0,1000000,3000,4
404859,404859,1619436,3057,163,652,811.0,0.0,811.0,898,898,529.1165644171779,18,0,1000000,3000,4
405037,405037,1620148,3058,178,712,808.0,0.0,808.0,898,898,528.5112359550562,18,0,1000000,3000,4
405076,405076,1620304,3059,39,156,237.0,0.0,237.0,302,302,149.84615384615384,7,0,1000000,3000,4
405170,405170,1620680,3060,94,376,613.0,0.0,613.0,688,688,392.7659574468085,14,0,1000000,3000,4
405201,405201,1620804,3061,31,124,248.0,0.0,248.0,312,312,156.83870967741936,7,0,1000000,3000,4
405323,405323,1621292,3062,122,488,730.0,0.0,730.0,811,811,483.672131147541,17,0,1000000,3000,4
405487,405487,1621948,3063,164,656,1036.0,0.0,1036.0,1123,1123,636.0914634146342,23,0,1000000,3000,4
405743,405743,1622972,3064,256,1024,1414.0,0.0,1414.0,1521,1521,710.24609375,31,0,1000000,3000,4
405780,405780,1623120,3065,37,148,227.0,0.0,227.0,291,291,171.72972972972974,6,0,1000000,3000,4
405873,405873,1623492,3066,93,372,624.0,0.0,624.0,699,699,371.98924731182797,14,0,1000000,3000,4
405908,405908,1623632,3067,35,140,244.0,0.0,244.0,307,307,157.05714285714285,7,0,1000000,3000,4
405991,405991,1623964,3068,83,332,618.0,0.0,618.0,692,692,348.7710843373494,14,0,1000000,3000,4
406026,406026,1624104,3069,35,140,241.0,0.0,241.0,306,306,146.9142857142857,7,0,1000000,3000,4
406113,406113,1624452,3070,87,348,629.0,0.0,629.0,704,704,406.1034482758621,15,0,1000000,3000,4
406144,406144,1624576,3071,31,124,246.0,0.0,246.0,309,309,162.1290322580645,7,0,1000000,3000,4
406344,406344,1625376,3072,200,800,1033.0,0.0,1033.0,1128,1128,645.12,23,0,1000000,3000,4
406373,406373,1625492,3073,29,116,248.0,0.0,248.0,311,311,158.58620689655172,7,0,1000000,3000,4
406410,406410,1625640,3074,37,148,229.0,0.0,229.0,293,293,169.9189189189189,6,0,1000000,3000,4
406551,406551,1626204,3075,141,564,1053.0,0.0,1053.0,1138,1138,567.2411347517731,23,0,1000000,3000,4
406581,406581,1626324,3076,30,120,248.0,0.0,248.0,310,310,156.5,7,0,1000000,3000,4
406653,406653,1626612,3077,72,288,606.0,0.0,606.0,677,677,331.2361111111111,14,0,1000000,3000,4
406842,406842,1627368,3078,189,756,1034.0,0.0,1034.0,1127,1127,665.015873015873,23,0,1000000,3000,4
407069,407069,1628276,3079,227,908,1315.0,0.0,1315.0,1416,1416,779.9118942731277,29,0,1000000,3000,4
407151,407151,1628604,3080,82,328,633.0,0.0,633.0,706,706,375.890243902439,15,0,1000000,3000,4
407358,407358,1629432,3081,207,828,1038.0,0.0,1038.0,1136,1136,602.8792270531401,23,0,1000000,3000,4
407392,407392,1629568,3082,34,136,236.0,0.0,236.0,298,298,171.05882352941177,6,0,1000000,3000,4
407570,407570,1630280,3083,178,712,1326.0,0.0,1326.0,1417,1417,679.4719101123595,29,0,1000000,3000,4
407609,407609,1630436,3084,39,156,238.0,0.0,238.0,301,301,156.53846153846155,7,0,1000000,3000,4
407705,407705,1630820,3085,96,384,595.0,0.0,595.0,671,671,405.5208333333333,14,0,1000000,3000,4
407784,407784,1631136,3086,79,316,610.0,0.0,610.0,682,682,332.5189873417722,14,0,1000000,3000,4
407818,407818,1631272,3087,34,136,244.0,0.0,244.0,307,307,158.94117647058823,7,0,1000000,3000,4
407856,407856,1631424,3088,38,152,231.0,0.0,231.0,295,295,165.94736842105263,6,0,1000000,3000,4
407892,407892,1631568,3089,36,144,246.0,0.0,246.0,310,310,149.30555555555554,7,0,1000000,3000,4
408228,408228,1632912,3090,336,1344,1391.0,0.0,1391.0,1515,1515,756.0357142857143,31,0,1000000,3000,4
408487,408487,1633948,3091,259,1036,1018.0,0.0,1018.0,1124,1124,703.7413127413128,23,0,1000000,3000,4
408614,408614,1634456,3092,127,508,738.0,0.0,738.0,820,820,476.3937007874016,17,0,1000000,3000,4
408805,408805,1635220,3093,191,764,1042.0,0.0,1042.0,1137,1137,646.5287958115183,23,0,1000000,3000,4
408923,408923,1635692,3094,118,472,743.0,0.0,743.0,823,823,471.8050847457627,17,0,1000000,3000,4
408958,408958,1635832,3095,35,140,249.0,0.0,249.0,314,314,148.77142857142857,7,0,1000000,3000,4
409244,409244,1636976,3096,286,1144,1126.0,0.0,1126.0,1240,1240,661.8111888111888,25,0,1000000,3000,4
409501,409501,1638004,3097,257,1028,1638.0,0.0,1638.0,1745,1745,929.6031128404669,35,0,1000000,3000,4
409540,409540,1638160,3098,39,156,236.0,0.0,236.0,299,299,157.25641025641025,6,0,1000000,3000,4
409576,409576,1638304,3099,36,144,242.0,0.0,242.0,306,306,159.86111111111111,7,0,1000000,3000,4
409624,409624,1638496,3100,48,192,223.0,0.0,223.0,289,289,156.16666666666666,6,0,1000000,3000,4
409802,409802,1639208,3101,178,712,731.0,0.0,731.0,824,824,498.2752808988764,17,0,1000000,3000,4
409963,409963,1639852,3102,161,644,757.0,0.0,757.0,846,846,484.0496894409938,17,0,1000000,3000,4
410077,410077,1640308,3103,114,456,621.0,0.0,621.0,701,701,344.4035087719298,15,0,1000000,3000,4
410113,410113,1640452,3104,36,144,245.0,0.0,245.0,308,308,153.55555555555554,7,0,1000000,3000,4
410208,410208,1640832,3105,95,380,606.0,0.0,606.0,681,681,315.9789473684211,14,0,1000000,3000,4
410308,410308,1641232,3106,100,400,602.0,0.0,602.0,679,679,321.86,14,0,1000000,3000,4
410342,410342,1641368,3107,34,136,246.0,0.0,246.0,310,310,151.91176470588235,7,0,1000000,3000,4
410385,410385,1641540,3108,43,172,228.0,0.0,228.0,293,293,157.67441860465115,6,0,1000000,3000,4
410422,410422,1641688,3109,37,148,236.0,0.0,236.0,300,300,161.35135135135135,7,0,1000000,3000,4
410457,410457,1641828,3110,35,140,241.0,0.0,241.0,305,305,163.02857142857144,7,0,1000000,3000,4
410495,410495,1641980,3111,38,152,238.0,0.0,238.0,302,302,154.26315789473685,7,0,1000000,3000,4
410529,410529,1642116,3112,34,136,244.0,0.0,244.0,308,308,150.76470588235293,7,0,1000000,3000,4
410684,410684,1642736,3113,155,620,1038.0,0.0,1038.0,1124,1124,639.2,23,0,1000000,3000,4
410787,410787,1643148,3114,103,412,617.0,0.0,617.0,695,695,332.05825242718447,14,0,1000000,3000,4
410894,410894,1643576,3115,107,428,601.0,0.0,601.0,680,680,344.1214953271028,14,0,1000000,3000,4
410988,410988,1643952,3116,94,376,628.0,0.0,628.0,704,704,355.97872340425533,15,0,1000000,3000,4
411209,411209,1644836,3117,221,884,1308.0,0.0,1308.0,1409,1409,687.2398190045249,29,0,1000000,3000,4
411245,411245,1644980,3118,36,144,247.0,0.0,247.0,311,311,146.63888888888889,7,0,1000000,3000,4
411279,411279,1645116,3119,34,136,244.0,0.0,244.0,307,307,153.02941176470588,7,0,1000000,3000,4
411317,411317,1645268,3120,38,152,231.0,0.0,231.0,295,295,164.8684210526316,6,0,1000000,3000,4
411462,411462,1645848,3121,145,580,727.0,0.0,727.0,812,812,494.11724137931037,17,0,1000000,3000,4
411497,411497,1645988,3122,35,140,249.0,0.0,249.0,312,312,155.4857142857143,7,0,1000000,3000,4
411703,411703,1646812,3123,206,824,1325.0,0.0,1325.0,1423,1423,767.4417475728155,29,0,1000000,3000,4
411784,411784,1647136,3124,81,324,635.0,0.0,635.0,709,709,371.5308641975309,15,0,1000000,3000,4
411824,411824,1647296,3125,40,160,233.0,0.0,233.0,296,296,164.325,6,0,1000000,3000,4
411919,411919,1647676,3126,95,380,731.0,0.0,731.0,808,808,423.86315789473684,17,0,1000000,3000,4
412011,412011,1648044,3127,92,368,624.0,0.0,624.0,700,700,367.94565217391306,15,0,1000000,3000,4
412227,412227,1648908,3128,216,864,1028.0,0.0,1028.0,1127,1127,676.3472222222222,23,0,1000000,3000,4
412304,412304,1649216,3129,77,308,624.0,0.0,624.0,697,697,353.93506493506493,14,0,1000000,3000,4
412337,412337,1649348,3130,33,132,244.0,0.0,244.0,308,308,159.03030303030303,7,0,1000000,3000,4
412575,412575,1650300,3131,238,952,1028.0,0.0,1028.0,1131,1131,701.8487394957983,23,0,1000000,3000,4
412671,412671,1650684,3132,96,384,618.0,0.0,618.0,695,695,407.6875,14,0,1000000,3000,4
412702,412702,1650808,3133,31,124,249.0,0.0,249.0,313,313,154.6451612903226,7,0,1000000,3000,4
412740,412740,1650960,3134,38,152,236.0,0.0,236.0,300,300,155.52631578947367,7,0,1000000,3000,4
412771,412771,1651084,3135,31,124,242.0,0.0,242.0,306,306,156.8709677419355,7,0,1000000,3000,4
412958,412958,1651832,3136,187,748,1036.0,0.0,1036.0,1129,1129,638.8609625668449,23,0,1000000,3000,4
412988,412988,1651952,3137,30,120,250.0,0.0,250.0,313,313,156.16666666666666,7,0,1000000,3000,4
413087,413087,1652348,3138,99,396,623.0,0.0,623.0,699,699,389.6060606060606,14,0,1000000,3000,4
413225,413225,1652900,3139,138,552,775.0,0.0,775.0,860,860,553.6594202898551,18,0,1000000,3000,4
413254,413254,1653016,3140,29,116,250.0,0.0,250.0,313,313,158.72413793103448,7,0,1000000,3000,4
413317,413317,1653268,3141,63,252,615.0,0.0,615.0,685,685,342.92063492063494,14,0,1000000,3000,4
413532,413532,1654128,3142,215,860,1304.0,0.0,1304.0,1403,1403,698.1302325581395,29,0,1000000,3000,4
413755,413755,1655020,3143,223,892,1332.0,0.0,1332.0,1434,1434,696.8385650224216,29,0,1000000,3000,4
413789,413789,1655156,3144,34,136,238.0,0.0,238.0,301,301,167.2941176470588,7,0,1000000,3000,4
413876,413876,1655504,3145,87,348,616.0,0.0,616.0,691,691,388.1034482758621,14,0,1000000,3000,4
414075,414075,1656300,3146,199,796,748.0,0.0,748.0,845,845,543.8040201005025,17,0,1000000,3000,4
414483,414483,1657932,3147,408,1632,2329.0,0.0,2329.0,2466,2468,1283.9436274509803,50,0,1000000,3000,4
414515,414515,1658060,3148,32,128,242.0,0.0,242.0,305,305,159.3125,7,0,1000000,3000,4
414547,414547,1658188,3149,32,128,252.0,0.0,252.0,316,316,150.59375,7,0,1000000,3000,4
414632,414632,1658528,3150,85,340,624.0,0.0,624.0,699,699,395.8941176470588,14,0,1000000,3000,4
414724,414724,1658896,3151,92,368,609.0,0.0,609.0,684,684,398.4021739130435,14,0,1000000,3000,4
414755,414755,1659020,3152,31,124,248.0,0.0,248.0,312,312,156.16129032258064,7,0,1000000,3000,4
414906,414906,1659624,3153,151,604,728.0,0.0,728.0,815,815,511.50331125827813,17,0,1000000,3000,4
415036,415036,1660144,3154,130,520,622.0,0.0,622.0,705,705,395.23846153846154,15,0,1000000,3000,4
415070,415070,1660280,3155,34,136,246.0,0.0,246.0,310,310,157.6764705882353,7,0,1000000,3000,4
415100,415100,1660400,3156,30,120,244.0,0.0,244.0,308,308,154.76666666666668,7,0,1000000,3000,4
415138,415138,1660552,3157,38,152,231.0,0.0,231.0,296,296,158.39473684210526,6,0,1000000,3000,4
415216,415216,1660864,3158,78,312,607.0,0.0,607.0,680,680,331.3974358974359,14,0,1000000,3000,4
415422,415422,1661688,3159,206,824,1326.0,0.0,1326.0,1425,1425,725.3883495145631,29,0,1000000,3000,4
415674,415674,1662696,3160,252,1008,1321.0,0.0,1321.0,1429,1429,687.3373015873016,29,0,1000000,3000,4
415758,415758,1663032,3161,84,336,610.0,0.0,610.0,684,684,333.17857142857144,14,0,1000000,3000,4
415893,415893,1663572,3162,135,540,1045.0,0.0,1045.0,1127,1127,551.8962962962963,23,0,1000000,3000,4
415990,415990,1663960,3163,97,388,619.0,0.0,619.0,696,696,396.89690721649487,14,0,1000000,3000,4
416126,416126,1664504,3164,136,544,816.0,0.0,816.0,898,900,537.3014705882352,19,0,1000000,3000,4
416163,416163,1664652,3165,37,148,223.0,0.0,223.0,287,287,174.51351351351352,6,0,1000000,3000,4
416263,416263,1665052,3166,100,400,636.0,0.0,636.0,713,713,371.99,15,0,1000000,3000,4
416345,416345,1665380,3167,82,328,637.0,0.0,637.0,711,711,370.4878048780488,15,0,1000000,3000,4
416423,416423,1665692,3168,78,312,620.0,0.0,620.0,693,693,348.8076923076923,14,0,1000000,3000,4
416455,416455,1665820,3169,32,128,244.0,0.0,244.0,308,308,155.53125,7,0,1000000,3000,4
416630,416630,1666520,3170,175,700,1057.0,0.0,1057.0,1149,1149,600.1657142857143,23,0,1000000,3000,4
416901,416901,1667604,3171,271,1084,1906.0,0.0,1906.0,2018,2018,960.4280442804428,41,0,1000000,3000,4
417082,417082,1668328,3172,181,724,1341.0,0.0,1341.0,1435,1435,690.707182320442,29,0,1000000,3000,4
417241,417241,1668964,3173,159,636,1331.0,0.0,1331.0,1418,1418,672.7169811320755,29,0,1000000,3000,4
417309,417309,1669236,3174,68,272,610.0,0.0,610.0,681,681,329.72058823529414,14,0,1000000,3000,4
417410,417410,1669640,3175,101,404,609.0,0.0,609.0,686,686,396.019801980198,14,0,1000000,3000,4
417551,417551,1670204,3176,141,564,770.0,0.0,770.0,855,855,526.8723404255319,18,0,1000000,3000,4
417720,417720,1670880,3177,169,676,1037.0,0.0,1037.0,1126,1126,582.4733727810651,23,0,1000000,3000,4
417890,417890,1671560,3178,170,680,1036.0,0.0,1036.0,1125,1125,575.8176470588236,23,0,1000000,3000,4
418076,418076,1672304,3179,186,744,806.0,0.0,806.0,898,898,567.8763440860215,18,0,1000000,3000,4
418197,418197,1672788,3180,121,484,627.0,0.0,627.0,708,708,356.91735537190084,15,0,1000000,3000,4
418339,418339,1673356,3181,142,568,742.0,0.0,742.0,827,827,501.07042253521126,17,0,1000000,3000,4
418464,418464,1673856,3182,125,500,585.0,0.0,585.0,666,666,455.536,14,0,1000000,3000,4
418631,418631,1674524,3183,167,668,810.0,0.0,810.0,898,898,578.8203592814372,18,0,1000000,3000,4
418735,418735,1674940,3184,104,416,613.0,0.0,613.0,690,690,402.03846153846155,14,0,1000000,3000,4
418772,418772,1675088,3185,37,148,238.0,0.0,238.0,303,303,163.40540540540542,7,0,1000000,3000,4
418988,418988,1675952,3186,216,864,1424.0,0.0,1424.0,1525,1525,743.8425925925926,31,0,1000000,3000,4
419063,419063,1676252,3187,75,300,612.0,0.0,612.0,684,684,342.97333333333336,14,0,1000000,3000,4
419260,419260,1677040,3188,197,788,1336.0,0.0,1336.0,1433,1433,683.7157360406092,29,0,1000000,3000,4
419365,419365,1677460,3189,105,420,608.0,0.0,608.0,685,685,401.77142857142854,14,0,1000000,3000,4
419544,419544,1678176,3190,179,716,808.0,0.0,808.0,898,898,543.7821229050279,18,0,1000000,3000,4
419575,419575,1678300,3191,31,124,246.0,0.0,246.0,310,310,145.3548387096774,7,0,1000000,3000,4
419732,419732,1678928,3192,157,628,1039.0,0.0,1039.0,1125,1125,672.9936305732484,23,0,1000000,3000,4
419816,419816,1679264,3193,84,336,626.0,0.0,626.0,699,699,378.9642857142857,14,0,1000000,3000,4
419852,419852,1679408,3194,36,144,247.0,0.0,247.0,312,312,141.58333333333334,7,0,1000000,3000,4
420051,420051,1680204,3195,199,796,1033.0,0.0,1033.0,1128,1128,639.6984924623116,23,0,1000000,3000,4
420091,420091,1680364,3196,40,160,244.0,0.0,244.0,308,308,140.275,7,0,1000000,3000,4
420320,420320,1681280,3197,229,916,1022.0,0.0,1022.0,1122,1122,596.8427947598253,23,0,1000000,3000,4
420357,420357,1681428,3198,37,148,247.0,0.0,247.0,312,312,146.67567567567568,7,0,1000000,3000,4
420388,420388,1681552,3199,31,124,249.0,0.0,249.0,313,313,157.61290322580646,7,0,1000000,3000,4
420480,420480,1681920,3200,92,368,620.0,0.0,620.0,695,695,388.4021739130435,14,0,1000000,3000,4
420516,420516,1682064,3201,36,144,247.0,0.0,247.0,312,312,151.77777777777777,7,0,1000000,3000,4
420862,420862,1683448,3202,346,1384,1393.0,0.0,1393.0,1519,1519,719.9161849710982,31,0,1000000,3000,4
420906,420906,1683624,3203,44,176,229.0,0.0,229.0,294,294,149.54545454545453,6,0,1000000,3000,4
421114,421114,1684456,3204,208,832,1422.0,0.0,1422.0,1519,1519,727.8173076923077,31,0,1000000,3000,4
421246,421246,1684984,3205,132,528,1070.0,0.0,1070.0,1154,1154,568.6287878787879,24,0,1000000,3000,4
421340,421340,1685360,3206,94,376,622.0,0.0,622.0,696,696,386.3404255319149,14,0,1000000,3000,4
421545,421545,1686180,3207,205,820,1316.0,0.0,1316.0,1413,1413,739.8682926829268,29,0,1000000,3000,4
421874,421874,1687496,3208,329,1316,1664.0,0.0,1664.0,1786,1786,870.7598784194529,36,0,1000000,3000,4
421961,421961,1687844,3209,87,348,618.0,0.0,618.0,693,693,356.44827586206895,14,0,1000000,3000,4
422067,422067,1688268,3210,106,424,597.0,0.0,597.0,675,675,397.89622641509436,14,0,1000000,3000,4
422222,422222,1688888,3211,155,620,762.0,0.0,762.0,851,851,549.341935483871,18,0,1000000,3000,4
422258,422258,1689032,3212,36,144,237.0,0.0,237.0,301,301,157.47222222222223,7,0,1000000,3000,4
422521,422521,1690084,3213,263,1052,1020.0,0.0,1020.0,1128,1128,661.5057034220532,23,0,1000000,3000,4
422560,422560,1690240,3214,39,156,231.0,0.0,231.0,296,296,155.35897435897436,6,0,1000000,3000,4
422912,422912,1691648,3215,352,1408,999.0,0.0,999.0,1124,1124,662.21875,23,0,1000000,3000,4
423132,423132,1692528,3216,220,880,1029.0,0.0,1029.0,1127,1127,606.2863636363636,23,0,1000000,3000,4
423264,423264,1693056,3217,132,528,586.0,0.0,586.0,670,670,438.1439393939394,14,0,1000000,3000,4
423308,423308,1693232,3218,44,176,240.0,0.0,240.0,306,306,139.20454545454547,7,0,1000000,3000,4
423370,423370,1693480,3219,62,248,608.0,0.0,608.0,677,677,323.0,14,0,1000000,3000,4
423452,423452,1693808,3220,82,328,633.0,0.0,633.0,706,706,371.219512195122,15,0,1000000,3000,4
423618,423618,1694472,3221,166,664,1037.0,0.0,1037.0,1125,1125,650.2710843373494,23,0,1000000,3000,4
423655,423655,1694620,3222,37,148,246.0,0.0,246.0,311,311,148.21621621621622,7,0,1000000,3000,4
423816,423816,1695264,3223,161,644,635.0,0.0,635.0,722,723,493.53416149068323,15,0,1000000,3000,4
423981,423981,1695924,3224,165,660,776.0,0.0,776.0,867,867,540.0424242424242,18,0,1000000,3000,4
424012,424012,1696048,3225,31,124,248.0,0.0,248.0,310,310,158.2258064516129,7,0,1000000,3000,4
424099,424099,1696396,3226,87,348,630.0,0.0,630.0,705,705,360.82758620689657,15,0,1000000,3000,4
424184,424184,1696736,3227,85,340,625.0,0.0,625.0,699,699,344.29411764705884,14,0,1000000,3000,4
424269,424269,1697076,3228,85,340,631.0,0.0,631.0,705,705,368.9647058823529,15,0,1000000,3000,4
424305,424305,1697220,3229,36,144,246.0,0.0,246.0,311,311,152.80555555555554,7,0,1000000,3000,4
424388,424388,1697552,3230,83,332,624.0,0.0,624.0,698,698,395.3734939759036,14,0,1000000,3000,4
424418,424418,1697672,3231,30,120,247.0,0.0,247.0,311,311,151.3,7,0,1000000,3000,4
424456,424456,1697824,3232,38,152,246.0,0.0,246.0,311,311,144.07894736842104,7,0,1000000,3000,4
424549,424549,1698196,3233,93,372,622.0,0.0,622.0,698,698,399.13978494623655,14,0,1000000,3000,4
424580,424580,1698320,3234,31,124,247.0,0.0,247.0,311,311,153.09677419354838,7,0,1000000,3000,4
424861,424861,1699444,3235,281,1124,1839.0,0.0,1839.0,1953,1953,965.9074733096086,40,0,1000000,3000,4
424964,424964,1699856,3236,103,412,614.0,0.0,614.0,692,692,383.3009708737864,14,0,1000000,3000,4
425246,425246,1700984,3237,282,1128,1554.0,0.0,1554.0,1668,1668,810.7198581560284,34,0,1000000,3000,4
425313,425313,1701252,3238,67,268,610.0,0.0,610.0,681,681,348.85074626865674,14,0,1000000,3000,4
425348,425348,1701392,3239,35,140,237.0,0.0,237.0,301,301,158.11428571428573,7,0,1000000,3000,4
425390,425390,1701560,3240,42,168,227.0,0.0,227.0,293,293,165.95238095238096,6,0,1000000,3000,4
425467,425467,1701868,3241,77,308,611.0,0.0,611.0,684,684,327.24675324675326,14,0,1000000,3000,4
425566,425566,1702264,3242,99,396,600.0,0.0,600.0,677,677,398.2121212121212,14,0,1000000,3000,4
425657,425657,1702628,3243,91,364,622.0,0.0,622.0,698,698,373.72527472527474,14,0,1000000,3000,4
425917,425917,1703668,3244,260,1040,1324.0,0.0,1324.0,1433,1433,732.5846153846154,29,0,1000000,3000,4
426001,426001,1704004,3245,84,336,635.0,0.0,635.0,709,709,374.70238095238096,15,0,1000000,3000,4
426161,426161,1704644,3246,160,640,812.0,0.0,812.0,898,898,578.725,18,0,1000000,3000,4
426265,426265,1705060,3247,104,416,627.0,0.0,627.0,705,705,371.86538461538464,15,0,1000000,3000,4
426343,426343,1705372,3248,78,312,636.0,0.0,636.0,709,709,371.2307692307692,15,0,1000000,3000,4
426527,426527,1706108,3249,184,736,1035.0,0.0,1035.0,1127,1127,641.5652173913044,23,0,1000000,3000,4
426567,426567,1706268,3250,40,160,236.0,0.0,236.0,301,301,163.325,7,0,1000000,3000,4
426743,426743,1706972,3251,176,704,1035.0,0.0,1035.0,1126,1126,582.0,23,0,1000000,3000,4
426823,426823,1707292,3252,80,320,624.0,0.0,624.0,697,697,374.6,14,0,1000000,3000,4
427220,427220,1708880,3253,397,1588,2628.0,0.0,2628.0,2765,2765,1419.8564231738035,56,0,1000000,3000,4
427537,427537,1710148,3254,317,1268,1547.0,0.0,1547.0,1668,1668,826.8580441640379,34,0,1000000,3000,4
427567,427567,1710268,3255,30,120,247.0,0.0,247.0,311,311,149.0,7,0,1000000,3000,4
427741,427741,1710964,3256,174,696,1038.0,0.0,1038.0,1128,1128,656.7873563218391,23,0,1000000,3000,4
427941,427941,1711764,3257,200,800,1032.0,0.0,1032.0,1128,1128,621.72,23,0,1000000,3000,4
428106,428106,1712424,3258,165,660,1040.0,0.0,1040.0,1128,1128,575.9878787878788,23,0,1000000,3000,4
428136,428136,1712544,3259,30,120,250.0,0.0,250.0,312,312,160.86666666666667,7,0,1000000,3000,4
428167,428167,1712668,3260,31,124,249.0,0.0,249.0,313,313,152.41935483870967,7,0,1000000,3000,4
428258,428258,1713032,3261,91,364,617.0,0.0,617.0,693,693,373.2857142857143,14,0,1000000,3000,4
428447,428447,1713788,3262,189,756,1575.0,0.0,1575.0,1670,1670,772.6402116402116,34,0,1000000,3000,4
428611,428611,1714444,3263,164,656,1048.0,0.0,1048.0,1137,1137,562.780487804878,23,0,1000000,3000,4
428646,428646,1714584,3264,35,140,245.0,0.0,245.0,310,310,155.37142857142857,7,0,1000000,3000,4
428675,428675,1714700,3265,29,116,250.0,0.0,250.0,312,312,159.10344827586206,7,0,1000000,3000,4
428705,428705,1714820,3266,30,120,249.0,0.0,249.0,312,312,155.8,7,0,1000000,3000,4
428797,428797,1715188,3267,92,368,618.0,0.0,618.0,693,693,402.2282608695652,14,0,1000000,3000,4
428826,428826,1715304,3268,29,116,249.0,0.0,249.0,312,312,153.9655172413793,7,0,1000000,3000,4
428856,428856,1715424,3269,30,120,251.0,0.0,251.0,314,314,157.23333333333332,7,0,1000000,3000,4
429033,429033,1716132,3270,177,708,1038.0,0.0,1038.0,1129,1129,637.1073446327683,23,0,1000000,3000,4
429066,429066,1716264,3271,33,132,238.0,0.0,238.0,302,302,161.0909090909091,7,0,1000000,3000,4
429097,429097,1716388,3272,31,124,249.0,0.0,249.0,313,313,152.41935483870967,7,0,1000000,3000,4
429271,429271,1717084,3273,174,696,1038.0,0.0,1038.0,1128,1128,613.8850574712644,23,0,1000000,3000,4
429390,429390,1717560,3274,119,476,644.0,0.0,644.0,722,722,402.43697478991595,15,0,1000000,3000,4
429491,429491,1717964,3275,101,404,630.0,0.0,630.0,708,708,396.9009900990099,15,0,1000000,3000,4
429522,429522,1718088,3276,31,124,251.0,0.0,251.0,315,315,156.41935483870967,7,0,1000000,3000,4
429702,429702,1718808,3277,180,720,1038.0,0.0,1038.0,1129,1129,592.5722222222222,23,0,1000000,3000,4
429885,429885,1719540,3278,183,732,1037.0,0.0,1037.0,1129,1129,633.9071038251366,23,0,1000000,3000,4
429920,429920,1719680,3279,35,140,238.0,0.0,238.0,303,303,155.97142857142856,7,0,1000000,3000,4
430021,430021,1720084,3280,101,404,624.0,0.0,624.0,702,702,386.5247524752475,15,0,1000000,3000,4
430097,430097,1720388,3281,76,304,628.0,0.0,628.0,701,701,373.82894736842104,15,0,1000000,3000,4
430129,430129,1720516,3282,32,128,247.0,0.0,247.0,311,311,144.71875,7,0,1000000,3000,4
430160,430160,1720640,3283,31,124,251.0,0.0,251.0,315,315,154.67741935483872,7,0,1000000,3000,4
430189,430189,1720756,3284,29,116,248.0,0.0,248.0,311,311,153.51724137931035,7,0,1000000,3000,4
430373,430373,1721492,3285,184,736,1340.0,0.0,1340.0,1434,1434,665.875,29,0,1000000,3000,4
430596,430596,1722384,3286,223,892,1317.0,0.0,1317.0,1417,1417,729.8430493273543,29,0,1000000,3000,4
430637,430637,1722548,3287,41,164,225.0,0.0,225.0,291,291,171.26829268292684,6,0,1000000,3000,4
430673,430673,1722692,3288,36,144,235.0,0.0,235.0,299,299,159.05555555555554,6,0,1000000,3000,4
430706,430706,1722824,3289,33,132,246.0,0.0,246.0,310,310,157.75757575757575,7,0,1000000,3000,4
430808,430808,1723232,3290,102,408,604.0,0.0,604.0,682,682,386.80392156862746,14,0,1000000,3000,4
430911,430911,1723644,3291,103,412,611.0,0.0,611.0,688,688,410.94174757281553,14,0,1000000,3000,4
430999,430999,1723996,3292,88,352,609.0,0.0,609.0,683,683,332.7386363636364,14,0,1000000,3000,4
431236,431236,1724944,3293,237,948,1418.0,0.0,1418.0,1523,1523,756.6371308016878,31,0,1000000,3000,4
431270,431270,1725080,3294,34,136,248.0,0.0,248.0,312,312,147.97058823529412,7,0,1000000,3000,4
431422,431422,1725688,3295,152,608,760.0,0.0,760.0,847,847,549.0657894736842,17,0,1000000,3000,4
431453,431453,1725812,3296,31,124,246.0,0.0,246.0,310,310,154.96774193548387,7,0,1000000,3000,4
431616,431616,1726464,3297,163,652,1040.0,0.0,1040.0,1128,1128,631.2085889570552,23,0,1000000,3000,4
431717,431717,1726868,3298,101,404,629.0,0.0,629.0,707,707,374.71287128712873,15,0,1000000,3000,4
431908,431908,1727632,3299,191,764,1031.0,0.0,1031.0,1125,1125,680.1413612565445,23,0,1000000,3000,4
431945,431945,1727780,3300,37,148,233.0,0.0,233.0,297,297,170.56756756756758,6,0,1000000,3000,4
431977,431977,1727908,3301,32,128,238.0,0.0,238.0,302,302,160.46875,7,0,1000000,3000,4
432165,432165,1728660,3302,188,752,1339.0,0.0,1339.0,1434,1434,706.8457446808511,29,0,1000000,3000,4
432336,432336,1729344,3303,171,684,1348.0,0.0,1348.0,1440,1440,677.6900584795321,29,0,1000000,3000,4
432624,432624,1730496,3304,288,1152,1303.0,0.0,1303.0,1416,1416,697.5034722222222,29,0,1000000,3000,4
432711,432711,1730844,3305,87,348,622.0,0.0,622.0,696,696,387.28735632183907,14,0,1000000,3000,4
432884,432884,1731536,3306,173,692,759.0,0.0,759.0,850,850,504.8612716763006,18,0,1000000,3000,4
432924,432924,1731696,3307,40,160,237.0,0.0,237.0,301,301,163.35,7,0,1000000,3000,4
433006,433006,1732024,3308,82,328,623.0,0.0,623.0,696,696,395.9268292682927,14,0,1000000,3000,4
433050,433050,1732200,3309,44,176,222.0,0.0,222.0,288,288,164.8409090909091,6,0,1000000,3000,4
433131,433131,1732524,3310,81,324,618.0,0.0,618.0,692,692,361.91358024691357,14,0,1000000,3000,4
433167,433167,1732668,3311,36,144,234.0,0.0,234.0,297,297,169.55555555555554,6,0,1000000,3000,4
433211,433211,1732844,3312,44,176,232.0,0.0,232.0,297,297,155.22727272727272,6,0,1000000,3000,4
433301,433301,1733204,3313,90,360,632.0,0.0,632.0,706,706,389.74444444444447,15,0,1000000,3000,4
433526,433526,1734104,3314,225,900,798.0,0.0,798.0,897,898,642.2933333333333,18,0,1000000,3000,4
433685,433685,1734740,3315,159,636,1038.0,0.0,1038.0,1124,1124,587.9937106918239,23,0,1000000,3000,4
433864,433864,1735456,3316,179,716,1339.0,0.0,1339.0,1432,1432,724.0893854748604,29,0,1000000,3000,4
433902,433902,1735608,3317,38,152,241.0,0.0,241.0,305,305,155.47368421052633,7,0,1000000,3000,4
433936,433936,1735744,3318,34,136,245.0,0.0,245.0,307,307,162.97058823529412,7,0,1000000,3000,4
434049,434049,1736196,3319,113,452,714.0,0.0,714.0,792,792,411.01769911504425,16,0,1000000,3000,4
434215,434215,1736860,3320,166,664,722.0,0.0,722.0,812,812,509.80120481927713,17,0,1000000,3000,4
434584,434584,1738336,3321,369,1476,1809.0,0.0,1809.0,1939,1939,976.4471544715448,39,0,1000000,3000,4
434797,434797,1739188,3322,213,852,1053.0,0.0,1053.0,1153,1153,587.8967136150235,24,0,1000000,3000,4
435115,435115,1740460,3323,318,1272,1295.0,0.0,1295.0,1414,1414,698.1635220125786,29,0,1000000,3000,4
435153,435153,1740612,3324,38,152,239.0,0.0,239.0,303,303,151.6578947368421,7,0,1000000,3000,4
435186,435186,1740744,3325,33,132,249.0,0.0,249.0,313,313,151.3939393939394,7,0,1000000,3000,4
435354,435354,1741416,3326,168,672,1064.0,0.0,1064.0,1155,1155,589.6130952380952,24,0,1000000,3000,4
435526,435526,1742104,3327,172,688,758.0,0.0,758.0,849,849,559.7848837209302,17,0,1000000,3000,4
435603,435603,1742412,3328,77,308,619.0,0.0,619.0,691,691,344.54545454545456,14,0,1000000,3000,4
435776,435776,1743104,3329,173,692,779.0,0.0,779.0,871,871,522.0867052023121,18,0,1000000,3000,4
435879,435879,1743516,3330,103,412,619.0,0.0,619.0,695,695,395.81553398058253,14,0,1000000,3000,4
436114,436114,1744456,3331,235,940,1036.0,0.0,1036.0,1140,1140,667.0170212765958,23,0,1000000,3000,4
436213,436213,1744852,3332,99,396,622.0,0.0,622.0,698,698,394.979797979798,14,0,1000000,3000,4
436371,436371,1745484,3333,158,632,812.0,0.0,812.0,898,898,562.7025316455696,18,0,1000000,3000,4
436527,436527,1746108,3334,156,624,762.0,0.0,762.0,851,851,548.5320512820513,18,0,1000000,3000,4
436555,436555,1746220,3335,28,112,248.0,0.0,248.0,311,311,165.17857142857142,7,0,1000000,3000,4
436629,436629,1746516,3336,74,296,621.0,0.0,621.0,691,691,341.5945945945946,14,0,1000000,3000,4
436719,436719,1746876,3337,90,360,628.0,0.0,628.0,702,702,385.8888888888889,15,0,1000000,3000,4
436819,436819,1747276,3338,100,400,618.0,0.0,618.0,694,694,392.77,14,0,1000000,3000,4
436918,436918,1747672,3339,99,396,606.0,0.0,606.0,682,682,396.0,14,0,1000000,3000,4
437246,437246,1748984,3340,328,1312,1286.0,0.0,1286.0,1408,1408,795.9268292682926,29,0,1000000,3000,4
437383,437383,1749532,3341,137,548,750.0,0.0,750.0,833,833,513.1897810218978,17,0,1000000,3000,4
437658,437658,1750632,3342,275,1100,1900.0,0.0,1900.0,2012,2012,956.9054545454545,41,0,1000000,3000,4
437865,437865,1751460,3343,207,828,1041.0,0.0,1041.0,1139,1139,681.512077294686,23,0,1000000,3000,4
438129,438129,1752516,3344,264,1056,1678.0,0.0,1678.0,1786,1786,838.3484848484849,36,0,1000000,3000,4
438256,438256,1753024,3345,127,508,728.0,0.0,728.0,810,810,507.9448818897638,17,0,1000000,3000,4
438527,438527,1754108,3346,271,1084,789.0,0.0,789.0,898,899,645.0959409594096,18,0,1000000,3000,4
438559,438559,1754236,3347,32,128,247.0,0.0,247.0,310,310,150.625,7,0,1000000,3000,4
438623,438623,1754492,3348,64,256,610.0,0.0,610.0,680,680,316.59375,14,0,1000000,3000,4
438726,438726,1754904,3349,103,412,628.0,0.0,628.0,706,706,380.3009708737864,15,0,1000000,3000,4
438762,438762,1755048,3350,36,144,233.0,0.0,233.0,297,297,162.30555555555554,6,0,1000000,3000,4
438834,438834,1755336,3351,72,288,604.0,0.0,604.0,675,675,329.59722222222223,14,0,1000000,3000,4
438870,438870,1755480,3352,36,144,234.0,0.0,234.0,298,298,160.19444444444446,6,0,1000000,3000,4
438915,438915,1755660,3353,45,180,221.0,0.0,221.0,286,286,166.46666666666667,6,0,1000000,3000,4
439006,439006,1756024,3354,91,364,610.0,0.0,610.0,685,685,410.1098901098901,14,0,1000000,3000,4
439289,439289,1757156,3355,283,1132,1317.0,0.0,1317.0,1431,1431,721.6537102473499,29,0,1000000,3000,4
439377,439377,1757508,3356,88,352,609.0,0.0,609.0,683,683,337.92045454545456,14,0,1000000,3000,4
439472,439472,1757888,3357,95,380,593.0,0.0,593.0,668,668,413.12631578947367,14,0,1000000,3000,4
439616,439616,1758464,3358,144,576,741.0,0.0,741.0,826,826,522.4236111111111,17,0,1000000,3000,4
439646,439646,1758584,3359,30,120,251.0,0.0,251.0,315,315,156.0,7,0,1000000,3000,4
439872,439872,1759488,3360,226,904,1024.0,0.0,1024.0,1125,1125,615.6460176991151,23,0,1000000,3000,4
439945,439945,1759780,3361,73,292,628.0,0.0,628.0,700,700,353.7671232876712,15,0,1000000,3000,4
440094,440094,1760376,3362,149,596,638.0,0.0,638.0,722,722,502.43624161073825,15,0,1000000,3000,4
440132,440132,1760528,3363,38,152,235.0,0.0,235.0,299,299,153.02631578947367,6,0,1000000,3000,4
440346,440346,1761384,3364,214,856,1029.0,0.0,1029.0,1126,1126,609.5700934579439,23,0,1000000,3000,4
440606,440606,1762424,3365,260,1040,1414.0,0.0,1414.0,1524,1524,688.8307692307692,31,0,1000000,3000,4
440692,440692,1762768,3366,86,344,634.0,0.0,634.0,708,708,392.06976744186045,15,0,1000000,3000,4
440843,440843,1763372,3367,151,604,1035.0,0.0,1035.0,1120,1122,612.3377483443709,23,0,1000000,3000,4
440878,440878,1763512,3368,35,140,240.0,0.0,240.0,305,305,158.71428571428572,7,0,1000000,3000,4
441076,441076,1764304,3369,198,792,1031.0,0.0,1031.0,1126,1126,669.1666666666666,23,0,1000000,3000,4
441150,441150,1764600,3370,74,296,608.0,0.0,608.0,680,680,349.6621621621622,14,0,1000000,3000,4
441328,441328,1765312,3371,178,712,1039.0,0.0,1039.0,1131,1131,658.2752808988764,23,0,1000000,3000,4
441464,441464,1765856,3372,136,544,816.0,0.0,816.0,898,898,553.7573529411765,18,0,1000000,3000,4
441668,441668,1766672,3373,204,816,1335.0,0.0,1335.0,1433,1433,721.1862745098039,29,0,1000000,3000,4
441701,441701,1766804,3374,33,132,240.0,0.0,240.0,303,303,165.8181818181818,7,0,1000000,3000,4
441798,441798,1767192,3375,97,388,601.0,0.0,601.0,677,677,408.9587628865979,14,0,1000000,3000,4
441893,441893,1767572,3376,95,380,610.0,0.0,610.0,686,686,394.9684210526316,14,0,1000000,3000,4
442374,442374,1769496,3377,481,1924,1262.0,0.0,1262.0,1414,1414,833.6590436590436,29,0,1000000,3000,4
442410,442410,1769640,3378,36,144,244.0,0.0,244.0,309,309,152.16666666666666,7,0,1000000,3000,4
442453,442453,1769812,3379,43,172,225.0,0.0,225.0,289,289,166.30232558139534,6,0,1000000,3000,4
442602,442602,1770408,3380,149,596,638.0,0.0,638.0,722,722,506.6442953020134,15,0,1000000,3000,4
442738,442738,1770952,3381,136,544,735.0,0.0,735.0,820,820,465.06617647058823,17,0,1000000,3000,4
442848,442848,1771392,3382,110,440,629.0,0.0,629.0,708,708,369.6181818181818,15,0,1000000,3000,4
442878,442878,1771512,3383,30,120,250.0,0.0,250.0,313,313,160.73333333333332,7,0,1000000,3000,4
443361,443361,1773444,3384,483,1932,1261.0,0.0,1261.0,1414,1414,819.4223602484471,29,0,1000000,3000,4
443454,443454,1773816,3385,93,372,625.0,0.0,625.0,699,699,382.10752688172045,14,0,1000000,3000,4
443719,443719,1774876,3386,265,1060,1323.0,0.0,1323.0,1433,1433,721.3094339622642,29,0,1000000,3000,4
443756,443756,1775024,3387,37,148,239.0,0.0,239.0,304,304,155.3783783783784,7,0,1000000,3000,4
443876,443876,1775504,3388,120,480,589.0,0.0,589.0,670,670,391.96666666666664,14,0,1000000,3000,4
443911,443911,1775644,3389,35,140,247.0,0.0,247.0,311,311,153.05714285714285,7,0,1000000,3000,4
444418,444418,1777672,3390,507,2028,972.0,0.0,972.0,1129,1129,734.9585798816568,23,0,1000000,3000,4
444507,444507,1778028,3391,89,356,623.0,0.0,623.0,696,696,351.39325842696627,14,0,1000000,3000,4
444550,444550,1778200,3392,43,172,223.0,0.0,223.0,288,288,158.65116279069767,6,0,1000000,3000,4
444698,444698,1778792,3393,148,592,814.0,0.0,814.0,898,898,519.1756756756756,18,0,1000000,3000,4
444790,444790,1779160,3394,92,368,633.0,0.0,633.0,709,709,362.45652173913044,15,0,1000000,3000,4
444859,444859,1779436,3395,69,276,611.0,0.0,611.0,681,681,342.6811594202899,14,0,1000000,3000,4
445310,445310,1781240,3396,451,1804,2326.0,0.0,2326.0,2473,2473,1300.1529933481154,50,0,1000000,3000,4
445389,445389,1781556,3397,79,316,637.0,0.0,637.0,710,710,380.2278481012658,15,0,1000000,3000,4
445423,445423,1781692,3398,34,136,241.0,0.0,241.0,305,305,159.26470588235293,7,0,1000000,3000,4
445455,445455,1781820,3399,32,128,237.0,0.0,237.0,300,300,169.46875,7,0,1000000,3000,4
445492,445492,1781968,3400,37,148,238.0,0.0,238.0,302,302,162.1891891891892,7,0,1000000,3000,4
445526,445526,1782104,3401,34,136,248.0,0.0,248.0,311,311,150.94117647058823,7,0,1000000,3000,4
445635,445635,1782540,3402,109,436,606.0,0.0,606.0,685,685,370.7889908256881,14,0,1000000,3000,4
445910,445910,1783640,3403,275,1100,1017.0,0.0,1017.0,1127,1127,651.6072727272727,23,0,1000000,3000,4
445947,445947,1783788,3404,37,148,236.0,0.0,236.0,300,300,162.83783783783784,7,0,1000000,3000,4
445982,445982,1783928,3405,35,140,237.0,0.0,237.0,301,301,160.68571428571428,7,0,1000000,3000,4
446247,446247,1784988,3406,265,1060,1296.0,0.0,1296.0,1405,1405,748.211320754717,29,0,1000000,3000,4
446372,446372,1785488,3407,125,500,736.0,0.0,736.0,818,818,517.088,17,0,1000000,3000,4
446406,446406,1785624,3408,34,136,240.0,0.0,240.0,303,303,163.7941176470588,7,0,1000000,3000,4
446444,446444,1785776,3409,38,152,226.0,0.0,226.0,289,289,176.10526315789474,6,0,1000000,3000,4
446603,446603,1786412,3410,159,636,1042.0,0.0,1042.0,1129,1129,586.3333333333334,23,0,1000000,3000,4
446701,446701,1786804,3411,98,392,648.0,0.0,648.0,722,722,372.55102040816325,15,0,1000000,3000,4
446872,446872,1787488,3412,171,684,1044.0,0.0,1044.0,1135,1135,652.6842105263158,23,0,1000000,3000,4
446906,446906,1787624,3413,34,136,236.0,0.0,236.0,300,300,166.23529411764707,7,0,1000000,3000,4
447000,447000,1788000,3414,94,376,607.0,0.0,607.0,682,682,400.13829787234044,14,0,1000000,3000,4
447098,447098,1788392,3415,98,392,607.0,0.0,607.0,683,683,396.2040816326531,14,0,1000000,3000,4
447333,447333,1789332,3416,235,940,1336.0,0.0,1336.0,1440,1440,731.1872340425532,29,0,1000000,3000,4
447441,447441,1789764,3417,108,432,604.0,0.0,604.0,682,682,400.00925925925924,14,0,1000000,3000,4
447666,447666,1790664,3418,225,900,1572.0,0.0,1572.0,1673,1673,808.04,34,0,1000000,3000,4
447703,447703,1790812,3419,37,148,243.0,0.0,243.0,308,308,153.59459459459458,7,0,1000000,3000,4
447740,447740,1790960,3420,37,148,239.0,0.0,239.0,303,303,160.56756756756758,7,0,1000000,3000,4
447815,447815,1791260,3421,75,300,625.0,0.0,625.0,698,698,364.5466666666667,14,0,1000000,3000,4
447850,447850,1791400,3422,35,140,231.0,0.0,231.0,293,293,167.71428571428572,6,0,1000000,3000,4
448140,448140,1792560,3423,290,1160,1015.0,0.0,1015.0,1128,1128,700.0896551724138,23,0,1000000,3000,4
448420,448420,1793680,3424,280,1120,1304.0,0.0,1304.0,1415,1415,755.0785714285714,29,0,1000000,3000,4
448569,448569,1794276,3425,149,596,775.0,0.0,775.0,861,861,525.248322147651,18,0,1000000,3000,4
448634,448634,1794536,3426,65,260,613.0,0.0,613.0,683,683,340.46153846153845,14,0,1000000,3000,4
448978,448978,1795912,3427,344,1376,1542.0,0.0,1542.0,1668,1668,800.9622093023256,34,0,1000000,3000,4
449127,449127,1796508,3428,149,596,1041.0,0.0,1041.0,1126,1126,621.1946308724832,23,0,1000000,3000,4
449213,449213,1796852,3429,86,344,625.0,0.0,625.0,700,700,389.95348837209303,15,0,1000000,3000,4
449428,449428,1797712,3430,215,860,624.0,0.0,624.0,722,723,570.3953488372093,15,0,1000000,3000,4
449523,449523,1798092,3431,95,380,626.0,0.0,626.0,701,701,388.36842105263156,15,0,1000000,3000,4
449647,449647,1798588,3432,124,496,750.0,0.0,750.0,831,831,524.6370967741935,17,0,1000000,3000,4
449684,449684,1798736,3433,37,148,231.0,0.0,231.0,295,295,167.7027027027027,6,0,1000000,3000,4
449775,449775,1799100,3434,91,364,609.0,0.0,609.0,683,683,403.1978021978022,14,0,1000000,3000,4
449805,449805,1799220,3435,30,120,250.0,0.0,250.0,313,313,154.86666666666667,7,0,1000000,3000,4
450011,450011,1800044,3436,206,824,1032.0,0.0,1032.0,1129,1129,630.6019417475728,23,0,1000000,3000,4
450088,450088,1800352,3437,77,308,630.0,0.0,630.0,703,703,372.8961038961039,15,0,1000000,3000,4
450289,450289,1801156,3438,201,804,1034.0,0.0,1034.0,1130,1130,630.0099502487562,23,0,1000000,3000,4
450355,450355,1801420,3439,66,264,623.0,0.0,623.0,694,694,355.2878787878788,14,0,1000000,3000,4
450595,450595,1802380,3440,240,960,1026.0,0.0,1026.0,1130,1130,685.875,23,0,1000000,3000,4
450673,450673,1802692,3441,78,312,627.0,0.0,627.0,700,700,346.34615384615387,15,0,1000000,3000,4
450704,450704,1802816,3442,31,124,246.0,0.0,246.0,309,309,164.1290322580645,7,0,1000000,3000,4
451244,451244,1804976,3443,540,2160,964.0,0.0,964.0,1127,1127,737.1592592592592,23,0,1000000,3000,4
451312,451312,1805248,3444,68,272,608.0,0.0,608.0,679,679,325.1764705882353,14,0,1000000,3000,4
451508,451508,1806032,3445,196,784,1701.0,0.0,1701.0,1798,1798,880.015306122449,36,0,1000000,3000,4
451589,451589,1806356,3446,81,324,629.0,0.0,629.0,703,703,403.9753086419753,15,0,1000000,3000,4
451630,451630,1806520,3447,41,164,219.0,0.0,219.0,284,284,174.9512195121951,6,0,1000000,3000,4
451665,451665,1806660,3448,35,140,232.0,0.0,232.0,296,296,164.45714285714286,6,0,1000000,3000,4
451700,451700,1806800,3449,35,140,232.0,0.0,232.0,295,295,173.71428571428572,6,0,1000000,3000,4
452011,452011,1808044,3450,311,1244,1291.0,0.0,1291.0,1410,1410,765.1157556270097,29,0,1000000,3000,4
452047,452047,1808188,3451,36,144,238.0,0.0,238.0,303,303,158.27777777777777,7,0,1000000,3000,4
452079,452079,1808316,3452,32,128,247.0,0.0,247.0,311,311,152.90625,7,0,1000000,3000,4
452420,452420,1809680,3453,341,1364,1004.0,0.0,1004.0,1128,1128,695.0439882697947,23,0,1000000,3000,4
452505,452505,1810020,3454,85,340,605.0,0.0,605.0,679,679,329.77647058823527,14,0,1000000,3000,4
452754,452754,1811016,3455,249,996,1304.0,0.0,1304.0,1410,1410,723.0963855421687,29,0,1000000,3000,4
452915,452915,1811660,3456,161,644,765.0,0.0,765.0,854,854,522.3788819875776,18,0,1000000,3000,4
453137,453137,1812548,3457,222,888,1029.0,0.0,1029.0,1129,1129,638.8423423423424,23,0,1000000,3000,4
453169,453169,1812676,3458,32,128,251.0,0.0,251.0,314,314,155.8125,7,0,1000000,3000,4
453360,453360,1813440,3459,191,764,1034.0,0.0,1034.0,1128,1128,605.4397905759163,23,0,1000000,3000,4
453444,453444,1813776,3460,84,336,619.0,0.0,619.0,692,692,400.73809523809524,14,0,1000000,3000,4
453593,453593,1814372,3461,149,596,748.0,0.0,748.0,835,835,500.744966442953,17,0,1000000,3000,4
453628,453628,1814512,3462,35,140,241.0,0.0,241.0,304,304,159.54285714285714,7,0,1000000,3000,4
453663,453663,1814652,3463,35,140,245.0,0.0,245.0,309,309,154.17142857142858,7,0,1000000,3000,4
453804,453804,1815216,3464,141,564,815.0,0.0,815.0,898,898,595.4751773049645,18,0,1000000,3000,4
453837,453837,1815348,3465,33,132,243.0,0.0,243.0,306,306,156.78787878787878,7,0,1000000,3000,4
454023,454023,1816092,3466,186,744,1430.0,0.0,1430.0,1525,1525,758.9516129032259,31,0,1000000,3000,4
454100,454100,1816400,3467,77,308,621.0,0.0,621.0,694,694,356.4805194805195,14,0,1000000,3000,4
454350,454350,1817400,3468,250,1000,1400.0,0.0,1400.0,1506,1506,775.4,31,0,1000000,3000,4
454614,454614,1818456,3469,264,1056,1018.0,0.0,1018.0,1126,1126,695.375,23,0,1000000,3000,4
454643,454643,1818572,3470,29,116,250.0,0.0,250.0,313,313,157.9655172413793,7,0,1000000,3000,4
454866,454866,1819464,3471,223,892,1414.0,0.0,1414.0,1515,1515,780.8878923766816,31,0,1000000,3000,4
454898,454898,1819592,3472,32,128,242.0,0.0,242.0,305,305,161.84375,7,0,1000000,3000,4
455075,455075,1820300,3473,177,708,1059.0,0.0,1059.0,1152,1152,635.4858757062146,24,0,1000000,3000,4
455152,455152,1820608,3474,77,308,610.0,0.0,610.0,683,683,329.4805194805195,14,0,1000000,3000,4
455252,455252,1821008,3475,100,400,622.0,0.0,622.0,700,700,372.9,15,0,1000000,3000,4
455324,455324,1821296,3476,72,288,611.0,0.0,611.0,683,683,343.75,14,0,1000000,3000,4
455359,455359,1821436,3477,35,140,233.0,0.0,233.0,297,297,167.54285714285714,6,0,1000000,3000,4
455551,455551,1822204,3478,192,768,1340.0,0.0,1340.0,1436,1436,706.15625,29,0,1000000,3000,4
455640,455640,1822560,3479,89,356,615.0,0.0,615.0,689,689,336.685393258427,14,0,1000000,3000,4
455906,455906,1823624,3480,266,1064,1305.0,0.0,1305.0,1414,1414,784.7293233082706,29,0,1000000,3000,4
456041,456041,1824164,3481,135,540,1161.0,0.0,1161.0,1245,1245,605.6296296296297,25,0,1000000,3000,4
456101,456101,1824404,3482,60,240,610.0,0.0,610.0,679,679,338.1333333333333,14,0,1000000,3000,4
456289,456289,1825156,3483,188,752,1034.0,0.0,1034.0,1127,1127,640.6223404255319,23,0,1000000,3000,4
456323,456323,1825292,3484,34,136,234.0,0.0,234.0,297,297,175.94117647058823,6,0,1000000,3000,4
456421,456421,1825684,3485,98,392,614.0,0.0,614.0,690,690,389.59183673469386,14,0,1000000,3000,4
456733,456733,1826932,3486,312,1248,1400.0,0.0,1400.0,1520,1520,736.9519230769231,31,0,1000000,3000,4
456767,456767,1827068,3487,34,136,240.0,0.0,240.0,303,303,159.05882352941177,7,0,1000000,3000,4
456960,456960,1827840,3488,193,772,1339.0,0.0,1339.0,1435,1435,743.8290155440415,29,0,1000000,3000,4
457053,457053,1828212,3489,93,372,631.0,0.0,631.0,706,706,386.5376344086022,15,0,1000000,3000,4
457196,457196,1828784,3490,143,572,1043.0,0.0,1043.0,1127,1127,595.006993006993,23,0,1000000,3000,4
457356,457356,1829424,3491,160,640,766.0,0.0,766.0,855,855,523.8875,18,0,1000000,3000,4
457403,457403,1829612,3492,47,188,210.0,0.0,210.0,276,276,172.87234042553192,6,0,1000000,3000,4
457628,457628,1830512,3493,225,900,1135.0,0.0,1135.0,1236,1236,677.84,25,0,1000000,3000,4
457664,457664,1830656,3494,36,144,245.0,0.0,245.0,310,310,152.02777777777777,7,0,1000000,3000,4
457704,457704,1830816,3495,40,160,249.0,0.0,249.0,314,314,133.125,7,0,1000000,3000,4
457989,457989,1831956,3496,285,1140,1024.0,0.0,1024.0,1137,1137,717.0631578947368,23,0,1000000,3000,4
458092,458092,1832368,3497,103,412,612.0,0.0,612.0,688,688,372.75728155339806,14,0,1000000,3000,4
458180,458180,1832720,3498,88,352,636.0,0.0,636.0,710,710,367.03409090909093,15,0,1000000,3000,4
458275,458275,1833100,3499,95,380,618.0,0.0,618.0,694,694,374.12631578947367,14,0,1000000,3000,4
458377,458377,1833508,3500,102,408,614.0,0.0,614.0,690,690,374.3627450980392,14,0,1000000,3000,4
458512,458512,1834048,3501,135,540,732.0,0.0,732.0,816,816,484.84444444444443,17,0,1000000,3000,4
458879,458879,1835516,3502,367,1468,1657.0,0.0,1657.0,1787,1787,828.0871934604904,36,0,1000000,3000,4
458963,458963,1835852,3503,84,336,612.0,0.0,612.0,686,686,350.5952380952381,14,0,1000000,3000,4
459237,459237,1836948,3504,274,1096,1015.0,0.0,1015.0,1125,1125,642.448905109489,23,0,1000000,3000,4
459653,459653,1838612,3505,416,1664,3038.0,0.0,3038.0,3161,3161,1798.0240384615386,64,0,1000000,3000,4
459720,459720,1838880,3506,67,268,605.0,0.0,605.0,676,676,330.8805970149254,14,0,1000000,3000,4
459808,459808,1839232,3507,88,352,650.0,0.0,650.0,722,722,337.8636363636364,15,0,1000000,3000,4
459846,459846,1839384,3508,38,152,242.0,0.0,242.0,307,307,150.1578947368421,7,0,1000000,3000,4
459880,459880,1839520,3509,34,136,239.0,0.0,239.0,302,302,162.7058823529412,7,0,1000000,3000,4
460028,460028,1840112,3510,148,592,1351.0,0.0,1351.0,1438,1438,709.1891891891892,29,0,1000000,3000,4
460063,460063,1840252,3511,35,140,244.0,0.0,244.0,309,309,146.34285714285716,7,0,1000000,3000,4
460095,460095,1840380,3512,32,128,249.0,0.0,249.0,313,313,145.84375,7,0,1000000,3000,4
460129,460129,1840516,3513,34,136,250.0,0.0,250.0,314,314,147.14705882352942,7,0,1000000,3000,4
460162,460162,1840648,3514,33,132,252.0,0.0,252.0,316,316,153.54545454545453,7,0,1000000,3000,4
460335,460335,1841340,3515,173,692,1318.0,0.0,1318.0,1409,1409,689.5491329479769,29,0,1000000,3000,4
460364,460364,1841456,3516,29,116,250.0,0.0,250.0,313,313,159.10344827586206,7,0,1000000,3000,4
460520,460520,1842080,3517,156,624,812.0,0.0,812.0,898,899,551.5,18,0,1000000,3000,4
460623,460623,1842492,3518,103,412,612.0,0.0,612.0,690,690,405.5339805825243,14,0,1000000,3000,4
460712,460712,1842848,3519,89,356,633.0,0.0,633.0,708,708,370.5842696629214,15,0,1000000,3000,4
461070,461070,1844280,3520,358,1432,1312.0,0.0,1312.0,1441,1441,734.3268156424581,29,0,1000000,3000,4
461137,461137,1844548,3521,67,268,623.0,0.0,623.0,694,694,350.67164179104475,14,0,1000000,3000,4
461321,461321,1845284,3522,184,736,1426.0,0.0,1426.0,1519,1519,758.6902173913044,31,0,1000000,3000,4
461492,461492,1845968,3523,171,684,1426.0,0.0,1426.0,1517,1517,773.3625730994152,31,0,1000000,3000,4
461524,461524,1846096,3524,32,128,251.0,0.0,251.0,314,314,157.25,7,0,1000000,3000,4
461702,461702,1846808,3525,178,712,1045.0,0.0,1045.0,1137,1137,639.814606741573,23,0,1000000,3000,4
461781,461781,1847124,3526,79,316,625.0,0.0,625.0,698,698,365.8354430379747,14,0,1000000,3000,4
461874,461874,1847496,3527,93,372,630.0,0.0,630.0,705,705,385.40860215053766,15,0,1000000,3000,4
462107,462107,1848428,3528,233,932,1331.0,0.0,1331.0,1435,1435,740.5579399141631,29,0,1000000,3000,4
462246,462246,1848984,3529,139,556,1046.0,0.0,1046.0,1129,1129,590.294964028777,23,0,1000000,3000,4
462343,462343,1849372,3530,97,388,610.0,0.0,610.0,686,686,408.8041237113402,14,0,1000000,3000,4
462438,462438,1849752,3531,95,380,613.0,0.0,613.0,688,688,405.3263157894737,14,0,1000000,3000,4
462726,462726,1850904,3532,288,1152,1841.0,0.0,1841.0,1956,1956,947.2361111111111,40,0,1000000,3000,4
462826,462826,1851304,3533,100,400,598.0,0.0,598.0,676,676,409.9,14,0,1000000,3000,4
462997,462997,1851988,3534,171,684,1327.0,0.0,1327.0,1417,1417,722.6666666666666,29,0,1000000,3000,4
463030,463030,1852120,3535,33,132,250.0,0.0,250.0,313,313,144.6969696969697,7,0,1000000,3000,4
463224,463224,1852896,3536,194,776,1341.0,0.0,1341.0,1437,1437,721.9329896907217,29,0,1000000,3000,4
463252,463252,1853008,3537,28,112,247.0,0.0,247.0,310,310,159.71428571428572,7,0,1000000,3000,4
463574,463574,1854296,3538,322,1288,1312.0,0.0,1312.0,1434,1434,718.6366459627329,29,0,1000000,3000,4
463721,463721,1854884,3539,147,588,726.0,0.0,726.0,812,812,536.7006802721088,17,0,1000000,3000,4
463918,463918,1855672,3540,197,788,1030.0,0.0,1030.0,1125,1125,620.5939086294417,23,0,1000000,3000,4
463988,463988,1855952,3541,70,280,626.0,0.0,626.0,698,698,358.42857142857144,14,0,1000000,3000,4
464125,464125,1856500,3542,137,548,640.0,0.0,640.0,722,723,520.2116788321168,15,0,1000000,3000,4
464155,464155,1856620,3543,30,120,252.0,0.0,252.0,314,314,157.1,7,0,1000000,3000,4
464494,464494,1857976,3544,339,1356,1315.0,0.0,1315.0,1440,1440,829.7256637168142,29,0,1000000,3000,4
464560,464560,1858240,3545,66,264,612.0,0.0,612.0,683,683,349.3333333333333,14,0,1000000,3000,4
464733,464733,1858932,3546,173,692,710.0,0.0,710.0,801,801,562.2138728323699,17,0,1000000,3000,4
464814,464814,1859256,3547,81,324,624.0,0.0,624.0,697,697,372.7283950617284,14,0,1000000,3000,4
464891,464891,1859564,3548,77,308,652.0,0.0,652.0,722,723,393.2597402597403,15,0,1000000,3000,4
465047,465047,1860188,3549,156,624,722.0,0.0,722.0,811,811,528.8397435897435,17,0,1000000,3000,4
465251,465251,1861004,3550,204,816,1335.0,0.0,1335.0,1433,1433,714.8480392156863,29,0,1000000,3000,4
465354,465354,1861416,3551,103,412,597.0,0.0,597.0,674,674,412.94174757281553,14,0,1000000,3000,4
465665,465665,1862660,3552,311,1244,1313.0,0.0,1313.0,1433,1433,800.6334405144695,29,0,1000000,3000,4
465917,465917,1863668,3553,252,1008,1311.0,0.0,1311.0,1417,1417,768.734126984127,29,0,1000000,3000,4
466014,466014,1864056,3554,97,388,628.0,0.0,628.0,703,703,369.91752577319585,15,0,1000000,3000,4
466218,466218,1864872,3555,204,816,1313.0,0.0,1313.0,1410,1410,678.6960784313726,29,0,1000000,3000,4
466339,466339,1865356,3556,121,484,612.0,0.0,612.0,693,693,377.5123966942149,14,0,1000000,3000,4
466374,466374,1865496,3557,35,140,242.0,0.0,242.0,306,306,153.88571428571427,7,0,1000000,3000,4
466575,466575,1866300,3558,201,804,1344.0,0.0,1344.0,1442,1442,724.094527363184,29,0,1000000,3000,4
466755,466755,1867020,3559,180,720,1427.0,0.0,1427.0,1521,1521,694.2333333333333,31,0,1000000,3000,4
466972,466972,1867888,3560,217,868,1570.0,0.0,1570.0,1670,1670,836.0322580645161,34,0,1000000,3000,4
467008,467008,1868032,3561,36,144,235.0,0.0,235.0,299,299,169.08333333333334,6,0,1000000,3000,4
467096,467096,1868384,3562,88,352,624.0,0.0,624.0,699,699,390.7613636363636,14,0,1000000,3000,4
467264,467264,1869056,3563,168,672,1047.0,0.0,1047.0,1137,1137,589.0,23,0,1000000,3000,4
467458,467458,1869832,3564,194,776,1034.0,0.0,1034.0,1128,1128,630.9536082474227,23,0,1000000,3000,4
467586,467586,1870344,3565,128,512,1045.0,0.0,1045.0,1126,1126,573.0,23,0,1000000,3000,4
467623,467623,1870492,3566,37,148,241.0,0.0,241.0,305,305,154.0810810810811,7,0,1000000,3000,4
467660,467660,1870640,3567,37,148,239.0,0.0,239.0,302,302,158.2972972972973,7,0,1000000,3000,4
467892,467892,1871568,3568,232,928,1327.0,0.0,1327.0,1431,1431,778.4353448275862,29,0,1000000,3000,4
467925,467925,1871700,3569,33,132,239.0,0.0,239.0,302,302,164.4848484848485,7,0,1000000,3000,4
468008,468008,1872032,3570,83,332,617.0,0.0,617.0,690,690,403.12048192771084,14,0,1000000,3000,4
468282,468282,1873128,3571,274,1096,743.0,0.0,743.0,855,855,603.5912408759124,18,0,1000000,3000,4
468314,468314,1873256,3572,32,128,250.0,0.0,250.0,314,314,154.53125,7,0,1000000,3000,4
468503,468503,1874012,3573,189,756,1321.0,0.0,1321.0,1413,1413,735.4973544973545,29,0,1000000,3000,4
468598,468598,1874392,3574,95,380,628.0,0.0,628.0,703,703,397.42105263157896,15,0,1000000,3000,4
468702,468702,1874808,3575,104,416,618.0,0.0,618.0,695,695,383.38461538461536,14,0,1000000,3000,4
468856,468856,1875424,3576,154,616,1062.0,0.0,1062.0,1150,1150,600.4805194805194,24,0,1000000,3000,4
468888,468888,1875552,3577,32,128,248.0,0.0,248.0,312,312,156.90625,7,0,1000000,3000,4
469045,469045,1876180,3578,157,628,1044.0,0.0,1044.0,1132,1132,629.9936305732484,23,0,1000000,3000,4
469263,469263,1877052,3579,218,872,1854.0,0.0,1854.0,1955,1955,937.7064220183486,40,0,1000000,3000,4
469329,469329,1877316,3580,66,264,615.0,0.0,615.0,686,686,351.469696969697,14,0,1000000,3000,4
469415,469415,1877660,3581,86,344,618.0,0.0,618.0,691,691,361.54651162790697,14,0,1000000,3000,4
469568,469568,1878272,3582,153,612,1050.0,0.0,1050.0,1137,1137,636.7254901960785,23,0,1000000,3000,4
469601,469601,1878404,3583,33,132,245.0,0.0,245.0,308,308,160.36363636363637,7,0,1000000,3000,4
469783,469783,1879132,3584,182,728,1044.0,0.0,1044.0,1137,1137,618.3956043956044,23,0,1000000,3000,4
469871,469871,1879484,3585,88,352,630.0,0.0,630.0,703,703,366.35227272727275,15,0,1000000,3000,4
470042,470042,1880168,3586,171,684,809.0,0.0,809.0,898,898,555.2865497076024,18,0,1000000,3000,4
470125,470125,1880500,3587,83,332,621.0,0.0,621.0,694,694,403.7469879518072,14,0,1000000,3000,4
470297,470297,1881188,3588,172,688,1150.0,0.0,1150.0,1241,1241,612.8139534883721,25,0,1000000,3000,4
470551,470551,1882204,3589,254,1016,1419.0,0.0,1419.0,1527,1527,758.5669291338583,31,0,1000000,3000,4
470738,470738,1882952,3590,187,748,1056.0,0.0,1056.0,1151,1151,650.5080213903743,24,0,1000000,3000,4
470990,470990,1883960,3591,252,1008,1023.0,0.0,1023.0,1129,1129,748.7857142857143,23,0,1000000,3000,4
471077,471077,1884308,3592,87,348,621.0,0.0,621.0,696,696,335.60919540229884,14,0,1000000,3000,4
471228,471228,1884912,3593,151,604,1339.0,0.0,1339.0,1427,1427,688.0,29,0,1000000,3000,4
471424,471424,1885696,3594,196,784,1331.0,0.0,1331.0,1427,1427,701.2091836734694,29,0,1000000,3000,4
471646,471646,1886584,3595,222,888,1026.0,0.0,1026.0,1126,1126,708.9144144144144,23,0,1000000,3000,4
471721,471721,1886884,3596,75,300,604.0,0.0,604.0,676,676,326.7733333333333,14,0,1000000,3000,4
471839,471839,1887356,3597,118,472,594.0,0.0,594.0,674,674,410.97457627118644,14,0,1000000,3000,4
471926,471926,1887704,3598,87,348,650.0,0.0,650.0,722,722,373.91954022988506,15,0,1000000,3000,4
471999,471999,1887996,3599,73,292,653.0,0.0,653.0,722,722,380.3013698630137,15,0,1000000,3000,4
472101,472101,1888404,3600,102,408,615.0,0.0,615.0,693,693,348.9117647058824,14,0,1000000,3000,4
472191,472191,1888764,3601,90,360,636.0,0.0,636.0,711,711,369.56666666666666,15,0,1000000,3000,4
472370,472370,1889480,3602,179,716,1341.0,0.0,1341.0,1434,1434,667.5530726256983,29,0,1000000,3000,4
472501,472501,1890004,3603,131,524,712.0,0.0,712.0,796,796,479.9312977099237,16,0,1000000,3000,4
472587,472587,1890348,3604,86,344,617.0,0.0,617.0,692,692,398.6744186046512,14,0,1000000,3000,4
472682,472682,1890728,3605,95,380,588.0,0.0,588.0,663,663,427.8,14,0,1000000,3000,4
473116,473116,1892464,3606,434,1736,986.0,0.0,986.0,1128,1128,702.9447004608295,23,0,1000000,3000,4
473198,473198,1892792,3607,82,328,627.0,0.0,627.0,701,701,396.4146341463415,15,0,1000000,3000,4
473292,473292,1893168,3608,94,376,624.0,0.0,624.0,699,699,378.1170212765957,14,0,1000000,3000,4
473356,473356,1893424,3609,64,256,617.0,0.0,617.0,687,687,345.609375,14,0,1000000,3000,4
473498,473498,1893992,3610,142,568,1322.0,0.0,1322.0,1407,1407,703.0140845070423,29,0,1000000,3000,4
473531,473531,1894124,3611,33,132,247.0,0.0,247.0,310,310,150.27272727272728,7,0,1000000,3000,4
473617,473617,1894468,3612,86,344,621.0,0.0,621.0,695,695,403.1279069767442,14,0,1000000,3000,4
473682,473682,1894728,3613,65,260,607.0,0.0,607.0,677,677,316.0153846153846,14,0,1000000,3000,4
473860,473860,1895440,3614,178,712,808.0,0.0,808.0,898,899,596.370786516854,18,0,1000000,3000,4
473887,473887,1895548,3615,27,108,247.0,0.0,247.0,309,309,167.14814814814815,7,0,1000000,3000,4
474196,474196,1896784,3616,309,1236,1011.0,0.0,1011.0,1128,1128,676.2459546925567,23,0,1000000,3000,4
474390,474390,1897560,3617,194,776,1330.0,0.0,1330.0,1426,1426,666.680412371134,29,0,1000000,3000,4
474462,474462,1897848,3618,72,288,603.0,0.0,603.0,675,675,330.7361111111111,14,0,1000000,3000,4
474494,474494,1897976,3619,32,128,249.0,0.0,249.0,313,313,147.875,7,0,1000000,3000,4
474637,474637,1898548,3620,143,572,639.0,0.0,639.0,722,722,521.6923076923077,15,0,1000000,3000,4
474998,474998,1899992,3621,361,1444,1661.0,0.0,1661.0,1789,1789,889.7146814404432,36,0,1000000,3000,4
475195,475195,1900780,3622,197,788,1429.0,0.0,1429.0,1526,1526,715.5025380710659,31,0,1000000,3000,4
475430,475430,1901720,3623,235,940,1318.0,0.0,1318.0,1422,1422,640.5404255319149,29,0,1000000,3000,4
475617,475617,1902468,3624,187,748,806.0,0.0,806.0,898,898,577.6417112299465,18,0,1000000,3000,4
475656,475656,1902624,3625,39,156,226.0,0.0,226.0,290,290,173.6153846153846,6,0,1000000,3000,4
475736,475736,1902944,3626,80,320,606.0,0.0,606.0,680,680,327.95,14,0,1000000,3000,4
475773,475773,1903092,3627,37,148,248.0,0.0,248.0,313,313,142.2972972972973,7,0,1000000,3000,4
476265,476265,1905060,3628,492,1968,3023.0,0.0,3023.0,3161,3161,1646.219512195122,64,0,1000000,3000,4
476414,476414,1905656,3629,149,596,767.0,0.0,767.0,854,854,510.2281879194631,18,0,1000000,3000,4
476870,476870,1907480,3630,456,1824,1268.0,0.0,1268.0,1415,1415,722.9802631578947,29,0,1000000,3000,4
477027,477027,1908108,3631,157,628,752.0,0.0,752.0,839,839,515.6751592356688,17,0,1000000,3000,4
477121,477121,1908484,3632,94,376,593.0,0.0,593.0,667,667,422.29787234042556,14,0,1000000,3000,4
477161,477161,1908644,3633,40,160,230.0,0.0,230.0,294,294,162.875,6,0,1000000,3000,4
477191,477191,1908764,3634,30,120,245.0,0.0,245.0,309,309,149.7,7,0,1000000,3000,4
477371,477371,1909484,3635,180,720,777.0,0.0,777.0,870,870,518.6055555555556,18,0,1000000,3000,4
477465,477465,1909860,3636,94,376,613.0,0.0,613.0,688,688,397.78723404255317,14,0,1000000,3000,4
477498,477498,1909992,3637,33,132,246.0,0.0,246.0,310,310,151.27272727272728,7,0,1000000,3000,4
477740,477740,1910960,3638,242,968,700.0,0.0,700.0,805,805,564.8677685950413,17,0,1000000,3000,4
477777,477777,1911108,3639,37,148,247.0,0.0,247.0,311,311,152.05405405405406,7,0,1000000,3000,4
477857,477857,1911428,3640,80,320,638.0,0.0,638.0,711,711,360.625,15,0,1000000,3000,4
477998,477998,1911992,3641,141,564,758.0,0.0,758.0,844,844,520.1276595744681,17,0,1000000,3000,4
478035,478035,1912140,3642,37,148,235.0,0.0,235.0,298,298,156.05405405405406,6,0,1000000,3000,4
478226,478226,1912904,3643,191,764,1034.0,0.0,1034.0,1128,1128,639.9842931937172,23,0,1000000,3000,4
478258,478258,1913032,3644,32,128,245.0,0.0,245.0,309,309,152.71875,7,0,1000000,3000,4
478289,478289,1913156,3645,31,124,247.0,0.0,247.0,311,311,153.51612903225808,7,0,1000000,3000,4
478477,478477,1913908,3646,188,752,1338.0,0.0,1338.0,1433,1433,637.8457446808511,29,0,1000000,3000,4
478509,478509,1914036,3647,32,128,251.0,0.0,251.0,315,315,151.8125,7,0,1000000,3000,4
478551,478551,1914204,3648,42,168,229.0,0.0,229.0,295,295,152.64285714285714,6,0,1000000,3000,4
478588,478588,1914352,3649,37,148,249.0,0.0,249.0,313,313,150.05405405405406,7,0,1000000,3000,4
478688,478688,1914752,3650,100,400,629.0,0.0,629.0,706,706,381.75,15,0,1000000,3000,4
478727,478727,1914908,3651,39,156,238.0,0.0,238.0,303,303,160.17948717948718,7,0,1000000,3000,4
478883,478883,1915532,3652,156,624,1146.0,0.0,1146.0,1234,1234,584.6987179487179,25,0,1000000,3000,4
479140,479140,1916560,3653,257,1028,1319.0,0.0,1319.0,1428,1428,670.8054474708172,29,0,1000000,3000,4
479216,479216,1916864,3654,76,304,610.0,0.0,610.0,683,683,335.13157894736844,14,0,1000000,3000,4
479373,479373,1917492,3655,157,628,1042.0,0.0,1042.0,1129,1129,644.0127388535032,23,0,1000000,3000,4
479590,479590,1918360,3656,217,868,1574.0,0.0,1574.0,1675,1675,823.036866359447,34,0,1000000,3000,4
479666,479666,1918664,3657,76,304,637.0,0.0,637.0,710,710,391.17105263157896,15,0,1000000,3000,4
479908,479908,1919632,3658,242,968,1567.0,0.0,1567.0,1673,1673,792.8677685950413,34,0,1000000,3000,4
480002,480002,1920008,3659,94,376,596.0,0.0,596.0,671,671,410.36170212765956,14,0,1000000,3000,4
480096,480096,1920384,3660,94,376,629.0,0.0,629.0,704,704,381.8723404255319,15,0,1000000,3000,4
480130,480130,1920520,3661,34,136,243.0,0.0,243.0,307,307,153.7941176470588,7,0,1000000,3000,4
480281,480281,1921124,3662,151,604,728.0,0.0,728.0,816,816,480.70198675496687,17,0,1000000,3000,4
480353,480353,1921412,3663,72,288,624.0,0.0,624.0,696,696,357.77777777777777,14,0,1000000,3000,4
480385,480385,1921540,3664,32,128,249.0,0.0,249.0,313,313,157.4375,7,0,1000000,3000,4
480476,480476,1921904,3665,91,364,601.0,0.0,601.0,676,676,351.010989010989,14,0,1000000,3000,4
480672,480672,1922688,3666,196,784,1421.0,0.0,1421.0,1518,1518,735.6071428571429,31,0,1000000,3000,4
480710,480710,1922840,3667,38,152,234.0,0.0,234.0,298,298,169.42105263157896,6,0,1000000,3000,4
480789,480789,1923156,3668,79,316,615.0,0.0,615.0,687,687,359.1645569620253,14,0,1000000,3000,4
480869,480869,1923476,3669,80,320,631.0,0.0,631.0,705,705,372.0,15,0,1000000,3000,4
480902,480902,1923608,3670,33,132,242.0,0.0,242.0,305,305,162.1818181818182,7,0,1000000,3000,4
481011,481011,1924044,3671,109,436,603.0,0.0,603.0,681,681,398.8532110091743,14,0,1000000,3000,4
481047,481047,1924188,3672,36,144,236.0,0.0,236.0,300,300,160.30555555555554,7,0,1000000,3000,4
481147,481147,1924588,3673,100,400,626.0,0.0,626.0,702,702,385.95,15,0,1000000,3000,4
481186,481186,1924744,3674,39,156,234.0,0.0,234.0,299,299,159.15384615384616,6,0,1000000,3000,4
481266,481266,1925064,3675,80,320,625.0,0.0,625.0,698,698,375.0375,14,0,1000000,3000,4
481295,481295,1925180,3676,29,116,251.0,0.0,251.0,314,314,155.9655172413793,7,0,1000000,3000,4
481329,481329,1925316,3677,34,136,248.0,0.0,248.0,312,312,150.35294117647058,7,0,1000000,3000,4
481360,481360,1925440,3678,31,124,246.0,0.0,246.0,309,309,161.90322580645162,7,0,1000000,3000,4
481394,481394,1925576,3679,34,136,243.0,0.0,243.0,306,306,155.85294117647058,7,0,1000000,3000,4
481467,481467,1925868,3680,73,292,617.0,0.0,617.0,688,688,350.83561643835617,14,0,1000000,3000,4
481666,481666,1926664,3681,199,796,1039.0,0.0,1039.0,1135,1135,586.7738693467337,23,0,1000000,3000,4
481752,481752,1927008,3682,86,344,620.0,0.0,620.0,694,694,337.6046511627907,14,0,1000000,3000,4
481784,481784,1927136,3683,32,128,246.0,0.0,246.0,310,310,162.59375,7,0,1000000,3000,4
481815,481815,1927260,3684,31,124,246.0,0.0,246.0,310,310,145.90322580645162,7,0,1000000,3000,4
481973,481973,1927892,3685,158,632,812.0,0.0,812.0,898,899,590.6708860759494,18,0,1000000,3000,4
482185,482185,1928740,3686,212,848,1413.0,0.0,1413.0,1512,1512,737.6603773584906,31,0,1000000,3000,4
482397,482397,1929588,3687,212,848,1427.0,0.0,1427.0,1527,1527,754.1179245283018,31,0,1000000,3000,4
482676,482676,1930704,3688,279,1116,1303.0,0.0,1303.0,1414,1414,714.1326164874552,29,0,1000000,3000,4
482717,482717,1930868,3689,41,164,225.0,0.0,225.0,290,290,166.5121951219512,6,0,1000000,3000,4
482752,482752,1931008,3690,35,140,242.0,0.0,242.0,306,306,155.25714285714287,7,0,1000000,3000,4
482856,482856,1931424,3691,104,416,603.0,0.0,603.0,679,679,392.9326923076923,14,0,1000000,3000,4
482971,482971,1931884,3692,115,460,619.0,0.0,619.0,698,698,376.8434782608696,14,0,1000000,3000,4
483004,483004,1932016,3693,33,132,246.0,0.0,246.0,309,309,155.27272727272728,7,0,1000000,3000,4
483039,483039,1932156,3694,35,140,241.0,0.0,241.0,304,304,153.85714285714286,7,0,1000000,3000,4
483118,483118,1932472,3695,79,316,624.0,0.0,624.0,697,697,338.67088607594934,14,0,1000000,3000,4
483237,483237,1932948,3696,119,476,608.0,0.0,608.0,689,689,403.83193277310926,14,0,1000000,3000,4
483271,483271,1933084,3697,34,136,250.0,0.0,250.0,313,313,153.38235294117646,7,0,1000000,3000,4
483310,483310,1933240,3698,39,156,229.0,0.0,229.0,293,293,169.3846153846154,6,0,1000000,3000,4
483350,483350,1933400,3699,40,160,237.0,0.0,237.0,302,302,147.675,7,0,1000000,3000,4
483491,483491,1933964,3700,141,564,741.0,0.0,741.0,826,826,496.36879432624113,17,0,1000000,3000,4
483527,483527,1934108,3701,36,144,247.0,0.0,247.0,312,312,150.52777777777777,7,0,1000000,3000,4
483564,483564,1934256,3702,37,148,235.0,0.0,235.0,299,299,166.83783783783784,6,0,1000000,3000,4
483609,483609,1934436,3703,45,180,230.0,0.0,230.0,295,295,158.7111111111111,6,0,1000000,3000,4
483645,483645,1934580,3704,36,144,238.0,0.0,238.0,302,302,158.5,7,0,1000000,3000,4
483685,483685,1934740,3705,40,160,232.0,0.0,232.0,298,298,158.675,6,0,1000000,3000,4
483723,483723,1934892,3706,38,152,237.0,0.0,237.0,302,302,156.1315789473684,7,0,1000000,3000,4
483810,483810,1935240,3707,87,348,628.0,0.0,628.0,702,702,353.51724137931035,15,0,1000000,3000,4
483981,483981,1935924,3708,171,684,809.0,0.0,809.0,898,898,529.1754385964912,18,0,1000000,3000,4
484157,484157,1936628,3709,176,704,745.0,0.0,745.0,838,838,531.7784090909091,17,0,1000000,3000,4
484193,484193,1936772,3710,36,144,245.0,0.0,245.0,309,309,154.58333333333334,7,0,1000000,3000,4
484386,484386,1937544,3711,193,772,1334.0,0.0,1334.0,1430,1430,646.0518134715026,29,0,1000000,3000,4
484416,484416,1937664,3712,30,120,246.0,0.0,246.0,310,310,160.0,7,0,1000000,3000,4
484611,484611,1938444,3713,195,780,1033.0,0.0,1033.0,1127,1127,595.3179487179488,23,0,1000000,3000,4
484648,484648,1938592,3714,37,148,235.0,0.0,235.0,298,298,167.48648648648648,6,0,1000000,3000,4
484872,484872,1939488,3715,224,896,721.0,0.0,721.0,821,821,568.4464285714286,17,0,1000000,3000,4
485012,485012,1940048,3716,140,560,1041.0,0.0,1041.0,1124,1124,568.7214285714285,23,0,1000000,3000,4
485103,485103,1940412,3717,91,364,627.0,0.0,627.0,703,703,384.4725274725275,15,0,1000000,3000,4
485207,485207,1940828,3718,104,416,617.0,0.0,617.0,694,694,388.8076923076923,14,0,1000000,3000,4
485298,485298,1941192,3719,91,364,632.0,0.0,632.0,708,708,369.8131868131868,15,0,1000000,3000,4
485381,485381,1941524,3720,83,332,611.0,0.0,611.0,685,685,326.5542168674699,14,0,1000000,3000,4
485623,485623,1942492,3721,242,968,1320.0,0.0,1320.0,1426,1426,737.3760330578513,29,0,1000000,3000,4
485655,485655,1942620,3722,32,128,244.0,0.0,244.0,306,306,159.34375,7,0,1000000,3000,4
485767,485767,1943068,3723,112,448,607.0,0.0,607.0,687,687,397.4017857142857,14,0,1000000,3000,4
485857,485857,1943428,3724,90,360,634.0,0.0,634.0,708,708,381.84444444444443,15,0,1000000,3000,4
486181,486181,1944724,3725,324,1296,2352.0,0.0,2352.0,2472,2472,1292.8024691358025,50,0,1000000,3000,4
486334,486334,1945336,3726,153,612,753.0,0.0,753.0,840,840,553.5424836601308,17,0,1000000,3000,4
486493,486493,1945972,3727,159,636,1040.0,0.0,1040.0,1126,1126,632.9433962264151,23,0,1000000,3000,4
486568,486568,1946272,3728,75,300,617.0,0.0,617.0,689,689,340.41333333333336,14,0,1000000,3000,4
486604,486604,1946416,3729,36,144,247.0,0.0,247.0,312,312,150.11111111111111,7,0,1000000,3000,4
486698,486698,1946792,3730,94,376,612.0,0.0,612.0,687,687,396.56382978723406,14,0,1000000,3000,4
486922,486922,1947688,3731,224,896,1029.0,0.0,1029.0,1129,1129,682.5357142857143,23,0,1000000,3000,4
486952,486952,1947808,3732,30,120,246.0,0.0,246.0,309,309,154.13333333333333,7,0,1000000,3000,4
486985,486985,1947940,3733,33,132,238.0,0.0,238.0,301,301,157.3939393939394,7,0,1000000,3000,4
487208,487208,1948832,3734,223,892,1026.0,0.0,1026.0,1126,1126,685.6502242152467,23,0,1000000,3000,4
487244,487244,1948976,3735,36,144,233.0,0.0,233.0,298,298,165.69444444444446,6,0,1000000,3000,4
487286,487286,1949144,3736,42,168,225.0,0.0,225.0,290,290,170.76190476190476,6,0,1000000,3000,4
487319,487319,1949276,3737,33,132,242.0,0.0,242.0,305,305,158.1818181818182,7,0,1000000,3000,4
487458,487458,1949832,3738,139,556,816.0,0.0,816.0,898,899,585.273381294964,18,0,1000000,3000,4
487616,487616,1950464,3739,158,632,732.0,0.0,732.0,820,820,532.2088607594936,17,0,1000000,3000,4
487747,487747,1950988,3740,131,524,817.0,0.0,817.0,898,899,581.4274809160305,18,0,1000000,3000,4
487838,487838,1951352,3741,91,364,614.0,0.0,614.0,689,689,399.7142857142857,14,0,1000000,3000,4
488043,488043,1952172,3742,205,820,1570.0,0.0,1570.0,1669,1669,791.0048780487805,34,0,1000000,3000,4
488300,488300,1953200,3743,257,1028,1326.0,0.0,1326.0,1435,1435,774.8715953307393,29,0,1000000,3000,4
488369,488369,1953476,3744,69,276,610.0,0.0,610.0,681,681,333.5507246376812,14,0,1000000,3000,4
488405,488405,1953620,3745,36,144,236.0,0.0,236.0,300,300,167.77777777777777,7,0,1000000,3000,4
488574,488574,1954296,3746,169,676,1344.0,0.0,1344.0,1435,1435,668.6094674556213,29,0,1000000,3000,4
488607,488607,1954428,3747,33,132,243.0,0.0,243.0,306,306,159.33333333333334,7,0,1000000,3000,4
488825,488825,1955300,3748,218,872,1308.0,0.0,1308.0,1408,1408,705.7339449541284,29,0,1000000,3000,4
489019,489019,1956076,3749,194,776,1432.0,0.0,1432.0,1528,1528,687.7731958762887,31,0,1000000,3000,4
489098,489098,1956392,3750,79,316,626.0,0.0,626.0,698,698,350.746835443038,14,0,1000000,3000,4
489182,489182,1956728,3751,84,336,637.0,0.0,637.0,711,711,390.75,15,0,1000000,3000,4
489471,489471,1957884,3752,289,1156,1035.0,0.0,1035.0,1150,1150,691.9619377162629,24,0,1000000,3000,4
489504,489504,1958016,3753,33,132,246.0,0.0,246.0,310,310,154.33333333333334,7,0,1000000,3000,4
489614,489614,1958456,3754,110,440,601.0,0.0,601.0,679,679,397.4909090909091,14,0,1000000,3000,4
489690,489690,1958760,3755,76,304,631.0,0.0,631.0,703,703,381.5263157894737,15,0,1000000,3000,4
489796,489796,1959184,3756,106,424,623.0,0.0,623.0,701,701,374.70754716981133,15,0,1000000,3000,4
489829,489829,1959316,3757,33,132,243.0,0.0,243.0,307,307,162.15151515151516,7,0,1000000,3000,4
489866,489866,1959464,3758,37,148,238.0,0.0,238.0,303,303,146.13513513513513,7,0,1000000,3000,4
490011,490011,1960044,3759,145,580,638.0,0.0,638.0,721,722,479.28275862068966,15,0,1000000,3000,4
490248,490248,1960992,3760,237,948,1298.0,0.0,1298.0,1401,1401,713.168776371308,29,0,1000000,3000,4
490438,490438,1961752,3761,190,760,1429.0,0.0,1429.0,1524,1524,754.2631578947369,31,0,1000000,3000,4
490786,490786,1963144,3762,348,1392,1002.0,0.0,1002.0,1127,1127,685.2126436781609,23,0,1000000,3000,4
490884,490884,1963536,3763,98,392,611.0,0.0,611.0,688,688,353.2244897959184,14,0,1000000,3000,4
490965,490965,1963860,3764,81,324,607.0,0.0,607.0,681,681,323.8024691358025,14,0,1000000,3000,4
491001,491001,1964004,3765,36,144,243.0,0.0,243.0,307,307,155.94444444444446,7,0,1000000,3000,4
491160,491160,1964640,3766,159,636,812.0,0.0,812.0,898,899,553.9559748427673,18,0,1000000,3000,4
491344,491344,1965376,3767,184,736,754.0,0.0,754.0,848,848,514.679347826087,17,0,1000000,3000,4
491495,491495,1965980,3768,151,604,705.0,0.0,705.0,792,792,488.63576158940396,16,0,1000000,3000,4
491584,491584,1966336,3769,89,356,622.0,0.0,622.0,697,697,383.1123595505618,14,0,1000000,3000,4
491620,491620,1966480,3770,36,144,242.0,0.0,242.0,307,307,150.36111111111111,7,0,1000000,3000,4
491695,491695,1966780,3771,75,300,611.0,0.0,611.0,682,682,345.06666666666666,14,0,1000000,3000,4
491911,491911,1967644,3772,216,864,1422.0,0.0,1422.0,1523,1523,735.1712962962963,31,0,1000000,3000,4
492005,492005,1968020,3773,94,376,631.0,0.0,631.0,707,707,376.02127659574467,15,0,1000000,3000,4
492037,492037,1968148,3774,32,128,247.0,0.0,247.0,310,310,153.28125,7,0,1000000,3000,4
492207,492207,1968828,3775,170,680,1037.0,0.0,1037.0,1126,1126,553.0705882352942,23,0,1000000,3000,4
492369,492369,1969476,3776,162,648,738.0,0.0,738.0,827,827,480.4567901234568,17,0,1000000,3000,4
492539,492539,1970156,3777,170,680,1036.0,0.0,1036.0,1124,1124,602.2352941176471,23,0,1000000,3000,4
492579,492579,1970316,3778,40,160,232.0,0.0,232.0,297,297,151.15,6,0,1000000,3000,4
492613,492613,1970452,3779,34,136,247.0,0.0,247.0,311,311,149.6764705882353,7,0,1000000,3000,4
492876,492876,1971504,3780,263,1052,1317.0,0.0,1317.0,1427,1427,706.8250950570342,29,0,1000000,3000,4
492922,492922,1971688,3781,46,184,224.0,0.0,224.0,290,290,159.2391304347826,6,0,1000000,3000,4
492951,492951,1971804,3782,29,116,250.0,0.0,250.0,313,313,154.79310344827587,7,0,1000000,3000,4
493056,493056,1972224,3783,105,420,605.0,0.0,605.0,682,682,394.96190476190475,14,0,1000000,3000,4
493319,493319,1973276,3784,263,1052,1560.0,0.0,1560.0,1670,1670,790.6692015209126,34,0,1000000,3000,4
493401,493401,1973604,3785,82,328,607.0,0.0,607.0,681,681,341.8536585365854,14,0,1000000,3000,4
493610,493610,1974440,3786,209,836,1334.0,0.0,1334.0,1433,1433,713.8612440191388,29,0,1000000,3000,4
493688,493688,1974752,3787,78,312,610.0,0.0,610.0,683,683,322.34615384615387,14,0,1000000,3000,4
493798,493798,1975192,3788,110,440,614.0,0.0,614.0,692,692,382.0272727272727,14,0,1000000,3000,4
493967,493967,1975868,3789,169,676,1320.0,0.0,1320.0,1410,1410,729.7278106508876,29,0,1000000,3000,4
494001,494001,1976004,3790,34,136,232.0,0.0,232.0,296,296,171.2941176470588,6,0,1000000,3000,4
494041,494041,1976164,3791,40,160,234.0,0.0,234.0,299,299,161.125,6,0,1000000,3000,4
494255,494255,1977020,3792,214,856,1143.0,0.0,1143.0,1242,1242,683.7056074766355,25,0,1000000,3000,4
494356,494356,1977424,3793,101,404,633.0,0.0,633.0,710,710,395.1287128712871,15,0,1000000,3000,4
494396,494396,1977584,3794,40,160,235.0,0.0,235.0,300,300,157.025,7,0,1000000,3000,4
494428,494428,1977712,3795,32,128,244.0,0.0,244.0,307,307,154.5,7,0,1000000,3000,4
494462,494462,1977848,3796,34,136,235.0,0.0,235.0,298,298,166.8235294117647,6,0,1000000,3000,4
494542,494542,1978168,3797,80,320,614.0,0.0,614.0,688,688,340.0125,14,0,1000000,3000,4
494742,494742,1978968,3798,200,800,1313.0,0.0,1313.0,1409,1409,695.375,29,0,1000000,3000,4
494834,494834,1979336,3799,92,368,619.0,0.0,619.0,695,695,367.2173913043478,14,0,1000000,3000,4
494866,494866,1979464,3800,32,128,250.0,0.0,250.0,314,314,154.6875,7,0,1000000,3000,4
494896,494896,1979584,3801,30,120,248.0,0.0,248.0,311,311,159.76666666666668,7,0,1000000,3000,4
495013,495013,1980052,3802,117,468,599.0,0.0,599.0,680,680,391.44444444444446,14,0,1000000,3000,4
495044,495044,1980176,3803,31,124,252.0,0.0,252.0,316,316,152.8709677419355,7,0,1000000,3000,4
495125,495125,1980500,3804,81,324,609.0,0.0,609.0,683,683,346.04938271604937,14,0,1000000,3000,4
495258,495258,1981032,3805,133,532,1048.0,0.0,1048.0,1130,1130,617.3007518796992,23,0,1000000,3000,4
495301,495301,1981204,3806,43,172,228.0,0.0,228.0,293,293,164.72093023255815,6,0,1000000,3000,4
495336,495336,1981344,3807,35,140,248.0,0.0,248.0,312,312,156.97142857142856,7,0,1000000,3000,4
495501,495501,1982004,3808,165,660,1041.0,0.0,1041.0,1129,1129,639.5393939393939,23,0,1000000,3000,4
495583,495583,1982332,3809,82,328,608.0,0.0,608.0,680,680,331.780487804878,14,0,1000000,3000,4
495618,495618,1982472,3810,35,140,236.0,0.0,236.0,299,299,171.94285714285715,6,0,1000000,3000,4
495648,495648,1982592,3811,30,120,249.0,0.0,249.0,312,312,156.1,7,0,1000000,3000,4
495681,495681,1982724,3812,33,132,237.0,0.0,237.0,301,301,167.3939393939394,7,0,1000000,3000,4
495710,495710,1982840,3813,29,116,251.0,0.0,251.0,314,314,160.24137931034483,7,0,1000000,3000,4
495740,495740,1982960,3814,30,120,250.0,0.0,250.0,314,314,153.26666666666668,7,0,1000000,3000,4
495769,495769,1983076,3815,29,116,248.0,0.0,248.0,311,311,157.13793103448276,7,0,1000000,3000,4
495857,495857,1983428,3816,88,352,608.0,0.0,608.0,683,683,342.96590909090907,14,0,1000000,3000,4
496026,496026,1984104,3817,169,676,810.0,0.0,810.0,898,898,608.1715976331361,18,0,1000000,3000,4
496140,496140,1984560,3818,114,456,1071.0,0.0,1071.0,1151,1151,565.5087719298245,24,0,1000000,3000,4
496175,496175,1984700,3819,35,140,246.0,0.0,246.0,311,311,149.97142857142856,7,0,1000000,3000,4
496406,496406,1985624,3820,231,924,1324.0,0.0,1324.0,1427,1427,760.3246753246754,29,0,1000000,3000,4
496439,496439,1985756,3821,33,132,242.0,0.0,242.0,304,304,163.6969696969697,7,0,1000000,3000,4
496605,496605,1986420,3822,166,664,770.0,0.0,770.0,860,860,530.6084337349398,18,0,1000000,3000,4
496866,496866,1987464,3823,261,1044,1306.0,0.0,1306.0,1413,1413,716.3448275862069,29,0,1000000,3000,4
497170,497170,1988680,3824,304,1216,1313.0,0.0,1313.0,1431,1431,718.953947368421,29,0,1000000,3000,4
497374,497374,1989496,3825,204,816,1311.0,0.0,1311.0,1408,1408,686.0490196078431,29,0,1000000,3000,4
497547,497547,1990188,3826,173,692,738.0,0.0,738.0,830,830,543.2832369942197,17,0,1000000,3000,4
497623,497623,1990492,3827,76,304,652.0,0.0,652.0,722,722,373.64473684210526,15,0,1000000,3000,4
497753,497753,1991012,3828,130,520,1044.0,0.0,1044.0,1124,1124,530.3461538461538,23,0,1000000,3000,4
497869,497869,1991476,3829,116,464,607.0,0.0,607.0,688,688,405.33620689655174,14,0,1000000,3000,4
498161,498161,1992644,3830,292,1168,1411.0,0.0,1411.0,1527,1527,803.6712328767123,31,0,1000000,3000,4
498314,498314,1993256,3831,153,612,1346.0,0.0,1346.0,1434,1434,677.9673202614379,29,0,1000000,3000,4
498349,498349,1993396,3832,35,140,242.0,0.0,242.0,307,307,153.45714285714286,7,0,1000000,3000,4
498427,498427,1993708,3833,78,312,631.0,0.0,631.0,704,704,366.97435897435895,15,0,1000000,3000,4
498503,498503,1994012,3834,76,304,632.0,0.0,632.0,705,705,360.3157894736842,15,0,1000000,3000,4
498536,498536,1994144,3835,33,132,242.0,0.0,242.0,305,305,165.45454545454547,7,0,1000000,3000,4
498567,498567,1994268,3836,31,124,244.0,0.0,244.0,308,308,155.7741935483871,7,0,1000000,3000,4
498638,498638,1994552,3837,71,284,612.0,0.0,612.0,684,684,325.2676056338028,14,0,1000000,3000,4
498827,498827,1995308,3838,189,756,1339.0,0.0,1339.0,1434,1434,699.8465608465608,29,0,1000000,3000,4
498858,498858,1995432,3839,31,124,245.0,0.0,245.0,309,309,155.51612903225808,7,0,1000000,3000,4
499048,499048,1996192,3840,190,760,1339.0,0.0,1339.0,1434,1434,699.2684210526315,29,0,1000000,3000,4
499134,499134,1996536,3841,86,344,607.0,0.0,607.0,681,681,372.8837209302326,14,0,1000000,3000,4
499165,499165,1996660,3842,31,124,251.0,0.0,251.0,315,315,156.0,7,0,1000000,3000,4
499370,499370,1997480,3843,205,820,1172.0,0.0,1172.0,1270,1270,671.829268292683,26,0,1000000,3000,4
499407,499407,1997628,3844,37,148,238.0,0.0,238.0,303,303,154.32432432432432,7,0,1000000,3000,4
499441,499441,1997764,3845,34,136,243.0,0.0,243.0,307,307,161.3235294117647,7,0,1000000,3000,4
499528,499528,1998112,3846,87,348,616.0,0.0,616.0,691,691,387.2528735632184,14,0,1000000,3000,4
499565,499565,1998260,3847,37,148,241.0,0.0,241.0,306,306,155.51351351351352,7,0,1000000,3000,4
499594,499594,1998376,3848,29,116,246.0,0.0,246.0,309,309,161.06896551724137,7,0,1000000,3000,4
499626,499626,1998504,3849,32,128,244.0,0.0,244.0,308,308,152.875,7,0,1000000,3000,4
499795,499795,1999180,3850,169,676,1342.0,0.0,1342.0,1433,1433,727.0887573964498,29,0,1000000,3000,4
499884,499884,1999536,3851,89,356,630.0,0.0,630.0,703,703,381.3820224719101,15,0,1000000,3000,4
500059,500059,2000236,3852,175,700,1317.0,0.0,1317.0,1409,1409,719.6628571428571,29,0,1000000,3000,4
500131,500131,2000524,3853,72,288,611.0,0.0,611.0,683,683,332.31944444444446,14,0,1000000,3000,4
500300,500300,2001200,3854,169,676,761.0,0.0,761.0,851,851,549.5147928994082,18,0,1000000,3000,4
500402,500402,2001608,3855,102,408,603.0,0.0,603.0,680,680,393.6862745098039,14,0,1000000,3000,4
500484,500484,2001936,3856,82,328,631.0,0.0,631.0,704,704,369.4268292682927,15,0,1000000,3000,4
500553,500553,2002212,3857,69,276,616.0,0.0,616.0,687,687,350.94202898550725,14,0,1000000,3000,4
500770,500770,2003080,3858,217,868,1315.0,0.0,1315.0,1414,1414,761.3824884792626,29,0,1000000,3000,4
501011,501011,2004044,3859,241,964,1308.0,0.0,1308.0,1413,1413,678.4896265560166,29,0,1000000,3000,4
501114,501114,2004456,3860,103,412,621.0,0.0,621.0,698,698,399.2718446601942,14,0,1000000,3000,4
501245,501245,2004980,3861,131,524,1067.0,0.0,1067.0,1151,1151,617.0687022900763,24,0,1000000,3000,4
501340,501340,2005360,3862,95,380,622.0,0.0,622.0,698,698,376.7684210526316,14,0,1000000,3000,4
501458,501458,2005832,3863,118,472,765.0,0.0,765.0,845,845,510.5,17,0,1000000,3000,4
501579,501579,2006316,3864,121,484,1069.0,0.0,1069.0,1151,1151,588.8595041322315,24,0,1000000,3000,4
501842,501842,2007368,3865,263,1052,1680.0,0.0,1680.0,1788,1788,853.2623574144486,36,0,1000000,3000,4
502025,502025,2008100,3866,183,732,1036.0,0.0,1036.0,1128,1128,633.5409836065573,23,0,1000000,3000,4
502270,502270,2009080,3867,245,980,1024.0,0.0,1024.0,1128,1128,608.8530612244898,23,0,1000000,3000,4
502363,502363,2009452,3868,93,372,601.0,0.0,601.0,675,675,402.68817204301075,14,0,1000000,3000,4
502394,502394,2009576,3869,31,124,248.0,0.0,248.0,312,312,156.19354838709677,7,0,1000000,3000,4
502431,502431,2009724,3870,37,148,239.0,0.0,239.0,303,303,156.78378378378378,7,0,1000000,3000,4
502517,502517,2010068,3871,86,344,620.0,0.0,620.0,694,694,351.8837209302326,14,0,1000000,3000,4
502549,502549,2010196,3872,32,128,245.0,0.0,245.0,309,309,150.21875,7,0,1000000,3000,4
502642,502642,2010568,3873,93,372,623.0,0.0,623.0,698,698,362.61290322580646,14,0,1000000,3000,4
502739,502739,2010956,3874,97,388,633.0,0.0,633.0,709,709,373.87628865979383,15,0,1000000,3000,4
502847,502847,2011388,3875,108,432,615.0,0.0,615.0,692,692,395.9074074074074,14,0,1000000,3000,4
503063,503063,2012252,3876,216,864,1680.0,0.0,1680.0,1781,1781,882.6018518518518,36,0,1000000,3000,4
503211,503211,2012844,3877,148,592,714.0,0.0,714.0,801,801,486.2432432432432,17,0,1000000,3000,4
503420,503420,2013680,3878,209,836,1052.0,0.0,1052.0,1151,1151,696.2200956937799,24,0,1000000,3000,4
503558,503558,2014232,3879,138,552,816.0,0.0,816.0,898,898,585.0217391304348,18,0,1000000,3000,4
503597,503597,2014388,3880,39,156,227.0,0.0,227.0,291,291,170.84615384615384,6,0,1000000,3000,4
503680,503680,2014720,3881,83,332,627.0,0.0,627.0,700,700,386.9156626506024,15,0,1000000,3000,4
503710,503710,2014840,3882,30,120,247.0,0.0,247.0,311,311,160.26666666666668,7,0,1000000,3000,4
503979,503979,2015916,3883,269,1076,1321.0,0.0,1321.0,1432,1432,746.8252788104089,29,0,1000000,3000,4
504124,504124,2016496,3884,145,580,1172.0,0.0,1172.0,1258,1258,675.903448275862,26,0,1000000,3000,4
504155,504155,2016620,3885,31,124,244.0,0.0,244.0,307,307,163.25806451612902,7,0,1000000,3000,4
504337,504337,2017348,3886,182,728,1349.0,0.0,1349.0,1443,1443,720.7472527472528,29,0,1000000,3000,4
504424,504424,2017696,3887,87,348,633.0,0.0,633.0,708,708,392.41379310344826,15,0,1000000,3000,4
504526,504526,2018104,3888,102,408,611.0,0.0,611.0,688,688,388.27450980392155,14,0,1000000,3000,4
504555,504555,2018220,3889,29,116,242.0,0.0,242.0,304,304,172.93103448275863,7,0,1000000,3000,4
504700,504700,2018800,3890,145,580,1045.0,0.0,1045.0,1129,1129,636.903448275862,23,0,1000000,3000,4
504865,504865,2019460,3891,165,660,743.0,0.0,743.0,834,834,563.7212121212121,17,0,1000000,3000,4
504996,504996,2019984,3892,131,524,734.0,0.0,734.0,817,817,484.8702290076336,17,0,1000000,3000,4
505029,505029,2020116,3893,33,132,247.0,0.0,247.0,310,310,156.78787878787878,7,0,1000000,3000,4
505112,505112,2020448,3894,83,332,626.0,0.0,626.0,699,699,392.2048192771084,14,0,1000000,3000,4
505241,505241,2020964,3895,129,516,1046.0,0.0,1046.0,1126,1126,579.2945736434109,23,0,1000000,3000,4
505269,505269,2021076,3896,28,112,250.0,0.0,250.0,313,313,157.82142857142858,7,0,1000000,3000,4
505497,505497,2021988,3897,228,912,1302.0,0.0,1302.0,1403,1403,734.7763157894736,29,0,1000000,3000,4
505531,505531,2022124,3898,34,136,250.0,0.0,250.0,314,314,148.5,7,0,1000000,3000,4
505568,505568,2022272,3899,37,148,226.0,0.0,226.0,290,290,176.3783783783784,6,0,1000000,3000,4
505666,505666,2022664,3900,98,392,625.0,0.0,625.0,701,701,366.7142857142857,15,0,1000000,3000,4
505844,505844,2023376,3901,178,712,1035.0,0.0,1035.0,1126,1126,581.5842696629213,23,0,1000000,3000,4
506035,506035,2024140,3902,191,764,1342.0,0.0,1342.0,1438,1438,686.8638743455498,29,0,1000000,3000,4
506258,506258,2025032,3903,223,892,1568.0,0.0,1568.0,1670,1670,783.8923766816143,34,0,1000000,3000,4
506438,506438,2025752,3904,180,720,1336.0,0.0,1336.0,1430,1430,712.4444444444445,29,0,1000000,3000,4
506547,506547,2026188,3905,109,436,597.0,0.0,597.0,675,675,385.8715596330275,14,0,1000000,3000,4
506641,506641,2026564,3906,94,376,608.0,0.0,608.0,684,684,394.0744680851064,14,0,1000000,3000,4
506729,506729,2026916,3907,88,352,630.0,0.0,630.0,705,705,402.1931818181818,15,0,1000000,3000,4
506827,506827,2027308,3908,98,392,624.0,0.0,624.0,699,699,391.9795918367347,14,0,1000000,3000,4
507096,507096,2028384,3909,269,1076,1299.0,0.0,1299.0,1409,1409,681.2081784386617,29,0,1000000,3000,4
507192,507192,2028768,3910,96,384,591.0,0.0,591.0,667,667,412.78125,14,0,1000000,3000,4
507281,507281,2029124,3911,89,356,619.0,0.0,619.0,693,693,345.64044943820227,14,0,1000000,3000,4
507365,507365,2029460,3912,84,336,730.0,0.0,730.0,804,804,384.92857142857144,17,0,1000000,3000,4
507437,507437,2029748,3913,72,288,605.0,0.0,605.0,677,677,331.90277777777777,14,0,1000000,3000,4
507676,507676,2030704,3914,239,956,1914.0,0.0,1914.0,2018,2018,977.9205020920502,41,0,1000000,3000,4
508001,508001,2032004,3915,325,1300,1306.0,0.0,1306.0,1428,1428,711.6923076923077,29,0,1000000,3000,4
508183,508183,2032732,3916,182,728,1057.0,0.0,1057.0,1151,1151,613.2362637362637,24,0,1000000,3000,4
508290,508290,2033160,3917,107,428,601.0,0.0,601.0,680,680,408.89719626168227,14,0,1000000,3000,4
508320,508320,2033280,3918,30,120,247.0,0.0,247.0,311,311,158.73333333333332,7,0,1000000,3000,4
508579,508579,2034316,3919,259,1036,792.0,0.0,792.0,898,898,631.6602316602317,18,0,1000000,3000,4
508679,508679,2034716,3920,100,400,626.0,0.0,626.0,703,703,344.83,15,0,1000000,3000,4
508766,508766,2035064,3921,87,348,621.0,0.0,621.0,696,696,403.2758620689655,14,0,1000000,3000,4
508965,508965,2035860,3922,199,796,1340.0,0.0,1340.0,1437,1437,699.3115577889447,29,0,1000000,3000,4
509204,509204,2036816,3923,239,956,1684.0,0.0,1684.0,1788,1788,833.0418410041841,36,0,1000000,3000,4
509370,509370,2037480,3924,166,664,1037.0,0.0,1037.0,1126,1126,579.7409638554217,23,0,1000000,3000,4
509654,509654,2038616,3925,284,1136,1684.0,0.0,1684.0,1798,1798,795.9542253521126,36,0,1000000,3000,4
509882,509882,2039528,3926,228,912,1311.0,0.0,1311.0,1411,1411,758.7850877192982,29,0,1000000,3000,4
510016,510016,2040064,3927,134,536,594.0,0.0,594.0,677,677,397.14925373134326,14,0,1000000,3000,4
510098,510098,2040392,3928,82,328,615.0,0.0,615.0,687,687,332.3414634146341,14,0,1000000,3000,4
510176,510176,2040704,3929,78,312,652.0,0.0,652.0,722,722,389.28205128205127,15,0,1000000,3000,4
510515,510515,2042060,3930,339,1356,1820.0,0.0,1820.0,1943,1943,945.2507374631268,39,0,1000000,3000,4
510546,510546,2042184,3931,31,124,250.0,0.0,250.0,314,314,157.25806451612902,7,0,1000000,3000,4
510637,510637,2042548,3932,91,364,634.0,0.0,634.0,708,708,370.86813186813185,15,0,1000000,3000,4
510730,510730,2042920,3933,93,372,614.0,0.0,614.0,690,690,349.3440860215054,14,0,1000000,3000,4
510826,510826,2043304,3934,96,384,620.0,0.0,620.0,696,696,356.21875,14,0,1000000,3000,4
510872,510872,2043488,3935,46,184,217.0,0.0,217.0,283,283,170.17391304347825,6,0,1000000,3000,4
510912,510912,2043648,3936,40,160,235.0,0.0,235.0,300,300,150.8,7,0,1000000,3000,4
510955,510955,2043820,3937,43,172,226.0,0.0,226.0,292,292,162.34883720930233,6,0,1000000,3000,4
511045,511045,2044180,3938,90,360,609.0,0.0,609.0,684,684,399.0777777777778,14,0,1000000,3000,4
511080,511080,2044320,3939,35,140,246.0,0.0,246.0,310,310,151.85714285714286,7,0,1000000,3000,4
511186,511186,2044744,3940,106,424,614.0,0.0,614.0,692,692,387.5188679245283,14,0,1000000,3000,4
511274,511274,2045096,3941,88,352,650.0,0.0,650.0,722,722,386.59090909090907,15,0,1000000,3000,4
511371,511371,2045484,3942,97,388,611.0,0.0,611.0,687,687,393.4226804123711,14,0,1000000,3000,4
511617,511617,2046468,3943,246,984,1046.0,0.0,1046.0,1153,1153,655.5569105691056,24,0,1000000,3000,4
511771,511771,2047084,3944,154,616,1042.0,0.0,1042.0,1128,1128,607.5649350649351,23,0,1000000,3000,4
511850,511850,2047400,3945,79,316,626.0,0.0,626.0,697,697,361.0886075949367,14,0,1000000,3000,4
511939,511939,2047756,3946,89,356,650.0,0.0,650.0,722,724,384.2022471910112,15,0,1000000,3000,4
511974,511974,2047896,3947,35,140,237.0,0.0,237.0,300,300,171.97142857142856,7,0,1000000,3000,4
512171,512171,2048684,3948,197,788,1331.0,0.0,1331.0,1428,1428,692.8071065989848,29,0,1000000,3000,4
512258,512258,2049032,3949,87,348,614.0,0.0,614.0,689,689,358.95402298850576,14,0,1000000,3000,4
512370,512370,2049480,3950,112,448,745.0,0.0,745.0,824,824,503.3482142857143,17,0,1000000,3000,4
512409,512409,2049636,3951,39,156,235.0,0.0,235.0,299,299,165.4102564102564,6,0,1000000,3000,4
512581,512581,2050324,3952,172,688,1039.0,0.0,1039.0,1129,1129,634.0058139534884,23,0,1000000,3000,4
512707,512707,2050828,3953,126,504,818.0,0.0,818.0,898,898,568.3333333333334,18,0,1000000,3000,4
512897,512897,2051588,3954,190,760,1314.0,0.0,1314.0,1409,1409,665.9421052631579,29,0,1000000,3000,4
512926,512926,2051704,3955,29,116,246.0,0.0,246.0,308,308,160.72413793103448,7,0,1000000,3000,4
512956,512956,2051824,3956,30,120,246.0,0.0,246.0,309,309,160.76666666666668,7,0,1000000,3000,4
513044,513044,2052176,3957,88,352,609.0,0.0,609.0,684,684,340.57954545454544,14,0,1000000,3000,4
513076,513076,2052304,3958,32,128,246.0,0.0,246.0,309,309,160.625,7,0,1000000,3000,4
513292,513292,2053168,3959,216,864,1704.0,0.0,1704.0,1805,1805,851.800925925926,37,0,1000000,3000,4
513323,513323,2053292,3960,31,124,248.0,0.0,248.0,311,311,163.70967741935485,7,0,1000000,3000,4
513354,513354,2053416,3961,31,124,245.0,0.0,245.0,308,308,154.25806451612902,7,0,1000000,3000,4
513514,513514,2054056,3962,160,640,787.0,0.0,787.0,876,876,526.79375,18,0,1000000,3000,4
513544,513544,2054176,3963,30,120,247.0,0.0,247.0,310,310,156.63333333333333,7,0,1000000,3000,4
513574,513574,2054296,3964,30,120,250.0,0.0,250.0,314,314,154.6,7,0,1000000,3000,4
513730,513730,2054920,3965,156,624,1039.0,0.0,1039.0,1126,1126,642.5576923076923,23,0,1000000,3000,4
513761,513761,2055044,3966,31,124,248.0,0.0,248.0,312,312,162.3548387096774,7,0,1000000,3000,4
514057,514057,2056228,3967,296,1184,1404.0,0.0,1404.0,1520,1520,746.8716216216217,31,0,1000000,3000,4
514221,514221,2056884,3968,164,656,1039.0,0.0,1039.0,1126,1126,637.2134146341464,23,0,1000000,3000,4
514301,514301,2057204,3969,80,320,607.0,0.0,607.0,680,680,314.275,14,0,1000000,3000,4
514380,514380,2057520,3970,79,316,635.0,0.0,635.0,708,708,379.6455696202532,15,0,1000000,3000,4
514580,514580,2058320,3971,200,800,761.0,0.0,761.0,858,858,544.985,18,0,1000000,3000,4
514719,514719,2058876,3972,139,556,1043.0,0.0,1043.0,1125,1125,609.7913669064748,23,0,1000000,3000,4
514810,514810,2059240,3973,91,364,620.0,0.0,620.0,696,696,386.6703296703297,14,0,1000000,3000,4
514967,514967,2059868,3974,157,628,1156.0,0.0,1156.0,1245,1245,615.4713375796179,25,0,1000000,3000,4
515048,515048,2060192,3975,81,324,634.0,0.0,634.0,708,708,387.87654320987656,15,0,1000000,3000,4
515079,515079,2060316,3976,31,124,248.0,0.0,248.0,312,312,155.1290322580645,7,0,1000000,3000,4
515115,515115,2060460,3977,36,144,245.0,0.0,245.0,310,310,155.94444444444446,7,0,1000000,3000,4
515197,515197,2060788,3978,82,328,621.0,0.0,621.0,694,694,408.0975609756098,14,0,1000000,3000,4
515229,515229,2060916,3979,32,128,244.0,0.0,244.0,307,307,157.59375,7,0,1000000,3000,4
515314,515314,2061256,3980,85,340,618.0,0.0,618.0,693,693,402.2823529411765,14,0,1000000,3000,4
515482,515482,2061928,3981,168,672,1432.0,0.0,1432.0,1523,1523,765.6309523809524,31,0,1000000,3000,4
515516,515516,2062064,3982,34,136,238.0,0.0,238.0,301,301,171.02941176470588,7,0,1000000,3000,4
515545,515545,2062180,3983,29,116,246.0,0.0,246.0,309,309,157.3448275862069,7,0,1000000,3000,4
515634,515634,2062536,3984,89,356,628.0,0.0,628.0,702,702,392.2584269662921,15,0,1000000,3000,4
515706,515706,2062824,3985,72,288,607.0,0.0,607.0,679,679,356.27777777777777,14,0,1000000,3000,4
515834,515834,2063336,3986,128,512,1049.0,0.0,1049.0,1130,1130,616.6328125,23,0,1000000,3000,4
516139,516139,2064556,3987,305,1220,1906.0,0.0,1906.0,2025,2025,885.2622950819672,41,0,1000000,3000,4
516400,516400,2065600,3988,261,1044,1019.0,0.0,1019.0,1127,1127,664.7854406130268,23,0,1000000,3000,4
516434,516434,2065736,3989,34,136,243.0,0.0,243.0,306,306,160.47058823529412,7,0,1000000,3000,4
516507,516507,2066028,3990,73,292,623.0,0.0,623.0,694,694,347.3424657534247,14,0,1000000,3000,4
516669,516669,2066676,3991,162,648,635.0,0.0,635.0,722,722,479.6111111111111,15,0,1000000,3000,4
516854,516854,2067416,3992,185,740,1035.0,0.0,1035.0,1128,1128,577.0648648648648,23,0,1000000,3000,4
516930,516930,2067720,3993,76,304,607.0,0.0,607.0,680,680,317.30263157894734,14,0,1000000,3000,4
517125,517125,2068500,3994,195,780,1321.0,0.0,1321.0,1415,1415,727.3282051282051,29,0,1000000,3000,4
517286,517286,2069144,3995,161,644,811.0,0.0,811.0,898,900,558.1490683229814,19,0,1000000,3000,4
517318,517318,2069272,3996,32,128,251.0,0.0,251.0,315,315,152.875,7,0,1000000,3000,4
517351,517351,2069404,3997,33,132,240.0,0.0,240.0,304,304,159.84848484848484,7,0,1000000,3000,4
517715,517715,2070860,3998,364,1456,2636.0,0.0,2636.0,2766,2766,1404.9065934065934,56,0,1000000,3000,4
517745,517745,2070980,3999,30,120,250.0,0.0,250.0,314,314,161.33333333333334,7,0,1000000,3000,4
517780,517780,2071120,4000,35,140,233.0,0.0,233.0,298,298,162.85714285714286,6,0,1000000,3000,4
517867,517867,2071468,4001,87,348,620.0,0.0,620.0,695,695,351.2988505747126,14,0,1000000,3000,4
517901,517901,2071604,4002,34,136,236.0,0.0,236.0,299,299,168.55882352941177,6,0,1000000,3000,4
517977,517977,2071908,4003,76,304,608.0,0.0,608.0,681,681,353.0394736842105,14,0,1000000,3000,4
518064,518064,2072256,4004,87,348,650.0,0.0,650.0,722,722,382.2528735632184,15,0,1000000,3000,4
518092,518092,2072368,4005,28,112,248.0,0.0,248.0,311,311,155.82142857142858,7,0,1000000,3000,4
518344,518344,2073376,4006,252,1008,1312.0,0.0,1312.0,1418,1418,759.3055555555555,29,0,1000000,3000,4
518485,518485,2073940,4007,141,564,639.0,0.0,639.0,722,722,499.60283687943263,15,0,1000000,3000,4
518622,518622,2074488,4008,137,548,585.0,0.0,585.0,669,669,463.59124087591243,14,0,1000000,3000,4
518715,518715,2074860,4009,93,372,626.0,0.0,626.0,702,702,397.0752688172043,15,0,1000000,3000,4
519294,519294,2077176,4010,579,2316,958.0,0.0,958.0,1129,1129,812.4455958549223,23,0,1000000,3000,4
519404,519404,2077616,4011,110,440,719.0,0.0,719.0,797,797,485.1272727272727,16,0,1000000,3000,4
519618,519618,2078472,4012,214,856,1336.0,0.0,1336.0,1436,1436,697.7336448598131,29,0,1000000,3000,4
519647,519647,2078588,4013,29,116,252.0,0.0,252.0,315,315,160.48275862068965,7,0,1000000,3000,4
519840,519840,2079360,4014,193,772,1322.0,0.0,1322.0,1416,1416,701.6269430051814,29,0,1000000,3000,4
519874,519874,2079496,4015,34,136,238.0,0.0,238.0,302,302,163.3235294117647,7,0,1000000,3000,4
520016,520016,2080064,4016,142,568,639.0,0.0,639.0,722,722,532.8169014084507,15,0,1000000,3000,4
520049,520049,2080196,4017,33,132,246.0,0.0,246.0,309,309,157.72727272727272,7,0,1000000,3000,4
520137,520137,2080548,4018,88,352,625.0,0.0,625.0,700,700,387.02272727272725,15,0,1000000,3000,4
520223,520223,2080892,4019,86,344,610.0,0.0,610.0,685,685,403.7674418604651,14,0,1000000,3000,4
520253,520253,2081012,4020,30,120,251.0,0.0,251.0,314,314,154.13333333333333,7,0,1000000,3000,4
520283,520283,2081132,4021,30,120,246.0,0.0,246.0,309,309,160.3,7,0,1000000,3000,4
520387,520387,2081548,4022,104,416,608.0,0.0,608.0,685,685,399.71153846153845,14,0,1000000,3000,4
520753,520753,2083012,4023,366,1464,1298.0,0.0,1298.0,1429,1429,737.0710382513661,29,0,1000000,3000,4
520785,520785,2083140,4024,32,128,247.0,0.0,247.0,311,311,152.40625,7,0,1000000,3000,4
520823,520823,2083292,4025,38,152,233.0,0.0,233.0,297,297,164.07894736842104,6,0,1000000,3000,4
520965,520965,2083860,4026,142,568,815.0,0.0,815.0,898,898,612.5985915492957,18,0,1000000,3000,4
520997,520997,2083988,4027,32,128,248.0,0.0,248.0,312,312,156.1875,7,0,1000000,3000,4
521159,521159,2084636,4028,162,648,1319.0,0.0,1319.0,1408,1408,692.7407407407408,29,0,1000000,3000,4
521296,521296,2085184,4029,137,548,757.0,0.0,757.0,841,841,516.1532846715329,17,0,1000000,3000,4
521332,521332,2085328,4030,36,144,243.0,0.0,243.0,308,308,155.27777777777777,7,0,1000000,3000,4
521440,521440,2085760,4031,108,432,619.0,0.0,619.0,698,698,394.962962962963,14,0,1000000,3000,4
521622,521622,2086488,4032,182,728,1333.0,0.0,1333.0,1427,1427,687.7912087912088,29,0,1000000,3000,4
521655,521655,2086620,4033,33,132,244.0,0.0,244.0,307,307,162.1818181818182,7,0,1000000,3000,4
522029,522029,2088116,4034,374,1496,1287.0,0.0,1287.0,1417,1417,723.3582887700535,29,0,1000000,3000,4
522282,522282,2089128,4035,253,1012,1301.0,0.0,1301.0,1408,1408,754.4387351778656,29,0,1000000,3000,4
522313,522313,2089252,4036,31,124,246.0,0.0,246.0,310,310,153.51612903225808,7,0,1000000,3000,4
522350,522350,2089400,4037,37,148,238.0,0.0,238.0,303,303,164.51351351351352,7,0,1000000,3000,4
522661,522661,2090644,4038,311,1244,1010.0,0.0,1010.0,1128,1128,709.2347266881029,23,0,1000000,3000,4
522914,522914,2091656,4039,253,1012,1416.0,0.0,1416.0,1524,1524,761.505928853755,31,0,1000000,3000,4
523024,523024,2092096,4040,110,440,596.0,0.0,596.0,676,676,410.1090909090909,14,0,1000000,3000,4
523335,523335,2093340,4041,311,1244,1392.0,0.0,1392.0,1511,1511,777.8842443729903,31,0,1000000,3000,4
523367,523367,2093468,4042,32,128,239.0,0.0,239.0,303,303,158.71875,7,0,1000000,3000,4
523434,523434,2093736,4043,67,268,619.0,0.0,619.0,690,690,341.25373134328356,14,0,1000000,3000,4
523509,523509,2094036,4044,75,300,601.0,0.0,601.0,674,674,323.0133333333333,14,0,1000000,3000,4
523544,523544,2094176,4045,35,140,238.0,0.0,238.0,302,302,168.25714285714287,7,0,1000000,3000,4
523577,523577,2094308,4046,33,132,250.0,0.0,250.0,313,313,154.0909090909091,7,0,1000000,3000,4
523611,523611,2094444,4047,34,136,236.0,0.0,236.0,299,299,168.38235294117646,6,0,1000000,3000,4
523643,523643,2094572,4048,32,128,249.0,0.0,249.0,313,313,153.3125,7,0,1000000,3000,4
523735,523735,2094940,4049,92,368,630.0,0.0,630.0,704,704,370.9891304347826,15,0,1000000,3000,4
523918,523918,2095672,4050,183,732,1322.0,0.0,1322.0,1414,1414,739.8469945355191,29,0,1000000,3000,4
523988,523988,2095952,4051,70,280,613.0,0.0,613.0,683,683,346.01428571428573,14,0,1000000,3000,4
524023,524023,2096092,4052,35,140,243.0,0.0,243.0,308,308,148.05714285714285,7,0,1000000,3000,4
524061,524061,2096244,4053,38,152,234.0,0.0,234.0,298,298,164.05263157894737,6,0,1000000,3000,4
524097,524097,2096388,4054,36,144,236.0,0.0,236.0,300,300,162.69444444444446,7,0,1000000,3000,4
524130,524130,2096520,4055,33,132,236.0,0.0,236.0,300,300,161.72727272727272,7,0,1000000,3000,4
524333,524333,2097332,4056,203,812,1334.0,0.0,1334.0,1432,1432,700.2660098522167,29,0,1000000,3000,4
524867,524867,2099468,4057,534,2136,2308.0,0.0,2308.0,2470,2470,1213.878277153558,50,0,1000000,3000,4
524978,524978,2099912,4058,111,444,611.0,0.0,611.0,690,690,383.1261261261261,14,0,1000000,3000,4
525160,525160,2100640,4059,182,728,1432.0,0.0,1432.0,1526,1526,705.4285714285714,31,0,1000000,3000,4
525257,525257,2101028,4060,97,388,623.0,0.0,623.0,698,698,383.4845360824742,14,0,1000000,3000,4
525443,525443,2101772,4061,186,744,1032.0,0.0,1032.0,1124,1124,638.6236559139785,23,0,1000000,3000,4
525481,525481,2101924,4062,38,152,232.0,0.0,232.0,296,296,164.5,6,0,1000000,3000,4
525559,525559,2102236,4063,78,312,627.0,0.0,627.0,699,699,352.0128205128205,14,0,1000000,3000,4
525643,525643,2102572,4064,84,336,626.0,0.0,626.0,699,699,369.3690476190476,14,0,1000000,3000,4
525719,525719,2102876,4065,76,304,624.0,0.0,624.0,697,697,342.85526315789474,14,0,1000000,3000,4
525758,525758,2103032,4066,39,156,232.0,0.0,232.0,296,296,162.3846153846154,6,0,1000000,3000,4
525939,525939,2103756,4067,181,724,1032.0,0.0,1032.0,1124,1124,644.3038674033149,23,0,1000000,3000,4
526055,526055,2104220,4068,116,464,726.0,0.0,726.0,806,806,468.7155172413793,17,0,1000000,3000,4
526141,526141,2104564,4069,86,344,633.0,0.0,633.0,708,708,362.51162790697674,15,0,1000000,3000,4
526372,526372,2105488,4070,231,924,1330.0,0.0,1330.0,1434,1434,717.6450216450216,29,0,1000000,3000,4
526539,526539,2106156,4071,167,668,1047.0,0.0,1047.0,1136,1136,541.4850299401197,23,0,1000000,3000,4
526584,526584,2106336,4072,45,180,224.0,0.0,224.0,290,290,158.26666666666668,6,0,1000000,3000,4
526622,526622,2106488,4073,38,152,243.0,0.0,243.0,308,308,142.92105263157896,7,0,1000000,3000,4
526662,526662,2106648,4074,40,160,230.0,0.0,230.0,295,295,162.8,6,0,1000000,3000,4
526695,526695,2106780,4075,33,132,245.0,0.0,245.0,307,307,161.03030303030303,7,0,1000000,3000,4
527020,527020,2108080,4076,325,1300,1115.0,0.0,1115.0,1236,1236,685.6615384615385,25,0,1000000,3000,4
527121,527121,2108484,4077,101,404,625.0,0.0,625.0,702,702,336.56435643564356,15,0,1000000,3000,4
527260,527260,2109040,4078,139,556,746.0,0.0,746.0,830,830,475.6043165467626,17,0,1000000,3000,4
527378,527378,2109512,4079,118,472,587.0,0.0,587.0,667,667,390.3898305084746,14,0,1000000,3000,4
527607,527607,2110428,4080,229,916,1310.0,0.0,1310.0,1410,1410,762.4890829694323,29,0,1000000,3000,4
527730,527730,2110920,4081,123,492,603.0,0.0,603.0,684,684,377.7154471544715,14,0,1000000,3000,4
527832,527832,2111328,4082,102,408,611.0,0.0,611.0,689,689,322.2843137254902,14,0,1000000,3000,4
527870,527870,2111480,4083,38,152,245.0,0.0,245.0,310,310,142.21052631578948,7,0,1000000,3000,4
528023,528023,2112092,4084,153,612,760.0,0.0,760.0,848,848,501.69934640522877,17,0,1000000,3000,4
528129,528129,2112516,4085,106,424,614.0,0.0,614.0,693,693,369.3301886792453,14,0,1000000,3000,4
528331,528331,2113324,4086,202,808,724.0,0.0,724.0,822,822,557.2128712871287,17,0,1000000,3000,4
528416,528416,2113664,4087,85,340,612.0,0.0,612.0,687,687,337.7294117647059,14,0,1000000,3000,4
528631,528631,2114524,4088,215,860,1136.0,0.0,1136.0,1235,1235,663.753488372093,25,0,1000000,3000,4
528705,528705,2114820,4089,74,296,653.0,0.0,653.0,722,722,371.4864864864865,15,0,1000000,3000,4
528740,528740,2114960,4090,35,140,244.0,0.0,244.0,306,306,154.97142857142856,7,0,1000000,3000,4
528774,528774,2115096,4091,34,136,244.0,0.0,244.0,308,308,151.85294117647058,7,0,1000000,3000,4
528808,528808,2115232,4092,34,136,241.0,0.0,241.0,305,305,160.64705882352942,7,0,1000000,3000,4
528919,528919,2115676,4093,111,444,624.0,0.0,624.0,703,703,361.02702702702703,15,0,1000000,3000,4
528952,528952,2115808,4094,33,132,243.0,0.0,243.0,307,307,160.0,7,0,1000000,3000,4
529263,529263,2117052,4095,311,1244,1308.0,0.0,1308.0,1428,1428,747.3633440514469,29,0,1000000,3000,4
529335,529335,2117340,4096,72,288,616.0,0.0,616.0,687,687,325.6111111111111,14,0,1000000,3000,4
529422,529422,2117688,4097,87,348,635.0,0.0,635.0,710,710,376.02298850574715,15,0,1000000,3000,4
529537,529537,2118148,4098,115,460,593.0,0.0,593.0,672,672,381.9304347826087,14,0,1000000,3000,4
529756,529756,2119024,4099,219,876,1424.0,0.0,1424.0,1524,1524,744.4794520547945,31,0,1000000,3000,4
529850,529850,2119400,4100,94,376,611.0,0.0,611.0,686,686,385.40425531914894,14,0,1000000,3000,4
529880,529880,2119520,4101,30,120,246.0,0.0,246.0,309,309,156.1,7,0,1000000,3000,4
529960,529960,2119840,4102,80,320,618.0,0.0,618.0,690,690,351.6375,14,0,1000000,3000,4
529998,529998,2119992,4103,38,152,231.0,0.0,231.0,296,296,166.60526315789474,6,0,1000000,3000,4
530080,530080,2120320,4104,82,328,638.0,0.0,638.0,710,710,374.3536585365854,15,0,1000000,3000,4
530308,530308,2121232,4105,228,912,1027.0,0.0,1027.0,1128,1128,598.6271929824561,23,0,1000000,3000,4
530352,530352,2121408,4106,44,176,223.0,0.0,223.0,289,289,162.4090909090909,6,0,1000000,3000,4
530390,530390,2121560,4107,38,152,238.0,0.0,238.0,301,301,163.5,7,0,1000000,3000,4
530551,530551,2122204,4108,161,644,1049.0,0.0,1049.0,1138,1138,642.0062111801242,23,0,1000000,3000,4
530659,530659,2122636,4109,108,432,618.0,0.0,618.0,697,697,347.1388888888889,14,0,1000000,3000,4
530747,530747,2122988,4110,88,352,617.0,0.0,617.0,692,692,338.34090909090907,14,0,1000000,3000,4
530839,530839,2123356,4111,92,368,609.0,0.0,609.0,684,684,315.2282608695652,14,0,1000000,3000,4
530875,530875,2123500,4112,36,144,245.0,0.0,245.0,309,309,151.97222222222223,7,0,1000000,3000,4
531072,531072,2124288,4113,197,788,761.0,0.0,761.0,857,857,525.1776649746192,18,0,1000000,3000,4
531104,531104,2124416,4114,32,128,245.0,0.0,245.0,309,309,165.40625,7,0,1000000,3000,4
531188,531188,2124752,4115,84,336,616.0,0.0,616.0,689,689,349.14285714285717,14,0,1000000,3000,4
531222,531222,2124888,4116,34,136,243.0,0.0,243.0,307,307,152.7941176470588,7,0,1000000,3000,4
531414,531414,2125656,4117,192,768,1344.0,0.0,1344.0,1440,1440,656.6145833333334,29,0,1000000,3000,4
531459,531459,2125836,4118,45,180,223.0,0.0,223.0,287,287,165.73333333333332,6,0,1000000,3000,4
531492,531492,2125968,4119,33,132,243.0,0.0,243.0,306,306,156.3030303030303,7,0,1000000,3000,4
531654,531654,2126616,4120,162,648,610.0,0.0,610.0,699,699,472.141975308642,14,0,1000000,3000,4
531858,531858,2127432,4121,204,816,1312.0,0.0,1312.0,1408,1408,667.4313725490196,29,0,1000000,3000,4
531894,531894,2127576,4122,36,144,245.0,0.0,245.0,309,309,157.0,7,0,1000000,3000,4
531929,531929,2127716,4123,35,140,242.0,0.0,242.0,306,306,156.0,7,0,1000000,3000,4
532020,532020,2128080,4124,91,364,608.0,0.0,608.0,684,684,343.5164835164835,14,0,1000000,3000,4
532417,532417,2129668,4125,397,1588,2616.0,0.0,2616.0,2752,2752,1431.463476070529,56,0,1000000,3000,4
532514,532514,2130056,4126,97,388,610.0,0.0,610.0,686,686,345.0515463917526,14,0,1000000,3000,4
532549,532549,2130196,4127,35,140,238.0,0.0,238.0,303,303,164.6,7,0,1000000,3000,4
532733,532733,2130932,4128,184,736,1342.0,0.0,1342.0,1436,1436,677.3913043478261,29,0,1000000,3000,4
532995,532995,2131980,4129,262,1048,1305.0,0.0,1305.0,1413,1413,763.7748091603054,29,0,1000000,3000,4
533036,533036,2132144,4130,41,164,233.0,0.0,233.0,298,298,159.6341463414634,6,0,1000000,3000,4
533079,533079,2132316,4131,43,172,233.0,0.0,233.0,298,298,155.13953488372093,6,0,1000000,3000,4
533109,533109,2132436,4132,30,120,249.0,0.0,249.0,312,312,154.46666666666667,7,0,1000000,3000,4
533269,533269,2133076,4133,160,640,1147.0,0.0,1147.0,1235,1235,626.35,25,0,1000000,3000,4
533300,533300,2133200,4134,31,124,249.0,0.0,249.0,313,313,148.67741935483872,7,0,1000000,3000,4
533395,533395,2133580,4135,95,380,623.0,0.0,623.0,699,699,384.65263157894736,14,0,1000000,3000,4
533444,533444,2133776,4136,49,196,214.0,0.0,214.0,281,281,163.79591836734693,6,0,1000000,3000,4
533634,533634,2134536,4137,190,760,1339.0,0.0,1339.0,1435,1435,669.2684210526315,29,0,1000000,3000,4
533864,533864,2135456,4138,230,920,1335.0,0.0,1335.0,1438,1438,718.6608695652174,29,0,1000000,3000,4
533963,533963,2135852,4139,99,396,597.0,0.0,597.0,673,673,406.72727272727275,14,0,1000000,3000,4
533998,533998,2135992,4140,35,140,245.0,0.0,245.0,309,309,138.82857142857142,7,0,1000000,3000,4
534088,534088,2136352,4141,90,360,650.0,0.0,650.0,722,722,361.3888888888889,15,0,1000000,3000,4
534255,534255,2137020,4142,167,668,774.0,0.0,774.0,865,865,526.377245508982,18,0,1000000,3000,4
534344,534344,2137376,4143,89,356,615.0,0.0,615.0,689,689,382.75280898876406,14,0,1000000,3000,4
534425,534425,2137700,4144,81,324,651.0,0.0,651.0,722,722,352.7654320987654,15,0,1000000,3000,4
534577,534577,2138308,4145,152,608,713.0,0.0,713.0,800,800,415.9144736842105,17,0,1000000,3000,4
534691,534691,2138764,4146,114,456,618.0,0.0,618.0,697,697,362.8157894736842,14,0,1000000,3000,4
534840,534840,2139360,4147,149,596,638.0,0.0,638.0,722,722,498.38255033557044,15,0,1000000,3000,4
535067,535067,2140268,4148,227,908,1334.0,0.0,1334.0,1437,1437,673.3039647577092,29,0,1000000,3000,4
535156,535156,2140624,4149,89,356,633.0,0.0,633.0,707,707,348.60674157303373,15,0,1000000,3000,4
535396,535396,2141584,4150,240,960,1322.0,0.0,1322.0,1427,1427,706.6166666666667,29,0,1000000,3000,4
535436,535436,2141744,4151,40,160,239.0,0.0,239.0,303,303,147.6,7,0,1000000,3000,4
535529,535529,2142116,4152,93,372,625.0,0.0,625.0,700,700,371.40860215053766,15,0,1000000,3000,4
535565,535565,2142260,4153,36,144,241.0,0.0,241.0,304,304,162.38888888888889,7,0,1000000,3000,4
535661,535661,2142644,4154,96,384,626.0,0.0,626.0,702,702,374.9791666666667,15,0,1000000,3000,4
535865,535865,2143460,4155,204,816,803.0,0.0,803.0,898,899,545.656862745098,18,0,1000000,3000,4
536095,536095,2144380,4156,230,920,1411.0,0.0,1411.0,1513,1513,701.295652173913,31,0,1000000,3000,4
536181,536181,2144724,4157,86,344,619.0,0.0,619.0,694,694,337.45348837209303,14,0,1000000,3000,4
536211,536211,2144844,4158,30,120,251.0,0.0,251.0,314,314,156.1,7,0,1000000,3000,4
536256,536256,2145024,4159,45,180,233.0,0.0,233.0,297,297,147.04444444444445,6,0,1000000,3000,4
536371,536371,2145484,4160,115,460,616.0,0.0,616.0,696,696,326.5826086956522,14,0,1000000,3000,4
536404,536404,2145616,4161,33,132,246.0,0.0,246.0,309,309,159.36363636363637,7,0,1000000,3000,4
536456,536456,2145824,4162,52,208,215.0,0.0,215.0,282,282,149.8846153846154,6,0,1000000,3000,4
536752,536752,2147008,4163,296,1184,1553.0,0.0,1553.0,1668,1668,775.375,34,0,1000000,3000,4
536867,536867,2147468,4164,115,460,606.0,0.0,606.0,685,685,358.5652173913044,14,0,1000000,3000,4
537009,537009,2148036,4165,142,568,1043.0,0.0,1043.0,1127,1127,606.0422535211268,23,0,1000000,3000,4
537247,537247,2148988,4166,238,952,1030.0,0.0,1030.0,1134,1134,642.9159663865546,23,0,1000000,3000,4
537297,537297,2149188,4167,50,200,215.0,0.0,215.0,280,280,165.58,6,0,1000000,3000,4
537345,537345,2149380,4168,48,192,231.0,0.0,231.0,297,297,147.66666666666666,6,0,1000000,3000,4
537469,537469,2149876,4169,124,496,607.0,0.0,607.0,688,688,370.3467741935484,14,0,1000000,3000,4
537583,537583,2150332,4170,114,456,583.0,0.0,583.0,662,662,389.0,14,0,1000000,3000,4
537742,537742,2150968,4171,159,636,1040.0,0.0,1040.0,1127,1127,588.5283018867924,23,0,1000000,3000,4
537783,537783,2151132,4172,41,164,232.0,0.0,232.0,297,297,154.0,6,0,1000000,3000,4
537828,537828,2151312,4173,45,180,230.0,0.0,230.0,296,296,148.33333333333334,6,0,1000000,3000,4
538059,538059,2152236,4174,231,924,1028.0,0.0,1028.0,1130,1130,630.2207792207793,23,0,1000000,3000,4
538251,538251,2153004,4175,192,768,1034.0,0.0,1034.0,1128,1128,642.046875,23,0,1000000,3000,4
538488,538488,2153952,4176,237,948,1329.0,0.0,1329.0,1434,1434,668.1012658227849,29,0,1000000,3000,4
538675,538675,2154700,4177,187,748,771.0,0.0,771.0,865,865,518.0374331550802,18,0,1000000,3000,4
538913,538913,2155652,4178,238,952,1033.0,0.0,1033.0,1137,1137,618.2899159663865,23,0,1000000,3000,4
539024,539024,2156096,4179,111,444,619.0,0.0,619.0,698,698,378.5045045045045,14,0,1000000,3000,4
539114,539114,2156456,4180,90,360,604.0,0.0,604.0,680,680,341.73333333333335,14,0,1000000,3000,4
539206,539206,2156824,4181,92,368,604.0,0.0,604.0,680,680,350.8369565217391,14,0,1000000,3000,4
539361,539361,2157444,4182,155,620,1042.0,0.0,1042.0,1128,1128,574.0774193548388,23,0,1000000,3000,4
539473,539473,2157892,4183,112,448,626.0,0.0,626.0,705,705,352.98214285714283,15,0,1000000,3000,4
539579,539579,2158316,4184,106,424,631.0,0.0,631.0,710,710,339.16037735849056,15,0,1000000,3000,4
539800,539800,2159200,4185,221,884,1324.0,0.0,1324.0,1426,1426,646.2669683257918,29,0,1000000,3000,4
539883,539883,2159532,4186,83,332,617.0,0.0,617.0,690,690,326.1566265060241,14,0,1000000,3000,4
539928,539928,2159712,4187,45,180,223.0,0.0,223.0,287,287,161.6,6,0,1000000,3000,4
540116,540116,2160464,4188,188,752,792.0,0.0,792.0,886,886,486.9095744680851,18,0,1000000,3000,4
540212,540212,2160848,4189,96,384,602.0,0.0,602.0,679,679,393.65625,14,0,1000000,3000,4
540399,540399,2161596,4190,187,748,744.0,0.0,744.0,838,838,542.3743315508021,17,0,1000000,3000,4
540438,540438,2161752,4191,39,156,237.0,0.0,237.0,302,302,151.66666666666666,7,0,1000000,3000,4
540547,540547,2162188,4192,109,436,602.0,0.0,602.0,679,679,370.8715596330275,14,0,1000000,3000,4
540585,540585,2162340,4193,38,152,249.0,0.0,249.0,314,314,141.05263157894737,7,0,1000000,3000,4
540819,540819,2163276,4194,234,936,1301.0,0.0,1301.0,1404,1404,785.1282051282051,29,0,1000000,3000,4
540914,540914,2163656,4195,95,380,600.0,0.0,600.0,677,677,305.53684210526313,14,0,1000000,3000,4
541123,541123,2164492,4196,209,836,1027.0,0.0,1027.0,1123,1123,610.8947368421053,23,0,1000000,3000,4
541165,541165,2164660,4197,42,168,229.0,0.0,229.0,295,295,156.57142857142858,6,0,1000000,3000,4
541268,541268,2165072,4198,103,412,596.0,0.0,596.0,673,673,390.3009708737864,14,0,1000000,3000,4
541375,541375,2165500,4199,107,428,622.0,0.0,622.0,701,701,363.3457943925234,15,0,1000000,3000,4
541419,541419,2165676,4200,44,176,233.0,0.0,233.0,299,299,149.8181818181818,6,0,1000000,3000,4
541455,541455,2165820,4201,36,144,232.0,0.0,232.0,297,297,160.86111111111111,6,0,1000000,3000,4
541679,541679,2166716,4202,224,896,804.0,0.0,804.0,898,899,513.4553571428571,18,0,1000000,3000,4
541882,541882,2167528,4203,203,812,803.0,0.0,803.0,898,899,590.35960591133,18,0,1000000,3000,4
541980,541980,2167920,4204,98,392,633.0,0.0,633.0,709,709,356.2551020408163,15,0,1000000,3000,4
542017,542017,2168068,4205,37,148,230.0,0.0,230.0,294,294,165.8918918918919,6,0,1000000,3000,4
542058,542058,2168232,4206,41,164,240.0,0.0,240.0,306,306,143.70731707317074,7,0,1000000,3000,4
542101,542101,2168404,4207,43,172,228.0,0.0,228.0,292,292,159.13953488372093,6,0,1000000,3000,4
542142,542142,2168568,4208,41,164,236.0,0.0,236.0,301,301,149.390243902439,7,0,1000000,3000,4
542386,542386,2169544,4209,244,976,1312.0,0.0,1312.0,1416,1416,709.5901639344262,29,0,1000000,3000,4
542431,542431,2169724,4210,45,180,233.0,0.0,233.0,300,300,143.8,7,0,1000000,3000,4
542475,542475,2169900,4211,44,176,229.0,0.0,229.0,294,294,158.11363636363637,6,0,1000000,3000,4
542671,542671,2170684,4212,196,784,1042.0,0.0,1042.0,1138,1138,570.1173469387755,23,0,1000000,3000,4
542710,542710,2170840,4213,39,156,235.0,0.0,235.0,299,299,160.89743589743588,6,0,1000000,3000,4
542745,542745,2170980,4214,35,140,243.0,0.0,243.0,305,305,157.5142857142857,7,0,1000000,3000,4
542777,542777,2171108,4215,32,128,248.0,0.0,248.0,311,311,156.125,7,0,1000000,3000,4
542816,542816,2171264,4216,39,156,239.0,0.0,239.0,303,303,155.0,7,0,1000000,3000,4
542954,542954,2171816,4217,138,552,574.0,0.0,574.0,658,658,435.65942028985506,14,0,1000000,3000,4
542996,542996,2171984,4218,42,168,229.0,0.0,229.0,295,295,155.78571428571428,6,0,1000000,3000,4
543039,543039,2172156,4219,43,172,235.0,0.0,235.0,300,300,150.06976744186048,7,0,1000000,3000,4
543136,543136,2172544,4220,97,388,637.0,0.0,637.0,714,714,365.97938144329896,15,0,1000000,3000,4
543173,543173,2172692,4221,37,148,237.0,0.0,237.0,302,302,156.45945945945945,7,0,1000000,3000,4
543350,543350,2173400,4222,177,708,1038.0,0.0,1038.0,1129,1129,616.6214689265537,23,0,1000000,3000,4
543440,543440,2173760,4223,90,360,634.0,0.0,634.0,709,709,378.1222222222222,15,0,1000000,3000,4
543665,543665,2174660,4224,225,900,1026.0,0.0,1026.0,1126,1126,573.9377777777778,23,0,1000000,3000,4
543697,543697,2174788,4225,32,128,247.0,0.0,247.0,311,311,156.59375,7,0,1000000,3000,4
543919,543919,2175676,4226,222,888,1332.0,0.0,1332.0,1434,1434,658.9954954954954,29,0,1000000,3000,4
543949,543949,2175796,4227,30,120,247.0,0.0,247.0,310,310,155.13333333333333,7,0,1000000,3000,4
544044,544044,2176176,4228,95,380,619.0,0.0,619.0,695,695,371.61052631578946,14,0,1000000,3000,4
544211,544211,2176844,4229,167,668,1037.0,0.0,1037.0,1126,1126,629.7365269461078,23,0,1000000,3000,4
544243,544243,2176972,4230,32,128,248.0,0.0,248.0,311,311,158.6875,7,0,1000000,3000,4
544417,544417,2177668,4231,174,696,1337.0,0.0,1337.0,1428,1428,719.3793103448276,29,0,1000000,3000,4
544452,544452,2177808,4232,35,140,237.0,0.0,237.0,301,301,163.37142857142857,7,0,1000000,3000,4
544574,544574,2178296,4233,122,488,1048.0,0.0,1048.0,1128,1128,588.6147540983607,23,0,1000000,3000,4
544610,544610,2178440,4234,36,144,243.0,0.0,243.0,306,306,156.86111111111111,7,0,1000000,3000,4
544641,544641,2178564,4235,31,124,243.0,0.0,243.0,306,306,156.70967741935485,7,0,1000000,3000,4
544671,544671,2178684,4236,30,120,251.0,0.0,251.0,314,314,152.03333333333333,7,0,1000000,3000,4
544771,544771,2179084,4237,100,400,621.0,0.0,621.0,699,699,393.66,14,0,1000000,3000,4
544803,544803,2179212,4238,32,128,252.0,0.0,252.0,316,316,155.15625,7,0,1000000,3000,4
544990,544990,2179960,4239,187,748,1044.0,0.0,1044.0,1138,1138,633.0106951871658,23,0,1000000,3000,4
545252,545252,2181008,4240,262,1048,1017.0,0.0,1017.0,1125,1125,655.0114503816794,23,0,1000000,3000,4
545294,545294,2181176,4241,42,168,225.0,0.0,225.0,289,289,170.47619047619048,6,0,1000000,3000,4
545327,545327,2181308,4242,33,132,241.0,0.0,241.0,304,304,159.4848484848485,7,0,1000000,3000,4
545399,545399,2181596,4243,72,288,614.0,0.0,614.0,686,686,350.69444444444446,14,0,1000000,3000,4
545497,545497,2181988,4244,98,392,620.0,0.0,620.0,696,696,371.8979591836735,14,0,1000000,3000,4
545529,545529,2182116,4245,32,128,247.0,0.0,247.0,311,311,149.03125,7,0,1000000,3000,4
545625,545625,2182500,4246,96,384,621.0,0.0,621.0,698,698,382.78125,14,0,1000000,3000,4
545661,545661,2182644,4247,36,144,236.0,0.0,236.0,299,299,168.25,6,0,1000000,3000,4
545841,545841,2183364,4248,180,720,1046.0,0.0,1046.0,1137,1137,569.2777777777778,23,0,1000000,3000,4
545882,545882,2183528,4249,41,164,230.0,0.0,230.0,295,295,162.14634146341464,6,0,1000000,3000,4
545924,545924,2183696,4250,42,168,233.0,0.0,233.0,298,298,157.04761904761904,6,0,1000000,3000,4
546149,546149,2184596,4251,225,900,1317.0,0.0,1317.0,1419,1419,748.4488888888889,29,0,1000000,3000,4
546187,546187,2184748,4252,38,152,236.0,0.0,236.0,299,299,162.81578947368422,6,0,1000000,3000,4
546219,546219,2184876,4253,32,128,251.0,0.0,251.0,315,315,151.40625,7,0,1000000,3000,4
546297,546297,2185188,4254,78,312,614.0,0.0,614.0,686,686,335.06410256410254,14,0,1000000,3000,4
546342,546342,2185368,4255,45,180,223.0,0.0,223.0,289,289,162.77777777777777,6,0,1000000,3000,4
546447,546447,2185788,4256,105,420,621.0,0.0,621.0,699,699,367.51428571428573,14,0,1000000,3000,4
546481,546481,2185924,4257,34,136,244.0,0.0,244.0,307,307,157.76470588235293,7,0,1000000,3000,4
546512,546512,2186048,4258,31,124,248.0,0.0,248.0,312,312,153.4516129032258,7,0,1000000,3000,4
546543,546543,2186172,4259,31,124,250.0,0.0,250.0,314,314,152.58064516129033,7,0,1000000,3000,4
546674,546674,2186696,4260,131,524,605.0,0.0,605.0,688,688,383.8625954198473,14,0,1000000,3000,4
546822,546822,2187288,4261,148,592,764.0,0.0,764.0,850,850,505.6756756756757,18,0,1000000,3000,4
547047,547047,2188188,4262,225,900,798.0,0.0,798.0,898,898,574.3866666666667,18,0,1000000,3000,4
547190,547190,2188760,4263,143,572,1045.0,0.0,1045.0,1129,1129,554.6223776223776,23,0,1000000,3000,4
547291,547291,2189164,4264,101,404,596.0,0.0,596.0,673,673,400.0792079207921,14,0,1000000,3000,4
547329,547329,2189316,4265,38,152,242.0,0.0,242.0,306,306,150.52631578947367,7,0,1000000,3000,4
547402,547402,2189608,4266,73,292,605.0,0.0,605.0,677,677,313.52054794520546,14,0,1000000,3000,4
547438,547438,2189752,4267,36,144,242.0,0.0,242.0,307,307,155.94444444444446,7,0,1000000,3000,4
547536,547536,2190144,4268,98,392,628.0,0.0,628.0,704,704,344.8265306122449,15,0,1000000,3000,4
547623,547623,2190492,4269,87,348,625.0,0.0,625.0,700,700,338.7931034482759,15,0,1000000,3000,4
547713,547713,2190852,4270,90,360,627.0,0.0,627.0,703,703,375.84444444444443,15,0,1000000,3000,4
547954,547954,2191816,4271,241,964,1679.0,0.0,1679.0,1783,1783,892.6224066390041,36,0,1000000,3000,4
548144,548144,2192576,4272,190,760,1316.0,0.0,1316.0,1409,1409,739.0105263157894,29,0,1000000,3000,4
548263,548263,2193052,4273,119,476,744.0,0.0,744.0,824,824,496.74789915966386,17,0,1000000,3000,4
548353,548353,2193412,4274,90,360,625.0,0.0,625.0,700,700,399.25555555555553,15,0,1000000,3000,4
548432,548432,2193728,4275,79,316,618.0,0.0,618.0,690,690,365.8607594936709,14,0,1000000,3000,4
548464,548464,2193856,4276,32,128,252.0,0.0,252.0,316,316,152.09375,7,0,1000000,3000,4
548581,548581,2194324,4277,117,468,711.0,0.0,711.0,791,791,483.94017094017096,16,0,1000000,3000,4
548619,548619,2194476,4278,38,152,237.0,0.0,237.0,301,301,158.3421052631579,7,0,1000000,3000,4
548787,548787,2195148,4279,168,672,1039.0,0.0,1039.0,1128,1128,623.4642857142857,23,0,1000000,3000,4
548954,548954,2195816,4280,167,668,1328.0,0.0,1328.0,1417,1417,700.0299401197605,29,0,1000000,3000,4
548983,548983,2195932,4281,29,116,250.0,0.0,250.0,313,313,160.6206896551724,7,0,1000000,3000,4
549120,549120,2196480,4282,137,548,1046.0,0.0,1046.0,1129,1129,613.4744525547445,23,0,1000000,3000,4
549263,549263,2197052,4283,143,572,815.0,0.0,815.0,898,899,606.1118881118881,18,0,1000000,3000,4
549450,549450,2197800,4284,187,748,1037.0,0.0,1037.0,1130,1130,629.2513368983957,23,0,1000000,3000,4
549484,549484,2197936,4285,34,136,249.0,0.0,249.0,313,313,155.5,7,0,1000000,3000,4
549513,549513,2198052,4286,29,116,249.0,0.0,249.0,312,312,157.82758620689654,7,0,1000000,3000,4
549683,549683,2198732,4287,170,680,1039.0,0.0,1039.0,1128,1128,628.8352941176471,23,0,1000000,3000,4
549829,549829,2199316,4288,146,584,754.0,0.0,754.0,841,841,530.3356164383562,17,0,1000000,3000,4
550174,550174,2200696,4289,345,1380,2351.0,0.0,2351.0,2476,2476,1442.2260869565218,50,0,1000000,3000,4
550207,550207,2200828,4290,33,132,237.0,0.0,237.0,301,301,162.84848484848484,7,0,1000000,3000,4
550237,550237,2200948,4291,30,120,251.0,0.0,251.0,314,314,156.26666666666668,7,0,1000000,3000,4
550303,550303,2201212,4292,66,264,606.0,0.0,606.0,677,677,314.74242424242425,14,0,1000000,3000,4
550336,550336,2201344,4293,33,132,248.0,0.0,248.0,312,312,150.0909090909091,7,0,1000000,3000,4
550369,550369,2201476,4294,33,132,240.0,0.0,240.0,304,304,156.87878787878788,7,0,1000000,3000,4
550399,550399,2201596,4295,30,120,249.0,0.0,249.0,312,312,155.73333333333332,7,0,1000000,3000,4
550593,550593,2202372,4296,194,776,1322.0,0.0,1322.0,1416,1416,722.5773195876288,29,0,1000000,3000,4
550832,550832,2203328,4297,239,956,1685.0,0.0,1685.0,1790,1790,881.3347280334729,36,0,1000000,3000,4
550865,550865,2203460,4298,33,132,237.0,0.0,237.0,301,301,162.42424242424244,7,0,1000000,3000,4
551044,551044,2204176,4299,179,716,1037.0,0.0,1037.0,1128,1128,602.8547486033519,23,0,1000000,3000,4
551076,551076,2204304,4300,32,128,239.0,0.0,239.0,302,302,158.65625,7,0,1000000,3000,4
551252,551252,2205008,4301,176,704,1431.0,0.0,1431.0,1524,1524,753.5284090909091,31,0,1000000,3000,4
551281,551281,2205124,4302,29,116,249.0,0.0,249.0,311,311,160.20689655172413,7,0,1000000,3000,4
551313,551313,2205252,4303,32,128,244.0,0.0,244.0,308,308,160.6875,7,0,1000000,3000,4
551480,551480,2205920,4304,167,668,748.0,0.0,748.0,838,838,519.0598802395209,17,0,1000000,3000,4
551510,551510,2206040,4305,30,120,248.0,0.0,248.0,309,309,161.8,7,0,1000000,3000,4
551543,551543,2206172,4306,33,132,246.0,0.0,246.0,310,310,152.4848484848485,7,0,1000000,3000,4
551622,551622,2206488,4307,79,316,634.0,0.0,634.0,707,707,378.746835443038,15,0,1000000,3000,4
551776,551776,2207104,4308,154,616,1346.0,0.0,1346.0,1434,1434,704.2727272727273,29,0,1000000,3000,4
551807,551807,2207228,4309,31,124,247.0,0.0,247.0,311,311,157.61290322580646,7,0,1000000,3000,4
551907,551907,2207628,4310,100,400,616.0,0.0,616.0,693,693,391.96,14,0,1000000,3000,4
551992,551992,2207968,4311,85,340,626.0,0.0,626.0,701,701,348.9764705882353,15,0,1000000,3000,4
552023,552023,2208092,4312,31,124,246.0,0.0,246.0,310,310,157.32258064516128,7,0,1000000,3000,4
552053,552053,2208212,4313,30,120,246.0,0.0,246.0,309,309,162.43333333333334,7,0,1000000,3000,4
552089,552089,2208356,4314,36,144,236.0,0.0,236.0,300,300,157.30555555555554,7,0,1000000,3000,4
552305,552305,2209220,4315,216,864,1693.0,0.0,1693.0,1793,1793,903.7731481481482,36,0,1000000,3000,4
552441,552441,2209764,4316,136,544,1066.0,0.0,1066.0,1151,1151,602.8676470588235,24,0,1000000,3000,4
552482,552482,2209928,4317,41,164,226.0,0.0,226.0,290,290,164.21951219512195,6,0,1000000,3000,4
552627,552627,2210508,4318,145,580,609.0,0.0,609.0,695,695,470.99310344827586,14,0,1000000,3000,4
552750,552750,2211000,4319,123,492,1049.0,0.0,1049.0,1129,1129,566.2032520325204,23,0,1000000,3000,4
552786,552786,2211144,4320,36,144,237.0,0.0,237.0,301,301,167.91666666666666,7,0,1000000,3000,4
552972,552972,2211888,4321,186,744,1334.0,0.0,1334.0,1429,1429,707.9408602150538,29,0,1000000,3000,4
553054,553054,2212216,4322,82,328,651.0,0.0,651.0,722,724,374.2560975609756,15,0,1000000,3000,4
553219,553219,2212876,4323,165,660,811.0,0.0,811.0,898,899,588.6909090909091,18,0,1000000,3000,4
553253,553253,2213012,4324,34,136,242.0,0.0,242.0,305,305,156.11764705882354,7,0,1000000,3000,4
553345,553345,2213380,4325,92,368,618.0,0.0,618.0,693,693,393.1630434782609,14,0,1000000,3000,4
553430,553430,2213720,4326,85,340,613.0,0.0,613.0,687,687,351.8705882352941,14,0,1000000,3000,4
553571,553571,2214284,4327,141,564,766.0,0.0,766.0,850,850,527.5106382978723,18,0,1000000,3000,4
553604,553604,2214416,4328,33,132,242.0,0.0,242.0,305,305,161.0909090909091,7,0,1000000,3000,4
553633,553633,2214532,4329,29,116,246.0,0.0,246.0,308,308,162.0,7,0,1000000,3000,4
553724,553724,2214896,4330,91,364,605.0,0.0,605.0,681,681,349.9230769230769,14,0,1000000,3000,4
553886,553886,2215544,4331,162,648,1063.0,0.0,1063.0,1153,1153,601.2716049382716,24,0,1000000,3000,4
553921,553921,2215684,4332,35,140,239.0,0.0,239.0,303,303,166.22857142857143,7,0,1000000,3000,4
553995,553995,2215980,4333,74,296,609.0,0.0,609.0,681,681,327.44594594594594,14,0,1000000,3000,4
554080,554080,2216320,4334,85,340,617.0,0.0,617.0,692,692,367.3411764705882,14,0,1000000,3000,4
554109,554109,2216436,4335,29,116,249.0,0.0,249.0,312,312,160.51724137931035,7,0,1000000,3000,4
554286,554286,2217144,4336,177,708,1036.0,0.0,1036.0,1127,1127,650.1299435028249,23,0,1000000,3000,4
554380,554380,2217520,4337,94,376,613.0,0.0,613.0,689,689,391.56382978723406,14,0,1000000,3000,4
554553,554553,2218212,4338,173,692,1037.0,0.0,1037.0,1127,1127,623.3236994219653,23,0,1000000,3000,4
554585,554585,2218340,4339,32,128,240.0,0.0,240.0,303,303,165.84375,7,0,1000000,3000,4
554616,554616,2218464,4340,31,124,251.0,0.0,251.0,315,315,153.38709677419354,7,0,1000000,3000,4
554749,554749,2218996,4341,133,532,1042.0,0.0,1042.0,1123,1123,579.2330827067669,23,0,1000000,3000,4
554842,554842,2219368,4342,93,372,617.0,0.0,617.0,693,693,396.2043010752688,14,0,1000000,3000,4
554872,554872,2219488,4343,30,120,252.0,0.0,252.0,315,315,155.36666666666667,7,0,1000000,3000,4
554955,554955,2219820,4344,83,332,638.0,0.0,638.0,712,712,376.96385542168673,15,0,1000000,3000,4
554984,554984,2219936,4345,29,116,252.0,0.0,252.0,315,315,159.93103448275863,7,0,1000000,3000,4
555016,555016,2220064,4346,32,128,243.0,0.0,243.0,306,306,163.40625,7,0,1000000,3000,4
555182,555182,2220728,4347,166,664,1039.0,0.0,1039.0,1128,1128,612.2289156626506,23,0,1000000,3000,4
555217,555217,2220868,4348,35,140,242.0,0.0,242.0,307,307,150.14285714285714,7,0,1000000,3000,4
555354,555354,2221416,4349,137,548,640.0,0.0,640.0,722,723,502.985401459854,15,0,1000000,3000,4
555454,555454,2221816,4350,100,400,623.0,0.0,623.0,700,700,400.59,15,0,1000000,3000,4
555487,555487,2221948,4351,33,132,245.0,0.0,245.0,309,309,156.6060606060606,7,0,1000000,3000,4
555571,555571,2222284,4352,84,336,631.0,0.0,631.0,705,705,365.9047619047619,15,0,1000000,3000,4
555665,555665,2222660,4353,94,376,623.0,0.0,623.0,699,699,360.9148936170213,14,0,1000000,3000,4
555735,555735,2222940,4354,70,280,614.0,0.0,614.0,685,685,357.84285714285716,14,0,1000000,3000,4
555819,555819,2223276,4355,84,336,636.0,0.0,636.0,710,710,389.67857142857144,15,0,1000000,3000,4
555906,555906,2223624,4356,87,348,628.0,0.0,628.0,703,703,402.6896551724138,15,0,1000000,3000,4
555938,555938,2223752,4357,32,128,248.0,0.0,248.0,312,312,158.875,7,0,1000000,3000,4
556015,556015,2224060,4358,77,308,614.0,0.0,614.0,687,687,338.4025974025974,14,0,1000000,3000,4
556213,556213,2224852,4359,198,792,1131.0,0.0,1131.0,1227,1227,649.6212121212121,25,0,1000000,3000,4
556248,556248,2224992,4360,35,140,237.0,0.0,237.0,302,302,158.02857142857144,7,0,1000000,3000,4
556353,556353,2225412,4361,105,420,613.0,0.0,613.0,689,689,387.95238095238096,14,0,1000000,3000,4
556452,556452,2225808,4362,99,396,601.0,0.0,601.0,678,678,406.6969696969697,14,0,1000000,3000,4
556679,556679,2226716,4363,227,908,1307.0,0.0,1307.0,1409,1409,713.1982378854625,29,0,1000000,3000,4
556880,556880,2227520,4364,201,804,1032.0,0.0,1032.0,1128,1128,580.820895522388,23,0,1000000,3000,4
556912,556912,2227648,4365,32,128,243.0,0.0,243.0,307,307,156.25,7,0,1000000,3000,4
556951,556951,2227804,4366,39,156,237.0,0.0,237.0,301,301,157.3846153846154,7,0,1000000,3000,4
556985,556985,2227940,4367,34,136,237.0,0.0,237.0,300,300,161.38235294117646,7,0,1000000,3000,4
557113,557113,2228452,4368,128,512,597.0,0.0,597.0,679,679,398.0703125,14,0,1000000,3000,4
557201,557201,2228804,4369,88,352,623.0,0.0,623.0,697,697,365.5,14,0,1000000,3000,4
557235,557235,2228940,4370,34,136,242.0,0.0,242.0,304,304,160.47058823529412,7,0,1000000,3000,4
557268,557268,2229072,4371,33,132,242.0,0.0,242.0,305,305,168.75757575757575,7,0,1000000,3000,4
557301,557301,2229204,4372,33,132,246.0,0.0,246.0,309,309,156.12121212121212,7,0,1000000,3000,4
557906,557906,2231624,4373,605,2420,3001.0,0.0,3001.0,3161,3161,1749.6462809917355,64,0,1000000,3000,4
557984,557984,2231936,4374,78,312,616.0,0.0,616.0,688,688,334.1666666666667,14,0,1000000,3000,4
558082,558082,2232328,4375,98,392,623.0,0.0,623.0,698,698,351.9183673469388,14,0,1000000,3000,4
558269,558269,2233076,4376,187,748,1030.0,0.0,1030.0,1122,1122,600.8235294117648,23,0,1000000,3000,4
558305,558305,2233220,4377,36,144,247.0,0.0,247.0,312,312,151.13888888888889,7,0,1000000,3000,4
558474,558474,2233896,4378,169,676,1141.0,0.0,1141.0,1230,1230,579.491124260355,25,0,1000000,3000,4
558511,558511,2234044,4379,37,148,232.0,0.0,232.0,297,297,163.86486486486487,6,0,1000000,3000,4
558551,558551,2234204,4380,40,160,234.0,0.0,234.0,298,298,164.575,6,0,1000000,3000,4
558588,558588,2234352,4381,37,148,236.0,0.0,236.0,301,301,164.6216216216216,7,0,1000000,3000,4
558746,558746,2234984,4382,158,632,1040.0,0.0,1040.0,1127,1127,563.1582278481013,23,0,1000000,3000,4
558956,558956,2235824,4383,210,840,1421.0,0.0,1421.0,1519,1519,729.047619047619,31,0,1000000,3000,4
559200,559200,2236800,4384,244,976,1311.0,0.0,1311.0,1414,1414,739.6434426229508,29,0,1000000,3000,4
559383,559383,2237532,4385,183,732,1426.0,0.0,1426.0,1518,1518,744.5081967213115,31,0,1000000,3000,4
559423,559423,2237692,4386,40,160,233.0,0.0,233.0,298,298,167.125,6,0,1000000,3000,4
559664,559664,2238656,4387,241,964,1033.0,0.0,1033.0,1138,1138,655.49377593361,23,0,1000000,3000,4
559696,559696,2238784,4388,32,128,250.0,0.0,250.0,314,314,156.15625,7,0,1000000,3000,4
559860,559860,2239440,4389,164,656,737.0,0.0,737.0,826,826,521.0365853658536,17,0,1000000,3000,4
559893,559893,2239572,4390,33,132,242.0,0.0,242.0,304,304,167.06060606060606,7,0,1000000,3000,4
559966,559966,2239864,4391,73,292,618.0,0.0,618.0,688,688,320.1232876712329,14,0,1000000,3000,4
560060,560060,2240240,4392,94,376,623.0,0.0,623.0,698,698,354.9468085106383,14,0,1000000,3000,4
560096,560096,2240384,4393,36,144,241.0,0.0,241.0,305,305,158.30555555555554,7,0,1000000,3000,4
560139,560139,2240556,4394,43,172,230.0,0.0,230.0,295,295,152.3953488372093,6,0,1000000,3000,4
560176,560176,2240704,4395,37,148,242.0,0.0,242.0,306,306,158.16216216216216,7,0,1000000,3000,4
560278,560278,2241112,4396,102,408,618.0,0.0,618.0,695,695,375.7647058823529,14,0,1000000,3000,4
560444,560444,2241776,4397,166,664,1036.0,0.0,1036.0,1124,1124,572.9819277108434,23,0,1000000,3000,4
560520,560520,2242080,4398,76,304,627.0,0.0,627.0,699,699,341.07894736842104,14,0,1000000,3000,4
560562,560562,2242248,4399,42,168,229.0,0.0,229.0,294,294,157.83333333333334,6,0,1000000,3000,4
560658,560658,2242632,4400,96,384,608.0,0.0,608.0,684,684,395.1875,14,0,1000000,3000,4
560802,560802,2243208,4401,144,576,1054.0,0.0,1054.0,1138,1138,558.6319444444445,23,0,1000000,3000,4
560838,560838,2243352,4402,36,144,240.0,0.0,240.0,305,305,151.97222222222223,7,0,1000000,3000,4
560876,560876,2243504,4403,38,152,234.0,0.0,234.0,298,298,163.60526315789474,6,0,1000000,3000,4
560974,560974,2243896,4404,98,392,619.0,0.0,619.0,695,695,355.8775510204082,14,0,1000000,3000,4
561138,561138,2244552,4405,164,656,1048.0,0.0,1048.0,1137,1137,630.9268292682926,23,0,1000000,3000,4
561172,561172,2244688,4406,34,136,247.0,0.0,247.0,311,311,149.97058823529412,7,0,1000000,3000,4
561317,561317,2245268,4407,145,580,731.0,0.0,731.0,818,818,502.7793103448276,17,0,1000000,3000,4
561559,561559,2246236,4408,242,968,778.0,0.0,778.0,884,884,604.6528925619834,18,0,1000000,3000,4
561978,561978,2247912,4409,419,1676,1286.0,0.0,1286.0,1427,1427,805.4415274463007,29,0,1000000,3000,4
562127,562127,2248508,4410,149,596,638.0,0.0,638.0,722,723,506.66442953020135,15,0,1000000,3000,4
562167,562167,2248668,4411,40,160,230.0,0.0,230.0,295,295,159.35,6,0,1000000,3000,4
562330,562330,2249320,4412,163,652,777.0,0.0,777.0,867,867,544.6257668711656,18,0,1000000,3000,4
562527,562527,2250108,4413,197,788,746.0,0.0,746.0,842,842,551.5126903553299,17,0,1000000,3000,4
562786,562786,2251144,4414,259,1036,1032.0,0.0,1032.0,1140,1140,658.3590733590734,23,0,1000000,3000,4
562864,562864,2251456,4415,78,312,637.0,0.0,637.0,709,709,383.6666666666667,15,0,1000000,3000,4
562933,562933,2251732,4416,69,276,627.0,0.0,627.0,697,697,366.05797101449275,14,0,1000000,3000,4
563116,563116,2252464,4417,183,732,807.0,0.0,807.0,898,898,537.9071038251366,18,0,1000000,3000,4
563222,563222,2252888,4418,106,424,612.0,0.0,612.0,690,690,406.1792452830189,14,0,1000000,3000,4
563266,563266,2253064,4419,44,176,211.0,0.0,211.0,276,276,181.8409090909091,6,0,1000000,3000,4
563384,563384,2253536,4420,118,472,588.0,0.0,588.0,668,668,405.73728813559325,14,0,1000000,3000,4
563486,563486,2253944,4421,102,408,625.0,0.0,625.0,703,703,353.79411764705884,15,0,1000000,3000,4
563517,563517,2254068,4422,31,124,246.0,0.0,246.0,310,310,165.03225806451613,7,0,1000000,3000,4
563555,563555,2254220,4423,38,152,241.0,0.0,241.0,306,306,157.05263157894737,7,0,1000000,3000,4
563676,563676,2254704,4424,121,484,732.0,0.0,732.0,813,813,497.8595041322314,17,0,1000000,3000,4
563767,563767,2255068,4425,91,364,596.0,0.0,596.0,671,671,416.4835164835165,14,0,1000000,3000,4
563946,563946,2255784,4426,179,716,1317.0,0.0,1317.0,1409,1409,681.1564245810056,29,0,1000000,3000,4
563979,563979,2255916,4427,33,132,242.0,0.0,242.0,305,305,162.63636363636363,7,0,1000000,3000,4
564173,564173,2256692,4428,194,776,1336.0,0.0,1336.0,1432,1432,727.3505154639175,29,0,1000000,3000,4
564262,564262,2257048,4429,89,356,650.0,0.0,650.0,722,722,374.69662921348316,15,0,1000000,3000,4
564364,564364,2257456,4430,102,408,622.0,0.0,622.0,699,699,339.87254901960785,14,0,1000000,3000,4
564520,564520,2258080,4431,156,624,1342.0,0.0,1342.0,1431,1431,733.7371794871794,29,0,1000000,3000,4
564767,564767,2259068,4432,247,988,1304.0,0.0,1304.0,1410,1410,724.9757085020243,29,0,1000000,3000,4
564802,564802,2259208,4433,35,140,243.0,0.0,243.0,307,307,146.62857142857143,7,0,1000000,3000,4
564951,564951,2259804,4434,149,596,1043.0,0.0,1043.0,1128,1128,535.1812080536913,23,0,1000000,3000,4
564990,564990,2259960,4435,39,156,250.0,0.0,250.0,315,315,143.15384615384616,7,0,1000000,3000,4
565028,565028,2260112,4436,38,152,232.0,0.0,232.0,296,296,167.8421052631579,6,0,1000000,3000,4
565184,565184,2260736,4437,156,624,811.0,0.0,811.0,896,898,558.1987179487179,18,0,1000000,3000,4
565433,565433,2261732,4438,249,996,1298.0,0.0,1298.0,1404,1404,723.277108433735,29,0,1000000,3000,4
565650,565650,2262600,4439,217,868,1421.0,0.0,1421.0,1521,1521,688.0967741935484,31,0,1000000,3000,4
565691,565691,2262764,4440,41,164,232.0,0.0,232.0,297,297,158.70731707317074,6,0,1000000,3000,4
565730,565730,2262920,4441,39,156,238.0,0.0,238.0,303,303,148.15384615384616,7,0,1000000,3000,4
565765,565765,2263060,4442,35,140,242.0,0.0,242.0,304,304,161.14285714285714,7,0,1000000,3000,4
565794,565794,2263176,4443,29,116,248.0,0.0,248.0,311,311,153.17241379310346,7,0,1000000,3000,4
566028,566028,2264112,4444,234,936,1319.0,0.0,1319.0,1423,1423,714.9786324786324,29,0,1000000,3000,4
566181,566181,2264724,4445,153,612,793.0,0.0,793.0,880,880,507.63398692810455,18,0,1000000,3000,4
566217,566217,2264868,4446,36,144,243.0,0.0,243.0,308,308,148.72222222222223,7,0,1000000,3000,4
566451,566451,2265804,4447,234,936,1919.0,0.0,1919.0,2023,2023,914.2863247863248,41,0,1000000,3000,4
566522,566522,2266088,4448,71,284,617.0,0.0,617.0,688,688,340.84507042253523,14,0,1000000,3000,4
566598,566598,2266392,4449,76,304,632.0,0.0,632.0,705,705,348.82894736842104,15,0,1000000,3000,4
566777,566777,2267108,4450,179,716,1315.0,0.0,1315.0,1407,1407,720.5195530726257,29,0,1000000,3000,4
567013,567013,2268052,4451,236,944,1302.0,0.0,1302.0,1405,1405,724.0169491525423,29,0,1000000,3000,4
567055,567055,2268220,4452,42,168,226.0,0.0,226.0,291,291,155.78571428571428,6,0,1000000,3000,4
567090,567090,2268360,4453,35,140,241.0,0.0,241.0,305,305,155.65714285714284,7,0,1000000,3000,4
567124,567124,2268496,4454,34,136,240.0,0.0,240.0,302,302,166.26470588235293,7,0,1000000,3000,4
567259,567259,2269036,4455,135,540,817.0,0.0,817.0,898,900,571.3925925925926,19,0,1000000,3000,4
567368,567368,2269472,4456,109,436,625.0,0.0,625.0,702,702,388.41284403669727,15,0,1000000,3000,4
567619,567619,2270476,4457,251,1004,1310.0,0.0,1310.0,1415,1415,694.4581673306773,29,0,1000000,3000,4
567965,567965,2271860,4458,346,1384,745.0,0.0,745.0,870,870,641.528901734104,18,0,1000000,3000,4
568082,568082,2272328,4459,117,468,621.0,0.0,621.0,702,702,372.63247863247864,15,0,1000000,3000,4
568118,568118,2272472,4460,36,144,239.0,0.0,239.0,304,304,153.41666666666666,7,0,1000000,3000,4
568365,568365,2273460,4461,247,988,1324.0,0.0,1324.0,1431,1431,651.8582995951417,29,0,1000000,3000,4
568408,568408,2273632,4462,43,172,218.0,0.0,218.0,283,283,172.13953488372093,6,0,1000000,3000,4
568508,568508,2274032,4463,100,400,624.0,0.0,624.0,700,700,369.1,15,0,1000000,3000,4
568544,568544,2274176,4464,36,144,235.0,0.0,235.0,299,299,169.44444444444446,6,0,1000000,3000,4
568578,568578,2274312,4465,34,136,242.0,0.0,242.0,306,306,158.58823529411765,7,0,1000000,3000,4
568623,568623,2274492,4466,45,180,219.0,0.0,219.0,285,285,171.42222222222222,6,0,1000000,3000,4
568831,568831,2275324,4467,208,832,760.0,0.0,760.0,858,858,556.6490384615385,18,0,1000000,3000,4
568869,568869,2275476,4468,38,152,241.0,0.0,241.0,305,305,152.1578947368421,7,0,1000000,3000,4
569091,569091,2276364,4469,222,888,1418.0,0.0,1418.0,1520,1520,657.3963963963964,31,0,1000000,3000,4
569248,569248,2276992,4470,157,628,1048.0,0.0,1048.0,1136,1136,627.3694267515923,23,0,1000000,3000,4
569286,569286,2277144,4471,38,152,238.0,0.0,238.0,302,302,159.8684210526316,7,0,1000000,3000,4
569471,569471,2277884,4472,185,740,1032.0,0.0,1032.0,1124,1124,608.918918918919,23,0,1000000,3000,4
569617,569617,2278468,4473,146,584,638.0,0.0,638.0,722,723,519.5958904109589,15,0,1000000,3000,4
569695,569695,2278780,4474,78,312,652.0,0.0,652.0,722,723,364.97435897435895,15,0,1000000,3000,4
569783,569783,2279132,4475,88,352,616.0,0.0,616.0,691,691,348.54545454545456,14,0,1000000,3000,4
569848,569848,2279392,4476,65,260,611.0,0.0,611.0,680,680,335.6461538461538,14,0,1000000,3000,4
569880,569880,2279520,4477,32,128,245.0,0.0,245.0,308,308,156.0625,7,0,1000000,3000,4
570125,570125,2280500,4478,245,980,1408.0,0.0,1408.0,1513,1513,760.6081632653061,31,0,1000000,3000,4
570156,570156,2280624,4479,31,124,243.0,0.0,243.0,307,307,159.06451612903226,7,0,1000000,3000,4
570300,570300,2281200,4480,144,576,728.0,0.0,728.0,812,812,477.5625,17,0,1000000,3000,4
570333,570333,2281332,4481,33,132,250.0,0.0,250.0,314,314,149.33333333333334,7,0,1000000,3000,4
570418,570418,2281672,4482,85,340,637.0,0.0,637.0,710,710,381.1058823529412,15,0,1000000,3000,4
570620,570620,2282480,4483,202,808,1031.0,0.0,1031.0,1126,1126,626.6237623762377,23,0,1000000,3000,4
570821,570821,2283284,4484,201,804,1337.0,0.0,1337.0,1435,1435,732.7213930348258,29,0,1000000,3000,4
570862,570862,2283448,4485,41,164,234.0,0.0,234.0,299,299,156.34146341463415,6,0,1000000,3000,4
570902,570902,2283608,4486,40,160,234.0,0.0,234.0,298,298,158.125,6,0,1000000,3000,4
571043,571043,2284172,4487,141,564,711.0,0.0,711.0,796,796,470.468085106383,16,0,1000000,3000,4
571304,571304,2285216,4488,261,1044,1841.0,0.0,1841.0,1950,1950,997.2068965517242,40,0,1000000,3000,4
571402,571402,2285608,4489,98,392,637.0,0.0,637.0,713,713,377.0204081632653,15,0,1000000,3000,4
571434,571434,2285736,4490,32,128,246.0,0.0,246.0,309,309,154.03125,7,0,1000000,3000,4
571531,571531,2286124,4491,97,388,622.0,0.0,622.0,698,698,380.1443298969072,14,0,1000000,3000,4
571744,571744,2286976,4492,213,852,1054.0,0.0,1054.0,1154,1154,607.7323943661971,24,0,1000000,3000,4
571945,571945,2287780,4493,201,804,1036.0,0.0,1036.0,1133,1133,625.6218905472637,23,0,1000000,3000,4
571979,571979,2287916,4494,34,136,239.0,0.0,239.0,303,303,158.35294117647058,7,0,1000000,3000,4
572019,572019,2288076,4495,40,160,230.0,0.0,230.0,295,295,165.75,6,0,1000000,3000,4
572242,572242,2288968,4496,223,892,1332.0,0.0,1332.0,1434,1434,710.2645739910314,29,0,1000000,3000,4
572451,572451,2289804,4497,209,836,1039.0,0.0,1039.0,1137,1137,614.0382775119617,23,0,1000000,3000,4
572792,572792,2291168,4498,341,1364,1308.0,0.0,1308.0,1434,1434,754.791788856305,29,0,1000000,3000,4
573003,573003,2292012,4499,211,844,1309.0,0.0,1309.0,1408,1408,715.9668246445498,29,0,1000000,3000,4
573167,573167,2292668,4500,164,656,811.0,0.0,811.0,898,898,550.719512195122,18,0,1000000,3000,4
573257,573257,2293028,4501,90,360,621.0,0.0,621.0,696,696,345.2,14,0,1000000,3000,4
573295,573295,2293180,4502,38,152,234.0,0.0,234.0,298,298,161.39473684210526,6,0,1000000,3000,4
573337,573337,2293348,4503,42,168,242.0,0.0,242.0,306,306,147.11904761904762,7,0,1000000,3000,4
573448,573448,2293792,4504,111,444,597.0,0.0,597.0,676,676,395.15315315315314,14,0,1000000,3000,4
573548,573548,2294192,4505,100,400,646.0,0.0,646.0,719,722,368.7,15,0,1000000,3000,4
573580,573580,2294320,4506,32,128,244.0,0.0,244.0,308,308,145.5625,7,0,1000000,3000,4
573618,573618,2294472,4507,38,152,241.0,0.0,241.0,304,304,154.8684210526316,7,0,1000000,3000,4
573944,573944,2295776,4508,326,1304,1310.0,0.0,1310.0,1433,1433,700.9601226993865,29,0,1000000,3000,4
574150,574150,2296600,4509,206,824,707.0,0.0,707.0,805,805,484.4271844660194,17,0,1000000,3000,4
574377,574377,2297508,4510,227,908,1397.0,0.0,1397.0,1498,1498,783.3259911894273,30,0,1000000,3000,4
574552,574552,2298208,4511,175,700,709.0,0.0,709.0,800,800,460.34285714285716,17,0,1000000,3000,4
574591,574591,2298364,4512,39,156,237.0,0.0,237.0,300,300,161.3846153846154,7,0,1000000,3000,4
574951,574951,2299804,4513,360,1440,1012.0,0.0,1012.0,1139,1139,685.6388888888889,23,0,1000000,3000,4
575039,575039,2300156,4514,88,352,632.0,0.0,632.0,707,707,367.03409090909093,15,0,1000000,3000,4
575264,575264,2301056,4515,225,900,1034.0,0.0,1034.0,1136,1136,577.5911111111111,23,0,1000000,3000,4
575369,575369,2301476,4516,105,420,602.0,0.0,602.0,680,680,410.1047619047619,14,0,1000000,3000,4
575478,575478,2301912,4517,109,436,620.0,0.0,620.0,699,699,368.302752293578,14,0,1000000,3000,4
575702,575702,2302808,4518,224,896,1303.0,0.0,1303.0,1404,1404,700.9285714285714,29,0,1000000,3000,4
575788,575788,2303152,4519,86,344,619.0,0.0,619.0,693,693,330.8837209302326,14,0,1000000,3000,4
576057,576057,2304228,4520,269,1076,1681.0,0.0,1681.0,1791,1791,832.9293680297397,36,0,1000000,3000,4
576272,576272,2305088,4521,215,860,1565.0,0.0,1565.0,1665,1665,862.4930232558139,34,0,1000000,3000,4
576444,576444,2305776,4522,172,688,745.0,0.0,745.0,835,835,486.3081395348837,17,0,1000000,3000,4
576490,576490,2305960,4523,46,184,223.0,0.0,223.0,289,289,163.6304347826087,6,0,1000000,3000,4
576522,576522,2306088,4524,32,128,244.0,0.0,244.0,308,308,151.40625,7,0,1000000,3000,4
576558,576558,2306232,4525,36,144,242.0,0.0,242.0,305,305,158.58333333333334,7,0,1000000,3000,4
576738,576738,2306952,4526,180,720,808.0,0.0,808.0,898,898,551.8777777777777,18,0,1000000,3000,4
576841,576841,2307364,4527,103,412,597.0,0.0,597.0,675,675,394.4271844660194,14,0,1000000,3000,4
576884,576884,2307536,4528,43,172,232.0,0.0,232.0,297,297,156.37209302325581,6,0,1000000,3000,4
576984,576984,2307936,4529,100,400,604.0,0.0,604.0,681,681,382.08,14,0,1000000,3000,4
577143,577143,2308572,4530,159,636,757.0,0.0,757.0,845,845,491.1006289308176,17,0,1000000,3000,4
577238,577238,2308952,4531,95,380,636.0,0.0,636.0,711,711,354.4421052631579,15,0,1000000,3000,4
577273,577273,2309092,4532,35,140,233.0,0.0,233.0,298,298,154.94285714285715,6,0,1000000,3000,4
577392,577392,2309568,4533,119,476,589.0,0.0,589.0,668,668,395.3781512605042,14,0,1000000,3000,4
577475,577475,2309900,4534,83,332,624.0,0.0,624.0,697,697,362.2530120481928,14,0,1000000,3000,4
577516,577516,2310064,4535,41,164,231.0,0.0,231.0,296,296,161.82926829268294,6,0,1000000,3000,4
577664,577664,2310656,4536,148,592,1051.0,0.0,1051.0,1136,1136,565.777027027027,23,0,1000000,3000,4
577888,577888,2311552,4537,224,896,1308.0,0.0,1308.0,1409,1409,703.0892857142857,29,0,1000000,3000,4
578043,578043,2312172,4538,155,620,1048.0,0.0,1048.0,1136,1136,624.6838709677419,23,0,1000000,3000,4
578270,578270,2313080,4539,227,908,1335.0,0.0,1335.0,1438,1438,689.1497797356828,29,0,1000000,3000,4
578304,578304,2313216,4540,34,136,245.0,0.0,245.0,309,309,159.5,7,0,1000000,3000,4
578469,578469,2313876,4541,165,660,604.0,0.0,604.0,693,693,471.92121212121214,14,0,1000000,3000,4
578577,578577,2314308,4542,108,432,587.0,0.0,587.0,664,664,395.462962962963,14,0,1000000,3000,4
578673,578673,2314692,4543,96,384,625.0,0.0,625.0,701,701,371.8125,15,0,1000000,3000,4
578765,578765,2315060,4544,92,368,623.0,0.0,623.0,697,697,369.79347826086956,14,0,1000000,3000,4
578805,578805,2315220,4545,40,160,236.0,0.0,236.0,301,301,160.8,7,0,1000000,3000,4
579011,579011,2316044,4546,206,824,1031.0,0.0,1031.0,1128,1128,628.6699029126214,23,0,1000000,3000,4
579094,579094,2316376,4547,83,332,627.0,0.0,627.0,699,699,357.33734939759034,14,0,1000000,3000,4
579128,579128,2316512,4548,34,136,248.0,0.0,248.0,312,312,152.7058823529412,7,0,1000000,3000,4
579221,579221,2316884,4549,93,372,624.0,0.0,624.0,699,699,371.1720430107527,14,0,1000000,3000,4
579427,579427,2317708,4550,206,824,802.0,0.0,802.0,898,898,555.4514563106796,18,0,1000000,3000,4
579468,579468,2317872,4551,41,164,233.0,0.0,233.0,298,298,161.390243902439,6,0,1000000,3000,4
579581,579581,2318324,4552,113,452,604.0,0.0,604.0,683,683,380.3274336283186,14,0,1000000,3000,4
579681,579681,2318724,4553,100,400,616.0,0.0,616.0,691,691,379.29,14,0,1000000,3000,4
579716,579716,2318864,4554,35,140,245.0,0.0,245.0,310,310,150.9142857142857,7,0,1000000,3000,4
579887,579887,2319548,4555,171,684,1036.0,0.0,1036.0,1125,1125,607.2982456140351,23,0,1000000,3000,4
580030,580030,2320120,4556,143,572,1045.0,0.0,1045.0,1129,1129,648.951048951049,23,0,1000000,3000,4
580122,580122,2320488,4557,92,368,603.0,0.0,603.0,678,678,408.5652173913044,14,0,1000000,3000,4
580226,580226,2320904,4558,104,416,612.0,0.0,612.0,688,688,396.21153846153845,14,0,1000000,3000,4
580261,580261,2321044,4559,35,140,232.0,0.0,232.0,297,297,158.0,6,0,1000000,3000,4
580496,580496,2321984,4560,235,940,1133.0,0.0,1133.0,1236,1236,649.7276595744681,25,0,1000000,3000,4
580533,580533,2322132,4561,37,148,238.0,0.0,238.0,302,302,164.21621621621622,7,0,1000000,3000,4
580563,580563,2322252,4562,30,120,249.0,0.0,249.0,312,312,164.1,7,0,1000000,3000,4
580748,580748,2322992,4563,185,740,1321.0,0.0,1321.0,1413,1413,704.3135135135135,29,0,1000000,3000,4
580786,580786,2323144,4564,38,152,237.0,0.0,237.0,301,301,159.81578947368422,7,0,1000000,3000,4
580822,580822,2323288,4565,36,144,244.0,0.0,244.0,307,307,153.91666666666666,7,0,1000000,3000,4
580970,580970,2323880,4566,148,592,638.0,0.0,638.0,722,722,504.89864864864865,15,0,1000000,3000,4
580999,580999,2323996,4567,29,116,249.0,0.0,249.0,311,311,163.0,7,0,1000000,3000,4
581095,581095,2324380,4568,96,384,611.0,0.0,611.0,687,687,394.03125,14,0,1000000,3000,4
581125,581125,2324500,4569,30,120,252.0,0.0,252.0,315,315,157.46666666666667,7,0,1000000,3000,4
581215,581215,2324860,4570,90,360,636.0,0.0,636.0,710,710,388.3777777777778,15,0,1000000,3000,4
581252,581252,2325008,4571,37,148,236.0,0.0,236.0,300,300,165.8918918918919,7,0,1000000,3000,4
581328,581328,2325312,4572,76,304,617.0,0.0,617.0,689,689,353.94736842105266,14,0,1000000,3000,4
581532,581532,2326128,4573,204,816,1039.0,0.0,1039.0,1136,1136,646.9264705882352,23,0,1000000,3000,4
581690,581690,2326760,4574,158,632,762.0,0.0,762.0,851,851,543.7405063291139,18,0,1000000,3000,4
581768,581768,2327072,4575,78,312,604.0,0.0,604.0,677,677,326.79487179487177,14,0,1000000,3000,4
581803,581803,2327212,4576,35,140,237.0,0.0,237.0,300,300,163.28571428571428,7,0,1000000,3000,4
582108,582108,2328432,4577,305,1220,1291.0,0.0,1291.0,1409,1409,754.1081967213115,29,0,1000000,3000,4
582278,582278,2329112,4578,170,680,1343.0,0.0,1343.0,1435,1435,672.6235294117647,29,0,1000000,3000,4
582476,582476,2329904,4579,198,792,1574.0,0.0,1574.0,1670,1670,776.2424242424242,34,0,1000000,3000,4
582690,582690,2330760,4580,214,856,1577.0,0.0,1577.0,1677,1677,791.9672897196261,34,0,1000000,3000,4
582760,582760,2331040,4581,70,280,613.0,0.0,613.0,684,684,354.65714285714284,14,0,1000000,3000,4
582833,582833,2331332,4582,73,292,607.0,0.0,607.0,679,679,322.027397260274,14,0,1000000,3000,4
582911,582911,2331644,4583,78,312,634.0,0.0,634.0,707,707,392.9102564102564,15,0,1000000,3000,4
583008,583008,2332032,4584,97,388,602.0,0.0,602.0,679,679,419.6185567010309,14,0,1000000,3000,4
583145,583145,2332580,4585,137,548,816.0,0.0,816.0,898,898,539.3430656934306,18,0,1000000,3000,4
583172,583172,2332688,4586,27,108,252.0,0.0,252.0,315,315,167.7037037037037,7,0,1000000,3000,4
583200,583200,2332800,4587,28,112,247.0,0.0,247.0,310,310,155.67857142857142,7,0,1000000,3000,4
583375,583375,2333500,4588,175,700,1432.0,0.0,1432.0,1524,1524,720.9828571428571,31,0,1000000,3000,4
583705,583705,2334820,4589,330,1320,1007.0,0.0,1007.0,1128,1128,729.6757575757575,23,0,1000000,3000,4
583778,583778,2335112,4590,73,292,615.0,0.0,615.0,686,686,339.82191780821915,14,0,1000000,3000,4
583850,583850,2335400,4591,72,288,636.0,0.0,636.0,707,707,388.6388888888889,15,0,1000000,3000,4
583882,583882,2335528,4592,32,128,239.0,0.0,239.0,302,302,165.53125,7,0,1000000,3000,4
584058,584058,2336232,4593,176,704,1328.0,0.0,1328.0,1419,1419,721.5965909090909,29,0,1000000,3000,4
584092,584092,2336368,4594,34,136,240.0,0.0,240.0,303,303,169.55882352941177,7,0,1000000,3000,4
584323,584323,2337292,4595,231,924,1027.0,0.0,1027.0,1129,1129,692.8138528138528,23,0,1000000,3000,4
584358,584358,2337432,4596,35,140,238.0,0.0,238.0,302,302,168.6,7,0,1000000,3000,4
584440,584440,2337760,4597,82,328,634.0,0.0,634.0,708,708,377.0975609756098,15,0,1000000,3000,4
584603,584603,2338412,4598,163,652,1344.0,0.0,1344.0,1434,1434,745.3558282208589,29,0,1000000,3000,4
584674,584674,2338696,4599,71,284,610.0,0.0,610.0,680,680,339.63380281690144,14,0,1000000,3000,4
584742,584742,2338968,4600,68,272,625.0,0.0,625.0,696,696,365.86764705882354,14,0,1000000,3000,4
584777,584777,2339108,4601,35,140,234.0,0.0,234.0,298,298,166.77142857142857,6,0,1000000,3000,4
584870,584870,2339480,4602,93,372,619.0,0.0,619.0,695,695,389.73118279569894,14,0,1000000,3000,4
585041,585041,2340164,4603,171,684,1428.0,0.0,1428.0,1520,1520,755.9181286549708,31,0,1000000,3000,4
585073,585073,2340292,4604,32,128,245.0,0.0,245.0,308,308,165.375,7,0,1000000,3000,4
585105,585105,2340420,4605,32,128,249.0,0.0,249.0,312,312,155.15625,7,0,1000000,3000,4
585206,585206,2340824,4606,101,404,631.0,0.0,631.0,709,709,364.2178217821782,15,0,1000000,3000,4
585240,585240,2340960,4607,34,136,235.0,0.0,235.0,298,298,171.1764705882353,6,0,1000000,3000,4
585277,585277,2341108,4608,37,148,231.0,0.0,231.0,295,295,168.35135135135135,6,0,1000000,3000,4
585459,585459,2341836,4609,182,728,1037.0,0.0,1037.0,1129,1129,632.554945054945,23,0,1000000,3000,4
585630,585630,2342520,4610,171,684,1431.0,0.0,1431.0,1523,1523,790.2923976608187,31,0,1000000,3000,4
585720,585720,2342880,4611,90,360,625.0,0.0,625.0,700,700,401.15555555555557,15,0,1000000,3000,4
585749,585749,2342996,4612,29,116,252.0,0.0,252.0,314,314,155.51724137931035,7,0,1000000,3000,4
585979,585979,2343916,4613,230,920,1699.0,0.0,1699.0,1802,1802,850.4391304347826,37,0,1000000,3000,4
586020,586020,2344080,4614,41,164,232.0,0.0,232.0,297,297,158.85365853658536,6,0,1000000,3000,4
586105,586105,2344420,4615,85,340,626.0,0.0,626.0,700,700,378.29411764705884,15,0,1000000,3000,4
586141,586141,2344564,4616,36,144,242.0,0.0,242.0,307,307,152.19444444444446,7,0,1000000,3000,4
586226,586226,2344904,4617,85,340,630.0,0.0,630.0,703,703,371.74117647058824,15,0,1000000,3000,4
586479,586479,2345916,4618,253,1012,1313.0,0.0,1313.0,1419,1419,731.498023715415,29,0,1000000,3000,4
586509,586509,2346036,4619,30,120,247.0,0.0,247.0,310,310,157.96666666666667,7,0,1000000,3000,4
586696,586696,2346784,4620,187,748,1034.0,0.0,1034.0,1126,1126,631.5133689839572,23,0,1000000,3000,4
586725,586725,2346900,4621,29,116,251.0,0.0,251.0,314,314,155.68965517241378,7,0,1000000,3000,4
586952,586952,2347808,4622,227,908,1319.0,0.0,1319.0,1422,1422,703.1585903083701,29,0,1000000,3000,4
587027,587027,2348108,4623,75,300,609.0,0.0,609.0,682,682,345.26666666666665,14,0,1000000,3000,4
587117,587117,2348468,4624,90,360,614.0,0.0,614.0,690,690,395.2888888888889,14,0,1000000,3000,4
587149,587149,2348596,4625,32,128,248.0,0.0,248.0,312,312,147.6875,7,0,1000000,3000,4
587220,587220,2348880,4626,71,284,616.0,0.0,616.0,686,686,343.6056338028169,14,0,1000000,3000,4
587257,587257,2349028,4627,37,148,229.0,0.0,229.0,292,292,173.86486486486487,6,0,1000000,3000,4
587408,587408,2349632,4628,151,604,637.0,0.0,637.0,722,722,498.72185430463577,15,0,1000000,3000,4
587583,587583,2350332,4629,175,700,1316.0,0.0,1316.0,1408,1408,683.4514285714286,29,0,1000000,3000,4
587982,587982,2351928,4630,399,1596,2331.0,0.0,2331.0,2465,2466,1253.2681704260651,50,0,1000000,3000,4
588021,588021,2352084,4631,39,156,235.0,0.0,235.0,299,299,160.48717948717947,6,0,1000000,3000,4
588255,588255,2353020,4632,234,936,1325.0,0.0,1325.0,1429,1429,730.8504273504274,29,0,1000000,3000,4
588291,588291,2353164,4633,36,144,240.0,0.0,240.0,303,303,158.88888888888889,7,0,1000000,3000,4
588512,588512,2354048,4634,221,884,1338.0,0.0,1338.0,1440,1440,690.316742081448,29,0,1000000,3000,4
588553,588553,2354212,4635,41,164,222.0,0.0,222.0,287,287,168.73170731707316,6,0,1000000,3000,4
588741,588741,2354964,4636,188,752,1337.0,0.0,1337.0,1432,1432,693.7074468085107,29,0,1000000,3000,4
588896,588896,2355584,4637,155,620,813.0,0.0,813.0,898,899,543.916129032258,18,0,1000000,3000,4
589069,589069,2356276,4638,173,692,809.0,0.0,809.0,898,898,557.2716763005781,18,0,1000000,3000,4
589154,589154,2356616,4639,85,340,609.0,0.0,609.0,684,684,411.6235294117647,14,0,1000000,3000,4
589196,589196,2356784,4640,42,168,236.0,0.0,236.0,302,302,153.61904761904762,7,0,1000000,3000,4
589227,589227,2356908,4641,31,124,249.0,0.0,249.0,313,313,152.80645161290323,7,0,1000000,3000,4
589383,589383,2357532,4642,156,624,1050.0,0.0,1050.0,1137,1137,641.4615384615385,23,0,1000000,3000,4
589466,589466,2357864,4643,83,332,617.0,0.0,617.0,691,691,358.8192771084337,14,0,1000000,3000,4
589498,589498,2357992,4644,32,128,250.0,0.0,250.0,313,313,151.46875,7,0,1000000,3000,4
589635,589635,2358540,4645,137,548,1044.0,0.0,1044.0,1127,1127,618.029197080292,23,0,1000000,3000,4
589672,589672,2358688,4646,37,148,228.0,0.0,228.0,292,292,171.67567567567568,6,0,1000000,3000,4
589711,589711,2358844,4647,39,156,237.0,0.0,237.0,302,302,145.6153846153846,7,0,1000000,3000,4
589943,589943,2359772,4648,232,928,1313.0,0.0,1313.0,1415,1415,662.375,29,0,1000000,3000,4
589979,589979,2359916,4649,36,144,242.0,0.0,242.0,307,307,155.52777777777777,7,0,1000000,3000,4
590186,590186,2360744,4650,207,828,1029.0,0.0,1029.0,1126,1126,667.328502415459,23,0,1000000,3000,4
590220,590220,2360880,4651,34,136,237.0,0.0,237.0,301,301,165.3235294117647,7,0,1000000,3000,4
590315,590315,2361260,4652,95,380,732.0,0.0,732.0,808,808,435.1684210526316,17,0,1000000,3000,4
590400,590400,2361600,4653,85,340,613.0,0.0,613.0,688,688,346.7529411764706,14,0,1000000,3000,4
590636,590636,2362544,4654,236,944,1409.0,0.0,1409.0,1513,1513,734.6101694915254,31,0,1000000,3000,4
590667,590667,2362668,4655,31,124,249.0,0.0,249.0,313,313,155.51612903225808,7,0,1000000,3000,4
590867,590867,2363468,4656,200,800,1032.0,0.0,1032.0,1126,1126,669.675,23,0,1000000,3000,4
591074,591074,2364296,4657,207,828,1026.0,0.0,1026.0,1122,1122,666.2657004830918,23,0,1000000,3000,4
591271,591271,2365084,4658,197,788,1320.0,0.0,1320.0,1415,1415,772.4111675126903,29,0,1000000,3000,4
591347,591347,2365388,4659,76,304,632.0,0.0,632.0,705,705,398.6842105263158,15,0,1000000,3000,4
591421,591421,2365684,4660,74,296,613.0,0.0,613.0,685,685,349.3378378378378,14,0,1000000,3000,4
591453,591453,2365812,4661,32,128,250.0,0.0,250.0,314,314,151.875,7,0,1000000,3000,4
591535,591535,2366140,4662,82,328,636.0,0.0,636.0,710,710,383.1585365853659,15,0,1000000,3000,4
591619,591619,2366476,4663,84,336,615.0,0.0,615.0,688,688,334.23809523809524,14,0,1000000,3000,4
591743,591743,2366972,4664,124,496,737.0,0.0,737.0,819,819,497.491935483871,17,0,1000000,3000,4
591773,591773,2367092,4665,30,120,251.0,0.0,251.0,314,314,155.9,7,0,1000000,3000,4
591896,591896,2367584,4666,123,492,602.0,0.0,602.0,684,684,404.260162601626,14,0,1000000,3000,4
591975,591975,2367900,4667,79,316,630.0,0.0,630.0,702,702,391.1392405063291,15,0,1000000,3000,4
592010,592010,2368040,4668,35,140,247.0,0.0,247.0,312,312,144.82857142857142,7,0,1000000,3000,4
592097,592097,2368388,4669,87,348,612.0,0.0,612.0,687,687,355.0919540229885,14,0,1000000,3000,4
592289,592289,2369156,4670,192,768,1436.0,0.0,1436.0,1531,1531,722.71875,31,0,1000000,3000,4
592335,592335,2369340,4671,46,184,232.0,0.0,232.0,297,297,151.2826086956522,6,0,1000000,3000,4
592480,592480,2369920,4672,145,580,760.0,0.0,760.0,846,846,518.2344827586207,17,0,1000000,3000,4
592512,592512,2370048,4673,32,128,245.0,0.0,245.0,309,309,156.96875,7,0,1000000,3000,4
592603,592603,2370412,4674,91,364,604.0,0.0,604.0,680,680,405.85714285714283,14,0,1000000,3000,4
592635,592635,2370540,4675,32,128,240.0,0.0,240.0,303,303,162.625,7,0,1000000,3000,4
592790,592790,2371160,4676,155,620,1054.0,0.0,1054.0,1141,1141,616.2,23,0,1000000,3000,4
592896,592896,2371584,4677,106,424,616.0,0.0,616.0,695,695,384.3018867924528,14,0,1000000,3000,4
592931,592931,2371724,4678,35,140,244.0,0.0,244.0,308,308,154.68571428571428,7,0,1000000,3000,4
592962,592962,2371848,4679,31,124,249.0,0.0,249.0,313,313,151.90322580645162,7,0,1000000,3000,4
592998,592998,2371992,4680,36,144,237.0,0.0,237.0,302,302,151.22222222222223,7,0,1000000,3000,4
593030,593030,2372120,4681,32,128,246.0,0.0,246.0,309,309,159.71875,7,0,1000000,3000,4
593065,593065,2372260,4682,35,140,250.0,0.0,250.0,314,314,143.68571428571428,7,0,1000000,3000,4
593513,593513,2374052,4683,448,1792,2601.0,0.0,2601.0,2747,2747,1338.6941964285713,55,0,1000000,3000,4
593928,593928,2375712,4684,415,1660,989.0,0.0,989.0,1127,1127,756.3132530120482,23,0,1000000,3000,4
594027,594027,2376108,4685,99,396,606.0,0.0,606.0,682,682,404.04040404040404,14,0,1000000,3000,4
594134,594134,2376536,4686,107,428,608.0,0.0,608.0,686,686,391.70093457943926,14,0,1000000,3000,4
594442,594442,2377768,4687,308,1232,1552.0,0.0,1552.0,1671,1671,796.8668831168832,34,0,1000000,3000,4
594482,594482,2377928,4688,40,160,218.0,0.0,218.0,284,284,172.875,6,0,1000000,3000,4
594514,594514,2378056,4689,32,128,249.0,0.0,249.0,312,312,147.25,7,0,1000000,3000,4
594772,594772,2379088,4690,258,1032,792.0,0.0,792.0,898,900,654.7093023255813,19,0,1000000,3000,4
594812,594812,2379248,4691,40,160,243.0,0.0,243.0,306,306,143.825,7,0,1000000,3000,4
594938,594938,2379752,4692,126,504,602.0,0.0,602.0,685,685,382.8492063492063,14,0,1000000,3000,4
595140,595140,2380560,4693,202,808,707.0,0.0,707.0,803,803,566.3217821782179,17,0,1000000,3000,4
595178,595178,2380712,4694,38,152,241.0,0.0,241.0,306,306,150.3421052631579,7,0,1000000,3000,4
595362,595362,2381448,4695,184,736,746.0,0.0,746.0,839,839,534.2228260869565,17,0,1000000,3000,4
595441,595441,2381764,4696,79,316,626.0,0.0,626.0,699,699,351.9367088607595,14,0,1000000,3000,4
595662,595662,2382648,4697,221,884,1025.0,0.0,1025.0,1125,1125,652.0226244343892,23,0,1000000,3000,4
595782,595782,2383128,4698,120,480,590.0,0.0,590.0,670,670,389.78333333333336,14,0,1000000,3000,4
595968,595968,2383872,4699,186,744,1046.0,0.0,1046.0,1140,1140,579.1720430107526,23,0,1000000,3000,4
596186,596186,2384744,4700,218,872,1037.0,0.0,1037.0,1137,1137,636.2339449541284,23,0,1000000,3000,4
596310,596310,2385240,4701,124,496,606.0,0.0,606.0,686,686,348.53225806451616,14,0,1000000,3000,4
596364,596364,2385456,4702,54,216,211.0,0.0,211.0,278,278,150.33333333333334,6,0,1000000,3000,4
596540,596540,2386160,4703,176,704,734.0,0.0,734.0,826,826,523.8977272727273,17,0,1000000,3000,4
596686,596686,2386744,4704,146,584,727.0,0.0,727.0,813,813,477.9246575342466,17,0,1000000,3000,4
596729,596729,2386916,4705,43,172,229.0,0.0,229.0,295,295,152.09302325581396,6,0,1000000,3000,4
596762,596762,2387048,4706,33,132,245.0,0.0,245.0,309,309,153.6969696969697,7,0,1000000,3000,4
596804,596804,2387216,4707,42,168,222.0,0.0,222.0,287,287,162.92857142857142,6,0,1000000,3000,4
597037,597037,2388148,4708,233,932,1322.0,0.0,1322.0,1426,1426,662.4248927038626,29,0,1000000,3000,4
597221,597221,2388884,4709,184,736,794.0,0.0,794.0,886,886,510.3423913043478,18,0,1000000,3000,4
597331,597331,2389324,4710,110,440,589.0,0.0,589.0,668,668,397.3909090909091,14,0,1000000,3000,4
597427,597427,2389708,4711,96,384,620.0,0.0,620.0,695,695,353.9166666666667,14,0,1000000,3000,4
597562,597562,2390248,4712,135,540,594.0,0.0,594.0,679,679,332.15555555555557,14,0,1000000,3000,4
597659,597659,2390636,4713,97,388,626.0,0.0,626.0,701,701,363.9896907216495,15,0,1000000,3000,4
597695,597695,2390780,4714,36,144,244.0,0.0,244.0,309,309,148.33333333333334,7,0,1000000,3000,4
597975,597975,2391900,4715,280,1120,1405.0,0.0,1405.0,1517,1517,735.7464285714286,31,0,1000000,3000,4
598122,598122,2392488,4716,147,588,638.0,0.0,638.0,722,722,493.8707482993197,15,0,1000000,3000,4
598159,598159,2392636,4717,37,148,239.0,0.0,239.0,304,304,156.8108108108108,7,0,1000000,3000,4
598365,598365,2393460,4718,206,824,1126.0,0.0,1126.0,1223,1223,658.4126213592233,25,0,1000000,3000,4
598472,598472,2393888,4719,107,428,625.0,0.0,625.0,703,703,354.23364485981307,15,0,1000000,3000,4
598714,598714,2394856,4720,242,968,1305.0,0.0,1305.0,1410,1410,751.2727272727273,29,0,1000000,3000,4
598826,598826,2395304,4721,112,448,614.0,0.0,614.0,693,693,391.64285714285717,14,0,1000000,3000,4
599122,599122,2396488,4722,296,1184,1022.0,0.0,1022.0,1138,1138,622.4695945945946,23,0,1000000,3000,4
599206,599206,2396824,4723,84,336,651.0,0.0,651.0,722,722,367.6547619047619,15,0,1000000,3000,4
599297,599297,2397188,4724,91,364,616.0,0.0,616.0,692,692,397.9010989010989,14,0,1000000,3000,4
599695,599695,2398780,4725,398,1592,764.0,0.0,764.0,898,898,647.3768844221106,18,0,1000000,3000,4
599726,599726,2398904,4726,31,124,248.0,0.0,248.0,312,312,155.5483870967742,7,0,1000000,3000,4
599930,599930,2399720,4727,204,816,1033.0,0.0,1033.0,1130,1130,641.6470588235294,23,0,1000000,3000,4
600027,600027,2400108,4728,97,388,635.0,0.0,635.0,711,711,368.0,15,0,1000000,3000,4
600140,600140,2400560,4729,113,452,617.0,0.0,617.0,697,697,374.53097345132744,14,0,1000000,3000,4
600248,600248,2400992,4730,108,432,600.0,0.0,600.0,678,678,382.77777777777777,14,0,1000000,3000,4
600355,600355,2401420,4731,107,428,592.0,0.0,592.0,670,670,389.68224299065423,14,0,1000000,3000,4
600547,600547,2402188,4732,192,768,759.0,0.0,759.0,855,855,551.3958333333334,18,0,1000000,3000,4
600669,600669,2402676,4733,122,488,726.0,0.0,726.0,808,808,419.23770491803276,17,0,1000000,3000,4
600834,600834,2403336,4734,165,660,1039.0,0.0,1039.0,1126,1126,566.4787878787879,23,0,1000000,3000,4
600931,600931,2403724,4735,97,388,648.0,0.0,648.0,722,722,366.0618556701031,15,0,1000000,3000,4
600961,600961,2403844,4736,30,120,251.0,0.0,251.0,314,314,155.93333333333334,7,0,1000000,3000,4
600996,600996,2403984,4737,35,140,249.0,0.0,249.0,312,312,150.68571428571428,7,0,1000000,3000,4
601100,601100,2404400,4738,104,416,597.0,0.0,597.0,674,674,404.7307692307692,14,0,1000000,3000,4
601212,601212,2404848,4739,112,448,617.0,0.0,617.0,697,697,372.50892857142856,14,0,1000000,3000,4
601306,601306,2405224,4740,94,376,632.0,0.0,632.0,707,707,380.4255319148936,15,0,1000000,3000,4
601760,601760,2407040,4741,454,1816,3031.0,0.0,3031.0,3161,3161,1664.623348017621,64,0,1000000,3000,4
601797,601797,2407188,4742,37,148,231.0,0.0,231.0,296,296,166.59459459459458,6,0,1000000,3000,4
601829,601829,2407316,4743,32,128,252.0,0.0,252.0,315,315,149.4375,7,0,1000000,3000,4
601873,601873,2407492,4744,44,176,228.0,0.0,228.0,294,294,161.0681818181818,6,0,1000000,3000,4
601964,601964,2407856,4745,91,364,628.0,0.0,628.0,703,703,391.8021978021978,15,0,1000000,3000,4
602127,602127,2408508,4746,163,652,635.0,0.0,635.0,722,722,497.3680981595092,15,0,1000000,3000,4
602229,602229,2408916,4747,102,408,612.0,0.0,612.0,689,689,391.1764705882353,14,0,1000000,3000,4
602261,602261,2409044,4748,32,128,240.0,0.0,240.0,302,302,163.09375,7,0,1000000,3000,4
602301,602301,2409204,4749,40,160,237.0,0.0,237.0,301,301,160.425,7,0,1000000,3000,4
602710,602710,2410840,4750,409,1636,986.0,0.0,986.0,1122,1123,723.4889975550122,23,0,1000000,3000,4
602777,602777,2411108,4751,67,268,609.0,0.0,609.0,679,679,354.76119402985074,14,0,1000000,3000,4
603011,603011,2412044,4752,234,936,1327.0,0.0,1327.0,1431,1431,719.5470085470085,29,0,1000000,3000,4
603099,603099,2412396,4753,88,352,633.0,0.0,633.0,707,707,382.0568181818182,15,0,1000000,3000,4
603240,603240,2412960,4754,141,564,639.0,0.0,639.0,722,723,522.7730496453901,15,0,1000000,3000,4
603330,603330,2413320,4755,90,360,620.0,0.0,620.0,695,695,394.53333333333336,14,0,1000000,3000,4
603367,603367,2413468,4756,37,148,240.0,0.0,240.0,305,305,158.83783783783784,7,0,1000000,3000,4
603401,603401,2413604,4757,34,136,239.0,0.0,239.0,303,303,165.47058823529412,7,0,1000000,3000,4
603547,603547,2414188,4758,146,584,638.0,0.0,638.0,722,722,490.05479452054794,15,0,1000000,3000,4
603584,603584,2414336,4759,37,148,243.0,0.0,243.0,306,306,158.8918918918919,7,0,1000000,3000,4
603674,603674,2414696,4760,90,360,618.0,0.0,618.0,692,692,408.68888888888887,14,0,1000000,3000,4
603851,603851,2415404,4761,177,708,756.0,0.0,756.0,849,849,551.3389830508474,17,0,1000000,3000,4
603944,603944,2415776,4762,93,372,619.0,0.0,619.0,694,694,381.7096774193548,14,0,1000000,3000,4
603978,603978,2415912,4763,34,136,251.0,0.0,251.0,313,313,151.55882352941177,7,0,1000000,3000,4
604160,604160,2416640,4764,182,728,807.0,0.0,807.0,898,898,594.8021978021978,18,0,1000000,3000,4
604381,604381,2417524,4765,221,884,1028.0,0.0,1028.0,1128,1128,641.9457013574661,23,0,1000000,3000,4
604413,604413,2417652,4766,32,128,245.0,0.0,245.0,307,307,165.15625,7,0,1000000,3000,4
604573,604573,2418292,4767,160,640,812.0,0.0,812.0,898,898,585.30625,18,0,1000000,3000,4
604616,604616,2418464,4768,43,172,229.0,0.0,229.0,295,295,160.2325581395349,6,0,1000000,3000,4
604649,604649,2418596,4769,33,132,240.0,0.0,240.0,303,303,157.3030303030303,7,0,1000000,3000,4
604981,604981,2419924,4770,332,1328,1303.0,0.0,1303.0,1427,1427,702.7198795180723,29,0,1000000,3000,4
605010,605010,2420040,4771,29,116,249.0,0.0,249.0,310,310,158.79310344827587,7,0,1000000,3000,4
605249,605249,2420996,4772,239,956,704.0,0.0,704.0,808,808,526.8075313807532,17,0,1000000,3000,4
605313,605313,2421252,4773,64,256,608.0,0.0,608.0,677,677,348.875,14,0,1000000,3000,4
605401,605401,2421604,4774,88,352,631.0,0.0,631.0,706,706,373.71590909090907,15,0,1000000,3000,4
605853,605853,2423412,4775,452,1808,982.0,0.0,982.0,1128,1128,744.1172566371681,23,0,1000000,3000,4
606291,606291,2425164,4776,438,1752,1264.0,0.0,1264.0,1407,1407,726.7283105022831,29,0,1000000,3000,4
606352,606352,2425408,4777,61,244,610.0,0.0,610.0,680,680,334.5409836065574,14,0,1000000,3000,4
606745,606745,2426980,4778,393,1572,1273.0,0.0,1273.0,1408,1408,767.7837150127226,29,0,1000000,3000,4
606963,606963,2427852,4779,218,872,1315.0,0.0,1315.0,1414,1414,736.5550458715596,29,0,1000000,3000,4
606990,606990,2427960,4780,27,108,250.0,0.0,250.0,311,311,167.33333333333334,7,0,1000000,3000,4
607205,607205,2428820,4781,215,860,1030.0,0.0,1030.0,1128,1128,654.2325581395348,23,0,1000000,3000,4
607380,607380,2429520,4782,175,700,742.0,0.0,742.0,834,834,538.3942857142857,17,0,1000000,3000,4
607619,607619,2430476,4783,239,956,1028.0,0.0,1028.0,1132,1132,643.6610878661088,23,0,1000000,3000,4
607765,607765,2431060,4784,146,584,618.0,0.0,618.0,705,705,462.1164383561644,15,0,1000000,3000,4
607870,607870,2431480,4785,105,420,609.0,0.0,609.0,687,687,399.20952380952383,14,0,1000000,3000,4
607967,607967,2431868,4786,97,388,623.0,0.0,623.0,699,699,405.21649484536084,14,0,1000000,3000,4
608200,608200,2432800,4787,233,932,1024.0,0.0,1024.0,1126,1126,662.4463519313305,23,0,1000000,3000,4
608296,608296,2433184,4788,96,384,605.0,0.0,605.0,681,681,400.0625,14,0,1000000,3000,4
608333,608333,2433332,4789,37,148,238.0,0.0,238.0,302,302,161.67567567567568,7,0,1000000,3000,4
608420,608420,2433680,4790,87,348,619.0,0.0,619.0,694,694,339.42528735632186,14,0,1000000,3000,4
608517,608517,2434068,4791,97,388,626.0,0.0,626.0,703,703,379.5773195876289,15,0,1000000,3000,4
608598,608598,2434392,4792,81,324,623.0,0.0,623.0,697,697,358.82716049382714,14,0,1000000,3000,4
608742,608742,2434968,4793,144,576,751.0,0.0,751.0,836,836,515.7361111111111,17,0,1000000,3000,4
608917,608917,2435668,4794,175,700,1036.0,0.0,1036.0,1125,1125,606.9085714285715,23,0,1000000,3000,4
609009,609009,2436036,4795,92,368,633.0,0.0,633.0,709,709,371.25,15,0,1000000,3000,4
609100,609100,2436400,4796,91,364,628.0,0.0,628.0,703,703,377.9230769230769,15,0,1000000,3000,4
609279,609279,2437116,4797,179,716,1319.0,0.0,1319.0,1411,1411,724.9497206703911,29,0,1000000,3000,4
609380,609380,2437520,4798,101,404,621.0,0.0,621.0,697,697,367.81188118811883,14,0,1000000,3000,4
609578,609578,2438312,4799,198,792,1317.0,0.0,1317.0,1412,1412,765.0757575757576,29,0,1000000,3000,4
609889,609889,2439556,4800,311,1244,1009.0,0.0,1009.0,1127,1127,685.8617363344051,23,0,1000000,3000,4
610010,610010,2440040,4801,121,484,600.0,0.0,600.0,682,682,392.12396694214874,14,0,1000000,3000,4
610294,610294,2441176,4802,284,1136,1555.0,0.0,1555.0,1668,1668,800.9154929577464,34,0,1000000,3000,4
610493,610493,2441972,4803,199,796,714.0,0.0,714.0,811,811,550.5025125628141,17,0,1000000,3000,4
610715,610715,2442860,4804,222,888,1139.0,0.0,1139.0,1241,1241,660.4954954954954,25,0,1000000,3000,4
610839,610839,2443356,4805,124,496,1068.0,0.0,1068.0,1150,1150,610.1854838709677,24,0,1000000,3000,4
611157,611157,2444628,4806,318,1272,1550.0,0.0,1550.0,1671,1671,811.9685534591194,34,0,1000000,3000,4
611251,611251,2445004,4807,94,376,620.0,0.0,620.0,696,696,355.8510638297872,14,0,1000000,3000,4
611325,611325,2445300,4808,74,296,653.0,0.0,653.0,722,722,376.13513513513516,15,0,1000000,3000,4
611468,611468,2445872,4809,143,572,1043.0,0.0,1043.0,1127,1127,572.9370629370629,23,0,1000000,3000,4
611663,611663,2446652,4810,195,780,1035.0,0.0,1035.0,1130,1130,615.0871794871795,23,0,1000000,3000,4
611703,611703,2446812,4811,40,160,228.0,0.0,228.0,293,293,167.25,6,0,1000000,3000,4
611931,611931,2447724,4812,228,912,1318.0,0.0,1318.0,1420,1420,753.6929824561404,29,0,1000000,3000,4
612026,612026,2448104,4813,95,380,615.0,0.0,615.0,690,690,386.7684210526316,14,0,1000000,3000,4
612316,612316,2449264,4814,290,1160,1312.0,0.0,1312.0,1427,1427,737.3724137931034,29,0,1000000,3000,4
612591,612591,2450364,4815,275,1100,1027.0,0.0,1027.0,1138,1138,667.3418181818182,23,0,1000000,3000,4
612630,612630,2450520,4816,39,156,240.0,0.0,240.0,303,303,154.64102564102564,7,0,1000000,3000,4
612728,612728,2450912,4817,98,392,713.0,0.0,713.0,789,789,415.2959183673469,16,0,1000000,3000,4
612831,612831,2451324,4818,103,412,585.0,0.0,585.0,662,662,400.0873786407767,14,0,1000000,3000,4
612958,612958,2451832,4819,127,508,590.0,0.0,590.0,671,671,401.96062992125985,14,0,1000000,3000,4
613169,613169,2452676,4820,211,844,1317.0,0.0,1317.0,1414,1414,722.6208530805687,29,0,1000000,3000,4
613250,613250,2453000,4821,81,324,633.0,0.0,633.0,706,706,373.41975308641975,15,0,1000000,3000,4
613889,613889,2455556,4822,639,2556,2994.0,0.0,2994.0,3161,3161,1589.452269170579,64,0,1000000,3000,4
614199,614199,2456796,4823,310,1240,1658.0,0.0,1658.0,1777,1777,965.2838709677419,36,0,1000000,3000,4
614448,614448,2457792,4824,249,996,1021.0,0.0,1021.0,1125,1125,668.2650602409639,23,0,1000000,3000,4
614674,614674,2458696,4825,226,904,735.0,0.0,735.0,837,837,559.7831858407079,17,0,1000000,3000,4
614872,614872,2459488,4826,198,792,1041.0,0.0,1041.0,1136,1136,633.3282828282828,23,0,1000000,3000,4
615105,615105,2460420,4827,233,932,761.0,0.0,761.0,865,865,511.3390557939914,18,0,1000000,3000,4
615214,615214,2460856,4828,109,436,628.0,0.0,628.0,706,706,309.6330275229358,15,0,1000000,3000,4
615457,615457,2461828,4829,243,972,757.0,0.0,757.0,863,863,496.75720164609055,18,0,1000000,3000,4
616042,616042,2464168,4830,585,2340,691.0,0.0,691.0,864,864,651.9846153846154,18,0,1000000,3000,4
616334,616334,2465336,4831,292,1168,1300.0,0.0,1300.0,1413,1413,700.7808219178082,29,0,1000000,3000,4
616537,616537,2466148,4832,203,812,1336.0,0.0,1336.0,1434,1434,632.3349753694581,29,0,1000000,3000,4
616838,616838,2467352,4833,301,1204,1316.0,0.0,1316.0,1434,1434,672.5581395348837,29,0,1000000,3000,4
616951,616951,2467804,4834,113,452,583.0,0.0,583.0,662,662,406.4424778761062,14,0,1000000,3000,4
616989,616989,2467956,4835,38,152,246.0,0.0,246.0,310,310,144.76315789473685,7,0,1000000,3000,4
617254,617254,2469016,4836,265,1060,1679.0,0.0,1679.0,1788,1788,908.343396226415,36,0,1000000,3000,4
617361,617361,2469444,4837,107,428,614.0,0.0,614.0,693,693,373.68224299065423,14,0,1000000,3000,4
617587,617587,2470348,4838,226,904,716.0,0.0,716.0,818,818,544.3761061946902,17,0,1000000,3000,4
617846,617846,2471384,4839,259,1036,1312.0,0.0,1312.0,1420,1420,750.9073359073359,29,0,1000000,3000,4
618070,618070,2472280,4840,224,896,703.0,0.0,703.0,805,805,511.875,17,0,1000000,3000,4
618105,618105,2472420,4841,35,140,240.0,0.0,240.0,303,303,159.82857142857142,7,0,1000000,3000,4
618143,618143,2472572,4842,38,152,247.0,0.0,247.0,311,311,136.6578947368421,7,0,1000000,3000,4
618376,618376,2473504,4843,233,932,1416.0,0.0,1416.0,1519,1519,732.4635193133047,31,0,1000000,3000,4
618708,618708,2474832,4844,332,1328,1302.0,0.0,1302.0,1425,1425,792.2831325301205,29,0,1000000,3000,4
618806,618806,2475224,4845,98,392,615.0,0.0,615.0,692,692,318.7959183673469,14,0,1000000,3000,4
618981,618981,2475924,4846,175,700,1037.0,0.0,1037.0,1126,1126,596.36,23,0,1000000,3000,4
619091,619091,2476364,4847,110,440,604.0,0.0,604.0,683,683,382.4727272727273,14,0,1000000,3000,4
619265,619265,2477060,4848,174,696,633.0,0.0,633.0,722,722,471.6034482758621,15,0,1000000,3000,4
619367,619367,2477468,4849,102,408,611.0,0.0,611.0,688,688,368.55882352941177,14,0,1000000,3000,4
619822,619822,2479288,4850,455,1820,982.0,0.0,982.0,1129,1129,762.7296703296703,23,0,1000000,3000,4
619968,619968,2479872,4851,146,584,814.0,0.0,814.0,898,898,576.0342465753424,18,0,1000000,3000,4
620067,620067,2480268,4852,99,396,628.0,0.0,628.0,704,704,363.75757575757575,15,0,1000000,3000,4
620309,620309,2481236,4853,242,968,1020.0,0.0,1020.0,1124,1124,631.7933884297521,23,0,1000000,3000,4
620363,620363,2481452,4854,54,216,202.0,0.0,202.0,269,269,171.57407407407408,6,0,1000000,3000,4
620619,620619,2482476,4855,256,1024,1029.0,0.0,1029.0,1137,1137,617.69140625,23,0,1000000,3000,4
621137,621137,2484548,4856,518,2072,1257.0,0.0,1257.0,1417,1417,789.3706563706563,29,0,1000000,3000,4
621581,621581,2486324,4857,444,1776,1082.0,0.0,1082.0,1226,1226,714.1599099099099,25,0,1000000,3000,4
621791,621791,2487164,4858,210,840,801.0,0.0,801.0,898,898,575.1047619047619,18,0,1000000,3000,4
622069,622069,2488276,4859,278,1112,1013.0,0.0,1013.0,1123,1123,659.636690647482,23,0,1000000,3000,4
622216,622216,2488864,4860,147,588,638.0,0.0,638.0,722,722,509.44897959183675,15,0,1000000,3000,4
622415,622415,2489660,4861,199,796,1688.0,0.0,1688.0,1783,1783,845.4321608040201,36,0,1000000,3000,4
622737,622737,2490948,4862,322,1288,1886.0,0.0,1886.0,2008,2008,942.860248447205,41,0,1000000,3000,4
622885,622885,2491540,4863,148,592,1043.0,0.0,1043.0,1129,1129,519.1959459459459,23,0,1000000,3000,4
622921,622921,2491684,4864,36,144,243.0,0.0,243.0,308,308,151.0,7,0,1000000,3000,4
622959,622959,2491836,4865,38,152,243.0,0.0,243.0,306,306,146.02631578947367,7,0,1000000,3000,4
623301,623301,2493204,4866,342,1368,1004.0,0.0,1004.0,1128,1128,667.1842105263158,23,0,1000000,3000,4
623331,623331,2493324,4867,30,120,247.0,0.0,247.0,311,311,151.4,7,0,1000000,3000,4
623373,623373,2493492,4868,42,168,226.0,0.0,226.0,292,292,168.88095238095238,6,0,1000000,3000,4
623413,623413,2493652,4869,40,160,236.0,0.0,236.0,300,300,157.825,7,0,1000000,3000,4
623638,623638,2494552,4870,225,900,1335.0,0.0,1335.0,1437,1437,675.3066666666666,29,0,1000000,3000,4
623744,623744,2494976,4871,106,424,610.0,0.0,610.0,687,687,387.5377358490566,14,0,1000000,3000,4
623778,623778,2495112,4872,34,136,237.0,0.0,237.0,301,301,157.6764705882353,7,0,1000000,3000,4
623960,623960,2495840,4873,182,728,768.0,0.0,768.0,861,861,518.0824175824176,18,0,1000000,3000,4
624180,624180,2496720,4874,220,880,1029.0,0.0,1029.0,1129,1129,622.8136363636364,23,0,1000000,3000,4
624284,624284,2497136,4875,104,416,610.0,0.0,610.0,687,687,407.97115384615387,14,0,1000000,3000,4
624610,624610,2498440,4876,326,1304,1006.0,0.0,1006.0,1127,1127,697.717791411043,23,0,1000000,3000,4
624650,624650,2498600,4877,40,160,230.0,0.0,230.0,294,294,162.9,6,0,1000000,3000,4
624861,624861,2499444,4878,211,844,1324.0,0.0,1324.0,1422,1422,750.3222748815166,29,0,1000000,3000,4
624899,624899,2499596,4879,38,152,237.0,0.0,237.0,302,302,159.47368421052633,7,0,1000000,3000,4
625082,625082,2500328,4880,183,732,807.0,0.0,807.0,898,898,562.224043715847,18,0,1000000,3000,4
625121,625121,2500484,4881,39,156,225.0,0.0,225.0,289,289,173.84615384615384,6,0,1000000,3000,4
625219,625219,2500876,4882,98,392,620.0,0.0,620.0,695,695,380.07142857142856,14,0,1000000,3000,4
625249,625249,2500996,4883,30,120,247.0,0.0,247.0,309,309,161.7,7,0,1000000,3000,4
625283,625283,2501132,4884,34,136,240.0,0.0,240.0,304,304,161.41176470588235,7,0,1000000,3000,4
625432,625432,2501728,4885,149,596,814.0,0.0,814.0,898,899,579.2885906040268,18,0,1000000,3000,4
625468,625468,2501872,4886,36,144,242.0,0.0,242.0,307,307,155.5,7,0,1000000,3000,4
625510,625510,2502040,4887,42,168,239.0,0.0,239.0,304,304,147.57142857142858,7,0,1000000,3000,4
625878,625878,2503512,4888,368,1472,1290.0,0.0,1290.0,1420,1420,722.6548913043479,29,0,1000000,3000,4
625920,625920,2503680,4889,42,168,239.0,0.0,239.0,304,304,147.04761904761904,7,0,1000000,3000,4
625963,625963,2503852,4890,43,172,233.0,0.0,233.0,297,297,154.13953488372093,6,0,1000000,3000,4
626333,626333,2505332,4891,370,1480,1000.0,0.0,1000.0,1129,1129,676.8648648648649,23,0,1000000,3000,4
626744,626744,2506976,4892,411,1644,1383.0,0.0,1383.0,1523,1523,696.5304136253042,31,0,1000000,3000,4
626959,626959,2507836,4893,215,860,1336.0,0.0,1336.0,1436,1436,712.8465116279069,29,0,1000000,3000,4
627128,627128,2508512,4894,169,676,755.0,0.0,755.0,845,845,505.9112426035503,17,0,1000000,3000,4
627236,627236,2508944,4895,108,432,603.0,0.0,603.0,681,681,379.99074074074076,14,0,1000000,3000,4
627280,627280,2509120,4896,44,176,225.0,0.0,225.0,289,289,166.54545454545453,6,0,1000000,3000,4
627321,627321,2509284,4897,41,164,229.0,0.0,229.0,294,294,160.9512195121951,6,0,1000000,3000,4
627419,627419,2509676,4898,98,392,623.0,0.0,623.0,700,700,351.5612244897959,15,0,1000000,3000,4
627521,627521,2510084,4899,102,408,588.0,0.0,588.0,665,665,405.6372549019608,14,0,1000000,3000,4
627561,627561,2510244,4900,40,160,231.0,0.0,231.0,296,296,160.125,6,0,1000000,3000,4
627608,627608,2510432,4901,47,188,229.0,0.0,229.0,296,296,143.87234042553192,6,0,1000000,3000,4
627813,627813,2511252,4902,205,820,1422.0,0.0,1422.0,1520,1520,798.5512195121951,31,0,1000000,3000,4
628240,628240,2512960,4903,427,1708,1266.0,0.0,1266.0,1408,1408,739.2131147540983,29,0,1000000,3000,4
628328,628328,2513312,4904,88,352,636.0,0.0,636.0,710,710,369.84090909090907,15,0,1000000,3000,4
628363,628363,2513452,4905,35,140,245.0,0.0,245.0,308,308,148.6,7,0,1000000,3000,4
628698,628698,2514792,4906,335,1340,1005.0,0.0,1005.0,1126,1126,696.8328358208955,23,0,1000000,3000,4
628732,628732,2514928,4907,34,136,252.0,0.0,252.0,316,316,151.73529411764707,7,0,1000000,3000,4
629048,629048,2516192,4908,316,1264,1300.0,0.0,1300.0,1420,1420,743.4430379746835,29,0,1000000,3000,4
629222,629222,2516888,4909,174,696,809.0,0.0,809.0,898,898,560.5,18,0,1000000,3000,4
629395,629395,2517580,4910,173,692,809.0,0.0,809.0,898,898,520.9826589595376,18,0,1000000,3000,4
629508,629508,2518032,4911,113,452,585.0,0.0,585.0,664,664,395.9734513274336,14,0,1000000,3000,4
629725,629725,2518900,4912,217,868,800.0,0.0,800.0,898,898,579.7695852534562,18,0,1000000,3000,4
629778,629778,2519112,4913,53,212,207.0,0.0,207.0,274,274,165.71698113207546,6,0,1000000,3000,4
629823,629823,2519292,4914,45,180,225.0,0.0,225.0,290,290,153.6,6,0,1000000,3000,4
629929,629929,2519716,4915,106,424,621.0,0.0,621.0,700,700,363.2830188679245,15,0,1000000,3000,4
630170,630170,2520680,4916,241,964,1409.0,0.0,1409.0,1514,1514,780.9834024896265,31,0,1000000,3000,4
630212,630212,2520848,4917,42,168,237.0,0.0,237.0,302,302,149.92857142857142,7,0,1000000,3000,4
630330,630330,2521320,4918,118,472,644.0,0.0,644.0,722,723,334.20338983050846,15,0,1000000,3000,4
630583,630583,2522332,4919,253,1012,1031.0,0.0,1031.0,1138,1138,588.5256916996047,23,0,1000000,3000,4
630627,630627,2522508,4920,44,176,233.0,0.0,233.0,298,298,152.4090909090909,6,0,1000000,3000,4
630723,630723,2522892,4921,96,384,629.0,0.0,629.0,705,705,357.5729166666667,15,0,1000000,3000,4
630877,630877,2523508,4922,154,616,637.0,0.0,637.0,722,722,483.90909090909093,15,0,1000000,3000,4
631050,631050,2524200,4923,173,692,1048.0,0.0,1048.0,1138,1138,622.8439306358382,23,0,1000000,3000,4
631335,631335,2525340,4924,285,1140,749.0,0.0,749.0,863,863,582.7122807017544,18,0,1000000,3000,4
631377,631377,2525508,4925,42,168,231.0,0.0,231.0,295,295,155.76190476190476,6,0,1000000,3000,4
631842,631842,2527368,4926,465,1860,1263.0,0.0,1263.0,1410,1410,720.6774193548387,29,0,1000000,3000,4
631879,631879,2527516,4927,37,148,243.0,0.0,243.0,308,308,143.54054054054055,7,0,1000000,3000,4
631918,631918,2527672,4928,39,156,245.0,0.0,245.0,309,309,147.17948717948718,7,0,1000000,3000,4
632018,632018,2528072,4929,100,400,631.0,0.0,631.0,708,708,340.8,15,0,1000000,3000,4
632171,632171,2528684,4930,153,612,1062.0,0.0,1062.0,1150,1150,610.6470588235294,24,0,1000000,3000,4
632502,632502,2530008,4931,331,1324,1898.0,0.0,1898.0,2021,2021,1009.4350453172206,41,0,1000000,3000,4
632734,632734,2530936,4932,232,928,1036.0,0.0,1036.0,1138,1138,621.7284482758621,23,0,1000000,3000,4
632777,632777,2531108,4933,43,172,231.0,0.0,231.0,296,296,156.06976744186048,6,0,1000000,3000,4
633062,633062,2532248,4934,285,1140,1026.0,0.0,1026.0,1138,1138,700.2315789473685,23,0,1000000,3000,4
633291,633291,2533164,4935,229,916,764.0,0.0,764.0,866,866,536.8777292576419,18,0,1000000,3000,4
633560,633560,2534240,4936,269,1076,1326.0,0.0,1326.0,1437,1437,746.8401486988847,29,0,1000000,3000,4
633875,633875,2535500,4937,315,1260,1288.0,0.0,1288.0,1408,1408,710.4825396825397,29,0,1000000,3000,4
634036,634036,2536144,4938,161,644,635.0,0.0,635.0,722,722,470.8633540372671,15,0,1000000,3000,4
634289,634289,2537156,4939,253,1012,1019.0,0.0,1019.0,1124,1124,710.4189723320158,23,0,1000000,3000,4
634498,634498,2537992,4940,209,836,1030.0,0.0,1030.0,1126,1126,608.3971291866029,23,0,1000000,3000,4
634533,634533,2538132,4941,35,140,234.0,0.0,234.0,296,296,173.57142857142858,6,0,1000000,3000,4
634699,634699,2538796,4942,166,664,752.0,0.0,752.0,841,841,487.62048192771084,17,0,1000000,3000,4
634759,634759,2539036,4943,60,240,200.0,0.0,200.0,267,267,157.78333333333333,6,0,1000000,3000,4
634930,634930,2539720,4944,171,684,633.0,0.0,633.0,722,722,456.01169590643275,15,0,1000000,3000,4
634983,634983,2539932,4945,53,212,206.0,0.0,206.0,273,273,165.49056603773585,6,0,1000000,3000,4
635057,635057,2540228,4946,74,296,182.0,0.0,182.0,251,251,147.3108108108108,6,0,1000000,3000,4
635206,635206,2540824,4947,149,596,703.0,0.0,703.0,788,788,403.9731543624161,16,0,1000000,3000,4
635782,635782,2543128,4948,576,2304,962.0,0.0,962.0,1134,1134,780.1423611111111,23,0,1000000,3000,4
635824,635824,2543296,4949,42,168,225.0,0.0,225.0,290,290,159.4047619047619,6,0,1000000,3000,4
635867,635867,2543468,4950,43,172,233.0,0.0,233.0,297,297,148.86046511627907,6,0,1000000,3000,4
636033,636033,2544132,4951,166,664,771.0,0.0,771.0,860,860,508.1807228915663,18,0,1000000,3000,4
636785,636785,2547140,4952,752,3008,1223.0,0.0,1223.0,1430,1430,816.9308510638298,29,0,1000000,3000,4
636827,636827,2547308,4953,42,168,243.0,0.0,243.0,307,307,135.04761904761904,7,0,1000000,3000,4
637039,637039,2548156,4954,212,848,764.0,0.0,764.0,863,863,476.1556603773585,18,0,1000000,3000,4
637226,637226,2548904,4955,187,748,1056.0,0.0,1056.0,1151,1151,561.9197860962566,24,0,1000000,3000,4
637489,637489,2549956,4956,263,1052,1028.0,0.0,1028.0,1137,1137,664.0798479087453,23,0,1000000,3000,4
637587,637587,2550348,4957,98,392,589.0,0.0,589.0,664,664,416.6020408163265,14,0,1000000,3000,4
637772,637772,2551088,4958,185,740,762.0,0.0,762.0,855,855,473.7243243243243,18,0,1000000,3000,4
637953,637953,2551812,4959,181,724,705.0,0.0,705.0,798,798,481.7900552486188,16,0,1000000,3000,4
638330,638330,2553320,4960,377,1508,754.0,0.0,754.0,887,887,628.1167108753316,18,0,1000000,3000,4
638374,638374,2553496,4961,44,176,226.0,0.0,226.0,291,291,165.5681818181818,6,0,1000000,3000,4
638573,638573,2554292,4962,199,796,1331.0,0.0,1331.0,1428,1428,675.321608040201,29,0,1000000,3000,4
638624,638624,2554496,4963,51,204,233.0,0.0,233.0,300,300,136.11764705882354,7,0,1000000,3000,4
638985,638985,2555940,4964,361,1444,1384.0,0.0,1384.0,1512,1512,773.7673130193906,31,0,1000000,3000,4
639020,639020,2556080,4965,35,140,248.0,0.0,248.0,313,313,146.5142857142857,7,0,1000000,3000,4
639051,639051,2556204,4966,31,124,247.0,0.0,247.0,311,311,146.7741935483871,7,0,1000000,3000,4
639170,639170,2556680,4967,119,476,585.0,0.0,585.0,665,665,376.93277310924367,14,0,1000000,3000,4
639210,639210,2556840,4968,40,160,235.0,0.0,235.0,300,300,151.075,7,0,1000000,3000,4
639250,639250,2557000,4969,40,160,246.0,0.0,246.0,311,311,136.475,7,0,1000000,3000,4
639295,639295,2557180,4970,45,180,230.0,0.0,230.0,295,295,151.06666666666666,6,0,1000000,3000,4
639742,639742,2558968,4971,447,1788,684.0,0.0,684.0,830,830,605.937360178971,17,0,1000000,3000,4
639786,639786,2559144,4972,44,176,232.0,0.0,232.0,297,297,141.8409090909091,6,0,1000000,3000,4
639830,639830,2559320,4973,44,176,232.0,0.0,232.0,296,296,156.54545454545453,6,0,1000000,3000,4
640119,640119,2560476,4974,289,1156,1319.0,0.0,1319.0,1434,1434,643.5328719723184,29,0,1000000,3000,4
640358,640358,2561432,4975,239,956,1550.0,0.0,1550.0,1653,1653,848.4518828451883,34,0,1000000,3000,4
640469,640469,2561876,4976,111,444,627.0,0.0,627.0,706,706,360.990990990991,15,0,1000000,3000,4
640524,640524,2562096,4977,55,220,200.0,0.0,200.0,265,265,165.23636363636365,6,0,1000000,3000,4
640791,640791,2563164,4978,267,1068,1017.0,0.0,1017.0,1126,1126,588.3370786516854,23,0,1000000,3000,4
640922,640922,2563688,4979,131,524,585.0,0.0,585.0,668,668,391.5496183206107,14,0,1000000,3000,4
641110,641110,2564440,4980,188,752,1339.0,0.0,1339.0,1434,1434,706.5212765957447,29,0,1000000,3000,4
641147,641147,2564588,4981,37,148,232.0,0.0,232.0,296,296,160.59459459459458,6,0,1000000,3000,4
641182,641182,2564728,4982,35,140,245.0,0.0,245.0,310,310,148.88571428571427,7,0,1000000,3000,4
641369,641369,2565476,4983,187,748,755.0,0.0,755.0,849,849,533.9090909090909,17,0,1000000,3000,4
641447,641447,2565788,4984,78,312,610.0,0.0,610.0,682,682,354.8974358974359,14,0,1000000,3000,4
641548,641548,2566192,4985,101,404,595.0,0.0,595.0,672,672,399.63366336633663,14,0,1000000,3000,4
641972,641972,2567888,4986,424,1696,1276.0,0.0,1276.0,1416,1416,706.811320754717,29,0,1000000,3000,4
642009,642009,2568036,4987,37,148,244.0,0.0,244.0,308,308,153.16216216216216,7,0,1000000,3000,4
642211,642211,2568844,4988,202,808,1321.0,0.0,1321.0,1417,1417,692.3267326732673,29,0,1000000,3000,4
642250,642250,2569000,4989,39,156,247.0,0.0,247.0,311,311,141.43589743589743,7,0,1000000,3000,4
642290,642290,2569160,4990,40,160,250.0,0.0,250.0,315,315,140.275,7,0,1000000,3000,4
642590,642590,2570360,4991,300,1200,1292.0,0.0,1292.0,1408,1408,768.61,29,0,1000000,3000,4
642748,642748,2570992,4992,158,632,636.0,0.0,636.0,722,722,481.0886075949367,15,0,1000000,3000,4
642783,642783,2571132,4993,35,140,242.0,0.0,242.0,304,304,163.34285714285716,7,0,1000000,3000,4
642827,642827,2571308,4994,44,176,221.0,0.0,221.0,286,286,169.38636363636363,6,0,1000000,3000,4
642872,642872,2571488,4995,45,180,220.0,0.0,220.0,284,284,166.95555555555555,6,0,1000000,3000,4
642905,642905,2571620,4996,33,132,250.0,0.0,250.0,313,313,152.96969696969697,7,0,1000000,3000,4
642942,642942,2571768,4997,37,148,227.0,0.0,227.0,290,290,171.72972972972974,6,0,1000000,3000,4
643092,643092,2572368,4998,150,600,638.0,0.0,638.0,722,722,507.3,15,0,1000000,3000,4
643125,643125,2572500,4999,33,132,245.0,0.0,245.0,309,309,157.78787878787878,7,0,1000000,3000,4
643414,643414,2573656,5000,289,1156,1022.0,0.0,1022.0,1136,1136,734.1764705882352,23,0,1000000,3000,4
643616,643616,2574464,5001,202,808,693.0,0.0,693.0,790,790,555.7722772277227,16,0,1000000,3000,4
643661,643661,2574644,5002,45,180,222.0,0.0,222.0,287,287,167.4,6,0,1000000,3000,4
643932,643932,2575728,5003,271,1084,1019.0,0.0,1019.0,1129,1129,647.2177121771218,23,0,1000000,3000,4
644089,644089,2576356,5004,157,628,636.0,0.0,636.0,722,723,483.4140127388535,15,0,1000000,3000,4
644356,644356,2577424,5005,267,1068,1028.0,0.0,1028.0,1138,1138,636.8838951310861,23,0,1000000,3000,4
644389,644389,2577556,5006,33,132,239.0,0.0,239.0,303,303,161.33333333333334,7,0,1000000,3000,4
644429,644429,2577716,5007,40,160,232.0,0.0,232.0,296,296,161.825,6,0,1000000,3000,4
644468,644468,2577872,5008,39,156,236.0,0.0,236.0,300,300,155.56410256410257,7,0,1000000,3000,4
644558,644558,2578232,5009,90,360,632.0,0.0,632.0,708,708,362.65555555555557,15,0,1000000,3000,4
644925,644925,2579700,5010,367,1468,1296.0,0.0,1296.0,1426,1426,781.7302452316077,29,0,1000000,3000,4
645144,645144,2580576,5011,219,876,624.0,0.0,624.0,722,723,524.6666666666666,15,0,1000000,3000,4
645441,645441,2581764,5012,297,1188,1294.0,0.0,1294.0,1409,1409,716.959595959596,29,0,1000000,3000,4
645552,645552,2582208,5013,111,444,610.0,0.0,610.0,689,689,372.4684684684685,14,0,1000000,3000,4
645598,645598,2582392,5014,46,184,219.0,0.0,219.0,285,285,170.58695652173913,6,0,1000000,3000,4
645843,645843,2583372,5015,245,980,1420.0,0.0,1420.0,1526,1526,756.6857142857143,31,0,1000000,3000,4
645888,645888,2583552,5016,45,180,232.0,0.0,232.0,297,297,154.06666666666666,6,0,1000000,3000,4
645971,645971,2583884,5017,83,332,624.0,0.0,624.0,697,697,411.4457831325301,14,0,1000000,3000,4
646139,646139,2584556,5018,168,672,797.0,0.0,797.0,886,886,530.9940476190476,18,0,1000000,3000,4
646177,646177,2584708,5019,38,152,240.0,0.0,240.0,305,305,150.6315789473684,7,0,1000000,3000,4
646346,646346,2585384,5020,169,676,810.0,0.0,810.0,898,898,505.14201183431953,18,0,1000000,3000,4
646595,646595,2586380,5021,249,996,1332.0,0.0,1332.0,1439,1439,682.1967871485944,29,0,1000000,3000,4
646702,646702,2586808,5022,107,428,589.0,0.0,589.0,666,666,410.3644859813084,14,0,1000000,3000,4
646858,646858,2587432,5023,156,624,812.0,0.0,812.0,898,898,526.5448717948718,18,0,1000000,3000,4
646962,646962,2587848,5024,104,416,626.0,0.0,626.0,703,703,367.8173076923077,15,0,1000000,3000,4
647320,647320,2589280,5025,358,1432,1101.0,0.0,1101.0,1228,1228,750.7932960893854,25,0,1000000,3000,4
647500,647500,2590000,5026,180,720,778.0,0.0,778.0,870,870,519.2944444444445,18,0,1000000,3000,4
647661,647661,2590644,5027,161,644,1037.0,0.0,1037.0,1124,1124,552.7329192546584,23,0,1000000,3000,4
647770,647770,2591080,5028,109,436,607.0,0.0,607.0,685,685,369.45871559633025,14,0,1000000,3000,4
647807,647807,2591228,5029,37,148,229.0,0.0,229.0,292,292,165.43243243243242,6,0,1000000,3000,4
647842,647842,2591368,5030,35,140,243.0,0.0,243.0,306,306,162.02857142857144,7,0,1000000,3000,4
648114,648114,2592456,5031,272,1088,1301.0,0.0,1301.0,1411,1411,703.6764705882352,29,0,1000000,3000,4
648622,648622,2594488,5032,508,2032,969.0,0.0,969.0,1126,1126,668.3503937007874,23,0,1000000,3000,4
648656,648656,2594624,5033,34,136,244.0,0.0,244.0,307,307,154.8235294117647,7,0,1000000,3000,4
648685,648685,2594740,5034,29,116,246.0,0.0,246.0,307,307,158.6551724137931,7,0,1000000,3000,4
648715,648715,2594860,5035,30,120,250.0,0.0,250.0,314,314,154.73333333333332,7,0,1000000,3000,4
648925,648925,2595700,5036,210,840,1335.0,0.0,1335.0,1434,1434,668.2571428571429,29,0,1000000,3000,4
649111,649111,2596444,5037,186,744,1348.0,0.0,1348.0,1443,1443,702.9354838709677,29,0,1000000,3000,4
649208,649208,2596832,5038,97,388,590.0,0.0,590.0,665,665,418.5154639175258,14,0,1000000,3000,4
649304,649304,2597216,5039,96,384,608.0,0.0,608.0,684,684,412.5520833333333,14,0,1000000,3000,4
649452,649452,2597808,5040,148,592,638.0,0.0,638.0,722,722,523.2702702702703,15,0,1000000,3000,4
649485,649485,2597940,5041,33,132,236.0,0.0,236.0,299,299,172.9090909090909,6,0,1000000,3000,4
649513,649513,2598052,5042,28,112,251.0,0.0,251.0,314,314,158.07142857142858,7,0,1000000,3000,4
649543,649543,2598172,5043,30,120,249.0,0.0,249.0,313,313,152.26666666666668,7,0,1000000,3000,4
649636,649636,2598544,5044,93,372,588.0,0.0,588.0,663,663,428.4516129032258,14,0,1000000,3000,4
650029,650029,2600116,5045,393,1572,1282.0,0.0,1282.0,1416,1416,748.6564885496183,29,0,1000000,3000,4
650066,650066,2600264,5046,37,148,242.0,0.0,242.0,307,307,148.27027027027026,7,0,1000000,3000,4
650135,650135,2600540,5047,69,276,609.0,0.0,609.0,680,680,333.2173913043478,14,0,1000000,3000,4
650163,650163,2600652,5048,28,112,250.0,0.0,250.0,313,313,158.89285714285714,7,0,1000000,3000,4
650200,650200,2600800,5049,37,148,227.0,0.0,227.0,291,291,171.0810810810811,6,0,1000000,3000,4
650371,650371,2601484,5050,171,684,1060.0,0.0,1060.0,1152,1152,692.4795321637426,24,0,1000000,3000,4
650401,650401,2601604,5051,30,120,246.0,0.0,246.0,308,308,158.16666666666666,7,0,1000000,3000,4
650669,650669,2602676,5052,268,1072,1019.0,0.0,1019.0,1128,1128,692.9029850746268,23,0,1000000,3000,4
650854,650854,2603416,5053,185,740,1335.0,0.0,1335.0,1429,1429,712.1297297297298,29,0,1000000,3000,4
651155,651155,2604620,5054,301,1204,1678.0,0.0,1678.0,1796,1796,893.4551495016611,36,0,1000000,3000,4
651568,651568,2606272,5055,413,1652,991.0,0.0,991.0,1129,1129,776.9443099273608,23,0,1000000,3000,4
651766,651766,2607064,5056,198,792,1148.0,0.0,1148.0,1245,1245,641.3181818181819,25,0,1000000,3000,4
652006,652006,2608024,5057,240,960,1147.0,0.0,1147.0,1251,1251,700.2708333333334,26,0,1000000,3000,4
652116,652116,2608464,5058,110,440,605.0,0.0,605.0,684,684,404.1636363636364,14,0,1000000,3000,4
652361,652361,2609444,5059,245,980,795.0,0.0,795.0,898,899,679.861224489796,18,0,1000000,3000,4
652608,652608,2610432,5060,247,988,1324.0,0.0,1324.0,1431,1431,733.7408906882591,29,0,1000000,3000,4
652703,652703,2610812,5061,95,380,618.0,0.0,618.0,693,693,395.88421052631577,14,0,1000000,3000,4
652799,652799,2611196,5062,96,384,591.0,0.0,591.0,667,667,409.71875,14,0,1000000,3000,4
652908,652908,2611632,5063,109,436,598.0,0.0,598.0,676,676,388.3394495412844,14,0,1000000,3000,4
652944,652944,2611776,5064,36,144,245.0,0.0,245.0,310,310,145.33333333333334,7,0,1000000,3000,4
653148,653148,2612592,5065,204,816,735.0,0.0,735.0,832,832,529.8039215686274,17,0,1000000,3000,4
653315,653315,2613260,5066,167,668,752.0,0.0,752.0,843,843,552.7664670658683,17,0,1000000,3000,4
653411,653411,2613644,5067,96,384,619.0,0.0,619.0,695,695,375.6041666666667,14,0,1000000,3000,4
653600,653600,2614400,5068,189,756,1030.0,0.0,1030.0,1122,1122,599.978835978836,23,0,1000000,3000,4
653655,653655,2614620,5069,55,220,219.0,0.0,219.0,285,285,140.29090909090908,6,0,1000000,3000,4
653714,653714,2614856,5070,59,236,210.0,0.0,210.0,277,277,143.71186440677965,6,0,1000000,3000,4
653927,653927,2615708,5071,213,852,1141.0,0.0,1141.0,1241,1241,643.7605633802817,25,0,1000000,3000,4
654276,654276,2617104,5072,349,1396,1310.0,0.0,1310.0,1437,1437,728.9283667621777,29,0,1000000,3000,4
654498,654498,2617992,5073,222,888,1333.0,0.0,1333.0,1435,1435,680.5360360360361,29,0,1000000,3000,4
654541,654541,2618164,5074,43,172,230.0,0.0,230.0,295,295,155.1627906976744,6,0,1000000,3000,4
654581,654581,2618324,5075,40,160,248.0,0.0,248.0,312,312,140.3,7,0,1000000,3000,4
655263,655263,2621052,5076,682,2728,932.0,0.0,932.0,1123,1123,808.9090909090909,23,0,1000000,3000,4
655404,655404,2621616,5077,141,564,639.0,0.0,639.0,722,722,483.39716312056737,15,0,1000000,3000,4
655620,655620,2622480,5078,216,864,1333.0,0.0,1333.0,1434,1434,723.6944444444445,29,0,1000000,3000,4
655662,655662,2622648,5079,42,168,229.0,0.0,229.0,293,293,163.9047619047619,6,0,1000000,3000,4
655849,655849,2623396,5080,187,748,806.0,0.0,806.0,898,899,561.3582887700535,18,0,1000000,3000,4
655955,655955,2623820,5081,106,424,600.0,0.0,600.0,678,678,398.811320754717,14,0,1000000,3000,4
656381,656381,2625524,5082,426,1704,1268.0,0.0,1268.0,1410,1410,735.5962441314554,29,0,1000000,3000,4
656478,656478,2625912,5083,97,388,621.0,0.0,621.0,698,698,379.4845360824742,14,0,1000000,3000,4
656515,656515,2626060,5084,37,148,238.0,0.0,238.0,303,303,160.45945945945945,7,0,1000000,3000,4
656549,656549,2626196,5085,34,136,246.0,0.0,246.0,310,310,151.64705882352942,7,0,1000000,3000,4
656856,656856,2627424,5086,307,1228,1007.0,0.0,1007.0,1123,1123,665.4267100977198,23,0,1000000,3000,4
657088,657088,2628352,5087,232,928,1326.0,0.0,1326.0,1430,1430,771.1422413793103,29,0,1000000,3000,4
657301,657301,2629204,5088,213,852,1052.0,0.0,1052.0,1152,1152,678.7464788732394,24,0,1000000,3000,4
657457,657457,2629828,5089,156,624,1042.0,0.0,1042.0,1130,1130,577.6410256410256,23,0,1000000,3000,4
657494,657494,2629976,5090,37,148,238.0,0.0,238.0,301,301,159.6216216216216,7,0,1000000,3000,4
657570,657570,2630280,5091,76,304,607.0,0.0,607.0,680,680,340.35526315789474,14,0,1000000,3000,4
657799,657799,2631196,5092,229,916,1027.0,0.0,1027.0,1128,1128,714.4454148471616,23,0,1000000,3000,4
657962,657962,2631848,5093,163,652,1347.0,0.0,1347.0,1437,1437,669.8650306748466,29,0,1000000,3000,4
657996,657996,2631984,5094,34,136,250.0,0.0,250.0,314,314,151.8235294117647,7,0,1000000,3000,4
658073,658073,2632292,5095,77,308,615.0,0.0,615.0,687,687,351.15584415584414,14,0,1000000,3000,4
658154,658154,2632616,5096,81,324,651.0,0.0,651.0,722,722,394.69135802469134,15,0,1000000,3000,4
658314,658314,2633256,5097,160,640,635.0,0.0,635.0,722,723,507.125,15,0,1000000,3000,4
658345,658345,2633380,5098,31,124,247.0,0.0,247.0,311,311,153.25806451612902,7,0,1000000,3000,4
658434,658434,2633736,5099,89,356,628.0,0.0,628.0,702,702,403.2808988764045,15,0,1000000,3000,4
658468,658468,2633872,5100,34,136,244.0,0.0,244.0,308,308,150.85294117647058,7,0,1000000,3000,4
658558,658558,2634232,5101,90,360,606.0,0.0,606.0,680,680,399.5777777777778,14,0,1000000,3000,4
658740,658740,2634960,5102,182,728,1055.0,0.0,1055.0,1149,1149,616.4615384615385,23,0,1000000,3000,4
658887,658887,2635548,5103,147,588,638.0,0.0,638.0,722,722,530.0748299319728,15,0,1000000,3000,4
659212,659212,2636848,5104,325,1300,1313.0,0.0,1313.0,1435,1435,752.6246153846154,29,0,1000000,3000,4
659250,659250,2637000,5105,38,152,237.0,0.0,237.0,302,302,160.3684210526316,7,0,1000000,3000,4
659315,659315,2637260,5106,65,260,606.0,0.0,606.0,675,675,346.0923076923077,14,0,1000000,3000,4
659488,659488,2637952,5107,173,692,714.0,0.0,714.0,805,805,563.7919075144508,17,0,1000000,3000,4
659519,659519,2638076,5108,31,124,251.0,0.0,251.0,315,315,154.3548387096774,7,0,1000000,3000,4
659759,659759,2639036,5109,240,960,1306.0,0.0,1306.0,1409,1409,700.0041666666667,29,0,1000000,3000,4
659836,659836,2639344,5110,77,308,639.0,0.0,639.0,711,711,382.54545454545456,15,0,1000000,3000,4
660227,660227,2640908,5111,391,1564,1274.0,0.0,1274.0,1409,1409,759.7007672634271,29,0,1000000,3000,4
660385,660385,2641540,5112,158,632,1038.0,0.0,1038.0,1125,1125,628.3607594936709,23,0,1000000,3000,4
660500,660500,2642000,5113,115,460,591.0,0.0,591.0,670,670,389.9217391304348,14,0,1000000,3000,4
660810,660810,2643240,5114,310,1240,1542.0,0.0,1542.0,1659,1659,848.3193548387097,34,0,1000000,3000,4
660986,660986,2643944,5115,176,704,1037.0,0.0,1037.0,1128,1128,616.7386363636364,23,0,1000000,3000,4
661021,661021,2644084,5116,35,140,243.0,0.0,243.0,308,308,150.62857142857143,7,0,1000000,3000,4
661057,661057,2644228,5117,36,144,233.0,0.0,233.0,298,298,162.38888888888889,6,0,1000000,3000,4
661136,661136,2644544,5118,79,316,626.0,0.0,626.0,698,698,372.6835443037975,14,0,1000000,3000,4
661176,661176,2644704,5119,40,160,234.0,0.0,234.0,298,298,159.475,6,0,1000000,3000,4
661345,661345,2645380,5120,169,676,1039.0,0.0,1039.0,1128,1128,582.0355029585799,23,0,1000000,3000,4
661448,661448,2645792,5121,103,412,618.0,0.0,618.0,695,695,379.92233009708735,14,0,1000000,3000,4
661665,661665,2646660,5122,217,868,1029.0,0.0,1029.0,1128,1128,666.6082949308756,23,0,1000000,3000,4
661831,661831,2647324,5123,166,664,810.0,0.0,810.0,898,899,590.9698795180723,18,0,1000000,3000,4
661867,661867,2647468,5124,36,144,243.0,0.0,243.0,307,307,153.16666666666666,7,0,1000000,3000,4
662074,662074,2648296,5125,207,828,1035.0,0.0,1035.0,1133,1133,609.2801932367149,23,0,1000000,3000,4
662118,662118,2648472,5126,44,176,223.0,0.0,223.0,288,288,168.20454545454547,6,0,1000000,3000,4
662295,662295,2649180,5127,177,708,1571.0,0.0,1571.0,1664,1664,799.271186440678,34,0,1000000,3000,4
662335,662335,2649340,5128,40,160,230.0,0.0,230.0,295,295,160.3,6,0,1000000,3000,4
662535,662535,2650140,5129,200,800,1331.0,0.0,1331.0,1426,1426,734.09,29,0,1000000,3000,4
662732,662732,2650928,5130,197,788,1039.0,0.0,1039.0,1134,1134,603.1675126903554,23,0,1000000,3000,4
662982,662982,2651928,5131,250,1000,1030.0,0.0,1030.0,1136,1136,637.572,23,0,1000000,3000,4
663406,663406,2653624,5132,424,1696,985.0,0.0,985.0,1125,1125,669.1933962264151,23,0,1000000,3000,4
663448,663448,2653792,5133,42,168,227.0,0.0,227.0,292,292,166.16666666666666,6,0,1000000,3000,4
663483,663483,2653932,5134,35,140,241.0,0.0,241.0,304,304,158.54285714285714,7,0,1000000,3000,4
663636,663636,2654544,5135,153,612,1041.0,0.0,1041.0,1127,1127,642.4313725490196,23,0,1000000,3000,4
663677,663677,2654708,5136,41,164,229.0,0.0,229.0,294,294,164.78048780487805,6,0,1000000,3000,4
663981,663981,2655924,5137,304,1216,1011.0,0.0,1011.0,1127,1127,724.0625,23,0,1000000,3000,4
664024,664024,2656096,5138,43,172,233.0,0.0,233.0,297,297,156.1860465116279,6,0,1000000,3000,4
664066,664066,2656264,5139,42,168,232.0,0.0,232.0,298,298,158.26190476190476,6,0,1000000,3000,4
664304,664304,2657216,5140,238,952,1021.0,0.0,1021.0,1123,1123,631.9663865546219,23,0,1000000,3000,4
664494,664494,2657976,5141,190,760,1320.0,0.0,1320.0,1414,1414,706.3368421052631,29,0,1000000,3000,4
664593,664593,2658372,5142,99,396,628.0,0.0,628.0,704,704,361.77777777777777,15,0,1000000,3000,4
664775,664775,2659100,5143,182,728,807.0,0.0,807.0,898,898,587.021978021978,18,0,1000000,3000,4
665058,665058,2660232,5144,283,1132,1301.0,0.0,1301.0,1412,1412,740.3286219081272,29,0,1000000,3000,4
665174,665174,2660696,5145,116,464,596.0,0.0,596.0,677,677,376.23275862068965,14,0,1000000,3000,4
665324,665324,2661296,5146,150,600,754.0,0.0,754.0,840,840,512.88,17,0,1000000,3000,4
665433,665433,2661732,5147,109,436,594.0,0.0,594.0,672,672,385.0183486238532,14,0,1000000,3000,4
665820,665820,2663280,5148,387,1548,1814.0,0.0,1814.0,1947,1947,959.9431524547804,39,0,1000000,3000,4
665853,665853,2663412,5149,33,132,239.0,0.0,239.0,302,302,169.27272727272728,7,0,1000000,3000,4
666116,666116,2664464,5150,263,1052,1324.0,0.0,1324.0,1434,1434,708.0684410646388,29,0,1000000,3000,4
666203,666203,2664812,5151,87,348,623.0,0.0,623.0,697,697,361.91954022988506,14,0,1000000,3000,4
666441,666441,2665764,5152,238,952,1304.0,0.0,1304.0,1408,1408,703.2478991596639,29,0,1000000,3000,4
666472,666472,2665888,5153,31,124,244.0,0.0,244.0,307,307,162.03225806451613,7,0,1000000,3000,4
666516,666516,2666064,5154,44,176,231.0,0.0,231.0,296,296,150.6818181818182,6,0,1000000,3000,4
666553,666553,2666212,5155,37,148,235.0,0.0,235.0,299,299,164.75675675675674,6,0,1000000,3000,4
666589,666589,2666356,5156,36,144,236.0,0.0,236.0,301,301,164.69444444444446,7,0,1000000,3000,4
666804,666804,2667216,5157,215,860,1030.0,0.0,1030.0,1129,1129,630.5116279069767,23,0,1000000,3000,4
666992,666992,2667968,5158,188,752,1134.0,0.0,1134.0,1227,1227,660.5265957446809,25,0,1000000,3000,4
667151,667151,2668604,5159,159,636,1050.0,0.0,1050.0,1138,1138,630.4842767295597,23,0,1000000,3000,4
667312,667312,2669248,5160,161,644,719.0,0.0,719.0,808,808,506.7888198757764,17,0,1000000,3000,4
667474,667474,2669896,5161,162,648,811.0,0.0,811.0,898,898,581.4876543209876,18,0,1000000,3000,4
667514,667514,2670056,5162,40,160,227.0,0.0,227.0,291,291,165.15,6,0,1000000,3000,4
667693,667693,2670772,5163,179,716,723.0,0.0,723.0,815,815,522.8826815642458,17,0,1000000,3000,4
667844,667844,2671376,5164,151,604,813.0,0.0,813.0,898,898,586.2450331125827,18,0,1000000,3000,4
667879,667879,2671516,5165,35,140,232.0,0.0,232.0,296,296,169.65714285714284,6,0,1000000,3000,4
668043,668043,2672172,5166,164,656,741.0,0.0,741.0,830,830,538.5182926829268,17,0,1000000,3000,4
668151,668151,2672604,5167,108,432,608.0,0.0,608.0,687,687,393.1296296296296,14,0,1000000,3000,4
668312,668312,2673248,5168,161,644,757.0,0.0,757.0,847,847,561.6086956521739,17,0,1000000,3000,4
668349,668349,2673396,5169,37,148,242.0,0.0,242.0,306,306,160.05405405405406,7,0,1000000,3000,4
668454,668454,2673816,5170,105,420,621.0,0.0,621.0,699,699,387.0952380952381,14,0,1000000,3000,4
668485,668485,2673940,5171,31,124,244.0,0.0,244.0,308,308,154.3548387096774,7,0,1000000,3000,4
668571,668571,2674284,5172,86,344,650.0,0.0,650.0,722,722,387.93023255813955,15,0,1000000,3000,4
668672,668672,2674688,5173,101,404,610.0,0.0,610.0,686,686,383.81188118811883,14,0,1000000,3000,4
668936,668936,2675744,5174,264,1056,1029.0,0.0,1029.0,1138,1138,651.9204545454545,23,0,1000000,3000,4
669135,669135,2676540,5175,199,796,1033.0,0.0,1033.0,1128,1128,635.643216080402,23,0,1000000,3000,4
669163,669163,2676652,5176,28,112,251.0,0.0,251.0,312,312,158.89285714285714,7,0,1000000,3000,4
669198,669198,2676792,5177,35,140,240.0,0.0,240.0,305,305,148.45714285714286,7,0,1000000,3000,4
669449,669449,2677796,5178,251,1004,1858.0,0.0,1858.0,1966,1966,901.1075697211155,40,0,1000000,3000,4
669602,669602,2678408,5179,153,612,1042.0,0.0,1042.0,1128,1128,616.4313725490196,23,0,1000000,3000,4
669866,669866,2679464,5180,264,1056,1019.0,0.0,1019.0,1127,1127,712.8674242424242,23,0,1000000,3000,4
670050,670050,2680200,5181,184,736,1035.0,0.0,1035.0,1127,1127,645.3858695652174,23,0,1000000,3000,4
670171,670171,2680684,5182,121,484,750.0,0.0,750.0,830,830,508.5206611570248,17,0,1000000,3000,4
670329,670329,2681316,5183,158,632,812.0,0.0,812.0,898,898,521.2974683544304,18,0,1000000,3000,4
670358,670358,2681432,5184,29,116,250.0,0.0,250.0,313,313,153.55172413793105,7,0,1000000,3000,4
670440,670440,2681760,5185,82,328,625.0,0.0,625.0,699,699,359.2682926829268,14,0,1000000,3000,4
670534,670534,2682136,5186,94,376,629.0,0.0,629.0,704,704,373.8510638297872,15,0,1000000,3000,4
670603,670603,2682412,5187,69,276,627.0,0.0,627.0,697,697,369.59420289855075,14,0,1000000,3000,4
670636,670636,2682544,5188,33,132,240.0,0.0,240.0,304,304,155.66666666666666,7,0,1000000,3000,4
670753,670753,2683012,5189,117,468,749.0,0.0,749.0,829,829,495.88034188034186,17,0,1000000,3000,4
670968,670968,2683872,5190,215,860,1574.0,0.0,1574.0,1674,1674,764.9302325581396,34,0,1000000,3000,4
671057,671057,2684228,5191,89,356,614.0,0.0,614.0,688,688,342.9550561797753,14,0,1000000,3000,4
671089,671089,2684356,5192,32,128,244.0,0.0,244.0,308,308,154.25,7,0,1000000,3000,4
671163,671163,2684652,5193,74,296,617.0,0.0,617.0,689,689,361.86486486486484,14,0,1000000,3000,4
671266,671266,2685064,5194,103,412,647.0,0.0,647.0,722,722,381.90291262135923,15,0,1000000,3000,4
671299,671299,2685196,5195,33,132,242.0,0.0,242.0,306,306,152.33333333333334,7,0,1000000,3000,4
671332,671332,2685328,5196,33,132,248.0,0.0,248.0,312,312,148.84848484848484,7,0,1000000,3000,4
671586,671586,2686344,5197,254,1016,1682.0,0.0,1682.0,1789,1789,858.2165354330708,36,0,1000000,3000,4
671621,671621,2686484,5198,35,140,242.0,0.0,242.0,306,306,160.54285714285714,7,0,1000000,3000,4
671653,671653,2686612,5199,32,128,249.0,0.0,249.0,313,313,154.53125,7,0,1000000,3000,4
671748,671748,2686992,5200,95,380,616.0,0.0,616.0,692,692,336.22105263157897,14,0,1000000,3000,4
671841,671841,2687364,5201,93,372,649.0,0.0,649.0,722,723,375.5376344086022,15,0,1000000,3000,4
671964,671964,2687856,5202,123,492,1046.0,0.0,1046.0,1125,1125,572.0081300813008,23,0,1000000,3000,4
671999,671999,2687996,5203,35,140,247.0,0.0,247.0,310,310,151.65714285714284,7,0,1000000,3000,4
672040,672040,2688160,5204,41,164,218.0,0.0,218.0,283,283,173.8780487804878,6,0,1000000,3000,4
672071,672071,2688284,5205,31,124,248.0,0.0,248.0,312,312,157.09677419354838,7,0,1000000,3000,4
672163,672163,2688652,5206,92,368,607.0,0.0,607.0,683,683,409.0,14,0,1000000,3000,4
672342,672342,2689368,5207,179,716,1037.0,0.0,1037.0,1128,1128,576.5810055865921,23,0,1000000,3000,4
672515,672515,2690060,5208,173,692,1035.0,0.0,1035.0,1125,1125,590.4971098265896,23,0,1000000,3000,4
672635,672635,2690540,5209,120,480,1048.0,0.0,1048.0,1127,1127,617.025,23,0,1000000,3000,4
672751,672751,2691004,5210,116,464,1049.0,0.0,1049.0,1127,1127,581.5948275862069,23,0,1000000,3000,4
672828,672828,2691312,5211,77,308,617.0,0.0,617.0,689,689,348.45454545454544,14,0,1000000,3000,4
672987,672987,2691948,5212,159,636,1345.0,0.0,1345.0,1434,1434,683.6352201257862,29,0,1000000,3000,4
673078,673078,2692312,5213,91,364,610.0,0.0,610.0,686,686,361.0989010989011,14,0,1000000,3000,4
673108,673108,2692432,5214,30,120,248.0,0.0,248.0,311,311,155.7,7,0,1000000,3000,4
673321,673321,2693284,5215,213,852,1334.0,0.0,1334.0,1434,1434,688.0704225352113,29,0,1000000,3000,4
673476,673476,2693904,5216,155,620,636.0,0.0,636.0,722,722,484.06451612903226,15,0,1000000,3000,4
673570,673570,2694280,5217,94,376,626.0,0.0,626.0,702,702,391.1595744680851,15,0,1000000,3000,4
673608,673608,2694432,5218,38,152,224.0,0.0,224.0,288,288,174.3684210526316,6,0,1000000,3000,4
673724,673724,2694896,5219,116,464,598.0,0.0,598.0,678,678,399.0,14,0,1000000,3000,4
673910,673910,2695640,5220,186,744,1044.0,0.0,1044.0,1138,1138,580.6505376344086,23,0,1000000,3000,4
674019,674019,2696076,5221,109,436,596.0,0.0,596.0,674,674,398.2477064220183,14,0,1000000,3000,4
674120,674120,2696480,5222,101,404,615.0,0.0,615.0,693,693,385.8712871287129,14,0,1000000,3000,4
674249,674249,2696996,5223,129,516,736.0,0.0,736.0,819,819,501.74418604651163,17,0,1000000,3000,4
674345,674345,2697380,5224,96,384,628.0,0.0,628.0,705,705,384.53125,15,0,1000000,3000,4
674502,674502,2698008,5225,157,628,753.0,0.0,753.0,842,842,544.2229299363057,17,0,1000000,3000,4
674585,674585,2698340,5226,83,332,627.0,0.0,627.0,701,701,386.2409638554217,15,0,1000000,3000,4
674672,674672,2698688,5227,87,348,620.0,0.0,620.0,693,693,395.35632183908046,14,0,1000000,3000,4
674863,674863,2699452,5228,191,764,1032.0,0.0,1032.0,1126,1126,618.6125654450262,23,0,1000000,3000,4
674900,674900,2699600,5229,37,148,241.0,0.0,241.0,306,306,157.1081081081081,7,0,1000000,3000,4
675167,675167,2700668,5230,267,1068,1427.0,0.0,1427.0,1537,1537,765.7902621722847,31,0,1000000,3000,4
675406,675406,2701624,5231,239,956,1308.0,0.0,1308.0,1411,1411,750.4728033472803,29,0,1000000,3000,4
675593,675593,2702372,5232,187,748,771.0,0.0,771.0,865,865,526.572192513369,18,0,1000000,3000,4
675681,675681,2702724,5233,88,352,735.0,0.0,735.0,810,810,403.2613636363636,17,0,1000000,3000,4
675722,675722,2702888,5234,41,164,238.0,0.0,238.0,304,304,152.78048780487805,7,0,1000000,3000,4
675899,675899,2703596,5235,177,708,770.0,0.0,770.0,863,863,538.3728813559322,18,0,1000000,3000,4
676050,676050,2704200,5236,151,604,1051.0,0.0,1051.0,1138,1138,580.7152317880794,23,0,1000000,3000,4
676131,676131,2704524,5237,81,324,634.0,0.0,634.0,707,707,400.8024691358025,15,0,1000000,3000,4
676333,676333,2705332,5238,202,808,1031.0,0.0,1031.0,1126,1126,619.7821782178218,23,0,1000000,3000,4
676690,676690,2706760,5239,357,1428,1286.0,0.0,1286.0,1413,1413,755.0056022408963,29,0,1000000,3000,4
676818,676818,2707272,5240,128,512,745.0,0.0,745.0,827,827,488.8359375,17,0,1000000,3000,4
676997,676997,2707988,5241,179,716,1037.0,0.0,1037.0,1128,1128,600.5754189944134,23,0,1000000,3000,4
677226,677226,2708904,5242,229,916,1026.0,0.0,1026.0,1127,1127,666.1353711790393,23,0,1000000,3000,4
677375,677375,2709500,5243,149,596,717.0,0.0,717.0,803,803,492.87919463087246,17,0,1000000,3000,4
677406,677406,2709624,5244,31,124,246.0,0.0,246.0,310,310,156.61290322580646,7,0,1000000,3000,4
677633,677633,2710532,5245,227,908,1679.0,0.0,1679.0,1782,1782,855.9295154185022,36,0,1000000,3000,4
677670,677670,2710680,5246,37,148,239.0,0.0,239.0,303,303,153.43243243243242,7,0,1000000,3000,4
677831,677831,2711324,5247,161,644,1041.0,0.0,1041.0,1129,1129,587.4596273291926,23,0,1000000,3000,4
677992,677992,2711968,5248,161,644,1143.0,0.0,1143.0,1232,1232,679.9937888198758,25,0,1000000,3000,4
678110,678110,2712440,5249,118,472,1050.0,0.0,1050.0,1129,1129,582.1355932203389,23,0,1000000,3000,4
678189,678189,2712756,5250,79,316,608.0,0.0,608.0,681,681,330.746835443038,14,0,1000000,3000,4
678282,678282,2713128,5251,93,372,605.0,0.0,605.0,680,680,393.0967741935484,14,0,1000000,3000,4
678431,678431,2713724,5252,149,596,1044.0,0.0,1044.0,1129,1129,669.4563758389262,23,0,1000000,3000,4
678459,678459,2713836,5253,28,112,251.0,0.0,251.0,314,314,158.07142857142858,7,0,1000000,3000,4
678655,678655,2714620,5254,196,784,1312.0,0.0,1312.0,1408,1408,698.795918367347,29,0,1000000,3000,4
678691,678691,2714764,5255,36,144,227.0,0.0,227.0,292,292,171.61111111111111,6,0,1000000,3000,4
678840,678840,2715360,5256,149,596,1043.0,0.0,1043.0,1128,1128,612.9865771812081,23,0,1000000,3000,4
678983,678983,2715932,5257,143,572,732.0,0.0,732.0,818,818,500.67832167832165,17,0,1000000,3000,4
679164,679164,2716656,5258,181,724,1035.0,0.0,1035.0,1127,1127,624.3646408839779,23,0,1000000,3000,4
679309,679309,2717236,5259,145,580,639.0,0.0,639.0,722,722,509.62068965517244,15,0,1000000,3000,4
679452,679452,2717808,5260,143,572,737.0,0.0,737.0,822,822,515.7762237762238,17,0,1000000,3000,4
679767,679767,2719068,5261,315,1260,1011.0,0.0,1011.0,1129,1129,650.4063492063492,23,0,1000000,3000,4
679795,679795,2719180,5262,28,112,247.0,0.0,247.0,310,310,159.71428571428572,7,0,1000000,3000,4
679934,679934,2719736,5263,139,556,614.0,0.0,614.0,698,698,469.863309352518,14,0,1000000,3000,4
680010,680010,2720040,5264,76,304,635.0,0.0,635.0,708,708,371.2763157894737,15,0,1000000,3000,4
680090,680090,2720360,5265,80,320,628.0,0.0,628.0,701,701,393.8625,15,0,1000000,3000,4
680124,680124,2720496,5266,34,136,242.0,0.0,242.0,305,305,159.2941176470588,7,0,1000000,3000,4
680154,680154,2720616,5267,30,120,249.0,0.0,249.0,312,312,155.5,7,0,1000000,3000,4
680298,680298,2721192,5268,144,576,767.0,0.0,767.0,852,852,554.1666666666666,18,0,1000000,3000,4
680332,680332,2721328,5269,34,136,246.0,0.0,246.0,310,310,150.11764705882354,7,0,1000000,3000,4
680440,680440,2721760,5270,108,432,594.0,0.0,594.0,673,673,411.18518518518516,14,0,1000000,3000,4
680602,680602,2722408,5271,162,648,755.0,0.0,755.0,844,844,534.2530864197531,17,0,1000000,3000,4
680636,680636,2722544,5272,34,136,250.0,0.0,250.0,314,314,153.1764705882353,7,0,1000000,3000,4
680717,680717,2722868,5273,81,324,619.0,0.0,619.0,692,692,355.41975308641975,14,0,1000000,3000,4
680753,680753,2723012,5274,36,144,231.0,0.0,231.0,295,295,174.75,6,0,1000000,3000,4
680852,680852,2723408,5275,99,396,620.0,0.0,620.0,696,696,393.09090909090907,14,0,1000000,3000,4
681018,681018,2724072,5276,166,664,1342.0,0.0,1342.0,1433,1433,692.5783132530121,29,0,1000000,3000,4
681237,681237,2724948,5277,219,876,1027.0,0.0,1027.0,1126,1126,627.2054794520548,23,0,1000000,3000,4
681271,681271,2725084,5278,34,136,239.0,0.0,239.0,303,303,163.64705882352942,7,0,1000000,3000,4
681426,681426,2725704,5279,155,620,745.0,0.0,745.0,833,833,545.8903225806451,17,0,1000000,3000,4
681519,681519,2726076,5280,93,372,615.0,0.0,615.0,690,690,403.1290322580645,14,0,1000000,3000,4
681676,681676,2726704,5281,157,628,766.0,0.0,766.0,854,854,544.2101910828026,18,0,1000000,3000,4
681846,681846,2727384,5282,170,680,810.0,0.0,810.0,898,898,539.7529411764706,18,0,1000000,3000,4
681936,681936,2727744,5283,90,360,607.0,0.0,607.0,682,682,401.31111111111113,14,0,1000000,3000,4
682190,682190,2728760,5284,254,1016,1328.0,0.0,1328.0,1436,1436,739.2834645669292,29,0,1000000,3000,4
682524,682524,2730096,5285,334,1336,1664.0,0.0,1664.0,1788,1788,842.9910179640718,36,0,1000000,3000,4
682718,682718,2730872,5286,194,776,1032.0,0.0,1032.0,1126,1126,622.2268041237113,23,0,1000000,3000,4
683093,683093,2732372,5287,375,1500,1111.0,0.0,1111.0,1243,1243,710.6133333333333,25,0,1000000,3000,4
683267,683267,2733068,5288,174,696,1036.0,0.0,1036.0,1125,1125,637.5574712643678,23,0,1000000,3000,4
683371,683371,2733484,5289,104,416,614.0,0.0,614.0,692,692,379.86538461538464,14,0,1000000,3000,4
683403,683403,2733612,5290,32,128,247.0,0.0,247.0,310,310,154.9375,7,0,1000000,3000,4
683645,683645,2734580,5291,242,968,1312.0,0.0,1312.0,1416,1416,728.9132231404959,29,0,1000000,3000,4
683685,683685,2734740,5292,40,160,235.0,0.0,235.0,300,300,157.05,7,0,1000000,3000,4
683718,683718,2734872,5293,33,132,240.0,0.0,240.0,303,303,164.8181818181818,7,0,1000000,3000,4
683823,683823,2735292,5294,105,420,612.0,0.0,612.0,690,690,390.79047619047617,14,0,1000000,3000,4
684009,684009,2736036,5295,186,744,1322.0,0.0,1322.0,1414,1414,744.4408602150538,29,0,1000000,3000,4
684154,684154,2736616,5296,145,580,741.0,0.0,741.0,826,826,486.048275862069,17,0,1000000,3000,4
684196,684196,2736784,5297,42,168,223.0,0.0,223.0,288,288,164.97619047619048,6,0,1000000,3000,4
684233,684233,2736932,5298,37,148,237.0,0.0,237.0,302,302,157.02702702702703,7,0,1000000,3000,4
684341,684341,2737364,5299,108,432,599.0,0.0,599.0,678,678,383.3333333333333,14,0,1000000,3000,4
684427,684427,2737708,5300,86,344,637.0,0.0,637.0,712,712,374.90697674418607,15,0,1000000,3000,4
684563,684563,2738252,5301,136,544,1043.0,0.0,1043.0,1126,1126,624.1764705882352,23,0,1000000,3000,4
684743,684743,2738972,5302,180,720,1039.0,0.0,1039.0,1131,1131,575.6333333333333,23,0,1000000,3000,4
684813,684813,2739252,5303,70,280,603.0,0.0,603.0,674,674,316.74285714285713,14,0,1000000,3000,4
684844,684844,2739376,5304,31,124,245.0,0.0,245.0,309,309,151.67741935483872,7,0,1000000,3000,4
684938,684938,2739752,5305,94,376,626.0,0.0,626.0,702,702,378.06382978723406,15,0,1000000,3000,4
684975,684975,2739900,5306,37,148,230.0,0.0,230.0,294,294,167.83783783783784,6,0,1000000,3000,4
685008,685008,2740032,5307,33,132,249.0,0.0,249.0,313,313,150.93939393939394,7,0,1000000,3000,4
685095,685095,2740380,5308,87,348,625.0,0.0,625.0,700,700,355.71264367816093,15,0,1000000,3000,4
685180,685180,2740720,5309,85,340,633.0,0.0,633.0,707,707,374.1411764705882,15,0,1000000,3000,4
685211,685211,2740844,5310,31,124,246.0,0.0,246.0,309,309,155.51612903225808,7,0,1000000,3000,4
685244,685244,2740976,5311,33,132,244.0,0.0,244.0,308,308,151.42424242424244,7,0,1000000,3000,4
685405,685405,2741620,5312,161,644,1041.0,0.0,1041.0,1129,1129,601.8757763975156,23,0,1000000,3000,4
685568,685568,2742272,5313,163,652,1037.0,0.0,1037.0,1125,1125,602.4171779141104,23,0,1000000,3000,4
685657,685657,2742628,5314,89,356,629.0,0.0,629.0,704,704,374.2696629213483,15,0,1000000,3000,4
685872,685872,2743488,5315,215,860,1031.0,0.0,1031.0,1129,1129,611.7441860465116,23,0,1000000,3000,4
686094,686094,2744376,5316,222,888,1307.0,0.0,1307.0,1408,1408,693.0360360360361,29,0,1000000,3000,4
686240,686240,2744960,5317,146,584,722.0,0.0,722.0,808,808,471.13013698630135,17,0,1000000,3000,4
686448,686448,2745792,5318,208,832,1029.0,0.0,1029.0,1126,1126,665.7355769230769,23,0,1000000,3000,4
686591,686591,2746364,5319,143,572,1052.0,0.0,1052.0,1137,1137,615.5944055944055,23,0,1000000,3000,4
686704,686704,2746816,5320,113,452,606.0,0.0,606.0,685,685,398.46902654867256,14,0,1000000,3000,4
686879,686879,2747516,5321,175,700,1036.0,0.0,1036.0,1127,1127,561.1657142857143,23,0,1000000,3000,4
686920,686920,2747680,5322,41,164,232.0,0.0,232.0,297,297,159.53658536585365,6,0,1000000,3000,4
687113,687113,2748452,5323,193,772,1033.0,0.0,1033.0,1126,1126,611.9170984455959,23,0,1000000,3000,4
687194,687194,2748776,5324,81,324,632.0,0.0,632.0,705,705,363.04938271604937,15,0,1000000,3000,4
687227,687227,2748908,5325,33,132,236.0,0.0,236.0,300,300,165.36363636363637,7,0,1000000,3000,4
687404,687404,2749616,5326,177,708,1045.0,0.0,1045.0,1137,1137,574.2598870056497,23,0,1000000,3000,4
687512,687512,2750048,5327,108,432,608.0,0.0,608.0,686,686,396.0,14,0,1000000,3000,4
687692,687692,2750768,5328,180,720,763.0,0.0,763.0,856,856,510.2388888888889,18,0,1000000,3000,4
687733,687733,2750932,5329,41,164,236.0,0.0,236.0,302,302,153.0,7,0,1000000,3000,4
687936,687936,2751744,5330,203,812,1333.0,0.0,1333.0,1431,1431,752.9113300492611,29,0,1000000,3000,4
687974,687974,2751896,5331,38,152,238.0,0.0,238.0,302,302,154.23684210526315,7,0,1000000,3000,4
688195,688195,2752780,5332,221,884,1124.0,0.0,1124.0,1224,1224,646.6923076923077,25,0,1000000,3000,4
688507,688507,2754028,5333,312,1248,1894.0,0.0,1894.0,2013,2013,992.375,41,0,1000000,3000,4
688549,688549,2754196,5334,42,168,231.0,0.0,231.0,296,296,157.64285714285714,6,0,1000000,3000,4
688588,688588,2754352,5335,39,156,239.0,0.0,239.0,303,303,154.94871794871796,7,0,1000000,3000,4
688711,688711,2754844,5336,123,492,611.0,0.0,611.0,692,692,375.4634146341463,14,0,1000000,3000,4
688971,688971,2755884,5337,260,1040,771.0,0.0,771.0,879,879,601.1769230769231,18,0,1000000,3000,4
689148,689148,2756592,5338,177,708,774.0,0.0,774.0,866,866,509.3898305084746,18,0,1000000,3000,4
689457,689457,2757828,5339,309,1236,1007.0,0.0,1007.0,1123,1123,689.2491909385113,23,0,1000000,3000,4
689618,689618,2758472,5340,161,644,1048.0,0.0,1048.0,1137,1137,574.8695652173913,23,0,1000000,3000,4
689964,689964,2759856,5341,346,1384,1295.0,0.0,1295.0,1422,1422,780.7658959537572,29,0,1000000,3000,4
690258,690258,2761032,5342,294,1176,1395.0,0.0,1395.0,1510,1510,730.5204081632653,31,0,1000000,3000,4
690644,690644,2762576,5343,386,1544,1292.0,0.0,1292.0,1426,1426,720.3756476683938,29,0,1000000,3000,4
690902,690902,2763608,5344,258,1032,1020.0,0.0,1020.0,1126,1126,716.1124031007752,23,0,1000000,3000,4
691076,691076,2764304,5345,174,696,1037.0,0.0,1037.0,1126,1126,632.1781609195402,23,0,1000000,3000,4
691253,691253,2765012,5346,177,708,1034.0,0.0,1034.0,1125,1125,575.4802259887006,23,0,1000000,3000,4
691345,691345,2765380,5347,92,368,649.0,0.0,649.0,722,723,349.17391304347825,15,0,1000000,3000,4
691512,691512,2766048,5348,167,668,779.0,0.0,779.0,870,870,528.1916167664671,18,0,1000000,3000,4
691771,691771,2767084,5349,259,1036,1030.0,0.0,1030.0,1138,1138,679.5019305019305,23,0,1000000,3000,4
692083,692083,2768332,5350,312,1248,1316.0,0.0,1316.0,1436,1436,745.3717948717949,29,0,1000000,3000,4
692128,692128,2768512,5351,45,180,231.0,0.0,231.0,297,297,149.73333333333332,6,0,1000000,3000,4
692291,692291,2769164,5352,163,652,635.0,0.0,635.0,722,722,479.77914110429447,15,0,1000000,3000,4
692323,692323,2769292,5353,32,128,240.0,0.0,240.0,304,304,160.21875,7,0,1000000,3000,4
692544,692544,2770176,5354,221,884,1332.0,0.0,1332.0,1434,1434,673.7285067873303,29,0,1000000,3000,4
692767,692767,2771068,5355,223,892,1024.0,0.0,1024.0,1123,1125,621.9730941704036,23,0,1000000,3000,4
692852,692852,2771408,5356,85,340,627.0,0.0,627.0,702,702,370.5882352941176,15,0,1000000,3000,4
692882,692882,2771528,5357,30,120,245.0,0.0,245.0,308,308,155.96666666666667,7,0,1000000,3000,4
692916,692916,2771664,5358,34,136,245.0,0.0,245.0,308,308,155.7941176470588,7,0,1000000,3000,4
693031,693031,2772124,5359,115,460,718.0,0.0,718.0,797,797,480.8521739130435,16,0,1000000,3000,4
693067,693067,2772268,5360,36,144,245.0,0.0,245.0,310,310,152.13888888888889,7,0,1000000,3000,4
693097,693097,2772388,5361,30,120,247.0,0.0,247.0,311,311,152.2,7,0,1000000,3000,4
693236,693236,2772944,5362,139,556,742.0,0.0,742.0,826,826,503.48920863309354,17,0,1000000,3000,4
693429,693429,2773716,5363,193,772,1039.0,0.0,1039.0,1134,1134,601.8911917098445,23,0,1000000,3000,4
693464,693464,2773856,5364,35,140,238.0,0.0,238.0,301,301,163.6,7,0,1000000,3000,4
693511,693511,2774044,5365,47,188,217.0,0.0,217.0,282,282,160.51063829787233,6,0,1000000,3000,4
693545,693545,2774180,5366,34,136,249.0,0.0,249.0,313,313,144.44117647058823,7,0,1000000,3000,4
693724,693724,2774896,5367,179,716,808.0,0.0,808.0,898,898,564.3463687150838,18,0,1000000,3000,4
693760,693760,2775040,5368,36,144,240.0,0.0,240.0,304,304,155.58333333333334,7,0,1000000,3000,4
693955,693955,2775820,5369,195,780,1033.0,0.0,1033.0,1126,1126,586.3384615384615,23,0,1000000,3000,4
694121,694121,2776484,5370,166,664,774.0,0.0,774.0,863,863,516.0,18,0,1000000,3000,4
694229,694229,2776916,5371,108,432,602.0,0.0,602.0,681,681,387.93518518518516,14,0,1000000,3000,4
694446,694446,2777784,5372,217,868,1038.0,0.0,1038.0,1138,1138,578.2350230414746,23,0,1000000,3000,4
694820,694820,2779280,5373,374,1496,1532.0,0.0,1532.0,1664,1664,798.8475935828877,34,0,1000000,3000,4
694935,694935,2779740,5374,115,460,601.0,0.0,601.0,680,680,390.8695652173913,14,0,1000000,3000,4
695136,695136,2780544,5375,201,804,773.0,0.0,773.0,870,870,525.1592039800995,18,0,1000000,3000,4
695173,695173,2780692,5376,37,148,243.0,0.0,243.0,306,306,157.51351351351352,7,0,1000000,3000,4
695447,695447,2781788,5377,274,1096,1026.0,0.0,1026.0,1137,1137,627.6496350364963,23,0,1000000,3000,4
695867,695867,2783468,5378,420,1680,1374.0,0.0,1374.0,1514,1514,759.7428571428571,31,0,1000000,3000,4
695977,695977,2783908,5379,110,440,611.0,0.0,611.0,689,689,369.2090909090909,14,0,1000000,3000,4
696058,696058,2784232,5380,81,324,605.0,0.0,605.0,678,678,302.77777777777777,14,0,1000000,3000,4
696208,696208,2784832,5381,150,600,638.0,0.0,638.0,722,722,478.50666666666666,15,0,1000000,3000,4
696358,696358,2785432,5382,150,600,813.0,0.0,813.0,898,898,580.84,18,0,1000000,3000,4
696704,696704,2786816,5383,346,1384,1011.0,0.0,1011.0,1137,1137,703.5982658959538,23,0,1000000,3000,4
696870,696870,2787480,5384,166,664,810.0,0.0,810.0,898,898,571.1265060240963,18,0,1000000,3000,4
696971,696971,2787884,5385,101,404,620.0,0.0,620.0,697,697,348.1287128712871,14,0,1000000,3000,4
697261,697261,2789044,5386,290,1160,1013.0,0.0,1013.0,1126,1126,701.2655172413793,23,0,1000000,3000,4
697529,697529,2790116,5387,268,1072,1023.0,0.0,1023.0,1133,1133,669.294776119403,23,0,1000000,3000,4
697716,697716,2790864,5388,187,748,774.0,0.0,774.0,867,867,515.0588235294117,18,0,1000000,3000,4
697754,697754,2791016,5389,38,152,240.0,0.0,240.0,303,303,150.5,7,0,1000000,3000,4
697791,697791,2791164,5390,37,148,238.0,0.0,238.0,302,302,161.02702702702703,7,0,1000000,3000,4
697938,697938,2791752,5391,147,588,737.0,0.0,737.0,823,823,487.34013605442175,17,0,1000000,3000,4
698188,698188,2792752,5392,250,1000,1833.0,0.0,1833.0,1939,1939,983.284,39,0,1000000,3000,4
698222,698222,2792888,5393,34,136,247.0,0.0,247.0,311,311,149.85294117647058,7,0,1000000,3000,4
698264,698264,2793056,5394,42,168,231.0,0.0,231.0,295,295,165.64285714285714,6,0,1000000,3000,4
698305,698305,2793220,5395,41,164,231.0,0.0,231.0,296,296,161.4390243902439,6,0,1000000,3000,4
698454,698454,2793816,5396,149,596,1042.0,0.0,1042.0,1127,1127,569.0939597315436,23,0,1000000,3000,4
698502,698502,2794008,5397,48,192,214.0,0.0,214.0,280,280,166.1875,6,0,1000000,3000,4
698718,698718,2794872,5398,216,864,1029.0,0.0,1029.0,1128,1128,598.4583333333334,23,0,1000000,3000,4
698813,698813,2795252,5399,95,380,618.0,0.0,618.0,693,693,391.61052631578946,14,0,1000000,3000,4
698893,698893,2795572,5400,80,320,615.0,0.0,615.0,687,687,351.45,14,0,1000000,3000,4
698984,698984,2795936,5401,91,364,649.0,0.0,649.0,722,722,355.7692307692308,15,0,1000000,3000,4
699024,699024,2796096,5402,40,160,238.0,0.0,238.0,303,303,144.95,7,0,1000000,3000,4
699182,699182,2796728,5403,158,632,1050.0,0.0,1050.0,1138,1138,612.1012658227849,23,0,1000000,3000,4
699214,699214,2796856,5404,32,128,247.0,0.0,247.0,311,311,154.6875,7,0,1000000,3000,4
699257,699257,2797028,5405,43,172,236.0,0.0,236.0,302,302,142.11627906976744,7,0,1000000,3000,4
699360,699360,2797440,5406,103,412,615.0,0.0,615.0,692,692,392.0873786407767,14,0,1000000,3000,4
699521,699521,2798084,5407,161,644,748.0,0.0,748.0,838,838,496.0745341614907,17,0,1000000,3000,4
699655,699655,2798620,5408,134,536,775.0,0.0,775.0,858,858,531.1865671641791,18,0,1000000,3000,4
699695,699695,2798780,5409,40,160,238.0,0.0,238.0,303,303,155.875,7,0,1000000,3000,4
699726,699726,2798904,5410,31,124,244.0,0.0,244.0,307,307,161.3548387096774,7,0,1000000,3000,4
699975,699975,2799900,5411,249,996,1031.0,0.0,1031.0,1137,1137,661.4096385542168,23,0,1000000,3000,4
700048,700048,2800192,5412,73,292,616.0,0.0,616.0,688,688,334.4657534246575,14,0,1000000,3000,4
700132,700132,2800528,5413,84,336,651.0,0.0,651.0,722,722,377.95238095238096,15,0,1000000,3000,4
700418,700418,2801672,5414,286,1144,1022.0,0.0,1022.0,1136,1136,646.6538461538462,23,0,1000000,3000,4
700518,700518,2802072,5415,100,400,621.0,0.0,621.0,698,698,392.31,14,0,1000000,3000,4
700621,700621,2802484,5416,103,412,618.0,0.0,618.0,696,696,383.49514563106794,14,0,1000000,3000,4
700653,700653,2802612,5417,32,128,250.0,0.0,250.0,314,314,147.4375,7,0,1000000,3000,4
700852,700852,2803408,5418,199,796,1041.0,0.0,1041.0,1137,1137,588.8291457286432,23,0,1000000,3000,4
701025,701025,2804100,5419,173,692,809.0,0.0,809.0,898,899,555.2890173410404,18,0,1000000,3000,4
701125,701125,2804500,5420,100,400,596.0,0.0,596.0,672,672,401.46,14,0,1000000,3000,4
701157,701157,2804628,5421,32,128,242.0,0.0,242.0,305,305,165.9375,7,0,1000000,3000,4
701485,701485,2805940,5422,328,1312,1308.0,0.0,1308.0,1429,1429,744.969512195122,29,0,1000000,3000,4
701577,701577,2806308,5423,92,368,624.0,0.0,624.0,699,699,341.05434782608694,14,0,1000000,3000,4
701615,701615,2806460,5424,38,152,240.0,0.0,240.0,304,304,157.42105263157896,7,0,1000000,3000,4
701907,701907,2807628,5425,292,1168,1013.0,0.0,1013.0,1127,1127,662.917808219178,23,0,1000000,3000,4
701942,701942,2807768,5426,35,140,249.0,0.0,249.0,313,313,147.82857142857142,7,0,1000000,3000,4
702052,702052,2808208,5427,110,440,619.0,0.0,619.0,696,696,351.1090909090909,14,0,1000000,3000,4
702309,702309,2809236,5428,257,1028,1017.0,0.0,1017.0,1123,1123,723.8015564202335,23,0,1000000,3000,4
702353,702353,2809412,5429,44,176,231.0,0.0,231.0,295,295,153.5909090909091,6,0,1000000,3000,4
702480,702480,2809920,5430,127,508,1044.0,0.0,1044.0,1124,1124,577.1496062992126,23,0,1000000,3000,4
702568,702568,2810272,5431,88,352,633.0,0.0,633.0,708,708,381.2386363636364,15,0,1000000,3000,4
702612,702612,2810448,5432,44,176,230.0,0.0,230.0,295,295,147.63636363636363,6,0,1000000,3000,4
702655,702655,2810620,5433,43,172,230.0,0.0,230.0,295,295,159.48837209302326,6,0,1000000,3000,4
702694,702694,2810776,5434,39,156,243.0,0.0,243.0,307,307,151.97435897435898,7,0,1000000,3000,4
702726,702726,2810904,5435,32,128,251.0,0.0,251.0,315,315,154.0,7,0,1000000,3000,4
702872,702872,2811488,5436,146,584,763.0,0.0,763.0,849,849,506.40410958904107,17,0,1000000,3000,4
703160,703160,2812640,5437,288,1152,1406.0,0.0,1406.0,1521,1521,718.6006944444445,31,0,1000000,3000,4
703476,703476,2813904,5438,316,1264,1406.0,0.0,1406.0,1527,1527,748.9905063291139,31,0,1000000,3000,4
703524,703524,2814096,5439,48,192,219.0,0.0,219.0,284,284,162.85416666666666,6,0,1000000,3000,4
703558,703558,2814232,5440,34,136,246.0,0.0,246.0,310,310,149.41176470588235,7,0,1000000,3000,4
703667,703667,2814668,5441,109,436,627.0,0.0,627.0,705,705,335.77064220183485,15,0,1000000,3000,4
703851,703851,2815404,5442,184,736,1317.0,0.0,1317.0,1410,1410,697.8586956521739,29,0,1000000,3000,4
704161,704161,2816644,5443,310,1240,1670.0,0.0,1670.0,1789,1789,832.4967741935484,36,0,1000000,3000,4
704196,704196,2816784,5444,35,140,240.0,0.0,240.0,304,304,164.4,7,0,1000000,3000,4
704353,704353,2817412,5445,157,628,728.0,0.0,728.0,817,817,498.3248407643312,17,0,1000000,3000,4
704489,704489,2817956,5446,136,544,754.0,0.0,754.0,837,837,510.2647058823529,17,0,1000000,3000,4
704620,704620,2818480,5447,131,524,817.0,0.0,817.0,898,900,580.2824427480916,19,0,1000000,3000,4
704664,704664,2818656,5448,44,176,227.0,0.0,227.0,292,292,161.0681818181818,6,0,1000000,3000,4
704829,704829,2819316,5449,165,660,635.0,0.0,635.0,722,722,492.1030303030303,15,0,1000000,3000,4
704999,704999,2819996,5450,170,680,1039.0,0.0,1039.0,1127,1127,672.864705882353,23,0,1000000,3000,4
705235,705235,2820940,5451,236,944,1026.0,0.0,1026.0,1129,1129,632.2415254237288,23,0,1000000,3000,4
705267,705267,2821068,5452,32,128,244.0,0.0,244.0,307,307,158.875,7,0,1000000,3000,4
705479,705479,2821916,5453,212,848,1051.0,0.0,1051.0,1151,1151,690.4481132075472,24,0,1000000,3000,4
705558,705558,2822232,5454,79,316,639.0,0.0,639.0,712,712,391.11392405063293,15,0,1000000,3000,4
705592,705592,2822368,5455,34,136,249.0,0.0,249.0,313,313,149.58823529411765,7,0,1000000,3000,4
705672,705672,2822688,5456,80,320,631.0,0.0,631.0,704,704,378.0625,15,0,1000000,3000,4
705768,705768,2823072,5457,96,384,604.0,0.0,604.0,681,681,412.0104166666667,14,0,1000000,3000,4
705907,705907,2823628,5458,139,556,1043.0,0.0,1043.0,1126,1126,581.0791366906475,23,0,1000000,3000,4
705994,705994,2823976,5459,87,348,616.0,0.0,616.0,690,690,347.04597701149424,14,0,1000000,3000,4
706026,706026,2824104,5460,32,128,250.0,0.0,250.0,314,314,154.9375,7,0,1000000,3000,4
706267,706267,2825068,5461,241,964,1306.0,0.0,1306.0,1410,1410,719.1535269709543,29,0,1000000,3000,4
706302,706302,2825208,5462,35,140,237.0,0.0,237.0,300,300,166.6,7,0,1000000,3000,4
706473,706473,2825892,5463,171,684,763.0,0.0,763.0,854,854,520.6608187134503,18,0,1000000,3000,4
706625,706625,2826500,5464,152,608,1345.0,0.0,1345.0,1433,1433,680.3157894736842,29,0,1000000,3000,4
706656,706656,2826624,5465,31,124,247.0,0.0,247.0,311,311,147.3548387096774,7,0,1000000,3000,4
706888,706888,2827552,5466,232,928,1131.0,0.0,1131.0,1234,1234,626.4396551724138,25,0,1000000,3000,4
707032,707032,2828128,5467,144,576,1045.0,0.0,1045.0,1129,1129,663.2916666666666,23,0,1000000,3000,4
707118,707118,2828472,5468,86,344,606.0,0.0,606.0,680,680,412.2325581395349,14,0,1000000,3000,4
707307,707307,2829228,5469,189,756,1323.0,0.0,1323.0,1416,1416,751.4232804232804,29,0,1000000,3000,4
707340,707340,2829360,5470,33,132,251.0,0.0,251.0,315,315,152.6969696969697,7,0,1000000,3000,4
707369,707369,2829476,5471,29,116,248.0,0.0,248.0,311,311,156.0,7,0,1000000,3000,4
707510,707510,2830040,5472,141,564,1044.0,0.0,1044.0,1128,1128,645.5390070921986,23,0,1000000,3000,4
707596,707596,2830384,5473,86,344,633.0,0.0,633.0,707,707,391.16279069767444,15,0,1000000,3000,4
707627,707627,2830508,5474,31,124,241.0,0.0,241.0,304,304,162.8709677419355,7,0,1000000,3000,4
707765,707765,2831060,5475,138,552,1044.0,0.0,1044.0,1127,1127,589.0869565217391,23,0,1000000,3000,4
707938,707938,2831752,5476,173,692,1313.0,0.0,1313.0,1404,1404,682.8439306358382,29,0,1000000,3000,4
708014,708014,2832056,5477,76,304,623.0,0.0,623.0,695,695,370.60526315789474,14,0,1000000,3000,4
708110,708110,2832440,5478,96,384,618.0,0.0,618.0,693,693,392.6770833333333,14,0,1000000,3000,4
708247,708247,2832988,5479,137,548,1350.0,0.0,1350.0,1435,1435,713.4014598540145,29,0,1000000,3000,4
708412,708412,2833648,5480,165,660,1041.0,0.0,1041.0,1129,1129,570.9454545454546,23,0,1000000,3000,4
708447,708447,2833788,5481,35,140,239.0,0.0,239.0,303,303,165.74285714285713,7,0,1000000,3000,4
708594,708594,2834376,5482,147,588,1044.0,0.0,1044.0,1129,1129,614.421768707483,23,0,1000000,3000,4
708631,708631,2834524,5483,37,148,235.0,0.0,235.0,299,299,168.05405405405406,6,0,1000000,3000,4
708662,708662,2834648,5484,31,124,249.0,0.0,249.0,312,312,148.4516129032258,7,0,1000000,3000,4
708696,708696,2834784,5485,34,136,236.0,0.0,236.0,299,299,169.38235294117646,6,0,1000000,3000,4
708855,708855,2835420,5486,159,636,1346.0,0.0,1346.0,1435,1435,738.3899371069182,29,0,1000000,3000,4
708918,708918,2835672,5487,63,252,609.0,0.0,609.0,679,679,321.6984126984127,14,0,1000000,3000,4
709082,709082,2836328,5488,164,656,1039.0,0.0,1039.0,1127,1127,625.9024390243902,23,0,1000000,3000,4
709142,709142,2836568,5489,60,240,609.0,0.0,609.0,679,679,334.05,14,0,1000000,3000,4
709355,709355,2837420,5490,213,852,1424.0,0.0,1424.0,1523,1523,727.8591549295775,31,0,1000000,3000,4
709517,709517,2838068,5491,162,648,811.0,0.0,811.0,898,898,538.8456790123457,18,0,1000000,3000,4
709548,709548,2838192,5492,31,124,246.0,0.0,246.0,310,310,152.61290322580646,7,0,1000000,3000,4
709635,709635,2838540,5493,87,348,634.0,0.0,634.0,709,709,381.01149425287355,15,0,1000000,3000,4
709741,709741,2838964,5494,106,424,616.0,0.0,616.0,695,695,394.0566037735849,14,0,1000000,3000,4
709910,709910,2839640,5495,169,676,1037.0,0.0,1037.0,1125,1125,607.5029585798817,23,0,1000000,3000,4
709945,709945,2839780,5496,35,140,240.0,0.0,240.0,305,305,156.17142857142858,7,0,1000000,3000,4
709981,709981,2839924,5497,36,144,239.0,0.0,239.0,303,303,155.58333333333334,7,0,1000000,3000,4
710014,710014,2840056,5498,33,132,248.0,0.0,248.0,312,312,146.24242424242425,7,0,1000000,3000,4
710093,710093,2840372,5499,79,316,652.0,0.0,652.0,722,722,391.53164556962025,15,0,1000000,3000,4
710183,710183,2840732,5500,90,360,610.0,0.0,610.0,686,686,333.3888888888889,14,0,1000000,3000,4
710213,710213,2840852,5501,30,120,246.0,0.0,246.0,310,310,150.5,7,0,1000000,3000,4
710250,710250,2841000,5502,37,148,232.0,0.0,232.0,297,297,170.40540540540542,6,0,1000000,3000,4
710282,710282,2841128,5503,32,128,250.0,0.0,250.0,314,314,150.3125,7,0,1000000,3000,4
710490,710490,2841960,5504,208,832,1029.0,0.0,1029.0,1126,1126,688.2788461538462,23,0,1000000,3000,4
710731,710731,2842924,5505,241,964,1024.0,0.0,1024.0,1127,1127,643.0829875518672,23,0,1000000,3000,4
710763,710763,2843052,5506,32,128,239.0,0.0,239.0,303,303,162.96875,7,0,1000000,3000,4
710858,710858,2843432,5507,95,380,609.0,0.0,609.0,683,683,394.7157894736842,14,0,1000000,3000,4
710899,710899,2843596,5508,41,164,232.0,0.0,232.0,297,297,161.1951219512195,6,0,1000000,3000,4
710929,710929,2843716,5509,30,120,249.0,0.0,249.0,313,313,156.2,7,0,1000000,3000,4
710958,710958,2843832,5510,29,116,247.0,0.0,247.0,310,310,156.3448275862069,7,0,1000000,3000,4
710992,710992,2843968,5511,34,136,246.0,0.0,246.0,309,309,154.02941176470588,7,0,1000000,3000,4
711026,711026,2844104,5512,34,136,234.0,0.0,234.0,297,297,172.7058823529412,6,0,1000000,3000,4
711119,711119,2844476,5513,93,372,621.0,0.0,621.0,697,697,336.64516129032256,14,0,1000000,3000,4
711268,711268,2845072,5514,149,596,734.0,0.0,734.0,820,820,483.28859060402687,17,0,1000000,3000,4
711479,711479,2845916,5515,211,844,1028.0,0.0,1028.0,1125,1125,569.9857819905213,23,0,1000000,3000,4
711700,711700,2846800,5516,221,884,1548.0,0.0,1548.0,1648,1648,831.2171945701358,33,0,1000000,3000,4
711749,711749,2846996,5517,49,196,213.0,0.0,213.0,279,279,155.42857142857142,6,0,1000000,3000,4
711997,711997,2847988,5518,248,992,1411.0,0.0,1411.0,1517,1517,735.733870967742,31,0,1000000,3000,4
712035,712035,2848140,5519,38,152,238.0,0.0,238.0,303,303,147.10526315789474,7,0,1000000,3000,4
712067,712067,2848268,5520,32,128,251.0,0.0,251.0,315,315,150.28125,7,0,1000000,3000,4
712100,712100,2848400,5521,33,132,242.0,0.0,242.0,305,305,158.63636363636363,7,0,1000000,3000,4
712218,712218,2848872,5522,118,472,602.0,0.0,602.0,682,682,385.0593220338983,14,0,1000000,3000,4
712257,712257,2849028,5523,39,156,236.0,0.0,236.0,300,300,163.87179487179486,7,0,1000000,3000,4
712356,712356,2849424,5524,99,396,635.0,0.0,635.0,711,711,391.19191919191917,15,0,1000000,3000,4
712501,712501,2850004,5525,145,580,784.0,0.0,784.0,869,869,553.7724137931034,18,0,1000000,3000,4
712781,712781,2851124,5526,280,1120,788.0,0.0,788.0,898,899,647.1,18,0,1000000,3000,4
712943,712943,2851772,5527,162,648,635.0,0.0,635.0,722,722,469.45061728395063,15,0,1000000,3000,4
713194,713194,2852776,5528,251,1004,793.0,0.0,793.0,898,898,674.792828685259,18,0,1000000,3000,4
713240,713240,2852960,5529,46,184,209.0,0.0,209.0,274,274,175.04347826086956,6,0,1000000,3000,4
713367,713367,2853468,5530,127,508,730.0,0.0,730.0,811,811,460.8031496062992,17,0,1000000,3000,4
713544,713544,2854176,5531,177,708,726.0,0.0,726.0,818,818,547.3728813559322,17,0,1000000,3000,4
713587,713587,2854348,5532,43,172,232.0,0.0,232.0,297,297,152.06976744186048,6,0,1000000,3000,4
713875,713875,2855500,5533,288,1152,1554.0,0.0,1554.0,1669,1669,769.71875,34,0,1000000,3000,4
713969,713969,2855876,5534,94,376,616.0,0.0,616.0,691,691,404.1276595744681,14,0,1000000,3000,4
714135,714135,2856540,5535,166,664,744.0,0.0,744.0,835,835,501.855421686747,17,0,1000000,3000,4
714406,714406,2857624,5536,271,1084,1291.0,0.0,1291.0,1402,1402,716.8892988929889,29,0,1000000,3000,4
714683,714683,2858732,5537,277,1108,1557.0,0.0,1557.0,1670,1670,797.0433212996389,34,0,1000000,3000,4
714931,714931,2859724,5538,248,992,1130.0,0.0,1130.0,1237,1237,660.6572580645161,25,0,1000000,3000,4
715017,715017,2860068,5539,86,344,638.0,0.0,638.0,713,713,358.16279069767444,15,0,1000000,3000,4
715058,715058,2860232,5540,41,164,234.0,0.0,234.0,299,299,152.6829268292683,6,0,1000000,3000,4
715152,715152,2860608,5541,94,376,612.0,0.0,612.0,688,688,374.5425531914894,14,0,1000000,3000,4
715189,715189,2860756,5542,37,148,233.0,0.0,233.0,297,297,168.67567567567568,6,0,1000000,3000,4
715296,715296,2861184,5543,107,428,619.0,0.0,619.0,697,697,395.4299065420561,14,0,1000000,3000,4
715329,715329,2861316,5544,33,132,246.0,0.0,246.0,310,310,150.0,7,0,1000000,3000,4
715600,715600,2862400,5545,271,1084,1682.0,0.0,1682.0,1793,1793,830.2287822878229,36,0,1000000,3000,4
715630,715630,2862520,5546,30,120,248.0,0.0,248.0,311,311,153.2,7,0,1000000,3000,4
715663,715663,2862652,5547,33,132,250.0,0.0,250.0,314,314,153.84848484848484,7,0,1000000,3000,4
715791,715791,2863164,5548,128,512,1048.0,0.0,1048.0,1129,1129,623.2421875,23,0,1000000,3000,4
715822,715822,2863288,5549,31,124,246.0,0.0,246.0,310,310,151.09677419354838,7,0,1000000,3000,4
715977,715977,2863908,5550,155,620,733.0,0.0,733.0,821,821,500.6322580645161,17,0,1000000,3000,4
716056,716056,2864224,5551,79,316,634.0,0.0,634.0,706,706,379.67088607594934,15,0,1000000,3000,4
716127,716127,2864508,5552,71,284,601.0,0.0,601.0,673,673,317.6056338028169,14,0,1000000,3000,4
716157,716157,2864628,5553,30,120,252.0,0.0,252.0,315,315,156.43333333333334,7,0,1000000,3000,4
716187,716187,2864748,5554,30,120,248.0,0.0,248.0,311,311,157.16666666666666,7,0,1000000,3000,4
716265,716265,2865060,5555,78,312,602.0,0.0,602.0,675,675,344.94871794871796,14,0,1000000,3000,4
716395,716395,2865580,5556,130,520,1046.0,0.0,1046.0,1128,1128,576.8538461538461,23,0,1000000,3000,4
716425,716425,2865700,5557,30,120,252.0,0.0,252.0,315,315,157.73333333333332,7,0,1000000,3000,4
716454,716454,2865816,5558,29,116,251.0,0.0,251.0,314,314,154.31034482758622,7,0,1000000,3000,4
716494,716494,2865976,5559,40,160,242.0,0.0,242.0,307,307,144.1,7,0,1000000,3000,4
716642,716642,2866568,5560,148,592,748.0,0.0,748.0,835,835,530.3040540540541,17,0,1000000,3000,4
716684,716684,2866736,5561,42,168,236.0,0.0,236.0,302,302,149.07142857142858,7,0,1000000,3000,4
716794,716794,2867176,5562,110,440,1070.0,0.0,1070.0,1149,1149,544.2545454545455,23,0,1000000,3000,4
716994,716994,2867976,5563,200,800,1315.0,0.0,1315.0,1410,1410,751.205,29,0,1000000,3000,4
717108,717108,2868432,5564,114,456,617.0,0.0,617.0,697,697,374.0,14,0,1000000,3000,4
717141,717141,2868564,5565,33,132,240.0,0.0,240.0,303,303,162.57575757575756,7,0,1000000,3000,4
717230,717230,2868920,5566,89,356,633.0,0.0,633.0,707,707,356.91011235955057,15,0,1000000,3000,4
717476,717476,2869904,5567,246,984,1320.0,0.0,1320.0,1427,1427,750.3089430894308,29,0,1000000,3000,4
717825,717825,2871300,5568,349,1396,1388.0,0.0,1388.0,1514,1514,758.3553008595989,31,0,1000000,3000,4
718077,718077,2872308,5569,252,1008,1022.0,0.0,1022.0,1127,1127,672.0952380952381,23,0,1000000,3000,4
718234,718234,2872936,5570,157,628,636.0,0.0,636.0,722,722,495.90445859872614,15,0,1000000,3000,4
718507,718507,2874028,5571,273,1092,1017.0,0.0,1017.0,1127,1127,627.3333333333334,23,0,1000000,3000,4
718623,718623,2874492,5572,116,464,611.0,0.0,611.0,691,691,364.0948275862069,14,0,1000000,3000,4
718952,718952,2875808,5573,329,1316,778.0,0.0,778.0,898,898,607.4255319148937,18,0,1000000,3000,4
719057,719057,2876228,5574,105,420,630.0,0.0,630.0,708,708,341.2857142857143,15,0,1000000,3000,4
719118,719118,2876472,5575,61,244,194.0,0.0,194.0,262,262,160.19672131147541,6,0,1000000,3000,4
719389,719389,2877556,5576,271,1084,1016.0,0.0,1016.0,1126,1126,645.8819188191882,23,0,1000000,3000,4
719734,719734,2878936,5577,345,1380,675.0,0.0,675.0,801,801,592.2840579710145,17,0,1000000,3000,4
719901,719901,2879604,5578,167,668,774.0,0.0,774.0,863,863,498.2934131736527,18,0,1000000,3000,4
719957,719957,2879828,5579,56,224,210.0,0.0,210.0,277,277,150.55357142857142,6,0,1000000,3000,4
720433,720433,2881732,5580,476,1904,680.0,0.0,680.0,833,833,636.5294117647059,17,0,1000000,3000,4
720539,720539,2882156,5581,106,424,628.0,0.0,628.0,706,706,366.70754716981133,15,0,1000000,3000,4
720723,720723,2882892,5582,184,736,719.0,0.0,719.0,813,813,557.5597826086956,17,0,1000000,3000,4
720760,720760,2883040,5583,37,148,239.0,0.0,239.0,304,304,148.2972972972973,7,0,1000000,3000,4
720983,720983,2883932,5584,223,892,799.0,0.0,799.0,898,900,534.5784753363229,19,0,1000000,3000,4
721260,721260,2885040,5585,277,1108,1297.0,0.0,1297.0,1408,1408,719.5234657039712,29,0,1000000,3000,4
721474,721474,2885896,5586,214,856,1026.0,0.0,1026.0,1124,1124,580.803738317757,23,0,1000000,3000,4
721554,721554,2886216,5587,80,320,626.0,0.0,626.0,699,699,330.6375,14,0,1000000,3000,4
721729,721729,2886916,5588,175,700,735.0,0.0,735.0,827,827,468.0,17,0,1000000,3000,4
721902,721902,2887608,5589,173,692,1045.0,0.0,1045.0,1136,1136,591.8150289017341,23,0,1000000,3000,4
722004,722004,2888016,5590,102,408,647.0,0.0,647.0,722,723,363.2647058823529,15,0,1000000,3000,4
722040,722040,2888160,5591,36,144,243.0,0.0,243.0,307,307,152.19444444444446,7,0,1000000,3000,4
722258,722258,2889032,5592,218,872,800.0,0.0,800.0,898,898,578.4357798165138,18,0,1000000,3000,4
722302,722302,2889208,5593,44,176,225.0,0.0,225.0,290,290,152.77272727272728,6,0,1000000,3000,4
722536,722536,2890144,5594,234,936,1312.0,0.0,1312.0,1414,1414,665.6794871794872,29,0,1000000,3000,4
722804,722804,2891216,5595,268,1072,790.0,0.0,790.0,898,898,702.1305970149253,18,0,1000000,3000,4
723120,723120,2892480,5596,316,1264,749.0,0.0,749.0,870,870,589.0474683544304,18,0,1000000,3000,4
723161,723161,2892644,5597,41,164,224.0,0.0,224.0,289,289,162.3170731707317,6,0,1000000,3000,4
723465,723465,2893860,5598,304,1216,1013.0,0.0,1013.0,1129,1129,637.3256578947369,23,0,1000000,3000,4
723714,723714,2894856,5599,249,996,794.0,0.0,794.0,898,899,661.3012048192771,18,0,1000000,3000,4
723795,723795,2895180,5600,81,324,605.0,0.0,605.0,677,677,300.5925925925926,14,0,1000000,3000,4
723830,723830,2895320,5601,35,140,247.0,0.0,247.0,311,311,152.6,7,0,1000000,3000,4
723865,723865,2895460,5602,35,140,242.0,0.0,242.0,305,305,163.34285714285716,7,0,1000000,3000,4
724205,724205,2896820,5603,340,1360,1292.0,0.0,1292.0,1415,1415,757.5970588235294,29,0,1000000,3000,4
724237,724237,2896948,5604,32,128,242.0,0.0,242.0,305,305,169.3125,7,0,1000000,3000,4
724272,724272,2897088,5605,35,140,248.0,0.0,248.0,311,311,145.2,7,0,1000000,3000,4
724312,724312,2897248,5606,40,160,235.0,0.0,235.0,300,300,149.525,7,0,1000000,3000,4
724515,724515,2898060,5607,203,812,1337.0,0.0,1337.0,1435,1435,678.2167487684729,29,0,1000000,3000,4
724752,724752,2899008,5608,237,948,1023.0,0.0,1023.0,1126,1126,666.2869198312236,23,0,1000000,3000,4
724800,724800,2899200,5609,48,192,215.0,0.0,215.0,281,281,166.79166666666666,6,0,1000000,3000,4
724908,724908,2899632,5610,108,432,630.0,0.0,630.0,707,707,355.06481481481484,15,0,1000000,3000,4
724945,724945,2899780,5611,37,148,239.0,0.0,239.0,303,303,157.7027027027027,7,0,1000000,3000,4
725479,725479,2901916,5612,534,2136,966.0,0.0,966.0,1128,1128,776.2977528089888,23,0,1000000,3000,4
725655,725655,2902620,5613,176,704,1035.0,0.0,1035.0,1126,1126,575.9261363636364,23,0,1000000,3000,4
725888,725888,2903552,5614,233,932,1321.0,0.0,1321.0,1423,1423,759.6523605150214,29,0,1000000,3000,4
726073,726073,2904292,5615,185,740,572.0,0.0,572.0,664,664,408.12432432432433,14,0,1000000,3000,4
726296,726296,2905184,5616,223,892,1038.0,0.0,1038.0,1139,1139,609.7533632286995,23,0,1000000,3000,4
726350,726350,2905400,5617,54,216,196.0,0.0,196.0,263,263,173.77777777777777,6,0,1000000,3000,4
726539,726539,2906156,5618,189,756,720.0,0.0,720.0,814,814,462.6296296296296,17,0,1000000,3000,4
726705,726705,2906820,5619,166,664,634.0,0.0,634.0,722,723,489.46385542168673,15,0,1000000,3000,4
726741,726741,2906964,5620,36,144,229.0,0.0,229.0,293,293,166.66666666666666,6,0,1000000,3000,4
726920,726920,2907680,5621,179,716,728.0,0.0,728.0,820,820,502.8212290502793,17,0,1000000,3000,4
727513,727513,2910052,5622,593,2372,953.0,0.0,953.0,1127,1127,814.6711635750422,23,0,1000000,3000,4
727729,727729,2910916,5623,216,864,786.0,0.0,786.0,886,886,519.8796296296297,18,0,1000000,3000,4
727774,727774,2911096,5624,45,180,226.0,0.0,226.0,291,291,158.4,6,0,1000000,3000,4
727813,727813,2911252,5625,39,156,235.0,0.0,235.0,300,300,156.94871794871796,7,0,1000000,3000,4
727862,727862,2911448,5626,49,196,215.0,0.0,215.0,281,281,167.89795918367346,6,0,1000000,3000,4
727896,727896,2911584,5627,34,136,239.0,0.0,239.0,302,302,165.85294117647058,7,0,1000000,3000,4
728176,728176,2912704,5628,280,1120,1314.0,0.0,1314.0,1426,1426,728.7,29,0,1000000,3000,4
728285,728285,2913140,5629,109,436,603.0,0.0,603.0,681,681,401.8715596330275,14,0,1000000,3000,4
728498,728498,2913992,5630,213,852,1322.0,0.0,1322.0,1422,1422,684.6854460093897,29,0,1000000,3000,4
728760,728760,2915040,5631,262,1048,1321.0,0.0,1321.0,1431,1431,728.6641221374045,29,0,1000000,3000,4
728893,728893,2915572,5632,133,532,598.0,0.0,598.0,681,681,373.54135338345867,14,0,1000000,3000,4
728938,728938,2915752,5633,45,180,225.0,0.0,225.0,291,291,158.48888888888888,6,0,1000000,3000,4
729097,729097,2916388,5634,159,636,741.0,0.0,741.0,829,829,482.314465408805,17,0,1000000,3000,4
729140,729140,2916560,5635,43,172,233.0,0.0,233.0,299,299,151.69767441860466,6,0,1000000,3000,4
729184,729184,2916736,5636,44,176,223.0,0.0,223.0,287,287,162.3181818181818,6,0,1000000,3000,4
730139,730139,2920556,5637,955,3820,991.0,0.0,991.0,1238,1238,830.3486910994765,25,0,1000000,3000,4
730668,730668,2922672,5638,529,2116,963.0,0.0,963.0,1123,1123,706.710775047259,23,0,1000000,3000,4
730711,730711,2922844,5639,43,172,226.0,0.0,226.0,290,290,157.5581395348837,6,0,1000000,3000,4
730950,730950,2923800,5640,239,956,570.0,0.0,570.0,674,674,498.0334728033473,14,0,1000000,3000,4
730996,730996,2923984,5641,46,184,216.0,0.0,216.0,281,281,169.56521739130434,6,0,1000000,3000,4
731067,731067,2924268,5642,71,284,604.0,0.0,604.0,676,676,306.77464788732397,14,0,1000000,3000,4
731236,731236,2924944,5643,169,676,634.0,0.0,634.0,722,722,430.4378698224852,15,0,1000000,3000,4
731395,731395,2925580,5644,159,636,636.0,0.0,636.0,722,722,455.60377358490564,15,0,1000000,3000,4
731703,731703,2926812,5645,308,1232,1290.0,0.0,1290.0,1408,1408,706.0194805194806,29,0,1000000,3000,4
732199,732199,2928796,5646,496,1984,744.0,0.0,744.0,898,899,662.9717741935484,18,0,1000000,3000,4
732237,732237,2928948,5647,38,152,243.0,0.0,243.0,308,308,150.1315789473684,7,0,1000000,3000,4
732513,732513,2930052,5648,276,1104,1026.0,0.0,1026.0,1138,1138,598.3659420289855,23,0,1000000,3000,4
732551,732551,2930204,5649,38,152,236.0,0.0,236.0,300,300,158.71052631578948,7,0,1000000,3000,4
732595,732595,2930380,5650,44,176,230.0,0.0,230.0,295,295,152.25,6,0,1000000,3000,4
732639,732639,2930556,5651,44,176,234.0,0.0,234.0,299,299,148.70454545454547,6,0,1000000,3000,4
733003,733003,2932012,5652,364,1456,1527.0,0.0,1527.0,1656,1656,820.5357142857143,34,0,1000000,3000,4
733108,733108,2932432,5653,105,420,590.0,0.0,590.0,667,667,390.2190476190476,14,0,1000000,3000,4
733149,733149,2932596,5654,41,164,240.0,0.0,240.0,305,305,147.0731707317073,7,0,1000000,3000,4
733193,733193,2932772,5655,44,176,233.0,0.0,233.0,297,297,146.61363636363637,6,0,1000000,3000,4
733295,733295,2933180,5656,102,408,624.0,0.0,624.0,701,701,351.3921568627451,15,0,1000000,3000,4
733662,733662,2934648,5657,367,1468,1656.0,0.0,1656.0,1784,1784,879.4468664850136,36,0,1000000,3000,4
733806,733806,2935224,5658,144,576,720.0,0.0,720.0,805,805,485.6388888888889,17,0,1000000,3000,4
734102,734102,2936408,5659,296,1184,1286.0,0.0,1286.0,1402,1402,737.1418918918919,29,0,1000000,3000,4
734368,734368,2937472,5660,266,1064,1017.0,0.0,1017.0,1126,1126,640.218045112782,23,0,1000000,3000,4
734411,734411,2937644,5661,43,172,231.0,0.0,231.0,295,295,156.11627906976744,6,0,1000000,3000,4
734596,734596,2938384,5662,185,740,1043.0,0.0,1043.0,1136,1136,543.8864864864864,23,0,1000000,3000,4
734751,734751,2939004,5663,155,620,812.0,0.0,812.0,898,898,505.7548387096774,18,0,1000000,3000,4
735048,735048,2940192,5664,297,1188,1310.0,0.0,1310.0,1426,1426,708.7070707070707,29,0,1000000,3000,4
735087,735087,2940348,5665,39,156,234.0,0.0,234.0,298,298,163.53846153846155,6,0,1000000,3000,4
735223,735223,2940892,5666,136,544,710.0,0.0,710.0,794,794,464.43382352941177,16,0,1000000,3000,4
735432,735432,2941728,5667,209,836,744.0,0.0,744.0,842,842,526.3971291866029,17,0,1000000,3000,4
735475,735475,2941900,5668,43,172,230.0,0.0,230.0,295,295,163.62790697674419,6,0,1000000,3000,4
735510,735510,2942040,5669,35,140,245.0,0.0,245.0,308,308,162.11428571428573,7,0,1000000,3000,4
735583,735583,2942332,5670,73,292,604.0,0.0,604.0,676,676,318.972602739726,14,0,1000000,3000,4
735705,735705,2942820,5671,122,488,608.0,0.0,608.0,689,689,381.05737704918033,14,0,1000000,3000,4
735884,735884,2943536,5672,179,716,1321.0,0.0,1321.0,1412,1412,694.1284916201117,29,0,1000000,3000,4
735972,735972,2943888,5673,88,352,633.0,0.0,633.0,707,707,364.07954545454544,15,0,1000000,3000,4
736112,736112,2944448,5674,140,560,771.0,0.0,771.0,856,856,527.1,18,0,1000000,3000,4
736218,736218,2944872,5675,106,424,616.0,0.0,616.0,694,694,321.47169811320754,14,0,1000000,3000,4
736470,736470,2945880,5676,252,1008,1308.0,0.0,1308.0,1414,1414,734.4484126984127,29,0,1000000,3000,4
736570,736570,2946280,5677,100,400,621.0,0.0,621.0,697,697,375.06,14,0,1000000,3000,4
736615,736615,2946460,5678,45,180,224.0,0.0,224.0,289,289,159.88888888888889,6,0,1000000,3000,4
736749,736749,2946996,5679,134,536,623.0,0.0,623.0,706,706,348.4850746268657,15,0,1000000,3000,4
736872,736872,2947488,5680,123,492,613.0,0.0,613.0,694,694,364.0975609756098,14,0,1000000,3000,4
737053,737053,2948212,5681,181,724,765.0,0.0,765.0,858,858,505.0,18,0,1000000,3000,4
737239,737239,2948956,5682,186,744,1036.0,0.0,1036.0,1129,1129,611.3709677419355,23,0,1000000,3000,4
737379,737379,2949516,5683,140,560,784.0,0.0,784.0,869,869,540.6142857142858,18,0,1000000,3000,4
737611,737611,2950444,5684,232,928,797.0,0.0,797.0,898,898,574.4741379310345,18,0,1000000,3000,4
737692,737692,2950768,5685,81,324,606.0,0.0,606.0,679,679,325.55555555555554,14,0,1000000,3000,4
737860,737860,2951440,5686,168,672,712.0,0.0,712.0,802,802,503.375,17,0,1000000,3000,4
738106,738106,2952424,5687,246,984,1027.0,0.0,1027.0,1133,1133,647.3414634146342,23,0,1000000,3000,4
738326,738326,2953304,5688,220,880,1030.0,0.0,1030.0,1129,1129,651.9545454545455,23,0,1000000,3000,4
738832,738832,2955328,5689,506,2024,3020.0,0.0,3020.0,3161,3161,1633.592885375494,64,0,1000000,3000,4
739010,739010,2956040,5690,178,712,1144.0,0.0,1144.0,1236,1236,582.8370786516854,25,0,1000000,3000,4
739280,739280,2957120,5691,270,1080,1401.0,0.0,1401.0,1512,1512,796.1074074074074,31,0,1000000,3000,4
739412,739412,2957648,5692,132,528,737.0,0.0,737.0,821,821,486.00757575757575,17,0,1000000,3000,4
739647,739647,2958588,5693,235,940,1419.0,0.0,1419.0,1523,1523,733.2765957446809,31,0,1000000,3000,4
739679,739679,2958716,5694,32,128,246.0,0.0,246.0,310,310,150.9375,7,0,1000000,3000,4
739783,739783,2959132,5695,104,416,625.0,0.0,625.0,703,703,351.59615384615387,15,0,1000000,3000,4
739868,739868,2959472,5696,85,340,623.0,0.0,623.0,698,698,319.5529411764706,14,0,1000000,3000,4
740065,740065,2960260,5697,197,788,1415.0,0.0,1415.0,1511,1511,755.1218274111675,31,0,1000000,3000,4
740302,740302,2961208,5698,237,948,1017.0,0.0,1017.0,1119,1123,676.1012658227849,23,0,1000000,3000,4
740476,740476,2961904,5699,174,696,1348.0,0.0,1348.0,1440,1440,711.2183908045977,29,0,1000000,3000,4
740580,740580,2962320,5700,104,416,620.0,0.0,620.0,697,697,362.83653846153845,14,0,1000000,3000,4
740745,740745,2962980,5701,165,660,810.0,0.0,810.0,898,898,556.1090909090909,18,0,1000000,3000,4
740893,740893,2963572,5702,148,592,720.0,0.0,720.0,806,806,504.5337837837838,17,0,1000000,3000,4
740930,740930,2963720,5703,37,148,239.0,0.0,239.0,303,303,159.67567567567568,7,0,1000000,3000,4
741033,741033,2964132,5704,103,412,611.0,0.0,611.0,688,688,373.9805825242718,14,0,1000000,3000,4
741063,741063,2964252,5705,30,120,243.0,0.0,243.0,307,307,162.13333333333333,7,0,1000000,3000,4
741131,741131,2964524,5706,68,272,608.0,0.0,608.0,679,679,314.7647058823529,14,0,1000000,3000,4
741388,741388,2965552,5707,257,1028,1847.0,0.0,1847.0,1955,1955,998.0972762645914,40,0,1000000,3000,4
741421,741421,2965684,5708,33,132,248.0,0.0,248.0,310,310,156.72727272727272,7,0,1000000,3000,4
741521,741521,2966084,5709,100,400,626.0,0.0,626.0,703,703,377.75,15,0,1000000,3000,4
741662,741662,2966648,5710,141,564,1053.0,0.0,1053.0,1138,1138,617.3617021276596,23,0,1000000,3000,4
741929,741929,2967716,5711,267,1068,1323.0,0.0,1323.0,1434,1434,686.4344569288389,29,0,1000000,3000,4
742001,742001,2968004,5712,72,288,641.0,0.0,641.0,713,713,398.44444444444446,15,0,1000000,3000,4
742175,742175,2968700,5713,174,696,751.0,0.0,751.0,843,843,575.5172413793103,17,0,1000000,3000,4
742208,742208,2968832,5714,33,132,241.0,0.0,241.0,304,304,163.45454545454547,7,0,1000000,3000,4
742422,742422,2969688,5715,214,856,1701.0,0.0,1701.0,1801,1801,822.7850467289719,37,0,1000000,3000,4
742577,742577,2970308,5716,155,620,1041.0,0.0,1041.0,1127,1127,591.7935483870967,23,0,1000000,3000,4
742666,742666,2970664,5717,89,356,614.0,0.0,614.0,688,688,396.19101123595505,14,0,1000000,3000,4
742696,742696,2970784,5718,30,120,245.0,0.0,245.0,309,309,155.53333333333333,7,0,1000000,3000,4
743009,743009,2972036,5719,313,1252,1838.0,0.0,1838.0,1958,1958,869.4025559105431,40,0,1000000,3000,4
743144,743144,2972576,5720,135,540,759.0,0.0,759.0,843,843,525.3555555555556,17,0,1000000,3000,4
743286,743286,2973144,5721,142,568,743.0,0.0,743.0,827,827,495.98591549295776,17,0,1000000,3000,4
743415,743415,2973660,5722,129,516,784.0,0.0,784.0,867,867,553.8604651162791,18,0,1000000,3000,4
743552,743552,2974208,5723,137,548,1053.0,0.0,1053.0,1137,1137,545.5109489051094,23,0,1000000,3000,4
743710,743710,2974840,5724,158,632,636.0,0.0,636.0,722,722,497.27848101265823,15,0,1000000,3000,4
743914,743914,2975656,5725,204,816,1334.0,0.0,1334.0,1432,1432,703.2254901960785,29,0,1000000,3000,4
743947,743947,2975788,5726,33,132,242.0,0.0,242.0,305,305,162.36363636363637,7,0,1000000,3000,4
744025,744025,2976100,5727,78,312,631.0,0.0,631.0,704,704,366.6923076923077,15,0,1000000,3000,4
744055,744055,2976220,5728,30,120,249.0,0.0,249.0,312,312,155.5,7,0,1000000,3000,4
744228,744228,2976912,5729,173,692,1346.0,0.0,1346.0,1438,1438,689.3872832369942,29,0,1000000,3000,4
744309,744309,2977236,5730,81,324,622.0,0.0,622.0,694,694,406.34567901234567,14,0,1000000,3000,4
744339,744339,2977356,5731,30,120,249.0,0.0,249.0,313,313,154.63333333333333,7,0,1000000,3000,4
744522,744522,2978088,5732,183,732,734.0,0.0,734.0,827,827,559.4972677595629,17,0,1000000,3000,4
744715,744715,2978860,5733,193,772,1338.0,0.0,1338.0,1434,1434,693.6217616580311,29,0,1000000,3000,4
744749,744749,2978996,5734,34,136,250.0,0.0,250.0,314,314,147.7058823529412,7,0,1000000,3000,4
744995,744995,2979980,5735,246,984,1417.0,0.0,1417.0,1524,1524,771.5284552845528,31,0,1000000,3000,4
745078,745078,2980312,5736,83,332,631.0,0.0,631.0,705,705,379.89156626506025,15,0,1000000,3000,4
745109,745109,2980436,5737,31,124,247.0,0.0,247.0,311,311,153.38709677419354,7,0,1000000,3000,4
745194,745194,2980776,5738,85,340,623.0,0.0,623.0,697,697,363.78823529411767,14,0,1000000,3000,4
745279,745279,2981116,5739,85,340,651.0,0.0,651.0,722,722,367.38823529411764,15,0,1000000,3000,4
745552,745552,2982208,5740,273,1092,1309.0,0.0,1309.0,1421,1421,707.021978021978,29,0,1000000,3000,4
745744,745744,2982976,5741,192,768,1334.0,0.0,1334.0,1430,1430,712.6354166666666,29,0,1000000,3000,4
745774,745774,2983096,5742,30,120,247.0,0.0,247.0,309,309,161.46666666666667,7,0,1000000,3000,4
745963,745963,2983852,5743,189,756,1420.0,0.0,1420.0,1515,1515,743.6243386243386,31,0,1000000,3000,4
746062,746062,2984248,5744,99,396,603.0,0.0,603.0,680,680,407.74747474747477,14,0,1000000,3000,4
746189,746189,2984756,5745,127,508,742.0,0.0,742.0,824,824,512.4566929133858,17,0,1000000,3000,4
746279,746279,2985116,5746,90,360,614.0,0.0,614.0,689,689,353.1222222222222,14,0,1000000,3000,4
746312,746312,2985248,5747,33,132,242.0,0.0,242.0,305,305,166.1818181818182,7,0,1000000,3000,4
746470,746470,2985880,5748,158,632,1326.0,0.0,1326.0,1413,1413,673.1075949367089,29,0,1000000,3000,4
746508,746508,2986032,5749,38,152,238.0,0.0,238.0,303,303,151.8421052631579,7,0,1000000,3000,4
746542,746542,2986168,5750,34,136,252.0,0.0,252.0,316,316,153.7941176470588,7,0,1000000,3000,4
746829,746829,2987316,5751,287,1148,1407.0,0.0,1407.0,1522,1522,726.8083623693379,31,0,1000000,3000,4
747006,747006,2988024,5752,177,708,1062.0,0.0,1062.0,1155,1155,571.8079096045198,24,0,1000000,3000,4
747039,747039,2988156,5753,33,132,251.0,0.0,251.0,315,315,153.15151515151516,7,0,1000000,3000,4
747070,747070,2988280,5754,31,124,244.0,0.0,244.0,308,308,154.25806451612902,7,0,1000000,3000,4
747222,747222,2988888,5755,152,608,1051.0,0.0,1051.0,1138,1138,631.453947368421,23,0,1000000,3000,4
747386,747386,2989544,5756,164,656,811.0,0.0,811.0,898,899,585.5975609756098,18,0,1000000,3000,4
747415,747415,2989660,5757,29,116,250.0,0.0,250.0,312,312,155.10344827586206,7,0,1000000,3000,4
747591,747591,2990364,5758,176,704,725.0,0.0,725.0,817,817,550.25,17,0,1000000,3000,4
747624,747624,2990496,5759,33,132,247.0,0.0,247.0,310,310,150.6969696969697,7,0,1000000,3000,4
747658,747658,2990632,5760,34,136,247.0,0.0,247.0,311,311,152.47058823529412,7,0,1000000,3000,4
747777,747777,2991108,5761,119,476,1050.0,0.0,1050.0,1129,1129,608.218487394958,23,0,1000000,3000,4
747813,747813,2991252,5762,36,144,234.0,0.0,234.0,299,299,157.13888888888889,6,0,1000000,3000,4
747903,747903,2991612,5763,90,360,630.0,0.0,630.0,704,704,407.02222222222224,15,0,1000000,3000,4
747936,747936,2991744,5764,33,132,248.0,0.0,248.0,312,312,146.3939393939394,7,0,1000000,3000,4
748180,748180,2992720,5765,244,976,1849.0,0.0,1849.0,1954,1954,1040.5,40,0,1000000,3000,4
748419,748419,2993676,5766,239,956,796.0,0.0,796.0,898,901,659.4142259414226,19,0,1000000,3000,4
748630,748630,2994520,5767,211,844,1337.0,0.0,1337.0,1437,1437,739.1563981042653,29,0,1000000,3000,4
748793,748793,2995172,5768,163,652,1038.0,0.0,1038.0,1125,1125,614.0981595092024,23,0,1000000,3000,4
748984,748984,2995936,5769,191,764,1037.0,0.0,1037.0,1132,1132,603.1256544502618,23,0,1000000,3000,4
749026,749026,2996104,5770,42,168,230.0,0.0,230.0,296,296,155.07142857142858,6,0,1000000,3000,4
749204,749204,2996816,5771,178,712,1318.0,0.0,1318.0,1409,1409,674.123595505618,29,0,1000000,3000,4
749242,749242,2996968,5772,38,152,235.0,0.0,235.0,300,300,154.71052631578948,7,0,1000000,3000,4
749440,749440,2997760,5773,198,792,1312.0,0.0,1312.0,1408,1408,706.6212121212121,29,0,1000000,3000,4
749481,749481,2997924,5774,41,164,232.0,0.0,232.0,297,297,158.8048780487805,6,0,1000000,3000,4
749587,749587,2998348,5775,106,424,620.0,0.0,620.0,698,698,383.1981132075472,14,0,1000000,3000,4
749788,749788,2999152,5776,201,804,1033.0,0.0,1033.0,1129,1129,627.3034825870647,23,0,1000000,3000,4
749826,749826,2999304,5777,38,152,238.0,0.0,238.0,303,303,151.31578947368422,7,0,1000000,3000,4
749857,749857,2999428,5778,31,124,242.0,0.0,242.0,306,306,160.09677419354838,7,0,1000000,3000,4
749975,749975,2999900,5779,118,472,1072.0,0.0,1072.0,1153,1153,579.8389830508474,24,0,1000000,3000,4
750019,750019,3000076,5780,44,176,223.0,0.0,223.0,288,288,170.6590909090909,6,0,1000000,3000,4
750108,750108,3000432,5781,89,356,610.0,0.0,610.0,685,685,353.5730337078652,14,0,1000000,3000,4
750146,750146,3000584,5782,38,152,227.0,0.0,227.0,291,291,171.18421052631578,6,0,1000000,3000,4
750393,750393,3001572,5783,247,988,1420.0,0.0,1420.0,1527,1527,684.2105263157895,31,0,1000000,3000,4
750499,750499,3001996,5784,106,424,621.0,0.0,621.0,700,700,382.811320754717,15,0,1000000,3000,4
750531,750531,3002124,5785,32,128,250.0,0.0,250.0,314,314,149.40625,7,0,1000000,3000,4
750570,750570,3002280,5786,39,156,245.0,0.0,245.0,310,310,142.84615384615384,7,0,1000000,3000,4
750605,750605,3002420,5787,35,140,250.0,0.0,250.0,314,314,152.05714285714285,7,0,1000000,3000,4
750703,750703,3002812,5788,98,392,614.0,0.0,614.0,691,691,390.5612244897959,14,0,1000000,3000,4
750940,750940,3003760,5789,237,948,1338.0,0.0,1338.0,1443,1443,703.9620253164557,29,0,1000000,3000,4
750975,750975,3003900,5790,35,140,237.0,0.0,237.0,301,301,157.54285714285714,7,0,1000000,3000,4
751141,751141,3004564,5791,166,664,781.0,0.0,781.0,871,871,536.343373493976,18,0,1000000,3000,4
751245,751245,3004980,5792,104,416,608.0,0.0,608.0,686,686,381.47115384615387,14,0,1000000,3000,4
751380,751380,3005520,5793,135,540,1047.0,0.0,1047.0,1128,1128,555.5481481481481,23,0,1000000,3000,4
751415,751415,3005660,5794,35,140,240.0,0.0,240.0,304,304,159.37142857142857,7,0,1000000,3000,4
751515,751515,3006060,5795,100,400,613.0,0.0,613.0,690,690,344.85,14,0,1000000,3000,4
751623,751623,3006492,5796,108,432,612.0,0.0,612.0,691,691,346.962962962963,14,0,1000000,3000,4
751658,751658,3006632,5797,35,140,243.0,0.0,243.0,308,308,155.5142857142857,7,0,1000000,3000,4
752070,752070,3008280,5798,412,1648,2332.0,0.0,2332.0,2470,2470,1253.514563106796,50,0,1000000,3000,4
752282,752282,3009128,5799,212,848,1028.0,0.0,1028.0,1125,1125,643.1745283018868,23,0,1000000,3000,4
752523,752523,3010092,5800,241,964,795.0,0.0,795.0,898,898,663.2489626556016,18,0,1000000,3000,4
752559,752559,3010236,5801,36,144,232.0,0.0,232.0,297,297,168.63888888888889,6,0,1000000,3000,4
752638,752638,3010552,5802,79,316,629.0,0.0,629.0,702,702,356.2278481012658,15,0,1000000,3000,4
752711,752711,3010844,5803,73,292,605.0,0.0,605.0,676,676,320.93150684931504,14,0,1000000,3000,4
752740,752740,3010960,5804,29,116,249.0,0.0,249.0,312,312,157.82758620689654,7,0,1000000,3000,4
752833,752833,3011332,5805,93,372,628.0,0.0,628.0,703,703,376.4301075268817,15,0,1000000,3000,4
752909,752909,3011636,5806,76,304,607.0,0.0,607.0,680,680,348.3421052631579,14,0,1000000,3000,4
752941,752941,3011764,5807,32,128,246.0,0.0,246.0,310,310,159.15625,7,0,1000000,3000,4
753021,753021,3012084,5808,80,320,635.0,0.0,635.0,708,708,392.3375,15,0,1000000,3000,4
753092,753092,3012368,5809,71,284,622.0,0.0,622.0,694,694,363.6478873239437,14,0,1000000,3000,4
753228,753228,3012912,5810,136,544,640.0,0.0,640.0,722,723,537.625,15,0,1000000,3000,4
753258,753258,3013032,5811,30,120,252.0,0.0,252.0,315,315,157.96666666666667,7,0,1000000,3000,4
753417,753417,3013668,5812,159,636,812.0,0.0,812.0,898,898,538.0943396226415,18,0,1000000,3000,4
753450,753450,3013800,5813,33,132,242.0,0.0,242.0,305,305,163.75757575757575,7,0,1000000,3000,4
753536,753536,3014144,5814,86,344,630.0,0.0,630.0,705,705,391.8139534883721,15,0,1000000,3000,4
753810,753810,3015240,5815,274,1096,1015.0,0.0,1015.0,1124,1124,754.6496350364963,23,0,1000000,3000,4
753889,753889,3015556,5816,79,316,622.0,0.0,622.0,695,695,332.53164556962025,14,0,1000000,3000,4
753919,753919,3015676,5817,30,120,248.0,0.0,248.0,310,310,161.26666666666668,7,0,1000000,3000,4
753952,753952,3015808,5818,33,132,240.0,0.0,240.0,304,304,160.54545454545453,7,0,1000000,3000,4
754192,754192,3016768,5819,240,960,1301.0,0.0,1301.0,1405,1405,719.7708333333334,29,0,1000000,3000,4
754225,754225,3016900,5820,33,132,252.0,0.0,252.0,316,316,153.12121212121212,7,0,1000000,3000,4
754411,754411,3017644,5821,186,744,1336.0,0.0,1336.0,1431,1431,740.3225806451613,29,0,1000000,3000,4
754649,754649,3018596,5822,238,952,716.0,0.0,716.0,821,821,585.046218487395,17,0,1000000,3000,4
754690,754690,3018760,5823,41,164,231.0,0.0,231.0,296,296,160.82926829268294,6,0,1000000,3000,4
755209,755209,3020836,5824,519,2076,1275.0,0.0,1275.0,1436,1436,830.1194605009634,29,0,1000000,3000,4
755294,755294,3021176,5825,85,340,620.0,0.0,620.0,694,694,344.9764705882353,14,0,1000000,3000,4
755333,755333,3021332,5826,39,156,239.0,0.0,239.0,304,304,148.12820512820514,7,0,1000000,3000,4
755435,755435,3021740,5827,102,408,616.0,0.0,616.0,694,694,392.20588235294116,14,0,1000000,3000,4
755546,755546,3022184,5828,111,444,605.0,0.0,605.0,684,684,394.0990990990991,14,0,1000000,3000,4
755691,755691,3022764,5829,145,580,1046.0,0.0,1046.0,1132,1132,591.4758620689655,23,0,1000000,3000,4
755869,755869,3023476,5830,178,712,808.0,0.0,808.0,898,898,562.0505617977528,18,0,1000000,3000,4
756054,756054,3024216,5831,185,740,1039.0,0.0,1039.0,1132,1132,558.0216216216216,23,0,1000000,3000,4
756291,756291,3025164,5832,237,948,1328.0,0.0,1328.0,1433,1433,685.2616033755274,29,0,1000000,3000,4
756325,756325,3025300,5833,34,136,250.0,0.0,250.0,314,314,148.58823529411765,7,0,1000000,3000,4
756440,756440,3025760,5834,115,460,620.0,0.0,620.0,701,701,379.16521739130434,15,0,1000000,3000,4
756541,756541,3026164,5835,101,404,634.0,0.0,634.0,712,712,356.4257425742574,15,0,1000000,3000,4
756668,756668,3026672,5836,127,508,624.0,0.0,624.0,707,707,348.33858267716533,15,0,1000000,3000,4
756698,756698,3026792,5837,30,120,250.0,0.0,250.0,314,314,152.96666666666667,7,0,1000000,3000,4
756887,756887,3027548,5838,189,756,725.0,0.0,725.0,818,818,489.1216931216931,17,0,1000000,3000,4
757089,757089,3028356,5839,202,808,1309.0,0.0,1309.0,1405,1405,727.5891089108911,29,0,1000000,3000,4
757127,757127,3028508,5840,38,152,236.0,0.0,236.0,301,301,159.23684210526315,7,0,1000000,3000,4
757199,757199,3028796,5841,72,288,618.0,0.0,618.0,688,688,322.8611111111111,14,0,1000000,3000,4
757467,757467,3029868,5842,268,1072,1018.0,0.0,1018.0,1127,1127,597.1194029850747,23,0,1000000,3000,4
757503,757503,3030012,5843,36,144,250.0,0.0,250.0,314,314,148.97222222222223,7,0,1000000,3000,4
757598,757598,3030392,5844,95,380,622.0,0.0,622.0,698,698,345.12631578947367,14,0,1000000,3000,4
757634,757634,3030536,5845,36,144,247.0,0.0,247.0,312,312,152.13888888888889,7,0,1000000,3000,4
757826,757826,3031304,5846,192,768,1029.0,0.0,1029.0,1122,1122,560.3072916666666,23,0,1000000,3000,4
757879,757879,3031516,5847,53,212,209.0,0.0,209.0,276,276,163.58490566037736,6,0,1000000,3000,4
758062,758062,3032248,5848,183,732,1032.0,0.0,1032.0,1123,1124,644.4535519125683,23,0,1000000,3000,4
758096,758096,3032384,5849,34,136,239.0,0.0,239.0,302,302,163.97058823529412,7,0,1000000,3000,4
758135,758135,3032540,5850,39,156,237.0,0.0,237.0,302,302,153.23076923076923,7,0,1000000,3000,4
758295,758295,3033180,5851,160,640,636.0,0.0,636.0,722,722,479.84375,15,0,1000000,3000,4
758328,758328,3033312,5852,33,132,244.0,0.0,244.0,307,307,157.3030303030303,7,0,1000000,3000,4
758549,758549,3034196,5853,221,884,1029.0,0.0,1029.0,1130,1130,629.2669683257918,23,0,1000000,3000,4
758796,758796,3035184,5854,247,988,1689.0,0.0,1689.0,1796,1796,855.2307692307693,36,0,1000000,3000,4
758904,758904,3035616,5855,108,432,630.0,0.0,630.0,708,708,364.39814814814815,15,0,1000000,3000,4
758939,758939,3035756,5856,35,140,240.0,0.0,240.0,303,303,163.82857142857142,7,0,1000000,3000,4
759044,759044,3036176,5857,105,420,627.0,0.0,627.0,705,705,370.4095238095238,15,0,1000000,3000,4
759177,759177,3036708,5858,133,532,775.0,0.0,775.0,858,858,513.1127819548872,18,0,1000000,3000,4
759287,759287,3037148,5859,110,440,606.0,0.0,606.0,684,684,365.77272727272725,14,0,1000000,3000,4
759327,759327,3037308,5860,40,160,233.0,0.0,233.0,298,298,151.1,6,0,1000000,3000,4
759507,759507,3038028,5861,180,720,806.0,0.0,806.0,898,899,640.8388888888888,18,0,1000000,3000,4
759603,759603,3038412,5862,96,384,625.0,0.0,625.0,702,702,386.53125,15,0,1000000,3000,4
759692,759692,3038768,5863,89,356,626.0,0.0,626.0,701,701,366.69662921348316,15,0,1000000,3000,4
759905,759905,3039620,5864,213,852,1028.0,0.0,1028.0,1126,1126,637.3849765258216,23,0,1000000,3000,4
759996,759996,3039984,5865,91,364,610.0,0.0,610.0,686,686,351.95604395604397,14,0,1000000,3000,4
760036,760036,3040144,5866,40,160,221.0,0.0,221.0,286,286,169.15,6,0,1000000,3000,4
760249,760249,3040996,5867,213,852,1029.0,0.0,1029.0,1127,1127,565.9107981220657,23,0,1000000,3000,4
760624,760624,3042496,5868,375,1500,1384.0,0.0,1384.0,1515,1515,773.208,31,0,1000000,3000,4
760935,760935,3043740,5869,311,1244,1293.0,0.0,1293.0,1410,1412,734.7363344051447,29,0,1000000,3000,4
761623,761623,3046492,5870,688,2752,1330.0,0.0,1330.0,1525,1525,826.6177325581396,31,0,1000000,3000,4
761654,761654,3046616,5871,31,124,243.0,0.0,243.0,306,306,158.38709677419354,7,0,1000000,3000,4
761811,761811,3047244,5872,157,628,634.0,0.0,634.0,720,722,477.7579617834395,15,0,1000000,3000,4
761851,761851,3047404,5873,40,160,240.0,0.0,240.0,303,303,154.075,7,0,1000000,3000,4
762286,762286,3049144,5874,435,1740,3035.0,0.0,3035.0,3161,3161,1630.3471264367815,64,0,1000000,3000,4
762324,762324,3049296,5875,38,152,231.0,0.0,231.0,295,295,164.76315789473685,6,0,1000000,3000,4
762410,762410,3049640,5876,86,344,605.0,0.0,605.0,680,680,313.8488372093023,14,0,1000000,3000,4
762947,762947,3051788,5877,537,2148,1065.0,0.0,1065.0,1228,1228,655.8007448789572,25,0,1000000,3000,4
763088,763088,3052352,5878,141,564,727.0,0.0,727.0,813,813,491.21276595744683,17,0,1000000,3000,4
763203,763203,3052812,5879,115,460,600.0,0.0,600.0,679,679,368.2086956521739,14,0,1000000,3000,4
763375,763375,3053500,5880,172,688,809.0,0.0,809.0,898,898,557.8837209302326,18,0,1000000,3000,4
763560,763560,3054240,5881,185,740,1037.0,0.0,1037.0,1129,1129,619.7567567567568,23,0,1000000,3000,4
763949,763949,3055796,5882,389,1556,1835.0,0.0,1835.0,1969,1969,927.4293059125964,40,0,1000000,3000,4
764100,764100,3056400,5883,151,604,812.0,0.0,812.0,896,898,569.0529801324503,18,0,1000000,3000,4
764211,764211,3056844,5884,111,444,716.0,0.0,716.0,795,795,483.27927927927925,16,0,1000000,3000,4
764492,764492,3057968,5885,281,1124,787.0,0.0,787.0,898,898,622.2669039145908,18,0,1000000,3000,4
764532,764532,3058128,5886,40,160,231.0,0.0,231.0,295,295,162.025,6,0,1000000,3000,4
764756,764756,3059024,5887,224,896,1314.0,0.0,1314.0,1414,1414,719.0535714285714,29,0,1000000,3000,4
764841,764841,3059364,5888,85,340,638.0,0.0,638.0,711,711,362.0235294117647,15,0,1000000,3000,4
764874,764874,3059496,5889,33,132,241.0,0.0,241.0,305,305,154.12121212121212,7,0,1000000,3000,4
764970,764970,3059880,5890,96,384,607.0,0.0,607.0,682,682,391.2395833333333,14,0,1000000,3000,4
765173,765173,3060692,5891,203,812,1032.0,0.0,1032.0,1128,1128,616.9950738916256,23,0,1000000,3000,4
765205,765205,3060820,5892,32,128,249.0,0.0,249.0,312,312,147.34375,7,0,1000000,3000,4
765238,765238,3060952,5893,33,132,240.0,0.0,240.0,303,303,171.8181818181818,7,0,1000000,3000,4
765401,765401,3061604,5894,163,652,593.0,0.0,593.0,681,681,441.4355828220859,14,0,1000000,3000,4
765482,765482,3061928,5895,81,324,602.0,0.0,602.0,676,676,327.8641975308642,14,0,1000000,3000,4
765577,765577,3062308,5896,95,380,625.0,0.0,625.0,701,701,381.88421052631577,15,0,1000000,3000,4
765750,765750,3063000,5897,173,692,806.0,0.0,806.0,895,899,516.2658959537572,18,0,1000000,3000,4
765784,765784,3063136,5898,34,136,239.0,0.0,239.0,303,303,165.2941176470588,7,0,1000000,3000,4
766137,766137,3064548,5899,353,1412,773.0,0.0,773.0,898,898,668.5325779036827,18,0,1000000,3000,4
766175,766175,3064700,5900,38,152,237.0,0.0,237.0,301,301,157.76315789473685,7,0,1000000,3000,4
766339,766339,3065356,5901,164,656,635.0,0.0,635.0,722,722,460.2317073170732,15,0,1000000,3000,4
766787,766787,3067148,5902,448,1792,1364.0,0.0,1364.0,1510,1510,741.734375,31,0,1000000,3000,4
767138,767138,3068552,5903,351,1404,737.0,0.0,737.0,864,864,633.7948717948718,18,0,1000000,3000,4
767285,767285,3069140,5904,147,588,750.0,0.0,750.0,836,836,495.6530612244898,17,0,1000000,3000,4
767451,767451,3069804,5905,166,664,767.0,0.0,767.0,858,858,513.0060240963855,18,0,1000000,3000,4
767632,767632,3070528,5906,181,724,752.0,0.0,752.0,846,846,564.1436464088398,17,0,1000000,3000,4
767742,767742,3070968,5907,110,440,615.0,0.0,615.0,695,695,372.53636363636366,14,0,1000000,3000,4
767826,767826,3071304,5908,84,336,631.0,0.0,631.0,704,704,376.2261904761905,15,0,1000000,3000,4
768029,768029,3072116,5909,203,812,1032.0,0.0,1032.0,1128,1128,593.2118226600985,23,0,1000000,3000,4
768068,768068,3072272,5910,39,156,230.0,0.0,230.0,294,294,163.53846153846155,6,0,1000000,3000,4
768363,768363,3073452,5911,295,1180,1324.0,0.0,1324.0,1440,1440,693.2338983050847,29,0,1000000,3000,4
768456,768456,3073824,5912,93,372,606.0,0.0,606.0,681,681,400.0967741935484,14,0,1000000,3000,4
768505,768505,3074020,5913,49,196,218.0,0.0,218.0,284,284,159.6530612244898,6,0,1000000,3000,4
768671,768671,3074684,5914,166,664,635.0,0.0,635.0,722,722,463.578313253012,15,0,1000000,3000,4
768773,768773,3075092,5915,102,408,633.0,0.0,633.0,710,710,364.5098039215686,15,0,1000000,3000,4
768987,768987,3075948,5916,214,856,1311.0,0.0,1311.0,1409,1409,741.196261682243,29,0,1000000,3000,4
769222,769222,3076888,5917,235,940,1310.0,0.0,1310.0,1413,1413,707.5957446808511,29,0,1000000,3000,4
769528,769528,3078112,5918,306,1224,1316.0,0.0,1316.0,1435,1435,681.9477124183006,29,0,1000000,3000,4
769625,769625,3078500,5919,97,388,621.0,0.0,621.0,698,698,363.5257731958763,14,0,1000000,3000,4
769778,769778,3079112,5920,153,612,813.0,0.0,813.0,898,898,601.5032679738562,18,0,1000000,3000,4
769959,769959,3079836,5921,181,724,1033.0,0.0,1033.0,1125,1125,590.5138121546961,23,0,1000000,3000,4
770083,770083,3080332,5922,124,496,615.0,0.0,615.0,697,697,368.4758064516129,14,0,1000000,3000,4
770339,770339,3081356,5923,256,1024,792.0,0.0,792.0,898,898,612.72265625,18,0,1000000,3000,4
770501,770501,3082004,5924,162,648,635.0,0.0,635.0,722,722,498.9074074074074,15,0,1000000,3000,4
770534,770534,3082136,5925,33,132,242.0,0.0,242.0,305,305,162.33333333333334,7,0,1000000,3000,4
770563,770563,3082252,5926,29,116,252.0,0.0,252.0,314,314,156.82758620689654,7,0,1000000,3000,4
770792,770792,3083168,5927,229,916,696.0,0.0,696.0,798,798,585.8558951965066,16,0,1000000,3000,4
770892,770892,3083568,5928,100,400,622.0,0.0,622.0,698,698,369.71,14,0,1000000,3000,4
771128,771128,3084512,5929,236,944,1689.0,0.0,1689.0,1793,1793,900.4364406779661,36,0,1000000,3000,4
771195,771195,3084780,5930,67,268,616.0,0.0,616.0,686,686,353.25373134328356,14,0,1000000,3000,4
771286,771286,3085144,5931,91,364,605.0,0.0,605.0,681,681,319.989010989011,14,0,1000000,3000,4
771322,771322,3085288,5932,36,144,247.0,0.0,247.0,312,312,151.55555555555554,7,0,1000000,3000,4
771538,771538,3086152,5933,216,864,1030.0,0.0,1030.0,1129,1129,648.3379629629629,23,0,1000000,3000,4
771568,771568,3086272,5934,30,120,245.0,0.0,245.0,308,308,163.03333333333333,7,0,1000000,3000,4
771604,771604,3086416,5935,36,144,247.0,0.0,247.0,312,312,153.61111111111111,7,0,1000000,3000,4
771795,771795,3087180,5936,191,764,1338.0,0.0,1338.0,1434,1434,722.4240837696335,29,0,1000000,3000,4
771996,771996,3087984,5937,201,804,1319.0,0.0,1319.0,1415,1415,706.4029850746268,29,0,1000000,3000,4
772183,772183,3088732,5938,187,748,1035.0,0.0,1035.0,1128,1128,607.0588235294117,23,0,1000000,3000,4
772285,772285,3089140,5939,102,408,629.0,0.0,629.0,706,706,359.921568627451,15,0,1000000,3000,4
772573,772573,3090292,5940,288,1152,1012.0,0.0,1012.0,1125,1125,745.0659722222222,23,0,1000000,3000,4
772607,772607,3090428,5941,34,136,246.0,0.0,246.0,309,309,160.7058823529412,7,0,1000000,3000,4
772687,772687,3090748,5942,80,320,638.0,0.0,638.0,710,710,380.475,15,0,1000000,3000,4
772721,772721,3090884,5943,34,136,245.0,0.0,245.0,308,308,153.7058823529412,7,0,1000000,3000,4
772755,772755,3091020,5944,34,136,237.0,0.0,237.0,301,301,167.6764705882353,7,0,1000000,3000,4
772891,772891,3091564,5945,136,544,639.0,0.0,639.0,721,723,505.33088235294116,15,0,1000000,3000,4
772924,772924,3091696,5946,33,132,239.0,0.0,239.0,303,303,168.66666666666666,7,0,1000000,3000,4
772997,772997,3091988,5947,73,292,619.0,0.0,619.0,691,691,338.2739726027397,14,0,1000000,3000,4
773034,773034,3092136,5948,37,148,243.0,0.0,243.0,308,308,146.54054054054055,7,0,1000000,3000,4
773134,773134,3092536,5949,100,400,625.0,0.0,625.0,702,702,376.42,15,0,1000000,3000,4
773288,773288,3093152,5950,154,616,1049.0,0.0,1049.0,1135,1135,562.9805194805194,23,0,1000000,3000,4
773379,773379,3093516,5951,91,364,631.0,0.0,631.0,707,707,376.9120879120879,15,0,1000000,3000,4
773414,773414,3093656,5952,35,140,231.0,0.0,231.0,295,295,173.4,6,0,1000000,3000,4
773570,773570,3094280,5953,156,624,757.0,0.0,757.0,845,845,556.5384615384615,17,0,1000000,3000,4
773758,773758,3095032,5954,188,752,1341.0,0.0,1341.0,1436,1436,718.1010638297872,29,0,1000000,3000,4
773853,773853,3095412,5955,95,380,634.0,0.0,634.0,710,710,356.0842105263158,15,0,1000000,3000,4
773940,773940,3095760,5956,87,348,637.0,0.0,637.0,712,712,387.67816091954023,15,0,1000000,3000,4
774094,774094,3096376,5957,154,616,637.0,0.0,637.0,722,722,475.7402597402597,15,0,1000000,3000,4
774128,774128,3096512,5958,34,136,244.0,0.0,244.0,306,306,164.3235294117647,7,0,1000000,3000,4
774362,774362,3097448,5959,234,936,1684.0,0.0,1684.0,1786,1786,905.8846153846154,36,0,1000000,3000,4
774462,774462,3097848,5960,100,400,602.0,0.0,602.0,679,679,385.81,14,0,1000000,3000,4
774667,774667,3098668,5961,205,820,723.0,0.0,723.0,820,820,552.2780487804878,17,0,1000000,3000,4
774758,774758,3099032,5962,91,364,621.0,0.0,621.0,697,697,384.5274725274725,14,0,1000000,3000,4
774793,774793,3099172,5963,35,140,249.0,0.0,249.0,312,312,158.65714285714284,7,0,1000000,3000,4
774978,774978,3099912,5964,185,740,1037.0,0.0,1037.0,1129,1129,617.6918918918919,23,0,1000000,3000,4
775053,775053,3100212,5965,75,300,614.0,0.0,614.0,685,685,334.0133333333333,14,0,1000000,3000,4
775307,775307,3101228,5966,254,1016,1308.0,0.0,1308.0,1414,1414,767.7755905511812,29,0,1000000,3000,4
775472,775472,3101888,5967,165,660,810.0,0.0,810.0,898,898,553.2242424242424,18,0,1000000,3000,4
775638,775638,3102552,5968,166,664,1037.0,0.0,1037.0,1126,1126,553.0,23,0,1000000,3000,4
775727,775727,3102908,5969,89,356,650.0,0.0,650.0,722,723,365.87640449438203,15,0,1000000,3000,4
775889,775889,3103556,5970,162,648,1038.0,0.0,1038.0,1126,1126,626.8271604938271,23,0,1000000,3000,4
776131,776131,3104524,5971,242,968,1025.0,0.0,1025.0,1130,1130,675.1528925619834,23,0,1000000,3000,4
776165,776165,3104660,5972,34,136,234.0,0.0,234.0,298,298,163.94117647058823,6,0,1000000,3000,4
776253,776253,3105012,5973,88,352,618.0,0.0,618.0,693,693,380.90909090909093,14,0,1000000,3000,4
776294,776294,3105176,5974,41,164,231.0,0.0,231.0,296,296,161.26829268292684,6,0,1000000,3000,4
776404,776404,3105616,5975,110,440,600.0,0.0,600.0,679,679,382.8363636363636,14,0,1000000,3000,4
776499,776499,3105996,5976,95,380,611.0,0.0,611.0,686,686,335.66315789473686,14,0,1000000,3000,4
776677,776677,3106708,5977,178,712,1040.0,0.0,1040.0,1132,1132,578.9157303370787,23,0,1000000,3000,4
776779,776779,3107116,5978,102,408,610.0,0.0,610.0,686,686,378.6862745098039,14,0,1000000,3000,4
776824,776824,3107296,5979,45,180,226.0,0.0,226.0,292,292,156.2888888888889,6,0,1000000,3000,4
777030,777030,3108120,5980,206,824,1308.0,0.0,1308.0,1406,1406,797.6019417475728,29,0,1000000,3000,4
777182,777182,3108728,5981,152,608,797.0,0.0,797.0,885,885,533.3947368421053,18,0,1000000,3000,4
777217,777217,3108868,5982,35,140,247.0,0.0,247.0,311,311,154.28571428571428,7,0,1000000,3000,4
777460,777460,3109840,5983,243,972,1026.0,0.0,1026.0,1130,1130,740.5761316872428,23,0,1000000,3000,4
777565,777565,3110260,5984,105,420,597.0,0.0,597.0,675,675,393.8285714285714,14,0,1000000,3000,4
777605,777605,3110420,5985,40,160,238.0,0.0,238.0,303,303,151.075,7,0,1000000,3000,4
777642,777642,3110568,5986,37,148,241.0,0.0,241.0,305,305,156.1891891891892,7,0,1000000,3000,4
777744,777744,3110976,5987,102,408,629.0,0.0,629.0,706,706,361.3627450980392,15,0,1000000,3000,4
777889,777889,3111556,5988,145,580,586.0,0.0,586.0,671,671,434.9310344827586,14,0,1000000,3000,4
777987,777987,3111948,5989,98,392,620.0,0.0,620.0,697,697,373.3265306122449,14,0,1000000,3000,4
778027,778027,3112108,5990,40,160,231.0,0.0,231.0,297,297,157.825,6,0,1000000,3000,4
778728,778728,3114912,5991,701,2804,942.0,0.0,942.0,1139,1139,771.4479315263909,23,0,1000000,3000,4
778840,778840,3115360,5992,112,448,602.0,0.0,602.0,681,681,382.95535714285717,14,0,1000000,3000,4
778910,778910,3115640,5993,70,280,611.0,0.0,611.0,683,683,316.9714285714286,14,0,1000000,3000,4
779900,779900,3119600,5994,990,3960,1159.0,0.0,1159.0,1412,1412,718.4111111111112,29,0,1000000,3000,4
780497,780497,3121988,5995,597,2388,963.0,0.0,963.0,1139,1139,673.7621440536013,23,0,1000000,3000,4
781072,781072,3124288,5996,575,2300,1259.0,0.0,1259.0,1432,1432,684.2869565217392,29,0,1000000,3000,4
781119,781119,3124476,5997,47,188,216.0,0.0,216.0,281,281,164.85106382978722,6,0,1000000,3000,4
781317,781317,3125268,5998,198,792,762.0,0.0,762.0,858,858,529.0505050505051,18,0,1000000,3000,4
781370,781370,3125480,5999,53,212,200.0,0.0,200.0,266,266,168.88679245283018,6,0,1000000,3000,4
781613,781613,3126452,6000,243,972,1025.0,0.0,1025.0,1129,1129,671.2798353909465,23,0,1000000,3000,4
781654,781654,3126616,6001,41,164,239.0,0.0,239.0,305,305,128.0731707317073,7,0,1000000,3000,4
781841,781841,3127364,6002,187,748,754.0,0.0,754.0,848,848,513.4866310160428,17,0,1000000,3000,4
781885,781885,3127540,6003,44,176,231.0,0.0,231.0,296,296,154.27272727272728,6,0,1000000,3000,4
782182,782182,3128728,6004,297,1188,1538.0,0.0,1538.0,1654,1654,789.8181818181819,34,0,1000000,3000,4
782220,782220,3128880,6005,38,152,238.0,0.0,238.0,303,303,152.02631578947367,7,0,1000000,3000,4
782255,782255,3129020,6006,35,140,242.0,0.0,242.0,306,306,162.9142857142857,7,0,1000000,3000,4
782345,782345,3129380,6007,90,360,627.0,0.0,627.0,702,702,353.8333333333333,15,0,1000000,3000,4
782429,782429,3129716,6008,84,336,632.0,0.0,632.0,706,706,361.95238095238096,15,0,1000000,3000,4
782658,782658,3130632,6009,229,916,1307.0,0.0,1307.0,1408,1408,732.5196506550218,29,0,1000000,3000,4
782827,782827,3131308,6010,169,676,810.0,0.0,810.0,898,898,520.1183431952662,18,0,1000000,3000,4
783063,783063,3132252,6011,236,944,1023.0,0.0,1023.0,1126,1126,671.3220338983051,23,0,1000000,3000,4
783143,783143,3132572,6012,80,320,605.0,0.0,605.0,679,679,310.4875,14,0,1000000,3000,4
783226,783226,3132904,6013,83,332,624.0,0.0,624.0,698,698,361.2168674698795,14,0,1000000,3000,4
783311,783311,3133244,6014,85,340,617.0,0.0,617.0,692,692,389.4117647058824,14,0,1000000,3000,4
783347,783347,3133388,6015,36,144,239.0,0.0,239.0,303,303,157.72222222222223,7,0,1000000,3000,4
783444,783444,3133776,6016,97,388,610.0,0.0,610.0,686,686,383.69072164948454,14,0,1000000,3000,4
783536,783536,3134144,6017,92,368,602.0,0.0,602.0,678,678,402.1195652173913,14,0,1000000,3000,4
783779,783779,3135116,6018,243,972,1309.0,0.0,1309.0,1413,1413,710.679012345679,29,0,1000000,3000,4
783813,783813,3135252,6019,34,136,241.0,0.0,241.0,305,305,157.55882352941177,7,0,1000000,3000,4
783854,783854,3135416,6020,41,164,231.0,0.0,231.0,297,297,164.8048780487805,6,0,1000000,3000,4
784004,784004,3136016,6021,150,600,1046.0,0.0,1046.0,1133,1133,594.1466666666666,23,0,1000000,3000,4
784033,784033,3136132,6022,29,116,251.0,0.0,251.0,314,314,160.86206896551724,7,0,1000000,3000,4
784256,784256,3137024,6023,223,892,1026.0,0.0,1026.0,1125,1125,696.237668161435,23,0,1000000,3000,4
784373,784373,3137492,6024,117,468,774.0,0.0,774.0,855,855,519.4871794871794,18,0,1000000,3000,4
784489,784489,3137956,6025,116,464,723.0,0.0,723.0,803,803,461.19827586206895,17,0,1000000,3000,4
784641,784641,3138564,6026,152,608,771.0,0.0,771.0,858,858,529.6907894736842,18,0,1000000,3000,4
784735,784735,3138940,6027,94,376,608.0,0.0,608.0,684,684,405.22340425531917,14,0,1000000,3000,4
784886,784886,3139544,6028,151,604,1041.0,0.0,1041.0,1127,1127,555.4503311258278,23,0,1000000,3000,4
785037,785037,3140148,6029,151,604,813.0,0.0,813.0,898,899,583.8211920529801,18,0,1000000,3000,4
785219,785219,3140876,6030,182,728,1037.0,0.0,1037.0,1129,1129,638.5879120879121,23,0,1000000,3000,4
785306,785306,3141224,6031,87,348,635.0,0.0,635.0,709,709,366.1264367816092,15,0,1000000,3000,4
785471,785471,3141884,6032,165,660,811.0,0.0,811.0,898,900,573.9272727272727,19,0,1000000,3000,4
785661,785661,3142644,6033,190,760,1057.0,0.0,1057.0,1152,1152,585.0105263157894,24,0,1000000,3000,4
785823,785823,3143292,6034,162,648,811.0,0.0,811.0,898,898,537.895061728395,18,0,1000000,3000,4
785864,785864,3143456,6035,41,164,232.0,0.0,232.0,296,296,159.26829268292684,6,0,1000000,3000,4
785899,785899,3143596,6036,35,140,244.0,0.0,244.0,309,309,152.68571428571428,7,0,1000000,3000,4
785990,785990,3143960,6037,91,364,629.0,0.0,629.0,704,704,371.6923076923077,15,0,1000000,3000,4
786187,786187,3144748,6038,197,788,1426.0,0.0,1426.0,1523,1523,713.989847715736,31,0,1000000,3000,4
786222,786222,3144888,6039,35,140,241.0,0.0,241.0,305,305,155.4,7,0,1000000,3000,4
786371,786371,3145484,6040,149,596,814.0,0.0,814.0,898,898,571.9597315436241,18,0,1000000,3000,4
786500,786500,3146000,6041,129,516,728.0,0.0,728.0,810,810,505.4031007751938,17,0,1000000,3000,4
786662,786662,3146648,6042,162,648,770.0,0.0,770.0,860,860,527.0493827160494,18,0,1000000,3000,4
786822,786822,3147288,6043,160,640,1036.0,0.0,1036.0,1122,1123,588.0625,23,0,1000000,3000,4
786986,786986,3147944,6044,164,656,1327.0,0.0,1327.0,1414,1414,736.8353658536586,29,0,1000000,3000,4
787393,787393,3149572,6045,407,1628,987.0,0.0,987.0,1124,1124,785.987714987715,23,0,1000000,3000,4
787429,787429,3149716,6046,36,144,246.0,0.0,246.0,311,311,142.94444444444446,7,0,1000000,3000,4
787679,787679,3150716,6047,250,1000,1303.0,0.0,1303.0,1408,1408,679.576,29,0,1000000,3000,4
787855,787855,3151420,6048,176,704,1036.0,0.0,1036.0,1127,1127,604.375,23,0,1000000,3000,4
787960,787960,3151840,6049,105,420,607.0,0.0,607.0,685,685,371.04761904761904,14,0,1000000,3000,4
788210,788210,3152840,6050,250,1000,1552.0,0.0,1552.0,1659,1659,774.268,34,0,1000000,3000,4
788358,788358,3153432,6051,148,592,764.0,0.0,764.0,850,850,523.1554054054054,18,0,1000000,3000,4
788583,788583,3154332,6052,225,900,1315.0,0.0,1315.0,1416,1416,667.7688888888889,29,0,1000000,3000,4
788674,788674,3154696,6053,91,364,634.0,0.0,634.0,708,708,378.68131868131866,15,0,1000000,3000,4
788757,788757,3155028,6054,83,332,614.0,0.0,614.0,687,687,320.2168674698795,14,0,1000000,3000,4
788856,788856,3155424,6055,99,396,616.0,0.0,616.0,693,693,397.25252525252523,14,0,1000000,3000,4
788939,788939,3155756,6056,83,332,631.0,0.0,631.0,705,705,367.67469879518075,15,0,1000000,3000,4
788970,788970,3155880,6057,31,124,243.0,0.0,243.0,305,305,165.09677419354838,7,0,1000000,3000,4
789173,789173,3156692,6058,203,812,1029.0,0.0,1029.0,1125,1125,632.0886699507389,23,0,1000000,3000,4
789329,789329,3157316,6059,156,624,1038.0,0.0,1038.0,1125,1125,624.8717948717949,23,0,1000000,3000,4
789484,789484,3157936,6060,155,620,637.0,0.0,637.0,722,722,475.0258064516129,15,0,1000000,3000,4
789524,789524,3158096,6061,40,160,232.0,0.0,232.0,298,298,160.7,6,0,1000000,3000,4
789714,789714,3158856,6062,190,760,1321.0,0.0,1321.0,1414,1414,758.6,29,0,1000000,3000,4
789749,789749,3158996,6063,35,140,241.0,0.0,241.0,305,305,158.57142857142858,7,0,1000000,3000,4
789784,789784,3159136,6064,35,140,249.0,0.0,249.0,314,314,145.65714285714284,7,0,1000000,3000,4
789818,789818,3159272,6065,34,136,247.0,0.0,247.0,310,310,147.8235294117647,7,0,1000000,3000,4
789920,789920,3159680,6066,102,408,609.0,0.0,609.0,687,687,373.20588235294116,14,0,1000000,3000,4
790083,790083,3160332,6067,163,652,1338.0,0.0,1338.0,1428,1428,674.4294478527607,29,0,1000000,3000,4
790222,790222,3160888,6068,139,556,1066.0,0.0,1066.0,1151,1151,561.7841726618705,24,0,1000000,3000,4
790254,790254,3161016,6069,32,128,240.0,0.0,240.0,304,304,168.25,7,0,1000000,3000,4
790455,790455,3161820,6070,201,804,1337.0,0.0,1337.0,1435,1435,717.497512437811,29,0,1000000,3000,4
790521,790521,3162084,6071,66,264,620.0,0.0,620.0,691,691,352.1969696969697,14,0,1000000,3000,4
790606,790606,3162424,6072,85,340,635.0,0.0,635.0,709,709,388.50588235294117,15,0,1000000,3000,4
790728,790728,3162912,6073,122,488,1048.0,0.0,1048.0,1128,1128,554.5,23,0,1000000,3000,4
791036,791036,3164144,6074,308,1232,1316.0,0.0,1316.0,1435,1435,781.288961038961,29,0,1000000,3000,4
791194,791194,3164776,6075,158,632,812.0,0.0,812.0,898,898,608.9240506329114,18,0,1000000,3000,4
791635,791635,3166540,6076,441,1764,982.0,0.0,982.0,1126,1126,773.657596371882,23,0,1000000,3000,4
791882,791882,3167528,6077,247,988,1326.0,0.0,1326.0,1433,1433,722.7773279352226,29,0,1000000,3000,4
791919,791919,3167676,6078,37,148,234.0,0.0,234.0,297,297,168.8108108108108,6,0,1000000,3000,4
792448,792448,3169792,6079,529,2116,962.0,0.0,962.0,1123,1123,801.7088846880907,23,0,1000000,3000,4
792487,792487,3169948,6080,39,156,232.0,0.0,232.0,295,295,167.02564102564102,6,0,1000000,3000,4
792943,792943,3171772,6081,456,1824,752.0,0.0,752.0,898,898,667.811403508772,18,0,1000000,3000,4
793052,793052,3172208,6082,109,436,578.0,0.0,578.0,655,655,388.25688073394497,14,0,1000000,3000,4
793577,793577,3174308,6083,525,2100,739.0,0.0,739.0,898,898,660.4552380952381,18,0,1000000,3000,4
793925,793925,3175700,6084,348,1392,1091.0,0.0,1091.0,1216,1218,720.2586206896551,25,0,1000000,3000,4
794036,794036,3176144,6085,111,444,628.0,0.0,628.0,708,708,377.13513513513516,15,0,1000000,3000,4
794201,794201,3176804,6086,165,660,635.0,0.0,635.0,722,723,460.55757575757576,15,0,1000000,3000,4
794437,794437,3177748,6087,236,944,1312.0,0.0,1312.0,1415,1415,728.7627118644068,29,0,1000000,3000,4
794472,794472,3177888,6088,35,140,245.0,0.0,245.0,308,308,156.85714285714286,7,0,1000000,3000,4
794556,794556,3178224,6089,84,336,627.0,0.0,627.0,700,700,376.82142857142856,15,0,1000000,3000,4
794833,794833,3179332,6090,277,1108,1403.0,0.0,1403.0,1516,1516,790.1913357400722,31,0,1000000,3000,4
794913,794913,3179652,6091,80,320,651.0,0.0,651.0,722,723,380.95,15,0,1000000,3000,4
795061,795061,3180244,6092,148,592,767.0,0.0,767.0,853,853,516.0608108108108,18,0,1000000,3000,4
795168,795168,3180672,6093,107,428,617.0,0.0,617.0,695,695,337.41121495327104,14,0,1000000,3000,4
795343,795343,3181372,6094,175,700,1035.0,0.0,1035.0,1126,1126,573.7028571428572,23,0,1000000,3000,4
795377,795377,3181508,6095,34,136,239.0,0.0,239.0,302,302,167.26470588235293,7,0,1000000,3000,4
795455,795455,3181820,6096,78,312,652.0,0.0,652.0,722,723,373.9102564102564,15,0,1000000,3000,4
795501,795501,3182004,6097,46,184,221.0,0.0,221.0,288,288,164.1304347826087,6,0,1000000,3000,4
795646,795646,3182584,6098,145,580,638.0,0.0,638.0,722,722,480.6,15,0,1000000,3000,4
795938,795938,3183752,6099,292,1168,1305.0,0.0,1305.0,1421,1421,748.4931506849315,29,0,1000000,3000,4
796109,796109,3184436,6100,171,684,1316.0,0.0,1316.0,1406,1406,781.1929824561404,29,0,1000000,3000,4
796138,796138,3184552,6101,29,116,249.0,0.0,249.0,312,312,164.68965517241378,7,0,1000000,3000,4
796181,796181,3184724,6102,43,172,232.0,0.0,232.0,298,298,156.65116279069767,6,0,1000000,3000,4
796405,796405,3185620,6103,224,896,1332.0,0.0,1332.0,1434,1434,670.8125,29,0,1000000,3000,4
796822,796822,3187288,6104,417,1668,998.0,0.0,998.0,1138,1138,656.7913669064748,23,0,1000000,3000,4
796917,796917,3187668,6105,95,380,608.0,0.0,608.0,684,684,389.5578947368421,14,0,1000000,3000,4
796957,796957,3187828,6106,40,160,238.0,0.0,238.0,303,303,150.125,7,0,1000000,3000,4
797053,797053,3188212,6107,96,384,610.0,0.0,610.0,686,686,398.6875,14,0,1000000,3000,4
797257,797257,3189028,6108,204,816,1324.0,0.0,1324.0,1422,1422,727.343137254902,29,0,1000000,3000,4
797420,797420,3189680,6109,163,652,811.0,0.0,811.0,898,898,606.0,18,0,1000000,3000,4
797501,797501,3190004,6110,81,324,618.0,0.0,618.0,691,691,327.2098765432099,14,0,1000000,3000,4
797733,797733,3190932,6111,232,928,1312.0,0.0,1312.0,1414,1414,707.4827586206897,29,0,1000000,3000,4
798048,798048,3192192,6112,315,1260,1902.0,0.0,1902.0,2022,2022,932.7238095238096,41,0,1000000,3000,4
798188,798188,3192752,6113,140,560,712.0,0.0,712.0,796,796,456.27142857142854,16,0,1000000,3000,4
798514,798514,3194056,6114,326,1304,1656.0,0.0,1656.0,1778,1778,858.6257668711656,36,0,1000000,3000,4
798773,798773,3195092,6115,259,1036,1669.0,0.0,1669.0,1777,1777,954.8069498069498,36,0,1000000,3000,4
799039,799039,3196156,6116,266,1064,1018.0,0.0,1018.0,1127,1127,668.6278195488721,23,0,1000000,3000,4
799192,799192,3196768,6117,153,612,1038.0,0.0,1038.0,1123,1123,555.3398692810457,23,0,1000000,3000,4
799323,799323,3197292,6118,131,524,726.0,0.0,726.0,809,809,481.23664122137404,17,0,1000000,3000,4
799487,799487,3197948,6119,164,656,1046.0,0.0,1046.0,1135,1135,599.8536585365854,23,0,1000000,3000,4
799536,799536,3198144,6120,49,196,220.0,0.0,220.0,285,285,163.0,6,0,1000000,3000,4
799985,799985,3199940,6121,449,1796,984.0,0.0,984.0,1130,1130,755.3229398663697,23,0,1000000,3000,4
800488,800488,3201952,6122,503,2012,991.0,0.0,991.0,1149,1149,703.3439363817098,23,0,1000000,3000,4
800647,800647,3202588,6123,159,636,774.0,0.0,774.0,862,862,543.0440251572327,18,0,1000000,3000,4
800890,800890,3203560,6124,243,972,1032.0,0.0,1032.0,1137,1137,603.2921810699588,23,0,1000000,3000,4
800924,800924,3203696,6125,34,136,242.0,0.0,242.0,305,305,158.35294117647058,7,0,1000000,3000,4
800960,800960,3203840,6126,36,144,234.0,0.0,234.0,298,298,171.02777777777777,6,0,1000000,3000,4
800998,800998,3203992,6127,38,152,236.0,0.0,236.0,301,301,159.71052631578948,7,0,1000000,3000,4
801030,801030,3204120,6128,32,128,240.0,0.0,240.0,304,304,157.625,7,0,1000000,3000,4
801453,801453,3205812,6129,423,1692,2334.0,0.0,2334.0,2474,2474,1107.5177304964539,50,0,1000000,3000,4
801659,801659,3206636,6130,206,824,802.0,0.0,802.0,898,898,537.8155339805825,18,0,1000000,3000,4
801880,801880,3207520,6131,221,884,1314.0,0.0,1314.0,1414,1414,731.5022624434389,29,0,1000000,3000,4
801968,801968,3207872,6132,88,352,613.0,0.0,613.0,688,688,334.0113636363636,14,0,1000000,3000,4
802053,802053,3208212,6133,85,340,629.0,0.0,629.0,702,702,349.49411764705883,15,0,1000000,3000,4
802091,802091,3208364,6134,38,152,240.0,0.0,240.0,304,304,160.55263157894737,7,0,1000000,3000,4
802243,802243,3208972,6135,152,608,748.0,0.0,748.0,835,835,501.57894736842104,17,0,1000000,3000,4
802356,802356,3209424,6136,113,452,600.0,0.0,600.0,679,679,391.1061946902655,14,0,1000000,3000,4
802665,802665,3210660,6137,309,1236,782.0,0.0,782.0,898,898,627.0485436893204,18,0,1000000,3000,4
802960,802960,3211840,6138,295,1180,1292.0,0.0,1292.0,1407,1407,712.8305084745763,29,0,1000000,3000,4
803220,803220,3212880,6139,260,1040,1022.0,0.0,1022.0,1129,1129,629.4692307692308,23,0,1000000,3000,4
803381,803381,3213524,6140,161,644,768.0,0.0,768.0,857,857,538.0993788819876,18,0,1000000,3000,4
803486,803486,3213944,6141,105,420,610.0,0.0,610.0,687,687,385.04761904761904,14,0,1000000,3000,4
803652,803652,3214608,6142,166,664,759.0,0.0,759.0,850,850,535.4397590361446,18,0,1000000,3000,4
803726,803726,3214904,6143,74,296,618.0,0.0,618.0,689,689,330.81081081081084,14,0,1000000,3000,4
803955,803955,3215820,6144,229,916,1036.0,0.0,1036.0,1138,1138,639.6069868995634,23,0,1000000,3000,4
804123,804123,3216492,6145,168,672,810.0,0.0,810.0,898,898,559.8809523809524,18,0,1000000,3000,4
804218,804218,3216872,6146,95,380,629.0,0.0,629.0,704,704,381.0421052631579,15,0,1000000,3000,4
804252,804252,3217008,6147,34,136,238.0,0.0,238.0,302,302,169.2941176470588,7,0,1000000,3000,4
804293,804293,3217172,6148,41,164,226.0,0.0,226.0,292,292,166.0487804878049,6,0,1000000,3000,4
804522,804522,3218088,6149,229,916,798.0,0.0,798.0,898,899,638.4410480349345,18,0,1000000,3000,4
804714,804714,3218856,6150,192,768,1044.0,0.0,1044.0,1138,1138,612.0104166666666,23,0,1000000,3000,4
804969,804969,3219876,6151,255,1020,1306.0,0.0,1306.0,1414,1414,725.1254901960784,29,0,1000000,3000,4
805002,805002,3220008,6152,33,132,244.0,0.0,244.0,308,308,166.0909090909091,7,0,1000000,3000,4
805105,805105,3220420,6153,103,412,606.0,0.0,606.0,682,682,400.9514563106796,14,0,1000000,3000,4
805192,805192,3220768,6154,87,348,619.0,0.0,619.0,694,694,403.2988505747126,14,0,1000000,3000,4
805300,805300,3221200,6155,108,432,734.0,0.0,734.0,812,812,492.80555555555554,17,0,1000000,3000,4
805333,805333,3221332,6156,33,132,252.0,0.0,252.0,316,316,155.21212121212122,7,0,1000000,3000,4
805420,805420,3221680,6157,87,348,609.0,0.0,609.0,684,684,336.13793103448273,14,0,1000000,3000,4
805629,805629,3222516,6158,209,836,1040.0,0.0,1040.0,1138,1138,635.5980861244019,23,0,1000000,3000,4
805664,805664,3222656,6159,35,140,241.0,0.0,241.0,305,305,155.9142857142857,7,0,1000000,3000,4
805878,805878,3223512,6160,214,856,1334.0,0.0,1334.0,1434,1434,722.3317757009346,29,0,1000000,3000,4
805908,805908,3223632,6161,30,120,249.0,0.0,249.0,313,313,156.46666666666667,7,0,1000000,3000,4
806092,806092,3224368,6162,184,736,762.0,0.0,762.0,855,855,525.625,18,0,1000000,3000,4
806268,806268,3225072,6163,176,704,722.0,0.0,722.0,815,815,507.27840909090907,17,0,1000000,3000,4
806447,806447,3225788,6164,179,716,1045.0,0.0,1045.0,1137,1137,649.4525139664804,23,0,1000000,3000,4
806586,806586,3226344,6165,139,556,640.0,0.0,640.0,722,722,514.841726618705,15,0,1000000,3000,4
806659,806659,3226636,6166,73,292,625.0,0.0,625.0,697,697,372.05479452054794,14,0,1000000,3000,4
806971,806971,3227884,6167,312,1248,1035.0,0.0,1035.0,1155,1155,728.5576923076923,24,0,1000000,3000,4
807056,807056,3228224,6168,85,340,637.0,0.0,637.0,711,711,381.6,15,0,1000000,3000,4
807249,807249,3228996,6169,193,772,1691.0,0.0,1691.0,1786,1786,887.6476683937824,36,0,1000000,3000,4
807473,807473,3229892,6170,224,896,1696.0,0.0,1696.0,1798,1798,846.3616071428571,36,0,1000000,3000,4
807689,807689,3230756,6171,216,864,1031.0,0.0,1031.0,1130,1130,644.4583333333334,23,0,1000000,3000,4
807732,807732,3230928,6172,43,172,225.0,0.0,225.0,290,290,165.7906976744186,6,0,1000000,3000,4
807970,807970,3231880,6173,238,952,1909.0,0.0,1909.0,2014,2014,955.1722689075631,41,0,1000000,3000,4
808115,808115,3232460,6174,145,580,1042.0,0.0,1042.0,1126,1126,538.0206896551724,23,0,1000000,3000,4
808216,808216,3232864,6175,101,404,628.0,0.0,628.0,706,706,378.23762376237624,15,0,1000000,3000,4
808248,808248,3232992,6176,32,128,247.0,0.0,247.0,311,311,149.71875,7,0,1000000,3000,4
808339,808339,3233356,6177,91,364,635.0,0.0,635.0,711,711,366.35164835164835,15,0,1000000,3000,4
808558,808558,3234232,6178,219,876,1321.0,0.0,1321.0,1422,1422,703.7123287671233,29,0,1000000,3000,4
808630,808630,3234520,6179,72,288,653.0,0.0,653.0,722,722,379.19444444444446,15,0,1000000,3000,4
808738,808738,3234952,6180,108,432,596.0,0.0,596.0,673,673,383.3240740740741,14,0,1000000,3000,4
808767,808767,3235068,6181,29,116,248.0,0.0,248.0,310,310,158.82758620689654,7,0,1000000,3000,4
808802,808802,3235208,6182,35,140,245.0,0.0,245.0,310,310,139.28571428571428,7,0,1000000,3000,4
808893,808893,3235572,6183,91,364,620.0,0.0,620.0,695,695,389.3296703296703,14,0,1000000,3000,4
808987,808987,3235948,6184,94,376,626.0,0.0,626.0,702,702,367.8510638297872,15,0,1000000,3000,4
809160,809160,3236640,6185,173,692,1321.0,0.0,1321.0,1412,1412,737.7572254335261,29,0,1000000,3000,4
809195,809195,3236780,6186,35,140,240.0,0.0,240.0,305,305,151.2,7,0,1000000,3000,4
809320,809320,3237280,6187,125,500,709.0,0.0,709.0,789,789,422.208,16,0,1000000,3000,4
809438,809438,3237752,6188,118,472,619.0,0.0,619.0,700,700,368.97457627118644,15,0,1000000,3000,4
809607,809607,3238428,6189,169,676,1034.0,0.0,1034.0,1122,1123,619.7869822485208,23,0,1000000,3000,4
809793,809793,3239172,6190,186,744,1338.0,0.0,1338.0,1433,1433,738.9032258064516,29,0,1000000,3000,4
809822,809822,3239288,6191,29,116,248.0,0.0,248.0,310,310,155.9655172413793,7,0,1000000,3000,4
809963,809963,3239852,6192,141,564,786.0,0.0,786.0,871,871,520.886524822695,18,0,1000000,3000,4
810063,810063,3240252,6193,100,400,626.0,0.0,626.0,702,702,382.61,15,0,1000000,3000,4
810099,810099,3240396,6194,36,144,240.0,0.0,240.0,305,305,158.44444444444446,7,0,1000000,3000,4
810130,810130,3240520,6195,31,124,247.0,0.0,247.0,310,310,158.09677419354838,7,0,1000000,3000,4
810327,810327,3241308,6196,197,788,1314.0,0.0,1314.0,1410,1410,683.5126903553299,29,0,1000000,3000,4
810409,810409,3241636,6197,82,328,610.0,0.0,610.0,684,684,347.1829268292683,14,0,1000000,3000,4
810507,810507,3242028,6198,98,392,617.0,0.0,617.0,693,693,405.1530612244898,14,0,1000000,3000,4
810546,810546,3242184,6199,39,156,238.0,0.0,238.0,302,302,156.92307692307693,7,0,1000000,3000,4
810679,810679,3242716,6200,133,532,758.0,0.0,758.0,842,842,503.6616541353383,17,0,1000000,3000,4
810816,810816,3243264,6201,137,548,1044.0,0.0,1044.0,1127,1127,613.4525547445255,23,0,1000000,3000,4
811032,811032,3244128,6202,216,864,1029.0,0.0,1029.0,1128,1128,640.2314814814815,23,0,1000000,3000,4
811074,811074,3244296,6203,42,168,235.0,0.0,235.0,301,301,159.21428571428572,7,0,1000000,3000,4
811183,811183,3244732,6204,109,436,605.0,0.0,605.0,684,684,397.6697247706422,14,0,1000000,3000,4
811357,811357,3245428,6205,174,696,1342.0,0.0,1342.0,1434,1434,710.8448275862069,29,0,1000000,3000,4
811483,811483,3245932,6206,126,504,818.0,0.0,818.0,898,898,577.2222222222222,18,0,1000000,3000,4
811691,811691,3246764,6207,208,832,1336.0,0.0,1336.0,1435,1435,658.8413461538462,29,0,1000000,3000,4
811723,811723,3246892,6208,32,128,248.0,0.0,248.0,312,312,154.34375,7,0,1000000,3000,4
811759,811759,3247036,6209,36,144,244.0,0.0,244.0,309,309,150.94444444444446,7,0,1000000,3000,4
811790,811790,3247160,6210,31,124,248.0,0.0,248.0,311,311,152.8709677419355,7,0,1000000,3000,4
811974,811974,3247896,6211,184,736,1336.0,0.0,1336.0,1430,1430,728.2989130434783,29,0,1000000,3000,4
812018,812018,3248072,6212,44,176,233.0,0.0,233.0,298,298,151.13636363636363,6,0,1000000,3000,4
812211,812211,3248844,6213,193,772,1336.0,0.0,1336.0,1432,1432,731.9170984455959,29,0,1000000,3000,4
812243,812243,3248972,6214,32,128,248.0,0.0,248.0,312,312,151.4375,7,0,1000000,3000,4
812492,812492,3249968,6215,249,996,1664.0,0.0,1664.0,1769,1769,876.843373493976,36,0,1000000,3000,4
812542,812542,3250168,6216,50,200,220.0,0.0,220.0,285,285,154.16,6,0,1000000,3000,4
812662,812662,3250648,6217,120,480,601.0,0.0,601.0,681,681,358.2916666666667,14,0,1000000,3000,4
812929,812929,3251716,6218,267,1068,1028.0,0.0,1028.0,1138,1138,634.1985018726592,23,0,1000000,3000,4
813000,813000,3252000,6219,71,284,613.0,0.0,613.0,685,685,314.2676056338028,14,0,1000000,3000,4
813103,813103,3252412,6220,103,412,619.0,0.0,619.0,697,697,310.70873786407765,14,0,1000000,3000,4
813339,813339,3253356,6221,236,944,1032.0,0.0,1032.0,1136,1136,627.5296610169491,23,0,1000000,3000,4
813373,813373,3253492,6222,34,136,246.0,0.0,246.0,309,309,147.2058823529412,7,0,1000000,3000,4
813407,813407,3253628,6223,34,136,245.0,0.0,245.0,309,309,144.0,7,0,1000000,3000,4
813516,813516,3254064,6224,109,436,605.0,0.0,605.0,683,683,395.0091743119266,14,0,1000000,3000,4
813615,813615,3254460,6225,99,396,597.0,0.0,597.0,673,673,408.54545454545456,14,0,1000000,3000,4
813718,813718,3254872,6226,103,412,599.0,0.0,599.0,675,675,377.6116504854369,14,0,1000000,3000,4
813764,813764,3255056,6227,46,184,230.0,0.0,230.0,296,296,151.5,6,0,1000000,3000,4
813800,813800,3255200,6228,36,144,248.0,0.0,248.0,311,311,148.52777777777777,7,0,1000000,3000,4
814049,814049,3256196,6229,249,996,1133.0,0.0,1133.0,1240,1240,661.5461847389558,25,0,1000000,3000,4
814085,814085,3256340,6230,36,144,244.0,0.0,244.0,307,307,150.75,7,0,1000000,3000,4
814343,814343,3257372,6231,258,1032,792.0,0.0,792.0,898,899,551.2829457364342,18,0,1000000,3000,4
814392,814392,3257568,6232,49,196,223.0,0.0,223.0,289,289,142.57142857142858,6,0,1000000,3000,4
814618,814618,3258472,6233,226,904,781.0,0.0,781.0,883,883,513.8761061946902,18,0,1000000,3000,4
814658,814658,3258632,6234,40,160,237.0,0.0,237.0,301,301,155.8,7,0,1000000,3000,4
814695,814695,3258780,6235,37,148,247.0,0.0,247.0,310,310,140.6216216216216,7,0,1000000,3000,4
814740,814740,3258960,6236,45,180,228.0,0.0,228.0,293,293,152.66666666666666,6,0,1000000,3000,4
814785,814785,3259140,6237,45,180,227.0,0.0,227.0,291,291,153.53333333333333,6,0,1000000,3000,4
815307,815307,3261228,6238,522,2088,641.0,0.0,641.0,801,801,631.3256704980843,17,0,1000000,3000,4
815533,815533,3262132,6239,226,904,622.0,0.0,622.0,722,723,517.7345132743363,15,0,1000000,3000,4
815582,815582,3262328,6240,49,196,222.0,0.0,222.0,287,287,154.12244897959184,6,0,1000000,3000,4
815623,815623,3262492,6241,41,164,243.0,0.0,243.0,309,309,133.65853658536585,7,0,1000000,3000,4
815848,815848,3263392,6242,225,900,798.0,0.0,798.0,898,899,545.8266666666667,18,0,1000000,3000,4
815901,815901,3263604,6243,53,212,232.0,0.0,232.0,300,300,118.71698113207547,7,0,1000000,3000,4
816073,816073,3264292,6244,172,688,581.0,0.0,581.0,672,672,480.80232558139534,14,0,1000000,3000,4
816130,816130,3264520,6245,57,228,197.0,0.0,197.0,263,263,167.19298245614036,6,0,1000000,3000,4
816198,816198,3264792,6246,68,272,194.0,0.0,194.0,263,263,132.61764705882354,6,0,1000000,3000,4
816275,816275,3265100,6247,77,308,174.0,0.0,174.0,246,246,137.84415584415584,5,0,1000000,3000,4
816320,816320,3265280,6248,45,180,227.0,0.0,227.0,293,293,150.75555555555556,6,0,1000000,3000,4
816364,816364,3265456,6249,44,176,243.0,0.0,243.0,308,308,133.47727272727272,7,0,1000000,3000,4
816581,816581,3266324,6250,217,868,727.0,0.0,727.0,828,828,501.55760368663596,17,0,1000000,3000,4
816899,816899,3267596,6251,318,1272,1011.0,0.0,1011.0,1131,1131,596.8427672955975,23,0,1000000,3000,4
817045,817045,3268180,6252,146,584,612.0,0.0,612.0,697,697,464.3904109589041,14,0,1000000,3000,4
817084,817084,3268336,6253,39,156,249.0,0.0,249.0,314,314,138.2051282051282,7,0,1000000,3000,4
817198,817198,3268792,6254,114,456,581.0,0.0,581.0,660,660,396.93859649122805,14,0,1000000,3000,4
817387,817387,3269548,6255,189,756,750.0,0.0,750.0,844,844,511.4232804232804,17,0,1000000,3000,4
817533,817533,3270132,6256,146,584,750.0,0.0,750.0,835,835,494.97945205479454,17,0,1000000,3000,4
817579,817579,3270316,6257,46,184,227.0,0.0,227.0,293,293,145.91304347826087,6,0,1000000,3000,4
817807,817807,3271228,6258,228,912,1330.0,0.0,1330.0,1433,1433,679.5350877192982,29,0,1000000,3000,4
817880,817880,3271520,6259,73,292,611.0,0.0,611.0,683,683,324.45205479452056,14,0,1000000,3000,4
817924,817924,3271696,6260,44,176,233.0,0.0,233.0,297,297,148.8409090909091,6,0,1000000,3000,4
818312,818312,3273248,6261,388,1552,709.0,0.0,709.0,843,843,617.3041237113403,17,0,1000000,3000,4
818558,818558,3274232,6262,246,984,1301.0,0.0,1301.0,1406,1406,712.7235772357724,29,0,1000000,3000,4
818717,818717,3274868,6263,159,636,812.0,0.0,812.0,898,898,519.4654088050314,18,0,1000000,3000,4
818799,818799,3275196,6264,82,328,608.0,0.0,608.0,682,682,345.2926829268293,14,0,1000000,3000,4
818982,818982,3275928,6265,183,732,1036.0,0.0,1036.0,1128,1128,622.0109289617486,23,0,1000000,3000,4
819021,819021,3276084,6266,39,156,240.0,0.0,240.0,304,304,154.46153846153845,7,0,1000000,3000,4
819117,819117,3276468,6267,96,384,613.0,0.0,613.0,690,690,319.1770833333333,14,0,1000000,3000,4
819440,819440,3277760,6268,323,1292,1017.0,0.0,1017.0,1138,1138,731.5634674922601,23,0,1000000,3000,4
819514,819514,3278056,6269,74,296,635.0,0.0,635.0,706,706,363.81081081081084,15,0,1000000,3000,4
819558,819558,3278232,6270,44,176,221.0,0.0,221.0,286,286,163.61363636363637,6,0,1000000,3000,4
819593,819593,3278372,6271,35,140,239.0,0.0,239.0,302,302,153.31428571428572,7,0,1000000,3000,4
819693,819693,3278772,6272,100,400,617.0,0.0,617.0,695,695,371.84,14,0,1000000,3000,4
819862,819862,3279448,6273,169,676,634.0,0.0,634.0,722,722,463.7278106508876,15,0,1000000,3000,4
819908,819908,3279632,6274,46,184,221.0,0.0,221.0,287,287,163.45652173913044,6,0,1000000,3000,4
820013,820013,3280052,6275,105,420,616.0,0.0,616.0,695,695,393.3809523809524,14,0,1000000,3000,4
820089,820089,3280356,6276,76,304,610.0,0.0,610.0,681,681,338.0,14,0,1000000,3000,4
820134,820134,3280536,6277,45,180,220.0,0.0,220.0,284,284,169.6888888888889,6,0,1000000,3000,4
820164,820164,3280656,6278,30,120,247.0,0.0,247.0,310,310,155.26666666666668,7,0,1000000,3000,4
820529,820529,3282116,6279,365,1460,1287.0,0.0,1287.0,1414,1414,734.5013698630137,29,0,1000000,3000,4
820566,820566,3282264,6280,37,148,249.0,0.0,249.0,314,314,141.24324324324326,7,0,1000000,3000,4
820818,820818,3283272,6281,252,1008,1135.0,0.0,1135.0,1243,1243,666.7857142857143,25,0,1000000,3000,4
820856,820856,3283424,6282,38,152,246.0,0.0,246.0,310,310,144.1578947368421,7,0,1000000,3000,4
820893,820893,3283572,6283,37,148,248.0,0.0,248.0,313,313,135.86486486486487,7,0,1000000,3000,4
821052,821052,3284208,6284,159,636,741.0,0.0,741.0,829,829,475.3207547169811,17,0,1000000,3000,4
821160,821160,3284640,6285,108,432,598.0,0.0,598.0,676,676,392.93518518518516,14,0,1000000,3000,4
821305,821305,3285220,6286,145,580,733.0,0.0,733.0,820,820,463.1862068965517,17,0,1000000,3000,4
821470,821470,3285880,6287,165,660,1061.0,0.0,1061.0,1151,1151,586.7757575757576,24,0,1000000,3000,4
821502,821502,3286008,6288,32,128,241.0,0.0,241.0,303,303,167.375,7,0,1000000,3000,4
821580,821580,3286320,6289,78,312,609.0,0.0,609.0,682,682,322.34615384615387,14,0,1000000,3000,4
821769,821769,3287076,6290,189,756,1031.0,0.0,1031.0,1124,1124,592.7724867724868,23,0,1000000,3000,4
821979,821979,3287916,6291,210,840,1044.0,0.0,1044.0,1141,1141,632.5619047619048,23,0,1000000,3000,4
822014,822014,3288056,6292,35,140,237.0,0.0,237.0,301,301,168.94285714285715,7,0,1000000,3000,4
822201,822201,3288804,6293,187,748,1151.0,0.0,1151.0,1246,1246,617.1497326203208,25,0,1000000,3000,4
822417,822417,3289668,6294,216,864,1143.0,0.0,1143.0,1244,1244,633.8935185185185,25,0,1000000,3000,4
822494,822494,3289976,6295,77,308,628.0,0.0,628.0,701,701,372.8961038961039,15,0,1000000,3000,4
822652,822652,3290608,6296,158,632,812.0,0.0,812.0,898,899,585.3924050632911,18,0,1000000,3000,4
822871,822871,3291484,6297,219,876,1559.0,0.0,1559.0,1660,1660,803.3424657534247,34,0,1000000,3000,4
822902,822902,3291608,6298,31,124,244.0,0.0,244.0,308,308,155.03225806451613,7,0,1000000,3000,4
822944,822944,3291776,6299,42,168,230.0,0.0,230.0,295,295,155.1904761904762,6,0,1000000,3000,4
822976,822976,3291904,6300,32,128,250.0,0.0,250.0,314,314,150.90625,7,0,1000000,3000,4
823091,823091,3292364,6301,115,460,624.0,0.0,624.0,704,704,359.2782608695652,15,0,1000000,3000,4
823250,823250,3293000,6302,159,636,1040.0,0.0,1040.0,1127,1127,598.3207547169811,23,0,1000000,3000,4
823449,823449,3293796,6303,199,796,1314.0,0.0,1314.0,1410,1410,718.6331658291457,29,0,1000000,3000,4
823622,823622,3294488,6304,173,692,809.0,0.0,809.0,898,898,552.6127167630058,18,0,1000000,3000,4
823664,823664,3294656,6305,42,168,233.0,0.0,233.0,298,298,150.38095238095238,6,0,1000000,3000,4
823699,823699,3294796,6306,35,140,246.0,0.0,246.0,310,310,156.42857142857142,7,0,1000000,3000,4
823862,823862,3295448,6307,163,652,1038.0,0.0,1038.0,1125,1125,577.9386503067485,23,0,1000000,3000,4
823949,823949,3295796,6308,87,348,629.0,0.0,629.0,704,704,362.57471264367814,15,0,1000000,3000,4
824041,824041,3296164,6309,92,368,608.0,0.0,608.0,684,684,334.9891304347826,14,0,1000000,3000,4
824076,824076,3296304,6310,35,140,251.0,0.0,251.0,315,315,150.8,7,0,1000000,3000,4
824372,824372,3297488,6311,296,1184,1296.0,0.0,1296.0,1411,1411,743.5574324324324,29,0,1000000,3000,4
824464,824464,3297856,6312,92,368,630.0,0.0,630.0,705,705,382.9130434782609,15,0,1000000,3000,4
824579,824579,3298316,6313,115,460,615.0,0.0,615.0,696,696,371.0521739130435,14,0,1000000,3000,4
824722,824722,3298888,6314,143,572,735.0,0.0,735.0,820,820,523.0419580419581,17,0,1000000,3000,4
824758,824758,3299032,6315,36,144,242.0,0.0,242.0,306,306,158.86111111111111,7,0,1000000,3000,4
824864,824864,3299456,6316,106,424,622.0,0.0,622.0,701,701,389.58490566037733,15,0,1000000,3000,4
824954,824954,3299816,6317,90,360,614.0,0.0,614.0,690,690,407.26666666666665,14,0,1000000,3000,4
825058,825058,3300232,6318,104,416,634.0,0.0,634.0,712,712,372.0576923076923,15,0,1000000,3000,4
825133,825133,3300532,6319,75,300,628.0,0.0,628.0,700,700,363.62666666666667,15,0,1000000,3000,4
825169,825169,3300676,6320,36,144,234.0,0.0,234.0,298,298,164.25,6,0,1000000,3000,4
825316,825316,3301264,6321,147,588,1046.0,0.0,1046.0,1131,1131,621.3401360544218,23,0,1000000,3000,4
825350,825350,3301400,6322,34,136,247.0,0.0,247.0,311,311,146.2941176470588,7,0,1000000,3000,4
825551,825551,3302204,6323,201,804,1034.0,0.0,1034.0,1130,1130,643.2985074626865,23,0,1000000,3000,4
825773,825773,3303092,6324,222,888,1131.0,0.0,1131.0,1233,1233,657.5,25,0,1000000,3000,4
826010,826010,3304040,6325,237,948,1310.0,0.0,1310.0,1414,1414,714.5611814345991,29,0,1000000,3000,4
826041,826041,3304164,6326,31,124,242.0,0.0,242.0,306,306,163.09677419354838,7,0,1000000,3000,4
826071,826071,3304284,6327,30,120,246.0,0.0,246.0,310,310,149.33333333333334,7,0,1000000,3000,4
826270,826270,3305080,6328,199,796,1034.0,0.0,1034.0,1129,1129,612.2110552763819,23,0,1000000,3000,4
826481,826481,3305924,6329,211,844,1050.0,0.0,1050.0,1150,1150,590.5355450236967,24,0,1000000,3000,4
826842,826842,3307368,6330,361,1444,2345.0,0.0,2345.0,2473,2473,1212.5650969529086,50,0,1000000,3000,4
826873,826873,3307492,6331,31,124,241.0,0.0,241.0,304,304,163.74193548387098,7,0,1000000,3000,4
826978,826978,3307912,6332,105,420,631.0,0.0,631.0,710,710,367.42857142857144,15,0,1000000,3000,4
827015,827015,3308060,6333,37,148,236.0,0.0,236.0,300,300,166.45945945945945,7,0,1000000,3000,4
827096,827096,3308384,6334,81,324,605.0,0.0,605.0,679,679,326.81481481481484,14,0,1000000,3000,4
827272,827272,3309088,6335,176,704,1045.0,0.0,1045.0,1137,1137,633.4829545454545,23,0,1000000,3000,4
827471,827471,3309884,6336,199,796,1033.0,0.0,1033.0,1128,1128,602.9095477386935,23,0,1000000,3000,4
827504,827504,3310016,6337,33,132,248.0,0.0,248.0,312,312,146.66666666666666,7,0,1000000,3000,4
827540,827540,3310160,6338,36,144,242.0,0.0,242.0,306,306,158.44444444444446,7,0,1000000,3000,4
827740,827740,3310960,6339,200,800,1148.0,0.0,1148.0,1245,1245,619.095,25,0,1000000,3000,4
827773,827773,3311092,6340,33,132,248.0,0.0,248.0,312,312,149.3939393939394,7,0,1000000,3000,4
827862,827862,3311448,6341,89,356,626.0,0.0,626.0,700,700,361.9325842696629,15,0,1000000,3000,4
828021,828021,3312084,6342,159,636,733.0,0.0,733.0,821,821,521.6666666666666,17,0,1000000,3000,4
828064,828064,3312256,6343,43,172,222.0,0.0,222.0,287,287,170.37209302325581,6,0,1000000,3000,4
828168,828168,3312672,6344,104,416,583.0,0.0,583.0,660,660,417.08653846153845,14,0,1000000,3000,4
828370,828370,3313480,6345,202,808,723.0,0.0,723.0,820,820,553.8712871287129,17,0,1000000,3000,4
828407,828407,3313628,6346,37,148,247.0,0.0,247.0,312,312,147.75675675675674,7,0,1000000,3000,4
828478,828478,3313912,6347,71,284,620.0,0.0,620.0,692,692,344.80281690140845,14,0,1000000,3000,4
828581,828581,3314324,6348,103,412,605.0,0.0,605.0,683,683,371.9611650485437,14,0,1000000,3000,4
828618,828618,3314472,6349,37,148,223.0,0.0,223.0,287,287,169.86486486486487,6,0,1000000,3000,4
828705,828705,3314820,6350,87,348,611.0,0.0,611.0,686,686,334.32183908045977,14,0,1000000,3000,4
828869,828869,3315476,6351,164,656,811.0,0.0,811.0,898,898,556.9451219512196,18,0,1000000,3000,4
829014,829014,3316056,6352,145,580,731.0,0.0,731.0,816,816,489.3724137931035,17,0,1000000,3000,4
829053,829053,3316212,6353,39,156,247.0,0.0,247.0,312,312,141.5897435897436,7,0,1000000,3000,4
829087,829087,3316348,6354,34,136,252.0,0.0,252.0,316,316,148.11764705882354,7,0,1000000,3000,4
829127,829127,3316508,6355,40,160,244.0,0.0,244.0,307,307,143.0,7,0,1000000,3000,4
829234,829234,3316936,6356,107,428,625.0,0.0,625.0,703,703,365.5420560747664,15,0,1000000,3000,4
829491,829491,3317964,6357,257,1028,1572.0,0.0,1572.0,1681,1681,771.6342412451362,34,0,1000000,3000,4
829650,829650,3318600,6358,159,636,812.0,0.0,812.0,898,898,557.7672955974842,18,0,1000000,3000,4
829810,829810,3319240,6359,160,640,1042.0,0.0,1042.0,1129,1129,615.35625,23,0,1000000,3000,4
829889,829889,3319556,6360,79,316,636.0,0.0,636.0,709,709,367.37974683544303,15,0,1000000,3000,4
829981,829981,3319924,6361,92,368,627.0,0.0,627.0,702,702,389.5,15,0,1000000,3000,4
830053,830053,3320212,6362,72,288,611.0,0.0,611.0,683,683,322.2638888888889,14,0,1000000,3000,4
830304,830304,3321216,6363,251,1004,1135.0,0.0,1135.0,1243,1243,647.8127490039841,25,0,1000000,3000,4
830447,830447,3321788,6364,143,572,745.0,0.0,745.0,830,830,487.2937062937063,17,0,1000000,3000,4
830479,830479,3321916,6365,32,128,244.0,0.0,244.0,308,308,164.78125,7,0,1000000,3000,4
830610,830610,3322440,6366,131,524,741.0,0.0,741.0,825,825,497.14503816793894,17,0,1000000,3000,4
830639,830639,3322556,6367,29,116,250.0,0.0,250.0,313,313,159.79310344827587,7,0,1000000,3000,4
830674,830674,3322696,6368,35,140,234.0,0.0,234.0,299,299,162.9142857142857,6,0,1000000,3000,4
830842,830842,3323368,6369,168,672,810.0,0.0,810.0,898,898,565.4464285714286,18,0,1000000,3000,4
830946,830946,3323784,6370,104,416,614.0,0.0,614.0,692,692,372.8557692307692,14,0,1000000,3000,4
831092,831092,3324368,6371,146,584,638.0,0.0,638.0,722,723,514.3287671232877,15,0,1000000,3000,4
831130,831130,3324520,6372,38,152,238.0,0.0,238.0,303,303,150.3684210526316,7,0,1000000,3000,4
831298,831298,3325192,6373,168,672,1043.0,0.0,1043.0,1133,1133,623.2083333333334,23,0,1000000,3000,4
831377,831377,3325508,6374,79,316,630.0,0.0,630.0,702,702,399.0632911392405,15,0,1000000,3000,4
831413,831413,3325652,6375,36,144,243.0,0.0,243.0,308,308,146.94444444444446,7,0,1000000,3000,4
831505,831505,3326020,6376,92,368,635.0,0.0,635.0,710,710,371.14130434782606,15,0,1000000,3000,4
831662,831662,3326648,6377,157,628,812.0,0.0,812.0,898,900,594.4649681528663,19,0,1000000,3000,4
831805,831805,3327220,6378,143,572,815.0,0.0,815.0,898,898,574.4615384615385,18,0,1000000,3000,4
832085,832085,3328340,6379,280,1120,1310.0,0.0,1310.0,1424,1424,744.375,29,0,1000000,3000,4
832251,832251,3329004,6380,166,664,1046.0,0.0,1046.0,1136,1136,601.5903614457832,23,0,1000000,3000,4
832338,832338,3329352,6381,87,348,610.0,0.0,610.0,684,684,403.1034482758621,14,0,1000000,3000,4
832540,832540,3330160,6382,202,808,803.0,0.0,803.0,898,899,569.9455445544554,18,0,1000000,3000,4
832639,832639,3330556,6383,99,396,624.0,0.0,624.0,701,701,366.72727272727275,15,0,1000000,3000,4
832759,832759,3331036,6384,120,480,738.0,0.0,738.0,817,817,495.4,17,0,1000000,3000,4
832945,832945,3331780,6385,186,744,731.0,0.0,731.0,825,825,541.0860215053764,17,0,1000000,3000,4
833086,833086,3332344,6386,141,564,1044.0,0.0,1044.0,1128,1128,549.5744680851063,23,0,1000000,3000,4
833253,833253,3333012,6387,167,668,1331.0,0.0,1331.0,1421,1421,692.8263473053893,29,0,1000000,3000,4
833596,833596,3334384,6388,343,1372,1306.0,0.0,1306.0,1432,1432,754.4227405247814,29,0,1000000,3000,4
833708,833708,3334832,6389,112,448,595.0,0.0,595.0,674,674,398.66964285714283,14,0,1000000,3000,4
833834,833834,3335336,6390,126,504,719.0,0.0,719.0,802,802,469.64285714285717,17,0,1000000,3000,4
833874,833874,3335496,6391,40,160,233.0,0.0,233.0,297,297,165.575,6,0,1000000,3000,4
833988,833988,3335952,6392,114,456,621.0,0.0,621.0,701,701,375.35087719298247,15,0,1000000,3000,4
834251,834251,3337004,6393,263,1052,1146.0,0.0,1146.0,1254,1254,625.9391634980989,26,0,1000000,3000,4
834466,834466,3337864,6394,215,860,1037.0,0.0,1037.0,1137,1137,607.9488372093023,23,0,1000000,3000,4
834727,834727,3338908,6395,261,1044,791.0,0.0,791.0,898,898,651.383141762452,18,0,1000000,3000,4
834836,834836,3339344,6396,109,436,629.0,0.0,629.0,707,707,360.88990825688074,15,0,1000000,3000,4
834992,834992,3339968,6397,156,624,1039.0,0.0,1039.0,1125,1125,527.7179487179487,23,0,1000000,3000,4
835268,835268,3341072,6398,276,1104,1322.0,0.0,1322.0,1435,1435,700.6340579710145,29,0,1000000,3000,4
835385,835385,3341540,6399,117,468,581.0,0.0,581.0,661,661,391.38461538461536,14,0,1000000,3000,4
835543,835543,3342172,6400,158,632,812.0,0.0,812.0,898,898,536.1518987341772,18,0,1000000,3000,4
835636,835636,3342544,6401,93,372,621.0,0.0,621.0,696,696,368.3440860215054,14,0,1000000,3000,4
835752,835752,3343008,6402,116,464,605.0,0.0,605.0,685,685,366.0689655172414,14,0,1000000,3000,4
835794,835794,3343176,6403,42,168,229.0,0.0,229.0,294,294,159.71428571428572,6,0,1000000,3000,4
835984,835984,3343936,6404,190,760,1030.0,0.0,1030.0,1123,1123,646.9421052631579,23,0,1000000,3000,4
836163,836163,3344652,6405,179,716,737.0,0.0,737.0,829,829,542.4301675977654,17,0,1000000,3000,4
836412,836412,3345648,6406,249,996,1311.0,0.0,1311.0,1417,1417,729.4738955823293,29,0,1000000,3000,4
836457,836457,3345828,6407,45,180,228.0,0.0,228.0,293,293,152.77777777777777,6,0,1000000,3000,4
836493,836493,3345972,6408,36,144,242.0,0.0,242.0,307,307,159.08333333333334,7,0,1000000,3000,4
836538,836538,3346152,6409,45,180,228.0,0.0,228.0,293,293,154.66666666666666,6,0,1000000,3000,4
836588,836588,3346352,6410,50,200,209.0,0.0,209.0,274,274,172.94,6,0,1000000,3000,4
836788,836788,3347152,6411,200,800,800.0,0.0,800.0,895,898,508.29,18,0,1000000,3000,4
836941,836941,3347764,6412,153,612,603.0,0.0,603.0,689,689,341.3267973856209,14,0,1000000,3000,4
837304,837304,3349216,6413,363,1452,1281.0,0.0,1281.0,1409,1409,733.7300275482094,29,0,1000000,3000,4
837885,837885,3351540,6414,581,2324,956.0,0.0,956.0,1127,1127,691.4457831325301,23,0,1000000,3000,4
838136,838136,3352544,6415,251,1004,1032.0,0.0,1032.0,1138,1138,577.5617529880478,23,0,1000000,3000,4
838176,838176,3352704,6416,40,160,232.0,0.0,232.0,295,295,156.35,6,0,1000000,3000,4
838414,838414,3353656,6417,238,952,1025.0,0.0,1025.0,1128,1128,599.3739495798319,23,0,1000000,3000,4
838460,838460,3353840,6418,46,184,223.0,0.0,223.0,289,289,153.7173913043478,6,0,1000000,3000,4
838562,838562,3354248,6419,102,408,603.0,0.0,603.0,681,681,322.8529411764706,14,0,1000000,3000,4
838612,838612,3354448,6420,50,200,232.0,0.0,232.0,298,298,142.86,6,0,1000000,3000,4
838653,838653,3354612,6421,41,164,230.0,0.0,230.0,295,295,161.26829268292684,6,0,1000000,3000,4
838872,838872,3355488,6422,219,876,1029.0,0.0,1029.0,1128,1128,613.7214611872146,23,0,1000000,3000,4
839035,839035,3356140,6423,163,652,738.0,0.0,738.0,827,827,481.4539877300613,17,0,1000000,3000,4
839212,839212,3356848,6424,177,708,1036.0,0.0,1036.0,1127,1127,599.819209039548,23,0,1000000,3000,4
839251,839251,3357004,6425,39,156,238.0,0.0,238.0,302,302,153.82051282051282,7,0,1000000,3000,4
839358,839358,3357432,6426,107,428,612.0,0.0,612.0,690,690,385.9158878504673,14,0,1000000,3000,4
839392,839392,3357568,6427,34,136,238.0,0.0,238.0,301,301,172.47058823529412,7,0,1000000,3000,4
839495,839495,3357980,6428,103,412,599.0,0.0,599.0,676,676,388.6407766990291,14,0,1000000,3000,4
839649,839649,3358596,6429,154,616,736.0,0.0,736.0,822,822,478.2012987012987,17,0,1000000,3000,4
839911,839911,3359644,6430,262,1048,749.0,0.0,749.0,858,858,543.9389312977099,18,0,1000000,3000,4
839955,839955,3359820,6431,44,176,234.0,0.0,234.0,300,300,148.97727272727272,7,0,1000000,3000,4
840120,840120,3360480,6432,165,660,634.0,0.0,634.0,722,723,494.1030303030303,15,0,1000000,3000,4
840205,840205,3360820,6433,85,340,623.0,0.0,623.0,696,696,392.77647058823527,14,0,1000000,3000,4
840520,840520,3362080,6434,315,1260,1308.0,0.0,1308.0,1427,1427,738.2571428571429,29,0,1000000,3000,4
840844,840844,3363376,6435,324,1296,1006.0,0.0,1006.0,1126,1126,689.0802469135803,23,0,1000000,3000,4
840891,840891,3363564,6436,47,188,216.0,0.0,216.0,282,282,166.25531914893617,6,0,1000000,3000,4
841061,841061,3364244,6437,170,680,633.0,0.0,633.0,722,722,508.2705882352941,15,0,1000000,3000,4
841172,841172,3364688,6438,111,444,613.0,0.0,613.0,692,692,381.0,14,0,1000000,3000,4
841218,841218,3364872,6439,46,184,216.0,0.0,216.0,281,281,168.54347826086956,6,0,1000000,3000,4
841252,841252,3365008,6440,34,136,239.0,0.0,239.0,301,301,152.7941176470588,7,0,1000000,3000,4
841569,841569,3366276,6441,317,1268,1018.0,0.0,1018.0,1137,1137,709.7192429022082,23,0,1000000,3000,4
841715,841715,3366860,6442,146,584,736.0,0.0,736.0,822,822,505.05479452054794,17,0,1000000,3000,4
841760,841760,3367040,6443,45,180,218.0,0.0,218.0,283,283,168.2,6,0,1000000,3000,4
841802,841802,3367208,6444,42,168,230.0,0.0,230.0,294,294,154.88095238095238,6,0,1000000,3000,4
841837,841837,3367348,6445,35,140,237.0,0.0,237.0,300,300,162.77142857142857,7,0,1000000,3000,4
841925,841925,3367700,6446,88,352,614.0,0.0,614.0,688,688,327.2386363636364,14,0,1000000,3000,4
841968,841968,3367872,6447,43,172,222.0,0.0,222.0,287,287,164.3953488372093,6,0,1000000,3000,4
842008,842008,3368032,6448,40,160,231.0,0.0,231.0,295,295,160.525,6,0,1000000,3000,4
842167,842167,3368668,6449,159,636,757.0,0.0,757.0,845,845,480.74213836477986,17,0,1000000,3000,4
842429,842429,3369716,6450,262,1048,1021.0,0.0,1021.0,1129,1129,651.8511450381679,23,0,1000000,3000,4
842470,842470,3369880,6451,41,164,238.0,0.0,238.0,303,303,146.390243902439,7,0,1000000,3000,4
842744,842744,3370976,6452,274,1096,1028.0,0.0,1028.0,1139,1139,655.551094890511,23,0,1000000,3000,4
842852,842852,3371408,6453,108,432,605.0,0.0,605.0,683,683,383.43518518518516,14,0,1000000,3000,4
843047,843047,3372188,6454,195,780,1033.0,0.0,1033.0,1128,1128,604.7846153846153,23,0,1000000,3000,4
843406,843406,3373624,6455,359,1436,1112.0,0.0,1112.0,1241,1241,669.4094707520892,25,0,1000000,3000,4
843580,843580,3374320,6456,174,696,1044.0,0.0,1044.0,1135,1135,570.7988505747127,23,0,1000000,3000,4
843627,843627,3374508,6457,47,188,221.0,0.0,221.0,287,287,162.40425531914894,6,0,1000000,3000,4
843895,843895,3375580,6458,268,1072,1300.0,0.0,1300.0,1410,1410,721.9925373134329,29,0,1000000,3000,4
844088,844088,3376352,6459,193,772,1034.0,0.0,1034.0,1128,1128,575.0569948186528,23,0,1000000,3000,4
844181,844181,3376724,6460,93,372,622.0,0.0,622.0,697,697,349.96774193548384,14,0,1000000,3000,4
844264,844264,3377056,6461,83,332,607.0,0.0,607.0,680,680,313.5542168674699,14,0,1000000,3000,4
844361,844361,3377444,6462,97,388,632.0,0.0,632.0,708,708,355.1546391752577,15,0,1000000,3000,4
844562,844562,3378248,6463,201,804,803.0,0.0,803.0,898,899,573.1990049751244,18,0,1000000,3000,4
844758,844758,3379032,6464,196,784,1042.0,0.0,1042.0,1138,1138,568.4336734693877,23,0,1000000,3000,4
844974,844974,3379896,6465,216,864,1036.0,0.0,1036.0,1136,1136,609.9629629629629,23,0,1000000,3000,4
845136,845136,3380544,6466,162,648,737.0,0.0,737.0,826,826,498.0679012345679,17,0,1000000,3000,4
845324,845324,3381296,6467,188,752,1032.0,0.0,1032.0,1124,1124,590.6063829787234,23,0,1000000,3000,4
845414,845414,3381656,6468,90,360,614.0,0.0,614.0,689,689,380.22222222222223,14,0,1000000,3000,4
845794,845794,3383176,6469,380,1520,1303.0,0.0,1303.0,1436,1436,716.2,29,0,1000000,3000,4
846077,846077,3384308,6470,283,1132,1128.0,0.0,1128.0,1242,1242,684.6466431095406,25,0,1000000,3000,4
846118,846118,3384472,6471,41,164,230.0,0.0,230.0,294,294,158.1219512195122,6,0,1000000,3000,4
846225,846225,3384900,6472,107,428,608.0,0.0,608.0,686,686,369.97196261682245,14,0,1000000,3000,4
846427,846427,3385708,6473,202,808,1330.0,0.0,1330.0,1427,1427,747.4158415841584,29,0,1000000,3000,4
846569,846569,3386276,6474,142,568,639.0,0.0,639.0,722,722,506.2464788732394,15,0,1000000,3000,4
846655,846655,3386620,6475,86,344,615.0,0.0,615.0,690,690,353.75581395348837,14,0,1000000,3000,4
846856,846856,3387424,6476,201,804,1319.0,0.0,1319.0,1415,1415,765.3084577114428,29,0,1000000,3000,4
847047,847047,3388188,6477,191,764,1128.0,0.0,1128.0,1223,1223,633.0471204188482,25,0,1000000,3000,4
847252,847252,3389008,6478,205,820,1032.0,0.0,1032.0,1128,1128,634.8926829268293,23,0,1000000,3000,4
847445,847445,3389780,6479,193,772,735.0,0.0,735.0,831,831,547.9844559585492,17,0,1000000,3000,4
847531,847531,3390124,6480,86,344,605.0,0.0,605.0,680,680,321.01162790697674,14,0,1000000,3000,4
847569,847569,3390276,6481,38,152,246.0,0.0,246.0,311,311,147.55263157894737,7,0,1000000,3000,4
847598,847598,3390392,6482,29,116,252.0,0.0,252.0,315,315,161.20689655172413,7,0,1000000,3000,4
847631,847631,3390524,6483,33,132,252.0,0.0,252.0,316,316,151.78787878787878,7,0,1000000,3000,4
847700,847700,3390800,6484,69,276,612.0,0.0,612.0,683,683,337.18840579710144,14,0,1000000,3000,4
847804,847804,3391216,6485,104,416,601.0,0.0,601.0,679,679,407.5673076923077,14,0,1000000,3000,4
847899,847899,3391596,6486,95,380,612.0,0.0,612.0,688,688,394.4947368421053,14,0,1000000,3000,4
848122,848122,3392488,6487,223,892,1142.0,0.0,1142.0,1244,1244,683.4394618834081,25,0,1000000,3000,4
848208,848208,3392832,6488,86,344,630.0,0.0,630.0,704,704,382.0813953488372,15,0,1000000,3000,4
848240,848240,3392960,6489,32,128,250.0,0.0,250.0,314,314,159.34375,7,0,1000000,3000,4
848418,848418,3393672,6490,178,712,748.0,0.0,748.0,841,841,562.4887640449438,17,0,1000000,3000,4
848449,848449,3393796,6491,31,124,245.0,0.0,245.0,309,309,153.5483870967742,7,0,1000000,3000,4
848597,848597,3394388,6492,148,592,734.0,0.0,734.0,821,821,506.61486486486484,17,0,1000000,3000,4
848810,848810,3395240,6493,213,852,1337.0,0.0,1337.0,1437,1437,744.7840375586854,29,0,1000000,3000,4
848845,848845,3395380,6494,35,140,241.0,0.0,241.0,305,305,159.25714285714287,7,0,1000000,3000,4
848931,848931,3395724,6495,86,344,626.0,0.0,626.0,700,700,364.40697674418607,15,0,1000000,3000,4
848959,848959,3395836,6496,28,112,249.0,0.0,249.0,311,311,157.53571428571428,7,0,1000000,3000,4
849125,849125,3396500,6497,166,664,754.0,0.0,754.0,844,844,524.5,17,0,1000000,3000,4
849272,849272,3397088,6498,147,588,1044.0,0.0,1044.0,1130,1130,647.0136054421769,23,0,1000000,3000,4
849475,849475,3397900,6499,203,812,1685.0,0.0,1685.0,1783,1783,878.4975369458128,36,0,1000000,3000,4
849569,849569,3398276,6500,94,376,609.0,0.0,609.0,683,683,406.0744680851064,14,0,1000000,3000,4
849766,849766,3399064,6501,197,788,804.0,0.0,804.0,898,899,590.3401015228426,18,0,1000000,3000,4
849850,849850,3399400,6502,84,336,609.0,0.0,609.0,682,682,361.1666666666667,14,0,1000000,3000,4
849916,849916,3399664,6503,66,264,609.0,0.0,609.0,680,680,326.6212121212121,14,0,1000000,3000,4
849950,849950,3399800,6504,34,136,243.0,0.0,243.0,306,306,157.64705882352942,7,0,1000000,3000,4
850046,850046,3400184,6505,96,384,606.0,0.0,606.0,683,683,330.4479166666667,14,0,1000000,3000,4
850320,850320,3401280,6506,274,1096,1910.0,0.0,1910.0,2020,2020,914.7043795620438,41,0,1000000,3000,4
850537,850537,3402148,6507,217,868,1028.0,0.0,1028.0,1127,1127,678.3824884792626,23,0,1000000,3000,4
850694,850694,3402776,6508,157,628,812.0,0.0,812.0,898,898,538.0,18,0,1000000,3000,4
850993,850993,3403972,6509,299,1196,1391.0,0.0,1391.0,1506,1506,826.448160535117,31,0,1000000,3000,4
851136,851136,3404544,6510,143,572,760.0,0.0,760.0,845,845,503.1468531468532,17,0,1000000,3000,4
851364,851364,3405456,6511,228,912,1025.0,0.0,1025.0,1126,1126,666.5833333333334,23,0,1000000,3000,4
851404,851404,3405616,6512,40,160,226.0,0.0,226.0,289,289,173.975,6,0,1000000,3000,4
851585,851585,3406340,6513,181,724,1336.0,0.0,1336.0,1430,1430,707.817679558011,29,0,1000000,3000,4
851670,851670,3406680,6514,85,340,615.0,0.0,615.0,689,689,402.88235294117646,14,0,1000000,3000,4
851890,851890,3407560,6515,220,880,1028.0,0.0,1028.0,1127,1127,658.95,23,0,1000000,3000,4
852042,852042,3408168,6516,152,608,1043.0,0.0,1043.0,1129,1129,597.5723684210526,23,0,1000000,3000,4
852125,852125,3408500,6517,83,332,618.0,0.0,618.0,691,691,397.3614457831325,14,0,1000000,3000,4
852262,852262,3409048,6518,137,548,752.0,0.0,752.0,836,836,520.4890510948906,17,0,1000000,3000,4
852403,852403,3409612,6519,141,564,639.0,0.0,639.0,722,722,492.8156028368794,15,0,1000000,3000,4
852591,852591,3410364,6520,188,752,1060.0,0.0,1060.0,1155,1155,594.9255319148937,24,0,1000000,3000,4
852772,852772,3411088,6521,181,724,807.0,0.0,807.0,898,899,567.7237569060774,18,0,1000000,3000,4
852900,852900,3411600,6522,128,512,1048.0,0.0,1048.0,1129,1129,554.0078125,23,0,1000000,3000,4
853104,853104,3412416,6523,204,816,1314.0,0.0,1314.0,1410,1410,745.4411764705883,29,0,1000000,3000,4
853248,853248,3412992,6524,144,576,1045.0,0.0,1045.0,1129,1129,571.6319444444445,23,0,1000000,3000,4
853340,853340,3413360,6525,92,368,623.0,0.0,623.0,698,698,399.5,14,0,1000000,3000,4
853537,853537,3414148,6526,197,788,1033.0,0.0,1033.0,1128,1128,636.3096446700507,23,0,1000000,3000,4
853634,853634,3414536,6527,97,388,612.0,0.0,612.0,689,689,395.2680412371134,14,0,1000000,3000,4
853667,853667,3414668,6528,33,132,243.0,0.0,243.0,307,307,158.84848484848484,7,0,1000000,3000,4
853772,853772,3415088,6529,105,420,634.0,0.0,634.0,713,713,374.45714285714286,15,0,1000000,3000,4
853907,853907,3415628,6530,135,540,741.0,0.0,741.0,825,825,523.5925925925926,17,0,1000000,3000,4
853943,853943,3415772,6531,36,144,243.0,0.0,243.0,308,308,157.80555555555554,7,0,1000000,3000,4
854111,854111,3416444,6532,168,672,1345.0,0.0,1345.0,1436,1436,747.2202380952381,29,0,1000000,3000,4
854181,854181,3416724,6533,70,280,617.0,0.0,617.0,688,688,332.1142857142857,14,0,1000000,3000,4
854264,854264,3417056,6534,83,332,624.0,0.0,624.0,697,697,394.6385542168675,14,0,1000000,3000,4
854419,854419,3417676,6535,155,620,637.0,0.0,637.0,722,722,518.0903225806452,15,0,1000000,3000,4
854451,854451,3417804,6536,32,128,246.0,0.0,246.0,309,309,155.40625,7,0,1000000,3000,4
854608,854608,3418432,6537,157,628,754.0,0.0,754.0,842,842,546.4076433121019,17,0,1000000,3000,4
854916,854916,3419664,6538,308,1232,1315.0,0.0,1315.0,1434,1434,725.4805194805194,29,0,1000000,3000,4
855092,855092,3420368,6539,176,704,1040.0,0.0,1040.0,1132,1132,573.1590909090909,23,0,1000000,3000,4
855248,855248,3420992,6540,156,624,708.0,0.0,708.0,796,796,466.5576923076923,16,0,1000000,3000,4
855522,855522,3422088,6541,274,1096,1294.0,0.0,1294.0,1405,1405,675.5547445255474,29,0,1000000,3000,4
855552,855552,3422208,6542,30,120,250.0,0.0,250.0,313,313,158.56666666666666,7,0,1000000,3000,4
855652,855652,3422608,6543,100,400,595.0,0.0,595.0,672,672,402.5,14,0,1000000,3000,4
855847,855847,3423388,6544,195,780,1339.0,0.0,1339.0,1435,1435,657.5692307692308,29,0,1000000,3000,4
855893,855893,3423572,6545,46,184,220.0,0.0,220.0,286,286,160.91304347826087,6,0,1000000,3000,4
855934,855934,3423736,6546,41,164,230.0,0.0,230.0,294,294,159.8048780487805,6,0,1000000,3000,4
856020,856020,3424080,6547,86,344,626.0,0.0,626.0,700,700,342.1744186046512,15,0,1000000,3000,4
856058,856058,3424232,6548,38,152,242.0,0.0,242.0,306,306,153.10526315789474,7,0,1000000,3000,4
856343,856343,3425372,6549,285,1140,1395.0,0.0,1395.0,1507,1507,742.0140350877193,31,0,1000000,3000,4
856452,856452,3425808,6550,109,436,603.0,0.0,603.0,680,680,388.8440366972477,14,0,1000000,3000,4
856506,856506,3426024,6551,54,216,207.0,0.0,207.0,274,274,150.85185185185185,6,0,1000000,3000,4
856652,856652,3426608,6552,146,584,1041.0,0.0,1041.0,1125,1125,585.1027397260274,23,0,1000000,3000,4
856683,856683,3426732,6553,31,124,248.0,0.0,248.0,311,311,158.0,7,0,1000000,3000,4
856797,856797,3427188,6554,114,456,628.0,0.0,628.0,708,708,379.99122807017545,15,0,1000000,3000,4
856892,856892,3427568,6555,95,380,648.0,0.0,648.0,722,724,323.82105263157894,15,0,1000000,3000,4
857030,857030,3428120,6556,138,552,1065.0,0.0,1065.0,1150,1150,564.3985507246376,24,0,1000000,3000,4
857177,857177,3428708,6557,147,588,772.0,0.0,772.0,858,858,527.625850340136,18,0,1000000,3000,4
857224,857224,3428896,6558,47,188,214.0,0.0,214.0,280,280,171.89361702127658,6,0,1000000,3000,4
857352,857352,3429408,6559,128,512,581.0,0.0,581.0,663,663,394.1328125,14,0,1000000,3000,4
857404,857404,3429616,6560,52,208,222.0,0.0,222.0,289,289,137.09615384615384,6,0,1000000,3000,4
857581,857581,3430324,6561,177,708,1028.0,0.0,1028.0,1117,1122,638.6158192090395,23,0,1000000,3000,4
857831,857831,3431324,6562,250,1000,1567.0,0.0,1567.0,1675,1675,805.184,34,0,1000000,3000,4
857874,857874,3431496,6563,43,172,238.0,0.0,238.0,304,304,148.69767441860466,7,0,1000000,3000,4
858042,858042,3432168,6564,168,672,1046.0,0.0,1046.0,1136,1136,542.8928571428571,23,0,1000000,3000,4
858225,858225,3432900,6565,183,732,1139.0,0.0,1139.0,1233,1233,573.8087431693989,25,0,1000000,3000,4
858442,858442,3433768,6566,217,868,1027.0,0.0,1027.0,1126,1126,608.889400921659,23,0,1000000,3000,4
858617,858617,3434468,6567,175,700,776.0,0.0,776.0,867,867,542.8057142857143,18,0,1000000,3000,4
858716,858716,3434864,6568,99,396,600.0,0.0,600.0,677,677,339.57575757575756,14,0,1000000,3000,4
858757,858757,3435028,6569,41,164,238.0,0.0,238.0,304,304,149.4390243902439,7,0,1000000,3000,4
858852,858852,3435408,6570,95,380,627.0,0.0,627.0,703,703,381.57894736842104,15,0,1000000,3000,4
858887,858887,3435548,6571,35,140,250.0,0.0,250.0,314,314,148.0,7,0,1000000,3000,4
858964,858964,3435856,6572,77,308,604.0,0.0,604.0,677,677,313.5584415584416,14,0,1000000,3000,4
859043,859043,3436172,6573,79,316,636.0,0.0,636.0,709,709,367.39240506329116,15,0,1000000,3000,4
859079,859079,3436316,6574,36,144,244.0,0.0,244.0,309,309,137.63888888888889,7,0,1000000,3000,4
859118,859118,3436472,6575,39,156,242.0,0.0,242.0,307,307,145.7948717948718,7,0,1000000,3000,4
859265,859265,3437060,6576,147,588,638.0,0.0,638.0,722,722,488.9183673469388,15,0,1000000,3000,4
859358,859358,3437432,6577,93,372,610.0,0.0,610.0,685,685,354.4731182795699,14,0,1000000,3000,4
859532,859532,3438128,6578,174,696,1047.0,0.0,1047.0,1138,1138,640.948275862069,23,0,1000000,3000,4
859607,859607,3438428,6579,75,300,614.0,0.0,614.0,686,686,353.74666666666667,14,0,1000000,3000,4
859638,859638,3438552,6580,31,124,238.0,0.0,238.0,302,302,163.3548387096774,7,0,1000000,3000,4
859815,859815,3439260,6581,177,708,764.0,0.0,764.0,857,857,512.45197740113,18,0,1000000,3000,4
859969,859969,3439876,6582,154,616,813.0,0.0,813.0,898,898,559.1558441558442,18,0,1000000,3000,4
860067,860067,3440268,6583,98,392,628.0,0.0,628.0,705,705,367.7551020408163,15,0,1000000,3000,4
860261,860261,3441044,6584,194,776,1425.0,0.0,1425.0,1520,1520,797.2835051546392,31,0,1000000,3000,4
860414,860414,3441656,6585,153,612,637.0,0.0,637.0,722,722,497.359477124183,15,0,1000000,3000,4
860558,860558,3442232,6586,144,576,639.0,0.0,639.0,722,722,506.9236111111111,15,0,1000000,3000,4
860660,860660,3442640,6587,102,408,615.0,0.0,615.0,692,692,407.7450980392157,14,0,1000000,3000,4
860864,860864,3443456,6588,204,816,1135.0,0.0,1135.0,1232,1232,645.0098039215686,25,0,1000000,3000,4
861128,861128,3444512,6589,264,1056,1300.0,0.0,1300.0,1408,1408,747.4204545454545,29,0,1000000,3000,4
861235,861235,3444940,6590,107,428,618.0,0.0,618.0,696,696,367.6448598130841,14,0,1000000,3000,4
861329,861329,3445316,6591,94,376,604.0,0.0,604.0,680,680,400.3085106382979,14,0,1000000,3000,4
861366,861366,3445464,6592,37,148,233.0,0.0,233.0,297,297,160.7027027027027,6,0,1000000,3000,4
861590,861590,3446360,6593,224,896,1334.0,0.0,1334.0,1436,1436,698.5446428571429,29,0,1000000,3000,4
861674,861674,3446696,6594,84,336,633.0,0.0,633.0,706,706,383.07142857142856,15,0,1000000,3000,4
861824,861824,3447296,6595,150,600,747.0,0.0,747.0,834,834,488.9,17,0,1000000,3000,4
861996,861996,3447984,6596,172,688,1044.0,0.0,1044.0,1135,1135,625.3255813953489,23,0,1000000,3000,4
862024,862024,3448096,6597,28,112,248.0,0.0,248.0,310,310,161.60714285714286,7,0,1000000,3000,4
862243,862243,3448972,6598,219,876,1340.0,0.0,1340.0,1441,1441,679.3333333333334,29,0,1000000,3000,4
862337,862337,3449348,6599,94,376,608.0,0.0,608.0,683,683,410.8191489361702,14,0,1000000,3000,4
862366,862366,3449464,6600,29,116,251.0,0.0,251.0,314,314,159.27586206896552,7,0,1000000,3000,4
862399,862399,3449596,6601,33,132,244.0,0.0,244.0,306,306,159.3030303030303,7,0,1000000,3000,4
862529,862529,3450116,6602,130,520,725.0,0.0,725.0,808,808,494.95384615384614,17,0,1000000,3000,4
862637,862637,3450548,6603,108,432,646.0,0.0,646.0,722,723,367.47222222222223,15,0,1000000,3000,4
862722,862722,3450888,6604,85,340,628.0,0.0,628.0,702,702,356.01176470588234,15,0,1000000,3000,4
862909,862909,3451636,6605,187,748,1422.0,0.0,1422.0,1515,1515,747.4171122994652,31,0,1000000,3000,4
862990,862990,3451960,6606,81,324,609.0,0.0,609.0,682,682,318.75308641975306,14,0,1000000,3000,4
863100,863100,3452400,6607,110,440,591.0,0.0,591.0,670,670,406.1545454545454,14,0,1000000,3000,4
863327,863327,3453308,6608,227,908,1309.0,0.0,1309.0,1410,1410,645.6431718061674,29,0,1000000,3000,4
863426,863426,3453704,6609,99,396,606.0,0.0,606.0,682,682,401.010101010101,14,0,1000000,3000,4
863460,863460,3453840,6610,34,136,246.0,0.0,246.0,308,308,162.7941176470588,7,0,1000000,3000,4
863496,863496,3453984,6611,36,144,240.0,0.0,240.0,304,304,160.97222222222223,7,0,1000000,3000,4
863781,863781,3455124,6612,285,1140,1013.0,0.0,1013.0,1125,1125,669.0561403508772,23,0,1000000,3000,4
863812,863812,3455248,6613,31,124,241.0,0.0,241.0,304,304,161.67741935483872,7,0,1000000,3000,4
863847,863847,3455388,6614,35,140,239.0,0.0,239.0,303,303,158.6,7,0,1000000,3000,4
863947,863947,3455788,6615,100,400,619.0,0.0,619.0,694,694,382.95,14,0,1000000,3000,4
864028,864028,3456112,6616,81,324,605.0,0.0,605.0,679,679,300.6296296296296,14,0,1000000,3000,4
864126,864126,3456504,6617,98,392,622.0,0.0,622.0,698,698,374.3673469387755,14,0,1000000,3000,4
864162,864162,3456648,6618,36,144,249.0,0.0,249.0,314,314,146.72222222222223,7,0,1000000,3000,4
864355,864355,3457420,6619,193,772,1431.0,0.0,1431.0,1525,1525,690.6217616580311,31,0,1000000,3000,4
864521,864521,3458084,6620,166,664,1341.0,0.0,1341.0,1432,1432,717.4096385542168,29,0,1000000,3000,4
864703,864703,3458812,6621,182,728,703.0,0.0,703.0,796,796,566.1978021978022,16,0,1000000,3000,4
864740,864740,3458960,6622,37,148,235.0,0.0,235.0,299,299,160.02702702702703,6,0,1000000,3000,4
864873,864873,3459492,6623,133,532,754.0,0.0,754.0,837,837,491.7518796992481,17,0,1000000,3000,4
865005,865005,3460020,6624,132,528,729.0,0.0,729.0,812,812,472.8181818181818,17,0,1000000,3000,4
865037,865037,3460148,6625,32,128,242.0,0.0,242.0,305,305,162.125,7,0,1000000,3000,4
865144,865144,3460576,6626,107,428,583.0,0.0,583.0,661,661,418.31775700934577,14,0,1000000,3000,4
865292,865292,3461168,6627,148,592,1346.0,0.0,1346.0,1433,1433,730.7027027027027,29,0,1000000,3000,4
865376,865376,3461504,6628,84,336,627.0,0.0,627.0,700,700,363.8690476190476,15,0,1000000,3000,4
865534,865534,3462136,6629,158,632,1350.0,0.0,1350.0,1439,1439,738.6455696202531,29,0,1000000,3000,4
865759,865759,3463036,6630,225,900,1027.0,0.0,1027.0,1127,1127,695.8355555555555,23,0,1000000,3000,4
866041,866041,3464164,6631,282,1128,1558.0,0.0,1558.0,1671,1671,783.1382978723404,34,0,1000000,3000,4
866259,866259,3465036,6632,218,872,1029.0,0.0,1029.0,1128,1128,621.7293577981651,23,0,1000000,3000,4
866324,866324,3465296,6633,65,260,621.0,0.0,621.0,691,691,361.18461538461537,14,0,1000000,3000,4
866355,866355,3465420,6634,31,124,246.0,0.0,246.0,310,310,159.06451612903226,7,0,1000000,3000,4
866531,866531,3466124,6635,176,704,1037.0,0.0,1037.0,1128,1128,614.1079545454545,23,0,1000000,3000,4
866691,866691,3466764,6636,160,640,1038.0,0.0,1038.0,1126,1126,654.55,23,0,1000000,3000,4
866926,866926,3467704,6637,235,940,1025.0,0.0,1025.0,1127,1127,707.7702127659575,23,0,1000000,3000,4
866961,866961,3467844,6638,35,140,235.0,0.0,235.0,299,299,167.68571428571428,6,0,1000000,3000,4
867274,867274,3469096,6639,313,1252,1313.0,0.0,1313.0,1433,1433,764.5718849840256,29,0,1000000,3000,4
867403,867403,3469612,6640,129,516,1047.0,0.0,1047.0,1128,1128,538.9147286821706,23,0,1000000,3000,4
867474,867474,3469896,6641,71,284,615.0,0.0,615.0,687,687,362.88732394366195,14,0,1000000,3000,4
867719,867719,3470876,6642,245,980,1312.0,0.0,1312.0,1416,1416,718.0244897959184,29,0,1000000,3000,4
867965,867965,3471860,6643,246,984,1127.0,0.0,1127.0,1233,1233,667.8333333333334,25,0,1000000,3000,4
867997,867997,3471988,6644,32,128,247.0,0.0,247.0,310,310,159.46875,7,0,1000000,3000,4
868128,868128,3472512,6645,131,524,755.0,0.0,755.0,838,838,494.6106870229008,17,0,1000000,3000,4
868276,868276,3473104,6646,148,592,1041.0,0.0,1041.0,1126,1126,630.168918918919,23,0,1000000,3000,4
868381,868381,3473524,6647,105,420,593.0,0.0,593.0,671,671,405.6857142857143,14,0,1000000,3000,4
868469,868469,3473876,6648,88,352,733.0,0.0,733.0,808,808,411.04545454545456,17,0,1000000,3000,4
868566,868566,3474264,6649,97,388,605.0,0.0,605.0,681,681,319.5979381443299,14,0,1000000,3000,4
868791,868791,3475164,6650,225,900,1169.0,0.0,1169.0,1271,1271,674.9066666666666,26,0,1000000,3000,4
868948,868948,3475792,6651,157,628,636.0,0.0,636.0,722,723,504.5031847133758,15,0,1000000,3000,4
869246,869246,3476984,6652,298,1192,1907.0,0.0,1907.0,2023,2023,974.006711409396,41,0,1000000,3000,4
869282,869282,3477128,6653,36,144,234.0,0.0,234.0,298,298,165.5,6,0,1000000,3000,4
869420,869420,3477680,6654,138,552,816.0,0.0,816.0,898,900,557.6014492753624,19,0,1000000,3000,4
869570,869570,3478280,6655,150,600,638.0,0.0,638.0,722,722,477.31333333333333,15,0,1000000,3000,4
869659,869659,3478636,6656,89,356,622.0,0.0,622.0,696,696,364.24719101123594,14,0,1000000,3000,4
869741,869741,3478964,6657,82,328,614.0,0.0,614.0,687,687,346.390243902439,14,0,1000000,3000,4
869826,869826,3479304,6658,85,340,651.0,0.0,651.0,722,722,359.4235294117647,15,0,1000000,3000,4
870037,870037,3480148,6659,211,844,1139.0,0.0,1139.0,1239,1239,637.5734597156398,25,0,1000000,3000,4
870303,870303,3481212,6660,266,1064,1028.0,0.0,1028.0,1137,1137,686.0751879699249,23,0,1000000,3000,4
870339,870339,3481356,6661,36,144,234.0,0.0,234.0,298,298,172.36111111111111,6,0,1000000,3000,4
870444,870444,3481776,6662,105,420,593.0,0.0,593.0,670,670,391.56190476190477,14,0,1000000,3000,4
870535,870535,3482140,6663,91,364,625.0,0.0,625.0,700,700,367.53846153846155,15,0,1000000,3000,4
870721,870721,3482884,6664,186,744,1035.0,0.0,1035.0,1128,1128,598.4623655913979,23,0,1000000,3000,4
870936,870936,3483744,6665,215,860,1029.0,0.0,1029.0,1127,1127,675.0093023255814,23,0,1000000,3000,4
871087,871087,3484348,6666,151,604,1041.0,0.0,1041.0,1127,1127,610.0860927152318,23,0,1000000,3000,4
871259,871259,3485036,6667,172,688,728.0,0.0,728.0,819,819,483.4244186046512,17,0,1000000,3000,4
871291,871291,3485164,6668,32,128,241.0,0.0,241.0,303,303,167.09375,7,0,1000000,3000,4
871376,871376,3485504,6669,85,340,619.0,0.0,619.0,693,693,353.6941176470588,14,0,1000000,3000,4
871582,871582,3486328,6670,206,824,1031.0,0.0,1031.0,1127,1127,660.9660194174758,23,0,1000000,3000,4
871789,871789,3487156,6671,207,828,1032.0,0.0,1032.0,1129,1129,658.4154589371981,23,0,1000000,3000,4
871819,871819,3487276,6672,30,120,247.0,0.0,247.0,310,310,159.73333333333332,7,0,1000000,3000,4
871899,871899,3487596,6673,80,320,628.0,0.0,628.0,701,701,358.6,15,0,1000000,3000,4
871993,871993,3487972,6674,94,376,633.0,0.0,633.0,708,708,390.3404255319149,15,0,1000000,3000,4
872088,872088,3488352,6675,95,380,609.0,0.0,609.0,686,686,406.0842105263158,14,0,1000000,3000,4
872308,872308,3489232,6676,220,880,1319.0,0.0,1319.0,1418,1418,721.2136363636364,29,0,1000000,3000,4
872435,872435,3489740,6677,127,508,1058.0,0.0,1058.0,1140,1140,587.6377952755905,23,0,1000000,3000,4
872530,872530,3490120,6678,95,380,625.0,0.0,625.0,701,701,389.87368421052633,15,0,1000000,3000,4
872567,872567,3490268,6679,37,148,238.0,0.0,238.0,302,302,165.40540540540542,7,0,1000000,3000,4
872606,872606,3490424,6680,39,156,235.0,0.0,235.0,298,298,158.46153846153845,6,0,1000000,3000,4
872646,872646,3490584,6681,40,160,236.0,0.0,236.0,300,300,160.725,7,0,1000000,3000,4
872738,872738,3490952,6682,92,368,620.0,0.0,620.0,695,695,383.1847826086956,14,0,1000000,3000,4
872770,872770,3491080,6683,32,128,241.0,0.0,241.0,305,305,158.625,7,0,1000000,3000,4
872808,872808,3491232,6684,38,152,239.0,0.0,239.0,304,304,161.39473684210526,7,0,1000000,3000,4
872990,872990,3491960,6685,182,728,1330.0,0.0,1330.0,1422,1422,704.2087912087912,29,0,1000000,3000,4
873026,873026,3492104,6686,36,144,241.0,0.0,241.0,305,305,152.47222222222223,7,0,1000000,3000,4
873182,873182,3492728,6687,156,624,1038.0,0.0,1038.0,1125,1125,558.5961538461538,23,0,1000000,3000,4
873222,873222,3492888,6688,40,160,233.0,0.0,233.0,297,297,157.275,6,0,1000000,3000,4
873316,873316,3493264,6689,94,376,627.0,0.0,627.0,702,702,395.9148936170213,15,0,1000000,3000,4
873542,873542,3494168,6690,226,904,1141.0,0.0,1141.0,1244,1244,610.0840707964602,25,0,1000000,3000,4
873659,873659,3494636,6691,117,468,628.0,0.0,628.0,708,708,383.9059829059829,15,0,1000000,3000,4
873943,873943,3495772,6692,284,1136,1849.0,0.0,1849.0,1962,1962,960.3345070422536,40,0,1000000,3000,4
874223,874223,3496892,6693,280,1120,1321.0,0.0,1321.0,1434,1434,709.8535714285714,29,0,1000000,3000,4
874308,874308,3497232,6694,85,340,621.0,0.0,621.0,695,695,345.5529411764706,14,0,1000000,3000,4
874351,874351,3497404,6695,43,172,230.0,0.0,230.0,296,296,153.32558139534885,6,0,1000000,3000,4
874395,874395,3497580,6696,44,176,221.0,0.0,221.0,286,286,165.04545454545453,6,0,1000000,3000,4
874511,874511,3498044,6697,116,464,622.0,0.0,622.0,701,701,359.1551724137931,15,0,1000000,3000,4
874690,874690,3498760,6698,179,716,1041.0,0.0,1041.0,1133,1133,581.8212290502794,23,0,1000000,3000,4
874744,874744,3498976,6699,54,216,227.0,0.0,227.0,293,293,134.62962962962962,6,0,1000000,3000,4
874914,874914,3499656,6700,170,680,809.0,0.0,809.0,897,898,533.064705882353,18,0,1000000,3000,4
875025,875025,3500100,6701,111,444,614.0,0.0,614.0,693,693,383.2072072072072,14,0,1000000,3000,4
875187,875187,3500748,6702,162,648,811.0,0.0,811.0,898,898,568.4876543209876,18,0,1000000,3000,4
875384,875384,3501536,6703,197,788,1573.0,0.0,1573.0,1668,1668,835.0659898477157,34,0,1000000,3000,4
875576,875576,3502304,6704,192,768,1324.0,0.0,1324.0,1418,1418,682.296875,29,0,1000000,3000,4
875618,875618,3502472,6705,42,168,230.0,0.0,230.0,295,295,157.47619047619048,6,0,1000000,3000,4
875777,875777,3503108,6706,159,636,716.0,0.0,716.0,804,804,484.49056603773585,17,0,1000000,3000,4
876031,876031,3504124,6707,254,1016,1030.0,0.0,1030.0,1137,1137,621.8149606299213,23,0,1000000,3000,4
876127,876127,3504508,6708,96,384,603.0,0.0,603.0,679,679,400.8645833333333,14,0,1000000,3000,4
876157,876157,3504628,6709,30,120,251.0,0.0,251.0,315,315,154.13333333333333,7,0,1000000,3000,4
876279,876279,3505116,6710,122,488,728.0,0.0,728.0,808,808,479.2704918032787,17,0,1000000,3000,4
876434,876434,3505736,6711,155,620,778.0,0.0,778.0,865,865,539.1161290322581,18,0,1000000,3000,4
876471,876471,3505884,6712,37,148,235.0,0.0,235.0,299,299,164.86486486486487,6,0,1000000,3000,4
876598,876598,3506392,6713,127,508,601.0,0.0,601.0,684,684,384.8582677165354,14,0,1000000,3000,4
876634,876634,3506536,6714,36,144,237.0,0.0,237.0,300,300,168.05555555555554,7,0,1000000,3000,4
876714,876714,3506856,6715,80,320,612.0,0.0,612.0,685,685,315.1375,14,0,1000000,3000,4
876815,876815,3507260,6716,101,404,617.0,0.0,617.0,694,694,321.029702970297,14,0,1000000,3000,4
877037,877037,3508148,6717,222,888,1038.0,0.0,1038.0,1138,1138,567.7657657657658,23,0,1000000,3000,4
877279,877279,3509116,6718,242,968,1670.0,0.0,1670.0,1774,1774,849.5289256198347,36,0,1000000,3000,4
877314,877314,3509256,6719,35,140,246.0,0.0,246.0,311,311,150.6,7,0,1000000,3000,4
877346,877346,3509384,6720,32,128,252.0,0.0,252.0,316,316,152.34375,7,0,1000000,3000,4
877385,877385,3509540,6721,39,156,240.0,0.0,240.0,304,304,154.69230769230768,7,0,1000000,3000,4
877574,877574,3510296,6722,189,756,1340.0,0.0,1340.0,1435,1435,725.5820105820105,29,0,1000000,3000,4
877612,877612,3510448,6723,38,152,226.0,0.0,226.0,290,290,168.60526315789474,6,0,1000000,3000,4
877653,877653,3510612,6724,41,164,234.0,0.0,234.0,299,299,162.97560975609755,6,0,1000000,3000,4
877931,877931,3511724,6725,278,1112,1551.0,0.0,1551.0,1663,1663,834.5467625899281,34,0,1000000,3000,4
878049,878049,3512196,6726,118,472,600.0,0.0,600.0,679,679,387.5762711864407,14,0,1000000,3000,4
878090,878090,3512360,6727,41,164,232.0,0.0,232.0,296,296,158.65853658536585,6,0,1000000,3000,4
878181,878181,3512724,6728,91,364,633.0,0.0,633.0,709,709,361.5934065934066,15,0,1000000,3000,4
878234,878234,3512936,6729,53,212,213.0,0.0,213.0,280,280,159.47169811320754,6,0,1000000,3000,4
878403,878403,3513612,6730,169,676,1048.0,0.0,1048.0,1138,1138,615.0887573964498,23,0,1000000,3000,4
878444,878444,3513776,6731,41,164,230.0,0.0,230.0,294,294,160.8048780487805,6,0,1000000,3000,4
878481,878481,3513924,6732,37,148,243.0,0.0,243.0,307,307,154.3783783783784,7,0,1000000,3000,4
878584,878584,3514336,6733,103,412,623.0,0.0,623.0,700,700,390.77669902912623,15,0,1000000,3000,4
878770,878770,3515080,6734,186,744,1042.0,0.0,1042.0,1135,1135,573.6827956989247,23,0,1000000,3000,4
878811,878811,3515244,6735,41,164,231.0,0.0,231.0,296,296,162.4390243902439,6,0,1000000,3000,4
878856,878856,3515424,6736,45,180,220.0,0.0,220.0,285,285,171.62222222222223,6,0,1000000,3000,4
879113,879113,3516452,6737,257,1028,1303.0,0.0,1303.0,1411,1411,686.0739299610894,29,0,1000000,3000,4
879157,879157,3516628,6738,44,176,227.0,0.0,227.0,292,292,151.3409090909091,6,0,1000000,3000,4
879509,879509,3518036,6739,352,1408,1011.0,0.0,1011.0,1138,1138,684.5056818181819,23,0,1000000,3000,4
879746,879746,3518984,6740,237,948,1315.0,0.0,1315.0,1418,1418,675.7215189873418,29,0,1000000,3000,4
879976,879976,3519904,6741,230,920,1309.0,0.0,1309.0,1412,1412,713.6913043478261,29,0,1000000,3000,4
880013,880013,3520052,6742,37,148,240.0,0.0,240.0,303,303,155.6216216216216,7,0,1000000,3000,4
880211,880211,3520844,6743,198,792,804.0,0.0,804.0,898,898,538.8636363636364,18,0,1000000,3000,4
880317,880317,3521268,6744,106,424,602.0,0.0,602.0,679,679,376.6792452830189,14,0,1000000,3000,4
880427,880427,3521708,6745,110,440,645.0,0.0,645.0,722,722,340.91818181818184,15,0,1000000,3000,4
880469,880469,3521876,6746,42,168,235.0,0.0,235.0,300,300,147.45238095238096,7,0,1000000,3000,4
880516,880516,3522064,6747,47,188,213.0,0.0,213.0,278,278,164.12765957446808,6,0,1000000,3000,4
880564,880564,3522256,6748,48,192,233.0,0.0,233.0,298,298,147.08333333333334,6,0,1000000,3000,4
880685,880685,3522740,6749,121,484,623.0,0.0,623.0,704,704,353.60330578512395,15,0,1000000,3000,4
880828,880828,3523312,6750,143,572,815.0,0.0,815.0,898,898,511.4125874125874,18,0,1000000,3000,4
881025,881025,3524100,6751,197,788,1031.0,0.0,1031.0,1125,1125,567.7106598984772,23,0,1000000,3000,4
881098,881098,3524392,6752,73,292,610.0,0.0,610.0,681,681,326.958904109589,14,0,1000000,3000,4
881146,881146,3524584,6753,48,192,229.0,0.0,229.0,295,295,143.83333333333334,6,0,1000000,3000,4
881342,881342,3525368,6754,196,784,804.0,0.0,804.0,898,899,602.3010204081633,18,0,1000000,3000,4
881694,881694,3526776,6755,352,1408,997.0,0.0,997.0,1121,1122,668.65625,23,0,1000000,3000,4
881809,881809,3527236,6756,115,460,603.0,0.0,603.0,682,682,368.61739130434785,14,0,1000000,3000,4
881984,881984,3527936,6757,175,700,1050.0,0.0,1050.0,1141,1141,644.2742857142857,23,0,1000000,3000,4
882031,882031,3528124,6758,47,188,227.0,0.0,227.0,292,292,149.25531914893617,6,0,1000000,3000,4
882188,882188,3528752,6759,157,628,732.0,0.0,732.0,820,820,467.6624203821656,17,0,1000000,3000,4
882533,882533,3530132,6760,345,1380,1283.0,0.0,1283.0,1409,1409,685.0,29,0,1000000,3000,4
882706,882706,3530824,6761,173,692,739.0,0.0,739.0,830,830,486.5549132947977,17,0,1000000,3000,4
882859,882859,3531436,6762,153,612,759.0,0.0,759.0,846,846,490.921568627451,17,0,1000000,3000,4
883011,883011,3532044,6763,152,608,1049.0,0.0,1049.0,1136,1136,531.8618421052631,23,0,1000000,3000,4
883113,883113,3532452,6764,102,408,610.0,0.0,610.0,687,687,387.2843137254902,14,0,1000000,3000,4
883155,883155,3532620,6765,42,168,240.0,0.0,240.0,305,305,150.16666666666666,7,0,1000000,3000,4
883204,883204,3532816,6766,49,196,211.0,0.0,211.0,277,277,171.48979591836735,6,0,1000000,3000,4
883294,883294,3533176,6767,90,360,616.0,0.0,616.0,690,690,381.9888888888889,14,0,1000000,3000,4
883439,883439,3533756,6768,145,580,638.0,0.0,638.0,722,722,473.4206896551724,15,0,1000000,3000,4
883731,883731,3534924,6769,292,1168,1023.0,0.0,1023.0,1138,1138,674.472602739726,23,0,1000000,3000,4
883814,883814,3535256,6770,83,332,635.0,0.0,635.0,709,709,354.8072289156627,15,0,1000000,3000,4
884021,884021,3536084,6771,207,828,1034.0,0.0,1034.0,1131,1131,612.7053140096618,23,0,1000000,3000,4
884061,884061,3536244,6772,40,160,237.0,0.0,237.0,302,302,157.775,7,0,1000000,3000,4
884099,884099,3536396,6773,38,152,242.0,0.0,242.0,306,306,149.76315789473685,7,0,1000000,3000,4
884135,884135,3536540,6774,36,144,242.0,0.0,242.0,306,306,155.13888888888889,7,0,1000000,3000,4
884176,884176,3536704,6775,41,164,218.0,0.0,218.0,283,283,169.5609756097561,6,0,1000000,3000,4
884454,884454,3537816,6776,278,1112,1321.0,0.0,1321.0,1434,1434,704.3489208633093,29,0,1000000,3000,4
884492,884492,3537968,6777,38,152,245.0,0.0,245.0,310,310,142.05263157894737,7,0,1000000,3000,4
884531,884531,3538124,6778,39,156,228.0,0.0,228.0,292,292,168.30769230769232,6,0,1000000,3000,4
884673,884673,3538692,6779,142,568,753.0,0.0,753.0,838,838,520.0070422535211,17,0,1000000,3000,4
884708,884708,3538832,6780,35,140,236.0,0.0,236.0,299,299,167.62857142857143,6,0,1000000,3000,4
884749,884749,3538996,6781,41,164,233.0,0.0,233.0,298,298,163.26829268292684,6,0,1000000,3000,4
884917,884917,3539668,6782,168,672,1038.0,0.0,1038.0,1126,1126,564.827380952381,23,0,1000000,3000,4
885137,885137,3540548,6783,220,880,738.0,0.0,738.0,839,839,517.5909090909091,17,0,1000000,3000,4
885301,885301,3541204,6784,164,656,811.0,0.0,811.0,898,898,544.9451219512196,18,0,1000000,3000,4
885342,885342,3541368,6785,41,164,232.0,0.0,232.0,297,297,158.29268292682926,6,0,1000000,3000,4
885446,885446,3541784,6786,104,416,608.0,0.0,608.0,684,684,397.2019230769231,14,0,1000000,3000,4
885485,885485,3541940,6787,39,156,242.0,0.0,242.0,306,306,155.69230769230768,7,0,1000000,3000,4
885901,885901,3543604,6788,416,1664,1643.0,0.0,1643.0,1782,1782,880.3149038461538,36,0,1000000,3000,4
886052,886052,3544208,6789,151,604,732.0,0.0,732.0,819,819,487.43046357615896,17,0,1000000,3000,4
886272,886272,3545088,6790,220,880,1301.0,0.0,1301.0,1402,1402,740.8818181818182,29,0,1000000,3000,4
886322,886322,3545288,6791,50,200,210.0,0.0,210.0,277,277,167.46,6,0,1000000,3000,4
886366,886366,3545464,6792,44,176,229.0,0.0,229.0,293,293,154.75,6,0,1000000,3000,4
886409,886409,3545636,6793,43,172,228.0,0.0,228.0,293,293,153.06976744186048,6,0,1000000,3000,4
886518,886518,3546072,6794,109,436,628.0,0.0,628.0,706,706,352.908256880734,15,0,1000000,3000,4
886701,886701,3546804,6795,183,732,1035.0,0.0,1035.0,1127,1127,596.879781420765,23,0,1000000,3000,4
886955,886955,3547820,6796,254,1016,1028.0,0.0,1028.0,1134,1134,660.9842519685039,23,0,1000000,3000,4
887168,887168,3548672,6797,213,852,801.0,0.0,801.0,898,898,595.4553990610328,18,0,1000000,3000,4
887417,887417,3549668,6798,249,996,1031.0,0.0,1031.0,1137,1137,668.289156626506,23,0,1000000,3000,4
887505,887505,3550020,6799,88,352,615.0,0.0,615.0,689,689,348.40909090909093,14,0,1000000,3000,4
887537,887537,3550148,6800,32,128,240.0,0.0,240.0,304,304,156.46875,7,0,1000000,3000,4
887634,887634,3550536,6801,97,388,623.0,0.0,623.0,699,699,380.21649484536084,14,0,1000000,3000,4
887787,887787,3551148,6802,153,612,637.0,0.0,637.0,722,723,496.4575163398693,15,0,1000000,3000,4
887965,887965,3551860,6803,178,712,808.0,0.0,808.0,898,898,608.5112359550562,18,0,1000000,3000,4
888002,888002,3552008,6804,37,148,240.0,0.0,240.0,304,304,157.40540540540542,7,0,1000000,3000,4
888101,888101,3552404,6805,99,396,597.0,0.0,597.0,674,674,402.26262626262627,14,0,1000000,3000,4
888132,888132,3552528,6806,31,124,249.0,0.0,249.0,313,313,153.7741935483871,7,0,1000000,3000,4
888265,888265,3553060,6807,133,532,585.0,0.0,585.0,668,668,446.76691729323306,14,0,1000000,3000,4
888662,888662,3554648,6808,397,1588,764.0,0.0,764.0,898,898,677.8413098236775,18,0,1000000,3000,4
888740,888740,3554960,6809,78,312,617.0,0.0,617.0,689,689,362.65384615384613,14,0,1000000,3000,4
888773,888773,3555092,6810,33,132,242.0,0.0,242.0,306,306,162.0,7,0,1000000,3000,4
889096,889096,3556384,6811,323,1292,1006.0,0.0,1006.0,1125,1125,694.5634674922601,23,0,1000000,3000,4
889125,889125,3556500,6812,29,116,252.0,0.0,252.0,315,315,156.27586206896552,7,0,1000000,3000,4
889208,889208,3556832,6813,83,332,619.0,0.0,619.0,693,693,344.67469879518075,14,0,1000000,3000,4
889354,889354,3557416,6814,146,584,1051.0,0.0,1051.0,1137,1137,584.3424657534247,23,0,1000000,3000,4
889495,889495,3557980,6815,141,564,756.0,0.0,756.0,842,842,517.3900709219859,17,0,1000000,3000,4
889569,889569,3558276,6816,74,296,608.0,0.0,608.0,679,679,321.1621621621622,14,0,1000000,3000,4
889600,889600,3558400,6817,31,124,243.0,0.0,243.0,306,306,162.1290322580645,7,0,1000000,3000,4
889690,889690,3558760,6818,90,360,617.0,0.0,617.0,692,692,337.4888888888889,14,0,1000000,3000,4
889766,889766,3559064,6819,76,304,630.0,0.0,630.0,702,702,379.42105263157896,15,0,1000000,3000,4
889872,889872,3559488,6820,106,424,627.0,0.0,627.0,706,706,370.8207547169811,15,0,1000000,3000,4
889908,889908,3559632,6821,36,144,241.0,0.0,241.0,305,305,159.75,7,0,1000000,3000,4
890058,890058,3560232,6822,150,600,1040.0,0.0,1040.0,1125,1125,621.7133333333334,23,0,1000000,3000,4
890240,890240,3560960,6823,182,728,1045.0,0.0,1045.0,1137,1137,649.6318681318681,23,0,1000000,3000,4
890274,890274,3561096,6824,34,136,239.0,0.0,239.0,303,303,166.97058823529412,7,0,1000000,3000,4
890376,890376,3561504,6825,102,408,628.0,0.0,628.0,704,704,365.80392156862746,15,0,1000000,3000,4
890528,890528,3562112,6826,152,608,1046.0,0.0,1046.0,1133,1133,623.203947368421,23,0,1000000,3000,4
890677,890677,3562708,6827,149,596,1050.0,0.0,1050.0,1136,1136,625.4161073825503,23,0,1000000,3000,4
890823,890823,3563292,6828,146,584,638.0,0.0,638.0,722,722,521.2808219178082,15,0,1000000,3000,4
890915,890915,3563660,6829,92,368,606.0,0.0,606.0,682,682,397.9891304347826,14,0,1000000,3000,4
890997,890997,3563988,6830,82,328,617.0,0.0,617.0,690,690,400.2682926829268,14,0,1000000,3000,4
891339,891339,3565356,6831,342,1368,1306.0,0.0,1306.0,1432,1432,726.7368421052631,29,0,1000000,3000,4
891634,891634,3566536,6832,295,1180,1316.0,0.0,1316.0,1433,1433,690.1796610169491,29,0,1000000,3000,4
891716,891716,3566864,6833,82,328,651.0,0.0,651.0,722,722,363.9268292682927,15,0,1000000,3000,4
891863,891863,3567452,6834,147,588,1041.0,0.0,1041.0,1126,1126,630.2380952380952,23,0,1000000,3000,4
892010,892010,3568040,6835,147,588,638.0,0.0,638.0,722,722,524.0884353741496,15,0,1000000,3000,4
892098,892098,3568392,6836,88,352,615.0,0.0,615.0,690,690,342.96590909090907,14,0,1000000,3000,4
892202,892202,3568808,6837,104,416,593.0,0.0,593.0,670,670,418.7019230769231,14,0,1000000,3000,4
892237,892237,3568948,6838,35,140,238.0,0.0,238.0,302,302,166.2,7,0,1000000,3000,4
892464,892464,3569856,6839,227,908,758.0,0.0,758.0,861,861,620.9383259911895,18,0,1000000,3000,4
892539,892539,3570156,6840,75,300,604.0,0.0,604.0,677,677,329.8,14,0,1000000,3000,4
892792,892792,3571168,6841,253,1012,793.0,0.0,793.0,898,899,690.8102766798419,18,0,1000000,3000,4
892954,892954,3571816,6842,162,648,635.0,0.0,635.0,722,722,489.462962962963,15,0,1000000,3000,4
893043,893043,3572172,6843,89,356,634.0,0.0,634.0,708,708,372.8426966292135,15,0,1000000,3000,4
893197,893197,3572788,6844,154,616,1335.0,0.0,1335.0,1423,1423,731.6168831168832,29,0,1000000,3000,4
893290,893290,3573160,6845,93,372,649.0,0.0,649.0,722,724,355.8709677419355,15,0,1000000,3000,4
893448,893448,3573792,6846,158,632,757.0,0.0,757.0,846,846,555.4620253164557,17,0,1000000,3000,4
893594,893594,3574376,6847,146,584,764.0,0.0,764.0,850,850,534.3493150684932,18,0,1000000,3000,4
893762,893762,3575048,6848,168,672,795.0,0.0,795.0,886,886,552.6845238095239,18,0,1000000,3000,4
893854,893854,3575416,6849,92,368,624.0,0.0,624.0,700,700,400.4130434782609,15,0,1000000,3000,4
893969,893969,3575876,6850,115,460,718.0,0.0,718.0,797,797,463.53913043478263,16,0,1000000,3000,4
894129,894129,3576516,6851,160,640,764.0,0.0,764.0,853,853,513.6,18,0,1000000,3000,4
894159,894159,3576636,6852,30,120,248.0,0.0,248.0,312,312,158.76666666666668,7,0,1000000,3000,4
894298,894298,3577192,6853,139,556,1041.0,0.0,1041.0,1123,1123,630.5755395683453,23,0,1000000,3000,4
894471,894471,3577884,6854,173,692,1036.0,0.0,1036.0,1126,1126,591.8959537572255,23,0,1000000,3000,4
894723,894723,3578892,6855,252,1008,1309.0,0.0,1309.0,1416,1416,735.9126984126984,29,0,1000000,3000,4
894916,894916,3579664,6856,193,772,1033.0,0.0,1033.0,1127,1127,678.3367875647668,23,0,1000000,3000,4
894955,894955,3579820,6857,39,156,230.0,0.0,230.0,295,295,162.74358974358975,6,0,1000000,3000,4
895130,895130,3580520,6858,175,700,1036.0,0.0,1036.0,1126,1126,610.92,23,0,1000000,3000,4
895201,895201,3580804,6859,71,284,609.0,0.0,609.0,681,681,345.80281690140845,14,0,1000000,3000,4
895231,895231,3580924,6860,30,120,248.0,0.0,248.0,312,312,152.4,7,0,1000000,3000,4
895262,895262,3581048,6861,31,124,249.0,0.0,249.0,312,312,157.38709677419354,7,0,1000000,3000,4
895352,895352,3581408,6862,90,360,609.0,0.0,609.0,685,685,362.7,14,0,1000000,3000,4
895431,895431,3581724,6863,79,316,606.0,0.0,606.0,679,679,343.69620253164555,14,0,1000000,3000,4
895525,895525,3582100,6864,94,376,612.0,0.0,612.0,688,688,411.3191489361702,14,0,1000000,3000,4
895632,895632,3582528,6865,107,428,600.0,0.0,600.0,679,679,409.60747663551405,14,0,1000000,3000,4
895663,895663,3582652,6866,31,124,250.0,0.0,250.0,314,314,155.4516129032258,7,0,1000000,3000,4
895831,895831,3583324,6867,168,672,1040.0,0.0,1040.0,1129,1129,652.2440476190476,23,0,1000000,3000,4
896003,896003,3584012,6868,172,688,1168.0,0.0,1168.0,1259,1259,690.8372093023256,26,0,1000000,3000,4
896138,896138,3584552,6869,135,540,752.0,0.0,752.0,836,836,505.57037037037037,17,0,1000000,3000,4
896170,896170,3584680,6870,32,128,247.0,0.0,247.0,311,311,149.84375,7,0,1000000,3000,4
896240,896240,3584960,6871,70,280,628.0,0.0,628.0,699,699,367.5285714285714,14,0,1000000,3000,4
896392,896392,3585568,6872,152,608,1438.0,0.0,1438.0,1526,1526,756.6644736842105,31,0,1000000,3000,4
896556,896556,3586224,6873,164,656,758.0,0.0,758.0,848,848,545.5975609756098,17,0,1000000,3000,4
896637,896637,3586548,6874,81,324,624.0,0.0,624.0,696,696,372.5308641975309,14,0,1000000,3000,4
896665,896665,3586660,6875,28,112,248.0,0.0,248.0,311,311,156.64285714285714,7,0,1000000,3000,4
896841,896841,3587364,6876,176,704,1036.0,0.0,1036.0,1127,1127,589.4204545454545,23,0,1000000,3000,4
896873,896873,3587492,6877,32,128,250.0,0.0,250.0,314,314,154.34375,7,0,1000000,3000,4
897139,897139,3588556,6878,266,1064,1307.0,0.0,1307.0,1416,1416,771.9135338345865,29,0,1000000,3000,4
897220,897220,3588880,6879,81,324,606.0,0.0,606.0,680,680,357.9259259259259,14,0,1000000,3000,4
897284,897284,3589136,6880,64,256,612.0,0.0,612.0,682,682,335.875,14,0,1000000,3000,4
897495,897495,3589980,6881,211,844,1029.0,0.0,1029.0,1127,1127,664.8483412322275,23,0,1000000,3000,4
897580,897580,3590320,6882,85,340,635.0,0.0,635.0,709,709,379.8705882352941,15,0,1000000,3000,4
897764,897764,3591056,6883,184,736,1314.0,0.0,1314.0,1404,1410,719.7391304347826,29,0,1000000,3000,4
897827,897827,3591308,6884,63,252,608.0,0.0,608.0,678,678,323.984126984127,14,0,1000000,3000,4
897963,897963,3591852,6885,136,544,1046.0,0.0,1046.0,1129,1129,571.9191176470588,23,0,1000000,3000,4
898041,898041,3592164,6886,78,312,652.0,0.0,652.0,722,722,377.7435897435897,15,0,1000000,3000,4
898111,898111,3592444,6887,70,280,633.0,0.0,633.0,704,704,377.1142857142857,15,0,1000000,3000,4
898325,898325,3593300,6888,214,856,1334.0,0.0,1334.0,1434,1434,678.892523364486,29,0,1000000,3000,4
898489,898489,3593956,6889,164,656,1154.0,0.0,1154.0,1244,1244,670.4939024390244,25,0,1000000,3000,4
898627,898627,3594508,6890,138,552,715.0,0.0,715.0,799,799,513.7971014492754,16,0,1000000,3000,4
898832,898832,3595328,6891,205,820,1561.0,0.0,1561.0,1659,1659,830.8878048780488,34,0,1000000,3000,4
898861,898861,3595444,6892,29,116,249.0,0.0,249.0,312,312,155.06896551724137,7,0,1000000,3000,4
898941,898941,3595764,6893,80,320,638.0,0.0,638.0,711,711,394.2625,15,0,1000000,3000,4
898974,898974,3595896,6894,33,132,247.0,0.0,247.0,311,311,146.3030303030303,7,0,1000000,3000,4
899004,899004,3596016,6895,30,120,244.0,0.0,244.0,307,307,158.8,7,0,1000000,3000,4
899091,899091,3596364,6896,87,348,627.0,0.0,627.0,702,702,397.3448275862069,15,0,1000000,3000,4
899392,899392,3597568,6897,301,1204,2354.0,0.0,2354.0,2469,2469,1408.0,50,0,1000000,3000,4
899422,899422,3597688,6898,30,120,250.0,0.0,250.0,313,313,154.5,7,0,1000000,3000,4
899517,899517,3598068,6899,95,380,619.0,0.0,619.0,694,694,394.58947368421053,14,0,1000000,3000,4
899617,899617,3598468,6900,100,400,601.0,0.0,601.0,677,677,408.85,14,0,1000000,3000,4
899849,899849,3599396,6901,232,928,1305.0,0.0,1305.0,1408,1408,687.6853448275862,29,0,1000000,3000,4
900013,900013,3600052,6902,164,656,635.0,0.0,635.0,722,723,496.9512195121951,15,0,1000000,3000,4
900047,900047,3600188,6903,34,136,249.0,0.0,249.0,313,313,148.97058823529412,7,0,1000000,3000,4
900376,900376,3601504,6904,329,1316,1307.0,0.0,1307.0,1429,1429,695.0212765957447,29,0,1000000,3000,4
900508,900508,3602032,6905,132,528,738.0,0.0,738.0,821,821,500.97727272727275,17,0,1000000,3000,4
900602,900602,3602408,6906,94,376,621.0,0.0,621.0,696,696,386.52127659574467,14,0,1000000,3000,4
900809,900809,3603236,6907,207,828,1337.0,0.0,1337.0,1436,1436,704.2608695652174,29,0,1000000,3000,4
900844,900844,3603376,6908,35,140,245.0,0.0,245.0,310,310,145.9142857142857,7,0,1000000,3000,4
901072,901072,3604288,6909,228,912,1329.0,0.0,1329.0,1432,1432,684.6842105263158,29,0,1000000,3000,4
901188,901188,3604752,6910,116,464,598.0,0.0,598.0,678,678,379.5258620689655,14,0,1000000,3000,4
901222,901222,3604888,6911,34,136,250.0,0.0,250.0,314,314,145.41176470588235,7,0,1000000,3000,4
901379,901379,3605516,6912,157,628,764.0,0.0,764.0,852,852,501.9108280254777,18,0,1000000,3000,4
901458,901458,3605832,6913,79,316,630.0,0.0,630.0,703,703,362.7974683544304,15,0,1000000,3000,4
901493,901493,3605972,6914,35,140,250.0,0.0,250.0,314,314,147.02857142857144,7,0,1000000,3000,4
901527,901527,3606108,6915,34,136,247.0,0.0,247.0,311,311,144.44117647058823,7,0,1000000,3000,4
901713,901713,3606852,6916,186,744,1135.0,0.0,1135.0,1229,1229,676.4731182795699,25,0,1000000,3000,4
901742,901742,3606968,6917,29,116,250.0,0.0,250.0,311,311,158.0,7,0,1000000,3000,4
901923,901923,3607692,6918,181,724,1319.0,0.0,1319.0,1409,1411,702.6961325966851,29,0,1000000,3000,4
902084,902084,3608336,6919,161,644,811.0,0.0,811.0,898,898,564.9689440993789,18,0,1000000,3000,4
902127,902127,3608508,6920,43,172,229.0,0.0,229.0,294,294,153.7674418604651,6,0,1000000,3000,4
902209,902209,3608836,6921,82,328,614.0,0.0,614.0,688,688,347.3170731707317,14,0,1000000,3000,4
902245,902245,3608980,6922,36,144,237.0,0.0,237.0,301,301,156.58333333333334,7,0,1000000,3000,4
902361,902361,3609444,6923,116,464,622.0,0.0,622.0,702,702,374.7155172413793,15,0,1000000,3000,4
902564,902564,3610256,6924,203,812,722.0,0.0,722.0,819,819,550.5714285714286,17,0,1000000,3000,4
902648,902648,3610592,6925,84,336,146.0,0.0,146.0,219,219,130.52380952380952,5,0,1000000,3000,4
902918,902918,3611672,6926,270,1080,765.0,0.0,765.0,873,898,547.5925925925926,18,0,1000000,3000,4
903181,903181,3612724,6927,263,1052,791.0,0.0,791.0,898,898,437.361216730038,18,0,1000000,3000,4
903277,903277,3613108,6928,96,384,608.0,0.0,608.0,685,685,381.96875,14,0,1000000,3000,4
903367,903367,3613468,6929,90,360,624.0,0.0,624.0,698,698,383.0777777777778,14,0,1000000,3000,4
903464,903464,3613856,6930,97,388,604.0,0.0,604.0,681,681,317.30927835051546,14,0,1000000,3000,4
903498,903498,3613992,6931,34,136,246.0,0.0,246.0,310,310,153.35294117647058,7,0,1000000,3000,4
903548,903548,3614192,6932,50,200,224.0,0.0,224.0,290,290,150.1,6,0,1000000,3000,4
903672,903672,3614688,6933,124,496,748.0,0.0,748.0,830,830,512.7822580645161,17,0,1000000,3000,4
903767,903767,3615068,6934,95,380,625.0,0.0,625.0,700,700,378.42105263157896,15,0,1000000,3000,4
903848,903848,3615392,6935,81,324,623.0,0.0,623.0,696,696,395.2345679012346,14,0,1000000,3000,4
903935,903935,3615740,6936,87,348,626.0,0.0,626.0,701,701,373.1609195402299,15,0,1000000,3000,4
903970,903970,3615880,6937,35,140,245.0,0.0,245.0,310,310,141.45714285714286,7,0,1000000,3000,4
904141,904141,3616564,6938,171,684,1044.0,0.0,1044.0,1135,1135,605.906432748538,23,0,1000000,3000,4
904223,904223,3616892,6939,82,328,636.0,0.0,636.0,710,710,385.6951219512195,15,0,1000000,3000,4
904408,904408,3617632,6940,185,740,1041.0,0.0,1041.0,1134,1134,634.6810810810811,23,0,1000000,3000,4
904444,904444,3617776,6941,36,144,248.0,0.0,248.0,313,313,146.33333333333334,7,0,1000000,3000,4
904523,904523,3618092,6942,79,316,607.0,0.0,607.0,680,680,351.9873417721519,14,0,1000000,3000,4
904594,904594,3618376,6943,71,284,602.0,0.0,602.0,674,674,336.32394366197184,14,0,1000000,3000,4
904623,904623,3618492,6944,29,116,252.0,0.0,252.0,315,315,159.93103448275863,7,0,1000000,3000,4
904735,904735,3618940,6945,112,448,607.0,0.0,607.0,686,686,394.0982142857143,14,0,1000000,3000,4
904767,904767,3619068,6946,32,128,246.0,0.0,246.0,310,310,152.0625,7,0,1000000,3000,4
904798,904798,3619192,6947,31,124,247.0,0.0,247.0,311,311,153.38709677419354,7,0,1000000,3000,4
904880,904880,3619520,6948,82,328,623.0,0.0,623.0,697,697,352.3414634146341,14,0,1000000,3000,4
904914,904914,3619656,6949,34,136,237.0,0.0,237.0,299,299,172.52941176470588,6,0,1000000,3000,4
905082,905082,3620328,6950,168,672,1039.0,0.0,1039.0,1128,1128,584.922619047619,23,0,1000000,3000,4
905166,905166,3620664,6951,84,336,634.0,0.0,634.0,707,707,390.9047619047619,15,0,1000000,3000,4
905197,905197,3620788,6952,31,124,251.0,0.0,251.0,315,315,152.41935483870967,7,0,1000000,3000,4
905235,905235,3620940,6953,38,152,240.0,0.0,240.0,305,305,152.6315789473684,7,0,1000000,3000,4
905267,905267,3621068,6954,32,128,248.0,0.0,248.0,312,312,155.0625,7,0,1000000,3000,4
905366,905366,3621464,6955,99,396,621.0,0.0,621.0,697,697,391.7171717171717,14,0,1000000,3000,4
905462,905462,3621848,6956,96,384,607.0,0.0,607.0,684,684,398.96875,14,0,1000000,3000,4
905495,905495,3621980,6957,33,132,243.0,0.0,243.0,306,306,164.6060606060606,7,0,1000000,3000,4
905717,905717,3622868,6958,222,888,1131.0,0.0,1131.0,1231,1231,657.8378378378378,25,0,1000000,3000,4
905750,905750,3623000,6959,33,132,243.0,0.0,243.0,307,307,157.87878787878788,7,0,1000000,3000,4
905846,905846,3623384,6960,96,384,633.0,0.0,633.0,709,709,380.2395833333333,15,0,1000000,3000,4
905917,905917,3623668,6961,71,284,611.0,0.0,611.0,681,681,336.67605633802816,14,0,1000000,3000,4
906003,906003,3624012,6962,86,344,636.0,0.0,636.0,710,710,385.4767441860465,15,0,1000000,3000,4
906035,906035,3624140,6963,32,128,242.0,0.0,242.0,306,306,162.875,7,0,1000000,3000,4
906066,906066,3624264,6964,31,124,244.0,0.0,244.0,308,308,156.93548387096774,7,0,1000000,3000,4
906102,906102,3624408,6965,36,144,246.0,0.0,246.0,311,311,155.33333333333334,7,0,1000000,3000,4
906221,906221,3624884,6966,119,476,625.0,0.0,625.0,705,705,397.4873949579832,15,0,1000000,3000,4
906258,906258,3625032,6967,37,148,240.0,0.0,240.0,305,305,155.32432432432432,7,0,1000000,3000,4
906293,906293,3625172,6968,35,140,235.0,0.0,235.0,299,299,164.77142857142857,6,0,1000000,3000,4
906387,906387,3625548,6969,94,376,623.0,0.0,623.0,698,698,364.25531914893617,14,0,1000000,3000,4
906418,906418,3625672,6970,31,124,251.0,0.0,251.0,315,315,153.58064516129033,7,0,1000000,3000,4
906448,906448,3625792,6971,30,120,251.0,0.0,251.0,312,312,159.8,7,0,1000000,3000,4
906908,906908,3627632,6972,460,1840,2607.0,0.0,2607.0,2755,2755,1418.3565217391304,56,0,1000000,3000,4
907064,907064,3628256,6973,156,624,717.0,0.0,717.0,805,805,491.37820512820514,17,0,1000000,3000,4
907369,907369,3629476,6974,305,1220,1310.0,0.0,1310.0,1428,1428,726.9770491803279,29,0,1000000,3000,4
907527,907527,3630108,6975,158,632,636.0,0.0,636.0,722,723,471.13291139240505,15,0,1000000,3000,4
907628,907628,3630512,6976,101,404,633.0,0.0,633.0,711,711,352.3267326732673,15,0,1000000,3000,4
907718,907718,3630872,6977,90,360,603.0,0.0,603.0,678,678,404.22222222222223,14,0,1000000,3000,4
907825,907825,3631300,6978,107,428,600.0,0.0,600.0,678,678,393.9626168224299,14,0,1000000,3000,4
907916,907916,3631664,6979,91,364,609.0,0.0,609.0,685,685,346.53846153846155,14,0,1000000,3000,4
907956,907956,3631824,6980,40,160,242.0,0.0,242.0,306,306,145.025,7,0,1000000,3000,4
908178,908178,3632712,6981,222,888,1312.0,0.0,1312.0,1411,1411,732.0360360360361,29,0,1000000,3000,4
908220,908220,3632880,6982,42,168,231.0,0.0,231.0,296,296,150.16666666666666,6,0,1000000,3000,4
908319,908319,3633276,6983,99,396,614.0,0.0,614.0,691,691,375.5151515151515,14,0,1000000,3000,4
908420,908420,3633680,6984,101,404,626.0,0.0,626.0,704,704,343.8019801980198,15,0,1000000,3000,4
908517,908517,3634068,6985,97,388,616.0,0.0,616.0,692,692,384.1958762886598,14,0,1000000,3000,4
908560,908560,3634240,6986,43,172,221.0,0.0,221.0,287,287,164.2325581395349,6,0,1000000,3000,4
908599,908599,3634396,6987,39,156,234.0,0.0,234.0,299,299,155.64102564102564,6,0,1000000,3000,4
908682,908682,3634728,6988,83,332,627.0,0.0,627.0,701,701,359.73493975903614,15,0,1000000,3000,4
908835,908835,3635340,6989,153,612,1352.0,0.0,1352.0,1440,1440,690.7254901960785,29,0,1000000,3000,4
908919,908919,3635676,6990,84,336,628.0,0.0,628.0,702,702,357.76190476190476,15,0,1000000,3000,4
908951,908951,3635804,6991,32,128,247.0,0.0,247.0,311,311,150.8125,7,0,1000000,3000,4
909047,909047,3636188,6992,96,384,626.0,0.0,626.0,703,703,385.1041666666667,15,0,1000000,3000,4
909165,909165,3636660,6993,118,472,601.0,0.0,601.0,682,682,405.1864406779661,14,0,1000000,3000,4
909354,909354,3637416,6994,189,756,1032.0,0.0,1032.0,1125,1125,627.6190476190476,23,0,1000000,3000,4
909539,909539,3638156,6995,185,740,1152.0,0.0,1152.0,1246,1246,657.9675675675676,25,0,1000000,3000,4
909570,909570,3638280,6996,31,124,248.0,0.0,248.0,312,312,157.70967741935485,7,0,1000000,3000,4
909763,909763,3639052,6997,193,772,1335.0,0.0,1335.0,1431,1431,622.4300518134716,29,0,1000000,3000,4
909859,909859,3639436,6998,96,384,613.0,0.0,613.0,689,689,385.8854166666667,14,0,1000000,3000,4
910094,910094,3640376,6999,235,940,1033.0,0.0,1033.0,1136,1136,650.2723404255319,23,0,1000000,3000,4
910237,910237,3640948,7000,143,572,713.0,0.0,713.0,798,798,470.7902097902098,16,0,1000000,3000,4
910427,910427,3641708,7001,190,760,1034.0,0.0,1034.0,1127,1127,621.2578947368421,23,0,1000000,3000,4
910521,910521,3642084,7002,94,376,606.0,0.0,606.0,682,682,399.13829787234044,14,0,1000000,3000,4
910963,910963,3643852,7003,442,1768,755.0,0.0,755.0,898,900,627.289592760181,19,0,1000000,3000,4
911120,911120,3644480,7004,157,628,1037.0,0.0,1037.0,1123,1123,580.2611464968153,23,0,1000000,3000,4
911286,911286,3645144,7005,166,664,634.0,0.0,634.0,722,722,467.66265060240966,15,0,1000000,3000,4
911331,911331,3645324,7006,45,180,228.0,0.0,228.0,293,293,148.24444444444444,6,0,1000000,3000,4
911450,911450,3645800,7007,119,476,609.0,0.0,609.0,690,690,382.97478991596637,14,0,1000000,3000,4
911489,911489,3645956,7008,39,156,240.0,0.0,240.0,303,303,151.2051282051282,7,0,1000000,3000,4
911617,911617,3646468,7009,128,512,615.0,0.0,615.0,698,698,327.8203125,14,0,1000000,3000,4
911726,911726,3646904,7010,109,436,631.0,0.0,631.0,710,710,343.61467889908255,15,0,1000000,3000,4
911767,911767,3647068,7011,41,164,229.0,0.0,229.0,293,293,151.0731707317073,6,0,1000000,3000,4
911935,911935,3647740,7012,168,672,789.0,0.0,789.0,879,879,506.5,18,0,1000000,3000,4
912961,912961,3651844,7013,1026,4104,1159.0,0.0,1159.0,1422,1422,727.4717348927875,29,0,1000000,3000,4
913204,913204,3652816,7014,243,972,1319.0,0.0,1319.0,1424,1424,714.3703703703703,29,0,1000000,3000,4
913392,913392,3653568,7015,188,752,752.0,0.0,752.0,846,846,527.7659574468086,17,0,1000000,3000,4
913544,913544,3654176,7016,152,608,813.0,0.0,813.0,898,899,514.7236842105264,18,0,1000000,3000,4
914149,914149,3656596,7017,605,2420,962.0,0.0,962.0,1138,1138,813.7206611570248,23,0,1000000,3000,4
914258,914258,3657032,7018,109,436,615.0,0.0,615.0,693,693,355.9724770642202,14,0,1000000,3000,4
914549,914549,3658196,7019,291,1164,1011.0,0.0,1011.0,1124,1124,658.6426116838488,23,0,1000000,3000,4
914720,914720,3658880,7020,171,684,700.0,0.0,700.0,790,790,473.0409356725146,16,0,1000000,3000,4
914961,914961,3659844,7021,241,964,688.0,0.0,688.0,793,793,556.1991701244814,16,0,1000000,3000,4
915076,915076,3660304,7022,115,460,607.0,0.0,607.0,685,685,357.88695652173914,14,0,1000000,3000,4
915117,915117,3660468,7023,41,164,221.0,0.0,221.0,286,286,170.78048780487805,6,0,1000000,3000,4
915371,915371,3661484,7024,254,1016,793.0,0.0,793.0,898,899,645.3897637795276,18,0,1000000,3000,4
915407,915407,3661628,7025,36,144,230.0,0.0,230.0,294,294,164.11111111111111,6,0,1000000,3000,4
915448,915448,3661792,7026,41,164,230.0,0.0,230.0,296,296,154.1219512195122,6,0,1000000,3000,4
915597,915597,3662388,7027,149,596,814.0,0.0,814.0,898,898,602.2416107382551,18,0,1000000,3000,4
915634,915634,3662536,7028,37,148,246.0,0.0,246.0,311,311,149.0810810810811,7,0,1000000,3000,4
915746,915746,3662984,7029,112,448,622.0,0.0,622.0,700,700,362.9732142857143,15,0,1000000,3000,4
915927,915927,3663708,7030,181,724,807.0,0.0,807.0,898,899,546.6961325966851,18,0,1000000,3000,4
915977,915977,3663908,7031,50,200,220.0,0.0,220.0,287,287,145.88,6,0,1000000,3000,4
916100,916100,3664400,7032,123,492,616.0,0.0,616.0,696,696,379.4390243902439,14,0,1000000,3000,4
916301,916301,3665204,7033,201,804,752.0,0.0,752.0,849,849,502.03980099502485,17,0,1000000,3000,4
916486,916486,3665944,7034,185,740,727.0,0.0,727.0,819,819,476.0918918918919,17,0,1000000,3000,4
916521,916521,3666084,7035,35,140,233.0,0.0,233.0,297,297,167.0,6,0,1000000,3000,4
916786,916786,3667144,7036,265,1060,1029.0,0.0,1029.0,1139,1139,624.5924528301887,23,0,1000000,3000,4
916945,916945,3667780,7037,159,636,636.0,0.0,636.0,722,723,499.0125786163522,15,0,1000000,3000,4
917150,917150,3668600,7038,205,820,1326.0,0.0,1326.0,1424,1424,724.9121951219512,29,0,1000000,3000,4
917395,917395,3669580,7039,245,980,1023.0,0.0,1023.0,1127,1127,656.0081632653062,23,0,1000000,3000,4
917723,917723,3670892,7040,328,1312,1676.0,0.0,1676.0,1799,1799,833.2256097560976,36,0,1000000,3000,4
917926,917926,3671704,7041,203,812,803.0,0.0,803.0,898,898,544.2610837438424,18,0,1000000,3000,4
917967,917967,3671868,7042,41,164,234.0,0.0,234.0,298,298,152.1951219512195,6,0,1000000,3000,4
918069,918069,3672276,7043,102,408,623.0,0.0,623.0,701,701,364.2156862745098,15,0,1000000,3000,4
918112,918112,3672448,7044,43,172,228.0,0.0,228.0,292,292,164.74418604651163,6,0,1000000,3000,4
918153,918153,3672612,7045,41,164,233.0,0.0,233.0,298,298,160.53658536585365,6,0,1000000,3000,4
918410,918410,3673640,7046,257,1028,1306.0,0.0,1306.0,1412,1412,703.9688715953307,29,0,1000000,3000,4
918504,918504,3674016,7047,94,376,624.0,0.0,624.0,700,700,369.71276595744683,15,0,1000000,3000,4
918964,918964,3675856,7048,460,1840,2322.0,0.0,2322.0,2469,2469,1280.4760869565218,50,0,1000000,3000,4
919194,919194,3676776,7049,230,920,1321.0,0.0,1321.0,1424,1424,719.8260869565217,29,0,1000000,3000,4
919296,919296,3677184,7050,102,408,591.0,0.0,591.0,668,668,390.2647058823529,14,0,1000000,3000,4
919526,919526,3678104,7051,230,920,1307.0,0.0,1307.0,1409,1409,723.3434782608696,29,0,1000000,3000,4
919567,919567,3678268,7052,41,164,230.0,0.0,230.0,295,295,155.5609756097561,6,0,1000000,3000,4
919655,919655,3678620,7053,88,352,634.0,0.0,634.0,709,709,383.46590909090907,15,0,1000000,3000,4
919767,919767,3679068,7054,112,448,609.0,0.0,609.0,689,689,384.0,14,0,1000000,3000,4
919812,919812,3679248,7055,45,180,223.0,0.0,223.0,289,289,160.0222222222222,6,0,1000000,3000,4
919851,919851,3679404,7056,39,156,243.0,0.0,243.0,306,306,151.74358974358975,7,0,1000000,3000,4
919943,919943,3679772,7057,92,368,633.0,0.0,633.0,709,709,369.0326086956522,15,0,1000000,3000,4
920050,920050,3680200,7058,107,428,620.0,0.0,620.0,698,698,389.85046728971963,14,0,1000000,3000,4
920318,920318,3681272,7059,268,1072,1017.0,0.0,1017.0,1125,1125,660.7313432835821,23,0,1000000,3000,4
920437,920437,3681748,7060,119,476,598.0,0.0,598.0,679,679,388.4033613445378,14,0,1000000,3000,4
920472,920472,3681888,7061,35,140,248.0,0.0,248.0,310,310,157.74285714285713,7,0,1000000,3000,4
920593,920593,3682372,7062,121,484,604.0,0.0,604.0,685,685,370.8512396694215,14,0,1000000,3000,4
920970,920970,3683880,7063,377,1508,1292.0,0.0,1292.0,1425,1425,717.5835543766578,29,0,1000000,3000,4
921092,921092,3684368,7064,122,488,617.0,0.0,617.0,698,698,341.28688524590166,14,0,1000000,3000,4
921416,921416,3685664,7065,324,1296,1313.0,0.0,1313.0,1435,1435,764.1728395061729,29,0,1000000,3000,4
921671,921671,3686684,7066,255,1020,1319.0,0.0,1319.0,1427,1427,775.2196078431373,29,0,1000000,3000,4
921719,921719,3686876,7067,48,192,231.0,0.0,231.0,298,298,131.22916666666666,6,0,1000000,3000,4
921764,921764,3687056,7068,45,180,229.0,0.0,229.0,296,296,149.57777777777778,6,0,1000000,3000,4
921919,921919,3687676,7069,155,620,709.0,0.0,709.0,797,797,498.6967741935484,16,0,1000000,3000,4
921959,921959,3687836,7070,40,160,234.0,0.0,234.0,299,299,159.8,6,0,1000000,3000,4
922209,922209,3688836,7071,250,1000,1307.0,0.0,1307.0,1412,1412,732.896,29,0,1000000,3000,4
922247,922247,3688988,7072,38,152,232.0,0.0,232.0,296,296,167.02631578947367,6,0,1000000,3000,4
922283,922283,3689132,7073,36,144,239.0,0.0,239.0,304,304,161.08333333333334,7,0,1000000,3000,4
922391,922391,3689564,7074,108,432,604.0,0.0,604.0,682,682,397.4259259259259,14,0,1000000,3000,4
922421,922421,3689684,7075,30,120,251.0,0.0,251.0,315,315,154.66666666666666,7,0,1000000,3000,4
922519,922519,3690076,7076,98,392,606.0,0.0,606.0,682,682,389.234693877551,14,0,1000000,3000,4
922741,922741,3690964,7077,222,888,1026.0,0.0,1026.0,1126,1126,638.3468468468468,23,0,1000000,3000,4
922775,922775,3691100,7078,34,136,236.0,0.0,236.0,299,299,161.0,6,0,1000000,3000,4
923111,923111,3692444,7079,336,1344,1001.0,0.0,1001.0,1124,1124,695.327380952381,23,0,1000000,3000,4
923211,923211,3692844,7080,100,400,588.0,0.0,588.0,664,664,421.89,14,0,1000000,3000,4
923434,923434,3693736,7081,223,892,1027.0,0.0,1027.0,1127,1127,663.9417040358744,23,0,1000000,3000,4
923478,923478,3693912,7082,44,176,225.0,0.0,225.0,289,289,163.13636363636363,6,0,1000000,3000,4
923715,923715,3694860,7083,237,948,1330.0,0.0,1330.0,1435,1435,709.8860759493671,29,0,1000000,3000,4
923752,923752,3695008,7084,37,148,246.0,0.0,246.0,311,311,152.32432432432432,7,0,1000000,3000,4
923830,923830,3695320,7085,78,312,631.0,0.0,631.0,703,703,385.8205128205128,15,0,1000000,3000,4
923929,923929,3695716,7086,99,396,614.0,0.0,614.0,689,689,384.64646464646466,14,0,1000000,3000,4
924030,924030,3696120,7087,101,404,593.0,0.0,593.0,670,670,396.34653465346537,14,0,1000000,3000,4
924240,924240,3696960,7088,210,840,1339.0,0.0,1339.0,1438,1438,729.5,29,0,1000000,3000,4
924276,924276,3697104,7089,36,144,241.0,0.0,241.0,305,305,154.77777777777777,7,0,1000000,3000,4
924311,924311,3697244,7090,35,140,240.0,0.0,240.0,305,305,158.65714285714284,7,0,1000000,3000,4
924405,924405,3697620,7091,94,376,633.0,0.0,633.0,709,709,369.8723404255319,15,0,1000000,3000,4
924542,924542,3698168,7092,137,548,1046.0,0.0,1046.0,1129,1129,565.0,23,0,1000000,3000,4
924623,924623,3698492,7093,81,324,623.0,0.0,623.0,697,697,359.5679012345679,14,0,1000000,3000,4
924717,924717,3698868,7094,94,376,621.0,0.0,621.0,697,697,340.78723404255317,14,0,1000000,3000,4
924824,924824,3699296,7095,107,428,595.0,0.0,595.0,673,673,393.33644859813086,14,0,1000000,3000,4
924996,924996,3699984,7096,172,688,809.0,0.0,809.0,898,899,571.3372093023256,18,0,1000000,3000,4
925086,925086,3700344,7097,90,360,608.0,0.0,608.0,684,684,333.18888888888887,14,0,1000000,3000,4
925153,925153,3700612,7098,67,268,609.0,0.0,609.0,680,680,313.4925373134328,14,0,1000000,3000,4
925268,925268,3701072,7099,115,460,593.0,0.0,593.0,673,673,386.2695652173913,14,0,1000000,3000,4
925335,925335,3701340,7100,67,268,624.0,0.0,624.0,695,695,369.3880597014925,14,0,1000000,3000,4
925487,925487,3701948,7101,152,608,637.0,0.0,637.0,722,722,479.5131578947368,15,0,1000000,3000,4
925800,925800,3703200,7102,313,1252,1313.0,0.0,1313.0,1433,1433,713.4600638977636,29,0,1000000,3000,4
925998,925998,3703992,7103,198,792,804.0,0.0,804.0,898,898,518.3434343434343,18,0,1000000,3000,4
926274,926274,3705096,7104,276,1104,1303.0,0.0,1303.0,1413,1413,694.1557971014493,29,0,1000000,3000,4
926318,926318,3705272,7105,44,176,225.0,0.0,225.0,290,290,162.61363636363637,6,0,1000000,3000,4
926441,926441,3705764,7106,123,492,583.0,0.0,583.0,664,664,379.0243902439024,14,0,1000000,3000,4
926549,926549,3706196,7107,108,432,586.0,0.0,586.0,663,663,390.94444444444446,14,0,1000000,3000,4
926646,926646,3706584,7108,97,388,619.0,0.0,619.0,695,695,335.4742268041237,14,0,1000000,3000,4
926811,926811,3707244,7109,165,660,810.0,0.0,810.0,898,899,576.939393939394,18,0,1000000,3000,4
926987,926987,3707948,7110,176,704,1339.0,0.0,1339.0,1432,1432,662.0227272727273,29,0,1000000,3000,4
927136,927136,3708544,7111,149,596,814.0,0.0,814.0,898,898,593.3087248322148,18,0,1000000,3000,4
927169,927169,3708676,7112,33,132,240.0,0.0,240.0,303,303,153.45454545454547,7,0,1000000,3000,4
927199,927199,3708796,7113,30,120,246.0,0.0,246.0,310,310,151.1,7,0,1000000,3000,4
927372,927372,3709488,7114,173,692,1435.0,0.0,1435.0,1527,1527,735.0057803468208,31,0,1000000,3000,4
927463,927463,3709852,7115,91,364,607.0,0.0,607.0,683,683,347.8021978021978,14,0,1000000,3000,4
927614,927614,3710456,7116,151,604,767.0,0.0,767.0,855,855,496.02649006622516,18,0,1000000,3000,4
927824,927824,3711296,7117,210,840,1327.0,0.0,1327.0,1426,1426,683.5904761904762,29,0,1000000,3000,4
928047,928047,3712188,7118,223,892,1028.0,0.0,1028.0,1127,1127,634.1345291479821,23,0,1000000,3000,4
928238,928238,3712952,7119,191,764,1038.0,0.0,1038.0,1133,1133,638.0314136125654,23,0,1000000,3000,4
928324,928324,3713296,7120,86,344,637.0,0.0,637.0,712,712,388.6279069767442,15,0,1000000,3000,4
928360,928360,3713440,7121,36,144,242.0,0.0,242.0,305,305,158.47222222222223,7,0,1000000,3000,4
928582,928582,3714328,7122,222,888,1141.0,0.0,1141.0,1243,1243,623.1846846846847,25,0,1000000,3000,4
928621,928621,3714484,7123,39,156,231.0,0.0,231.0,296,296,161.02564102564102,6,0,1000000,3000,4
928652,928652,3714608,7124,31,124,250.0,0.0,250.0,314,314,147.96774193548387,7,0,1000000,3000,4
928967,928967,3715868,7125,315,1260,1018.0,0.0,1018.0,1137,1137,670.7587301587301,23,0,1000000,3000,4
929013,929013,3716052,7126,46,184,219.0,0.0,219.0,284,284,166.41304347826087,6,0,1000000,3000,4
929232,929232,3716928,7127,219,876,1026.0,0.0,1026.0,1124,1124,606.5525114155251,23,0,1000000,3000,4
929267,929267,3717068,7128,35,140,239.0,0.0,239.0,304,304,162.0,7,0,1000000,3000,4
929494,929494,3717976,7129,227,908,1022.0,0.0,1022.0,1123,1125,613.8017621145375,23,0,1000000,3000,4
929699,929699,3718796,7130,205,820,1031.0,0.0,1031.0,1127,1127,606.0439024390244,23,0,1000000,3000,4
930003,930003,3720012,7131,304,1216,1297.0,0.0,1297.0,1412,1412,723.6447368421053,29,0,1000000,3000,4
930173,930173,3720692,7132,170,680,1327.0,0.0,1327.0,1415,1415,714.6882352941177,29,0,1000000,3000,4
930385,930385,3721540,7133,212,848,1325.0,0.0,1325.0,1425,1425,645.6415094339623,29,0,1000000,3000,4
930417,930417,3721668,7134,32,128,240.0,0.0,240.0,302,302,156.96875,7,0,1000000,3000,4
930690,930690,3722760,7135,273,1092,789.0,0.0,789.0,898,899,679.2673992673992,18,0,1000000,3000,4
930856,930856,3723424,7136,166,664,634.0,0.0,634.0,722,722,480.60843373493975,15,0,1000000,3000,4
930901,930901,3723604,7137,45,180,220.0,0.0,220.0,286,286,161.95555555555555,6,0,1000000,3000,4
931147,931147,3724588,7138,246,984,1303.0,0.0,1303.0,1409,1409,732.7682926829268,29,0,1000000,3000,4
931186,931186,3724744,7139,39,156,231.0,0.0,231.0,295,295,154.97435897435898,6,0,1000000,3000,4
931449,931449,3725796,7140,263,1052,1022.0,0.0,1022.0,1130,1130,630.6463878326996,23,0,1000000,3000,4
931719,931719,3726876,7141,270,1080,1400.0,0.0,1400.0,1510,1510,748.1111111111111,31,0,1000000,3000,4
932023,932023,3728092,7142,304,1216,1663.0,0.0,1663.0,1779,1779,888.1940789473684,36,0,1000000,3000,4
932060,932060,3728240,7143,37,148,244.0,0.0,244.0,308,308,153.8918918918919,7,0,1000000,3000,4
932283,932283,3729132,7144,223,892,1313.0,0.0,1313.0,1413,1413,694.4753363228699,29,0,1000000,3000,4
932315,932315,3729260,7145,32,128,250.0,0.0,250.0,314,314,143.3125,7,0,1000000,3000,4
932361,932361,3729444,7146,46,184,231.0,0.0,231.0,297,297,145.7173913043478,6,0,1000000,3000,4
932401,932401,3729604,7147,40,160,235.0,0.0,235.0,300,300,157.9,7,0,1000000,3000,4
932611,932611,3730444,7148,210,840,1316.0,0.0,1316.0,1413,1413,706.0952380952381,29,0,1000000,3000,4
932793,932793,3731172,7149,182,728,1038.0,0.0,1038.0,1131,1131,633.1813186813187,23,0,1000000,3000,4
932982,932982,3731928,7150,189,756,1315.0,0.0,1315.0,1409,1409,712.5396825396825,29,0,1000000,3000,4
933228,933228,3732912,7151,246,984,1307.0,0.0,1307.0,1412,1412,702.0569105691056,29,0,1000000,3000,4
933472,933472,3733888,7152,244,976,1317.0,0.0,1317.0,1423,1423,681.1844262295082,29,0,1000000,3000,4
933676,933676,3734704,7153,204,816,1031.0,0.0,1031.0,1127,1127,679.5147058823529,23,0,1000000,3000,4
933838,933838,3735352,7154,162,648,1047.0,0.0,1047.0,1136,1136,642.8333333333334,23,0,1000000,3000,4
933955,933955,3735820,7155,117,468,608.0,0.0,608.0,689,689,386.0940170940171,14,0,1000000,3000,4
934040,934040,3736160,7156,85,340,624.0,0.0,624.0,698,698,344.1294117647059,14,0,1000000,3000,4
934076,934076,3736304,7157,36,144,237.0,0.0,237.0,301,301,163.30555555555554,7,0,1000000,3000,4
934185,934185,3736740,7158,109,436,609.0,0.0,609.0,688,688,399.0275229357798,14,0,1000000,3000,4
934218,934218,3736872,7159,33,132,244.0,0.0,244.0,308,308,163.54545454545453,7,0,1000000,3000,4
934313,934313,3737252,7160,95,380,609.0,0.0,609.0,686,686,383.9684210526316,14,0,1000000,3000,4
934466,934466,3737864,7161,153,612,637.0,0.0,637.0,722,722,485.3856209150327,15,0,1000000,3000,4
934544,934544,3738176,7162,78,312,652.0,0.0,652.0,722,722,387.14102564102564,15,0,1000000,3000,4
934734,934734,3738936,7163,190,760,1342.0,0.0,1342.0,1437,1437,706.0368421052632,29,0,1000000,3000,4
934770,934770,3739080,7164,36,144,236.0,0.0,236.0,300,300,157.63888888888889,7,0,1000000,3000,4
934847,934847,3739388,7165,77,308,611.0,0.0,611.0,683,683,340.3376623376623,14,0,1000000,3000,4
934950,934950,3739800,7166,103,412,603.0,0.0,603.0,681,681,387.4757281553398,14,0,1000000,3000,4
935031,935031,3740124,7167,81,324,621.0,0.0,621.0,695,695,344.01234567901236,14,0,1000000,3000,4
935068,935068,3740272,7168,37,148,244.0,0.0,244.0,309,309,157.86486486486487,7,0,1000000,3000,4
935301,935301,3741204,7169,233,932,1312.0,0.0,1312.0,1414,1414,717.0944206008584,29,0,1000000,3000,4
935431,935431,3741724,7170,130,520,735.0,0.0,735.0,817,817,488.9923076923077,17,0,1000000,3000,4
935545,935545,3742180,7171,114,456,613.0,0.0,613.0,693,693,371.1929824561403,14,0,1000000,3000,4
935627,935627,3742508,7172,82,328,635.0,0.0,635.0,709,709,386.5731707317073,15,0,1000000,3000,4
935704,935704,3742816,7173,77,308,623.0,0.0,623.0,696,696,365.8961038961039,14,0,1000000,3000,4
935734,935734,3742936,7174,30,120,247.0,0.0,247.0,310,310,153.7,7,0,1000000,3000,4
935775,935775,3743100,7175,41,164,228.0,0.0,228.0,293,293,164.41463414634146,6,0,1000000,3000,4
935812,935812,3743248,7176,37,148,231.0,0.0,231.0,295,295,160.1891891891892,6,0,1000000,3000,4
935851,935851,3743404,7177,39,156,223.0,0.0,223.0,287,287,173.69230769230768,6,0,1000000,3000,4
935942,935942,3743768,7178,91,364,613.0,0.0,613.0,689,689,351.8241758241758,14,0,1000000,3000,4
936105,936105,3744420,7179,163,652,742.0,0.0,742.0,832,832,520.361963190184,17,0,1000000,3000,4
936323,936323,3745292,7180,218,872,1126.0,0.0,1126.0,1226,1226,646.5825688073395,25,0,1000000,3000,4
936419,936419,3745676,7181,96,384,617.0,0.0,617.0,693,693,384.5104166666667,14,0,1000000,3000,4
936450,936450,3745800,7182,31,124,251.0,0.0,251.0,315,315,155.2258064516129,7,0,1000000,3000,4
936635,936635,3746540,7183,185,740,1146.0,0.0,1146.0,1240,1240,632.454054054054,25,0,1000000,3000,4
936732,936732,3746928,7184,97,388,627.0,0.0,627.0,704,704,370.58762886597935,15,0,1000000,3000,4
936764,936764,3747056,7185,32,128,250.0,0.0,250.0,313,313,158.84375,7,0,1000000,3000,4
936918,936918,3747672,7186,154,616,766.0,0.0,766.0,852,852,530.6948051948052,18,0,1000000,3000,4
937095,937095,3748380,7187,177,708,727.0,0.0,727.0,819,819,541.8531073446328,17,0,1000000,3000,4
937244,937244,3748976,7188,149,596,730.0,0.0,730.0,816,816,485.751677852349,17,0,1000000,3000,4
937277,937277,3749108,7189,33,132,248.0,0.0,248.0,312,312,152.87878787878788,7,0,1000000,3000,4
937362,937362,3749448,7190,85,340,607.0,0.0,607.0,681,681,315.8,14,0,1000000,3000,4
937458,937458,3749832,7191,96,384,631.0,0.0,631.0,708,708,363.65625,15,0,1000000,3000,4
937544,937544,3750176,7192,86,344,633.0,0.0,633.0,706,706,360.72093023255815,15,0,1000000,3000,4
937635,937635,3750540,7193,91,364,614.0,0.0,614.0,688,688,337.0989010989011,14,0,1000000,3000,4
937894,937894,3751576,7194,259,1036,792.0,0.0,792.0,898,899,644.3513513513514,18,0,1000000,3000,4
938175,938175,3752700,7195,281,1124,1401.0,0.0,1401.0,1513,1513,804.1174377224199,31,0,1000000,3000,4
938414,938414,3753656,7196,239,956,1323.0,0.0,1323.0,1428,1428,723.6987447698745,29,0,1000000,3000,4
938507,938507,3754028,7197,93,372,613.0,0.0,613.0,688,688,327.5483870967742,14,0,1000000,3000,4
938596,938596,3754384,7198,89,356,636.0,0.0,636.0,710,710,363.1011235955056,15,0,1000000,3000,4
938635,938635,3754540,7199,39,156,242.0,0.0,242.0,306,306,144.94871794871796,7,0,1000000,3000,4
938740,938740,3754960,7200,105,420,611.0,0.0,611.0,690,690,378.2857142857143,14,0,1000000,3000,4
939008,939008,3756032,7201,268,1072,759.0,0.0,759.0,863,863,519.6305970149253,18,0,1000000,3000,4
939040,939040,3756160,7202,32,128,242.0,0.0,242.0,305,305,165.5,7,0,1000000,3000,4
939085,939085,3756340,7203,45,180,222.0,0.0,222.0,288,288,164.62222222222223,6,0,1000000,3000,4
939327,939327,3757308,7204,242,968,1694.0,0.0,1694.0,1800,1800,920.3388429752066,37,0,1000000,3000,4
939366,939366,3757464,7205,39,156,248.0,0.0,248.0,313,313,134.84615384615384,7,0,1000000,3000,4
939437,939437,3757748,7206,71,284,615.0,0.0,615.0,687,687,330.9718309859155,14,0,1000000,3000,4
939524,939524,3758096,7207,87,348,650.0,0.0,650.0,722,722,372.2988505747126,15,0,1000000,3000,4
939753,939753,3759012,7208,229,916,1331.0,0.0,1331.0,1434,1434,745.6943231441048,29,0,1000000,3000,4
939793,939793,3759172,7209,40,160,234.0,0.0,234.0,299,299,163.625,6,0,1000000,3000,4
939828,939828,3759312,7210,35,140,251.0,0.0,251.0,316,316,148.71428571428572,7,0,1000000,3000,4
939924,939924,3759696,7211,96,384,595.0,0.0,595.0,672,672,334.3125,14,0,1000000,3000,4
939958,939958,3759832,7212,34,136,243.0,0.0,243.0,306,306,161.73529411764707,7,0,1000000,3000,4
940044,940044,3760176,7213,86,344,609.0,0.0,609.0,683,683,330.36046511627904,14,0,1000000,3000,4
940074,940074,3760296,7214,30,120,250.0,0.0,250.0,313,313,156.76666666666668,7,0,1000000,3000,4
940105,940105,3760420,7215,31,124,241.0,0.0,241.0,304,304,162.70967741935485,7,0,1000000,3000,4
940198,940198,3760792,7216,93,372,630.0,0.0,630.0,706,706,370.2795698924731,15,0,1000000,3000,4
940409,940409,3761636,7217,211,844,1423.0,0.0,1423.0,1523,1523,747.2085308056872,31,0,1000000,3000,4
940483,940483,3761932,7218,74,296,629.0,0.0,629.0,701,701,361.1216216216216,15,0,1000000,3000,4
940583,940583,3762332,7219,100,400,602.0,0.0,602.0,679,679,398.99,14,0,1000000,3000,4
940775,940775,3763100,7220,192,768,1053.0,0.0,1053.0,1149,1149,589.1354166666666,23,0,1000000,3000,4
940867,940867,3763468,7221,92,368,613.0,0.0,613.0,688,688,348.85869565217394,14,0,1000000,3000,4
941088,941088,3764352,7222,221,884,1311.0,0.0,1311.0,1411,1411,701.1266968325792,29,0,1000000,3000,4
941184,941184,3764736,7223,96,384,621.0,0.0,621.0,698,698,379.0833333333333,14,0,1000000,3000,4
941277,941277,3765108,7224,93,372,609.0,0.0,609.0,685,685,354.0,14,0,1000000,3000,4
941306,941306,3765224,7225,29,116,249.0,0.0,249.0,310,310,160.9655172413793,7,0,1000000,3000,4
941546,941546,3766184,7226,240,960,1326.0,0.0,1326.0,1432,1432,758.5041666666667,29,0,1000000,3000,4
941678,941678,3766712,7227,132,528,744.0,0.0,744.0,827,827,487.3636363636364,17,0,1000000,3000,4
941965,941965,3767860,7228,287,1148,1683.0,0.0,1683.0,1798,1798,885.5400696864111,36,0,1000000,3000,4
942082,942082,3768328,7229,117,468,610.0,0.0,610.0,690,690,371.65811965811963,14,0,1000000,3000,4
942338,942338,3769352,7230,256,1024,1393.0,0.0,1393.0,1499,1499,757.43359375,30,0,1000000,3000,4
942380,942380,3769520,7231,42,168,235.0,0.0,235.0,301,301,153.35714285714286,7,0,1000000,3000,4
942559,942559,3770236,7232,179,716,1038.0,0.0,1038.0,1129,1129,603.68156424581,23,0,1000000,3000,4
942642,942642,3770568,7233,83,332,614.0,0.0,614.0,688,688,354.27710843373495,14,0,1000000,3000,4
942898,942898,3771592,7234,256,1024,1022.0,0.0,1022.0,1129,1129,662.69921875,23,0,1000000,3000,4
943108,943108,3772432,7235,210,840,1306.0,0.0,1306.0,1405,1405,727.8761904761905,29,0,1000000,3000,4
943263,943263,3773052,7236,155,620,636.0,0.0,636.0,722,722,477.49032258064517,15,0,1000000,3000,4
943303,943303,3773212,7237,40,160,234.0,0.0,234.0,300,300,152.025,7,0,1000000,3000,4
943334,943334,3773336,7238,31,124,251.0,0.0,251.0,315,315,150.5483870967742,7,0,1000000,3000,4
943556,943556,3774224,7239,222,888,1424.0,0.0,1424.0,1526,1526,699.7522522522522,31,0,1000000,3000,4
943586,943586,3774344,7240,30,120,248.0,0.0,248.0,311,311,155.2,7,0,1000000,3000,4
943694,943694,3774776,7241,108,432,600.0,0.0,600.0,678,678,399.31481481481484,14,0,1000000,3000,4
943797,943797,3775188,7242,103,412,615.0,0.0,615.0,692,692,378.86407766990294,14,0,1000000,3000,4
943934,943934,3775736,7243,137,548,816.0,0.0,816.0,898,898,598.2919708029198,18,0,1000000,3000,4
943966,943966,3775864,7244,32,128,246.0,0.0,246.0,310,310,146.5625,7,0,1000000,3000,4
944135,944135,3776540,7245,169,676,1035.0,0.0,1035.0,1123,1123,614.9644970414201,23,0,1000000,3000,4
944263,944263,3777052,7246,128,512,818.0,0.0,818.0,898,898,578.71875,18,0,1000000,3000,4
944326,944326,3777304,7247,63,252,608.0,0.0,608.0,678,678,331.8253968253968,14,0,1000000,3000,4
944363,944363,3777452,7248,37,148,245.0,0.0,245.0,310,310,150.51351351351352,7,0,1000000,3000,4
944474,944474,3777896,7249,111,444,742.0,0.0,742.0,822,822,511.1621621621622,17,0,1000000,3000,4
944671,944671,3778684,7250,197,788,1338.0,0.0,1338.0,1435,1435,680.741116751269,29,0,1000000,3000,4
944738,944738,3778952,7251,67,268,609.0,0.0,609.0,680,680,310.2238805970149,14,0,1000000,3000,4
944767,944767,3779068,7252,29,116,247.0,0.0,247.0,310,310,153.27586206896552,7,0,1000000,3000,4
944858,944858,3779432,7253,91,364,621.0,0.0,621.0,697,697,397.86813186813185,14,0,1000000,3000,4
945057,945057,3780228,7254,199,796,1033.0,0.0,1033.0,1127,1127,612.572864321608,23,0,1000000,3000,4
945098,945098,3780392,7255,41,164,240.0,0.0,240.0,306,306,149.58536585365854,7,0,1000000,3000,4
945139,945139,3780556,7256,41,164,226.0,0.0,226.0,292,292,168.6341463414634,6,0,1000000,3000,4
945181,945181,3780724,7257,42,168,230.0,0.0,230.0,295,295,154.76190476190476,6,0,1000000,3000,4
945422,945422,3781688,7258,241,964,1573.0,0.0,1573.0,1679,1679,788.49377593361,34,0,1000000,3000,4
945669,945669,3782676,7259,247,988,1420.0,0.0,1420.0,1527,1527,755.8056680161943,31,0,1000000,3000,4
945771,945771,3783084,7260,102,408,602.0,0.0,602.0,680,680,401.22549019607845,14,0,1000000,3000,4
945951,945951,3783804,7261,180,720,1039.0,0.0,1039.0,1130,1130,654.4166666666666,23,0,1000000,3000,4
946057,946057,3784228,7262,106,424,590.0,0.0,590.0,667,667,418.9433962264151,14,0,1000000,3000,4
946324,946324,3785296,7263,267,1068,1401.0,0.0,1401.0,1509,1509,737.1985018726592,31,0,1000000,3000,4
946442,946442,3785768,7264,118,472,721.0,0.0,721.0,801,801,443.14406779661016,17,0,1000000,3000,4
946476,946476,3785904,7265,34,136,250.0,0.0,250.0,314,314,149.14705882352942,7,0,1000000,3000,4
946562,946562,3786248,7266,86,344,619.0,0.0,619.0,694,694,342.74418604651163,14,0,1000000,3000,4
946724,946724,3786896,7267,162,648,1340.0,0.0,1340.0,1430,1430,702.0617283950618,29,0,1000000,3000,4
947008,947008,3788032,7268,284,1136,1313.0,0.0,1313.0,1427,1427,749.1619718309859,29,0,1000000,3000,4
947106,947106,3788424,7269,98,392,614.0,0.0,614.0,691,691,327.7551020408163,14,0,1000000,3000,4
947510,947510,3790040,7270,404,1616,1666.0,0.0,1666.0,1803,1803,826.6237623762377,37,0,1000000,3000,4
947610,947610,3790440,7271,100,400,612.0,0.0,612.0,689,689,354.64,14,0,1000000,3000,4
947825,947825,3791300,7272,215,860,1026.0,0.0,1026.0,1125,1125,582.8883720930232,23,0,1000000,3000,4
947902,947902,3791608,7273,77,308,606.0,0.0,606.0,679,679,288.57142857142856,14,0,1000000,3000,4
948208,948208,3792832,7274,306,1224,1013.0,0.0,1013.0,1130,1130,654.9346405228758,23,0,1000000,3000,4
948302,948302,3793208,7275,94,376,614.0,0.0,614.0,689,689,374.468085106383,14,0,1000000,3000,4
948393,948393,3793572,7276,91,364,612.0,0.0,612.0,687,687,401.72527472527474,14,0,1000000,3000,4
948504,948504,3794016,7277,111,444,612.0,0.0,612.0,691,691,313.35135135135135,14,0,1000000,3000,4
948848,948848,3795392,7278,344,1376,2348.0,0.0,2348.0,2472,2472,1314.9127906976744,50,0,1000000,3000,4
949039,949039,3796156,7279,191,764,1040.0,0.0,1040.0,1135,1135,561.8219895287958,23,0,1000000,3000,4
949138,949138,3796552,7280,99,396,617.0,0.0,617.0,693,693,382.45454545454544,14,0,1000000,3000,4
949320,949320,3797280,7281,182,728,807.0,0.0,807.0,898,898,565.532967032967,18,0,1000000,3000,4
949535,949535,3798140,7282,215,860,1319.0,0.0,1319.0,1419,1419,687.046511627907,29,0,1000000,3000,4
949656,949656,3798624,7283,121,484,589.0,0.0,589.0,670,670,396.3471074380165,14,0,1000000,3000,4
949760,949760,3799040,7284,104,416,631.0,0.0,631.0,709,709,340.3942307692308,15,0,1000000,3000,4
949921,949921,3799684,7285,161,644,635.0,0.0,635.0,722,723,457.48447204968943,15,0,1000000,3000,4
950029,950029,3800116,7286,108,432,621.0,0.0,621.0,700,700,366.18518518518516,15,0,1000000,3000,4
950075,950075,3800300,7287,46,184,227.0,0.0,227.0,293,293,155.69565217391303,6,0,1000000,3000,4
950174,950174,3800696,7288,99,396,604.0,0.0,604.0,681,681,309.73737373737373,14,0,1000000,3000,4
950210,950210,3800840,7289,36,144,242.0,0.0,242.0,307,307,152.41666666666666,7,0,1000000,3000,4
950457,950457,3801828,7290,247,988,1336.0,0.0,1336.0,1443,1443,726.9230769230769,29,0,1000000,3000,4
950631,950631,3802524,7291,174,696,1036.0,0.0,1036.0,1126,1126,575.7413793103449,23,0,1000000,3000,4
950720,950720,3802880,7292,89,356,617.0,0.0,617.0,690,690,330.7977528089888,14,0,1000000,3000,4
950884,950884,3803536,7293,164,656,777.0,0.0,777.0,867,867,509.5426829268293,18,0,1000000,3000,4
951070,951070,3804280,7294,186,744,1036.0,0.0,1036.0,1129,1129,628.8709677419355,23,0,1000000,3000,4
951214,951214,3804856,7295,144,576,1044.0,0.0,1044.0,1128,1128,560.8611111111111,23,0,1000000,3000,4
951396,951396,3805584,7296,182,728,1035.0,0.0,1035.0,1127,1127,639.2912087912088,23,0,1000000,3000,4
951502,951502,3806008,7297,106,424,625.0,0.0,625.0,704,704,363.08490566037733,15,0,1000000,3000,4
951682,951682,3806728,7298,180,720,1040.0,0.0,1040.0,1132,1132,605.5944444444444,23,0,1000000,3000,4
951898,951898,3807592,7299,216,864,1051.0,0.0,1051.0,1152,1152,616.3796296296297,24,0,1000000,3000,4
952222,952222,3808888,7300,324,1296,1909.0,0.0,1909.0,2031,2031,947.75,41,0,1000000,3000,4
952316,952316,3809264,7301,94,376,607.0,0.0,607.0,683,683,391.27659574468083,14,0,1000000,3000,4
952435,952435,3809740,7302,119,476,753.0,0.0,753.0,833,833,474.14285714285717,17,0,1000000,3000,4
952683,952683,3810732,7303,248,992,1320.0,0.0,1320.0,1427,1427,743.133064516129,29,0,1000000,3000,4
952995,952995,3811980,7304,312,1248,1550.0,0.0,1550.0,1669,1669,773.2019230769231,34,0,1000000,3000,4
953031,953031,3812124,7305,36,144,239.0,0.0,239.0,304,304,151.83333333333334,7,0,1000000,3000,4
953236,953236,3812944,7306,205,820,1690.0,0.0,1690.0,1786,1786,918.390243902439,36,0,1000000,3000,4
953314,953314,3813256,7307,78,312,627.0,0.0,627.0,700,700,366.9230769230769,15,0,1000000,3000,4
953383,953383,3813532,7308,69,276,608.0,0.0,608.0,678,678,321.231884057971,14,0,1000000,3000,4
953610,953610,3814440,7309,227,908,1025.0,0.0,1025.0,1125,1125,696.9427312775331,23,0,1000000,3000,4
953820,953820,3815280,7310,210,840,1334.0,0.0,1334.0,1433,1433,733.452380952381,29,0,1000000,3000,4
953907,953907,3815628,7311,87,348,626.0,0.0,626.0,700,700,398.71264367816093,15,0,1000000,3000,4
954118,954118,3816472,7312,211,844,1335.0,0.0,1335.0,1435,1435,683.3222748815166,29,0,1000000,3000,4
954354,954354,3817416,7313,236,944,1138.0,0.0,1138.0,1243,1243,676.4957627118644,25,0,1000000,3000,4
954578,954578,3818312,7314,224,896,1028.0,0.0,1028.0,1129,1129,646.7589285714286,23,0,1000000,3000,4
954653,954653,3818612,7315,75,300,621.0,0.0,621.0,694,694,343.48,14,0,1000000,3000,4
954853,954853,3819412,7316,200,800,1319.0,0.0,1319.0,1414,1414,740.205,29,0,1000000,3000,4
954941,954941,3819764,7317,88,352,620.0,0.0,620.0,694,694,363.9318181818182,14,0,1000000,3000,4
955096,955096,3820384,7318,155,620,636.0,0.0,636.0,722,722,488.5870967741935,15,0,1000000,3000,4
955279,955279,3821116,7319,183,732,1038.0,0.0,1038.0,1130,1130,643.8633879781421,23,0,1000000,3000,4
955309,955309,3821236,7320,30,120,246.0,0.0,246.0,308,308,164.23333333333332,7,0,1000000,3000,4
955413,955413,3821652,7321,104,416,617.0,0.0,617.0,694,694,395.65384615384613,14,0,1000000,3000,4
955450,955450,3821800,7322,37,148,227.0,0.0,227.0,291,291,172.9189189189189,6,0,1000000,3000,4
955493,955493,3821972,7323,43,172,243.0,0.0,243.0,309,309,139.11627906976744,7,0,1000000,3000,4
955730,955730,3822920,7324,237,948,1337.0,0.0,1337.0,1442,1442,698.4050632911392,29,0,1000000,3000,4
955762,955762,3823048,7325,32,128,251.0,0.0,251.0,315,315,152.78125,7,0,1000000,3000,4
955858,955858,3823432,7326,96,384,620.0,0.0,620.0,696,696,378.40625,14,0,1000000,3000,4
955896,955896,3823584,7327,38,152,246.0,0.0,246.0,311,311,140.92105263157896,7,0,1000000,3000,4
955995,955995,3823980,7328,99,396,617.0,0.0,617.0,694,694,383.77777777777777,14,0,1000000,3000,4
956037,956037,3824148,7329,42,168,224.0,0.0,224.0,289,289,171.16666666666666,6,0,1000000,3000,4
956194,956194,3824776,7330,157,628,636.0,0.0,636.0,722,723,488.03184713375794,15,0,1000000,3000,4
956366,956366,3825464,7331,172,688,1039.0,0.0,1039.0,1129,1129,648.3837209302326,23,0,1000000,3000,4
956400,956400,3825600,7332,34,136,246.0,0.0,246.0,309,309,147.35294117647058,7,0,1000000,3000,4
956436,956436,3825744,7333,36,144,231.0,0.0,231.0,295,295,167.5,6,0,1000000,3000,4
956750,956750,3827000,7334,314,1256,1012.0,0.0,1012.0,1130,1130,670.4554140127389,23,0,1000000,3000,4
956870,956870,3827480,7335,120,480,1058.0,0.0,1058.0,1138,1138,592.2916666666666,23,0,1000000,3000,4
956957,956957,3827828,7336,87,348,635.0,0.0,635.0,709,709,373.4597701149425,15,0,1000000,3000,4
957116,957116,3828464,7337,159,636,636.0,0.0,636.0,722,722,499.6981132075472,15,0,1000000,3000,4
957395,957395,3829580,7338,279,1116,1018.0,0.0,1018.0,1129,1129,744.4695340501792,23,0,1000000,3000,4
957435,957435,3829740,7339,40,160,236.0,0.0,236.0,300,300,156.2,7,0,1000000,3000,4
957465,957465,3829860,7340,30,120,242.0,0.0,242.0,306,306,157.83333333333334,7,0,1000000,3000,4
957542,957542,3830168,7341,77,308,618.0,0.0,618.0,691,691,348.7142857142857,14,0,1000000,3000,4
957660,957660,3830640,7342,118,472,601.0,0.0,601.0,681,681,393.9237288135593,14,0,1000000,3000,4
957808,957808,3831232,7343,148,592,1042.0,0.0,1042.0,1127,1127,581.5878378378378,23,0,1000000,3000,4
957838,957838,3831352,7344,30,120,248.0,0.0,248.0,312,312,153.86666666666667,7,0,1000000,3000,4
957879,957879,3831516,7345,41,164,232.0,0.0,232.0,296,296,163.4878048780488,6,0,1000000,3000,4
958023,958023,3832092,7346,144,576,1044.0,0.0,1044.0,1128,1128,569.1458333333334,23,0,1000000,3000,4
958203,958203,3832812,7347,180,720,1036.0,0.0,1036.0,1127,1127,613.2055555555555,23,0,1000000,3000,4
958232,958232,3832928,7348,29,116,248.0,0.0,248.0,311,311,157.13793103448276,7,0,1000000,3000,4
958264,958264,3833056,7349,32,128,249.0,0.0,249.0,313,313,148.53125,7,0,1000000,3000,4
958447,958447,3833788,7350,183,732,756.0,0.0,756.0,849,849,528.4754098360655,17,0,1000000,3000,4
958530,958530,3834120,7351,83,332,631.0,0.0,631.0,705,705,381.2289156626506,15,0,1000000,3000,4
958606,958606,3834424,7352,76,304,641.0,0.0,641.0,714,714,379.07894736842104,15,0,1000000,3000,4
958797,958797,3835188,7353,191,764,1341.0,0.0,1341.0,1437,1437,702.2408376963351,29,0,1000000,3000,4
958835,958835,3835340,7354,38,152,241.0,0.0,241.0,305,305,154.02631578947367,7,0,1000000,3000,4
958868,958868,3835472,7355,33,132,248.0,0.0,248.0,312,312,150.4848484848485,7,0,1000000,3000,4
959046,959046,3836184,7356,178,712,632.0,0.0,632.0,722,723,495.2415730337079,15,0,1000000,3000,4
959092,959092,3836368,7357,46,184,214.0,0.0,214.0,281,281,168.41304347826087,6,0,1000000,3000,4
959178,959178,3836712,7358,86,344,616.0,0.0,616.0,690,690,391.9651162790698,14,0,1000000,3000,4
959672,959672,3838688,7359,494,1976,2316.0,0.0,2316.0,2469,2469,1361.5465587044534,50,0,1000000,3000,4
959808,959808,3839232,7360,136,544,712.0,0.0,712.0,796,796,466.4632352941176,16,0,1000000,3000,4
959848,959848,3839392,7361,40,160,238.0,0.0,238.0,302,302,157.95,7,0,1000000,3000,4
960094,960094,3840376,7362,246,984,1020.0,0.0,1020.0,1124,1124,640.459349593496,23,0,1000000,3000,4
960122,960122,3840488,7363,28,112,247.0,0.0,247.0,310,310,170.60714285714286,7,0,1000000,3000,4
960162,960162,3840648,7364,40,160,225.0,0.0,225.0,291,291,168.2,6,0,1000000,3000,4
960200,960200,3840800,7365,38,152,237.0,0.0,237.0,302,302,152.02631578947367,7,0,1000000,3000,4
960437,960437,3841748,7366,237,948,1307.0,0.0,1307.0,1411,1411,734.535864978903,29,0,1000000,3000,4
960514,960514,3842056,7367,77,308,618.0,0.0,618.0,690,690,336.1168831168831,14,0,1000000,3000,4
960743,960743,3842972,7368,229,916,1331.0,0.0,1331.0,1434,1434,716.7379912663755,29,0,1000000,3000,4
960784,960784,3843136,7369,41,164,223.0,0.0,223.0,288,288,166.85365853658536,6,0,1000000,3000,4
961054,961054,3844216,7370,270,1080,1303.0,0.0,1303.0,1411,1411,755.8222222222222,29,0,1000000,3000,4
961094,961094,3844376,7371,40,160,218.0,0.0,218.0,283,283,168.025,6,0,1000000,3000,4
961175,961175,3844700,7372,81,324,651.0,0.0,651.0,722,722,362.77777777777777,15,0,1000000,3000,4
961312,961312,3845248,7373,137,548,603.0,0.0,603.0,687,687,392.13868613138686,14,0,1000000,3000,4
961434,961434,3845736,7374,122,488,1048.0,0.0,1048.0,1128,1128,575.5,23,0,1000000,3000,4
961530,961530,3846120,7375,96,384,628.0,0.0,628.0,704,704,376.5104166666667,15,0,1000000,3000,4
961770,961770,3847080,7376,240,960,1033.0,0.0,1033.0,1137,1137,643.1333333333333,23,0,1000000,3000,4
961936,961936,3847744,7377,166,664,634.0,0.0,634.0,722,723,473.73493975903614,15,0,1000000,3000,4
961974,961974,3847896,7378,38,152,239.0,0.0,239.0,304,304,154.1315789473684,7,0,1000000,3000,4
962181,962181,3848724,7379,207,828,1027.0,0.0,1027.0,1123,1123,588.0193236714975,23,0,1000000,3000,4
962215,962215,3848860,7380,34,136,245.0,0.0,245.0,308,308,152.2058823529412,7,0,1000000,3000,4
962339,962339,3849356,7381,124,496,714.0,0.0,714.0,794,794,428.508064516129,16,0,1000000,3000,4
962568,962568,3850272,7382,229,916,1918.0,0.0,1918.0,2020,2020,1056.8689956331878,41,0,1000000,3000,4
962778,962778,3851112,7383,210,840,1027.0,0.0,1027.0,1124,1124,645.1952380952381,23,0,1000000,3000,4
962814,962814,3851256,7384,36,144,232.0,0.0,232.0,297,297,161.55555555555554,6,0,1000000,3000,4
963074,963074,3852296,7385,260,1040,1320.0,0.0,1320.0,1430,1430,719.7846153846153,29,0,1000000,3000,4
963198,963198,3852792,7386,124,496,611.0,0.0,611.0,692,692,384.1290322580645,14,0,1000000,3000,4
963293,963293,3853172,7387,95,380,623.0,0.0,623.0,699,699,372.0842105263158,14,0,1000000,3000,4
963848,963848,3855392,7388,555,2220,2581.0,0.0,2581.0,2748,2748,1450.254054054054,55,0,1000000,3000,4
963883,963883,3855532,7389,35,140,229.0,0.0,229.0,294,294,164.17142857142858,6,0,1000000,3000,4
963913,963913,3855652,7390,30,120,241.0,0.0,241.0,304,304,165.13333333333333,7,0,1000000,3000,4
963988,963988,3855952,7391,75,300,626.0,0.0,626.0,698,698,360.37333333333333,14,0,1000000,3000,4
964064,964064,3856256,7392,76,304,615.0,0.0,615.0,688,688,333.30263157894734,14,0,1000000,3000,4
964109,964109,3856436,7393,45,180,230.0,0.0,230.0,295,295,152.44444444444446,6,0,1000000,3000,4
964224,964224,3856896,7394,115,460,605.0,0.0,605.0,684,684,368.45217391304345,14,0,1000000,3000,4
964428,964428,3857712,7395,204,816,1032.0,0.0,1032.0,1127,1127,632.6764705882352,23,0,1000000,3000,4
964610,964610,3858440,7396,182,728,1037.0,0.0,1037.0,1129,1129,543.5604395604396,23,0,1000000,3000,4
964651,964651,3858604,7397,41,164,228.0,0.0,228.0,293,293,163.90243902439025,6,0,1000000,3000,4
964684,964684,3858736,7398,33,132,239.0,0.0,239.0,303,303,154.78787878787878,7,0,1000000,3000,4
964718,964718,3858872,7399,34,136,237.0,0.0,237.0,300,300,169.91176470588235,7,0,1000000,3000,4
964820,964820,3859280,7400,102,408,616.0,0.0,616.0,693,693,371.97058823529414,14,0,1000000,3000,4
964926,964926,3859704,7401,106,424,604.0,0.0,604.0,683,683,373.6320754716981,14,0,1000000,3000,4
965073,965073,3860292,7402,147,588,747.0,0.0,747.0,833,833,466.7755102040816,17,0,1000000,3000,4
965344,965344,3861376,7403,271,1084,1027.0,0.0,1027.0,1138,1138,691.1918819188191,23,0,1000000,3000,4
965443,965443,3861772,7404,99,396,613.0,0.0,613.0,689,689,385.54545454545456,14,0,1000000,3000,4
965632,965632,3862528,7405,189,756,1043.0,0.0,1043.0,1137,1137,596.4550264550264,23,0,1000000,3000,4
965830,965830,3863320,7406,198,792,1325.0,0.0,1325.0,1422,1422,691.7070707070707,29,0,1000000,3000,4
965925,965925,3863700,7407,95,380,633.0,0.0,633.0,710,710,353.10526315789474,15,0,1000000,3000,4
965961,965961,3863844,7408,36,144,249.0,0.0,249.0,312,312,144.97222222222223,7,0,1000000,3000,4
966160,966160,3864640,7409,199,796,1318.0,0.0,1318.0,1413,1413,724.608040201005,29,0,1000000,3000,4
966332,966332,3865328,7410,172,688,1039.0,0.0,1039.0,1129,1129,588.5930232558139,23,0,1000000,3000,4
966374,966374,3865496,7411,42,168,230.0,0.0,230.0,295,295,156.26190476190476,6,0,1000000,3000,4
966597,966597,3866388,7412,223,892,1325.0,0.0,1325.0,1427,1427,740.1165919282511,29,0,1000000,3000,4
966641,966641,3866564,7413,44,176,230.0,0.0,230.0,294,294,161.70454545454547,6,0,1000000,3000,4
966840,966840,3867360,7414,199,796,1035.0,0.0,1035.0,1131,1131,634.5226130653266,23,0,1000000,3000,4
966944,966944,3867776,7415,104,416,623.0,0.0,623.0,700,700,384.0769230769231,15,0,1000000,3000,4
967353,967353,3869412,7416,409,1636,1801.0,0.0,1801.0,1938,1938,953.1858190709047,39,0,1000000,3000,4
967392,967392,3869568,7417,39,156,231.0,0.0,231.0,295,295,161.17948717948718,6,0,1000000,3000,4
967436,967436,3869744,7418,44,176,232.0,0.0,232.0,296,296,154.45454545454547,6,0,1000000,3000,4
967519,967519,3870076,7419,83,332,607.0,0.0,607.0,681,681,328.1686746987952,14,0,1000000,3000,4
967681,967681,3870724,7420,162,648,793.0,0.0,793.0,882,882,518.0308641975308,18,0,1000000,3000,4
967842,967842,3871368,7421,161,644,594.0,0.0,594.0,683,683,430.6335403726708,14,0,1000000,3000,4
967885,967885,3871540,7422,43,172,233.0,0.0,233.0,298,298,154.62790697674419,6,0,1000000,3000,4
968012,968012,3872048,7423,127,508,747.0,0.0,747.0,829,829,505.66141732283467,17,0,1000000,3000,4
968134,968134,3872536,7424,122,488,626.0,0.0,626.0,707,707,369.8524590163934,15,0,1000000,3000,4
968383,968383,3873532,7425,249,996,1033.0,0.0,1033.0,1139,1139,669.0441767068273,23,0,1000000,3000,4
968679,968679,3874716,7426,296,1184,1303.0,0.0,1303.0,1419,1419,705.0472972972973,29,0,1000000,3000,4
968720,968720,3874880,7427,41,164,230.0,0.0,230.0,295,295,156.1219512195122,6,0,1000000,3000,4
968755,968755,3875020,7428,35,140,243.0,0.0,243.0,307,307,151.22857142857143,7,0,1000000,3000,4
968797,968797,3875188,7429,42,168,231.0,0.0,231.0,295,295,159.21428571428572,6,0,1000000,3000,4
969029,969029,3876116,7430,232,928,1308.0,0.0,1308.0,1411,1411,723.6724137931035,29,0,1000000,3000,4
969069,969069,3876276,7431,40,160,234.0,0.0,234.0,300,300,158.225,7,0,1000000,3000,4
969107,969107,3876428,7432,38,152,239.0,0.0,239.0,303,303,156.39473684210526,7,0,1000000,3000,4
969373,969373,3877492,7433,266,1064,1028.0,0.0,1028.0,1138,1138,599.9586466165414,23,0,1000000,3000,4
969595,969595,3878380,7434,222,888,1037.0,0.0,1037.0,1138,1138,585.927927927928,23,0,1000000,3000,4
969699,969699,3878796,7435,104,416,609.0,0.0,609.0,686,686,401.08653846153845,14,0,1000000,3000,4
969875,969875,3879500,7436,176,704,808.0,0.0,808.0,898,899,561.4943181818181,18,0,1000000,3000,4
969971,969971,3879884,7437,96,384,613.0,0.0,613.0,690,690,392.34375,14,0,1000000,3000,4
970073,970073,3880292,7438,102,408,615.0,0.0,615.0,693,693,338.1862745098039,14,0,1000000,3000,4
970185,970185,3880740,7439,112,448,599.0,0.0,599.0,678,678,375.7857142857143,14,0,1000000,3000,4
970433,970433,3881732,7440,248,992,1307.0,0.0,1307.0,1412,1412,734.008064516129,29,0,1000000,3000,4
970688,970688,3882752,7441,255,1020,1031.0,0.0,1031.0,1138,1138,664.6823529411764,23,0,1000000,3000,4
970779,970779,3883116,7442,91,364,635.0,0.0,635.0,710,710,361.1758241758242,15,0,1000000,3000,4
970815,970815,3883260,7443,36,144,240.0,0.0,240.0,305,305,154.88888888888889,7,0,1000000,3000,4
970977,970977,3883908,7444,162,648,635.0,0.0,635.0,722,722,466.820987654321,15,0,1000000,3000,4
971212,971212,3884848,7445,235,940,1021.0,0.0,1021.0,1123,1123,616.5574468085107,23,0,1000000,3000,4
971327,971327,3885308,7446,115,460,595.0,0.0,595.0,674,674,382.8608695652174,14,0,1000000,3000,4
971594,971594,3886376,7447,267,1068,1028.0,0.0,1028.0,1138,1138,628.7378277153558,23,0,1000000,3000,4
971637,971637,3886548,7448,43,172,229.0,0.0,229.0,294,294,156.34883720930233,6,0,1000000,3000,4
971808,971808,3887232,7449,171,684,633.0,0.0,633.0,722,722,478.7894736842105,15,0,1000000,3000,4
971919,971919,3887676,7450,111,444,610.0,0.0,610.0,688,688,373.6756756756757,14,0,1000000,3000,4
971970,971970,3887880,7451,51,204,213.0,0.0,213.0,280,280,161.3921568627451,6,0,1000000,3000,4
972087,972087,3888348,7452,117,468,611.0,0.0,611.0,691,691,365.017094017094,14,0,1000000,3000,4
972343,972343,3889372,7453,256,1024,1017.0,0.0,1017.0,1123,1123,611.4609375,23,0,1000000,3000,4
972387,972387,3889548,7454,44,176,234.0,0.0,234.0,299,299,146.61363636363637,6,0,1000000,3000,4
972532,972532,3890128,7455,145,580,743.0,0.0,743.0,827,827,457.9103448275862,17,0,1000000,3000,4
972571,972571,3890284,7456,39,156,232.0,0.0,232.0,296,296,162.84615384615384,6,0,1000000,3000,4
972614,972614,3890456,7457,43,172,234.0,0.0,234.0,299,299,152.2093023255814,6,0,1000000,3000,4
972659,972659,3890636,7458,45,180,223.0,0.0,223.0,287,287,164.48888888888888,6,0,1000000,3000,4
972841,972841,3891364,7459,182,728,1046.0,0.0,1046.0,1139,1139,572.0439560439561,23,0,1000000,3000,4
972971,972971,3891884,7460,130,520,582.0,0.0,582.0,664,664,389.87692307692305,14,0,1000000,3000,4
973016,973016,3892064,7461,45,180,228.0,0.0,228.0,293,293,149.17777777777778,6,0,1000000,3000,4
973187,973187,3892748,7462,171,684,737.0,0.0,737.0,828,828,475.7602339181287,17,0,1000000,3000,4
973593,973593,3894372,7463,406,1624,1806.0,0.0,1806.0,1943,1943,871.2758620689655,39,0,1000000,3000,4
973710,973710,3894840,7464,117,468,606.0,0.0,606.0,685,685,379.43589743589746,14,0,1000000,3000,4
973748,973748,3894992,7465,38,152,238.0,0.0,238.0,302,302,158.78947368421052,7,0,1000000,3000,4
973964,973964,3895856,7466,216,864,1029.0,0.0,1029.0,1129,1129,582.4398148148148,23,0,1000000,3000,4
974002,974002,3896008,7467,38,152,240.0,0.0,240.0,304,304,147.76315789473685,7,0,1000000,3000,4
974037,974037,3896148,7468,35,140,244.0,0.0,244.0,308,308,164.11428571428573,7,0,1000000,3000,4
974260,974260,3897040,7469,223,892,1028.0,0.0,1028.0,1128,1128,601.9955156950673,23,0,1000000,3000,4
974416,974416,3897664,7470,156,624,636.0,0.0,636.0,722,722,497.5833333333333,15,0,1000000,3000,4
974602,974602,3898408,7471,186,744,592.0,0.0,592.0,686,686,454.5806451612903,14,0,1000000,3000,4
974642,974642,3898568,7472,40,160,231.0,0.0,231.0,295,295,160.375,6,0,1000000,3000,4
974684,974684,3898736,7473,42,168,230.0,0.0,230.0,295,295,158.33333333333334,6,0,1000000,3000,4
974723,974723,3898892,7474,39,156,223.0,0.0,223.0,287,287,170.6153846153846,6,0,1000000,3000,4
975086,975086,3900344,7475,363,1452,1007.0,0.0,1007.0,1136,1136,690.633608815427,23,0,1000000,3000,4
975124,975124,3900496,7476,38,152,239.0,0.0,239.0,303,303,151.02631578947367,7,0,1000000,3000,4
975159,975159,3900636,7477,35,140,238.0,0.0,238.0,302,302,153.62857142857143,7,0,1000000,3000,4
975507,975507,3902028,7478,348,1392,1005.0,0.0,1005.0,1130,1130,725.7816091954023,23,0,1000000,3000,4
975688,975688,3902752,7479,181,724,807.0,0.0,807.0,898,899,546.7900552486187,18,0,1000000,3000,4
975789,975789,3903156,7480,101,404,635.0,0.0,635.0,711,711,360.2277227722772,15,0,1000000,3000,4
976104,976104,3904416,7481,315,1260,1313.0,0.0,1313.0,1433,1433,742.6698412698413,29,0,1000000,3000,4
976345,976345,3905380,7482,241,964,1025.0,0.0,1025.0,1130,1130,627.5850622406639,23,0,1000000,3000,4
976443,976443,3905772,7483,98,392,630.0,0.0,630.0,706,706,377.98979591836735,15,0,1000000,3000,4
976555,976555,3906220,7484,112,448,596.0,0.0,596.0,675,675,383.5892857142857,14,0,1000000,3000,4
976819,976819,3907276,7485,264,1056,1027.0,0.0,1027.0,1136,1136,656.4734848484849,23,0,1000000,3000,4
976923,976923,3907692,7486,104,416,620.0,0.0,620.0,697,697,365.0769230769231,14,0,1000000,3000,4
977017,977017,3908068,7487,94,376,627.0,0.0,627.0,703,703,345.3723404255319,15,0,1000000,3000,4
977204,977204,3908816,7488,187,748,1034.0,0.0,1034.0,1126,1126,582.5614973262032,23,0,1000000,3000,4
977415,977415,3909660,7489,211,844,1423.0,0.0,1423.0,1522,1522,719.4928909952606,31,0,1000000,3000,4
977510,977510,3910040,7490,95,380,602.0,0.0,602.0,678,678,389.9894736842105,14,0,1000000,3000,4
977768,977768,3911072,7491,258,1032,1322.0,0.0,1322.0,1429,1429,695.9186046511628,29,0,1000000,3000,4
978021,978021,3912084,7492,253,1012,1018.0,0.0,1018.0,1123,1123,638.1383399209486,23,0,1000000,3000,4
978194,978194,3912776,7493,173,692,742.0,0.0,742.0,834,834,543.9884393063584,17,0,1000000,3000,4
978384,978384,3913536,7494,190,760,1036.0,0.0,1036.0,1129,1129,578.2157894736843,23,0,1000000,3000,4
978425,978425,3913700,7495,41,164,231.0,0.0,231.0,297,297,158.78048780487805,6,0,1000000,3000,4
978706,978706,3914824,7496,281,1124,1303.0,0.0,1303.0,1414,1414,755.6334519572954,29,0,1000000,3000,4
978746,978746,3914984,7497,40,160,235.0,0.0,235.0,299,299,160.025,6,0,1000000,3000,4
978894,978894,3915576,7498,148,592,638.0,0.0,638.0,722,723,484.3378378378378,15,0,1000000,3000,4
979142,979142,3916568,7499,248,992,1302.0,0.0,1302.0,1408,1408,714.5524193548387,29,0,1000000,3000,4
979238,979238,3916952,7500,96,384,616.0,0.0,616.0,692,692,382.1041666666667,14,0,1000000,3000,4
979339,979339,3917356,7501,101,404,633.0,0.0,633.0,711,711,384.15841584158414,15,0,1000000,3000,4
979377,979377,3917508,7502,38,152,230.0,0.0,230.0,293,293,171.81578947368422,6,0,1000000,3000,4
979534,979534,3918136,7503,157,628,1039.0,0.0,1039.0,1126,1126,633.1910828025477,23,0,1000000,3000,4
979785,979785,3919140,7504,251,1004,1308.0,0.0,1308.0,1413,1413,701.0597609561753,29,0,1000000,3000,4
979828,979828,3919312,7505,43,172,225.0,0.0,225.0,290,290,163.13953488372093,6,0,1000000,3000,4
979868,979868,3919472,7506,40,160,233.0,0.0,233.0,298,298,154.325,6,0,1000000,3000,4
980001,980001,3920004,7507,133,532,599.0,0.0,599.0,682,682,384.18045112781954,14,0,1000000,3000,4
980042,980042,3920168,7508,41,164,231.0,0.0,231.0,296,296,158.0731707317073,6,0,1000000,3000,4
980270,980270,3921080,7509,228,912,1301.0,0.0,1301.0,1403,1403,739.3771929824561,29,0,1000000,3000,4
980380,980380,3921520,7510,110,440,594.0,0.0,594.0,672,672,400.06363636363636,14,0,1000000,3000,4
980412,980412,3921648,7511,32,128,241.0,0.0,241.0,303,303,163.34375,7,0,1000000,3000,4
980452,980452,3921808,7512,40,160,230.0,0.0,230.0,295,295,166.375,6,0,1000000,3000,4
980538,980538,3922152,7513,86,344,635.0,0.0,635.0,709,709,362.33720930232556,15,0,1000000,3000,4
980574,980574,3922296,7514,36,144,236.0,0.0,236.0,299,299,156.75,6,0,1000000,3000,4
980733,980733,3922932,7515,159,636,722.0,0.0,722.0,809,809,502.44654088050316,17,0,1000000,3000,4
980882,980882,3923528,7516,149,596,732.0,0.0,732.0,818,818,479.81208053691273,17,0,1000000,3000,4
980965,980965,3923860,7517,83,332,621.0,0.0,621.0,694,694,333.3855421686747,14,0,1000000,3000,4
981090,981090,3924360,7518,125,500,581.0,0.0,581.0,663,663,394.424,14,0,1000000,3000,4
981202,981202,3924808,7519,112,448,632.0,0.0,632.0,711,711,377.17857142857144,15,0,1000000,3000,4
981303,981303,3925212,7520,101,404,634.0,0.0,634.0,711,711,359.990099009901,15,0,1000000,3000,4
981416,981416,3925664,7521,113,452,645.0,0.0,645.0,722,722,343.4159292035398,15,0,1000000,3000,4
981454,981454,3925816,7522,38,152,241.0,0.0,241.0,305,305,151.3684210526316,7,0,1000000,3000,4
981495,981495,3925980,7523,41,164,232.0,0.0,232.0,297,297,157.97560975609755,6,0,1000000,3000,4
981963,981963,3927852,7524,468,1872,997.0,0.0,997.0,1148,1148,752.0512820512821,23,0,1000000,3000,4
982073,982073,3928292,7525,110,440,592.0,0.0,592.0,670,670,396.23636363636365,14,0,1000000,3000,4
982110,982110,3928440,7526,37,148,232.0,0.0,232.0,296,296,163.02702702702703,6,0,1000000,3000,4
982216,982216,3928864,7527,106,424,599.0,0.0,599.0,676,676,390.7169811320755,14,0,1000000,3000,4
982257,982257,3929028,7528,41,164,222.0,0.0,222.0,287,287,170.0731707317073,6,0,1000000,3000,4
982431,982431,3929724,7529,174,696,1060.0,0.0,1060.0,1152,1152,601.7011494252873,24,0,1000000,3000,4
982531,982531,3930124,7530,100,400,601.0,0.0,601.0,679,679,338.29,14,0,1000000,3000,4
982694,982694,3930776,7531,163,652,635.0,0.0,635.0,722,722,477.44171779141107,15,0,1000000,3000,4
982786,982786,3931144,7532,92,368,627.0,0.0,627.0,702,702,396.4130434782609,15,0,1000000,3000,4
982826,982826,3931304,7533,40,160,231.0,0.0,231.0,295,295,164.475,6,0,1000000,3000,4
982964,982964,3931856,7534,138,552,791.0,0.0,791.0,875,875,542.3550724637681,18,0,1000000,3000,4
983234,983234,3932936,7535,270,1080,1552.0,0.0,1552.0,1663,1663,806.4777777777778,34,0,1000000,3000,4
983376,983376,3933504,7536,142,568,1052.0,0.0,1052.0,1137,1137,539.9295774647887,23,0,1000000,3000,4
983545,983545,3934180,7537,169,676,1137.0,0.0,1137.0,1226,1226,636.1065088757397,25,0,1000000,3000,4
983645,983645,3934580,7538,100,400,612.0,0.0,612.0,687,687,384.48,14,0,1000000,3000,4
983686,983686,3934744,7539,41,164,232.0,0.0,232.0,297,297,160.3658536585366,6,0,1000000,3000,4
983869,983869,3935476,7540,183,732,1041.0,0.0,1041.0,1134,1134,604.2459016393443,23,0,1000000,3000,4
983974,983974,3935896,7541,105,420,608.0,0.0,608.0,685,685,386.0761904761905,14,0,1000000,3000,4
984144,984144,3936576,7542,170,680,796.0,0.0,796.0,888,888,502.71176470588233,18,0,1000000,3000,4
984242,984242,3936968,7543,98,392,616.0,0.0,616.0,692,692,325.9183673469388,14,0,1000000,3000,4
984280,984280,3937120,7544,38,152,242.0,0.0,242.0,306,306,151.1315789473684,7,0,1000000,3000,4
984397,984397,3937588,7545,117,468,586.0,0.0,586.0,665,665,398.9145299145299,14,0,1000000,3000,4
984512,984512,3938048,7546,115,460,605.0,0.0,605.0,685,685,360.6,14,0,1000000,3000,4
984706,984706,3938824,7547,194,776,754.0,0.0,754.0,849,849,521.1907216494845,17,0,1000000,3000,4
984942,984942,3939768,7548,236,944,1035.0,0.0,1035.0,1139,1139,657.5508474576271,23,0,1000000,3000,4
984982,984982,3939928,7549,40,160,237.0,0.0,237.0,300,300,156.525,7,0,1000000,3000,4
985244,985244,3940976,7550,262,1048,1307.0,0.0,1307.0,1415,1415,717.2786259541984,29,0,1000000,3000,4
985403,985403,3941612,7551,159,636,735.0,0.0,735.0,823,823,456.251572327044,17,0,1000000,3000,4
985585,985585,3942340,7552,182,728,807.0,0.0,807.0,898,898,570.8076923076923,18,0,1000000,3000,4
985703,985703,3942812,7553,118,472,605.0,0.0,605.0,685,685,374.99152542372883,14,0,1000000,3000,4
985980,985980,3943920,7554,277,1108,1024.0,0.0,1024.0,1136,1136,661.3249097472924,23,0,1000000,3000,4
986332,986332,3945328,7555,352,1408,1006.0,0.0,1006.0,1133,1133,694.6647727272727,23,0,1000000,3000,4
986446,986446,3945784,7556,114,456,623.0,0.0,623.0,702,702,326.96491228070175,15,0,1000000,3000,4
986483,986483,3945932,7557,37,148,242.0,0.0,242.0,306,306,152.43243243243242,7,0,1000000,3000,4
986518,986518,3946072,7558,35,140,241.0,0.0,241.0,305,305,157.0,7,0,1000000,3000,4
986636,986636,3946544,7559,118,472,595.0,0.0,595.0,675,675,387.10169491525426,14,0,1000000,3000,4
986762,986762,3947048,7560,126,504,583.0,0.0,583.0,665,665,379.73015873015873,14,0,1000000,3000,4
986976,986976,3947904,7561,214,856,1032.0,0.0,1032.0,1131,1131,629.6495327102804,23,0,1000000,3000,4
987197,987197,3948788,7562,221,884,1695.0,0.0,1695.0,1797,1797,841.8054298642534,36,0,1000000,3000,4
987425,987425,3949700,7563,228,912,1023.0,0.0,1023.0,1123,1123,628.9035087719299,23,0,1000000,3000,4
987527,987527,3950108,7564,102,408,730.0,0.0,730.0,808,808,393.54901960784315,17,0,1000000,3000,4
987629,987629,3950516,7565,102,408,618.0,0.0,618.0,696,696,385.578431372549,14,0,1000000,3000,4
987850,987850,3951400,7566,221,884,1316.0,0.0,1316.0,1417,1417,690.447963800905,29,0,1000000,3000,4
987882,987882,3951528,7567,32,128,248.0,0.0,248.0,311,311,154.0625,7,0,1000000,3000,4
987980,987980,3951920,7568,98,392,625.0,0.0,625.0,701,701,364.6224489795918,15,0,1000000,3000,4
988225,988225,3952900,7569,245,980,1024.0,0.0,1024.0,1128,1128,634.8367346938776,23,0,1000000,3000,4
988442,988442,3953768,7570,217,868,1324.0,0.0,1324.0,1424,1424,725.8018433179724,29,0,1000000,3000,4
988700,988700,3954800,7571,258,1032,1019.0,0.0,1019.0,1126,1126,699.2131782945736,23,0,1000000,3000,4
988734,988734,3954936,7572,34,136,249.0,0.0,249.0,312,312,145.8235294117647,7,0,1000000,3000,4
988820,988820,3955280,7573,86,344,632.0,0.0,632.0,707,707,373.40697674418607,15,0,1000000,3000,4
988921,988921,3955684,7574,101,404,608.0,0.0,608.0,685,685,384.3960396039604,14,0,1000000,3000,4
989024,989024,3956096,7575,103,412,614.0,0.0,614.0,691,691,389.4660194174757,14,0,1000000,3000,4
989118,989118,3956472,7576,94,376,604.0,0.0,604.0,678,678,405.3085106382979,14,0,1000000,3000,4
989181,989181,3956724,7577,63,252,615.0,0.0,615.0,684,684,346.6507936507937,14,0,1000000,3000,4
989261,989261,3957044,7578,80,320,613.0,0.0,613.0,685,685,326.6875,14,0,1000000,3000,4
989350,989350,3957400,7579,89,356,624.0,0.0,624.0,698,698,391.0561797752809,14,0,1000000,3000,4
989526,989526,3958104,7580,176,704,1045.0,0.0,1045.0,1137,1137,605.2272727272727,23,0,1000000,3000,4
989561,989561,3958244,7581,35,140,249.0,0.0,249.0,313,313,146.05714285714285,7,0,1000000,3000,4
989810,989810,3959240,7582,249,996,1413.0,0.0,1413.0,1519,1519,691.5060240963855,31,0,1000000,3000,4
989918,989918,3959672,7583,108,432,616.0,0.0,616.0,694,694,285.0833333333333,14,0,1000000,3000,4
989957,989957,3959828,7584,39,156,242.0,0.0,242.0,306,306,141.76923076923077,7,0,1000000,3000,4
989996,989996,3959984,7585,39,156,239.0,0.0,239.0,303,303,151.25641025641025,7,0,1000000,3000,4
990056,990056,3960224,7586,60,240,234.0,0.0,234.0,302,302,120.65,7,0,1000000,3000,4
990395,990395,3961580,7587,339,1356,1308.0,0.0,1308.0,1433,1433,688.3215339233038,29,0,1000000,3000,4
990430,990430,3961720,7588,35,140,232.0,0.0,232.0,296,296,165.31428571428572,6,0,1000000,3000,4
990522,990522,3962088,7589,92,368,621.0,0.0,621.0,697,697,384.92391304347825,14,0,1000000,3000,4
990565,990565,3962260,7590,43,172,242.0,0.0,242.0,307,307,140.34883720930233,7,0,1000000,3000,4
990831,990831,3963324,7591,266,1064,1307.0,0.0,1307.0,1417,1417,690.0338345864661,29,0,1000000,3000,4
990935,990935,3963740,7592,104,416,618.0,0.0,618.0,694,694,374.0673076923077,14,0,1000000,3000,4
991012,991012,3964048,7593,77,308,634.0,0.0,634.0,705,705,394.5974025974026,15,0,1000000,3000,4
991205,991205,3964820,7594,193,772,1033.0,0.0,1033.0,1127,1127,632.7046632124352,23,0,1000000,3000,4
991241,991241,3964964,7595,36,144,236.0,0.0,236.0,301,301,162.13888888888889,7,0,1000000,3000,4
991319,991319,3965276,7596,78,312,636.0,0.0,636.0,709,709,384.29487179487177,15,0,1000000,3000,4
991394,991394,3965576,7597,75,300,607.0,0.0,607.0,679,679,336.53333333333336,14,0,1000000,3000,4
991540,991540,3966160,7598,146,584,814.0,0.0,814.0,898,898,540.0,18,0,1000000,3000,4
991630,991630,3966520,7599,90,360,617.0,0.0,617.0,693,693,385.8333333333333,14,0,1000000,3000,4
991691,991691,3966764,7600,61,244,610.0,0.0,610.0,679,679,337.3114754098361,14,0,1000000,3000,4
991877,991877,3967508,7601,186,744,1034.0,0.0,1034.0,1126,1126,677.5698924731183,23,0,1000000,3000,4
992049,992049,3968196,7602,172,688,1062.0,0.0,1062.0,1154,1154,610.1162790697674,24,0,1000000,3000,4
992135,992135,3968540,7603,86,344,624.0,0.0,624.0,699,699,397.6511627906977,14,0,1000000,3000,4
992170,992170,3968680,7604,35,140,236.0,0.0,236.0,300,300,168.6,7,0,1000000,3000,4
992248,992248,3968992,7605,78,312,628.0,0.0,628.0,701,701,364.3076923076923,15,0,1000000,3000,4
992412,992412,3969648,7606,164,656,1333.0,0.0,1333.0,1423,1423,665.0060975609756,29,0,1000000,3000,4
992577,992577,3970308,7607,165,660,1041.0,0.0,1041.0,1129,1129,602.8181818181819,23,0,1000000,3000,4
992607,992607,3970428,7608,30,120,244.0,0.0,244.0,307,307,159.43333333333334,7,0,1000000,3000,4
992867,992867,3971468,7609,260,1040,1678.0,0.0,1678.0,1785,1785,816.85,36,0,1000000,3000,4
992943,992943,3971772,7610,76,304,604.0,0.0,604.0,677,677,326.5921052631579,14,0,1000000,3000,4
992973,992973,3971892,7611,30,120,246.0,0.0,246.0,309,309,158.03333333333333,7,0,1000000,3000,4
993169,993169,3972676,7612,196,784,1321.0,0.0,1321.0,1416,1416,709.8520408163265,29,0,1000000,3000,4
993200,993200,3972800,7613,31,124,250.0,0.0,250.0,314,314,156.51612903225808,7,0,1000000,3000,4
993448,993448,3973792,7614,248,992,1326.0,0.0,1326.0,1433,1433,770.9032258064516,29,0,1000000,3000,4
993609,993609,3974436,7615,161,644,811.0,0.0,811.0,898,898,565.0372670807453,18,0,1000000,3000,4
993778,993778,3975112,7616,169,676,748.0,0.0,748.0,839,839,541.792899408284,17,0,1000000,3000,4
993867,993867,3975468,7617,89,356,607.0,0.0,607.0,682,682,350.80898876404495,14,0,1000000,3000,4
994052,994052,3976208,7618,185,740,1341.0,0.0,1341.0,1435,1435,697.4324324324324,29,0,1000000,3000,4
994204,994204,3976816,7619,152,608,1043.0,0.0,1043.0,1129,1129,625.671052631579,23,0,1000000,3000,4
994240,994240,3976960,7620,36,144,241.0,0.0,241.0,305,305,156.5,7,0,1000000,3000,4
994344,994344,3977376,7621,104,416,612.0,0.0,612.0,689,689,345.1730769230769,14,0,1000000,3000,4
994376,994376,3977504,7622,32,128,249.0,0.0,249.0,313,313,144.59375,7,0,1000000,3000,4
994512,994512,3978048,7623,136,544,746.0,0.0,746.0,830,830,480.875,17,0,1000000,3000,4
994729,994729,3978916,7624,217,868,1026.0,0.0,1026.0,1124,1124,629.8433179723502,23,0,1000000,3000,4
994815,994815,3979260,7625,86,344,625.0,0.0,625.0,700,700,341.48837209302326,15,0,1000000,3000,4
995099,995099,3980396,7626,284,1136,1305.0,0.0,1305.0,1417,1417,740.5880281690141,29,0,1000000,3000,4
995223,995223,3980892,7627,124,496,725.0,0.0,725.0,807,807,428.05645161290323,17,0,1000000,3000,4
995360,995360,3981440,7628,137,548,1070.0,0.0,1070.0,1155,1155,602.1094890510949,24,0,1000000,3000,4
995467,995467,3981868,7629,107,428,616.0,0.0,616.0,694,694,396.89719626168227,14,0,1000000,3000,4
995793,995793,3983172,7630,326,1304,1014.0,0.0,1014.0,1135,1135,723.2055214723927,23,0,1000000,3000,4
996007,996007,3984028,7631,214,856,1031.0,0.0,1031.0,1129,1129,621.1448598130842,23,0,1000000,3000,4
996037,996037,3984148,7632,30,120,247.0,0.0,247.0,310,310,160.43333333333334,7,0,1000000,3000,4
996244,996244,3984976,7633,207,828,1333.0,0.0,1333.0,1432,1432,674.4830917874397,29,0,1000000,3000,4
996345,996345,3985380,7634,101,404,607.0,0.0,607.0,685,685,393.33663366336634,14,0,1000000,3000,4
996378,996378,3985512,7635,33,132,240.0,0.0,240.0,303,303,168.6060606060606,7,0,1000000,3000,4
996411,996411,3985644,7636,33,132,238.0,0.0,238.0,301,301,167.0,7,0,1000000,3000,4
996443,996443,3985772,7637,32,128,248.0,0.0,248.0,311,311,162.25,7,0,1000000,3000,4
996526,996526,3986104,7638,83,332,632.0,0.0,632.0,705,705,392.8433734939759,15,0,1000000,3000,4
996556,996556,3986224,7639,30,120,247.0,0.0,247.0,309,309,161.23333333333332,7,0,1000000,3000,4
996656,996656,3986624,7640,100,400,625.0,0.0,625.0,701,701,394.45,15,0,1000000,3000,4
996692,996692,3986768,7641,36,144,246.0,0.0,246.0,308,308,154.83333333333334,7,0,1000000,3000,4
996794,996794,3987176,7642,102,408,647.0,0.0,647.0,722,723,377.0098039215686,15,0,1000000,3000,4
996960,996960,3987840,7643,166,664,1036.0,0.0,1036.0,1124,1124,602.4578313253012,23,0,1000000,3000,4
997042,997042,3988168,7644,82,328,617.0,0.0,617.0,690,690,409.9756097560976,14,0,1000000,3000,4
997105,997105,3988420,7645,63,252,610.0,0.0,610.0,680,680,338.2857142857143,14,0,1000000,3000,4
997145,997145,3988580,7646,40,160,235.0,0.0,235.0,299,299,154.375,6,0,1000000,3000,4
997186,997186,3988744,7647,41,164,232.0,0.0,232.0,298,298,159.9512195121951,6,0,1000000,3000,4
997366,997366,3989464,7648,180,720,1332.0,0.0,1332.0,1425,1425,698.6888888888889,29,0,1000000,3000,4
997478,997478,3989912,7649,112,448,629.0,0.0,629.0,708,708,353.74107142857144,15,0,1000000,3000,4
997737,997737,3990948,7650,259,1036,1674.0,0.0,1674.0,1783,1783,858.1544401544402,36,0,1000000,3000,4
997915,997915,3991660,7651,178,712,1329.0,0.0,1329.0,1421,1421,698.8033707865169,29,0,1000000,3000,4
997946,997946,3991784,7652,31,124,251.0,0.0,251.0,314,314,150.06451612903226,7,0,1000000,3000,4
997985,997985,3991940,7653,39,156,233.0,0.0,233.0,298,298,162.33333333333334,6,0,1000000,3000,4
998173,998173,3992692,7654,188,752,1034.0,0.0,1034.0,1126,1126,639.968085106383,23,0,1000000,3000,4
998283,998283,3993132,7655,110,440,594.0,0.0,594.0,672,672,390.3363636363636,14,0,1000000,3000,4
998315,998315,3993260,7656,32,128,242.0,0.0,242.0,306,306,168.0,7,0,1000000,3000,4
998354,998354,3993416,7657,39,156,235.0,0.0,235.0,299,299,158.0,6,0,1000000,3000,4
998394,998394,3993576,7658,40,160,233.0,0.0,233.0,298,298,160.775,6,0,1000000,3000,4
998577,998577,3994308,7659,183,732,732.0,0.0,732.0,826,826,548.6994535519126,17,0,1000000,3000,4
998700,998700,3994800,7660,123,492,599.0,0.0,599.0,681,681,390.7235772357724,14,0,1000000,3000,4
998805,998805,3995220,7661,105,420,593.0,0.0,593.0,671,671,411.9714285714286,14,0,1000000,3000,4
998941,998941,3995764,7662,136,544,719.0,0.0,719.0,803,803,494.7647058823529,17,0,1000000,3000,4
999027,999027,3996108,7663,86,344,621.0,0.0,621.0,694,694,340.09302325581393,14,0,1000000,3000,4
999263,999263,3997052,7664,236,944,1126.0,0.0,1126.0,1229,1229,680.6906779661017,25,0,1000000,3000,4
999362,999362,3997448,7665,99,396,628.0,0.0,628.0,705,705,370.57575757575756,15,0,1000000,3000,4
999409,999409,3997636,7666,47,188,217.0,0.0,217.0,282,282,166.36170212765958,6,0,1000000,3000,4
999593,999593,3998372,7667,184,736,1317.0,0.0,1317.0,1409,1409,750.7119565217391,29,0,1000000,3000,4
999813,999813,3999252,7668,220,880,1331.0,0.0,1331.0,1433,1433,742.8363636363637,29,0,1000000,3000,4
